timestamp,category,mode,image_path,file_name,label,is_anomaly,score_before,anomaly_score,threshold,anomaly_threshold,update_threshold,threshold_reloaded,updated_memory,memory_size,update_allowed,update_loss,adapter_updated,adapter_delta_norm,device,score_method,feature_choice,patch_grid,patch_top_fraction,checkpoint_saved,checkpoint_memory_path,checkpoint_adapter_path,consistency_error,consistency_threshold,score_gate_pass,consistency_gate_pass
2026-08-15 08:38:15,bottle,monitor,C:/cira_batch_test/bottle/bad_10.png,bad_10.png,anomaly,True,0.1676427572965622,0.1676427572965622,0.02815022391963134,0.02815022391963134,0.02531116753816605,False,False,16000,False,,False,0.0,cpu,patch_nearest_normal,last2,14,0.05,False,,,0.00012507385690696537,0.00011476924591981,False,False
2026-08-15 08:38:16,bottle,monitor,C:/cira_batch_test/bottle/good_16.png,good_16.png,normal,False,0.026176607236266136,0.026176607236266136,0.02815022391963134,0.02815022391963134,0.02531116753816605,False,False,16000,False,,False,0.0,cpu,patch_nearest_normal,last2,14,0.05,False,,,0.0001030183193506673,0.00011476924591981,False,True
2026-08-15 08:38:18,bottle,monitor,C:/cira_batch_test/bottle/bad_12.png,bad_12.png,anomaly,True,0.22920450568199158,0.22920450568199158,0.02815022391963134,0.02815022391963134,0.02531116753816605,False,False,16000,False,,False,0.0,cpu,patch_nearest_normal,last2,14,0.05,False,,,0.00011919039388885722,0.00011476924591981,False,False
2026-08-15 08:38:19,bottle,monitor,C:/cira_batch_test/bottle/good_11.png,good_11.png,normal,False,0.022600973024964333,2.5629998390286346e-07,0.02815022391963134,0.02815022391963134,0.02531116753816605,False,True,16000,True,0.00011617576819844544,True,0.0029657811392098665,cpu,patch_nearest_normal,last2,14,0.05,False,,,0.00011328428809065372,0.00011476924591981,True,True
2026-08-15 08:38:21,bottle,monitor,C:/cira_batch_test/bottle/bad_13.png,bad_13.png,anomaly,True,0.26851600408554077,0.26851600408554077,0.02815022391963134,0.02815022391963134,0.02531116753816605,False,False,16000,False,,False,0.0,cpu,patch_nearest_normal,last2,14,0.05,False,,,0.0001139197192969732,0.00011476924591981,False,True
2026-08-15 08:38:22,bottle,monitor,C:/cira_batch_test/bottle/good_7.png,good_7.png,anomaly,True,0.03207092732191086,0.03207092732191086,0.02815022391963134,0.02815022391963134,0.02531116753816605,False,False,16000,False,,False,0.0,cpu,patch_nearest_normal,last2,14,0.05,False,,,0.00011304990039207041,0.00011476924591981,False,True
2026-08-15 08:38:24,bottle,monitor,C:/cira_batch_test/bottle/good_8.png,good_8.png,normal,False,0.022210294380784035,2.443790378947597e-07,0.02815022391963134,0.02815022391963134,0.02531116753816605,False,True,16000,True,0.00011365964019205421,True,0.002820761874318123,cpu,patch_nearest_normal,last2,14,0.05,False,,,9.924039477482438e-05,0.00011476924591981,True,True
2026-08-15 08:38:25,bottle,monitor,C:/cira_batch_test/bottle/bad_20.png,bad_20.png,anomaly,True,0.21088600158691406,0.21088600158691406,0.02815022391963134,0.02815022391963134,0.02531116753816605,False,False,16000,False,,False,0.0,cpu,patch_nearest_normal,last2,14,0.05,False,,,0.00011146425094921142,0.00011476924591981,False,True
2026-08-15 08:38:27,bottle,monitor,C:/cira_batch_test/bottle/good_19.png,good_19.png,normal,False,0.01813749596476555,2.3245812030836532e-07,0.02815022391963134,0.02815022391963134,0.02531116753816605,False,True,16000,True,0.00010937656043097377,True,0.0027861655689775944,cpu,patch_nearest_normal,last2,14,0.05,False,,,0.00010674908844521269,0.00011476924591981,True,True
2026-08-15 08:38:29,bottle,monitor,C:/cira_batch_test/bottle/bad_3.png,bad_3.png,anomaly,True,0.18978014588356018,0.18978014588356018,0.02815022391963134,0.02815022391963134,0.02531116753816605,False,False,16000,False,,False,0.0,cpu,patch_nearest_normal,last2,14,0.05,False,,,0.0001100097069866024,0.00011476924591981,False,True
2026-08-15 08:38:30,bottle,monitor,C:/cira_batch_test/bottle/bad_7.png,bad_7.png,anomaly,True,0.3213760256767273,0.3213760256767273,0.02815022391963134,0.02815022391963134,0.02531116753816605,False,False,16000,False,,False,0.0,cpu,patch_nearest_normal,last2,14,0.05,False,,,0.00011760179040720686,0.00011476924591981,False,False
2026-08-15 08:38:32,bottle,monitor,C:/cira_batch_test/bottle/bad_15.png,bad_15.png,anomaly,True,0.4258504807949066,0.4258504807949066,0.02815022391963134,0.02815022391963134,0.02531116753816605,False,False,16000,False,,False,0.0,cpu,patch_nearest_normal,last2,14,0.05,False,,,0.00013172133185435086,0.00011476924591981,False,False
2026-08-15 08:38:33,bottle,monitor,C:/cira_batch_test/bottle/good_5.png,good_5.png,normal,False,0.015220778994262218,2.682209014892578e-07,0.02815022391963134,0.02815022391963134,0.02531116753816605,False,True,16000,True,0.00011777364125009626,True,0.002775652101263404,cpu,patch_nearest_normal,last2,14,0.05,False,,,0.00010553934407653287,0.00011476924591981,True,True
2026-08-15 08:38:35,bottle,monitor,C:/cira_batch_test/bottle/good_14.png,good_14.png,normal,False,0.021976178511977196,2.9206276508375595e-07,0.02815022391963134,0.02815022391963134,0.02531116753816605,False,True,16000,True,0.00011413152969907969,True,0.002753583714365959,cpu,patch_nearest_normal,last2,14,0.05,False,,,0.00010335873230360448,0.00011476924591981,True,True
2026-08-15 08:38:36,bottle,monitor,C:/cira_batch_test/bottle/bad_4.png,bad_4.png,anomaly,True,0.20535127818584442,0.20535127818584442,0.02815022391963134,0.02815022391963134,0.02531116753816605,False,False,16000,False,,False,0.0,cpu,patch_nearest_normal,last2,14,0.05,False,,,0.00011776387691497803,0.00011476924591981,False,False
2026-08-15 08:38:38,bottle,monitor,C:/cira_batch_test/bottle/good_20.png,good_20.png,normal,False,0.025109076872467995,2.74181360282455e-07,0.02815022391963134,0.02815022391963134,0.02531116753816605,False,True,16000,True,0.00011776149040088058,True,0.0027382054831832647,cpu,patch_nearest_normal,last2,14,0.05,False,,,0.00010712074436014518,0.00011476924591981,True,True
2026-08-15 08:38:40,bottle,monitor,C:/cira_batch_test/bottle/good_13.png,good_13.png,normal,False,0.021911179646849632,2.980232238769531e-07,0.02815022391963134,0.02815022391963134,0.02531116753816605,False,True,16000,True,0.00011590224312385544,True,0.0027253555599600077,cpu,patch_nearest_normal,last2,14,0.05,False,,,0.00010828515951288864,0.00011476924591981,True,True
2026-08-15 08:38:42,bottle,monitor,C:/cira_batch_test/bottle/good_15.png,good_15.png,normal,False,0.019697535783052444,3.2782554626464844e-07,0.02815022391963134,0.02815022391963134,0.02531116753816605,False,True,16000,True,0.00010713647498050705,True,0.0027177371084690094,cpu,patch_nearest_normal,last2,14,0.05,False,,,0.00010821530304383487,0.00011476924591981,True,True
2026-08-15 08:38:43,bottle,monitor,C:/cira_batch_test/bottle/good_6.png,good_6.png,normal,False,0.017905766144394875,2.6226044269606064e-07,0.02815022391963134,0.02815022391963134,0.02531116753816605,False,True,16000,True,0.00011503437417559326,True,0.0027162053156644106,cpu,patch_nearest_normal,last2,14,0.05,False,,,0.00010217176895821467,0.00011476924591981,True,True
2026-08-15 08:38:45,bottle,monitor,C:/cira_batch_test/bottle/good_4.png,good_4.png,normal,False,0.018526684492826462,3.337860050578456e-07,0.02815022391963134,0.02815022391963134,0.02531116753816605,False,True,16000,True,0.00011344639642629772,True,0.002712834859266877,cpu,patch_nearest_normal,last2,14,0.05,True,C:\cira_ttl_checkpoints\bottle\patch_memory_bank_update_10.pt,C:\cira_ttl_checkpoints\bottle\patch_adapter_update_10.pt,0.00010123601532541215,0.00011476924591981,True,True
2026-08-15 08:38:47,bottle,monitor,C:/cira_batch_test/bottle/bad_16.png,bad_16.png,anomaly,True,0.3025144636631012,0.3025144636631012,0.02815022391963134,0.02815022391963134,0.02531116753816605,False,False,16000,False,,False,0.0,cpu,patch_nearest_normal,last2,14,0.05,False,,,0.00010762624151539057,0.00011476924591981,False,True
2026-08-15 08:38:48,bottle,monitor,C:/cira_batch_test/bottle/good_10.png,good_10.png,normal,False,0.02519000694155693,2.384185791015625e-07,0.02815022391963134,0.02815022391963134,0.02531116753816605,False,True,16000,True,0.0001211915077874437,True,0.0027135887648910284,cpu,patch_nearest_normal,last2,14,0.05,False,,,0.00010850495891645551,0.00011476924591981,True,True
2026-08-15 08:38:50,bottle,monitor,C:/cira_batch_test/bottle/bad_18.png,bad_18.png,anomaly,True,0.1799028515815735,0.1799028515815735,0.02815022391963134,0.02815022391963134,0.02531116753816605,False,False,16000,False,,False,0.0,cpu,patch_nearest_normal,last2,14,0.05,False,,,0.0001233705406775698,0.00011476924591981,False,False
2026-08-15 08:38:52,bottle,monitor,C:/cira_batch_test/bottle/good_3.png,good_3.png,normal,False,0.02110796608030796,2.9206276508375595e-07,0.02815022391963134,0.02815022391963134,0.02531116753816605,False,True,16000,True,0.0001113643593271263,True,0.002713550813496113,cpu,patch_nearest_normal,last2,14,0.05,False,,,9.480198787059635e-05,0.00011476924591981,True,True
2026-08-15 08:38:53,bottle,monitor,C:/cira_batch_test/bottle/bad_14.png,bad_14.png,anomaly,True,0.17443148791790009,0.17443148791790009,0.02815022391963134,0.02815022391963134,0.02531116753816605,False,False,16000,False,,False,0.0,cpu,patch_nearest_normal,last2,14,0.05,False,,,0.00011062138946726918,0.00011476924591981,False,True
2026-08-15 08:38:55,bottle,monitor,C:/cira_batch_test/bottle/bad_6.png,bad_6.png,anomaly,True,0.22611236572265625,0.22611236572265625,0.02815022391963134,0.02815022391963134,0.02531116753816605,False,False,16000,False,,False,0.0,cpu,patch_nearest_normal,last2,14,0.05,False,,,0.00011427827848820016,0.00011476924591981,False,True
2026-08-15 08:38:56,bottle,monitor,C:/cira_batch_test/bottle/bad_8.png,bad_8.png,anomaly,True,0.2783461809158325,0.2783461809158325,0.02815022391963134,0.02815022391963134,0.02531116753816605,False,False,16000,False,,False,0.0,cpu,patch_nearest_normal,last2,14,0.05,False,,,0.00013482039503287524,0.00011476924591981,False,False
2026-08-15 08:38:57,bottle,monitor,C:/cira_batch_test/bottle/bad_11.png,bad_11.png,anomaly,True,0.053524576127529144,0.053524576127529144,0.02815022391963134,0.02815022391963134,0.02531116753816605,False,False,16000,False,,False,0.0,cpu,patch_nearest_normal,last2,14,0.05,False,,,9.814854274736717e-05,0.00011476924591981,False,True
2026-08-15 08:38:59,bottle,monitor,C:/cira_batch_test/bottle/bad_9.png,bad_9.png,anomaly,True,0.31932610273361206,0.31932610273361206,0.02815022391963134,0.02815022391963134,0.02531116753816605,False,False,16000,False,,False,0.0,cpu,patch_nearest_normal,last2,14,0.05,False,,,0.00015316712961066514,0.00011476924591981,False,False
2026-08-15 08:39:00,bottle,monitor,C:/cira_batch_test/bottle/bad_5.png,bad_5.png,anomaly,True,0.31536543369293213,0.31536543369293213,0.02815022391963134,0.02815022391963134,0.02531116753816605,False,False,16000,False,,False,0.0,cpu,patch_nearest_normal,last2,14,0.05,False,,,0.0001428651885362342,0.00011476924591981,False,False
2026-08-15 08:39:02,bottle,monitor,C:/cira_batch_test/bottle/good_9.png,good_9.png,normal,False,0.02259506657719612,2.8610230629055877e-07,0.02815022391963134,0.02815022391963134,0.02531116753816605,False,True,16000,True,0.00011211591481696814,True,0.0026974177453666925,cpu,patch_nearest_normal,last2,14,0.05,False,,,0.00010242362623102963,0.00011476924591981,True,True
2026-08-15 08:39:04,bottle,monitor,C:/cira_batch_test/bottle/good_2.png,good_2.png,normal,False,0.025256866589188576,3.159046286782541e-07,0.02815022391963134,0.02815022391963134,0.02531116753816605,False,True,16000,True,0.00011897296644747257,True,0.002697916701436043,cpu,patch_nearest_normal,last2,14,0.05,False,,,0.00010615898645482957,0.00011476924591981,True,True
2026-08-15 08:39:05,bottle,monitor,C:/cira_batch_test/bottle/bad_2.png,bad_2.png,anomaly,True,0.0845051258802414,0.0845051258802414,0.02815022391963134,0.02815022391963134,0.02531116753816605,False,False,16000,False,,False,0.0,cpu,patch_nearest_normal,last2,14,0.05,False,,,0.00010528700659051538,0.00011476924591981,False,True
2026-08-15 08:39:07,bottle,monitor,C:/cira_batch_test/bottle/bad_17.png,bad_17.png,anomaly,True,0.185236856341362,0.185236856341362,0.02815022391963134,0.02815022391963134,0.02531116753816605,False,False,16000,False,,False,0.0,cpu,patch_nearest_normal,last2,14,0.05,False,,,0.00011721402552211657,0.00011476924591981,False,False
2026-08-15 08:39:08,bottle,monitor,C:/cira_batch_test/bottle/bad_1.png,bad_1.png,anomaly,True,0.05532076954841614,0.05532076954841614,0.02815022391963134,0.02815022391963134,0.02531116753816605,False,False,16000,False,,False,0.0,cpu,patch_nearest_normal,last2,14,0.05,False,,,0.00011035817442461848,0.00011476924591981,False,True
2026-08-15 08:39:10,bottle,monitor,C:/cira_batch_test/bottle/good_12.png,good_12.png,normal,False,0.01734783686697483,2.682209014892578e-07,0.02815022391963134,0.02815022391963134,0.02531116753816605,False,True,16000,True,0.00011597629054449499,True,0.0026932391338050365,cpu,patch_nearest_normal,last2,14,0.05,False,,,9.545619104756042e-05,0.00011476924591981,True,True
2026-08-15 08:39:12,bottle,monitor,C:/cira_batch_test/bottle/good_18.png,good_18.png,normal,False,0.017343545332551003,2.682209014892578e-07,0.02815022391963134,0.02815022391963134,0.02531116753816605,False,True,16000,True,0.0001169471288449131,True,0.0026928370352834463,cpu,patch_nearest_normal,last2,14,0.05,False,,,0.00010225433652522042,0.00011476924591981,True,True
2026-08-15 08:39:13,bottle,monitor,C:/cira_batch_test/bottle/good_17.png,good_17.png,normal,False,0.020550329238176346,2.74181360282455e-07,0.02815022391963134,0.02815022391963134,0.02531116753816605,False,True,16000,True,0.00011601427104324102,True,0.002695879666134715,cpu,patch_nearest_normal,last2,14,0.05,False,,,0.00010037393076345325,0.00011476924591981,True,True
2026-08-15 08:39:15,bottle,monitor,C:/cira_batch_test/bottle/bad_19.png,bad_19.png,anomaly,True,0.19845418632030487,0.19845418632030487,0.02815022391963134,0.02815022391963134,0.02531116753816605,False,False,16000,False,,False,0.0,cpu,patch_nearest_normal,last2,14,0.05,False,,,0.0001104917682823725,0.00011476924591981,False,True
2026-08-15 08:39:16,bottle,monitor,C:/cira_batch_test/bottle/good_1.png,good_1.png,normal,False,0.01974562369287014,2.8014181907565217e-07,0.02815022391963134,0.02815022391963134,0.02531116753816605,False,True,16000,True,0.00011542031279532239,True,0.0026958107482641935,cpu,patch_nearest_normal,last2,14,0.05,False,,,0.00010894682054640725,0.00011476924591981,True,True
2026-08-15 08:39:18,cable,monitor,C:/cira_batch_test/cable/bad_10.png,bad_10.png,anomaly,True,0.11330725252628326,0.11330725252628326,0.09852251798848576,0.09852251798848576,0.08661089912056923,False,False,16000,False,,False,0.0,cpu,patch_nearest_normal,last2,14,0.05,False,,,0.00016835711721796542,0.00019554235113892002,False,True
2026-08-15 08:39:20,cable,monitor,C:/cira_batch_test/cable/good_16.png,good_16.png,normal,False,0.07586038112640381,2.443790378947597e-07,0.09852251798848576,0.09852251798848576,0.08661089912056923,False,True,16000,True,0.00016921386122703552,True,0.0029998915269970894,cpu,patch_nearest_normal,last2,14,0.05,False,,,0.00016518085612915456,0.00019554235113892002,True,True
2026-08-15 08:39:21,cable,monitor,C:/cira_batch_test/cable/bad_12.png,bad_12.png,anomaly,True,0.10622938722372055,0.10622938722372055,0.09852251798848576,0.09852251798848576,0.08661089912056923,False,False,16000,False,,False,0.0,cpu,patch_nearest_normal,last2,14,0.05,False,,,0.00015108376101125032,0.00019554235113892002,False,True
2026-08-15 08:39:23,cable,monitor,C:/cira_batch_test/cable/good_11.png,good_11.png,normal,False,0.07876800000667572,3.2782554626464844e-07,0.09852251798848576,0.09852251798848576,0.08661089912056923,False,True,16000,True,0.00020911896717734635,True,0.0026652247179299593,cpu,patch_nearest_normal,last2,14,0.05,False,,,0.00017772687715478241,0.00019554235113892002,True,True
2026-08-15 08:39:25,cable,monitor,C:/cira_batch_test/cable/bad_13.png,bad_13.png,anomaly,True,0.11057406663894653,0.11057406663894653,0.09852251798848576,0.09852251798848576,0.08661089912056923,False,False,16000,False,,False,0.0,cpu,patch_nearest_normal,last2,14,0.05,False,,,0.00016524152306374162,0.00019554235113892002,False,True
2026-08-15 08:39:26,cable,monitor,C:/cira_batch_test/cable/good_7.png,good_7.png,normal,False,0.08313591778278351,2.9206276508375595e-07,0.09852251798848576,0.09852251798848576,0.08661089912056923,False,True,16000,True,0.0001950254081748426,True,0.002565596252679825,cpu,patch_nearest_normal,last2,14,0.05,False,,,0.00018053888925351202,0.00019554235113892002,True,True
2026-08-15 08:39:28,cable,monitor,C:/cira_batch_test/cable/good_8.png,good_8.png,anomaly,True,0.0990854948759079,0.0990854948759079,0.09852251798848576,0.09852251798848576,0.08661089912056923,False,False,16000,False,,False,0.0,cpu,patch_nearest_normal,last2,14,0.05,False,,,0.0001693691883701831,0.00019554235113892002,False,True
2026-08-15 08:39:29,cable,monitor,C:/cira_batch_test/cable/bad_20.png,bad_20.png,anomaly,True,0.1960763931274414,0.1960763931274414,0.09852251798848576,0.09852251798848576,0.08661089912056923,False,False,16000,False,,False,0.0,cpu,patch_nearest_normal,last2,14,0.05,False,,,0.0001808101951610297,0.00019554235113892002,False,True
2026-08-15 08:39:31,cable,monitor,C:/cira_batch_test/cable/good_19.png,good_19.png,normal,False,0.07343894988298416,3.2782554626464844e-07,0.09852251798848576,0.09852251798848576,0.08661089912056923,False,True,16000,True,0.0001766821660567075,True,0.0025361827574670315,cpu,patch_nearest_normal,last2,14,0.05,False,,,0.00015978264855220914,0.00019554235113892002,True,True
2026-08-15 08:39:33,cable,monitor,C:/cira_batch_test/cable/bad_3.png,bad_3.png,anomaly,True,0.1548905074596405,0.1548905074596405,0.09852251798848576,0.09852251798848576,0.08661089912056923,False,False,16000,False,,False,0.0,cpu,patch_nearest_normal,last2,14,0.05,False,,,0.00017909698362927884,0.00019554235113892002,False,True
2026-08-15 08:39:34,cable,monitor,C:/cira_batch_test/cable/bad_7.png,bad_7.png,anomaly,True,0.13312458992004395,0.13312458992004395,0.09852251798848576,0.09852251798848576,0.08661089912056923,False,False,16000,False,,False,0.0,cpu,patch_nearest_normal,last2,14,0.05,False,,,0.000169981227372773,0.00019554235113892002,False,True
2026-08-15 08:39:36,cable,monitor,C:/cira_batch_test/cable/bad_15.png,bad_15.png,anomaly,True,0.2190370112657547,0.2190370112657547,0.09852251798848576,0.09852251798848576,0.08661089912056923,False,False,16000,False,,False,0.0,cpu,patch_nearest_normal,last2,14,0.05,False,,,0.00017717592709232122,0.00019554235113892002,False,True
2026-08-15 08:39:37,cable,monitor,C:/cira_batch_test/cable/good_5.png,good_5.png,normal,False,0.09482913464307785,0.09482913464307785,0.09852251798848576,0.09852251798848576,0.08661089912056923,False,False,16000,False,,False,0.0,cpu,patch_nearest_normal,last2,14,0.05,False,,,0.0001544119295431301,0.00019554235113892002,False,True
2026-08-15 08:39:39,cable,monitor,C:/cira_batch_test/cable/good_14.png,good_14.png,normal,False,0.09585948288440704,0.09585948288440704,0.09852251798848576,0.09852251798848576,0.08661089912056923,False,False,16000,False,,False,0.0,cpu,patch_nearest_normal,last2,14,0.05,False,,,0.00016975768085103482,0.00019554235113892002,False,True
2026-08-15 08:39:40,cable,monitor,C:/cira_batch_test/cable/bad_4.png,bad_4.png,anomaly,True,0.37736594676971436,0.37736594676971436,0.09852251798848576,0.09852251798848576,0.08661089912056923,False,False,16000,False,,False,0.0,cpu,patch_nearest_normal,last2,14,0.05,False,,,0.0001773527474142611,0.00019554235113892002,False,True
2026-08-15 08:39:42,cable,monitor,C:/cira_batch_test/cable/good_20.png,good_20.png,normal,False,0.08791479468345642,0.08791479468345642,0.09852251798848576,0.09852251798848576,0.08661089912056923,False,False,16000,False,,False,0.0,cpu,patch_nearest_normal,last2,14,0.05,False,,,0.00016235608200076967,0.00019554235113892002,False,True
2026-08-15 08:39:43,cable,monitor,C:/cira_batch_test/cable/good_13.png,good_13.png,normal,False,0.09073423594236374,0.09073423594236374,0.09852251798848576,0.09852251798848576,0.08661089912056923,False,False,16000,False,,False,0.0,cpu,patch_nearest_normal,last2,14,0.05,False,,,0.0001741754967952147,0.00019554235113892002,False,True
2026-08-15 08:39:45,cable,monitor,C:/cira_batch_test/cable/good_15.png,good_15.png,normal,False,0.08309000730514526,3.039836826701503e-07,0.09852251798848576,0.09852251798848576,0.08661089912056923,False,True,16000,True,0.00019086000975221395,True,0.0025028830859810114,cpu,patch_nearest_normal,last2,14,0.05,False,,,0.00016284837329294533,0.00019554235113892002,True,True
2026-08-15 08:39:47,cable,monitor,C:/cira_batch_test/cable/good_6.png,good_6.png,anomaly,True,0.10418178886175156,0.10418178886175156,0.09852251798848576,0.09852251798848576,0.08661089912056923,False,False,16000,False,,False,0.0,cpu,patch_nearest_normal,last2,14,0.05,False,,,0.00015978769806679338,0.00019554235113892002,False,True
2026-08-15 08:39:48,cable,monitor,C:/cira_batch_test/cable/good_4.png,good_4.png,normal,False,0.07217474281787872,2.6226044269606064e-07,0.09852251798848576,0.09852251798848576,0.08661089912056923,False,True,16000,True,0.0001906173856696114,True,0.0024822514969855547,cpu,patch_nearest_normal,last2,14,0.05,False,,,0.0001743150787660852,0.00019554235113892002,True,True
2026-08-15 08:39:50,cable,monitor,C:/cira_batch_test/cable/bad_16.png,bad_16.png,anomaly,True,0.2688797116279602,0.2688797116279602,0.09852251798848576,0.09852251798848576,0.08661089912056923,False,False,16000,False,,False,0.0,cpu,patch_nearest_normal,last2,14,0.05,False,,,0.0001650362100917846,0.00019554235113892002,False,True
2026-08-15 08:39:52,cable,monitor,C:/cira_batch_test/cable/good_10.png,good_10.png,normal,False,0.08129967749118805,2.980232238769531e-07,0.09852251798848576,0.09852251798848576,0.08661089912056923,False,True,16000,True,0.00018310672021470964,True,0.0024672402068972588,cpu,patch_nearest_normal,last2,14,0.05,False,,,0.00015976700524333864,0.00019554235113892002,True,True
2026-08-15 08:39:53,cable,monitor,C:/cira_batch_test/cable/bad_18.png,bad_18.png,anomaly,True,0.24515695869922638,0.24515695869922638,0.09852251798848576,0.09852251798848576,0.08661089912056923,False,False,16000,False,,False,0.0,cpu,patch_nearest_normal,last2,14,0.05,False,,,0.00015908708155620843,0.00019554235113892002,False,True
2026-08-15 08:39:55,cable,monitor,C:/cira_batch_test/cable/good_3.png,good_3.png,anomaly,True,0.11453554779291153,0.11453554779291153,0.09852251798848576,0.09852251798848576,0.08661089912056923,False,False,16000,False,,False,0.0,cpu,patch_nearest_normal,last2,14,0.05,False,,,0.00016494789451826364,0.00019554235113892002,False,True
2026-08-15 08:39:56,cable,monitor,C:/cira_batch_test/cable/bad_14.png,bad_14.png,anomaly,True,0.10174494981765747,0.10174494981765747,0.09852251798848576,0.09852251798848576,0.08661089912056923,False,False,16000,False,,False,0.0,cpu,patch_nearest_normal,last2,14,0.05,False,,,0.00018610710685607046,0.00019554235113892002,False,True
2026-08-15 08:39:58,cable,monitor,C:/cira_batch_test/cable/bad_6.png,bad_6.png,anomaly,True,0.2422662228345871,0.2422662228345871,0.09852251798848576,0.09852251798848576,0.08661089912056923,False,False,16000,False,,False,0.0,cpu,patch_nearest_normal,last2,14,0.05,False,,,0.00017428873979952186,0.00019554235113892002,False,True
2026-08-15 08:39:59,cable,monitor,C:/cira_batch_test/cable/bad_8.png,bad_8.png,anomaly,True,0.12648949027061462,0.12648949027061462,0.09852251798848576,0.09852251798848576,0.08661089912056923,False,False,16000,False,,False,0.0,cpu,patch_nearest_normal,last2,14,0.05,False,,,0.0001756548444973305,0.00019554235113892002,False,True
2026-08-15 08:40:01,cable,monitor,C:/cira_batch_test/cable/bad_11.png,bad_11.png,anomaly,True,0.19172945618629456,0.19172945618629456,0.09852251798848576,0.09852251798848576,0.08661089912056923,False,False,16000,False,,False,0.0,cpu,patch_nearest_normal,last2,14,0.05,False,,,0.0001558699441375211,0.00019554235113892002,False,True
2026-08-15 08:40:02,cable,monitor,C:/cira_batch_test/cable/bad_9.png,bad_9.png,anomaly,True,0.15944230556488037,0.15944230556488037,0.09852251798848576,0.09852251798848576,0.08661089912056923,False,False,16000,False,,False,0.0,cpu,patch_nearest_normal,last2,14,0.05,False,,,0.0001733134122332558,0.00019554235113892002,False,True
2026-08-15 08:40:06,cable,monitor,C:/cira_batch_test/cable/bad_5.png,bad_5.png,anomaly,True,0.13634900748729706,0.13634900748729706,0.09852251798848576,0.09852251798848576,0.08661089912056923,False,False,16000,False,,False,0.0,cpu,patch_nearest_normal,last2,14,0.05,False,,,0.0001787336077541113,0.00019554235113892002,False,True
2026-08-15 08:40:07,cable,monitor,C:/cira_batch_test/cable/good_9.png,good_9.png,normal,False,0.08776894956827164,0.08776894956827164,0.09852251798848576,0.09852251798848576,0.08661089912056923,False,False,16000,False,,False,0.0,cpu,patch_nearest_normal,last2,14,0.05,False,,,0.00017073140770662576,0.00019554235113892002,False,True
2026-08-15 08:40:09,cable,monitor,C:/cira_batch_test/cable/good_2.png,good_2.png,normal,False,0.08582114428281784,2.682209014892578e-07,0.09852251798848576,0.09852251798848576,0.08661089912056923,False,True,16000,True,0.00017604976892471313,True,0.0024584184866398573,cpu,patch_nearest_normal,last2,14,0.05,False,,,0.00016604903794359416,0.00019554235113892002,True,True
2026-08-15 08:40:11,cable,monitor,C:/cira_batch_test/cable/bad_2.png,bad_2.png,anomaly,True,0.2915896773338318,0.2915896773338318,0.09852251798848576,0.09852251798848576,0.08661089912056923,False,False,16000,False,,False,0.0,cpu,patch_nearest_normal,last2,14,0.05,False,,,0.00017607136396691203,0.00019554235113892002,False,True
2026-08-15 08:40:12,cable,monitor,C:/cira_batch_test/cable/bad_17.png,bad_17.png,anomaly,True,0.1484566032886505,0.1484566032886505,0.09852251798848576,0.09852251798848576,0.08661089912056923,False,False,16000,False,,False,0.0,cpu,patch_nearest_normal,last2,14,0.05,False,,,0.00018526606436353177,0.00019554235113892002,False,True
2026-08-15 08:40:14,cable,monitor,C:/cira_batch_test/cable/bad_1.png,bad_1.png,anomaly,True,0.25459158420562744,0.25459158420562744,0.09852251798848576,0.09852251798848576,0.08661089912056923,False,False,16000,False,,False,0.0,cpu,patch_nearest_normal,last2,14,0.05,False,,,0.00016337167471647263,0.00019554235113892002,False,True
2026-08-15 08:40:15,cable,monitor,C:/cira_batch_test/cable/good_12.png,good_12.png,normal,False,0.07869204878807068,3.159046286782541e-07,0.09852251798848576,0.09852251798848576,0.08661089912056923,False,True,16000,True,0.00017729458340909332,True,0.002468386199325323,cpu,patch_nearest_normal,last2,14,0.05,False,,,0.00016940865316428244,0.00019554235113892002,True,True
2026-08-15 08:40:17,cable,monitor,C:/cira_batch_test/cable/good_18.png,good_18.png,normal,False,0.06868165731430054,3.159046286782541e-07,0.09852251798848576,0.09852251798848576,0.08661089912056923,False,True,16000,True,0.00018086181080434471,True,0.0024745070841163397,cpu,patch_nearest_normal,last2,14,0.05,True,C:\cira_ttl_checkpoints\cable\patch_memory_bank_update_10.pt,C:\cira_ttl_checkpoints\cable\patch_adapter_update_10.pt,0.00016127464186865836,0.00019554235113892002,True,True
2026-08-15 08:40:19,cable,monitor,C:/cira_batch_test/cable/good_17.png,good_17.png,normal,False,0.06649263948202133,2.1457671550706436e-07,0.09852251798848576,0.09852251798848576,0.08661089912056923,False,True,16000,True,0.00017867935821413994,True,0.0024816046934574842,cpu,patch_nearest_normal,last2,14,0.05,False,,,0.0001592043845448643,0.00019554235113892002,True,True
2026-08-15 08:40:20,cable,monitor,C:/cira_batch_test/cable/bad_19.png,bad_19.png,normal,False,0.09336237609386444,0.09336237609386444,0.09852251798848576,0.09852251798848576,0.08661089912056923,False,False,16000,False,,False,0.0,cpu,patch_nearest_normal,last2,14,0.05,False,,,0.00015613746654707938,0.00019554235113892002,False,True
2026-08-15 08:40:22,cable,monitor,C:/cira_batch_test/cable/good_1.png,good_1.png,normal,False,0.08058121800422668,3.099441414633475e-07,0.09852251798848576,0.09852251798848576,0.08661089912056923,False,True,16000,True,0.00016756639524828643,True,0.002474999288097024,cpu,patch_nearest_normal,last2,14,0.05,False,,,0.00015650465502403677,0.00019554235113892002,True,True
2026-08-15 08:40:24,capsule,monitor,C:/cira_batch_test/capsule/bad_10.png,bad_10.png,anomaly,True,0.06707195937633514,0.06707195937633514,0.04299485732503146,0.04299485732503146,0.031231427378952504,False,False,16000,False,,False,0.0,cpu,patch_nearest_normal,last2,14,0.05,False,,,8.587592310504988e-05,0.0001107694308302,False,True
2026-08-15 08:40:26,capsule,monitor,C:/cira_batch_test/capsule/good_16.png,good_16.png,normal,False,0.027401089668273926,2.74181360282455e-07,0.04299485732503146,0.04299485732503146,0.031231427378952504,False,True,16000,True,0.00011144296877318993,True,0.0030165764037519693,cpu,patch_nearest_normal,last2,14,0.05,False,,,0.00010540309449424967,0.0001107694308302,True,True
2026-08-15 08:40:27,capsule,monitor,C:/cira_batch_test/capsule/bad_12.png,bad_12.png,anomaly,True,0.04924745112657547,0.04924745112657547,0.04299485732503146,0.04299485732503146,0.031231427378952504,False,False,16000,False,,False,0.0,cpu,patch_nearest_normal,last2,14,0.05,False,,,9.747459989739582e-05,0.0001107694308302,False,True
2026-08-15 08:40:29,capsule,monitor,C:/cira_batch_test/capsule/good_11.png,good_11.png,normal,False,0.029064219444990158,2.74181360282455e-07,0.04299485732503146,0.04299485732503146,0.031231427378952504,False,True,16000,True,9.760066313901916e-05,True,0.002767171710729599,cpu,patch_nearest_normal,last2,14,0.05,False,,,9.870272333500907e-05,0.0001107694308302,True,True
2026-08-15 08:40:30,capsule,monitor,C:/cira_batch_test/capsule/bad_13.png,bad_13.png,anomaly,True,0.04361657425761223,0.04361657425761223,0.04299485732503146,0.04299485732503146,0.031231427378952504,False,False,16000,False,,False,0.0,cpu,patch_nearest_normal,last2,14,0.05,False,,,0.00010002729686675593,0.0001107694308302,False,True
2026-08-15 08:40:32,capsule,monitor,C:/cira_batch_test/capsule/good_7.png,good_7.png,anomaly,True,0.06802912801504135,0.06802912801504135,0.04299485732503146,0.04299485732503146,0.031231427378952504,False,False,16000,False,,False,0.0,cpu,patch_nearest_normal,last2,14,0.05,False,,,9.259075886802748e-05,0.0001107694308302,False,True
2026-08-15 08:40:34,capsule,monitor,C:/cira_batch_test/capsule/good_8.png,good_8.png,normal,False,0.0286686010658741,2.6226044269606064e-07,0.04299485732503146,0.04299485732503146,0.031231427378952504,False,True,16000,True,0.00010095268225995824,True,0.002653847448527813,cpu,patch_nearest_normal,last2,14,0.05,False,,,8.731834532227367e-05,0.0001107694308302,True,True
2026-08-15 08:40:35,capsule,monitor,C:/cira_batch_test/capsule/bad_20.png,bad_20.png,anomaly,True,0.05224372819066048,0.05224372819066048,0.04299485732503146,0.04299485732503146,0.031231427378952504,False,False,16000,False,,False,0.0,cpu,patch_nearest_normal,last2,14,0.05,False,,,0.00010907849355135113,0.0001107694308302,False,True
2026-08-15 08:40:37,capsule,monitor,C:/cira_batch_test/capsule/good_19.png,good_19.png,normal,False,0.017735039815306664,3.099441414633475e-07,0.04299485732503146,0.04299485732503146,0.031231427378952504,False,True,16000,True,0.00011402800737414509,True,0.002638252917677164,cpu,patch_nearest_normal,last2,14,0.05,False,,,9.644466626923531e-05,0.0001107694308302,True,True
2026-08-15 08:40:38,capsule,monitor,C:/cira_batch_test/capsule/bad_3.png,bad_3.png,anomaly,True,0.09365370869636536,0.09365370869636536,0.04299485732503146,0.04299485732503146,0.031231427378952504,False,False,16000,False,,False,0.0,cpu,patch_nearest_normal,last2,14,0.05,False,,,9.632408909965307e-05,0.0001107694308302,False,True
2026-08-15 08:40:40,capsule,monitor,C:/cira_batch_test/capsule/bad_7.png,bad_7.png,anomaly,True,0.07432007789611816,0.07432007789611816,0.04299485732503146,0.04299485732503146,0.031231427378952504,False,False,16000,False,,False,0.0,cpu,patch_nearest_normal,last2,14,0.05,False,,,9.76256123976782e-05,0.0001107694308302,False,True
2026-08-15 08:40:41,capsule,monitor,C:/cira_batch_test/capsule/bad_15.png,bad_15.png,anomaly,True,0.0807313397526741,0.0807313397526741,0.04299485732503146,0.04299485732503146,0.031231427378952504,False,False,16000,False,,False,0.0,cpu,patch_nearest_normal,last2,14,0.05,False,,,0.00010310483776265755,0.0001107694308302,False,True
2026-08-15 08:40:43,capsule,monitor,C:/cira_batch_test/capsule/good_5.png,good_5.png,normal,False,0.023585062474012375,2.384185791015625e-07,0.04299485732503146,0.04299485732503146,0.031231427378952504,False,True,16000,True,0.00010012068378273398,True,0.002623575273901224,cpu,patch_nearest_normal,last2,14,0.05,False,,,9.458474232815206e-05,0.0001107694308302,True,True
2026-08-15 08:40:45,capsule,monitor,C:/cira_batch_test/capsule/good_14.png,good_14.png,normal,False,0.024414187297225,3.039836826701503e-07,0.04299485732503146,0.04299485732503146,0.031231427378952504,False,True,16000,True,0.0001107898133341223,True,0.0026191186625510454,cpu,patch_nearest_normal,last2,14,0.05,False,,,0.00010510080028325319,0.0001107694308302,True,True
2026-08-15 08:40:46,capsule,monitor,C:/cira_batch_test/capsule/bad_4.png,bad_4.png,normal,False,0.035471051931381226,0.035471051931381226,0.04299485732503146,0.04299485732503146,0.031231427378952504,False,False,16000,False,,False,0.0,cpu,patch_nearest_normal,last2,14,0.05,False,,,9.753085760166869e-05,0.0001107694308302,False,True
2026-08-15 08:40:48,capsule,monitor,C:/cira_batch_test/capsule/good_20.png,good_20.png,normal,False,0.02798696793615818,2.682209014892578e-07,0.04299485732503146,0.04299485732503146,0.031231427378952504,False,True,16000,True,0.00010350209777243435,True,0.0025790571235120296,cpu,patch_nearest_normal,last2,14,0.05,False,,,9.580946789355949e-05,0.0001107694308302,True,True
2026-08-15 08:40:50,capsule,monitor,C:/cira_batch_test/capsule/good_13.png,good_13.png,normal,False,0.02573299966752529,3.099441414633475e-07,0.04299485732503146,0.04299485732503146,0.031231427378952504,False,True,16000,True,9.855021926341578e-05,True,0.002570750657469034,cpu,patch_nearest_normal,last2,14,0.05,False,,,0.00010309514618711546,0.0001107694308302,True,True
2026-08-15 08:40:51,capsule,monitor,C:/cira_batch_test/capsule/good_15.png,good_15.png,normal,False,0.02774658240377903,0.02774658240377903,0.04299485732503146,0.04299485732503146,0.031231427378952504,False,False,16000,False,,False,0.0,cpu,patch_nearest_normal,last2,14,0.05,False,,,0.00011126623576274142,0.0001107694308302,True,False
2026-08-15 08:40:53,capsule,monitor,C:/cira_batch_test/capsule/good_6.png,good_6.png,normal,False,0.01559421420097351,3.337860050578456e-07,0.04299485732503146,0.04299485732503146,0.031231427378952504,False,True,16000,True,9.763532580109313e-05,True,0.002570201177150011,cpu,patch_nearest_normal,last2,14,0.05,False,,,9.946859790943563e-05,0.0001107694308302,True,True
2026-08-15 08:40:55,capsule,monitor,C:/cira_batch_test/capsule/good_4.png,good_4.png,normal,False,0.019504766911268234,2.980232238769531e-07,0.04299485732503146,0.04299485732503146,0.031231427378952504,False,True,16000,True,0.00011062226258218288,True,0.002580102765932679,cpu,patch_nearest_normal,last2,14,0.05,True,C:\cira_ttl_checkpoints\capsule\patch_memory_bank_update_10.pt,C:\cira_ttl_checkpoints\capsule\patch_adapter_update_10.pt,9.977171430364251e-05,0.0001107694308302,True,True
2026-08-15 08:40:56,capsule,monitor,C:/cira_batch_test/capsule/bad_16.png,bad_16.png,anomaly,True,0.07198400050401688,0.07198400050401688,0.04299485732503146,0.04299485732503146,0.031231427378952504,False,False,16000,False,,False,0.0,cpu,patch_nearest_normal,last2,14,0.05,False,,,9.535644494462758e-05,0.0001107694308302,False,True
2026-08-15 08:40:58,capsule,monitor,C:/cira_batch_test/capsule/good_10.png,good_10.png,normal,False,0.02081608772277832,3.2186508747145126e-07,0.04299485732503146,0.04299485732503146,0.031231427378952504,False,True,16000,True,0.0001027390462695621,True,0.0025763867888599634,cpu,patch_nearest_normal,last2,14,0.05,False,,,9.213011799147353e-05,0.0001107694308302,True,True
2026-08-15 08:41:00,capsule,monitor,C:/cira_batch_test/capsule/bad_18.png,bad_18.png,anomaly,True,0.057348571717739105,0.057348571717739105,0.04299485732503146,0.04299485732503146,0.031231427378952504,False,False,16000,False,,False,0.0,cpu,patch_nearest_normal,last2,14,0.05,False,,,8.856408385327086e-05,0.0001107694308302,False,True
2026-08-15 08:41:01,capsule,monitor,C:/cira_batch_test/capsule/good_3.png,good_3.png,normal,False,0.03865069895982742,0.03865069895982742,0.04299485732503146,0.04299485732503146,0.031231427378952504,False,False,16000,False,,False,0.0,cpu,patch_nearest_normal,last2,14,0.05,False,,,0.00010607291187625378,0.0001107694308302,False,True
2026-08-15 08:41:03,capsule,monitor,C:/cira_batch_test/capsule/bad_14.png,bad_14.png,normal,False,0.03522489592432976,0.03522489592432976,0.04299485732503146,0.04299485732503146,0.031231427378952504,False,False,16000,False,,False,0.0,cpu,patch_nearest_normal,last2,14,0.05,False,,,9.439068526262417e-05,0.0001107694308302,False,True
2026-08-15 08:41:04,capsule,monitor,C:/cira_batch_test/capsule/bad_6.png,bad_6.png,anomaly,True,0.11994268745183945,0.11994268745183945,0.04299485732503146,0.04299485732503146,0.031231427378952504,False,False,16000,False,,False,0.0,cpu,patch_nearest_normal,last2,14,0.05,False,,,0.00010061713692266494,0.0001107694308302,False,True
2026-08-15 08:41:06,capsule,monitor,C:/cira_batch_test/capsule/bad_8.png,bad_8.png,anomaly,True,0.1226038709282875,0.1226038709282875,0.04299485732503146,0.04299485732503146,0.031231427378952504,False,False,16000,False,,False,0.0,cpu,patch_nearest_normal,last2,14,0.05,False,,,9.06358691281639e-05,0.0001107694308302,False,True
2026-08-15 08:41:07,capsule,monitor,C:/cira_batch_test/capsule/bad_11.png,bad_11.png,normal,False,0.042651642113924026,0.042651642113924026,0.04299485732503146,0.04299485732503146,0.031231427378952504,False,False,16000,False,,False,0.0,cpu,patch_nearest_normal,last2,14,0.05,False,,,8.843177056405693e-05,0.0001107694308302,False,True
2026-08-15 08:41:09,capsule,monitor,C:/cira_batch_test/capsule/bad_9.png,bad_9.png,anomaly,True,0.17423860728740692,0.17423860728740692,0.04299485732503146,0.04299485732503146,0.031231427378952504,False,False,16000,False,,False,0.0,cpu,patch_nearest_normal,last2,14,0.05,False,,,0.00010301754082320258,0.0001107694308302,False,True
2026-08-15 08:41:10,capsule,monitor,C:/cira_batch_test/capsule/bad_5.png,bad_5.png,normal,False,0.041901595890522,0.041901595890522,0.04299485732503146,0.04299485732503146,0.031231427378952504,False,False,16000,False,,False,0.0,cpu,patch_nearest_normal,last2,14,0.05,False,,,8.914600039133802e-05,0.0001107694308302,False,True
2026-08-15 08:41:12,capsule,monitor,C:/cira_batch_test/capsule/good_9.png,good_9.png,normal,False,0.0178522951900959,2.682209014892578e-07,0.04299485732503146,0.04299485732503146,0.031231427378952504,False,True,16000,True,9.962446347344667e-05,True,0.002579394495114684,cpu,patch_nearest_normal,last2,14,0.05,False,,,9.571956616127864e-05,0.0001107694308302,True,True
2026-08-15 08:41:14,capsule,monitor,C:/cira_batch_test/capsule/good_2.png,good_2.png,normal,False,0.01629774644970894,3.039836826701503e-07,0.04299485732503146,0.04299485732503146,0.031231427378952504,False,True,16000,True,0.00010198929521720856,True,0.002584081143140793,cpu,patch_nearest_normal,last2,14,0.05,False,,,9.244775719707832e-05,0.0001107694308302,True,True
2026-08-15 08:41:15,capsule,monitor,C:/cira_batch_test/capsule/bad_2.png,bad_2.png,anomaly,True,0.2623745799064636,0.2623745799064636,0.04299485732503146,0.04299485732503146,0.031231427378952504,False,False,16000,False,,False,0.0,cpu,patch_nearest_normal,last2,14,0.05,False,,,0.00011930698383366689,0.0001107694308302,False,False
2026-08-15 08:41:17,capsule,monitor,C:/cira_batch_test/capsule/bad_17.png,bad_17.png,anomaly,True,0.05224532634019852,0.05224532634019852,0.04299485732503146,0.04299485732503146,0.031231427378952504,False,False,16000,False,,False,0.0,cpu,patch_nearest_normal,last2,14,0.05,False,,,8.582390000810847e-05,0.0001107694308302,False,True
2026-08-15 08:41:18,capsule,monitor,C:/cira_batch_test/capsule/bad_1.png,bad_1.png,anomaly,True,0.17126794159412384,0.17126794159412384,0.04299485732503146,0.04299485732503146,0.031231427378952504,False,False,16000,False,,False,0.0,cpu,patch_nearest_normal,last2,14,0.05,False,,,0.00010555724293226376,0.0001107694308302,False,True
2026-08-15 08:41:20,capsule,monitor,C:/cira_batch_test/capsule/good_12.png,good_12.png,normal,False,0.03654361888766289,0.03654361888766289,0.04299485732503146,0.04299485732503146,0.031231427378952504,False,False,16000,False,,False,0.0,cpu,patch_nearest_normal,last2,14,0.05,False,,,0.00010275078238919377,0.0001107694308302,False,True
2026-08-15 08:41:21,capsule,monitor,C:/cira_batch_test/capsule/good_18.png,good_18.png,normal,False,0.01796877384185791,3.159046286782541e-07,0.04299485732503146,0.04299485732503146,0.031231427378952504,False,True,16000,True,0.00010773476969916373,True,0.0025902262423187494,cpu,patch_nearest_normal,last2,14,0.05,False,,,0.00010849721729755402,0.0001107694308302,True,True
2026-08-15 08:41:23,capsule,monitor,C:/cira_batch_test/capsule/good_17.png,good_17.png,normal,False,0.018061960116028786,2.8610230629055877e-07,0.04299485732503146,0.04299485732503146,0.031231427378952504,False,True,16000,True,0.00010987754649249837,True,0.002589422045275569,cpu,patch_nearest_normal,last2,14,0.05,False,,,0.000109754444565624,0.0001107694308302,True,True
2026-08-15 08:41:25,capsule,monitor,C:/cira_batch_test/capsule/bad_19.png,bad_19.png,anomaly,True,0.10920967906713486,0.10920967906713486,0.04299485732503146,0.04299485732503146,0.031231427378952504,False,False,16000,False,,False,0.0,cpu,patch_nearest_normal,last2,14,0.05,False,,,0.00010303658928023651,0.0001107694308302,False,True
2026-08-15 08:41:26,capsule,monitor,C:/cira_batch_test/capsule/good_1.png,good_1.png,normal,False,0.026981979608535767,0.026981979608535767,0.04299485732503146,0.04299485732503146,0.031231427378952504,False,False,16000,False,,False,0.0,cpu,patch_nearest_normal,last2,14,0.05,False,,,0.00011169014032930136,0.0001107694308302,True,False
2026-08-15 08:41:28,carpet,monitor,C:/cira_batch_test/carpet/bad_10.png,bad_10.png,anomaly,True,0.23354916274547577,0.23354916274547577,0.0343417185988487,0.0343417185988487,0.03367696963250637,False,False,16000,False,,False,0.0,cpu,patch_nearest_normal,last2,14,0.05,False,,,5.2454681281233206e-05,6.111156617407686e-05,False,True
2026-08-15 08:41:29,carpet,monitor,C:/cira_batch_test/carpet/good_16.png,good_16.png,anomaly,True,0.03679478168487549,0.03679478168487549,0.0343417185988487,0.0343417185988487,0.03367696963250637,False,False,16000,False,,False,0.0,cpu,patch_nearest_normal,last2,14,0.05,False,,,3.666919656097889e-05,6.111156617407686e-05,False,True
2026-08-15 08:41:31,carpet,monitor,C:/cira_batch_test/carpet/bad_12.png,bad_12.png,normal,False,0.03406236320734024,0.03406236320734024,0.0343417185988487,0.0343417185988487,0.03367696963250637,False,False,16000,False,,False,0.0,cpu,patch_nearest_normal,last2,14,0.05,False,,,4.701822763308883e-05,6.111156617407686e-05,False,True
2026-08-15 08:41:33,carpet,monitor,C:/cira_batch_test/carpet/good_11.png,good_11.png,anomaly,True,0.04204009100794792,0.04204009100794792,0.0343417185988487,0.0343417185988487,0.03367696963250637,False,False,16000,False,,False,0.0,cpu,patch_nearest_normal,last2,14,0.05,False,,,4.518752029980533e-05,6.111156617407686e-05,False,True
2026-08-15 08:41:34,carpet,monitor,C:/cira_batch_test/carpet/bad_13.png,bad_13.png,anomaly,True,0.03563273698091507,0.03563273698091507,0.0343417185988487,0.0343417185988487,0.03367696963250637,False,False,16000,False,,False,0.0,cpu,patch_nearest_normal,last2,14,0.05,False,,,4.977826392860152e-05,6.111156617407686e-05,False,True
2026-08-15 08:41:36,carpet,monitor,C:/cira_batch_test/carpet/good_7.png,good_7.png,anomaly,True,0.03651086241006851,0.03651086241006851,0.0343417185988487,0.0343417185988487,0.03367696963250637,False,False,16000,False,,False,0.0,cpu,patch_nearest_normal,last2,14,0.05,False,,,4.036435711896047e-05,6.111156617407686e-05,False,True
2026-08-15 08:41:37,carpet,monitor,C:/cira_batch_test/carpet/good_8.png,good_8.png,normal,False,0.031294096261262894,3.337860050578456e-07,0.0343417185988487,0.0343417185988487,0.03367696963250637,False,True,16000,True,5.036363654653542e-05,True,0.002916460856795311,cpu,patch_nearest_normal,last2,14,0.05,False,,,3.8421065255533904e-05,6.111156617407686e-05,True,True
2026-08-15 08:41:39,carpet,monitor,C:/cira_batch_test/carpet/bad_20.png,bad_20.png,anomaly,True,0.13804277777671814,0.13804277777671814,0.0343417185988487,0.0343417185988487,0.03367696963250637,False,False,16000,False,,False,0.0,cpu,patch_nearest_normal,last2,14,0.05,False,,,4.640407860279083e-05,6.111156617407686e-05,False,True
2026-08-15 08:41:40,carpet,monitor,C:/cira_batch_test/carpet/good_19.png,good_19.png,anomaly,True,0.03483159467577934,0.03483159467577934,0.0343417185988487,0.0343417185988487,0.03367696963250637,False,False,16000,False,,False,0.0,cpu,patch_nearest_normal,last2,14,0.05,False,,,5.2015890105394647e-05,6.111156617407686e-05,False,True
2026-08-15 08:41:42,carpet,monitor,C:/cira_batch_test/carpet/bad_3.png,bad_3.png,anomaly,True,0.3550242781639099,0.3550242781639099,0.0343417185988487,0.0343417185988487,0.03367696963250637,False,False,16000,False,,False,0.0,cpu,patch_nearest_normal,last2,14,0.05,False,,,4.480603456613608e-05,6.111156617407686e-05,False,True
2026-08-15 08:41:44,carpet,monitor,C:/cira_batch_test/carpet/bad_7.png,bad_7.png,anomaly,True,0.07345782965421677,0.07345782965421677,0.0343417185988487,0.0343417185988487,0.03367696963250637,False,False,16000,False,,False,0.0,cpu,patch_nearest_normal,last2,14,0.05,False,,,4.547601565718651e-05,6.111156617407686e-05,False,True
2026-08-15 08:41:45,carpet,monitor,C:/cira_batch_test/carpet/bad_15.png,bad_15.png,anomaly,True,0.03880944848060608,0.03880944848060608,0.0343417185988487,0.0343417185988487,0.03367696963250637,False,False,16000,False,,False,0.0,cpu,patch_nearest_normal,last2,14,0.05,False,,,3.842841397272423e-05,6.111156617407686e-05,False,True
2026-08-15 08:41:47,carpet,monitor,C:/cira_batch_test/carpet/good_5.png,good_5.png,normal,False,0.033698178827762604,0.033698178827762604,0.0343417185988487,0.0343417185988487,0.03367696963250637,False,False,16000,False,,False,0.0,cpu,patch_nearest_normal,last2,14,0.05,False,,,4.287909541744739e-05,6.111156617407686e-05,False,True
2026-08-15 08:41:48,carpet,monitor,C:/cira_batch_test/carpet/good_14.png,good_14.png,anomaly,True,0.0399341806769371,0.0399341806769371,0.0343417185988487,0.0343417185988487,0.03367696963250637,False,False,16000,False,,False,0.0,cpu,patch_nearest_normal,last2,14,0.05,False,,,3.691495658131316e-05,6.111156617407686e-05,False,True
2026-08-15 08:41:50,carpet,monitor,C:/cira_batch_test/carpet/bad_4.png,bad_4.png,anomaly,True,0.2747073769569397,0.2747073769569397,0.0343417185988487,0.0343417185988487,0.03367696963250637,False,False,16000,False,,False,0.0,cpu,patch_nearest_normal,last2,14,0.05,False,,,6.001753354212269e-05,6.111156617407686e-05,False,True
2026-08-15 08:41:51,carpet,monitor,C:/cira_batch_test/carpet/good_20.png,good_20.png,anomaly,True,0.038342274725437164,0.038342274725437164,0.0343417185988487,0.0343417185988487,0.03367696963250637,False,False,16000,False,,False,0.0,cpu,patch_nearest_normal,last2,14,0.05,False,,,5.2350820624269545e-05,6.111156617407686e-05,False,True
2026-08-15 08:41:53,carpet,monitor,C:/cira_batch_test/carpet/good_13.png,good_13.png,anomaly,True,0.03557877987623215,0.03557877987623215,0.0343417185988487,0.0343417185988487,0.03367696963250637,False,False,16000,False,,False,0.0,cpu,patch_nearest_normal,last2,14,0.05,False,,,3.475969424471259e-05,6.111156617407686e-05,False,True
2026-08-15 08:41:54,carpet,monitor,C:/cira_batch_test/carpet/good_15.png,good_15.png,anomaly,True,0.03941458463668823,0.03941458463668823,0.0343417185988487,0.0343417185988487,0.03367696963250637,False,False,16000,False,,False,0.0,cpu,patch_nearest_normal,last2,14,0.05,False,,,3.295100759714842e-05,6.111156617407686e-05,False,True
2026-08-15 08:41:56,carpet,monitor,C:/cira_batch_test/carpet/good_6.png,good_6.png,normal,False,0.03115796484053135,3.516674098591466e-07,0.0343417185988487,0.0343417185988487,0.03367696963250637,False,True,16000,True,4.782406540471129e-05,True,0.0027900657150894403,cpu,patch_nearest_normal,last2,14,0.05,False,,,3.878070128848776e-05,6.111156617407686e-05,True,True
2026-08-15 08:41:58,carpet,monitor,C:/cira_batch_test/carpet/good_4.png,good_4.png,normal,False,0.031050462275743484,2.5629998390286346e-07,0.0343417185988487,0.0343417185988487,0.03367696963250637,False,True,16000,True,4.2459065298317e-05,True,0.0027317728381603956,cpu,patch_nearest_normal,last2,14,0.05,False,,,3.852293957606889e-05,6.111156617407686e-05,True,True
2026-08-15 08:42:00,carpet,monitor,C:/cira_batch_test/carpet/bad_16.png,bad_16.png,anomaly,True,0.13200338184833527,0.13200338184833527,0.0343417185988487,0.0343417185988487,0.03367696963250637,False,False,16000,False,,False,0.0,cpu,patch_nearest_normal,last2,14,0.05,False,,,6.045551344868727e-05,6.111156617407686e-05,False,True
2026-08-15 08:42:01,carpet,monitor,C:/cira_batch_test/carpet/good_10.png,good_10.png,normal,False,0.03363645076751709,3.337860050578456e-07,0.0343417185988487,0.0343417185988487,0.03367696963250637,False,True,16000,True,3.735890277312137e-05,True,0.002686529653146863,cpu,patch_nearest_normal,last2,14,0.05,False,,,3.258264405303635e-05,6.111156617407686e-05,True,True
2026-08-15 08:42:03,carpet,monitor,C:/cira_batch_test/carpet/bad_18.png,bad_18.png,anomaly,True,0.33339816331863403,0.33339816331863403,0.0343417185988487,0.0343417185988487,0.03367696963250637,False,False,16000,False,,False,0.0,cpu,patch_nearest_normal,last2,14,0.05,False,,,5.174050966161303e-05,6.111156617407686e-05,False,True
2026-08-15 08:42:05,carpet,monitor,C:/cira_batch_test/carpet/good_3.png,good_3.png,normal,False,0.02819054201245308,3.039836826701503e-07,0.0343417185988487,0.0343417185988487,0.03367696963250637,False,True,16000,True,4.332596290623769e-05,True,0.0026783591601997614,cpu,patch_nearest_normal,last2,14,0.05,False,,,4.0536298911320046e-05,6.111156617407686e-05,True,True
2026-08-15 08:42:06,carpet,monitor,C:/cira_batch_test/carpet/bad_14.png,bad_14.png,anomaly,True,0.21772484481334686,0.21772484481334686,0.0343417185988487,0.0343417185988487,0.03367696963250637,False,False,16000,False,,False,0.0,cpu,patch_nearest_normal,last2,14,0.05,False,,,5.206517016631551e-05,6.111156617407686e-05,False,True
2026-08-15 08:42:08,carpet,monitor,C:/cira_batch_test/carpet/bad_6.png,bad_6.png,anomaly,True,0.10894306749105453,0.10894306749105453,0.0343417185988487,0.0343417185988487,0.03367696963250637,False,False,16000,False,,False,0.0,cpu,patch_nearest_normal,last2,14,0.05,False,,,4.501789226196706e-05,6.111156617407686e-05,False,True
2026-08-15 08:42:09,carpet,monitor,C:/cira_batch_test/carpet/bad_8.png,bad_8.png,anomaly,True,0.29758962988853455,0.29758962988853455,0.0343417185988487,0.0343417185988487,0.03367696963250637,False,False,16000,False,,False,0.0,cpu,patch_nearest_normal,last2,14,0.05,False,,,5.2408988267416134e-05,6.111156617407686e-05,False,True
2026-08-15 08:42:11,carpet,monitor,C:/cira_batch_test/carpet/bad_11.png,bad_11.png,anomaly,True,0.08709744364023209,0.08709744364023209,0.0343417185988487,0.0343417185988487,0.03367696963250637,False,False,16000,False,,False,0.0,cpu,patch_nearest_normal,last2,14,0.05,False,,,6.418884004233405e-05,6.111156617407686e-05,False,False
2026-08-15 08:42:12,carpet,monitor,C:/cira_batch_test/carpet/bad_9.png,bad_9.png,anomaly,True,0.3498843312263489,0.3498843312263489,0.0343417185988487,0.0343417185988487,0.03367696963250637,False,False,16000,False,,False,0.0,cpu,patch_nearest_normal,last2,14,0.05,False,,,6.264056719373912e-05,6.111156617407686e-05,False,False
2026-08-15 08:42:14,carpet,monitor,C:/cira_batch_test/carpet/bad_5.png,bad_5.png,anomaly,True,0.23478469252586365,0.23478469252586365,0.0343417185988487,0.0343417185988487,0.03367696963250637,False,False,16000,False,,False,0.0,cpu,patch_nearest_normal,last2,14,0.05,False,,,5.860625606146641e-05,6.111156617407686e-05,False,True
2026-08-15 08:42:16,carpet,monitor,C:/cira_batch_test/carpet/good_9.png,good_9.png,anomaly,True,0.041206203401088715,0.041206203401088715,0.0343417185988487,0.0343417185988487,0.03367696963250637,False,False,16000,False,,False,0.0,cpu,patch_nearest_normal,last2,14,0.05,False,,,3.3952233934542164e-05,6.111156617407686e-05,False,True
2026-08-15 08:42:17,carpet,monitor,C:/cira_batch_test/carpet/good_2.png,good_2.png,normal,False,0.03359389305114746,3.099441414633475e-07,0.0343417185988487,0.0343417185988487,0.03367696963250637,False,True,16000,True,5.363955278880894e-05,True,0.0026216807309538126,cpu,patch_nearest_normal,last2,14,0.05,False,,,4.648739559343085e-05,6.111156617407686e-05,True,True
2026-08-15 08:42:19,carpet,monitor,C:/cira_batch_test/carpet/bad_2.png,bad_2.png,anomaly,True,0.15608704090118408,0.15608704090118408,0.0343417185988487,0.0343417185988487,0.03367696963250637,False,False,16000,False,,False,0.0,cpu,patch_nearest_normal,last2,14,0.05,False,,,4.797397559741512e-05,6.111156617407686e-05,False,True
2026-08-15 08:42:20,carpet,monitor,C:/cira_batch_test/carpet/bad_17.png,bad_17.png,anomaly,True,0.051732830703258514,0.051732830703258514,0.0343417185988487,0.0343417185988487,0.03367696963250637,False,False,16000,False,,False,0.0,cpu,patch_nearest_normal,last2,14,0.05,False,,,5.149970456841402e-05,6.111156617407686e-05,False,True
2026-08-15 08:42:22,carpet,monitor,C:/cira_batch_test/carpet/bad_1.png,bad_1.png,anomaly,True,0.06005433201789856,0.06005433201789856,0.0343417185988487,0.0343417185988487,0.03367696963250637,False,False,16000,False,,False,0.0,cpu,patch_nearest_normal,last2,14,0.05,False,,,5.3678315452998504e-05,6.111156617407686e-05,False,True
2026-08-15 08:42:24,carpet,monitor,C:/cira_batch_test/carpet/good_12.png,good_12.png,normal,False,0.033044517040252686,2.8014181907565217e-07,0.0343417185988487,0.0343417185988487,0.03367696963250637,False,True,16000,True,5.832347960676998e-05,True,0.0025551156140863895,cpu,patch_nearest_normal,last2,14,0.05,False,,,5.372067607822828e-05,6.111156617407686e-05,True,True
2026-08-15 08:42:26,carpet,monitor,C:/cira_batch_test/carpet/good_18.png,good_18.png,normal,False,0.026978354901075363,3.397464638510428e-07,0.0343417185988487,0.0343417185988487,0.03367696963250637,False,True,16000,True,5.415151099441573e-05,True,0.0025632514152675867,cpu,patch_nearest_normal,last2,14,0.05,False,,,4.26135775342118e-05,6.111156617407686e-05,True,True
2026-08-15 08:42:27,carpet,monitor,C:/cira_batch_test/carpet/good_17.png,good_17.png,normal,False,0.028900284320116043,2.74181360282455e-07,0.0343417185988487,0.0343417185988487,0.03367696963250637,False,True,16000,True,4.8464335122844204e-05,True,0.0025596951600164175,cpu,patch_nearest_normal,last2,14,0.05,False,,,4.327912029111758e-05,6.111156617407686e-05,True,True
2026-08-15 08:42:29,carpet,monitor,C:/cira_batch_test/carpet/bad_19.png,bad_19.png,anomaly,True,0.1105179563164711,0.1105179563164711,0.0343417185988487,0.0343417185988487,0.03367696963250637,False,False,16000,False,,False,0.0,cpu,patch_nearest_normal,last2,14,0.05,False,,,5.716554733226076e-05,6.111156617407686e-05,False,True
2026-08-15 08:42:31,carpet,monitor,C:/cira_batch_test/carpet/good_1.png,good_1.png,normal,False,0.025474464520812035,3.457069510659494e-07,0.0343417185988487,0.0343417185988487,0.03367696963250637,False,True,16000,True,4.967587665305473e-05,True,0.0025376337580382824,cpu,patch_nearest_normal,last2,14,0.05,True,C:\cira_ttl_checkpoints\carpet\patch_memory_bank_update_10.pt,C:\cira_ttl_checkpoints\carpet\patch_adapter_update_10.pt,4.4497341150417924e-05,6.111156617407686e-05,True,True
2026-08-15 08:42:32,grid,monitor,C:/cira_batch_test/grid/bad_10.png,bad_10.png,anomaly,True,0.07286384701728821,0.07286384701728821,0.053714152485093335,0.053714152485093335,0.04894002191722393,False,False,16000,False,,False,0.0,cpu,patch_nearest_normal,last2,14,0.05,False,,,0.00013356680574361235,0.00020260438468534505,False,True
2026-08-15 08:42:34,grid,monitor,C:/cira_batch_test/grid/good_16.png,good_16.png,anomaly,True,0.053874604403972626,0.053874604403972626,0.053714152485093335,0.053714152485093335,0.04894002191722393,False,False,16000,False,,False,0.0,cpu,patch_nearest_normal,last2,14,0.05,False,,,0.00015616248128935695,0.00020260438468534505,False,True
2026-08-15 08:42:35,grid,monitor,C:/cira_batch_test/grid/bad_12.png,bad_12.png,anomaly,True,0.10632707923650742,0.10632707923650742,0.053714152485093335,0.053714152485093335,0.04894002191722393,False,False,16000,False,,False,0.0,cpu,patch_nearest_normal,last2,14,0.05,False,,,0.00019656178483273834,0.00020260438468534505,False,True
2026-08-15 08:42:37,grid,monitor,C:/cira_batch_test/grid/good_11.png,good_11.png,normal,False,0.04442182183265686,2.8610230629055877e-07,0.053714152485093335,0.053714152485093335,0.04894002191722393,False,True,16000,True,0.00011837828787975013,True,0.0029636032413691282,cpu,patch_nearest_normal,last2,14,0.05,False,,,0.00011231713142478839,0.00020260438468534505,True,True
2026-08-15 08:42:39,grid,monitor,C:/cira_batch_test/grid/bad_13.png,bad_13.png,normal,False,0.047847770154476166,3.2186508747145126e-07,0.053714152485093335,0.053714152485093335,0.04894002191722393,False,True,16000,True,0.00012478747521527112,True,0.002454983303323388,cpu,patch_nearest_normal,last2,14,0.05,False,,,0.00011469916353235021,0.00020260438468534505,True,True
2026-08-15 08:42:40,grid,monitor,C:/cira_batch_test/grid/good_7.png,good_7.png,anomaly,True,0.05750412866473198,0.05750412866473198,0.053714152485093335,0.053714152485093335,0.04894002191722393,False,False,16000,False,,False,0.0,cpu,patch_nearest_normal,last2,14,0.05,False,,,0.00011637056013569236,0.00020260438468534505,False,True
2026-08-15 08:42:42,grid,monitor,C:/cira_batch_test/grid/good_8.png,good_8.png,normal,False,0.0448884479701519,2.6226044269606064e-07,0.053714152485093335,0.053714152485093335,0.04894002191722393,False,True,16000,True,0.00013232073979452252,True,0.0022156035993248224,cpu,patch_nearest_normal,last2,14,0.05,False,,,0.00011713319690898061,0.00020260438468534505,True,True
2026-08-15 08:42:44,grid,monitor,C:/cira_batch_test/grid/bad_20.png,bad_20.png,normal,False,0.05342261865735054,0.05342261865735054,0.053714152485093335,0.053714152485093335,0.04894002191722393,False,False,16000,False,,False,0.0,cpu,patch_nearest_normal,last2,14,0.05,False,,,0.00010646425653249025,0.00020260438468534505,False,True
2026-08-15 08:42:45,grid,monitor,C:/cira_batch_test/grid/good_19.png,good_19.png,anomaly,True,0.06416983157396317,0.06416983157396317,0.053714152485093335,0.053714152485093335,0.04894002191722393,False,False,16000,False,,False,0.0,cpu,patch_nearest_normal,last2,14,0.05,False,,,0.00012252530723344535,0.00020260438468534505,False,True
2026-08-15 08:42:47,grid,monitor,C:/cira_batch_test/grid/bad_3.png,bad_3.png,anomaly,True,0.06470970809459686,0.06470970809459686,0.053714152485093335,0.053714152485093335,0.04894002191722393,False,False,16000,False,,False,0.0,cpu,patch_nearest_normal,last2,14,0.05,False,,,0.00012243189848959446,0.00020260438468534505,False,True
2026-08-15 08:42:48,grid,monitor,C:/cira_batch_test/grid/bad_7.png,bad_7.png,anomaly,True,0.11590011417865753,0.11590011417865753,0.053714152485093335,0.053714152485093335,0.04894002191722393,False,False,16000,False,,False,0.0,cpu,patch_nearest_normal,last2,14,0.05,False,,,0.00012730827438645065,0.00020260438468534505,False,True
2026-08-15 08:42:50,grid,monitor,C:/cira_batch_test/grid/bad_15.png,bad_15.png,anomaly,True,0.06480154395103455,0.06480154395103455,0.053714152485093335,0.053714152485093335,0.04894002191722393,False,False,16000,False,,False,0.0,cpu,patch_nearest_normal,last2,14,0.05,False,,,0.00016266832244582474,0.00020260438468534505,False,True
2026-08-15 08:42:51,grid,monitor,C:/cira_batch_test/grid/good_5.png,good_5.png,anomaly,True,0.06400585174560547,0.06400585174560547,0.053714152485093335,0.053714152485093335,0.04894002191722393,False,False,16000,False,,False,0.0,cpu,patch_nearest_normal,last2,14,0.05,False,,,0.00012400001287460327,0.00020260438468534505,False,True
2026-08-15 08:42:53,grid,monitor,C:/cira_batch_test/grid/good_14.png,good_14.png,normal,False,0.04998631402850151,0.04998631402850151,0.053714152485093335,0.053714152485093335,0.04894002191722393,False,False,16000,False,,False,0.0,cpu,patch_nearest_normal,last2,14,0.05,False,,,0.00016316291294060647,0.00020260438468534505,False,True
2026-08-15 08:42:54,grid,monitor,C:/cira_batch_test/grid/bad_4.png,bad_4.png,anomaly,True,0.09601394832134247,0.09601394832134247,0.053714152485093335,0.053714152485093335,0.04894002191722393,False,False,16000,False,,False,0.0,cpu,patch_nearest_normal,last2,14,0.05,False,,,0.0001228652981808409,0.00020260438468534505,False,True
2026-08-15 08:42:56,grid,monitor,C:/cira_batch_test/grid/good_20.png,good_20.png,normal,False,0.04746503382921219,3.8743019104003906e-07,0.053714152485093335,0.053714152485093335,0.04894002191722393,False,True,16000,True,0.0001471856376156211,True,0.00220640585757792,cpu,patch_nearest_normal,last2,14,0.05,False,,,0.00014073471538722515,0.00020260438468534505,True,True
2026-08-15 08:42:58,grid,monitor,C:/cira_batch_test/grid/good_13.png,good_13.png,normal,False,0.04502619430422783,3.039836826701503e-07,0.053714152485093335,0.053714152485093335,0.04894002191722393,False,True,16000,True,0.00011828106653410941,True,0.002184490440413356,cpu,patch_nearest_normal,last2,14,0.05,False,,,0.00010494028538232669,0.00020260438468534505,True,True
2026-08-15 08:42:59,grid,monitor,C:/cira_batch_test/grid/good_15.png,good_15.png,normal,False,0.03582262247800827,1.9669532491661812e-07,0.053714152485093335,0.053714152485093335,0.04894002191722393,False,True,16000,True,0.0001268283958779648,True,0.002161652548238635,cpu,patch_nearest_normal,last2,14,0.05,False,,,0.0001257704570889473,0.00020260438468534505,True,True
2026-08-15 08:43:01,grid,monitor,C:/cira_batch_test/grid/good_6.png,good_6.png,anomaly,True,0.06391545385122299,0.06391545385122299,0.053714152485093335,0.053714152485093335,0.04894002191722393,False,False,16000,False,,False,0.0,cpu,patch_nearest_normal,last2,14,0.05,False,,,0.0001072466402547434,0.00020260438468534505,False,True
2026-08-15 08:43:02,grid,monitor,C:/cira_batch_test/grid/good_4.png,good_4.png,anomaly,True,0.05583778768777847,0.05583778768777847,0.053714152485093335,0.053714152485093335,0.04894002191722393,False,False,16000,False,,False,0.0,cpu,patch_nearest_normal,last2,14,0.05,False,,,0.0002250286634080112,0.00020260438468534505,False,False
2026-08-15 08:43:04,grid,monitor,C:/cira_batch_test/grid/bad_16.png,bad_16.png,anomaly,True,0.05970083922147751,0.05970083922147751,0.053714152485093335,0.053714152485093335,0.04894002191722393,False,False,16000,False,,False,0.0,cpu,patch_nearest_normal,last2,14,0.05,False,,,0.00013645555009134114,0.00020260438468534505,False,True
2026-08-15 08:43:05,grid,monitor,C:/cira_batch_test/grid/good_10.png,good_10.png,normal,False,0.04440592601895332,3.2782554626464844e-07,0.053714152485093335,0.053714152485093335,0.04894002191722393,False,True,16000,True,0.00013797072460874915,True,0.002168328035622835,cpu,patch_nearest_normal,last2,14,0.05,False,,,0.00012928796058986336,0.00020260438468534505,True,True
2026-08-15 08:43:07,grid,monitor,C:/cira_batch_test/grid/bad_18.png,bad_18.png,anomaly,True,0.061031319200992584,0.061031319200992584,0.053714152485093335,0.053714152485093335,0.04894002191722393,False,False,16000,False,,False,0.0,cpu,patch_nearest_normal,last2,14,0.05,False,,,0.00015652953879907727,0.00020260438468534505,False,True
2026-08-15 08:43:08,grid,monitor,C:/cira_batch_test/grid/good_3.png,good_3.png,normal,False,0.04874199628829956,0.04874199628829956,0.053714152485093335,0.053714152485093335,0.04894002191722393,False,False,16000,False,,False,0.0,cpu,patch_nearest_normal,last2,14,0.05,False,,,0.00020732723351102322,0.00020260438468534505,True,False
2026-08-15 08:43:10,grid,monitor,C:/cira_batch_test/grid/bad_14.png,bad_14.png,anomaly,True,0.053742457181215286,0.053742457181215286,0.053714152485093335,0.053714152485093335,0.04894002191722393,False,False,16000,False,,False,0.0,cpu,patch_nearest_normal,last2,14,0.05,False,,,0.00011439978698035702,0.00020260438468534505,False,True
2026-08-15 08:43:12,grid,monitor,C:/cira_batch_test/grid/bad_6.png,bad_6.png,normal,False,0.046168990433216095,2.8014181907565217e-07,0.053714152485093335,0.053714152485093335,0.04894002191722393,False,True,16000,True,0.00011862831888720393,True,0.0020650492515414953,cpu,patch_nearest_normal,last2,14,0.05,False,,,0.00011133775842608884,0.00020260438468534505,True,True
2026-08-15 08:43:13,grid,monitor,C:/cira_batch_test/grid/bad_8.png,bad_8.png,normal,False,0.046578627079725266,3.039836826701503e-07,0.053714152485093335,0.053714152485093335,0.04894002191722393,False,True,16000,True,0.00015793830971233547,True,0.0020984977018088102,cpu,patch_nearest_normal,last2,14,0.05,False,,,0.00014908438606653363,0.00020260438468534505,True,True
2026-08-15 08:43:15,grid,monitor,C:/cira_batch_test/grid/bad_11.png,bad_11.png,anomaly,True,0.05625597760081291,0.05625597760081291,0.053714152485093335,0.053714152485093335,0.04894002191722393,False,False,16000,False,,False,0.0,cpu,patch_nearest_normal,last2,14,0.05,False,,,0.00017785481759347022,0.00020260438468534505,False,True
2026-08-15 08:43:16,grid,monitor,C:/cira_batch_test/grid/bad_9.png,bad_9.png,anomaly,True,0.06432723253965378,0.06432723253965378,0.053714152485093335,0.053714152485093335,0.04894002191722393,False,False,16000,False,,False,0.0,cpu,patch_nearest_normal,last2,14,0.05,False,,,0.00011487364827189595,0.00020260438468534505,False,True
2026-08-15 08:43:18,grid,monitor,C:/cira_batch_test/grid/bad_5.png,bad_5.png,anomaly,True,0.06298394501209259,0.06298394501209259,0.053714152485093335,0.053714152485093335,0.04894002191722393,False,False,16000,False,,False,0.0,cpu,patch_nearest_normal,last2,14,0.05,False,,,0.00012865370081271976,0.00020260438468534505,False,True
2026-08-15 08:43:20,grid,monitor,C:/cira_batch_test/grid/good_9.png,good_9.png,normal,False,0.044912368059158325,2.682209014892578e-07,0.053714152485093335,0.053714152485093335,0.04894002191722393,False,True,16000,True,0.0001337234425591305,True,0.0020782079081982374,cpu,patch_nearest_normal,last2,14,0.05,True,C:\cira_ttl_checkpoints\grid\patch_memory_bank_update_10.pt,C:\cira_ttl_checkpoints\grid\patch_adapter_update_10.pt,0.00012058922584401444,0.00020260438468534505,True,True
2026-08-15 08:43:21,grid,monitor,C:/cira_batch_test/grid/good_2.png,good_2.png,normal,False,0.052904415875673294,0.052904415875673294,0.053714152485093335,0.053714152485093335,0.04894002191722393,False,False,16000,False,,False,0.0,cpu,patch_nearest_normal,last2,14,0.05,False,,,0.00017229391960427165,0.00020260438468534505,False,True
2026-08-15 08:43:23,grid,monitor,C:/cira_batch_test/grid/bad_2.png,bad_2.png,anomaly,True,0.05612322688102722,0.05612322688102722,0.053714152485093335,0.053714152485093335,0.04894002191722393,False,False,16000,False,,False,0.0,cpu,patch_nearest_normal,last2,14,0.05,False,,,0.00017755210865288973,0.00020260438468534505,False,True
2026-08-15 08:43:24,grid,monitor,C:/cira_batch_test/grid/bad_17.png,bad_17.png,normal,False,0.046537093818187714,2.682209014892578e-07,0.053714152485093335,0.053714152485093335,0.04894002191722393,False,True,16000,True,9.641640644986182e-05,True,0.001998554216697812,cpu,patch_nearest_normal,last2,14,0.05,False,,,9.407335164723918e-05,0.00020260438468534505,True,True
2026-08-15 08:43:26,grid,monitor,C:/cira_batch_test/grid/bad_1.png,bad_1.png,anomaly,True,0.08937366306781769,0.08937366306781769,0.053714152485093335,0.053714152485093335,0.04894002191722393,False,False,16000,False,,False,0.0,cpu,patch_nearest_normal,last2,14,0.05,False,,,0.0001945143740158528,0.00020260438468534505,False,True
2026-08-15 08:43:27,grid,monitor,C:/cira_batch_test/grid/good_12.png,good_12.png,normal,False,0.0391361229121685,3.397464638510428e-07,0.053714152485093335,0.053714152485093335,0.04894002191722393,False,True,16000,True,0.00014644484326709062,True,0.0020078488159924746,cpu,patch_nearest_normal,last2,14,0.05,False,,,0.00015044381143525243,0.00020260438468534505,True,True
2026-08-15 08:43:29,grid,monitor,C:/cira_batch_test/grid/good_18.png,good_18.png,anomaly,True,0.056005656719207764,0.056005656719207764,0.053714152485093335,0.053714152485093335,0.04894002191722393,False,False,16000,False,,False,0.0,cpu,patch_nearest_normal,last2,14,0.05,False,,,0.00011387163976905867,0.00020260438468534505,False,True
2026-08-15 08:43:31,grid,monitor,C:/cira_batch_test/grid/good_17.png,good_17.png,normal,False,0.045152924954891205,3.039836826701503e-07,0.053714152485093335,0.053714152485093335,0.04894002191722393,False,True,16000,True,0.00019233746570535004,True,0.002037509111687541,cpu,patch_nearest_normal,last2,14,0.05,False,,,0.00019125336257275194,0.00020260438468534505,True,True
2026-08-15 08:43:32,grid,monitor,C:/cira_batch_test/grid/bad_19.png,bad_19.png,anomaly,True,0.09599505364894867,0.09599505364894867,0.053714152485093335,0.053714152485093335,0.04894002191722393,False,False,16000,False,,False,0.0,cpu,patch_nearest_normal,last2,14,0.05,False,,,0.0001465810346417129,0.00020260438468534505,False,True
2026-08-15 08:43:34,grid,monitor,C:/cira_batch_test/grid/good_1.png,good_1.png,anomaly,True,0.05847693607211113,0.05847693607211113,0.053714152485093335,0.053714152485093335,0.04894002191722393,False,False,16000,False,,False,0.0,cpu,patch_nearest_normal,last2,14,0.05,False,,,0.00019986307597719133,0.00020260438468534505,False,True
2026-08-15 08:43:35,hazelnut,monitor,C:/cira_batch_test/hazelnut/bad_10.png,bad_10.png,anomaly,True,0.24062328040599823,0.24062328040599823,0.11622385221571559,0.11622385221571559,0.11048602908849717,False,False,16000,False,,False,0.0,cpu,patch_nearest_normal,last2,14,0.05,False,,,0.0001356771244900301,0.00018771860486589,False,True
2026-08-15 08:43:37,hazelnut,monitor,C:/cira_batch_test/hazelnut/good_16.png,good_16.png,normal,False,0.09578574448823929,3.159046286782541e-07,0.11622385221571559,0.11622385221571559,0.11048602908849717,False,True,16000,True,0.00016973057063296437,True,0.0030241741333156824,cpu,patch_nearest_normal,last2,14,0.05,False,,,0.00015213749429676682,0.00018771860486589,True,True
2026-08-15 08:43:39,hazelnut,monitor,C:/cira_batch_test/hazelnut/bad_12.png,bad_12.png,anomaly,True,0.13196153938770294,0.13196153938770294,0.11622385221571559,0.11622385221571559,0.11048602908849717,False,False,16000,False,,False,0.0,cpu,patch_nearest_normal,last2,14,0.05,False,,,0.00015840139531064779,0.00018771860486589,False,True
2026-08-15 08:43:40,hazelnut,monitor,C:/cira_batch_test/hazelnut/good_11.png,good_11.png,normal,False,0.10378678143024445,2.6226044269606064e-07,0.11622385221571559,0.11622385221571559,0.11048602908849717,False,True,16000,True,0.00016844352649059147,True,0.0026269720401614904,cpu,patch_nearest_normal,last2,14,0.05,False,,,0.0001523850078228861,0.00018771860486589,True,True
2026-08-15 08:43:42,hazelnut,monitor,C:/cira_batch_test/hazelnut/bad_13.png,bad_13.png,anomaly,True,0.12711314857006073,0.12711314857006073,0.11622385221571559,0.11622385221571559,0.11048602908849717,False,False,16000,False,,False,0.0,cpu,patch_nearest_normal,last2,14,0.05,False,,,0.00013299458078108728,0.00018771860486589,False,True
2026-08-15 08:43:44,hazelnut,monitor,C:/cira_batch_test/hazelnut/good_7.png,good_7.png,normal,False,0.10397857427597046,2.443790378947597e-07,0.11622385221571559,0.11622385221571559,0.11048602908849717,False,True,16000,True,0.0001419971522409469,True,0.0025391338858753443,cpu,patch_nearest_normal,last2,14,0.05,False,,,0.00013248769391793758,0.00018771860486589,True,True
2026-08-15 08:43:45,hazelnut,monitor,C:/cira_batch_test/hazelnut/good_8.png,good_8.png,normal,False,0.10845036804676056,2.9206276508375595e-07,0.11622385221571559,0.11622385221571559,0.11048602908849717,False,True,16000,True,0.00016090691497083753,True,0.002490312559530139,cpu,patch_nearest_normal,last2,14,0.05,False,,,0.00014336983440443873,0.00018771860486589,True,True
2026-08-15 08:43:47,hazelnut,monitor,C:/cira_batch_test/hazelnut/bad_20.png,bad_20.png,anomaly,True,0.22925348579883575,0.22925348579883575,0.11622385221571559,0.11622385221571559,0.11048602908849717,False,False,16000,False,,False,0.0,cpu,patch_nearest_normal,last2,14,0.05,False,,,0.00014327868120744824,0.00018771860486589,False,True
2026-08-15 08:43:49,hazelnut,monitor,C:/cira_batch_test/hazelnut/good_19.png,good_19.png,normal,False,0.10251760482788086,2.8014181907565217e-07,0.11622385221571559,0.11622385221571559,0.11048602908849717,False,True,16000,True,0.00015472350060008466,True,0.002476426772773266,cpu,patch_nearest_normal,last2,14,0.05,False,,,0.0001406092051183805,0.00018771860486589,True,True
2026-08-15 08:43:50,hazelnut,monitor,C:/cira_batch_test/hazelnut/bad_3.png,bad_3.png,anomaly,True,0.21368856728076935,0.21368856728076935,0.11622385221571559,0.11622385221571559,0.11048602908849717,False,False,16000,False,,False,0.0,cpu,patch_nearest_normal,last2,14,0.05,False,,,0.00015647447435185313,0.00018771860486589,False,True
2026-08-15 08:43:52,hazelnut,monitor,C:/cira_batch_test/hazelnut/bad_7.png,bad_7.png,anomaly,True,0.20168137550354004,0.20168137550354004,0.11622385221571559,0.11622385221571559,0.11048602908849717,False,False,16000,False,,False,0.0,cpu,patch_nearest_normal,last2,14,0.05,False,,,0.00012660512584261596,0.00018771860486589,False,True
2026-08-15 08:43:53,hazelnut,monitor,C:/cira_batch_test/hazelnut/bad_15.png,bad_15.png,anomaly,True,0.22580495476722717,0.22580495476722717,0.11622385221571559,0.11622385221571559,0.11048602908849717,False,False,16000,False,,False,0.0,cpu,patch_nearest_normal,last2,14,0.05,False,,,0.00013734088861383498,0.00018771860486589,False,True
2026-08-15 08:43:55,hazelnut,monitor,C:/cira_batch_test/hazelnut/good_5.png,good_5.png,normal,False,0.08675501495599747,3.5762786865234375e-07,0.11622385221571559,0.11622385221571559,0.11048602908849717,False,True,16000,True,0.0001521330268587917,True,0.0024490368086844683,cpu,patch_nearest_normal,last2,14,0.05,False,,,0.00013360522279981524,0.00018771860486589,True,True
2026-08-15 08:43:57,hazelnut,monitor,C:/cira_batch_test/hazelnut/good_14.png,good_14.png,normal,False,0.09472401440143585,2.5629998390286346e-07,0.11622385221571559,0.11622385221571559,0.11048602908849717,False,True,16000,True,0.000150915133417584,True,0.0024507802445441484,cpu,patch_nearest_normal,last2,14,0.05,False,,,0.0001395063882227987,0.00018771860486589,True,True
2026-08-15 08:43:58,hazelnut,monitor,C:/cira_batch_test/hazelnut/bad_4.png,bad_4.png,anomaly,True,0.20842599868774414,0.20842599868774414,0.11622385221571559,0.11622385221571559,0.11048602908849717,False,False,16000,False,,False,0.0,cpu,patch_nearest_normal,last2,14,0.05,False,,,0.0001330947852693498,0.00018771860486589,False,True
2026-08-15 08:44:00,hazelnut,monitor,C:/cira_batch_test/hazelnut/good_20.png,good_20.png,normal,False,0.10129962116479874,2.8014181907565217e-07,0.11622385221571559,0.11622385221571559,0.11048602908849717,False,True,16000,True,0.00017483689589425921,True,0.002438081195577979,cpu,patch_nearest_normal,last2,14,0.05,False,,,0.00014290765102487057,0.00018771860486589,True,True
2026-08-15 08:44:02,hazelnut,monitor,C:/cira_batch_test/hazelnut/good_13.png,good_13.png,normal,False,0.0944858267903328,2.6226044269606064e-07,0.11622385221571559,0.11622385221571559,0.11048602908849717,False,True,16000,True,0.00015812368656042963,True,0.002441874472424388,cpu,patch_nearest_normal,last2,14,0.05,False,,,0.00014539169205818325,0.00018771860486589,True,True
2026-08-15 08:44:04,hazelnut,monitor,C:/cira_batch_test/hazelnut/good_15.png,good_15.png,normal,False,0.10305476188659668,2.384185791015625e-07,0.11622385221571559,0.11622385221571559,0.11048602908849717,False,True,16000,True,0.00016944656090345234,True,0.00242986879311502,cpu,patch_nearest_normal,last2,14,0.05,True,C:\cira_ttl_checkpoints\hazelnut\patch_memory_bank_update_10.pt,C:\cira_ttl_checkpoints\hazelnut\patch_adapter_update_10.pt,0.00016625715943519026,0.00018771860486589,True,True
2026-08-15 08:44:05,hazelnut,monitor,C:/cira_batch_test/hazelnut/good_6.png,good_6.png,anomaly,True,0.11937601864337921,0.11937601864337921,0.11622385221571559,0.11622385221571559,0.11048602908849717,False,False,16000,False,,False,0.0,cpu,patch_nearest_normal,last2,14,0.05,False,,,0.00012963518383912742,0.00018771860486589,False,True
2026-08-15 08:44:07,hazelnut,monitor,C:/cira_batch_test/hazelnut/good_4.png,good_4.png,normal,False,0.08477714657783508,2.74181360282455e-07,0.11622385221571559,0.11622385221571559,0.11048602908849717,False,True,16000,True,0.00017193220264744014,True,0.002436479087918997,cpu,patch_nearest_normal,last2,14,0.05,False,,,0.00016338314162567258,0.00018771860486589,True,True
2026-08-15 08:44:08,hazelnut,monitor,C:/cira_batch_test/hazelnut/bad_16.png,bad_16.png,anomaly,True,0.23948867619037628,0.23948867619037628,0.11622385221571559,0.11622385221571559,0.11048602908849717,False,False,16000,False,,False,0.0,cpu,patch_nearest_normal,last2,14,0.05,False,,,0.00012271900777705014,0.00018771860486589,False,True
2026-08-15 08:44:10,hazelnut,monitor,C:/cira_batch_test/hazelnut/good_10.png,good_10.png,normal,False,0.10008080303668976,2.5629998390286346e-07,0.11622385221571559,0.11622385221571559,0.11048602908849717,False,True,16000,True,0.00016459356993436813,True,0.002428228035569191,cpu,patch_nearest_normal,last2,14,0.05,False,,,0.0001550990855321288,0.00018771860486589,True,True
2026-08-15 08:44:11,hazelnut,monitor,C:/cira_batch_test/hazelnut/bad_18.png,bad_18.png,anomaly,True,0.21709544956684113,0.21709544956684113,0.11622385221571559,0.11622385221571559,0.11048602908849717,False,False,16000,False,,False,0.0,cpu,patch_nearest_normal,last2,14,0.05,False,,,0.00012930443335790187,0.00018771860486589,False,True
2026-08-15 08:44:13,hazelnut,monitor,C:/cira_batch_test/hazelnut/good_3.png,good_3.png,normal,False,0.10299453884363174,2.8014181907565217e-07,0.11622385221571559,0.11622385221571559,0.11048602908849717,False,True,16000,True,0.00014758697943761945,True,0.002423770958557725,cpu,patch_nearest_normal,last2,14,0.05,False,,,0.00014285309589467943,0.00018771860486589,True,True
2026-08-15 08:44:15,hazelnut,monitor,C:/cira_batch_test/hazelnut/bad_14.png,bad_14.png,anomaly,True,0.20552904903888702,0.20552904903888702,0.11622385221571559,0.11622385221571559,0.11048602908849717,False,False,16000,False,,False,0.0,cpu,patch_nearest_normal,last2,14,0.05,False,,,0.00013227725867182016,0.00018771860486589,False,True
2026-08-15 08:44:16,hazelnut,monitor,C:/cira_batch_test/hazelnut/bad_6.png,bad_6.png,anomaly,True,0.20443935692310333,0.20443935692310333,0.11622385221571559,0.11622385221571559,0.11048602908849717,False,False,16000,False,,False,0.0,cpu,patch_nearest_normal,last2,14,0.05,False,,,0.00013924243103247136,0.00018771860486589,False,True
2026-08-15 08:44:18,hazelnut,monitor,C:/cira_batch_test/hazelnut/bad_8.png,bad_8.png,anomaly,True,0.16354069113731384,0.16354069113731384,0.11622385221571559,0.11622385221571559,0.11048602908849717,False,False,16000,False,,False,0.0,cpu,patch_nearest_normal,last2,14,0.05,False,,,0.00015953241381794214,0.00018771860486589,False,True
2026-08-15 08:44:19,hazelnut,monitor,C:/cira_batch_test/hazelnut/bad_11.png,bad_11.png,anomaly,True,0.20669913291931152,0.20669913291931152,0.11622385221571559,0.11622385221571559,0.11048602908849717,False,False,16000,False,,False,0.0,cpu,patch_nearest_normal,last2,14,0.05,False,,,0.00015365297440439463,0.00018771860486589,False,True
2026-08-15 08:44:21,hazelnut,monitor,C:/cira_batch_test/hazelnut/bad_9.png,bad_9.png,anomaly,True,0.15033629536628723,0.15033629536628723,0.11622385221571559,0.11622385221571559,0.11048602908849717,False,False,16000,False,,False,0.0,cpu,patch_nearest_normal,last2,14,0.05,False,,,0.0001478488411521539,0.00018771860486589,False,True
2026-08-15 08:44:22,hazelnut,monitor,C:/cira_batch_test/hazelnut/bad_5.png,bad_5.png,anomaly,True,0.16296008229255676,0.16296008229255676,0.11622385221571559,0.11622385221571559,0.11048602908849717,False,False,16000,False,,False,0.0,cpu,patch_nearest_normal,last2,14,0.05,False,,,0.00015824295405764133,0.00018771860486589,False,True
2026-08-15 08:44:24,hazelnut,monitor,C:/cira_batch_test/hazelnut/good_9.png,good_9.png,normal,False,0.10020434856414795,3.099441414633475e-07,0.11622385221571559,0.11622385221571559,0.11048602908849717,False,True,16000,True,0.00015392810746561736,True,0.0024246827233582735,cpu,patch_nearest_normal,last2,14,0.05,False,,,0.00014250694948714226,0.00018771860486589,True,True
2026-08-15 08:44:26,hazelnut,monitor,C:/cira_batch_test/hazelnut/good_2.png,good_2.png,normal,False,0.09007900953292847,2.9206276508375595e-07,0.11622385221571559,0.11622385221571559,0.11048602908849717,False,True,16000,True,0.00016902733477763832,True,0.002428066683933139,cpu,patch_nearest_normal,last2,14,0.05,False,,,0.00014960575208533555,0.00018771860486589,True,True
2026-08-15 08:44:27,hazelnut,monitor,C:/cira_batch_test/hazelnut/bad_2.png,bad_2.png,anomaly,True,0.1947147697210312,0.1947147697210312,0.11622385221571559,0.11622385221571559,0.11048602908849717,False,False,16000,False,,False,0.0,cpu,patch_nearest_normal,last2,14,0.05,False,,,0.00016445993969682604,0.00018771860486589,False,True
2026-08-15 08:44:29,hazelnut,monitor,C:/cira_batch_test/hazelnut/bad_17.png,bad_17.png,anomaly,True,0.214645653963089,0.214645653963089,0.11622385221571559,0.11622385221571559,0.11048602908849717,False,False,16000,False,,False,0.0,cpu,patch_nearest_normal,last2,14,0.05,False,,,0.00014073077181819826,0.00018771860486589,False,True
2026-08-15 08:44:30,hazelnut,monitor,C:/cira_batch_test/hazelnut/bad_1.png,bad_1.png,anomaly,True,0.15764369070529938,0.15764369070529938,0.11622385221571559,0.11622385221571559,0.11048602908849717,False,False,16000,False,,False,0.0,cpu,patch_nearest_normal,last2,14,0.05,False,,,0.00014716068108100444,0.00018771860486589,False,True
2026-08-15 08:44:32,hazelnut,monitor,C:/cira_batch_test/hazelnut/good_12.png,good_12.png,normal,False,0.09423463046550751,2.5033949668795685e-07,0.11622385221571559,0.11622385221571559,0.11048602908849717,False,True,16000,True,0.0001689481141511351,True,0.0024262757506221533,cpu,patch_nearest_normal,last2,14,0.05,False,,,0.00015365345461759716,0.00018771860486589,True,True
2026-08-15 08:44:34,hazelnut,monitor,C:/cira_batch_test/hazelnut/good_18.png,good_18.png,normal,False,0.09741442650556564,2.74181360282455e-07,0.11622385221571559,0.11622385221571559,0.11048602908849717,False,True,16000,True,0.00017037938232533634,True,0.002409616718068719,cpu,patch_nearest_normal,last2,14,0.05,False,,,0.0001469186245230958,0.00018771860486589,True,True
2026-08-15 08:44:36,hazelnut,monitor,C:/cira_batch_test/hazelnut/good_17.png,good_17.png,normal,False,0.10955286026000977,2.6226044269606064e-07,0.11622385221571559,0.11622385221571559,0.11048602908849717,False,True,16000,True,0.0001687735493760556,True,0.0024163692723959684,cpu,patch_nearest_normal,last2,14,0.05,False,,,0.00016570619482081383,0.00018771860486589,True,True
2026-08-15 08:44:37,hazelnut,monitor,C:/cira_batch_test/hazelnut/bad_19.png,bad_19.png,anomaly,True,0.12090037763118744,0.12090037763118744,0.11622385221571559,0.11622385221571559,0.11048602908849717,False,False,16000,False,,False,0.0,cpu,patch_nearest_normal,last2,14,0.05,False,,,0.00012769363820552826,0.00018771860486589,False,True
2026-08-15 08:44:39,hazelnut,monitor,C:/cira_batch_test/hazelnut/good_1.png,good_1.png,normal,False,0.09691870957612991,3.039836826701503e-07,0.11622385221571559,0.11622385221571559,0.11048602908849717,False,True,16000,True,0.0001686242176219821,True,0.002414163900539279,cpu,patch_nearest_normal,last2,14,0.05,False,,,0.00015414367953781039,0.00018771860486589,True,True
2026-08-15 08:44:40,leather,monitor,C:/cira_batch_test/leather/bad_10.png,bad_10.png,anomaly,True,0.0820942223072052,0.0820942223072052,0.03417175290126485,0.03417175290126485,0.030724090337753297,False,False,16000,False,,False,0.0,cpu,patch_nearest_normal,last2,14,0.05,False,,,0.00012908790085930377,0.000215753776865275,False,True
2026-08-15 08:44:42,leather,monitor,C:/cira_batch_test/leather/good_16.png,good_16.png,anomaly,True,0.03431837633252144,0.03431837633252144,0.03417175290126485,0.03417175290126485,0.030724090337753297,False,False,16000,False,,False,0.0,cpu,patch_nearest_normal,last2,14,0.05,False,,,0.0001470359566155821,0.000215753776865275,False,True
2026-08-15 08:44:44,leather,monitor,C:/cira_batch_test/leather/bad_12.png,bad_12.png,anomaly,True,0.37309738993644714,0.37309738993644714,0.03417175290126485,0.03417175290126485,0.030724090337753297,False,False,16000,False,,False,0.0,cpu,patch_nearest_normal,last2,14,0.05,False,,,0.00012041487934766337,0.000215753776865275,False,True
2026-08-15 08:44:45,leather,monitor,C:/cira_batch_test/leather/good_11.png,good_11.png,anomaly,True,0.04056365415453911,0.04056365415453911,0.03417175290126485,0.03417175290126485,0.030724090337753297,False,False,16000,False,,False,0.0,cpu,patch_nearest_normal,last2,14,0.05,False,,,0.00010579499212326482,0.000215753776865275,False,True
2026-08-15 08:44:47,leather,monitor,C:/cira_batch_test/leather/bad_13.png,bad_13.png,anomaly,True,0.0342017225921154,0.0342017225921154,0.03417175290126485,0.03417175290126485,0.030724090337753297,False,False,16000,False,,False,0.0,cpu,patch_nearest_normal,last2,14,0.05,False,,,0.00013210596807766706,0.000215753776865275,False,True
2026-08-15 08:44:48,leather,monitor,C:/cira_batch_test/leather/good_7.png,good_7.png,anomaly,True,0.036726582795381546,0.036726582795381546,0.03417175290126485,0.03417175290126485,0.030724090337753297,False,False,16000,False,,False,0.0,cpu,patch_nearest_normal,last2,14,0.05,False,,,0.00011638663272606209,0.000215753776865275,False,True
2026-08-15 08:44:50,leather,monitor,C:/cira_batch_test/leather/good_8.png,good_8.png,anomaly,True,0.035374779254198074,0.035374779254198074,0.03417175290126485,0.03417175290126485,0.030724090337753297,False,False,16000,False,,False,0.0,cpu,patch_nearest_normal,last2,14,0.05,False,,,0.00012068658543284982,0.000215753776865275,False,True
2026-08-15 08:44:51,leather,monitor,C:/cira_batch_test/leather/bad_20.png,bad_20.png,anomaly,True,0.10156619548797607,0.10156619548797607,0.03417175290126485,0.03417175290126485,0.030724090337753297,False,False,16000,False,,False,0.0,cpu,patch_nearest_normal,last2,14,0.05,False,,,0.00017041314276866615,0.000215753776865275,False,True
2026-08-15 08:44:53,leather,monitor,C:/cira_batch_test/leather/good_19.png,good_19.png,normal,False,0.03140809014439583,0.03140809014439583,0.03417175290126485,0.03417175290126485,0.030724090337753297,False,False,16000,False,,False,0.0,cpu,patch_nearest_normal,last2,14,0.05,False,,,0.00014154384552966803,0.000215753776865275,False,True
2026-08-15 08:44:54,leather,monitor,C:/cira_batch_test/leather/bad_3.png,bad_3.png,anomaly,True,0.375313937664032,0.375313937664032,0.03417175290126485,0.03417175290126485,0.030724090337753297,False,False,16000,False,,False,0.0,cpu,patch_nearest_normal,last2,14,0.05,False,,,0.0001714056561468169,0.000215753776865275,False,True
2026-08-15 08:44:56,leather,monitor,C:/cira_batch_test/leather/bad_7.png,bad_7.png,anomaly,True,0.18991155922412872,0.18991155922412872,0.03417175290126485,0.03417175290126485,0.030724090337753297,False,False,16000,False,,False,0.0,cpu,patch_nearest_normal,last2,14,0.05,False,,,0.00013292377116158605,0.000215753776865275,False,True
2026-08-15 08:44:57,leather,monitor,C:/cira_batch_test/leather/bad_15.png,bad_15.png,anomaly,True,0.13468047976493835,0.13468047976493835,0.03417175290126485,0.03417175290126485,0.030724090337753297,False,False,16000,False,,False,0.0,cpu,patch_nearest_normal,last2,14,0.05,False,,,0.00012958896695636213,0.000215753776865275,False,True
2026-08-15 08:44:59,leather,monitor,C:/cira_batch_test/leather/good_5.png,good_5.png,anomaly,True,0.03432568162679672,0.03432568162679672,0.03417175290126485,0.03417175290126485,0.030724090337753297,False,False,16000,False,,False,0.0,cpu,patch_nearest_normal,last2,14,0.05,False,,,0.00011797364277299494,0.000215753776865275,False,True
2026-08-15 08:45:00,leather,monitor,C:/cira_batch_test/leather/good_14.png,good_14.png,anomaly,True,0.04789183288812637,0.04789183288812637,0.03417175290126485,0.03417175290126485,0.030724090337753297,False,False,16000,False,,False,0.0,cpu,patch_nearest_normal,last2,14,0.05,False,,,0.00011648588406387717,0.000215753776865275,False,True
2026-08-15 08:45:02,leather,monitor,C:/cira_batch_test/leather/bad_4.png,bad_4.png,anomaly,True,0.07355661690235138,0.07355661690235138,0.03417175290126485,0.03417175290126485,0.030724090337753297,False,False,16000,False,,False,0.0,cpu,patch_nearest_normal,last2,14,0.05,False,,,0.00014657778956461698,0.000215753776865275,False,True
2026-08-15 08:45:04,leather,monitor,C:/cira_batch_test/leather/good_20.png,good_20.png,anomaly,True,0.03877441957592964,0.03877441957592964,0.03417175290126485,0.03417175290126485,0.030724090337753297,False,False,16000,False,,False,0.0,cpu,patch_nearest_normal,last2,14,0.05,False,,,0.0001321606687270105,0.000215753776865275,False,True
2026-08-15 08:45:06,leather,monitor,C:/cira_batch_test/leather/good_13.png,good_13.png,anomaly,True,0.04109293967485428,0.04109293967485428,0.03417175290126485,0.03417175290126485,0.030724090337753297,False,False,16000,False,,False,0.0,cpu,patch_nearest_normal,last2,14,0.05,False,,,0.00012034674728056416,0.000215753776865275,False,True
2026-08-15 08:45:07,leather,monitor,C:/cira_batch_test/leather/good_15.png,good_15.png,normal,False,0.027622688561677933,3.159046286782541e-07,0.03417175290126485,0.03417175290126485,0.030724090337753297,False,True,16000,True,0.0001687157346168533,True,0.0030215452425181866,cpu,patch_nearest_normal,last2,14,0.05,False,,,0.00016036481247283518,0.000215753776865275,True,True
2026-08-15 08:45:09,leather,monitor,C:/cira_batch_test/leather/good_6.png,good_6.png,anomaly,True,0.035814911127090454,0.035814911127090454,0.03417175290126485,0.03417175290126485,0.030724090337753297,False,False,16000,False,,False,0.0,cpu,patch_nearest_normal,last2,14,0.05,False,,,0.0001408089738106355,0.000215753776865275,False,True
2026-08-15 08:45:10,leather,monitor,C:/cira_batch_test/leather/good_4.png,good_4.png,anomaly,True,0.0366658940911293,0.0366658940911293,0.03417175290126485,0.03417175290126485,0.030724090337753297,False,False,16000,False,,False,0.0,cpu,patch_nearest_normal,last2,14,0.05,False,,,0.00011492976773297414,0.000215753776865275,False,True
2026-08-15 08:45:12,leather,monitor,C:/cira_batch_test/leather/bad_16.png,bad_16.png,anomaly,True,0.03882219269871712,0.03882219269871712,0.03417175290126485,0.03417175290126485,0.030724090337753297,False,False,16000,False,,False,0.0,cpu,patch_nearest_normal,last2,14,0.05,False,,,0.00012572560808621347,0.000215753776865275,False,True
2026-08-15 08:45:14,leather,monitor,C:/cira_batch_test/leather/good_10.png,good_10.png,normal,False,0.033438850194215775,0.033438850194215775,0.03417175290126485,0.03417175290126485,0.030724090337753297,False,False,16000,False,,False,0.0,cpu,patch_nearest_normal,last2,14,0.05,False,,,0.00013150462473277003,0.000215753776865275,False,True
2026-08-15 08:45:15,leather,monitor,C:/cira_batch_test/leather/bad_18.png,bad_18.png,anomaly,True,0.03566163033246994,0.03566163033246994,0.03417175290126485,0.03417175290126485,0.030724090337753297,False,False,16000,False,,False,0.0,cpu,patch_nearest_normal,last2,14,0.05,False,,,0.00011495237413328141,0.000215753776865275,False,True
2026-08-15 08:45:18,leather,monitor,C:/cira_batch_test/leather/good_3.png,good_3.png,anomaly,True,0.035193245857954025,0.035193245857954025,0.03417175290126485,0.03417175290126485,0.030724090337753297,False,False,16000,False,,False,0.0,cpu,patch_nearest_normal,last2,14,0.05,False,,,0.0001313650282099843,0.000215753776865275,False,True
2026-08-15 08:45:19,leather,monitor,C:/cira_batch_test/leather/bad_14.png,bad_14.png,anomaly,True,0.35771963000297546,0.35771963000297546,0.03417175290126485,0.03417175290126485,0.030724090337753297,False,False,16000,False,,False,0.0,cpu,patch_nearest_normal,last2,14,0.05,False,,,0.00011728871322702616,0.000215753776865275,False,True
2026-08-15 08:45:21,leather,monitor,C:/cira_batch_test/leather/bad_6.png,bad_6.png,anomaly,True,0.03622595593333244,0.03622595593333244,0.03417175290126485,0.03417175290126485,0.030724090337753297,False,False,16000,False,,False,0.0,cpu,patch_nearest_normal,last2,14,0.05,False,,,0.00012700739898718894,0.000215753776865275,False,True
2026-08-15 08:45:23,leather,monitor,C:/cira_batch_test/leather/bad_8.png,bad_8.png,anomaly,True,0.0402015820145607,0.0402015820145607,0.03417175290126485,0.03417175290126485,0.030724090337753297,False,False,16000,False,,False,0.0,cpu,patch_nearest_normal,last2,14,0.05,False,,,0.00016299208800774068,0.000215753776865275,False,True
2026-08-15 08:45:25,leather,monitor,C:/cira_batch_test/leather/bad_11.png,bad_11.png,anomaly,True,0.38757139444351196,0.38757139444351196,0.03417175290126485,0.03417175290126485,0.030724090337753297,False,False,16000,False,,False,0.0,cpu,patch_nearest_normal,last2,14,0.05,False,,,0.00018348217417951673,0.000215753776865275,False,True
2026-08-15 08:45:26,leather,monitor,C:/cira_batch_test/leather/bad_9.png,bad_9.png,anomaly,True,0.034828852862119675,0.034828852862119675,0.03417175290126485,0.03417175290126485,0.030724090337753297,False,False,16000,False,,False,0.0,cpu,patch_nearest_normal,last2,14,0.05,False,,,0.00012871077342424542,0.000215753776865275,False,True
2026-08-15 08:45:28,leather,monitor,C:/cira_batch_test/leather/bad_5.png,bad_5.png,anomaly,True,0.04362727329134941,0.04362727329134941,0.03417175290126485,0.03417175290126485,0.030724090337753297,False,False,16000,False,,False,0.0,cpu,patch_nearest_normal,last2,14,0.05,False,,,0.00012439655256457627,0.000215753776865275,False,True
2026-08-15 08:45:29,leather,monitor,C:/cira_batch_test/leather/good_9.png,good_9.png,normal,False,0.03409236669540405,0.03409236669540405,0.03417175290126485,0.03417175290126485,0.030724090337753297,False,False,16000,False,,False,0.0,cpu,patch_nearest_normal,last2,14,0.05,False,,,0.0001279369171243161,0.000215753776865275,False,True
2026-08-15 08:45:31,leather,monitor,C:/cira_batch_test/leather/good_2.png,good_2.png,normal,False,0.033658891916275024,0.033658891916275024,0.03417175290126485,0.03417175290126485,0.030724090337753297,False,False,16000,False,,False,0.0,cpu,patch_nearest_normal,last2,14,0.05,False,,,0.00010791924432851374,0.000215753776865275,False,True
2026-08-15 08:45:32,leather,monitor,C:/cira_batch_test/leather/bad_2.png,bad_2.png,anomaly,True,0.2684004306793213,0.2684004306793213,0.03417175290126485,0.03417175290126485,0.030724090337753297,False,False,16000,False,,False,0.0,cpu,patch_nearest_normal,last2,14,0.05,False,,,0.00010620296961860731,0.000215753776865275,False,True
2026-08-15 08:45:34,leather,monitor,C:/cira_batch_test/leather/bad_17.png,bad_17.png,anomaly,True,0.24226732552051544,0.24226732552051544,0.03417175290126485,0.03417175290126485,0.030724090337753297,False,False,16000,False,,False,0.0,cpu,patch_nearest_normal,last2,14,0.05,False,,,0.000172612359165214,0.000215753776865275,False,True
2026-08-15 08:45:35,leather,monitor,C:/cira_batch_test/leather/bad_1.png,bad_1.png,anomaly,True,0.05137024074792862,0.05137024074792862,0.03417175290126485,0.03417175290126485,0.030724090337753297,False,False,16000,False,,False,0.0,cpu,patch_nearest_normal,last2,14,0.05,False,,,0.00013540996587835252,0.000215753776865275,False,True
2026-08-15 08:45:37,leather,monitor,C:/cira_batch_test/leather/good_12.png,good_12.png,anomaly,True,0.04199092835187912,0.04199092835187912,0.03417175290126485,0.03417175290126485,0.030724090337753297,False,False,16000,False,,False,0.0,cpu,patch_nearest_normal,last2,14,0.05,False,,,0.00010726296750362962,0.000215753776865275,False,True
2026-08-15 08:45:39,leather,monitor,C:/cira_batch_test/leather/good_18.png,good_18.png,normal,False,0.029948269948363304,3.159046286782541e-07,0.03417175290126485,0.03417175290126485,0.030724090337753297,False,True,16000,True,0.0001390737743349746,True,0.0028657696675509214,cpu,patch_nearest_normal,last2,14,0.05,False,,,0.00012756834621541202,0.000215753776865275,True,True
2026-08-15 08:45:40,leather,monitor,C:/cira_batch_test/leather/good_17.png,good_17.png,normal,False,0.028538888320326805,3.397464638510428e-07,0.03417175290126485,0.03417175290126485,0.030724090337753297,False,True,16000,True,0.00013704749289900064,True,0.0028019698802381754,cpu,patch_nearest_normal,last2,14,0.05,False,,,0.00013603849220089614,0.000215753776865275,True,True
2026-08-15 08:45:42,leather,monitor,C:/cira_batch_test/leather/bad_19.png,bad_19.png,normal,False,0.03182296082377434,0.03182296082377434,0.03417175290126485,0.03417175290126485,0.030724090337753297,False,False,16000,False,,False,0.0,cpu,patch_nearest_normal,last2,14,0.05,False,,,0.00017645835760049522,0.000215753776865275,False,True
2026-08-15 08:45:44,leather,monitor,C:/cira_batch_test/leather/good_1.png,good_1.png,anomaly,True,0.034383244812488556,0.034383244812488556,0.03417175290126485,0.03417175290126485,0.030724090337753297,False,False,16000,False,,False,0.0,cpu,patch_nearest_normal,last2,14,0.05,False,,,0.00012741686077788472,0.000215753776865275,False,True
2026-08-15 08:45:45,metal_nut,monitor,C:/cira_batch_test/metal_nut/bad_10.png,bad_10.png,anomaly,True,0.11286713927984238,0.11286713927984238,0.07371339670893942,0.07371339670893942,0.06968219578266144,False,False,16000,False,,False,0.0,cpu,patch_nearest_normal,last2,14,0.05,False,,,0.00010997711069649085,0.00010222778946618,False,False
2026-08-15 08:45:47,metal_nut,monitor,C:/cira_batch_test/metal_nut/good_16.png,good_16.png,normal,False,0.06986961513757706,0.06986961513757706,0.07371339670893942,0.07371339670893942,0.06968219578266144,False,False,16000,False,,False,0.0,cpu,patch_nearest_normal,last2,14,0.05,False,,,8.947606693254784e-05,0.00010222778946618,False,True
2026-08-15 08:45:48,metal_nut,monitor,C:/cira_batch_test/metal_nut/bad_12.png,bad_12.png,anomaly,True,0.11977102607488632,0.11977102607488632,0.07371339670893942,0.07371339670893942,0.06968219578266144,False,False,16000,False,,False,0.0,cpu,patch_nearest_normal,last2,14,0.05,False,,,9.533984120935202e-05,0.00010222778946618,False,True
2026-08-15 08:45:49,metal_nut,monitor,C:/cira_batch_test/metal_nut/good_11.png,good_11.png,anomaly,True,0.07571141421794891,0.07571141421794891,0.07371339670893942,0.07371339670893942,0.06968219578266144,False,False,16000,False,,False,0.0,cpu,patch_nearest_normal,last2,14,0.05,False,,,8.844534022500739e-05,0.00010222778946618,False,True
2026-08-15 08:45:51,metal_nut,monitor,C:/cira_batch_test/metal_nut/bad_13.png,bad_13.png,anomaly,True,0.18745455145835876,0.18745455145835876,0.07371339670893942,0.07371339670893942,0.06968219578266144,False,False,16000,False,,False,0.0,cpu,patch_nearest_normal,last2,14,0.05,False,,,9.902579040499404e-05,0.00010222778946618,False,True
2026-08-15 08:45:53,metal_nut,monitor,C:/cira_batch_test/metal_nut/good_7.png,good_7.png,normal,False,0.06684857606887817,3.039836826701503e-07,0.07371339670893942,0.07371339670893942,0.06968219578266144,False,True,16000,True,0.00011837646889034659,True,0.002997456816956401,cpu,patch_nearest_normal,last2,14,0.05,False,,,0.00010183431004406884,0.00010222778946618,True,True
2026-08-15 08:45:54,metal_nut,monitor,C:/cira_batch_test/metal_nut/good_8.png,good_8.png,anomaly,True,0.07665781676769257,0.07665781676769257,0.07371339670893942,0.07371339670893942,0.06968219578266144,False,False,16000,False,,False,0.0,cpu,patch_nearest_normal,last2,14,0.05,False,,,9.097953443415463e-05,0.00010222778946618,False,True
2026-08-15 08:45:55,metal_nut,monitor,C:/cira_batch_test/metal_nut/bad_20.png,bad_20.png,anomaly,True,0.16252218186855316,0.16252218186855316,0.07371339670893942,0.07371339670893942,0.06968219578266144,False,False,16000,False,,False,0.0,cpu,patch_nearest_normal,last2,14,0.05,False,,,0.00010988057329086587,0.00010222778946618,False,False
2026-08-15 08:45:57,metal_nut,monitor,C:/cira_batch_test/metal_nut/good_19.png,good_19.png,normal,False,0.0521639883518219,0.0521639883518219,0.07371339670893942,0.07371339670893942,0.06968219578266144,False,False,16000,False,,False,0.0,cpu,patch_nearest_normal,last2,14,0.05,False,,,0.00010277857654727995,0.00010222778946618,True,False
2026-08-15 08:45:58,metal_nut,monitor,C:/cira_batch_test/metal_nut/bad_3.png,bad_3.png,anomaly,True,0.1498567909002304,0.1498567909002304,0.07371339670893942,0.07371339670893942,0.06968219578266144,False,False,16000,False,,False,0.0,cpu,patch_nearest_normal,last2,14,0.05,False,,,0.0001078262212104164,0.00010222778946618,False,False
2026-08-15 08:46:00,metal_nut,monitor,C:/cira_batch_test/metal_nut/bad_7.png,bad_7.png,anomaly,True,0.1471729278564453,0.1471729278564453,0.07371339670893942,0.07371339670893942,0.06968219578266144,False,False,16000,False,,False,0.0,cpu,patch_nearest_normal,last2,14,0.05,False,,,0.00011338966578477994,0.00010222778946618,False,False
2026-08-15 08:46:01,metal_nut,monitor,C:/cira_batch_test/metal_nut/bad_15.png,bad_15.png,anomaly,True,0.16552233695983887,0.16552233695983887,0.07371339670893942,0.07371339670893942,0.06968219578266144,False,False,16000,False,,False,0.0,cpu,patch_nearest_normal,last2,14,0.05,False,,,0.00012033164966851473,0.00010222778946618,False,False
2026-08-15 08:46:03,metal_nut,monitor,C:/cira_batch_test/metal_nut/good_5.png,good_5.png,normal,False,0.060824234038591385,2.8014181907565217e-07,0.07371339670893942,0.07371339670893942,0.06968219578266144,False,True,16000,True,0.0001063215677277185,True,0.002730092266574502,cpu,patch_nearest_normal,last2,14,0.05,False,,,8.960226114140823e-05,0.00010222778946618,True,True
2026-08-15 08:46:04,metal_nut,monitor,C:/cira_batch_test/metal_nut/good_14.png,good_14.png,normal,False,0.06918922811746597,2.9206276508375595e-07,0.07371339670893942,0.07371339670893942,0.06968219578266144,False,True,16000,True,0.00011364473903086036,True,0.002603083150461316,cpu,patch_nearest_normal,last2,14,0.05,False,,,8.417289791395888e-05,0.00010222778946618,True,True
2026-08-15 08:46:06,metal_nut,monitor,C:/cira_batch_test/metal_nut/bad_4.png,bad_4.png,anomaly,True,0.19936180114746094,0.19936180114746094,0.07371339670893942,0.07371339670893942,0.06968219578266144,False,False,16000,False,,False,0.0,cpu,patch_nearest_normal,last2,14,0.05,False,,,0.00011005574924638495,0.00010222778946618,False,False
2026-08-15 08:46:08,metal_nut,monitor,C:/cira_batch_test/metal_nut/good_20.png,good_20.png,normal,False,0.05546381324529648,2.0265579792067e-07,0.07371339670893942,0.07371339670893942,0.06968219578266144,False,True,16000,True,0.00011309044202789664,True,0.00254344055429101,cpu,patch_nearest_normal,last2,14,0.05,False,,,0.00010107361595146358,0.00010222778946618,True,True
2026-08-15 08:46:09,metal_nut,monitor,C:/cira_batch_test/metal_nut/good_13.png,good_13.png,normal,False,0.06880880147218704,2.5629998390286346e-07,0.07371339670893942,0.07371339670893942,0.06968219578266144,False,True,16000,True,9.899650467559695e-05,True,0.0024876631796360016,cpu,patch_nearest_normal,last2,14,0.05,False,,,8.335842721862718e-05,0.00010222778946618,True,True
2026-08-15 08:46:11,metal_nut,monitor,C:/cira_batch_test/metal_nut/good_15.png,good_15.png,normal,False,0.05824776366353035,2.384185791015625e-07,0.07371339670893942,0.07371339670893942,0.06968219578266144,False,True,16000,True,0.00011259038001298904,True,0.002493355656042695,cpu,patch_nearest_normal,last2,14,0.05,False,,,9.782967390492558e-05,0.00010222778946618,True,True
2026-08-15 08:46:13,metal_nut,monitor,C:/cira_batch_test/metal_nut/good_6.png,good_6.png,normal,False,0.06768839061260223,2.3245812030836532e-07,0.07371339670893942,0.07371339670893942,0.06968219578266144,False,True,16000,True,0.00011281620390946046,True,0.00248921662569046,cpu,patch_nearest_normal,last2,14,0.05,False,,,0.00010014509462052956,0.00010222778946618,True,True
2026-08-15 08:46:14,metal_nut,monitor,C:/cira_batch_test/metal_nut/good_4.png,good_4.png,normal,False,0.061557553708553314,2.2649764730431343e-07,0.07371339670893942,0.07371339670893942,0.06968219578266144,False,True,16000,True,0.00010511522850720212,True,0.002462830161675811,cpu,patch_nearest_normal,last2,14,0.05,False,,,9.127138037001714e-05,0.00010222778946618,True,True
2026-08-15 08:46:16,metal_nut,monitor,C:/cira_batch_test/metal_nut/bad_16.png,bad_16.png,anomaly,True,0.18384285271167755,0.18384285271167755,0.07371339670893942,0.07371339670893942,0.06968219578266144,False,False,16000,False,,False,0.0,cpu,patch_nearest_normal,last2,14,0.05,False,,,0.00010591612226562575,0.00010222778946618,False,False
2026-08-15 08:46:17,metal_nut,monitor,C:/cira_batch_test/metal_nut/good_10.png,good_10.png,normal,False,0.0724710002541542,0.0724710002541542,0.07371339670893942,0.07371339670893942,0.06968219578266144,False,False,16000,False,,False,0.0,cpu,patch_nearest_normal,last2,14,0.05,False,,,8.39575077407062e-05,0.00010222778946618,False,True
2026-08-15 08:46:19,metal_nut,monitor,C:/cira_batch_test/metal_nut/bad_18.png,bad_18.png,anomaly,True,0.12385477870702744,0.12385477870702744,0.07371339670893942,0.07371339670893942,0.06968219578266144,False,False,16000,False,,False,0.0,cpu,patch_nearest_normal,last2,14,0.05,False,,,0.00010071694850921631,0.00010222778946618,False,True
2026-08-15 08:46:20,metal_nut,monitor,C:/cira_batch_test/metal_nut/good_3.png,good_3.png,normal,False,0.06566005200147629,3.2186508747145126e-07,0.07371339670893942,0.07371339670893942,0.06968219578266144,False,True,16000,True,0.00010761372686829418,True,0.002462049713358283,cpu,patch_nearest_normal,last2,14,0.05,False,,,9.784089343156666e-05,0.00010222778946618,True,True
2026-08-15 08:46:22,metal_nut,monitor,C:/cira_batch_test/metal_nut/bad_14.png,bad_14.png,anomaly,True,0.16225667297840118,0.16225667297840118,0.07371339670893942,0.07371339670893942,0.06968219578266144,False,False,16000,False,,False,0.0,cpu,patch_nearest_normal,last2,14,0.05,False,,,9.675268665887415e-05,0.00010222778946618,False,True
2026-08-15 08:46:23,metal_nut,monitor,C:/cira_batch_test/metal_nut/bad_6.png,bad_6.png,anomaly,True,0.15688170492649078,0.15688170492649078,0.07371339670893942,0.07371339670893942,0.06968219578266144,False,False,16000,False,,False,0.0,cpu,patch_nearest_normal,last2,14,0.05,False,,,0.00012946038623340428,0.00010222778946618,False,False
2026-08-15 08:46:25,metal_nut,monitor,C:/cira_batch_test/metal_nut/bad_8.png,bad_8.png,anomaly,True,0.1670505255460739,0.1670505255460739,0.07371339670893942,0.07371339670893942,0.06968219578266144,False,False,16000,False,,False,0.0,cpu,patch_nearest_normal,last2,14,0.05,False,,,0.00012116656580474228,0.00010222778946618,False,False
2026-08-15 08:46:26,metal_nut,monitor,C:/cira_batch_test/metal_nut/bad_11.png,bad_11.png,anomaly,True,0.16163167357444763,0.16163167357444763,0.07371339670893942,0.07371339670893942,0.06968219578266144,False,False,16000,False,,False,0.0,cpu,patch_nearest_normal,last2,14,0.05,False,,,0.00013959726493339986,0.00010222778946618,False,False
2026-08-15 08:46:27,metal_nut,monitor,C:/cira_batch_test/metal_nut/bad_9.png,bad_9.png,anomaly,True,0.16026267409324646,0.16026267409324646,0.07371339670893942,0.07371339670893942,0.06968219578266144,False,False,16000,False,,False,0.0,cpu,patch_nearest_normal,last2,14,0.05,False,,,0.00010570528684183955,0.00010222778946618,False,False
2026-08-15 08:46:29,metal_nut,monitor,C:/cira_batch_test/metal_nut/bad_5.png,bad_5.png,anomaly,True,0.1515958607196808,0.1515958607196808,0.07371339670893942,0.07371339670893942,0.06968219578266144,False,False,16000,False,,False,0.0,cpu,patch_nearest_normal,last2,14,0.05,False,,,0.00010864470823435113,0.00010222778946618,False,False
2026-08-15 08:46:30,metal_nut,monitor,C:/cira_batch_test/metal_nut/good_9.png,good_9.png,anomaly,True,0.07730032503604889,0.07730032503604889,0.07371339670893942,0.07371339670893942,0.06968219578266144,False,False,16000,False,,False,0.0,cpu,patch_nearest_normal,last2,14,0.05,False,,,9.08912843442522e-05,0.00010222778946618,False,True
2026-08-15 08:46:32,metal_nut,monitor,C:/cira_batch_test/metal_nut/good_2.png,good_2.png,normal,False,0.05959639698266983,2.8610230629055877e-07,0.07371339670893942,0.07371339670893942,0.06968219578266144,False,True,16000,True,0.00011617819836828858,True,0.002467748476192355,cpu,patch_nearest_normal,last2,14,0.05,True,C:\cira_ttl_checkpoints\metal_nut\patch_memory_bank_update_10.pt,C:\cira_ttl_checkpoints\metal_nut\patch_adapter_update_10.pt,0.00010059744818136096,0.00010222778946618,True,True
2026-08-15 08:46:33,metal_nut,monitor,C:/cira_batch_test/metal_nut/bad_2.png,bad_2.png,anomaly,True,0.07513345032930374,0.07513345032930374,0.07371339670893942,0.07371339670893942,0.06968219578266144,False,False,16000,False,,False,0.0,cpu,patch_nearest_normal,last2,14,0.05,False,,,0.00011273334530415013,0.00010222778946618,False,False
2026-08-15 08:46:35,metal_nut,monitor,C:/cira_batch_test/metal_nut/bad_17.png,bad_17.png,anomaly,True,0.14883165061473846,0.14883165061473846,0.07371339670893942,0.07371339670893942,0.06968219578266144,False,False,16000,False,,False,0.0,cpu,patch_nearest_normal,last2,14,0.05,False,,,0.00011526040907483548,0.00010222778946618,False,False
2026-08-15 08:46:36,metal_nut,monitor,C:/cira_batch_test/metal_nut/bad_1.png,bad_1.png,anomaly,True,0.12017154693603516,0.12017154693603516,0.07371339670893942,0.07371339670893942,0.06968219578266144,False,False,16000,False,,False,0.0,cpu,patch_nearest_normal,last2,14,0.05,False,,,0.00010394398123025894,0.00010222778946618,False,False
2026-08-15 08:46:38,metal_nut,monitor,C:/cira_batch_test/metal_nut/good_12.png,good_12.png,normal,False,0.0560997910797596,2.8014181907565217e-07,0.07371339670893942,0.07371339670893942,0.06968219578266144,False,True,16000,True,0.00010977372585330158,True,0.002475337591022253,cpu,patch_nearest_normal,last2,14,0.05,False,,,9.655638132244349e-05,0.00010222778946618,True,True
2026-08-15 08:46:40,metal_nut,monitor,C:/cira_batch_test/metal_nut/good_18.png,good_18.png,normal,False,0.05888882279396057,3.039836826701503e-07,0.07371339670893942,0.07371339670893942,0.06968219578266144,False,True,16000,True,0.00011548345355549827,True,0.0024716821499168873,cpu,patch_nearest_normal,last2,14,0.05,False,,,9.958780719898641e-05,0.00010222778946618,True,True
2026-08-15 08:46:41,metal_nut,monitor,C:/cira_batch_test/metal_nut/good_17.png,good_17.png,anomaly,True,0.08218204975128174,0.08218204975128174,0.07371339670893942,0.07371339670893942,0.06968219578266144,False,False,16000,False,,False,0.0,cpu,patch_nearest_normal,last2,14,0.05,False,,,0.00010585541895125061,0.00010222778946618,False,False
2026-08-15 08:46:43,metal_nut,monitor,C:/cira_batch_test/metal_nut/bad_19.png,bad_19.png,anomaly,True,0.15677908062934875,0.15677908062934875,0.07371339670893942,0.07371339670893942,0.06968219578266144,False,False,16000,False,,False,0.0,cpu,patch_nearest_normal,last2,14,0.05,False,,,0.0001300556177739054,0.00010222778946618,False,False
2026-08-15 08:46:44,metal_nut,monitor,C:/cira_batch_test/metal_nut/good_1.png,good_1.png,normal,False,0.05878911539912224,3.159046286782541e-07,0.07371339670893942,0.07371339670893942,0.06968219578266144,False,True,16000,True,0.00010354405821999535,True,0.0024563223123550415,cpu,patch_nearest_normal,last2,14,0.05,False,,,9.160857734968886e-05,0.00010222778946618,True,True
2026-08-15 08:46:46,pill,monitor,C:/cira_batch_test/pill/bad_10.png,bad_10.png,normal,False,0.046015601605176926,2.9206276508375595e-07,0.05881828558520522,0.05881828558520522,0.05084799118340016,False,True,16000,True,0.0001592079788679257,True,0.0030062694568187,cpu,patch_nearest_normal,last2,14,0.05,False,,,0.00015563199121970683,0.00015804108188598499,True,True
2026-08-15 08:46:47,pill,monitor,C:/cira_batch_test/pill/good_16.png,good_16.png,normal,False,0.05522596836090088,0.05522596836090088,0.05881828558520522,0.05881828558520522,0.05084799118340016,False,False,16000,False,,False,0.0,cpu,patch_nearest_normal,last2,14,0.05,False,,,0.00014023612311575562,0.00015804108188598499,False,True
2026-08-15 08:46:49,pill,monitor,C:/cira_batch_test/pill/bad_12.png,bad_12.png,anomaly,True,0.12155623733997345,0.12155623733997345,0.05881828558520522,0.05881828558520522,0.05084799118340016,False,False,16000,False,,False,0.0,cpu,patch_nearest_normal,last2,14,0.05,False,,,0.00015804043505340815,0.00015804108188598499,False,True
2026-08-15 08:46:50,pill,monitor,C:/cira_batch_test/pill/good_11.png,good_11.png,normal,False,0.05101887509226799,0.05101887509226799,0.05881828558520522,0.05881828558520522,0.05084799118340016,False,False,16000,False,,False,0.0,cpu,patch_nearest_normal,last2,14,0.05,False,,,0.00011061177792726085,0.00015804108188598499,False,True
2026-08-15 08:46:52,pill,monitor,C:/cira_batch_test/pill/bad_13.png,bad_13.png,normal,False,0.058243267238140106,0.058243267238140106,0.05881828558520522,0.05881828558520522,0.05084799118340016,False,False,16000,False,,False,0.0,cpu,patch_nearest_normal,last2,14,0.05,False,,,0.00015391327906399965,0.00015804108188598499,False,True
2026-08-15 08:46:53,pill,monitor,C:/cira_batch_test/pill/good_7.png,good_7.png,normal,False,0.045486558228731155,3.337860050578456e-07,0.05881828558520522,0.05881828558520522,0.05084799118340016,False,True,16000,True,0.0001614502107258886,True,0.0027954119723290205,cpu,patch_nearest_normal,last2,14,0.05,False,,,0.00015142097254283726,0.00015804108188598499,True,True
2026-08-15 08:46:55,pill,monitor,C:/cira_batch_test/pill/good_8.png,good_8.png,normal,False,0.058624155819416046,0.058624155819416046,0.05881828558520522,0.05881828558520522,0.05084799118340016,False,False,16000,False,,False,0.0,cpu,patch_nearest_normal,last2,14,0.05,False,,,0.00013635579671245068,0.00015804108188598499,False,True
2026-08-15 08:46:56,pill,monitor,C:/cira_batch_test/pill/bad_20.png,bad_20.png,anomaly,True,0.06293399631977081,0.06293399631977081,0.05881828558520522,0.05881828558520522,0.05084799118340016,False,False,16000,False,,False,0.0,cpu,patch_nearest_normal,last2,14,0.05,False,,,0.00013996860070619732,0.00015804108188598499,False,True
2026-08-15 08:46:58,pill,monitor,C:/cira_batch_test/pill/good_19.png,good_19.png,normal,False,0.05769111588597298,0.05769111588597298,0.05881828558520522,0.05881828558520522,0.05084799118340016,False,False,16000,False,,False,0.0,cpu,patch_nearest_normal,last2,14,0.05,False,,,0.00015523715410381556,0.00015804108188598499,False,True
2026-08-15 08:46:59,pill,monitor,C:/cira_batch_test/pill/bad_3.png,bad_3.png,anomaly,True,0.06860991567373276,0.06860991567373276,0.05881828558520522,0.05881828558520522,0.05084799118340016,False,False,16000,False,,False,0.0,cpu,patch_nearest_normal,last2,14,0.05,False,,,0.00015972032269928604,0.00015804108188598499,False,False
2026-08-15 08:47:00,pill,monitor,C:/cira_batch_test/pill/bad_7.png,bad_7.png,anomaly,True,0.07231516391038895,0.07231516391038895,0.05881828558520522,0.05881828558520522,0.05084799118340016,False,False,16000,False,,False,0.0,cpu,patch_nearest_normal,last2,14,0.05,False,,,0.00013997728819958866,0.00015804108188598499,False,True
2026-08-15 08:47:02,pill,monitor,C:/cira_batch_test/pill/bad_15.png,bad_15.png,anomaly,True,0.0737886130809784,0.0737886130809784,0.05881828558520522,0.05881828558520522,0.05084799118340016,False,False,16000,False,,False,0.0,cpu,patch_nearest_normal,last2,14,0.05,False,,,0.00014167635526973754,0.00015804108188598499,False,True
2026-08-15 08:47:04,pill,monitor,C:/cira_batch_test/pill/good_5.png,good_5.png,normal,False,0.039597056806087494,3.516674098591466e-07,0.05881828558520522,0.05881828558520522,0.05084799118340016,False,True,16000,True,0.00014159006241243333,True,0.002728021703660488,cpu,patch_nearest_normal,last2,14,0.05,False,,,0.00013918850163463503,0.00015804108188598499,True,True
2026-08-15 08:47:05,pill,monitor,C:/cira_batch_test/pill/good_14.png,good_14.png,normal,False,0.04791007563471794,2.8014181907565217e-07,0.05881828558520522,0.05881828558520522,0.05084799118340016,False,True,16000,True,0.00014656365965493023,True,0.002677281852811575,cpu,patch_nearest_normal,last2,14,0.05,False,,,0.00012049930228386074,0.00015804108188598499,True,True
2026-08-15 08:47:07,pill,monitor,C:/cira_batch_test/pill/bad_4.png,bad_4.png,anomaly,True,0.06916928291320801,0.06916928291320801,0.05881828558520522,0.05881828558520522,0.05084799118340016,False,False,16000,False,,False,0.0,cpu,patch_nearest_normal,last2,14,0.05,False,,,0.00015744268603157252,0.00015804108188598499,False,True
2026-08-15 08:47:08,pill,monitor,C:/cira_batch_test/pill/good_20.png,good_20.png,normal,False,0.05344662815332413,0.05344662815332413,0.05881828558520522,0.05881828558520522,0.05084799118340016,False,False,16000,False,,False,0.0,cpu,patch_nearest_normal,last2,14,0.05,False,,,0.00013427977683022618,0.00015804108188598499,False,True
2026-08-15 08:47:09,pill,monitor,C:/cira_batch_test/pill/good_13.png,good_13.png,anomaly,True,0.06280394643545151,0.06280394643545151,0.05881828558520522,0.05881828558520522,0.05084799118340016,False,False,16000,False,,False,0.0,cpu,patch_nearest_normal,last2,14,0.05,False,,,0.00013668158499058336,0.00015804108188598499,False,True
2026-08-15 08:47:11,pill,monitor,C:/cira_batch_test/pill/good_15.png,good_15.png,normal,False,0.050164878368377686,3.159046286782541e-07,0.05881828558520522,0.05881828558520522,0.05084799118340016,False,True,16000,True,0.00014521203411277384,True,0.002625363180413842,cpu,patch_nearest_normal,last2,14,0.05,False,,,0.0001396801817463711,0.00015804108188598499,True,True
2026-08-15 08:47:13,pill,monitor,C:/cira_batch_test/pill/good_6.png,good_6.png,normal,False,0.04527996852993965,3.397464638510428e-07,0.05881828558520522,0.05881828558520522,0.05084799118340016,False,True,16000,True,0.0001611335901543498,True,0.00261463550850749,cpu,patch_nearest_normal,last2,14,0.05,False,,,0.00014772308350075036,0.00015804108188598499,True,True
2026-08-15 08:47:14,pill,monitor,C:/cira_batch_test/pill/good_4.png,good_4.png,normal,False,0.04680129885673523,3.397464638510428e-07,0.05881828558520522,0.05881828558520522,0.05084799118340016,False,True,16000,True,0.00014904433919582516,True,0.0025945506058633327,cpu,patch_nearest_normal,last2,14,0.05,False,,,0.00015639644698239863,0.00015804108188598499,True,True
2026-08-15 08:47:16,pill,monitor,C:/cira_batch_test/pill/bad_16.png,bad_16.png,anomaly,True,0.07183214277029037,0.07183214277029037,0.05881828558520522,0.05881828558520522,0.05084799118340016,False,False,16000,False,,False,0.0,cpu,patch_nearest_normal,last2,14,0.05,False,,,0.00016263281577266753,0.00015804108188598499,False,False
2026-08-15 08:47:18,pill,monitor,C:/cira_batch_test/pill/good_10.png,good_10.png,normal,False,0.043974436819553375,2.8014181907565217e-07,0.05881828558520522,0.05881828558520522,0.05084799118340016,False,True,16000,True,0.00013982965901959687,True,0.002581316977739334,cpu,patch_nearest_normal,last2,14,0.05,False,,,0.00012423093721736223,0.00015804108188598499,True,True
2026-08-15 08:47:19,pill,monitor,C:/cira_batch_test/pill/bad_18.png,bad_18.png,normal,False,0.05329814553260803,0.05329814553260803,0.05881828558520522,0.05881828558520522,0.05084799118340016,False,False,16000,False,,False,0.0,cpu,patch_nearest_normal,last2,14,0.05,False,,,0.00013517578190658242,0.00015804108188598499,False,True
2026-08-15 08:47:21,pill,monitor,C:/cira_batch_test/pill/good_3.png,good_3.png,normal,False,0.04293229430913925,2.8610230629055877e-07,0.05881828558520522,0.05881828558520522,0.05084799118340016,False,True,16000,True,0.00014434581680689007,True,0.002563724061474204,cpu,patch_nearest_normal,last2,14,0.05,False,,,0.00013351462257560343,0.00015804108188598499,True,True
2026-08-15 08:47:22,pill,monitor,C:/cira_batch_test/pill/bad_14.png,bad_14.png,anomaly,True,0.06934727728366852,0.06934727728366852,0.05881828558520522,0.05881828558520522,0.05084799118340016,False,False,16000,False,,False,0.0,cpu,patch_nearest_normal,last2,14,0.05,False,,,0.0001438565959688276,0.00015804108188598499,False,True
2026-08-15 08:47:24,pill,monitor,C:/cira_batch_test/pill/bad_6.png,bad_6.png,anomaly,True,0.07781541347503662,0.07781541347503662,0.05881828558520522,0.05881828558520522,0.05084799118340016,False,False,16000,False,,False,0.0,cpu,patch_nearest_normal,last2,14,0.05,False,,,0.00015664781676605344,0.00015804108188598499,False,True
2026-08-15 08:47:25,pill,monitor,C:/cira_batch_test/pill/bad_8.png,bad_8.png,anomaly,True,0.1170172244310379,0.1170172244310379,0.05881828558520522,0.05881828558520522,0.05084799118340016,False,False,16000,False,,False,0.0,cpu,patch_nearest_normal,last2,14,0.05,False,,,0.00015312792675103992,0.00015804108188598499,False,True
2026-08-15 08:47:26,pill,monitor,C:/cira_batch_test/pill/bad_11.png,bad_11.png,anomaly,True,0.09426523745059967,0.09426523745059967,0.05881828558520522,0.05881828558520522,0.05084799118340016,False,False,16000,False,,False,0.0,cpu,patch_nearest_normal,last2,14,0.05,False,,,0.00015222583897411823,0.00015804108188598499,False,True
2026-08-15 08:47:28,pill,monitor,C:/cira_batch_test/pill/bad_9.png,bad_9.png,anomaly,True,0.06139378994703293,0.06139378994703293,0.05881828558520522,0.05881828558520522,0.05084799118340016,False,False,16000,False,,False,0.0,cpu,patch_nearest_normal,last2,14,0.05,False,,,0.00014212087262421846,0.00015804108188598499,False,True
2026-08-15 08:47:29,pill,monitor,C:/cira_batch_test/pill/bad_5.png,bad_5.png,anomaly,True,0.18534915149211884,0.18534915149211884,0.05881828558520522,0.05881828558520522,0.05084799118340016,False,False,16000,False,,False,0.0,cpu,patch_nearest_normal,last2,14,0.05,False,,,0.00014590585487894714,0.00015804108188598499,False,True
2026-08-15 08:47:31,pill,monitor,C:/cira_batch_test/pill/good_9.png,good_9.png,normal,False,0.047181807458400726,2.9206276508375595e-07,0.05881828558520522,0.05881828558520522,0.05084799118340016,False,True,16000,True,0.0001444033841835335,True,0.0025704156141728163,cpu,patch_nearest_normal,last2,14,0.05,True,C:\cira_ttl_checkpoints\pill\patch_memory_bank_update_10.pt,C:\cira_ttl_checkpoints\pill\patch_adapter_update_10.pt,0.0001381316687911749,0.00015804108188598499,True,True
2026-08-15 08:47:33,pill,monitor,C:/cira_batch_test/pill/good_2.png,good_2.png,normal,False,0.042038995772600174,2.384185791015625e-07,0.05881828558520522,0.05881828558520522,0.05084799118340016,False,True,16000,True,0.00014640479639638215,True,0.0025725108571350574,cpu,patch_nearest_normal,last2,14,0.05,False,,,0.000138856063131243,0.00015804108188598499,True,True
2026-08-15 08:47:34,pill,monitor,C:/cira_batch_test/pill/bad_2.png,bad_2.png,anomaly,True,0.0744745284318924,0.0744745284318924,0.05881828558520522,0.05881828558520522,0.05084799118340016,False,False,16000,False,,False,0.0,cpu,patch_nearest_normal,last2,14,0.05,False,,,0.00014811962319072336,0.00015804108188598499,False,True
2026-08-15 08:47:36,pill,monitor,C:/cira_batch_test/pill/bad_17.png,bad_17.png,anomaly,True,0.07884099334478378,0.07884099334478378,0.05881828558520522,0.05881828558520522,0.05084799118340016,False,False,16000,False,,False,0.0,cpu,patch_nearest_normal,last2,14,0.05,False,,,0.00016668735770508647,0.00015804108188598499,False,False
2026-08-15 08:47:37,pill,monitor,C:/cira_batch_test/pill/bad_1.png,bad_1.png,anomaly,True,0.08056193590164185,0.08056193590164185,0.05881828558520522,0.05881828558520522,0.05084799118340016,False,False,16000,False,,False,0.0,cpu,patch_nearest_normal,last2,14,0.05,False,,,0.0001472082076361403,0.00015804108188598499,False,True
2026-08-15 08:47:38,pill,monitor,C:/cira_batch_test/pill/good_12.png,good_12.png,normal,False,0.0512087345123291,0.0512087345123291,0.05881828558520522,0.05881828558520522,0.05084799118340016,False,False,16000,False,,False,0.0,cpu,patch_nearest_normal,last2,14,0.05,False,,,0.00012908327335026115,0.00015804108188598499,False,True
2026-08-15 08:47:40,pill,monitor,C:/cira_batch_test/pill/good_18.png,good_18.png,normal,False,0.049095552414655685,0.049095552414655685,0.05881828558520522,0.05881828558520522,0.05084799118340016,False,False,16000,False,,False,0.0,cpu,patch_nearest_normal,last2,14,0.05,False,,,0.00016577170754317194,0.00015804108188598499,True,False
2026-08-15 08:47:41,pill,monitor,C:/cira_batch_test/pill/good_17.png,good_17.png,normal,False,0.05372743681073189,0.05372743681073189,0.05881828558520522,0.05881828558520522,0.05084799118340016,False,False,16000,False,,False,0.0,cpu,patch_nearest_normal,last2,14,0.05,False,,,0.0001467136899009347,0.00015804108188598499,False,True
2026-08-15 08:47:43,pill,monitor,C:/cira_batch_test/pill/bad_19.png,bad_19.png,anomaly,True,0.060565538704395294,0.060565538704395294,0.05881828558520522,0.05881828558520522,0.05084799118340016,False,False,16000,False,,False,0.0,cpu,patch_nearest_normal,last2,14,0.05,False,,,0.00014922188711352646,0.00015804108188598499,False,True
2026-08-15 08:47:45,pill,monitor,C:/cira_batch_test/pill/good_1.png,good_1.png,normal,False,0.04550423473119736,2.384185791015625e-07,0.05881828558520522,0.05881828558520522,0.05084799118340016,False,True,16000,True,0.00014828750863671303,True,0.002554034348577261,cpu,patch_nearest_normal,last2,14,0.05,False,,,0.00014960220141801983,0.00015804108188598499,True,True
2026-08-15 08:47:46,screw,monitor,C:/cira_batch_test/screw/bad_10.png,bad_10.png,anomaly,True,0.06733480095863342,0.06733480095863342,0.06300563204730296,0.06300563204730296,0.05946885421872139,False,False,16000,False,,False,0.0,cpu,patch_nearest_normal,last2,14,0.05,False,,,0.00010135435150004923,0.00012727336943498,False,True
2026-08-15 08:47:47,screw,monitor,C:/cira_batch_test/screw/good_16.png,good_16.png,normal,False,0.06156136468052864,0.06156136468052864,0.06300563204730296,0.06300563204730296,0.05946885421872139,False,False,16000,False,,False,0.0,cpu,patch_nearest_normal,last2,14,0.05,False,,,0.0001222436549142003,0.00012727336943498,False,True
2026-08-15 08:47:49,screw,monitor,C:/cira_batch_test/screw/bad_12.png,bad_12.png,anomaly,True,0.0718311071395874,0.0718311071395874,0.06300563204730296,0.06300563204730296,0.05946885421872139,False,False,16000,False,,False,0.0,cpu,patch_nearest_normal,last2,14,0.05,False,,,0.00012847717152908444,0.00012727336943498,False,False
2026-08-15 08:47:51,screw,monitor,C:/cira_batch_test/screw/good_11.png,good_11.png,normal,False,0.05035126209259033,2.980232238769531e-07,0.06300563204730296,0.06300563204730296,0.05946885421872139,False,True,16000,True,0.00011158036068081856,True,0.003017899114638567,cpu,patch_nearest_normal,last2,14,0.05,False,,,0.00010518507042434067,0.00012727336943498,True,True
2026-08-15 08:47:52,screw,monitor,C:/cira_batch_test/screw/bad_13.png,bad_13.png,anomaly,True,0.08296255767345428,0.08296255767345428,0.06300563204730296,0.06300563204730296,0.05946885421872139,False,False,16000,False,,False,0.0,cpu,patch_nearest_normal,last2,14,0.05,False,,,8.953484939411283e-05,0.00012727336943498,False,True
2026-08-15 08:47:54,screw,monitor,C:/cira_batch_test/screw/good_7.png,good_7.png,normal,False,0.043882519006729126,2.9206276508375595e-07,0.06300563204730296,0.06300563204730296,0.05946885421872139,False,True,16000,True,0.00011524296132847667,True,0.002649471629410982,cpu,patch_nearest_normal,last2,14,0.05,False,,,9.954281995305791e-05,0.00012727336943498,True,True
2026-08-15 08:47:56,screw,monitor,C:/cira_batch_test/screw/good_8.png,good_8.png,normal,False,0.055131345987319946,3.159046286782541e-07,0.06300563204730296,0.06300563204730296,0.05946885421872139,False,True,16000,True,0.00011717667803168297,True,0.002517943037673831,cpu,patch_nearest_normal,last2,14,0.05,False,,,9.762014815350994e-05,0.00012727336943498,True,True
2026-08-15 08:47:57,screw,monitor,C:/cira_batch_test/screw/bad_20.png,bad_20.png,anomaly,True,0.06589221209287643,0.06589221209287643,0.06300563204730296,0.06300563204730296,0.05946885421872139,False,False,16000,False,,False,0.0,cpu,patch_nearest_normal,last2,14,0.05,False,,,0.00014798896154388785,0.00012727336943498,False,False
2026-08-15 08:47:59,screw,monitor,C:/cira_batch_test/screw/good_19.png,good_19.png,normal,False,0.04817848280072212,2.682209014892578e-07,0.06300563204730296,0.06300563204730296,0.05946885421872139,False,True,16000,True,0.00010307664342690259,True,0.00247290451079607,cpu,patch_nearest_normal,last2,14,0.05,False,,,9.118345769820735e-05,0.00012727336943498,True,True
2026-08-15 08:48:00,screw,monitor,C:/cira_batch_test/screw/bad_3.png,bad_3.png,normal,False,0.05642459914088249,3.635883274455409e-07,0.06300563204730296,0.06300563204730296,0.05946885421872139,False,True,16000,True,0.00011650406668195501,True,0.0024715811014175415,cpu,patch_nearest_normal,last2,14,0.05,False,,,0.00011647296923911199,0.00012727336943498,True,True
2026-08-15 08:48:02,screw,monitor,C:/cira_batch_test/screw/bad_7.png,bad_7.png,anomaly,True,0.08183346688747406,0.08183346688747406,0.06300563204730296,0.06300563204730296,0.05946885421872139,False,False,16000,False,,False,0.0,cpu,patch_nearest_normal,last2,14,0.05,False,,,0.00011979189730482176,0.00012727336943498,False,True
2026-08-15 08:48:03,screw,monitor,C:/cira_batch_test/screw/bad_15.png,bad_15.png,anomaly,True,0.08296678960323334,0.08296678960323334,0.06300563204730296,0.06300563204730296,0.05946885421872139,False,False,16000,False,,False,0.0,cpu,patch_nearest_normal,last2,14,0.05,False,,,9.151457197731361e-05,0.00012727336943498,False,True
2026-08-15 08:48:05,screw,monitor,C:/cira_batch_test/screw/good_5.png,good_5.png,normal,False,0.04747050255537033,3.099441414633475e-07,0.06300563204730296,0.06300563204730296,0.05946885421872139,False,True,16000,True,0.00011664847988868132,True,0.002474728971719742,cpu,patch_nearest_normal,last2,14,0.05,False,,,0.00010703808948164806,0.00012727336943498,True,True
2026-08-15 08:48:07,screw,monitor,C:/cira_batch_test/screw/good_14.png,good_14.png,normal,False,0.06165293976664543,0.06165293976664543,0.06300563204730296,0.06300563204730296,0.05946885421872139,False,False,16000,False,,False,0.0,cpu,patch_nearest_normal,last2,14,0.05,False,,,0.00010343420581193641,0.00012727336943498,False,True
2026-08-15 08:48:08,screw,monitor,C:/cira_batch_test/screw/bad_4.png,bad_4.png,normal,False,0.058069389313459396,3.2782554626464844e-07,0.06300563204730296,0.06300563204730296,0.05946885421872139,False,True,16000,True,9.680438961368054e-05,True,0.0024039014242589474,cpu,patch_nearest_normal,last2,14,0.05,False,,,7.811667455825955e-05,0.00012727336943498,True,True
2026-08-15 08:48:10,screw,monitor,C:/cira_batch_test/screw/good_20.png,good_20.png,anomaly,True,0.06917820870876312,0.06917820870876312,0.06300563204730296,0.06300563204730296,0.05946885421872139,False,False,16000,False,,False,0.0,cpu,patch_nearest_normal,last2,14,0.05,False,,,0.00010804168414324522,0.00012727336943498,False,True
2026-08-15 08:48:12,screw,monitor,C:/cira_batch_test/screw/good_13.png,good_13.png,normal,False,0.058587782084941864,3.516674098591466e-07,0.06300563204730296,0.06300563204730296,0.05946885421872139,False,True,16000,True,0.00012926204362884164,True,0.0024128544609993696,cpu,patch_nearest_normal,last2,14,0.05,False,,,0.00010830064275069162,0.00012727336943498,True,True
2026-08-15 08:48:13,screw,monitor,C:/cira_batch_test/screw/good_15.png,good_15.png,normal,False,0.04911041259765625,2.9206276508375595e-07,0.06300563204730296,0.06300563204730296,0.05946885421872139,False,True,16000,True,0.00011466357682365924,True,0.002422997262328863,cpu,patch_nearest_normal,last2,14,0.05,False,,,0.00010579474474070594,0.00012727336943498,True,True
2026-08-15 08:48:15,screw,monitor,C:/cira_batch_test/screw/good_6.png,good_6.png,anomaly,True,0.08296619355678558,0.08296619355678558,0.06300563204730296,0.06300563204730296,0.05946885421872139,False,False,16000,False,,False,0.0,cpu,patch_nearest_normal,last2,14,0.05,False,,,0.0001174248245661147,0.00012727336943498,False,True
2026-08-15 08:48:17,screw,monitor,C:/cira_batch_test/screw/good_4.png,good_4.png,normal,False,0.04351148009300232,3.039836826701503e-07,0.06300563204730296,0.06300563204730296,0.05946885421872139,False,True,16000,True,0.00012203452206449583,True,0.002419903641566634,cpu,patch_nearest_normal,last2,14,0.05,True,C:\cira_ttl_checkpoints\screw\patch_memory_bank_update_10.pt,C:\cira_ttl_checkpoints\screw\patch_adapter_update_10.pt,0.0001132502147811465,0.00012727336943498,True,True
2026-08-15 08:48:18,screw,monitor,C:/cira_batch_test/screw/bad_16.png,bad_16.png,anomaly,True,0.06478433310985565,0.06478433310985565,0.06300563204730296,0.06300563204730296,0.05946885421872139,False,False,16000,False,,False,0.0,cpu,patch_nearest_normal,last2,14,0.05,False,,,9.775971557246521e-05,0.00012727336943498,False,True
2026-08-15 08:48:20,screw,monitor,C:/cira_batch_test/screw/good_10.png,good_10.png,normal,False,0.045240242034196854,2.5629998390286346e-07,0.06300563204730296,0.06300563204730296,0.05946885421872139,False,True,16000,True,0.00011649417865555733,True,0.0024163639172911644,cpu,patch_nearest_normal,last2,14,0.05,False,,,0.00011043151607736945,0.00012727336943498,True,True
2026-08-15 08:48:21,screw,monitor,C:/cira_batch_test/screw/bad_18.png,bad_18.png,anomaly,True,0.06416692584753036,0.06416692584753036,0.06300563204730296,0.06300563204730296,0.05946885421872139,False,False,16000,False,,False,0.0,cpu,patch_nearest_normal,last2,14,0.05,False,,,0.00012277322821319103,0.00012727336943498,False,True
2026-08-15 08:48:23,screw,monitor,C:/cira_batch_test/screw/good_3.png,good_3.png,anomaly,True,0.0684758797287941,0.0684758797287941,0.06300563204730296,0.06300563204730296,0.05946885421872139,False,False,16000,False,,False,0.0,cpu,patch_nearest_normal,last2,14,0.05,False,,,9.815320663619787e-05,0.00012727336943498,False,True
2026-08-15 08:48:24,screw,monitor,C:/cira_batch_test/screw/bad_14.png,bad_14.png,anomaly,True,0.0720343217253685,0.0720343217253685,0.06300563204730296,0.06300563204730296,0.05946885421872139,False,False,16000,False,,False,0.0,cpu,patch_nearest_normal,last2,14,0.05,False,,,0.00011539105616975576,0.00012727336943498,False,True
2026-08-15 08:48:26,screw,monitor,C:/cira_batch_test/screw/bad_6.png,bad_6.png,anomaly,True,0.06318370252847672,0.06318370252847672,0.06300563204730296,0.06300563204730296,0.05946885421872139,False,False,16000,False,,False,0.0,cpu,patch_nearest_normal,last2,14,0.05,False,,,9.232470620190725e-05,0.00012727336943498,False,True
2026-08-15 08:48:27,screw,monitor,C:/cira_batch_test/screw/bad_8.png,bad_8.png,normal,False,0.06031960994005203,0.06031960994005203,0.06300563204730296,0.06300563204730296,0.05946885421872139,False,False,16000,False,,False,0.0,cpu,patch_nearest_normal,last2,14,0.05,False,,,0.00012501180754043162,0.00012727336943498,False,True
2026-08-15 08:48:29,screw,monitor,C:/cira_batch_test/screw/bad_11.png,bad_11.png,anomaly,True,0.06709493696689606,0.06709493696689606,0.06300563204730296,0.06300563204730296,0.05946885421872139,False,False,16000,False,,False,0.0,cpu,patch_nearest_normal,last2,14,0.05,False,,,9.988121018977836e-05,0.00012727336943498,False,True
2026-08-15 08:48:30,screw,monitor,C:/cira_batch_test/screw/bad_9.png,bad_9.png,anomaly,True,0.06851951777935028,0.06851951777935028,0.06300563204730296,0.06300563204730296,0.05946885421872139,False,False,16000,False,,False,0.0,cpu,patch_nearest_normal,last2,14,0.05,False,,,0.00012421832070685923,0.00012727336943498,False,True
2026-08-15 08:48:32,screw,monitor,C:/cira_batch_test/screw/bad_5.png,bad_5.png,anomaly,True,0.10359541326761246,0.10359541326761246,0.06300563204730296,0.06300563204730296,0.05946885421872139,False,False,16000,False,,False,0.0,cpu,patch_nearest_normal,last2,14,0.05,False,,,0.00012136447185184807,0.00012727336943498,False,True
2026-08-15 08:48:33,screw,monitor,C:/cira_batch_test/screw/good_9.png,good_9.png,normal,False,0.043926872313022614,3.099441414633475e-07,0.06300563204730296,0.06300563204730296,0.05946885421872139,False,True,16000,True,0.00010966406989609823,True,0.0024045652244240046,cpu,patch_nearest_normal,last2,14,0.05,False,,,9.473119280301034e-05,0.00012727336943498,True,True
2026-08-15 08:48:35,screw,monitor,C:/cira_batch_test/screw/good_2.png,good_2.png,anomaly,True,0.06702040135860443,0.06702040135860443,0.06300563204730296,0.06300563204730296,0.05946885421872139,False,False,16000,False,,False,0.0,cpu,patch_nearest_normal,last2,14,0.05,False,,,0.00011742392234737054,0.00012727336943498,False,True
2026-08-15 08:48:36,screw,monitor,C:/cira_batch_test/screw/bad_2.png,bad_2.png,anomaly,True,0.06488262116909027,0.06488262116909027,0.06300563204730296,0.06300563204730296,0.05946885421872139,False,False,16000,False,,False,0.0,cpu,patch_nearest_normal,last2,14,0.05,False,,,9.960287570720538e-05,0.00012727336943498,False,True
2026-08-15 08:48:38,screw,monitor,C:/cira_batch_test/screw/bad_17.png,bad_17.png,normal,False,0.059291772544384,3.159046286782541e-07,0.06300563204730296,0.06300563204730296,0.05946885421872139,False,True,16000,True,0.00010408102389192209,True,0.0023897376377135515,cpu,patch_nearest_normal,last2,14,0.05,False,,,8.979557605925947e-05,0.00012727336943498,True,True
2026-08-15 08:48:40,screw,monitor,C:/cira_batch_test/screw/bad_1.png,bad_1.png,normal,False,0.058065734803676605,3.039836826701503e-07,0.06300563204730296,0.06300563204730296,0.05946885421872139,False,True,16000,True,0.00012984192289877683,True,0.0023956298828125,cpu,patch_nearest_normal,last2,14,0.05,False,,,0.00012247369159013033,0.00012727336943498,True,True
2026-08-15 08:48:41,screw,monitor,C:/cira_batch_test/screw/good_12.png,good_12.png,normal,False,0.060684479773044586,0.060684479773044586,0.06300563204730296,0.06300563204730296,0.05946885421872139,False,False,16000,False,,False,0.0,cpu,patch_nearest_normal,last2,14,0.05,False,,,0.0001123026231653057,0.00012727336943498,False,True
2026-08-15 08:48:43,screw,monitor,C:/cira_batch_test/screw/good_18.png,good_18.png,anomaly,True,0.06708777695894241,0.06708777695894241,0.06300563204730296,0.06300563204730296,0.05946885421872139,False,False,16000,False,,False,0.0,cpu,patch_nearest_normal,last2,14,0.05,False,,,0.00010758220014395192,0.00012727336943498,False,True
2026-08-15 08:48:44,screw,monitor,C:/cira_batch_test/screw/good_17.png,good_17.png,normal,False,0.060202669352293015,0.060202669352293015,0.06300563204730296,0.06300563204730296,0.05946885421872139,False,False,16000,False,,False,0.0,cpu,patch_nearest_normal,last2,14,0.05,False,,,0.00011637488205451518,0.00012727336943498,False,True
2026-08-15 08:48:46,screw,monitor,C:/cira_batch_test/screw/bad_19.png,bad_19.png,anomaly,True,0.06645505130290985,0.06645505130290985,0.06300563204730296,0.06300563204730296,0.05946885421872139,False,False,16000,False,,False,0.0,cpu,patch_nearest_normal,last2,14,0.05,False,,,8.927188900997862e-05,0.00012727336943498,False,True
2026-08-15 08:48:48,screw,monitor,C:/cira_batch_test/screw/good_1.png,good_1.png,normal,False,0.049087900668382645,2.8014181907565217e-07,0.06300563204730296,0.06300563204730296,0.05946885421872139,False,True,16000,True,0.00012413390504661947,True,0.0024055764079093933,cpu,patch_nearest_normal,last2,14,0.05,False,,,0.00011512204946484417,0.00012727336943498,True,True
2026-08-15 08:48:49,tile,monitor,C:/cira_batch_test/tile/bad_10.png,bad_10.png,anomaly,True,0.09991627186536789,0.09991627186536789,0.06531576363636363,0.06531576363636363,0.05311408117413522,False,False,16000,False,,False,0.0,cpu,patch_nearest_normal,last2,14,0.05,False,,,0.00019626387802418321,0.000230512705456835,False,True
2026-08-15 08:48:51,tile,monitor,C:/cira_batch_test/tile/good_16.png,good_16.png,normal,False,0.03829062730073929,3.337860050578456e-07,0.06531576363636363,0.06531576363636363,0.05311408117413522,False,True,16000,True,0.00022148971038404852,True,0.003007180755957961,cpu,patch_nearest_normal,last2,14,0.05,False,,,0.0002263059141114354,0.000230512705456835,True,True
2026-08-15 08:48:52,tile,monitor,C:/cira_batch_test/tile/bad_12.png,bad_12.png,normal,False,0.05430452898144722,0.05430452898144722,0.06531576363636363,0.06531576363636363,0.05311408117413522,False,False,16000,False,,False,0.0,cpu,patch_nearest_normal,last2,14,0.05,False,,,0.00020560160919558257,0.000230512705456835,False,True
2026-08-15 08:48:54,tile,monitor,C:/cira_batch_test/tile/good_11.png,good_11.png,normal,False,0.04010545089840889,3.039836826701503e-07,0.06531576363636363,0.06531576363636363,0.05311408117413522,False,True,16000,True,0.00016399538435507566,True,0.0027183133643120527,cpu,patch_nearest_normal,last2,14,0.05,False,,,0.00016426070942543447,0.000230512705456835,True,True
2026-08-15 08:48:56,tile,monitor,C:/cira_batch_test/tile/bad_13.png,bad_13.png,anomaly,True,0.15700232982635498,0.15700232982635498,0.06531576363636363,0.06531576363636363,0.05311408117413522,False,False,16000,False,,False,0.0,cpu,patch_nearest_normal,last2,14,0.05,False,,,0.0001755558478180319,0.000230512705456835,False,True
2026-08-15 08:48:57,tile,monitor,C:/cira_batch_test/tile/good_7.png,good_7.png,normal,False,0.043611276894807816,3.159046286782541e-07,0.06531576363636363,0.06531576363636363,0.05311408117413522,False,True,16000,True,0.00021246616961434484,True,0.002669820562005043,cpu,patch_nearest_normal,last2,14,0.05,False,,,0.00020862834935542196,0.000230512705456835,True,True
2026-08-15 08:48:59,tile,monitor,C:/cira_batch_test/tile/good_8.png,good_8.png,normal,False,0.04008613899350166,0.04008613899350166,0.06531576363636363,0.06531576363636363,0.05311408117413522,False,False,16000,False,,False,0.0,cpu,patch_nearest_normal,last2,14,0.05,False,,,0.00023302447516471148,0.000230512705456835,True,False
2026-08-15 08:49:00,tile,monitor,C:/cira_batch_test/tile/bad_20.png,bad_20.png,anomaly,True,0.11424858868122101,0.11424858868122101,0.06531576363636363,0.06531576363636363,0.05311408117413522,False,False,16000,False,,False,0.0,cpu,patch_nearest_normal,last2,14,0.05,False,,,0.0002148402127204463,0.000230512705456835,False,True
2026-08-15 08:49:02,tile,monitor,C:/cira_batch_test/tile/good_19.png,good_19.png,normal,False,0.04858125001192093,3.2782554626464844e-07,0.06531576363636363,0.06531576363636363,0.05311408117413522,False,True,16000,True,0.0002174282999476418,True,0.0026892703026533127,cpu,patch_nearest_normal,last2,14,0.05,False,,,0.00019335543038323522,0.000230512705456835,True,True
2026-08-15 08:49:03,tile,monitor,C:/cira_batch_test/tile/bad_3.png,bad_3.png,anomaly,True,0.38440847396850586,0.38440847396850586,0.06531576363636363,0.06531576363636363,0.05311408117413522,False,False,16000,False,,False,0.0,cpu,patch_nearest_normal,last2,14,0.05,False,,,0.00021205446682870388,0.000230512705456835,False,True
2026-08-15 08:49:05,tile,monitor,C:/cira_batch_test/tile/bad_7.png,bad_7.png,anomaly,True,0.21238604187965393,0.21238604187965393,0.06531576363636363,0.06531576363636363,0.05311408117413522,False,False,16000,False,,False,0.0,cpu,patch_nearest_normal,last2,14,0.05,False,,,0.0001805118372431025,0.000230512705456835,False,True
2026-08-15 08:49:06,tile,monitor,C:/cira_batch_test/tile/bad_15.png,bad_15.png,anomaly,True,0.17715749144554138,0.17715749144554138,0.06531576363636363,0.06531576363636363,0.05311408117413522,False,False,16000,False,,False,0.0,cpu,patch_nearest_normal,last2,14,0.05,False,,,0.00022469088435173035,0.000230512705456835,False,True
2026-08-15 08:49:08,tile,monitor,C:/cira_batch_test/tile/good_5.png,good_5.png,normal,False,0.049888234585523605,3.2186508747145126e-07,0.06531576363636363,0.06531576363636363,0.05311408117413522,False,True,16000,True,0.0002299463376402855,True,0.0027023821603506804,cpu,patch_nearest_normal,last2,14,0.05,False,,,0.00022487372916657478,0.000230512705456835,True,True
2026-08-15 08:49:10,tile,monitor,C:/cira_batch_test/tile/good_14.png,good_14.png,normal,False,0.04198969528079033,3.337860050578456e-07,0.06531576363636363,0.06531576363636363,0.05311408117413522,False,True,16000,True,0.0001833008136600256,True,0.002688456093892455,cpu,patch_nearest_normal,last2,14,0.05,False,,,0.00015932081441860646,0.000230512705456835,True,True
2026-08-15 08:49:11,tile,monitor,C:/cira_batch_test/tile/bad_4.png,bad_4.png,anomaly,True,0.11342626810073853,0.11342626810073853,0.06531576363636363,0.06531576363636363,0.05311408117413522,False,False,16000,False,,False,0.0,cpu,patch_nearest_normal,last2,14,0.05,False,,,0.0001392651320202276,0.000230512705456835,False,True
2026-08-15 08:49:13,tile,monitor,C:/cira_batch_test/tile/good_20.png,good_20.png,normal,False,0.0413450188934803,3.397464638510428e-07,0.06531576363636363,0.06531576363636363,0.05311408117413522,False,True,16000,True,0.00020276337454561144,True,0.0026441633235663176,cpu,patch_nearest_normal,last2,14,0.05,False,,,0.00019308023911435157,0.000230512705456835,True,True
2026-08-15 08:49:15,tile,monitor,C:/cira_batch_test/tile/good_13.png,good_13.png,normal,False,0.048847924917936325,3.695487862387381e-07,0.06531576363636363,0.06531576363636363,0.05311408117413522,False,True,16000,True,0.0001492190785938874,True,0.002574471989646554,cpu,patch_nearest_normal,last2,14,0.05,False,,,0.00015410440391860902,0.000230512705456835,True,True
2026-08-15 08:49:16,tile,monitor,C:/cira_batch_test/tile/good_15.png,good_15.png,normal,False,0.0402398407459259,3.397464638510428e-07,0.06531576363636363,0.06531576363636363,0.05311408117413522,False,True,16000,True,0.00019106775289401412,True,0.0025825458578765392,cpu,patch_nearest_normal,last2,14,0.05,False,,,0.00017685556667856872,0.000230512705456835,True,True
2026-08-15 08:49:18,tile,monitor,C:/cira_batch_test/tile/good_6.png,good_6.png,normal,False,0.04503169655799866,3.9339064983323624e-07,0.06531576363636363,0.06531576363636363,0.05311408117413522,False,True,16000,True,0.00017786577518563718,True,0.0025693096686154604,cpu,patch_nearest_normal,last2,14,0.05,True,C:\cira_ttl_checkpoints\tile\patch_memory_bank_update_10.pt,C:\cira_ttl_checkpoints\tile\patch_adapter_update_10.pt,0.00018407864263281226,0.000230512705456835,True,True
2026-08-15 08:49:20,tile,monitor,C:/cira_batch_test/tile/good_4.png,good_4.png,normal,False,0.03795110434293747,3.2186508747145126e-07,0.06531576363636363,0.06531576363636363,0.05311408117413522,False,True,16000,True,0.0002136447001248598,True,0.002590735210105777,cpu,patch_nearest_normal,last2,14,0.05,False,,,0.0002157574490411207,0.000230512705456835,True,True
2026-08-15 08:49:21,tile,monitor,C:/cira_batch_test/tile/bad_16.png,bad_16.png,anomaly,True,0.08254699409008026,0.08254699409008026,0.06531576363636363,0.06531576363636363,0.05311408117413522,False,False,16000,False,,False,0.0,cpu,patch_nearest_normal,last2,14,0.05,False,,,0.00022760529827792197,0.000230512705456835,False,True
2026-08-15 08:49:23,tile,monitor,C:/cira_batch_test/tile/good_10.png,good_10.png,normal,False,0.051624447107315063,3.5762786865234375e-07,0.06531576363636363,0.06531576363636363,0.05311408117413522,False,True,16000,True,0.00015987637743819505,True,0.0025392198003828526,cpu,patch_nearest_normal,last2,14,0.05,False,,,0.00016794854309409857,0.000230512705456835,True,True
2026-08-15 08:49:25,tile,monitor,C:/cira_batch_test/tile/bad_18.png,bad_18.png,anomaly,True,0.07051320374011993,0.07051320374011993,0.06531576363636363,0.06531576363636363,0.05311408117413522,False,False,16000,False,,False,0.0,cpu,patch_nearest_normal,last2,14,0.05,False,,,0.00017743915668688715,0.000230512705456835,False,True
2026-08-15 08:49:26,tile,monitor,C:/cira_batch_test/tile/good_3.png,good_3.png,normal,False,0.03937751054763794,2.980232238769531e-07,0.06531576363636363,0.06531576363636363,0.05311408117413522,False,True,16000,True,0.00021256344916764647,True,0.002563760383054614,cpu,patch_nearest_normal,last2,14,0.05,False,,,0.0002023442357312888,0.000230512705456835,True,True
2026-08-15 08:49:28,tile,monitor,C:/cira_batch_test/tile/bad_14.png,bad_14.png,anomaly,True,0.1590668261051178,0.1590668261051178,0.06531576363636363,0.06531576363636363,0.05311408117413522,False,False,16000,False,,False,0.0,cpu,patch_nearest_normal,last2,14,0.05,False,,,0.00019905772933270782,0.000230512705456835,False,True
2026-08-15 08:49:29,tile,monitor,C:/cira_batch_test/tile/bad_6.png,bad_6.png,anomaly,True,0.22921280562877655,0.22921280562877655,0.06531576363636363,0.06531576363636363,0.05311408117413522,False,False,16000,False,,False,0.0,cpu,patch_nearest_normal,last2,14,0.05,False,,,0.00020260561723262072,0.000230512705456835,False,True
2026-08-15 08:49:31,tile,monitor,C:/cira_batch_test/tile/bad_8.png,bad_8.png,anomaly,True,0.1681789606809616,0.1681789606809616,0.06531576363636363,0.06531576363636363,0.05311408117413522,False,False,16000,False,,False,0.0,cpu,patch_nearest_normal,last2,14,0.05,False,,,0.00020133642829023302,0.000230512705456835,False,True
2026-08-15 08:49:32,tile,monitor,C:/cira_batch_test/tile/bad_11.png,bad_11.png,anomaly,True,0.15013952553272247,0.15013952553272247,0.06531576363636363,0.06531576363636363,0.05311408117413522,False,False,16000,False,,False,0.0,cpu,patch_nearest_normal,last2,14,0.05,False,,,0.00013996109191793948,0.000230512705456835,False,True
2026-08-15 08:49:34,tile,monitor,C:/cira_batch_test/tile/bad_9.png,bad_9.png,anomaly,True,0.3187533915042877,0.3187533915042877,0.06531576363636363,0.06531576363636363,0.05311408117413522,False,False,16000,False,,False,0.0,cpu,patch_nearest_normal,last2,14,0.05,False,,,0.0002273420977871865,0.000230512705456835,False,True
2026-08-15 08:49:35,tile,monitor,C:/cira_batch_test/tile/bad_5.png,bad_5.png,anomaly,True,0.15481707453727722,0.15481707453727722,0.06531576363636363,0.06531576363636363,0.05311408117413522,False,False,16000,False,,False,0.0,cpu,patch_nearest_normal,last2,14,0.05,False,,,0.00010741352161858231,0.000230512705456835,False,True
2026-08-15 08:49:37,tile,monitor,C:/cira_batch_test/tile/good_9.png,good_9.png,normal,False,0.03603740409016609,3.695487862387381e-07,0.06531576363636363,0.06531576363636363,0.05311408117413522,False,True,16000,True,0.00021914996614214033,True,0.002579482039436698,cpu,patch_nearest_normal,last2,14,0.05,False,,,0.00019488006364554167,0.000230512705456835,True,True
2026-08-15 08:49:39,tile,monitor,C:/cira_batch_test/tile/good_2.png,good_2.png,normal,False,0.04828210547566414,3.337860050578456e-07,0.06531576363636363,0.06531576363636363,0.05311408117413522,False,True,16000,True,0.00021197319438215345,True,0.0025909505784511566,cpu,patch_nearest_normal,last2,14,0.05,False,,,0.0002231116668554023,0.000230512705456835,True,True
2026-08-15 08:49:40,tile,monitor,C:/cira_batch_test/tile/bad_2.png,bad_2.png,anomaly,True,0.43659520149230957,0.43659520149230957,0.06531576363636363,0.06531576363636363,0.05311408117413522,False,False,16000,False,,False,0.0,cpu,patch_nearest_normal,last2,14,0.05,False,,,0.00012247066479176283,0.000230512705456835,False,True
2026-08-15 08:49:42,tile,monitor,C:/cira_batch_test/tile/bad_17.png,bad_17.png,anomaly,True,0.38568538427352905,0.38568538427352905,0.06531576363636363,0.06531576363636363,0.05311408117413522,False,False,16000,False,,False,0.0,cpu,patch_nearest_normal,last2,14,0.05,False,,,0.0002109174383804202,0.000230512705456835,False,True
2026-08-15 08:49:43,tile,monitor,C:/cira_batch_test/tile/bad_1.png,bad_1.png,anomaly,True,0.4197872579097748,0.4197872579097748,0.06531576363636363,0.06531576363636363,0.05311408117413522,False,False,16000,False,,False,0.0,cpu,patch_nearest_normal,last2,14,0.05,False,,,0.0001665551244514063,0.000230512705456835,False,True
2026-08-15 08:49:45,tile,monitor,C:/cira_batch_test/tile/good_12.png,good_12.png,normal,False,0.04067181795835495,3.2186508747145126e-07,0.06531576363636363,0.06531576363636363,0.05311408117413522,False,True,16000,True,0.0002025485591730103,True,0.0026034917682409286,cpu,patch_nearest_normal,last2,14,0.05,False,,,0.0002161761512979865,0.000230512705456835,True,True
2026-08-15 08:49:46,tile,monitor,C:/cira_batch_test/tile/good_18.png,good_18.png,anomaly,True,0.06712949275970459,0.06712949275970459,0.06531576363636363,0.06531576363636363,0.05311408117413522,False,False,16000,False,,False,0.0,cpu,patch_nearest_normal,last2,14,0.05,False,,,0.00021993163682054728,0.000230512705456835,False,True
2026-08-15 08:49:48,tile,monitor,C:/cira_batch_test/tile/good_17.png,good_17.png,normal,False,0.045548029243946075,3.337860050578456e-07,0.06531576363636363,0.06531576363636363,0.05311408117413522,False,True,16000,True,0.0001982968533411622,True,0.002608862239867449,cpu,patch_nearest_normal,last2,14,0.05,False,,,0.00019494612934067845,0.000230512705456835,True,True
2026-08-15 08:49:49,tile,monitor,C:/cira_batch_test/tile/bad_19.png,bad_19.png,anomaly,True,0.0953495055437088,0.0953495055437088,0.06531576363636363,0.06531576363636363,0.05311408117413522,False,False,16000,False,,False,0.0,cpu,patch_nearest_normal,last2,14,0.05,False,,,0.00020559679251164198,0.000230512705456835,False,True
2026-08-15 08:49:51,tile,monitor,C:/cira_batch_test/tile/good_1.png,good_1.png,normal,False,0.04964910075068474,2.74181360282455e-07,0.06531576363636363,0.06531576363636363,0.05311408117413522,False,True,16000,True,0.00021280748478602618,True,0.002621166640892625,cpu,patch_nearest_normal,last2,14,0.05,False,,,0.00018211583665106446,0.000230512705456835,True,True
2026-08-15 08:49:53,toothbrush,monitor,C:/cira_batch_test/toothbrush/bad_10.png,bad_10.png,anomaly,True,0.14204305410385132,0.14204305410385132,0.0701888715806552,0.0701888715806552,0.0501871842890978,False,False,9408,False,,False,0.0,cpu,patch_nearest_normal,last2,14,0.05,False,,,0.00011936271039303392,0.00012676088372241001,False,True
2026-08-15 08:49:54,toothbrush,monitor,C:/cira_batch_test/toothbrush/good_16.png,good_16.png,normal,False,0.04482537508010864,2.8610230629055877e-07,0.0701888715806552,0.0701888715806552,0.0501871842890978,False,True,9604,True,0.00012045858602505177,True,0.0030156467109918594,cpu,patch_nearest_normal,last2,14,0.05,False,,,0.00011305265070404857,0.00012676088372241001,True,True
2026-08-15 08:49:56,toothbrush,monitor,C:/cira_batch_test/toothbrush/bad_12.png,bad_12.png,anomaly,True,0.37485671043395996,0.37485671043395996,0.0701888715806552,0.0701888715806552,0.0501871842890978,False,False,9604,False,,False,0.0,cpu,patch_nearest_normal,last2,14,0.05,False,,,0.00012329041783232242,0.00012676088372241001,False,True
2026-08-15 08:49:57,toothbrush,monitor,C:/cira_batch_test/toothbrush/good_11.png,good_11.png,normal,False,0.053657740354537964,0.053657740354537964,0.0701888715806552,0.0701888715806552,0.0501871842890978,False,False,9604,False,,False,0.0,cpu,patch_nearest_normal,last2,14,0.05,False,,,0.00011467449803603813,0.00012676088372241001,False,True
2026-08-15 08:49:59,toothbrush,monitor,C:/cira_batch_test/toothbrush/bad_13.png,bad_13.png,normal,False,0.05645601823925972,0.05645601823925972,0.0701888715806552,0.0701888715806552,0.0501871842890978,False,False,9604,False,,False,0.0,cpu,patch_nearest_normal,last2,14,0.05,False,,,0.00011876044300151989,0.00012676088372241001,False,True
2026-08-15 08:50:00,toothbrush,monitor,C:/cira_batch_test/toothbrush/good_7.png,good_7.png,normal,False,0.060922496020793915,0.060922496020793915,0.0701888715806552,0.0701888715806552,0.0501871842890978,False,False,9604,False,,False,0.0,cpu,patch_nearest_normal,last2,14,0.05,False,,,0.00012442890147212893,0.00012676088372241001,False,True
2026-08-15 08:50:02,toothbrush,monitor,C:/cira_batch_test/toothbrush/good_8.png,good_8.png,anomaly,True,0.0768299251794815,0.0768299251794815,0.0701888715806552,0.0701888715806552,0.0501871842890978,False,False,9604,False,,False,0.0,cpu,patch_nearest_normal,last2,14,0.05,False,,,0.0001269618223886937,0.00012676088372241001,False,False
2026-08-15 08:50:03,toothbrush,monitor,C:/cira_batch_test/toothbrush/bad_20.png,bad_20.png,anomaly,True,0.3274137079715729,0.3274137079715729,0.0701888715806552,0.0701888715806552,0.0501871842890978,False,False,9604,False,,False,0.0,cpu,patch_nearest_normal,last2,14,0.05,False,,,0.00013331242371350527,0.00012676088372241001,False,False
2026-08-15 08:50:05,toothbrush,monitor,C:/cira_batch_test/toothbrush/good_19.png,good_19.png,normal,False,0.018639665096998215,2.9206276508375595e-07,0.0701888715806552,0.0701888715806552,0.0501871842890978,False,True,9800,True,0.00013254278746899217,True,0.0027020839042961597,cpu,patch_nearest_normal,last2,14,0.05,False,,,0.00012093481927877292,0.00012676088372241001,True,True
2026-08-15 08:50:06,toothbrush,monitor,C:/cira_batch_test/toothbrush/bad_3.png,bad_3.png,anomaly,True,0.13605690002441406,0.13605690002441406,0.0701888715806552,0.0701888715806552,0.0501871842890978,False,False,9800,False,,False,0.0,cpu,patch_nearest_normal,last2,14,0.05,False,,,0.00011754514707718045,0.00012676088372241001,False,True
2026-08-15 08:50:08,toothbrush,monitor,C:/cira_batch_test/toothbrush/bad_7.png,bad_7.png,anomaly,True,0.13723911345005035,0.13723911345005035,0.0701888715806552,0.0701888715806552,0.0501871842890978,False,False,9800,False,,False,0.0,cpu,patch_nearest_normal,last2,14,0.05,False,,,0.00012406639871187508,0.00012676088372241001,False,True
2026-08-15 08:50:09,toothbrush,monitor,C:/cira_batch_test/toothbrush/bad_15.png,bad_15.png,normal,False,0.06444939970970154,0.06444939970970154,0.0701888715806552,0.0701888715806552,0.0501871842890978,False,False,9800,False,,False,0.0,cpu,patch_nearest_normal,last2,14,0.05,False,,,0.00012834939116146415,0.00012676088372241001,False,False
2026-08-15 08:50:11,toothbrush,monitor,C:/cira_batch_test/toothbrush/good_5.png,good_5.png,normal,False,0.018367553129792213,3.159046286782541e-07,0.0701888715806552,0.0701888715806552,0.0501871842890978,False,True,9996,True,0.00012314104242250323,True,0.002650809707120061,cpu,patch_nearest_normal,last2,14,0.05,False,,,0.00011415538028813899,0.00012676088372241001,True,True
2026-08-15 08:50:13,toothbrush,monitor,C:/cira_batch_test/toothbrush/good_14.png,good_14.png,normal,False,0.0692654550075531,0.0692654550075531,0.0701888715806552,0.0701888715806552,0.0501871842890978,False,False,9996,False,,False,0.0,cpu,patch_nearest_normal,last2,14,0.05,False,,,0.00012140114995418116,0.00012676088372241001,False,True
2026-08-15 08:50:14,toothbrush,monitor,C:/cira_batch_test/toothbrush/bad_4.png,bad_4.png,anomaly,True,0.07360552996397018,0.07360552996397018,0.0701888715806552,0.0701888715806552,0.0501871842890978,False,False,9996,False,,False,0.0,cpu,patch_nearest_normal,last2,14,0.05,False,,,0.00010547068814048544,0.00012676088372241001,False,True
2026-08-15 08:50:16,toothbrush,monitor,C:/cira_batch_test/toothbrush/good_20.png,good_20.png,normal,False,0.01837465725839138,2.8014181907565217e-07,0.0701888715806552,0.0701888715806552,0.0501871842890978,False,True,10192,True,0.00012660289939958602,True,0.0026016528718173504,cpu,patch_nearest_normal,last2,14,0.05,False,,,0.00011418368376325816,0.00012676088372241001,True,True
2026-08-15 08:50:17,toothbrush,monitor,C:/cira_batch_test/toothbrush/good_13.png,good_13.png,normal,False,0.056328773498535156,0.056328773498535156,0.0701888715806552,0.0701888715806552,0.0501871842890978,False,False,10192,False,,False,0.0,cpu,patch_nearest_normal,last2,14,0.05,False,,,0.00011776363680837676,0.00012676088372241001,False,True
2026-08-15 08:50:19,toothbrush,monitor,C:/cira_batch_test/toothbrush/good_15.png,good_15.png,normal,False,0.04875926300883293,3.2782554626464844e-07,0.0701888715806552,0.0701888715806552,0.0501871842890978,False,True,10388,True,0.0001266414619749412,True,0.0025786717887967825,cpu,patch_nearest_normal,last2,14,0.05,False,,,0.00011935857037315145,0.00012676088372241001,True,True
2026-08-15 08:50:21,toothbrush,monitor,C:/cira_batch_test/toothbrush/good_6.png,good_6.png,normal,False,0.044133882969617844,2.5629998390286346e-07,0.0701888715806552,0.0701888715806552,0.0501871842890978,False,True,10584,True,0.00012247281847521663,True,0.0025558515917509794,cpu,patch_nearest_normal,last2,14,0.05,False,,,0.00010924343223450705,0.00012676088372241001,True,True
2026-08-15 08:50:22,toothbrush,monitor,C:/cira_batch_test/toothbrush/good_4.png,good_4.png,normal,False,0.045183051377534866,2.980232238769531e-07,0.0701888715806552,0.0701888715806552,0.0501871842890978,False,True,10780,True,0.00012093115947209299,True,0.0025462445337325335,cpu,patch_nearest_normal,last2,14,0.05,False,,,0.00011112340143881738,0.00012676088372241001,True,True
2026-08-15 08:50:24,toothbrush,monitor,C:/cira_batch_test/toothbrush/bad_16.png,bad_16.png,anomaly,True,0.34738922119140625,0.34738922119140625,0.0701888715806552,0.0701888715806552,0.0501871842890978,False,False,10780,False,,False,0.0,cpu,patch_nearest_normal,last2,14,0.05,False,,,0.00012305995915085077,0.00012676088372241001,False,True
2026-08-15 08:50:25,toothbrush,monitor,C:/cira_batch_test/toothbrush/good_10.png,good_10.png,anomaly,True,0.07400854676961899,0.07400854676961899,0.0701888715806552,0.0701888715806552,0.0501871842890978,False,False,10780,False,,False,0.0,cpu,patch_nearest_normal,last2,14,0.05,False,,,0.000122980767628178,0.00012676088372241001,False,True
2026-08-15 08:50:27,toothbrush,monitor,C:/cira_batch_test/toothbrush/bad_18.png,bad_18.png,anomaly,True,0.26974591612815857,0.26974591612815857,0.0701888715806552,0.0701888715806552,0.0501871842890978,False,False,10780,False,,False,0.0,cpu,patch_nearest_normal,last2,14,0.05,False,,,0.00011454486229922622,0.00012676088372241001,False,True
2026-08-15 08:50:29,toothbrush,monitor,C:/cira_batch_test/toothbrush/good_3.png,good_3.png,normal,False,0.03649634122848511,2.6226044269606064e-07,0.0701888715806552,0.0701888715806552,0.0501871842890978,False,True,10976,True,0.00013240611588116735,True,0.00255302875302732,cpu,patch_nearest_normal,last2,14,0.05,False,,,0.00011302236089250073,0.00012676088372241001,True,True
2026-08-15 08:50:30,toothbrush,monitor,C:/cira_batch_test/toothbrush/bad_14.png,bad_14.png,anomaly,True,0.2530515193939209,0.2530515193939209,0.0701888715806552,0.0701888715806552,0.0501871842890978,False,False,10976,False,,False,0.0,cpu,patch_nearest_normal,last2,14,0.05,False,,,0.00012126872752560303,0.00012676088372241001,False,True
2026-08-15 08:50:32,toothbrush,monitor,C:/cira_batch_test/toothbrush/bad_6.png,bad_6.png,normal,False,0.0525369867682457,0.0525369867682457,0.0701888715806552,0.0701888715806552,0.0501871842890978,False,False,10976,False,,False,0.0,cpu,patch_nearest_normal,last2,14,0.05,False,,,0.00011468524462543428,0.00012676088372241001,False,True
2026-08-15 08:50:33,toothbrush,monitor,C:/cira_batch_test/toothbrush/bad_8.png,bad_8.png,anomaly,True,0.34996792674064636,0.34996792674064636,0.0701888715806552,0.0701888715806552,0.0501871842890978,False,False,10976,False,,False,0.0,cpu,patch_nearest_normal,last2,14,0.05,False,,,0.00011292612180113792,0.00012676088372241001,False,True
2026-08-15 08:50:35,toothbrush,monitor,C:/cira_batch_test/toothbrush/bad_11.png,bad_11.png,anomaly,True,0.2778702974319458,0.2778702974319458,0.0701888715806552,0.0701888715806552,0.0501871842890978,False,False,10976,False,,False,0.0,cpu,patch_nearest_normal,last2,14,0.05,False,,,0.0001143375484389253,0.00012676088372241001,False,True
2026-08-15 08:50:36,toothbrush,monitor,C:/cira_batch_test/toothbrush/bad_9.png,bad_9.png,normal,False,0.04636809229850769,2.5629998390286346e-07,0.0701888715806552,0.0701888715806552,0.0501871842890978,False,True,11172,True,0.00012595763837452978,True,0.0025399078149348497,cpu,patch_nearest_normal,last2,14,0.05,False,,,0.00010838529851753265,0.00012676088372241001,True,True
2026-08-15 08:50:38,toothbrush,monitor,C:/cira_batch_test/toothbrush/bad_5.png,bad_5.png,normal,False,0.055237673223018646,0.055237673223018646,0.0701888715806552,0.0701888715806552,0.0501871842890978,False,False,11172,False,,False,0.0,cpu,patch_nearest_normal,last2,14,0.05,False,,,0.0001171907497337088,0.00012676088372241001,False,True
2026-08-15 08:50:39,toothbrush,monitor,C:/cira_batch_test/toothbrush/good_9.png,good_9.png,normal,False,0.04297466203570366,2.682209014892578e-07,0.0701888715806552,0.0701888715806552,0.0501871842890978,False,True,11368,True,0.00012899130524601787,True,0.002549808006733656,cpu,patch_nearest_normal,last2,14,0.05,True,C:\cira_ttl_checkpoints\toothbrush\patch_memory_bank_update_10.pt,C:\cira_ttl_checkpoints\toothbrush\patch_adapter_update_10.pt,0.00011369495041435584,0.00012676088372241001,True,True
2026-08-15 08:50:41,toothbrush,monitor,C:/cira_batch_test/toothbrush/good_2.png,good_2.png,normal,False,0.04842318221926689,3.099441414633475e-07,0.0701888715806552,0.0701888715806552,0.0501871842890978,False,True,11564,True,0.00012547957885544747,True,0.002544378163293004,cpu,patch_nearest_normal,last2,14,0.05,False,,,0.0001124790869653225,0.00012676088372241001,True,True
2026-08-15 08:50:43,toothbrush,monitor,C:/cira_batch_test/toothbrush/bad_2.png,bad_2.png,normal,False,0.06462055444717407,0.06462055444717407,0.0701888715806552,0.0701888715806552,0.0501871842890978,False,False,11564,False,,False,0.0,cpu,patch_nearest_normal,last2,14,0.05,False,,,0.00010987844143528491,0.00012676088372241001,False,True
2026-08-15 08:50:44,toothbrush,monitor,C:/cira_batch_test/toothbrush/bad_17.png,bad_17.png,anomaly,True,0.2624553143978119,0.2624553143978119,0.0701888715806552,0.0701888715806552,0.0501871842890978,False,False,11564,False,,False,0.0,cpu,patch_nearest_normal,last2,14,0.05,False,,,0.00011681429168675095,0.00012676088372241001,False,True
2026-08-15 08:50:46,toothbrush,monitor,C:/cira_batch_test/toothbrush/bad_1.png,bad_1.png,anomaly,True,0.2911265194416046,0.2911265194416046,0.0701888715806552,0.0701888715806552,0.0501871842890978,False,False,11564,False,,False,0.0,cpu,patch_nearest_normal,last2,14,0.05,False,,,0.00011154663661727682,0.00012676088372241001,False,True
2026-08-15 08:50:47,toothbrush,monitor,C:/cira_batch_test/toothbrush/good_12.png,good_12.png,normal,False,0.05966378003358841,0.05966378003358841,0.0701888715806552,0.0701888715806552,0.0501871842890978,False,False,11564,False,,False,0.0,cpu,patch_nearest_normal,last2,14,0.05,False,,,0.00012137092562625185,0.00012676088372241001,False,True
2026-08-15 08:50:49,toothbrush,monitor,C:/cira_batch_test/toothbrush/good_18.png,good_18.png,normal,False,0.032132916152477264,2.2053718851111626e-07,0.0701888715806552,0.0701888715806552,0.0501871842890978,False,True,11760,True,0.0001206630258820951,True,0.002538935514166951,cpu,patch_nearest_normal,last2,14,0.05,False,,,0.00011367489787517115,0.00012676088372241001,True,True
2026-08-15 08:50:51,toothbrush,monitor,C:/cira_batch_test/toothbrush/good_17.png,good_17.png,normal,False,0.019478727132081985,3.159046286782541e-07,0.0701888715806552,0.0701888715806552,0.0501871842890978,False,True,11956,True,0.00012071793025825173,True,0.00252460315823555,cpu,patch_nearest_normal,last2,14,0.05,False,,,0.00010900634515564889,0.00012676088372241001,True,True
2026-08-15 08:50:52,toothbrush,monitor,C:/cira_batch_test/toothbrush/bad_19.png,bad_19.png,anomaly,True,0.07806307822465897,0.07806307822465897,0.0701888715806552,0.0701888715806552,0.0501871842890978,False,False,11956,False,,False,0.0,cpu,patch_nearest_normal,last2,14,0.05,False,,,0.00012038207205478102,0.00012676088372241001,False,True
2026-08-15 08:50:54,toothbrush,monitor,C:/cira_batch_test/toothbrush/good_1.png,good_1.png,normal,False,0.04122232645750046,3.2186508747145126e-07,0.0701888715806552,0.0701888715806552,0.0501871842890978,False,True,12152,True,0.00012431974755600095,True,0.00251941685564816,cpu,patch_nearest_normal,last2,14,0.05,False,,,0.00010847737576114014,0.00012676088372241001,True,True
2026-08-15 08:50:55,transistor,monitor,C:/cira_batch_test/transistor/bad_10.png,bad_10.png,anomaly,True,0.1326681673526764,0.1326681673526764,0.08374595860198465,0.08374595860198465,0.075458013266325,False,False,16000,False,,False,0.0,cpu,patch_nearest_normal,last2,14,0.05,False,,,0.00016891131235752255,0.000183458399987945,False,True
2026-08-15 08:50:57,transistor,monitor,C:/cira_batch_test/transistor/good_16.png,good_16.png,normal,False,0.0755409374833107,0.0755409374833107,0.08374595860198465,0.08374595860198465,0.075458013266325,False,False,16000,False,,False,0.0,cpu,patch_nearest_normal,last2,14,0.05,False,,,0.00019957752374466509,0.000183458399987945,False,False
2026-08-15 08:50:58,transistor,monitor,C:/cira_batch_test/transistor/bad_12.png,bad_12.png,anomaly,True,0.25258898735046387,0.25258898735046387,0.08374595860198465,0.08374595860198465,0.075458013266325,False,False,16000,False,,False,0.0,cpu,patch_nearest_normal,last2,14,0.05,False,,,0.00014009748701937497,0.000183458399987945,False,True
2026-08-15 08:51:00,transistor,monitor,C:/cira_batch_test/transistor/good_11.png,good_11.png,normal,False,0.06767061352729797,2.6226044269606064e-07,0.08374595860198465,0.08374595860198465,0.075458013266325,False,True,16000,True,0.0001988475414691493,True,0.003039685310795903,cpu,patch_nearest_normal,last2,14,0.05,False,,,0.00017196463886648417,0.000183458399987945,True,True
2026-08-15 08:51:02,transistor,monitor,C:/cira_batch_test/transistor/bad_13.png,bad_13.png,anomaly,True,0.10939023643732071,0.10939023643732071,0.08374595860198465,0.08374595860198465,0.075458013266325,False,False,16000,False,,False,0.0,cpu,patch_nearest_normal,last2,14,0.05,False,,,0.00018609505787026137,0.000183458399987945,False,False
2026-08-15 08:51:04,transistor,monitor,C:/cira_batch_test/transistor/good_7.png,good_7.png,normal,False,0.07313673198223114,2.682209014892578e-07,0.08374595860198465,0.08374595860198465,0.075458013266325,False,True,16000,True,0.00018525127961765975,True,0.0027248854748904705,cpu,patch_nearest_normal,last2,14,0.05,False,,,0.00018295452173333615,0.000183458399987945,True,True
2026-08-15 08:51:05,transistor,monitor,C:/cira_batch_test/transistor/good_8.png,good_8.png,normal,False,0.05791217088699341,2.443790378947597e-07,0.08374595860198465,0.08374595860198465,0.075458013266325,False,True,16000,True,0.00018008598999585956,True,0.002662002108991146,cpu,patch_nearest_normal,last2,14,0.05,False,,,0.00016757863340899348,0.000183458399987945,True,True
2026-08-15 08:51:07,transistor,monitor,C:/cira_batch_test/transistor/bad_20.png,bad_20.png,anomaly,True,0.29225048422813416,0.29225048422813416,0.08374595860198465,0.08374595860198465,0.075458013266325,False,False,16000,False,,False,0.0,cpu,patch_nearest_normal,last2,14,0.05,False,,,0.0001887317921500653,0.000183458399987945,False,False
2026-08-15 08:51:08,transistor,monitor,C:/cira_batch_test/transistor/good_19.png,good_19.png,normal,False,0.07870422303676605,0.07870422303676605,0.08374595860198465,0.08374595860198465,0.075458013266325,False,False,16000,False,,False,0.0,cpu,patch_nearest_normal,last2,14,0.05,False,,,0.00017451260646339506,0.000183458399987945,False,True
2026-08-15 08:51:10,transistor,monitor,C:/cira_batch_test/transistor/bad_3.png,bad_3.png,anomaly,True,0.1022694855928421,0.1022694855928421,0.08374595860198465,0.08374595860198465,0.075458013266325,False,False,16000,False,,False,0.0,cpu,patch_nearest_normal,last2,14,0.05,False,,,0.00015616632299497724,0.000183458399987945,False,True
2026-08-15 08:51:11,transistor,monitor,C:/cira_batch_test/transistor/bad_7.png,bad_7.png,anomaly,True,0.1319558024406433,0.1319558024406433,0.08374595860198465,0.08374595860198465,0.075458013266325,False,False,16000,False,,False,0.0,cpu,patch_nearest_normal,last2,14,0.05,False,,,0.00016746745677664876,0.000183458399987945,False,True
2026-08-15 08:51:13,transistor,monitor,C:/cira_batch_test/transistor/bad_15.png,bad_15.png,anomaly,True,0.09696038067340851,0.09696038067340851,0.08374595860198465,0.08374595860198465,0.075458013266325,False,False,16000,False,,False,0.0,cpu,patch_nearest_normal,last2,14,0.05,False,,,0.00017918151570484042,0.000183458399987945,False,True
2026-08-15 08:51:15,transistor,monitor,C:/cira_batch_test/transistor/good_5.png,good_5.png,normal,False,0.06747104227542877,2.980232238769531e-07,0.08374595860198465,0.08374595860198465,0.075458013266325,False,True,16000,True,0.00020072456391062587,True,0.002634143689647317,cpu,patch_nearest_normal,last2,14,0.05,False,,,0.00018069880024995655,0.000183458399987945,True,True
2026-08-15 08:51:16,transistor,monitor,C:/cira_batch_test/transistor/good_14.png,good_14.png,normal,False,0.06481070071458817,2.8610230629055877e-07,0.08374595860198465,0.08374595860198465,0.075458013266325,False,True,16000,True,0.00018992544210050255,True,0.0025987273547798395,cpu,patch_nearest_normal,last2,14,0.05,False,,,0.00018270402506459504,0.000183458399987945,True,True
2026-08-15 08:51:18,transistor,monitor,C:/cira_batch_test/transistor/bad_4.png,bad_4.png,anomaly,True,0.09112472087144852,0.09112472087144852,0.08374595860198465,0.08374595860198465,0.075458013266325,False,False,16000,False,,False,0.0,cpu,patch_nearest_normal,last2,14,0.05,False,,,0.00012263335520401597,0.000183458399987945,False,True
2026-08-15 08:51:20,transistor,monitor,C:/cira_batch_test/transistor/good_20.png,good_20.png,normal,False,0.07153112441301346,3.2782554626464844e-07,0.08374595860198465,0.08374595860198465,0.075458013266325,False,True,16000,True,0.00020764526561833918,True,0.0025874432176351547,cpu,patch_nearest_normal,last2,14,0.05,False,,,0.00017722335178405046,0.000183458399987945,True,True
2026-08-15 08:51:21,transistor,monitor,C:/cira_batch_test/transistor/good_13.png,good_13.png,normal,False,0.05714262276887894,2.5629998390286346e-07,0.08374595860198465,0.08374595860198465,0.075458013266325,False,True,16000,True,0.0001813564304029569,True,0.0025666174478828907,cpu,patch_nearest_normal,last2,14,0.05,False,,,0.0001674356171861291,0.000183458399987945,True,True
2026-08-15 08:51:23,transistor,monitor,C:/cira_batch_test/transistor/good_15.png,good_15.png,normal,False,0.0723811537027359,0.0723811537027359,0.08374595860198465,0.08374595860198465,0.075458013266325,False,False,16000,False,,False,0.0,cpu,patch_nearest_normal,last2,14,0.05,False,,,0.000184295087819919,0.000183458399987945,True,False
2026-08-15 08:51:25,transistor,monitor,C:/cira_batch_test/transistor/good_6.png,good_6.png,normal,False,0.06377318501472473,2.6226044269606064e-07,0.08374595860198465,0.08374595860198465,0.075458013266325,False,True,16000,True,0.00019302652799524367,True,0.0025532233994454145,cpu,patch_nearest_normal,last2,14,0.05,False,,,0.00017836176266428083,0.000183458399987945,True,True
2026-08-15 08:51:26,transistor,monitor,C:/cira_batch_test/transistor/good_4.png,good_4.png,normal,False,0.05447576195001602,3.2782554626464844e-07,0.08374595860198465,0.08374595860198465,0.075458013266325,False,True,16000,True,0.0001893921580631286,True,0.002553915837779641,cpu,patch_nearest_normal,last2,14,0.05,False,,,0.0001776292483555153,0.000183458399987945,True,True
2026-08-15 08:51:28,transistor,monitor,C:/cira_batch_test/transistor/bad_16.png,bad_16.png,anomaly,True,0.17833304405212402,0.17833304405212402,0.08374595860198465,0.08374595860198465,0.075458013266325,False,False,16000,False,,False,0.0,cpu,patch_nearest_normal,last2,14,0.05,False,,,0.00019171003077644855,0.000183458399987945,False,False
2026-08-15 08:51:30,transistor,monitor,C:/cira_batch_test/transistor/good_10.png,good_10.png,normal,False,0.06712635606527328,2.74181360282455e-07,0.08374595860198465,0.08374595860198465,0.075458013266325,False,True,16000,True,0.00018599872419144958,True,0.002542964182794094,cpu,patch_nearest_normal,last2,14,0.05,True,C:\cira_ttl_checkpoints\transistor\patch_memory_bank_update_10.pt,C:\cira_ttl_checkpoints\transistor\patch_adapter_update_10.pt,0.0001703787420410663,0.000183458399987945,True,True
2026-08-15 08:51:31,transistor,monitor,C:/cira_batch_test/transistor/bad_18.png,bad_18.png,anomaly,True,0.1465751677751541,0.1465751677751541,0.08374595860198465,0.08374595860198465,0.075458013266325,False,False,16000,False,,False,0.0,cpu,patch_nearest_normal,last2,14,0.05,False,,,0.00017534272046759725,0.000183458399987945,False,True
2026-08-15 08:51:33,transistor,monitor,C:/cira_batch_test/transistor/good_3.png,good_3.png,normal,False,0.08222757279872894,0.08222757279872894,0.08374595860198465,0.08374595860198465,0.075458013266325,False,False,16000,False,,False,0.0,cpu,patch_nearest_normal,last2,14,0.05,False,,,0.00014854407345410436,0.000183458399987945,False,True
2026-08-15 08:51:34,transistor,monitor,C:/cira_batch_test/transistor/bad_14.png,bad_14.png,anomaly,True,0.10170765221118927,0.10170765221118927,0.08374595860198465,0.08374595860198465,0.075458013266325,False,False,16000,False,,False,0.0,cpu,patch_nearest_normal,last2,14,0.05,False,,,0.0001698066043900326,0.000183458399987945,False,True
2026-08-15 08:51:36,transistor,monitor,C:/cira_batch_test/transistor/bad_6.png,bad_6.png,anomaly,True,0.084309421479702,0.084309421479702,0.08374595860198465,0.08374595860198465,0.075458013266325,False,False,16000,False,,False,0.0,cpu,patch_nearest_normal,last2,14,0.05,False,,,0.00015280624211300164,0.000183458399987945,False,True
2026-08-15 08:51:37,transistor,monitor,C:/cira_batch_test/transistor/bad_8.png,bad_8.png,anomaly,True,0.16317668557167053,0.16317668557167053,0.08374595860198465,0.08374595860198465,0.075458013266325,False,False,16000,False,,False,0.0,cpu,patch_nearest_normal,last2,14,0.05,False,,,0.0001580201496835798,0.000183458399987945,False,True
2026-08-15 08:51:39,transistor,monitor,C:/cira_batch_test/transistor/bad_11.png,bad_11.png,normal,False,0.07555439323186874,0.07555439323186874,0.08374595860198465,0.08374595860198465,0.075458013266325,False,False,16000,False,,False,0.0,cpu,patch_nearest_normal,last2,14,0.05,False,,,0.0001729657087707892,0.000183458399987945,False,True
2026-08-15 08:51:40,transistor,monitor,C:/cira_batch_test/transistor/bad_9.png,bad_9.png,anomaly,True,0.12944944202899933,0.12944944202899933,0.08374595860198465,0.08374595860198465,0.075458013266325,False,False,16000,False,,False,0.0,cpu,patch_nearest_normal,last2,14,0.05,False,,,0.00017561315326020122,0.000183458399987945,False,True
2026-08-15 08:51:42,transistor,monitor,C:/cira_batch_test/transistor/bad_5.png,bad_5.png,anomaly,True,0.11121411621570587,0.11121411621570587,0.08374595860198465,0.08374595860198465,0.075458013266325,False,False,16000,False,,False,0.0,cpu,patch_nearest_normal,last2,14,0.05,False,,,0.00018632177670951933,0.000183458399987945,False,False
2026-08-15 08:51:44,transistor,monitor,C:/cira_batch_test/transistor/good_9.png,good_9.png,normal,False,0.06715203821659088,0.06715203821659088,0.08374595860198465,0.08374595860198465,0.075458013266325,False,False,16000,False,,False,0.0,cpu,patch_nearest_normal,last2,14,0.05,False,,,0.00019297034305054694,0.000183458399987945,True,False
2026-08-15 08:51:45,transistor,monitor,C:/cira_batch_test/transistor/good_2.png,good_2.png,normal,False,0.07665439695119858,0.07665439695119858,0.08374595860198465,0.08374595860198465,0.075458013266325,False,False,16000,False,,False,0.0,cpu,patch_nearest_normal,last2,14,0.05,False,,,0.00015984817582648247,0.000183458399987945,False,True
2026-08-15 08:51:47,transistor,monitor,C:/cira_batch_test/transistor/bad_2.png,bad_2.png,anomaly,True,0.20390501618385315,0.20390501618385315,0.08374595860198465,0.08374595860198465,0.075458013266325,False,False,16000,False,,False,0.0,cpu,patch_nearest_normal,last2,14,0.05,False,,,0.0001625458971830085,0.000183458399987945,False,True
2026-08-15 08:51:48,transistor,monitor,C:/cira_batch_test/transistor/bad_17.png,bad_17.png,anomaly,True,0.20340394973754883,0.20340394973754883,0.08374595860198465,0.08374595860198465,0.075458013266325,False,False,16000,False,,False,0.0,cpu,patch_nearest_normal,last2,14,0.05,False,,,0.00017351201677229255,0.000183458399987945,False,True
2026-08-15 08:51:50,transistor,monitor,C:/cira_batch_test/transistor/bad_1.png,bad_1.png,anomaly,True,0.12207760661840439,0.12207760661840439,0.08374595860198465,0.08374595860198465,0.075458013266325,False,False,16000,False,,False,0.0,cpu,patch_nearest_normal,last2,14,0.05,False,,,0.00016644415154587477,0.000183458399987945,False,True
2026-08-15 08:51:51,transistor,monitor,C:/cira_batch_test/transistor/good_12.png,good_12.png,normal,False,0.05362464860081673,0.05362464860081673,0.08374595860198465,0.08374595860198465,0.075458013266325,False,False,16000,False,,False,0.0,cpu,patch_nearest_normal,last2,14,0.05,False,,,0.00018812263442669064,0.000183458399987945,True,False
2026-08-15 08:51:53,transistor,monitor,C:/cira_batch_test/transistor/good_18.png,good_18.png,normal,False,0.06395348161458969,3.099441414633475e-07,0.08374595860198465,0.08374595860198465,0.075458013266325,False,True,16000,True,0.00019270092889200896,True,0.0025438889861106873,cpu,patch_nearest_normal,last2,14,0.05,False,,,0.0001796991127775982,0.000183458399987945,True,True
2026-08-15 08:51:55,transistor,monitor,C:/cira_batch_test/transistor/good_17.png,good_17.png,normal,False,0.051496077328920364,2.980232238769531e-07,0.08374595860198465,0.08374595860198465,0.075458013266325,False,True,16000,True,0.00018936474225483835,True,0.0025434771087020636,cpu,patch_nearest_normal,last2,14,0.05,False,,,0.00016572421009186655,0.000183458399987945,True,True
2026-08-15 08:51:56,transistor,monitor,C:/cira_batch_test/transistor/bad_19.png,bad_19.png,anomaly,True,0.09822241961956024,0.09822241961956024,0.08374595860198465,0.08374595860198465,0.075458013266325,False,False,16000,False,,False,0.0,cpu,patch_nearest_normal,last2,14,0.05,False,,,0.00017141972784884274,0.000183458399987945,False,True
2026-08-15 08:51:58,transistor,monitor,C:/cira_batch_test/transistor/good_1.png,good_1.png,normal,False,0.056993693113327026,2.6226044269606064e-07,0.08374595860198465,0.08374595860198465,0.075458013266325,False,True,16000,True,0.00018120711320079863,True,0.002534354105591774,cpu,patch_nearest_normal,last2,14,0.05,False,,,0.00016252711066044867,0.000183458399987945,True,True
2026-08-15 08:52:00,wood,monitor,C:/cira_batch_test/wood/bad_10.png,bad_10.png,anomaly,True,0.2777043879032135,0.2777043879032135,0.04761727861349719,0.04761727861349719,0.037343646213412296,False,False,16000,False,,False,0.0,cpu,patch_nearest_normal,last2,14,0.05,False,,,8.434875780949369e-05,0.00010775983100752,False,True
2026-08-15 08:52:01,wood,monitor,C:/cira_batch_test/wood/good_16.png,good_16.png,normal,False,0.036928534507751465,2.980232238769531e-07,0.04761727861349719,0.04761727861349719,0.037343646213412296,False,True,16000,True,0.00011486739094834775,True,0.0029725534841418266,cpu,patch_nearest_normal,last2,14,0.05,False,,,0.00010025141818914562,0.00010775983100752,True,True
2026-08-15 08:52:03,wood,monitor,C:/cira_batch_test/wood/bad_12.png,bad_12.png,anomaly,True,0.18329063057899475,0.18329063057899475,0.04761727861349719,0.04761727861349719,0.037343646213412296,False,False,16000,False,,False,0.0,cpu,patch_nearest_normal,last2,14,0.05,False,,,0.00013715552631765604,0.00010775983100752,False,False
2026-08-15 08:52:04,wood,monitor,C:/cira_batch_test/wood/good_11.png,good_11.png,normal,False,0.03606458380818367,0.03606458380818367,0.04761727861349719,0.04761727861349719,0.037343646213412296,False,False,16000,False,,False,0.0,cpu,patch_nearest_normal,last2,14,0.05,False,,,0.00010953548917314038,0.00010775983100752,True,False
2026-08-15 08:52:06,wood,monitor,C:/cira_batch_test/wood/bad_13.png,bad_13.png,anomaly,True,0.3154703974723816,0.3154703974723816,0.04761727861349719,0.04761727861349719,0.037343646213412296,False,False,16000,False,,False,0.0,cpu,patch_nearest_normal,last2,14,0.05,False,,,8.833790343487635e-05,0.00010775983100752,False,True
2026-08-15 08:52:08,wood,monitor,C:/cira_batch_test/wood/good_7.png,good_7.png,normal,False,0.021663451567292213,2.8014181907565217e-07,0.04761727861349719,0.04761727861349719,0.037343646213412296,False,True,16000,True,9.823921573115513e-05,True,0.002640483668074012,cpu,patch_nearest_normal,last2,14,0.05,False,,,9.241489169653505e-05,0.00010775983100752,True,True
2026-08-15 08:52:09,wood,monitor,C:/cira_batch_test/wood/good_8.png,good_8.png,anomaly,True,0.04832756519317627,0.04832756519317627,0.04761727861349719,0.04761727861349719,0.037343646213412296,False,False,16000,False,,False,0.0,cpu,patch_nearest_normal,last2,14,0.05,False,,,0.00012024849274894223,0.00010775983100752,False,False
2026-08-15 08:52:11,wood,monitor,C:/cira_batch_test/wood/bad_20.png,bad_20.png,anomaly,True,0.1705036163330078,0.1705036163330078,0.04761727861349719,0.04761727861349719,0.037343646213412296,False,False,16000,False,,False,0.0,cpu,patch_nearest_normal,last2,14,0.05,False,,,9.459797001909465e-05,0.00010775983100752,False,True
2026-08-15 08:52:12,wood,monitor,C:/cira_batch_test/wood/good_19.png,good_19.png,anomaly,True,0.05043361708521843,0.05043361708521843,0.04761727861349719,0.04761727861349719,0.037343646213412296,False,False,16000,False,,False,0.0,cpu,patch_nearest_normal,last2,14,0.05,False,,,9.58352247835137e-05,0.00010775983100752,False,True
2026-08-15 08:52:14,wood,monitor,C:/cira_batch_test/wood/bad_3.png,bad_3.png,anomaly,True,0.2539185583591461,0.2539185583591461,0.04761727861349719,0.04761727861349719,0.037343646213412296,False,False,16000,False,,False,0.0,cpu,patch_nearest_normal,last2,14,0.05,False,,,0.00016182035324163735,0.00010775983100752,False,False
2026-08-15 08:52:15,wood,monitor,C:/cira_batch_test/wood/bad_7.png,bad_7.png,anomaly,True,0.09836496412754059,0.09836496412754059,0.04761727861349719,0.04761727861349719,0.037343646213412296,False,False,16000,False,,False,0.0,cpu,patch_nearest_normal,last2,14,0.05,False,,,9.754787606652826e-05,0.00010775983100752,False,True
2026-08-15 08:52:17,wood,monitor,C:/cira_batch_test/wood/bad_15.png,bad_15.png,anomaly,True,0.21483707427978516,0.21483707427978516,0.04761727861349719,0.04761727861349719,0.037343646213412296,False,False,16000,False,,False,0.0,cpu,patch_nearest_normal,last2,14,0.05,False,,,0.0001046370598487556,0.00010775983100752,False,True
2026-08-15 08:52:19,wood,monitor,C:/cira_batch_test/wood/good_5.png,good_5.png,normal,False,0.021289914846420288,3.159046286782541e-07,0.04761727861349719,0.04761727861349719,0.037343646213412296,False,True,16000,True,7.966134580783546e-05,True,0.0025856683496385813,cpu,patch_nearest_normal,last2,14,0.05,False,,,7.530103903263807e-05,0.00010775983100752,True,True
2026-08-15 08:52:20,wood,monitor,C:/cira_batch_test/wood/good_14.png,good_14.png,anomaly,True,0.04861283302307129,0.04861283302307129,0.04761727861349719,0.04761727861349719,0.037343646213412296,False,False,16000,False,,False,0.0,cpu,patch_nearest_normal,last2,14,0.05,False,,,0.00011398472270229831,0.00010775983100752,False,False
2026-08-15 08:52:22,wood,monitor,C:/cira_batch_test/wood/bad_4.png,bad_4.png,anomaly,True,0.34887269139289856,0.34887269139289856,0.04761727861349719,0.04761727861349719,0.037343646213412296,False,False,16000,False,,False,0.0,cpu,patch_nearest_normal,last2,14,0.05,False,,,9.15906930458732e-05,0.00010775983100752,False,True
2026-08-15 08:52:24,wood,monitor,C:/cira_batch_test/wood/good_20.png,good_20.png,normal,False,0.02540995553135872,3.457069510659494e-07,0.04761727861349719,0.04761727861349719,0.037343646213412296,False,True,16000,True,0.00010459079931024462,True,0.002581691835075617,cpu,patch_nearest_normal,last2,14,0.05,False,,,0.00010122820822289214,0.00010775983100752,True,True
2026-08-15 08:52:25,wood,monitor,C:/cira_batch_test/wood/good_13.png,good_13.png,anomaly,True,0.04824937507510185,0.04824937507510185,0.04761727861349719,0.04761727861349719,0.037343646213412296,False,False,16000,False,,False,0.0,cpu,patch_nearest_normal,last2,14,0.05,False,,,0.00010916251630987972,0.00010775983100752,False,False
2026-08-15 08:52:27,wood,monitor,C:/cira_batch_test/wood/good_15.png,good_15.png,anomaly,True,0.05067485570907593,0.05067485570907593,0.04761727861349719,0.04761727861349719,0.037343646213412296,False,False,16000,False,,False,0.0,cpu,patch_nearest_normal,last2,14,0.05,False,,,9.57930096774362e-05,0.00010775983100752,False,True
2026-08-15 08:52:28,wood,monitor,C:/cira_batch_test/wood/good_6.png,good_6.png,normal,False,0.020150870084762573,3.099441414633475e-07,0.04761727861349719,0.04761727861349719,0.037343646213412296,False,True,16000,True,7.941592775750905e-05,True,0.002547296229749918,cpu,patch_nearest_normal,last2,14,0.05,False,,,7.230497431010008e-05,0.00010775983100752,True,True
2026-08-15 08:52:30,wood,monitor,C:/cira_batch_test/wood/good_4.png,good_4.png,normal,False,0.01549338735640049,3.337860050578456e-07,0.04761727861349719,0.04761727861349719,0.037343646213412296,False,True,16000,True,8.074966899584979e-05,True,0.002543000504374504,cpu,patch_nearest_normal,last2,14,0.05,False,,,8.036378858378157e-05,0.00010775983100752,True,True
2026-08-15 08:52:32,wood,monitor,C:/cira_batch_test/wood/bad_16.png,bad_16.png,anomaly,True,0.21760258078575134,0.21760258078575134,0.04761727861349719,0.04761727861349719,0.037343646213412296,False,False,16000,False,,False,0.0,cpu,patch_nearest_normal,last2,14,0.05,False,,,8.119302219711244e-05,0.00010775983100752,False,True
2026-08-15 08:52:33,wood,monitor,C:/cira_batch_test/wood/good_10.png,good_10.png,anomaly,True,0.08938407897949219,0.08938407897949219,0.04761727861349719,0.04761727861349719,0.037343646213412296,False,False,16000,False,,False,0.0,cpu,patch_nearest_normal,last2,14,0.05,False,,,0.00011161610018461943,0.00010775983100752,False,False
2026-08-15 08:52:35,wood,monitor,C:/cira_batch_test/wood/bad_18.png,bad_18.png,anomaly,True,0.39874860644340515,0.39874860644340515,0.04761727861349719,0.04761727861349719,0.037343646213412296,False,False,16000,False,,False,0.0,cpu,patch_nearest_normal,last2,14,0.05,False,,,8.243259799201041e-05,0.00010775983100752,False,True
2026-08-15 08:52:37,wood,monitor,C:/cira_batch_test/wood/good_3.png,good_3.png,normal,False,0.023176515474915504,2.682209014892578e-07,0.04761727861349719,0.04761727861349719,0.037343646213412296,False,True,16000,True,7.981919043231755e-05,True,0.0025373168755322695,cpu,patch_nearest_normal,last2,14,0.05,False,,,7.970093429321423e-05,0.00010775983100752,True,True
2026-08-15 08:52:38,wood,monitor,C:/cira_batch_test/wood/bad_14.png,bad_14.png,anomaly,True,0.23956003785133362,0.23956003785133362,0.04761727861349719,0.04761727861349719,0.037343646213412296,False,False,16000,False,,False,0.0,cpu,patch_nearest_normal,last2,14,0.05,False,,,8.504727156832814e-05,0.00010775983100752,False,True
2026-08-15 08:52:40,wood,monitor,C:/cira_batch_test/wood/bad_6.png,bad_6.png,anomaly,True,0.22232583165168762,0.22232583165168762,0.04761727861349719,0.04761727861349719,0.037343646213412296,False,False,16000,False,,False,0.0,cpu,patch_nearest_normal,last2,14,0.05,False,,,0.00011834365432150662,0.00010775983100752,False,False
2026-08-15 08:52:41,wood,monitor,C:/cira_batch_test/wood/bad_8.png,bad_8.png,anomaly,True,0.2207576036453247,0.2207576036453247,0.04761727861349719,0.04761727861349719,0.037343646213412296,False,False,16000,False,,False,0.0,cpu,patch_nearest_normal,last2,14,0.05,False,,,8.125491149257869e-05,0.00010775983100752,False,True
2026-08-15 08:52:43,wood,monitor,C:/cira_batch_test/wood/bad_11.png,bad_11.png,anomaly,True,0.0856827050447464,0.0856827050447464,0.04761727861349719,0.04761727861349719,0.037343646213412296,False,False,16000,False,,False,0.0,cpu,patch_nearest_normal,last2,14,0.05,False,,,7.428882963722572e-05,0.00010775983100752,False,True
2026-08-15 08:52:44,wood,monitor,C:/cira_batch_test/wood/bad_9.png,bad_9.png,anomaly,True,0.21385160088539124,0.21385160088539124,0.04761727861349719,0.04761727861349719,0.037343646213412296,False,False,16000,False,,False,0.0,cpu,patch_nearest_normal,last2,14,0.05,False,,,7.791378448018804e-05,0.00010775983100752,False,True
2026-08-15 08:52:46,wood,monitor,C:/cira_batch_test/wood/bad_5.png,bad_5.png,anomaly,True,0.23984630405902863,0.23984630405902863,0.04761727861349719,0.04761727861349719,0.037343646213412296,False,False,16000,False,,False,0.0,cpu,patch_nearest_normal,last2,14,0.05,False,,,9.572542330715805e-05,0.00010775983100752,False,True
2026-08-15 08:52:47,wood,monitor,C:/cira_batch_test/wood/good_9.png,good_9.png,anomaly,True,0.05453462153673172,0.05453462153673172,0.04761727861349719,0.04761727861349719,0.037343646213412296,False,False,16000,False,,False,0.0,cpu,patch_nearest_normal,last2,14,0.05,False,,,0.00011384933168301359,0.00010775983100752,False,False
2026-08-15 08:52:49,wood,monitor,C:/cira_batch_test/wood/good_2.png,good_2.png,normal,False,0.024225037544965744,2.9206276508375595e-07,0.04761727861349719,0.04761727861349719,0.037343646213412296,False,True,16000,True,8.464841084787622e-05,True,0.0025483823847025633,cpu,patch_nearest_normal,last2,14,0.05,False,,,8.42768422444351e-05,0.00010775983100752,True,True
2026-08-15 08:52:51,wood,monitor,C:/cira_batch_test/wood/bad_2.png,bad_2.png,anomaly,True,0.27584972977638245,0.27584972977638245,0.04761727861349719,0.04761727861349719,0.037343646213412296,False,False,16000,False,,False,0.0,cpu,patch_nearest_normal,last2,14,0.05,False,,,0.00010067288530990481,0.00010775983100752,False,True
2026-08-15 08:52:52,wood,monitor,C:/cira_batch_test/wood/bad_17.png,bad_17.png,anomaly,True,0.36510080099105835,0.36510080099105835,0.04761727861349719,0.04761727861349719,0.037343646213412296,False,False,16000,False,,False,0.0,cpu,patch_nearest_normal,last2,14,0.05,False,,,9.465758921578526e-05,0.00010775983100752,False,True
2026-08-15 08:52:54,wood,monitor,C:/cira_batch_test/wood/bad_1.png,bad_1.png,anomaly,True,0.34832820296287537,0.34832820296287537,0.04761727861349719,0.04761727861349719,0.037343646213412296,False,False,16000,False,,False,0.0,cpu,patch_nearest_normal,last2,14,0.05,False,,,8.472977060591802e-05,0.00010775983100752,False,True
2026-08-15 08:52:55,wood,monitor,C:/cira_batch_test/wood/good_12.png,good_12.png,normal,False,0.037609852850437164,0.037609852850437164,0.04761727861349719,0.04761727861349719,0.037343646213412296,False,False,16000,False,,False,0.0,cpu,patch_nearest_normal,last2,14,0.05,False,,,0.00010553152242209762,0.00010775983100752,False,True
2026-08-15 08:52:57,wood,monitor,C:/cira_batch_test/wood/good_18.png,good_18.png,normal,False,0.03993537276983261,0.03993537276983261,0.04761727861349719,0.04761727861349719,0.037343646213412296,False,False,16000,False,,False,0.0,cpu,patch_nearest_normal,last2,14,0.05,False,,,9.705335105536506e-05,0.00010775983100752,False,True
2026-08-15 08:52:58,wood,monitor,C:/cira_batch_test/wood/good_17.png,good_17.png,normal,False,0.040097616612911224,0.040097616612911224,0.04761727861349719,0.04761727861349719,0.037343646213412296,False,False,16000,False,,False,0.0,cpu,patch_nearest_normal,last2,14,0.05,False,,,0.0001081852606148459,0.00010775983100752,False,False
2026-08-15 08:53:00,wood,monitor,C:/cira_batch_test/wood/bad_19.png,bad_19.png,anomaly,True,0.21835052967071533,0.21835052967071533,0.04761727861349719,0.04761727861349719,0.037343646213412296,False,False,16000,False,,False,0.0,cpu,patch_nearest_normal,last2,14,0.05,False,,,9.589567343937233e-05,0.00010775983100752,False,True
2026-08-15 08:53:02,wood,monitor,C:/cira_batch_test/wood/good_1.png,good_1.png,normal,False,0.0340852364897728,2.8610230629055877e-07,0.04761727861349719,0.04761727861349719,0.037343646213412296,False,True,16000,True,9.453571692574769e-05,True,0.0025572036392986774,cpu,patch_nearest_normal,last2,14,0.05,False,,,8.389481081394479e-05,0.00010775983100752,True,True
2026-08-15 08:53:04,zipper,monitor,C:/cira_batch_test/zipper/bad_10.png,bad_10.png,normal,False,0.024993807077407837,3.516674098591466e-07,0.026937197228883013,0.026937197228883013,0.026275477930903436,False,True,16000,True,0.00012241204967722297,True,0.0029794913716614246,cpu,patch_nearest_normal,last2,14,0.05,False,,,0.00011952493514399976,0.00012004206546407001,True,True
2026-08-15 08:53:05,zipper,monitor,C:/cira_batch_test/zipper/good_16.png,good_16.png,normal,False,0.024338532239198685,0.024338532239198685,0.026937197228883013,0.026937197228883013,0.026275477930903436,False,False,16000,False,,False,0.0,cpu,patch_nearest_normal,last2,14,0.05,False,,,0.0001220161429955624,0.00012004206546407001,True,False
2026-08-15 08:53:07,zipper,monitor,C:/cira_batch_test/zipper/bad_12.png,bad_12.png,normal,False,0.024093979969620705,2.682209014892578e-07,0.026937197228883013,0.026937197228883013,0.026275477930903436,False,True,16000,True,0.00011013010225724429,True,0.0027379633393138647,cpu,patch_nearest_normal,last2,14,0.05,False,,,0.00010061403008876368,0.00012004206546407001,True,True
2026-08-15 08:53:09,zipper,monitor,C:/cira_batch_test/zipper/good_11.png,good_11.png,normal,False,0.019761431962251663,2.443790378947597e-07,0.026937197228883013,0.026937197228883013,0.026275477930903436,False,True,16000,True,0.00012316829815972596,True,0.0026729274541139603,cpu,patch_nearest_normal,last2,14,0.05,False,,,0.00010043395013781264,0.00012004206546407001,True,True
2026-08-15 08:53:10,zipper,monitor,C:/cira_batch_test/zipper/bad_13.png,bad_13.png,anomaly,True,0.04000344127416611,0.04000344127416611,0.026937197228883013,0.026937197228883013,0.026275477930903436,False,False,16000,False,,False,0.0,cpu,patch_nearest_normal,last2,14,0.05,False,,,0.00010311586083844304,0.00012004206546407001,False,True
2026-08-15 08:53:12,zipper,monitor,C:/cira_batch_test/zipper/good_7.png,good_7.png,normal,False,0.021291429176926613,2.8610230629055877e-07,0.026937197228883013,0.026937197228883013,0.026275477930903436,False,True,16000,True,0.00011230411473661661,True,0.0026553908828645945,cpu,patch_nearest_normal,last2,14,0.05,False,,,0.00011002810060745105,0.00012004206546407001,True,True
2026-08-15 08:53:13,zipper,monitor,C:/cira_batch_test/zipper/good_8.png,good_8.png,normal,False,0.02665426768362522,0.02665426768362522,0.026937197228883013,0.026937197228883013,0.026275477930903436,False,False,16000,False,,False,0.0,cpu,patch_nearest_normal,last2,14,0.05,False,,,0.00011184457980562001,0.00012004206546407001,False,True
2026-08-15 08:53:15,zipper,monitor,C:/cira_batch_test/zipper/bad_20.png,bad_20.png,anomaly,True,0.047181032598018646,0.047181032598018646,0.026937197228883013,0.026937197228883013,0.026275477930903436,False,False,16000,False,,False,0.0,cpu,patch_nearest_normal,last2,14,0.05,False,,,0.00010676831880118698,0.00012004206546407001,False,True
2026-08-15 08:53:16,zipper,monitor,C:/cira_batch_test/zipper/good_19.png,good_19.png,normal,False,0.0219830684363842,2.9206276508375595e-07,0.026937197228883013,0.026937197228883013,0.026275477930903436,False,True,16000,True,0.00012549050734378397,True,0.0026579706463962793,cpu,patch_nearest_normal,last2,14,0.05,False,,,0.00011549785267561674,0.00012004206546407001,True,True
2026-08-15 08:53:18,zipper,monitor,C:/cira_batch_test/zipper/bad_3.png,bad_3.png,anomaly,True,0.028592264279723167,0.028592264279723167,0.026937197228883013,0.026937197228883013,0.026275477930903436,False,False,16000,False,,False,0.0,cpu,patch_nearest_normal,last2,14,0.05,False,,,0.00011518946121213958,0.00012004206546407001,False,True
2026-08-15 08:53:19,zipper,monitor,C:/cira_batch_test/zipper/bad_7.png,bad_7.png,anomaly,True,0.08856277167797089,0.08856277167797089,0.026937197228883013,0.026937197228883013,0.026275477930903436,False,False,16000,False,,False,0.0,cpu,patch_nearest_normal,last2,14,0.05,False,,,0.00011438324872869998,0.00012004206546407001,False,True
2026-08-15 08:53:21,zipper,monitor,C:/cira_batch_test/zipper/bad_15.png,bad_15.png,anomaly,True,0.0697716698050499,0.0697716698050499,0.026937197228883013,0.026937197228883013,0.026275477930903436,False,False,16000,False,,False,0.0,cpu,patch_nearest_normal,last2,14,0.05,False,,,0.00011144312156829983,0.00012004206546407001,False,True
2026-08-15 08:53:22,zipper,monitor,C:/cira_batch_test/zipper/good_5.png,good_5.png,anomaly,True,0.027021115645766258,0.027021115645766258,0.026937197228883013,0.026937197228883013,0.026275477930903436,False,False,16000,False,,False,0.0,cpu,patch_nearest_normal,last2,14,0.05,False,,,9.448767377762124e-05,0.00012004206546407001,False,True
2026-08-15 08:53:24,zipper,monitor,C:/cira_batch_test/zipper/good_14.png,good_14.png,normal,False,0.020997488871216774,2.74181360282455e-07,0.026937197228883013,0.026937197228883013,0.026275477930903436,False,True,16000,True,0.00011500020627863705,True,0.0026421782094985247,cpu,patch_nearest_normal,last2,14,0.05,False,,,0.00010369258234277368,0.00012004206546407001,True,True
2026-08-15 08:53:26,zipper,monitor,C:/cira_batch_test/zipper/bad_4.png,bad_4.png,anomaly,True,0.09652464091777802,0.09652464091777802,0.026937197228883013,0.026937197228883013,0.026275477930903436,False,False,16000,False,,False,0.0,cpu,patch_nearest_normal,last2,14,0.05,False,,,0.00010685837332857773,0.00012004206546407001,False,True
2026-08-15 08:53:27,zipper,monitor,C:/cira_batch_test/zipper/good_20.png,good_20.png,normal,False,0.021078670397400856,2.5629998390286346e-07,0.026937197228883013,0.026937197228883013,0.026275477930903436,False,True,16000,True,0.0001187722446047701,True,0.002646874636411667,cpu,patch_nearest_normal,last2,14,0.05,False,,,0.000111512876173947,0.00012004206546407001,True,True
2026-08-15 08:53:29,zipper,monitor,C:/cira_batch_test/zipper/good_13.png,good_13.png,normal,False,0.023592520505189896,3.337860050578456e-07,0.026937197228883013,0.026937197228883013,0.026275477930903436,False,True,16000,True,0.00011492853082017973,True,0.0026455509942024946,cpu,patch_nearest_normal,last2,14,0.05,False,,,0.00010085599933518097,0.00012004206546407001,True,True
2026-08-15 08:53:31,zipper,monitor,C:/cira_batch_test/zipper/good_15.png,good_15.png,normal,False,0.018631940707564354,3.039836826701503e-07,0.026937197228883013,0.026937197228883013,0.026275477930903436,False,True,16000,True,0.00011919316602870822,True,0.00265088421292603,cpu,patch_nearest_normal,last2,14,0.05,False,,,0.00010694445518311113,0.00012004206546407001,True,True
2026-08-15 08:53:33,zipper,monitor,C:/cira_batch_test/zipper/good_6.png,good_6.png,normal,False,0.021174680441617966,3.2186508747145126e-07,0.026937197228883013,0.026937197228883013,0.026275477930903436,False,True,16000,True,0.0001160178508143872,True,0.002644572639837861,cpu,patch_nearest_normal,last2,14,0.05,True,C:\cira_ttl_checkpoints\zipper\patch_memory_bank_update_10.pt,C:\cira_ttl_checkpoints\zipper\patch_adapter_update_10.pt,0.00010535691399127245,0.00012004206546407001,True,True
2026-08-15 08:53:35,zipper,monitor,C:/cira_batch_test/zipper/good_4.png,good_4.png,normal,False,0.026088381186127663,2.9206276508375595e-07,0.026937197228883013,0.026937197228883013,0.026275477930903436,False,True,16000,True,0.00011149426427436993,True,0.00264671235345304,cpu,patch_nearest_normal,last2,14,0.05,False,,,0.00010657910752343014,0.00012004206546407001,True,True
2026-08-15 08:53:36,zipper,monitor,C:/cira_batch_test/zipper/bad_16.png,bad_16.png,anomaly,True,0.047822676599025726,0.047822676599025726,0.026937197228883013,0.026937197228883013,0.026275477930903436,False,False,16000,False,,False,0.0,cpu,patch_nearest_normal,last2,14,0.05,False,,,0.0001227560715051368,0.00012004206546407001,False,False
2026-08-15 08:53:38,zipper,monitor,C:/cira_batch_test/zipper/good_10.png,good_10.png,normal,False,0.020633142441511154,2.6226044269606064e-07,0.026937197228883013,0.026937197228883013,0.026275477930903436,False,True,16000,True,0.00012288651487324387,True,0.0026494632475078106,cpu,patch_nearest_normal,last2,14,0.05,False,,,0.0001022068754537031,0.00012004206546407001,True,True
2026-08-15 08:53:40,zipper,monitor,C:/cira_batch_test/zipper/bad_18.png,bad_18.png,anomaly,True,0.061619292944669724,0.061619292944669724,0.026937197228883013,0.026937197228883013,0.026275477930903436,False,False,16000,False,,False,0.0,cpu,patch_nearest_normal,last2,14,0.05,False,,,0.00010742764425231144,0.00012004206546407001,False,True
2026-08-15 08:53:42,zipper,monitor,C:/cira_batch_test/zipper/good_3.png,good_3.png,normal,False,0.022119855508208275,3.039836826701503e-07,0.026937197228883013,0.026937197228883013,0.026275477930903436,False,True,16000,True,0.00010854098218260333,True,0.0026371292769908905,cpu,patch_nearest_normal,last2,14,0.05,False,,,9.276885248254985e-05,0.00012004206546407001,True,True
2026-08-15 08:53:43,zipper,monitor,C:/cira_batch_test/zipper/bad_14.png,bad_14.png,anomaly,True,0.04747255519032478,0.04747255519032478,0.026937197228883013,0.026937197228883013,0.026275477930903436,False,False,16000,False,,False,0.0,cpu,patch_nearest_normal,last2,14,0.05,False,,,0.00011481224646558985,0.00012004206546407001,False,True
2026-08-15 08:53:45,zipper,monitor,C:/cira_batch_test/zipper/bad_6.png,bad_6.png,anomaly,True,0.07936622947454453,0.07936622947454453,0.026937197228883013,0.026937197228883013,0.026275477930903436,False,False,16000,False,,False,0.0,cpu,patch_nearest_normal,last2,14,0.05,False,,,0.00011201025336049497,0.00012004206546407001,False,True
2026-08-15 08:53:46,zipper,monitor,C:/cira_batch_test/zipper/bad_8.png,bad_8.png,anomaly,True,0.13779523968696594,0.13779523968696594,0.026937197228883013,0.026937197228883013,0.026275477930903436,False,False,16000,False,,False,0.0,cpu,patch_nearest_normal,last2,14,0.05,False,,,0.00011802987137343735,0.00012004206546407001,False,True
2026-08-15 08:53:48,zipper,monitor,C:/cira_batch_test/zipper/bad_11.png,bad_11.png,anomaly,True,0.03420376777648926,0.03420376777648926,0.026937197228883013,0.026937197228883013,0.026275477930903436,False,False,16000,False,,False,0.0,cpu,patch_nearest_normal,last2,14,0.05,False,,,9.534827404422686e-05,0.00012004206546407001,False,True
2026-08-15 08:53:50,zipper,monitor,C:/cira_batch_test/zipper/bad_9.png,bad_9.png,anomaly,True,0.1358664482831955,0.1358664482831955,0.026937197228883013,0.026937197228883013,0.026275477930903436,False,False,16000,False,,False,0.0,cpu,patch_nearest_normal,last2,14,0.05,False,,,0.00011463982082204893,0.00012004206546407001,False,True
2026-08-15 08:53:52,zipper,monitor,C:/cira_batch_test/zipper/bad_5.png,bad_5.png,anomaly,True,0.0422653965651989,0.0422653965651989,0.026937197228883013,0.026937197228883013,0.026275477930903436,False,False,16000,False,,False,0.0,cpu,patch_nearest_normal,last2,14,0.05,False,,,0.00012057661660946906,0.00012004206546407001,False,False
2026-08-15 08:53:54,zipper,monitor,C:/cira_batch_test/zipper/good_9.png,good_9.png,normal,False,0.02094627544283867,3.039836826701503e-07,0.026937197228883013,0.026937197228883013,0.026275477930903436,False,True,16000,True,0.0001276533876080066,True,0.002644849242642522,cpu,patch_nearest_normal,last2,14,0.05,False,,,0.00011280205944785848,0.00012004206546407001,True,True
2026-08-15 08:53:56,zipper,monitor,C:/cira_batch_test/zipper/good_2.png,good_2.png,normal,False,0.025612950325012207,3.159046286782541e-07,0.026937197228883013,0.026937197228883013,0.026275477930903436,False,True,16000,True,0.00011209863441763446,True,0.002644954016432166,cpu,patch_nearest_normal,last2,14,0.05,False,,,0.00010427277447888628,0.00012004206546407001,True,True
2026-08-15 08:53:57,zipper,monitor,C:/cira_batch_test/zipper/bad_2.png,bad_2.png,anomaly,True,0.047813523560762405,0.047813523560762405,0.026937197228883013,0.026937197228883013,0.026275477930903436,False,False,16000,False,,False,0.0,cpu,patch_nearest_normal,last2,14,0.05,False,,,0.00012175025040050969,0.00012004206546407001,False,False
2026-08-15 08:53:59,zipper,monitor,C:/cira_batch_test/zipper/bad_17.png,bad_17.png,anomaly,True,0.053728848695755005,0.053728848695755005,0.026937197228883013,0.026937197228883013,0.026275477930903436,False,False,16000,False,,False,0.0,cpu,patch_nearest_normal,last2,14,0.05,False,,,0.00010600434325169772,0.00012004206546407001,False,True
2026-08-15 08:54:00,zipper,monitor,C:/cira_batch_test/zipper/bad_1.png,bad_1.png,anomaly,True,0.03231172636151314,0.03231172636151314,0.026937197228883013,0.026937197228883013,0.026275477930903436,False,False,16000,False,,False,0.0,cpu,patch_nearest_normal,last2,14,0.05,False,,,0.00011435951455496252,0.00012004206546407001,False,True
2026-08-15 08:54:02,zipper,monitor,C:/cira_batch_test/zipper/good_12.png,good_12.png,normal,False,0.020128000527620316,2.980232238769531e-07,0.026937197228883013,0.026937197228883013,0.026275477930903436,False,True,16000,True,0.0001077455744962208,True,0.0026340114418417215,cpu,patch_nearest_normal,last2,14,0.05,False,,,9.893325477605686e-05,0.00012004206546407001,True,True
2026-08-15 08:54:04,zipper,monitor,C:/cira_batch_test/zipper/good_18.png,good_18.png,normal,False,0.019660329446196556,2.9206276508375595e-07,0.026937197228883013,0.026937197228883013,0.026275477930903436,False,True,16000,True,0.00012055350816808641,True,0.0026332202833145857,cpu,patch_nearest_normal,last2,14,0.05,False,,,0.00011252227704972029,0.00012004206546407001,True,True
2026-08-15 08:54:06,zipper,monitor,C:/cira_batch_test/zipper/good_17.png,good_17.png,normal,False,0.02219538763165474,2.980232238769531e-07,0.026937197228883013,0.026937197228883013,0.026275477930903436,False,True,16000,True,0.00012507841165643185,True,0.0026355795562267303,cpu,patch_nearest_normal,last2,14,0.05,False,,,0.00010961500083794817,0.00012004206546407001,True,True
2026-08-15 08:54:07,zipper,monitor,C:/cira_batch_test/zipper/bad_19.png,bad_19.png,anomaly,True,0.052953582257032394,0.052953582257032394,0.026937197228883013,0.026937197228883013,0.026275477930903436,False,False,16000,False,,False,0.0,cpu,patch_nearest_normal,last2,14,0.05,False,,,0.00012375687947496772,0.00012004206546407001,False,False
2026-08-15 08:54:09,zipper,monitor,C:/cira_batch_test/zipper/good_1.png,good_1.png,normal,False,0.0221279077231884,2.5033949668795685e-07,0.026937197228883013,0.026937197228883013,0.026275477930903436,False,True,16000,True,0.00011858857760671526,True,0.002623668871819973,cpu,patch_nearest_normal,last2,14,0.05,False,,,0.00010719917918322608,0.00012004206546407001,True,True
