timestamp,category,mode,image_path,file_name,label,is_anomaly,score_before,anomaly_score,threshold,anomaly_threshold,update_threshold,threshold_reloaded,updated_memory,memory_size,update_allowed,update_loss,adapter_updated,adapter_delta_norm,device,score_method,feature_choice,patch_grid,patch_top_fraction,checkpoint_saved,checkpoint_memory_path,checkpoint_adapter_path,consistency_error,consistency_threshold,score_gate_pass,consistency_gate_pass
2026-08-15 13:09:53,bottle,monitor,C:/cira_batch_test/bottle/good_1.png,good_1.png,normal,False,0.025081897154450417,2.8014181907565217e-07,0.02815022391963134,0.02815022391963134,0.02531116753816605,False,True,16000,True,0.0001232393697137013,True,0.0029845137614756823,cpu,patch_nearest_normal,last2,14,0.05,False,,,0.000106573395896703,0.00011476924591981,True,True
2026-08-15 13:09:55,bottle,monitor,C:/cira_batch_test/bottle/good_7.png,good_7.png,anomaly,True,0.03168157860636711,0.03168157860636711,0.02815022391963134,0.02815022391963134,0.02531116753816605,False,False,16000,False,,False,0.0,cpu,patch_nearest_normal,last2,14,0.05,False,,,0.00011183479364262894,0.00011476924591981,False,True
2026-08-15 13:09:57,bottle,monitor,C:/cira_batch_test/bottle/good_9.png,good_9.png,normal,False,0.02354874648153782,3.159046286782541e-07,0.02815022391963134,0.02815022391963134,0.02531116753816605,False,True,16000,True,0.00011467180593172088,True,0.0027911532670259476,cpu,patch_nearest_normal,last2,14,0.05,False,,,0.00010047364776255563,0.00011476924591981,True,True
2026-08-15 13:09:58,bottle,monitor,C:/cira_batch_test/bottle/bad_8.png,bad_8.png,anomaly,True,0.279440313577652,0.279440313577652,0.02815022391963134,0.02815022391963134,0.02531116753816605,False,False,16000,False,,False,0.0,cpu,patch_nearest_normal,last2,14,0.05,False,,,0.00014053727500140667,0.00011476924591981,False,False
2026-08-15 13:10:00,bottle,monitor,C:/cira_batch_test/bottle/bad_1.png,bad_1.png,anomaly,True,0.05727937072515488,0.05727937072515488,0.02815022391963134,0.02815022391963134,0.02531116753816605,False,False,16000,False,,False,0.0,cpu,patch_nearest_normal,last2,14,0.05,False,,,0.00010802743781823665,0.00011476924591981,False,True
2026-08-15 13:10:01,bottle,monitor,C:/cira_batch_test/bottle/bad_14.png,bad_14.png,anomaly,True,0.17491069436073303,0.17491069436073303,0.02815022391963134,0.02815022391963134,0.02531116753816605,False,False,16000,False,,False,0.0,cpu,patch_nearest_normal,last2,14,0.05,False,,,0.00011440001253504306,0.00011476924591981,False,True
2026-08-15 13:10:03,bottle,monitor,C:/cira_batch_test/bottle/bad_15.png,bad_15.png,anomaly,True,0.42685428261756897,0.42685428261756897,0.02815022391963134,0.02815022391963134,0.02531116753816605,False,False,16000,False,,False,0.0,cpu,patch_nearest_normal,last2,14,0.05,False,,,0.00013429176760837436,0.00011476924591981,False,False
2026-08-15 13:10:04,bottle,monitor,C:/cira_batch_test/bottle/good_19.png,good_19.png,normal,False,0.01837748847901821,2.8610230629055877e-07,0.02815022391963134,0.02815022391963134,0.02531116753816605,False,True,16000,True,0.00011827180424006656,True,0.0027584799099713564,cpu,patch_nearest_normal,last2,14,0.05,False,,,0.00010435304284328595,0.00011476924591981,True,True
2026-08-15 13:10:06,bottle,monitor,C:/cira_batch_test/bottle/bad_3.png,bad_3.png,anomaly,True,0.1891733705997467,0.1891733705997467,0.02815022391963134,0.02815022391963134,0.02531116753816605,False,False,16000,False,,False,0.0,cpu,patch_nearest_normal,last2,14,0.05,False,,,0.00010781480523291975,0.00011476924591981,False,True
2026-08-15 13:10:08,bottle,monitor,C:/cira_batch_test/bottle/good_5.png,good_5.png,normal,False,0.01526071410626173,2.5629998390286346e-07,0.02815022391963134,0.02815022391963134,0.02531116753816605,False,True,16000,True,0.0001163703273050487,True,0.0027488605119287968,cpu,patch_nearest_normal,last2,14,0.05,False,,,0.00010546719568083063,0.00011476924591981,True,True
2026-08-15 13:10:09,bottle,monitor,C:/cira_batch_test/bottle/good_16.png,good_16.png,normal,False,0.02612399496138096,0.02612399496138096,0.02815022391963134,0.02815022391963134,0.02531116753816605,False,False,16000,False,,False,0.0,cpu,patch_nearest_normal,last2,14,0.05,False,,,0.00010135403135791421,0.00011476924591981,False,True
2026-08-15 13:10:11,bottle,monitor,C:/cira_batch_test/bottle/good_14.png,good_14.png,normal,False,0.02365642786026001,2.5033949668795685e-07,0.02815022391963134,0.02815022391963134,0.02531116753816605,False,True,16000,True,0.00011523028661031276,True,0.002721254713833332,cpu,patch_nearest_normal,last2,14,0.05,False,,,0.00010484322410775349,0.00011476924591981,True,True
2026-08-15 13:10:13,bottle,monitor,C:/cira_batch_test/bottle/good_2.png,good_2.png,normal,False,0.024499589577317238,2.5033949668795685e-07,0.02815022391963134,0.02815022391963134,0.02531116753816605,False,True,16000,True,0.00012216089817229658,True,0.0027046618051826954,cpu,patch_nearest_normal,last2,14,0.05,False,,,0.00011067924788221717,0.00011476924591981,True,True
2026-08-15 13:10:14,bottle,monitor,C:/cira_batch_test/bottle/bad_13.png,bad_13.png,anomaly,True,0.26125049591064453,0.26125049591064453,0.02815022391963134,0.02815022391963134,0.02531116753816605,False,False,16000,False,,False,0.0,cpu,patch_nearest_normal,last2,14,0.05,False,,,0.00011938782699871808,0.00011476924591981,False,False
2026-08-15 13:10:16,bottle,monitor,C:/cira_batch_test/bottle/good_10.png,good_10.png,normal,False,0.025057071819901466,2.682209014892578e-07,0.02815022391963134,0.02815022391963134,0.02531116753816605,False,True,16000,True,0.00011924986029043794,True,0.00270666042342782,cpu,patch_nearest_normal,last2,14,0.05,False,,,0.00010773374378914014,0.00011476924591981,True,True
2026-08-15 13:10:17,bottle,monitor,C:/cira_batch_test/bottle/bad_19.png,bad_19.png,anomaly,True,0.19922664761543274,0.19922664761543274,0.02815022391963134,0.02815022391963134,0.02531116753816605,False,False,16000,False,,False,0.0,cpu,patch_nearest_normal,last2,14,0.05,False,,,0.00011252731928834692,0.00011476924591981,False,True
2026-08-15 13:10:19,bottle,monitor,C:/cira_batch_test/bottle/good_4.png,good_4.png,normal,False,0.019246060401201248,2.8014181907565217e-07,0.02815022391963134,0.02815022391963134,0.02531116753816605,False,True,16000,True,0.00011564392480067909,True,0.002710002241656184,cpu,patch_nearest_normal,last2,14,0.05,False,,,0.00010683948494261131,0.00011476924591981,True,True
2026-08-15 13:10:21,bottle,monitor,C:/cira_batch_test/bottle/bad_12.png,bad_12.png,anomaly,True,0.22512421011924744,0.22512421011924744,0.02815022391963134,0.02815022391963134,0.02531116753816605,False,False,16000,False,,False,0.0,cpu,patch_nearest_normal,last2,14,0.05,False,,,0.00011426337732700631,0.00011476924591981,False,True
2026-08-15 13:10:22,bottle,monitor,C:/cira_batch_test/bottle/good_18.png,good_18.png,normal,False,0.01971939206123352,3.159046286782541e-07,0.02815022391963134,0.02815022391963134,0.02531116753816605,False,True,16000,True,0.0001153424964286387,True,0.0027058529667556286,cpu,patch_nearest_normal,last2,14,0.05,False,,,0.00010665728768799454,0.00011476924591981,True,True
2026-08-15 13:10:24,bottle,monitor,C:/cira_batch_test/bottle/bad_16.png,bad_16.png,anomaly,True,0.3035441040992737,0.3035441040992737,0.02815022391963134,0.02815022391963134,0.02531116753816605,False,False,16000,False,,False,0.0,cpu,patch_nearest_normal,last2,14,0.05,False,,,0.00011271348921582103,0.00011476924591981,False,True
2026-08-15 13:10:26,bottle,monitor,C:/cira_batch_test/bottle/good_6.png,good_6.png,normal,False,0.01761205866932869,2.74181360282455e-07,0.02815022391963134,0.02815022391963134,0.02531116753816605,False,True,16000,True,0.00011404989345464855,True,0.0027012857608497143,cpu,patch_nearest_normal,last2,14,0.05,True,C:\cira_ttl_checkpoints\bottle\patch_memory_bank_update_10.pt,C:\cira_ttl_checkpoints\bottle\patch_adapter_update_10.pt,0.00010358709550928324,0.00011476924591981,True,True
2026-08-15 13:10:27,bottle,monitor,C:/cira_batch_test/bottle/good_13.png,good_13.png,normal,False,0.021186137571930885,2.2649764730431343e-07,0.02815022391963134,0.02815022391963134,0.02531116753816605,False,True,16000,True,0.00011784007074311376,True,0.0027009258046746254,cpu,patch_nearest_normal,last2,14,0.05,False,,,0.00010458900942467153,0.00011476924591981,True,True
2026-08-15 13:10:29,bottle,monitor,C:/cira_batch_test/bottle/good_15.png,good_15.png,normal,False,0.019302284345030785,3.397464638510428e-07,0.02815022391963134,0.02815022391963134,0.02531116753816605,False,True,16000,True,0.0001091284430003725,True,0.002696918323636055,cpu,patch_nearest_normal,last2,14,0.05,False,,,0.00010236392699880525,0.00011476924591981,True,True
2026-08-15 13:10:31,bottle,monitor,C:/cira_batch_test/bottle/good_20.png,good_20.png,normal,False,0.024973075836896896,3.159046286782541e-07,0.02815022391963134,0.02815022391963134,0.02531116753816605,False,True,16000,True,0.00011710565013345331,True,0.002694765804335475,cpu,patch_nearest_normal,last2,14,0.05,False,,,0.00010730000940384343,0.00011476924591981,True,True
2026-08-15 13:10:32,bottle,monitor,C:/cira_batch_test/bottle/bad_17.png,bad_17.png,anomaly,True,0.18586599826812744,0.18586599826812744,0.02815022391963134,0.02815022391963134,0.02531116753816605,False,False,16000,False,,False,0.0,cpu,patch_nearest_normal,last2,14,0.05,False,,,0.00010905648377956823,0.00011476924591981,False,True
2026-08-15 13:10:34,bottle,monitor,C:/cira_batch_test/bottle/good_11.png,good_11.png,normal,False,0.01655789650976658,2.8610230629055877e-07,0.02815022391963134,0.02815022391963134,0.02531116753816605,False,True,16000,True,0.00011470379104139283,True,0.002681527752429247,cpu,patch_nearest_normal,last2,14,0.05,False,,,0.00010534463217481971,0.00011476924591981,True,True
2026-08-15 13:10:35,bottle,monitor,C:/cira_batch_test/bottle/bad_20.png,bad_20.png,anomaly,True,0.20696735382080078,0.20696735382080078,0.02815022391963134,0.02815022391963134,0.02531116753816605,False,False,16000,False,,False,0.0,cpu,patch_nearest_normal,last2,14,0.05,False,,,0.00011356717732269317,0.00011476924591981,False,True
2026-08-15 13:10:37,bottle,monitor,C:/cira_batch_test/bottle/good_8.png,good_8.png,normal,False,0.02003999426960945,2.5629998390286346e-07,0.02815022391963134,0.02815022391963134,0.02531116753816605,False,True,16000,True,0.0001128819421865046,True,0.0026772450655698776,cpu,patch_nearest_normal,last2,14,0.05,False,,,0.00010543267126195133,0.00011476924591981,True,True
2026-08-15 13:10:38,bottle,monitor,C:/cira_batch_test/bottle/bad_10.png,bad_10.png,anomaly,True,0.16757699847221375,0.16757699847221375,0.02815022391963134,0.02815022391963134,0.02531116753816605,False,False,16000,False,,False,0.0,cpu,patch_nearest_normal,last2,14,0.05,False,,,0.00012386874004732817,0.00011476924591981,False,False
2026-08-15 13:10:40,bottle,monitor,C:/cira_batch_test/bottle/good_3.png,good_3.png,normal,False,0.021204262971878052,3.099441414633475e-07,0.02815022391963134,0.02815022391963134,0.02531116753816605,False,True,16000,True,0.00010718627891037613,True,0.002670986345037818,cpu,patch_nearest_normal,last2,14,0.05,False,,,9.811175550566986e-05,0.00011476924591981,True,True
2026-08-15 13:10:42,bottle,monitor,C:/cira_batch_test/bottle/bad_11.png,bad_11.png,anomaly,True,0.05351828411221504,0.05351828411221504,0.02815022391963134,0.02815022391963134,0.02531116753816605,False,False,16000,False,,False,0.0,cpu,patch_nearest_normal,last2,14,0.05,False,,,0.00010228448081761599,0.00011476924591981,False,True
2026-08-15 13:10:43,bottle,monitor,C:/cira_batch_test/bottle/bad_18.png,bad_18.png,anomaly,True,0.179930180311203,0.179930180311203,0.02815022391963134,0.02815022391963134,0.02531116753816605,False,False,16000,False,,False,0.0,cpu,patch_nearest_normal,last2,14,0.05,False,,,0.00012221890210639685,0.00011476924591981,False,False
2026-08-15 13:10:45,bottle,monitor,C:/cira_batch_test/bottle/good_12.png,good_12.png,normal,False,0.017169678583741188,2.6226044269606064e-07,0.02815022391963134,0.02815022391963134,0.02531116753816605,False,True,16000,True,0.00011449619341874495,True,0.002671994501724839,cpu,patch_nearest_normal,last2,14,0.05,False,,,9.805359150050208e-05,0.00011476924591981,True,True
2026-08-15 13:10:46,bottle,monitor,C:/cira_batch_test/bottle/good_17.png,good_17.png,normal,False,0.020887529477477074,2.980232238769531e-07,0.02815022391963134,0.02815022391963134,0.02531116753816605,False,True,16000,True,0.00011351187276886776,True,0.0026725088246166706,cpu,patch_nearest_normal,last2,14,0.05,False,,,0.00010912436118815094,0.00011476924591981,True,True
2026-08-15 13:10:48,bottle,monitor,C:/cira_batch_test/bottle/bad_5.png,bad_5.png,anomaly,True,0.30667972564697266,0.30667972564697266,0.02815022391963134,0.02815022391963134,0.02531116753816605,False,False,16000,False,,False,0.0,cpu,patch_nearest_normal,last2,14,0.05,False,,,0.0001303660246776417,0.00011476924591981,False,False
2026-08-15 13:10:49,bottle,monitor,C:/cira_batch_test/bottle/bad_6.png,bad_6.png,anomaly,True,0.22288694977760315,0.22288694977760315,0.02815022391963134,0.02815022391963134,0.02531116753816605,False,False,16000,False,,False,0.0,cpu,patch_nearest_normal,last2,14,0.05,False,,,0.00011356871254974976,0.00011476924591981,False,True
2026-08-15 13:10:51,bottle,monitor,C:/cira_batch_test/bottle/bad_7.png,bad_7.png,anomaly,True,0.3196721076965332,0.3196721076965332,0.02815022391963134,0.02815022391963134,0.02531116753816605,False,False,16000,False,,False,0.0,cpu,patch_nearest_normal,last2,14,0.05,False,,,0.00011473679478513077,0.00011476924591981,False,True
2026-08-15 13:10:52,bottle,monitor,C:/cira_batch_test/bottle/bad_9.png,bad_9.png,anomaly,True,0.3166044354438782,0.3166044354438782,0.02815022391963134,0.02815022391963134,0.02531116753816605,False,False,16000,False,,False,0.0,cpu,patch_nearest_normal,last2,14,0.05,False,,,0.0001394114806316793,0.00011476924591981,False,False
2026-08-15 13:10:54,bottle,monitor,C:/cira_batch_test/bottle/bad_4.png,bad_4.png,anomaly,True,0.20113074779510498,0.20113074779510498,0.02815022391963134,0.02815022391963134,0.02531116753816605,False,False,16000,False,,False,0.0,cpu,patch_nearest_normal,last2,14,0.05,False,,,0.00011870227172039449,0.00011476924591981,False,False
2026-08-15 13:10:55,bottle,monitor,C:/cira_batch_test/bottle/bad_2.png,bad_2.png,anomaly,True,0.0844360962510109,0.0844360962510109,0.02815022391963134,0.02815022391963134,0.02531116753816605,False,False,16000,False,,False,0.0,cpu,patch_nearest_normal,last2,14,0.05,False,,,0.00010808638762682676,0.00011476924591981,False,True
2026-08-15 13:10:57,cable,monitor,C:/cira_batch_test/cable/good_1.png,good_1.png,normal,False,0.08960090577602386,0.08960090577602386,0.09852251798848576,0.09852251798848576,0.08661089912056923,False,False,16000,False,,False,0.0,cpu,patch_nearest_normal,last2,14,0.05,False,,,0.00015289871953427792,0.00019554235113892002,False,True
2026-08-15 13:10:59,cable,monitor,C:/cira_batch_test/cable/good_7.png,good_7.png,normal,False,0.08281774818897247,3.2186508747145126e-07,0.09852251798848576,0.09852251798848576,0.08661089912056923,False,True,16000,True,0.0001845976512413472,True,0.003002235433086753,cpu,patch_nearest_normal,last2,14,0.05,False,,,0.00016608790610916913,0.00019554235113892002,True,True
2026-08-15 13:11:00,cable,monitor,C:/cira_batch_test/cable/good_9.png,good_9.png,normal,False,0.08765305578708649,0.08765305578708649,0.09852251798848576,0.09852251798848576,0.08661089912056923,False,False,16000,False,,False,0.0,cpu,patch_nearest_normal,last2,14,0.05,False,,,0.00017248961376026273,0.00019554235113892002,False,True
2026-08-15 13:11:02,cable,monitor,C:/cira_batch_test/cable/bad_8.png,bad_8.png,anomaly,True,0.12706133723258972,0.12706133723258972,0.09852251798848576,0.09852251798848576,0.08661089912056923,False,False,16000,False,,False,0.0,cpu,patch_nearest_normal,last2,14,0.05,False,,,0.00018514861585572362,0.00019554235113892002,False,True
2026-08-15 13:11:03,cable,monitor,C:/cira_batch_test/cable/bad_1.png,bad_1.png,anomaly,True,0.25585779547691345,0.25585779547691345,0.09852251798848576,0.09852251798848576,0.08661089912056923,False,False,16000,False,,False,0.0,cpu,patch_nearest_normal,last2,14,0.05,False,,,0.00015570731193292886,0.00019554235113892002,False,True
2026-08-15 13:11:05,cable,monitor,C:/cira_batch_test/cable/bad_14.png,bad_14.png,anomaly,True,0.10262174904346466,0.10262174904346466,0.09852251798848576,0.09852251798848576,0.08661089912056923,False,False,16000,False,,False,0.0,cpu,patch_nearest_normal,last2,14,0.05,False,,,0.00018853507936000824,0.00019554235113892002,False,True
2026-08-15 13:11:06,cable,monitor,C:/cira_batch_test/cable/bad_15.png,bad_15.png,anomaly,True,0.21938228607177734,0.21938228607177734,0.09852251798848576,0.09852251798848576,0.08661089912056923,False,False,16000,False,,False,0.0,cpu,patch_nearest_normal,last2,14,0.05,False,,,0.0001706728507997468,0.00019554235113892002,False,True
2026-08-15 13:11:08,cable,monitor,C:/cira_batch_test/cable/good_19.png,good_19.png,normal,False,0.08334534615278244,3.457069510659494e-07,0.09852251798848576,0.09852251798848576,0.08661089912056923,False,True,16000,True,0.00017495347128715366,True,0.002762185875326395,cpu,patch_nearest_normal,last2,14,0.05,False,,,0.00015667109983041883,0.00019554235113892002,True,True
2026-08-15 13:11:09,cable,monitor,C:/cira_batch_test/cable/bad_3.png,bad_3.png,anomaly,True,0.15509025752544403,0.15509025752544403,0.09852251798848576,0.09852251798848576,0.08661089912056923,False,False,16000,False,,False,0.0,cpu,patch_nearest_normal,last2,14,0.05,False,,,0.00017969975306186825,0.00019554235113892002,False,True
2026-08-15 13:11:11,cable,monitor,C:/cira_batch_test/cable/good_5.png,good_5.png,normal,False,0.09721402823925018,0.09721402823925018,0.09852251798848576,0.09852251798848576,0.08661089912056923,False,False,16000,False,,False,0.0,cpu,patch_nearest_normal,last2,14,0.05,False,,,0.00015800177061464638,0.00019554235113892002,False,True
2026-08-15 13:11:13,cable,monitor,C:/cira_batch_test/cable/good_16.png,good_16.png,normal,False,0.07359156012535095,3.099441414633475e-07,0.09852251798848576,0.09852251798848576,0.08661089912056923,False,True,16000,True,0.00018338464724365622,True,0.0026605853345245123,cpu,patch_nearest_normal,last2,14,0.05,False,,,0.0001674838422331959,0.00019554235113892002,True,True
2026-08-15 13:11:14,cable,monitor,C:/cira_batch_test/cable/good_14.png,good_14.png,normal,False,0.09626752883195877,0.09626752883195877,0.09852251798848576,0.09852251798848576,0.08661089912056923,False,False,16000,False,,False,0.0,cpu,patch_nearest_normal,last2,14,0.05,False,,,0.00017262612527702004,0.00019554235113892002,False,True
2026-08-15 13:11:16,cable,monitor,C:/cira_batch_test/cable/good_2.png,good_2.png,normal,False,0.08800943195819855,0.08800943195819855,0.09852251798848576,0.09852251798848576,0.08661089912056923,False,False,16000,False,,False,0.0,cpu,patch_nearest_normal,last2,14,0.05,False,,,0.00016927973774727434,0.00019554235113892002,False,True
2026-08-15 13:11:17,cable,monitor,C:/cira_batch_test/cable/bad_13.png,bad_13.png,anomaly,True,0.11103381961584091,0.11103381961584091,0.09852251798848576,0.09852251798848576,0.08661089912056923,False,False,16000,False,,False,0.0,cpu,patch_nearest_normal,last2,14,0.05,False,,,0.0001591790933161974,0.00019554235113892002,False,True
2026-08-15 13:11:19,cable,monitor,C:/cira_batch_test/cable/good_10.png,good_10.png,normal,False,0.08567202836275101,2.8014181907565217e-07,0.09852251798848576,0.09852251798848576,0.08661089912056923,False,True,16000,True,0.00018580378673505038,True,0.0025847970973700285,cpu,patch_nearest_normal,last2,14,0.05,False,,,0.0001681440626271069,0.00019554235113892002,True,True
2026-08-15 13:11:21,cable,monitor,C:/cira_batch_test/cable/bad_19.png,bad_19.png,normal,False,0.0925569161772728,0.0925569161772728,0.09852251798848576,0.09852251798848576,0.08661089912056923,False,False,16000,False,,False,0.0,cpu,patch_nearest_normal,last2,14,0.05,False,,,0.0001556320203235373,0.00019554235113892002,False,True
2026-08-15 13:11:22,cable,monitor,C:/cira_batch_test/cable/good_4.png,good_4.png,normal,False,0.0726056843996048,2.9206276508375595e-07,0.09852251798848576,0.09852251798848576,0.08661089912056923,False,True,16000,True,0.0001932487648446113,True,0.0025293154176324606,cpu,patch_nearest_normal,last2,14,0.05,False,,,0.00016890105325728655,0.00019554235113892002,True,True
2026-08-15 13:11:24,cable,monitor,C:/cira_batch_test/cable/bad_12.png,bad_12.png,anomaly,True,0.10332415252923965,0.10332415252923965,0.09852251798848576,0.09852251798848576,0.08661089912056923,False,False,16000,False,,False,0.0,cpu,patch_nearest_normal,last2,14,0.05,False,,,0.00015089177759364247,0.00019554235113892002,False,True
2026-08-15 13:11:26,cable,monitor,C:/cira_batch_test/cable/good_18.png,good_18.png,normal,False,0.06895004957914352,3.159046286782541e-07,0.09852251798848576,0.09852251798848576,0.08661089912056923,False,True,16000,True,0.00017994460358750075,True,0.00254016718827188,cpu,patch_nearest_normal,last2,14,0.05,False,,,0.00016746243636589497,0.00019554235113892002,True,True
2026-08-15 13:11:27,cable,monitor,C:/cira_batch_test/cable/bad_16.png,bad_16.png,anomaly,True,0.2688651978969574,0.2688651978969574,0.09852251798848576,0.09852251798848576,0.08661089912056923,False,False,16000,False,,False,0.0,cpu,patch_nearest_normal,last2,14,0.05,False,,,0.00017149354971479625,0.00019554235113892002,False,True
2026-08-15 13:11:29,cable,monitor,C:/cira_batch_test/cable/good_6.png,good_6.png,anomaly,True,0.10386481136083603,0.10386481136083603,0.09852251798848576,0.09852251798848576,0.08661089912056923,False,False,16000,False,,False,0.0,cpu,patch_nearest_normal,last2,14,0.05,False,,,0.00015332260227296501,0.00019554235113892002,False,True
2026-08-15 13:11:30,cable,monitor,C:/cira_batch_test/cable/good_13.png,good_13.png,normal,False,0.08851927518844604,0.08851927518844604,0.09852251798848576,0.09852251798848576,0.08661089912056923,False,False,16000,False,,False,0.0,cpu,patch_nearest_normal,last2,14,0.05,False,,,0.00017613304953556508,0.00019554235113892002,False,True
2026-08-15 13:11:32,cable,monitor,C:/cira_batch_test/cable/good_15.png,good_15.png,normal,False,0.07943549752235413,2.8014181907565217e-07,0.09852251798848576,0.09852251798848576,0.08661089912056923,False,True,16000,True,0.00018510712834540755,True,0.0025285386946052313,cpu,patch_nearest_normal,last2,14,0.05,False,,,0.00015888352936599404,0.00019554235113892002,True,True
2026-08-15 13:11:34,cable,monitor,C:/cira_batch_test/cable/good_20.png,good_20.png,normal,False,0.08748459070920944,0.08748459070920944,0.09852251798848576,0.09852251798848576,0.08661089912056923,False,False,16000,False,,False,0.0,cpu,patch_nearest_normal,last2,14,0.05,False,,,0.00016989237337838858,0.00019554235113892002,False,True
2026-08-15 13:11:35,cable,monitor,C:/cira_batch_test/cable/bad_17.png,bad_17.png,anomaly,True,0.14863331615924835,0.14863331615924835,0.09852251798848576,0.09852251798848576,0.08661089912056923,False,False,16000,False,,False,0.0,cpu,patch_nearest_normal,last2,14,0.05,False,,,0.00018125503265764564,0.00019554235113892002,False,True
2026-08-15 13:11:37,cable,monitor,C:/cira_batch_test/cable/good_11.png,good_11.png,normal,False,0.07570933550596237,3.159046286782541e-07,0.09852251798848576,0.09852251798848576,0.08661089912056923,False,True,16000,True,0.00019995414186269045,True,0.0025004749186336994,cpu,patch_nearest_normal,last2,14,0.05,False,,,0.00017924339044839144,0.00019554235113892002,True,True
2026-08-15 13:11:38,cable,monitor,C:/cira_batch_test/cable/bad_20.png,bad_20.png,anomaly,True,0.197259783744812,0.197259783744812,0.09852251798848576,0.09852251798848576,0.08661089912056923,False,False,16000,False,,False,0.0,cpu,patch_nearest_normal,last2,14,0.05,False,,,0.00018080697918776423,0.00019554235113892002,False,True
2026-08-15 13:11:41,cable,monitor,C:/cira_batch_test/cable/good_8.png,good_8.png,normal,False,0.09614982455968857,0.09614982455968857,0.09852251798848576,0.09852251798848576,0.08661089912056923,False,False,16000,False,,False,0.0,cpu,patch_nearest_normal,last2,14,0.05,False,,,0.0001680755231063813,0.00019554235113892002,False,True
2026-08-15 13:11:42,cable,monitor,C:/cira_batch_test/cable/bad_10.png,bad_10.png,anomaly,True,0.10613542795181274,0.10613542795181274,0.09852251798848576,0.09852251798848576,0.08661089912056923,False,False,16000,False,,False,0.0,cpu,patch_nearest_normal,last2,14,0.05,False,,,0.00017309280519839376,0.00019554235113892002,False,True
2026-08-15 13:11:44,cable,monitor,C:/cira_batch_test/cable/good_3.png,good_3.png,anomaly,True,0.11459136009216309,0.11459136009216309,0.09852251798848576,0.09852251798848576,0.08661089912056923,False,False,16000,False,,False,0.0,cpu,patch_nearest_normal,last2,14,0.05,False,,,0.00017205101903527975,0.00019554235113892002,False,True
2026-08-15 13:11:45,cable,monitor,C:/cira_batch_test/cable/bad_11.png,bad_11.png,anomaly,True,0.1917455494403839,0.1917455494403839,0.09852251798848576,0.09852251798848576,0.08661089912056923,False,False,16000,False,,False,0.0,cpu,patch_nearest_normal,last2,14,0.05,False,,,0.000169225488207303,0.00019554235113892002,False,True
2026-08-15 13:11:47,cable,monitor,C:/cira_batch_test/cable/bad_18.png,bad_18.png,anomaly,True,0.24498896300792694,0.24498896300792694,0.09852251798848576,0.09852251798848576,0.08661089912056923,False,False,16000,False,,False,0.0,cpu,patch_nearest_normal,last2,14,0.05,False,,,0.00015534431440755725,0.00019554235113892002,False,True
2026-08-15 13:11:49,cable,monitor,C:/cira_batch_test/cable/good_12.png,good_12.png,normal,False,0.07870113849639893,3.457069510659494e-07,0.09852251798848576,0.09852251798848576,0.08661089912056923,False,True,16000,True,0.00018097629072144628,True,0.0025069445837289095,cpu,patch_nearest_normal,last2,14,0.05,False,,,0.00016553471505176276,0.00019554235113892002,True,True
2026-08-15 13:11:51,cable,monitor,C:/cira_batch_test/cable/good_17.png,good_17.png,normal,False,0.06655103713274002,3.159046286782541e-07,0.09852251798848576,0.09852251798848576,0.08661089912056923,False,True,16000,True,0.0001823514758143574,True,0.002495622495189309,cpu,patch_nearest_normal,last2,14,0.05,True,C:\cira_ttl_checkpoints\cable\patch_memory_bank_update_10.pt,C:\cira_ttl_checkpoints\cable\patch_adapter_update_10.pt,0.0001573398185428232,0.00019554235113892002,True,True
2026-08-15 13:11:52,cable,monitor,C:/cira_batch_test/cable/bad_5.png,bad_5.png,anomaly,True,0.13615219295024872,0.13615219295024872,0.09852251798848576,0.09852251798848576,0.08661089912056923,False,False,16000,False,,False,0.0,cpu,patch_nearest_normal,last2,14,0.05,False,,,0.00017455140186939389,0.00019554235113892002,False,True
2026-08-15 13:11:54,cable,monitor,C:/cira_batch_test/cable/bad_6.png,bad_6.png,anomaly,True,0.24187707901000977,0.24187707901000977,0.09852251798848576,0.09852251798848576,0.08661089912056923,False,False,16000,False,,False,0.0,cpu,patch_nearest_normal,last2,14,0.05,False,,,0.00017571360513102263,0.00019554235113892002,False,True
2026-08-15 13:11:55,cable,monitor,C:/cira_batch_test/cable/bad_7.png,bad_7.png,anomaly,True,0.12901169061660767,0.12901169061660767,0.09852251798848576,0.09852251798848576,0.08661089912056923,False,False,16000,False,,False,0.0,cpu,patch_nearest_normal,last2,14,0.05,False,,,0.00016691943164914846,0.00019554235113892002,False,True
2026-08-15 13:11:57,cable,monitor,C:/cira_batch_test/cable/bad_9.png,bad_9.png,anomaly,True,0.15681490302085876,0.15681490302085876,0.09852251798848576,0.09852251798848576,0.08661089912056923,False,False,16000,False,,False,0.0,cpu,patch_nearest_normal,last2,14,0.05,False,,,0.0001776525896275416,0.00019554235113892002,False,True
2026-08-15 13:11:58,cable,monitor,C:/cira_batch_test/cable/bad_4.png,bad_4.png,anomaly,True,0.3762005567550659,0.3762005567550659,0.09852251798848576,0.09852251798848576,0.08661089912056923,False,False,16000,False,,False,0.0,cpu,patch_nearest_normal,last2,14,0.05,False,,,0.00017413534806109965,0.00019554235113892002,False,True
2026-08-15 13:12:00,cable,monitor,C:/cira_batch_test/cable/bad_2.png,bad_2.png,anomaly,True,0.2913243770599365,0.2913243770599365,0.09852251798848576,0.09852251798848576,0.08661089912056923,False,False,16000,False,,False,0.0,cpu,patch_nearest_normal,last2,14,0.05,False,,,0.00017390536959283054,0.00019554235113892002,False,True
2026-08-15 13:12:01,capsule,monitor,C:/cira_batch_test/capsule/good_1.png,good_1.png,normal,False,0.024378538131713867,0.024378538131713867,0.04299485732503146,0.04299485732503146,0.031231427378952504,False,False,16000,False,,False,0.0,cpu,patch_nearest_normal,last2,14,0.05,False,,,0.00011444952542660758,0.0001107694308302,True,False
2026-08-15 13:12:03,capsule,monitor,C:/cira_batch_test/capsule/good_7.png,good_7.png,anomaly,True,0.06811105459928513,0.06811105459928513,0.04299485732503146,0.04299485732503146,0.031231427378952504,False,False,16000,False,,False,0.0,cpu,patch_nearest_normal,last2,14,0.05,False,,,9.394661174155772e-05,0.0001107694308302,False,True
2026-08-15 13:12:05,capsule,monitor,C:/cira_batch_test/capsule/good_9.png,good_9.png,normal,False,0.02190353348851204,3.516674098591466e-07,0.04299485732503146,0.04299485732503146,0.031231427378952504,False,True,16000,True,0.0001151796750491485,True,0.0030150646343827248,cpu,patch_nearest_normal,last2,14,0.05,False,,,0.00010180423851124942,0.0001107694308302,True,True
2026-08-15 13:12:06,capsule,monitor,C:/cira_batch_test/capsule/bad_8.png,bad_8.png,anomaly,True,0.12496025860309601,0.12496025860309601,0.04299485732503146,0.04299485732503146,0.031231427378952504,False,False,16000,False,,False,0.0,cpu,patch_nearest_normal,last2,14,0.05,False,,,8.32847726996988e-05,0.0001107694308302,False,True
2026-08-15 13:12:08,capsule,monitor,C:/cira_batch_test/capsule/bad_1.png,bad_1.png,anomaly,True,0.17424781620502472,0.17424781620502472,0.04299485732503146,0.04299485732503146,0.031231427378952504,False,False,16000,False,,False,0.0,cpu,patch_nearest_normal,last2,14,0.05,False,,,0.00010284830932505429,0.0001107694308302,False,True
2026-08-15 13:12:09,capsule,monitor,C:/cira_batch_test/capsule/bad_14.png,bad_14.png,normal,False,0.03644799441099167,0.03644799441099167,0.04299485732503146,0.04299485732503146,0.031231427378952504,False,False,16000,False,,False,0.0,cpu,patch_nearest_normal,last2,14,0.05,False,,,9.873673843685538e-05,0.0001107694308302,False,True
2026-08-15 13:12:11,capsule,monitor,C:/cira_batch_test/capsule/bad_15.png,bad_15.png,anomaly,True,0.07977244257926941,0.07977244257926941,0.04299485732503146,0.04299485732503146,0.031231427378952504,False,False,16000,False,,False,0.0,cpu,patch_nearest_normal,last2,14,0.05,False,,,0.00011070011532865465,0.0001107694308302,False,True
2026-08-15 13:12:12,capsule,monitor,C:/cira_batch_test/capsule/good_19.png,good_19.png,normal,False,0.018399059772491455,2.6226044269606064e-07,0.04299485732503146,0.04299485732503146,0.031231427378952504,False,True,16000,True,0.00010686480527510867,True,0.0028332711663097143,cpu,patch_nearest_normal,last2,14,0.05,False,,,0.00010838657181011513,0.0001107694308302,True,True
2026-08-15 13:12:14,capsule,monitor,C:/cira_batch_test/capsule/bad_3.png,bad_3.png,anomaly,True,0.09463786333799362,0.09463786333799362,0.04299485732503146,0.04299485732503146,0.031231427378952504,False,False,16000,False,,False,0.0,cpu,patch_nearest_normal,last2,14,0.05,False,,,0.0001032481886795722,0.0001107694308302,False,True
2026-08-15 13:12:16,capsule,monitor,C:/cira_batch_test/capsule/good_5.png,good_5.png,normal,False,0.025968503206968307,2.74181360282455e-07,0.04299485732503146,0.04299485732503146,0.031231427378952504,False,True,16000,True,0.00010048423428088427,True,0.0027356124483048916,cpu,patch_nearest_normal,last2,14,0.05,False,,,9.483695612289011e-05,0.0001107694308302,True,True
2026-08-15 13:12:17,capsule,monitor,C:/cira_batch_test/capsule/good_16.png,good_16.png,normal,False,0.02663561701774597,3.099441414633475e-07,0.04299485732503146,0.04299485732503146,0.031231427378952504,False,True,16000,True,0.00010799050505738705,True,0.0027017651591449976,cpu,patch_nearest_normal,last2,14,0.05,False,,,0.00010742565791588277,0.0001107694308302,True,True
2026-08-15 13:12:19,capsule,monitor,C:/cira_batch_test/capsule/good_14.png,good_14.png,normal,False,0.02370542287826538,3.039836826701503e-07,0.04299485732503146,0.04299485732503146,0.031231427378952504,False,True,16000,True,0.00010189835302298889,True,0.002661413513123989,cpu,patch_nearest_normal,last2,14,0.05,False,,,9.939264418790117e-05,0.0001107694308302,True,True
2026-08-15 13:12:21,capsule,monitor,C:/cira_batch_test/capsule/good_2.png,good_2.png,normal,False,0.017845982685685158,2.9206276508375595e-07,0.04299485732503146,0.04299485732503146,0.031231427378952504,False,True,16000,True,0.00010200555698247626,True,0.002662316896021366,cpu,patch_nearest_normal,last2,14,0.05,False,,,0.0001000789925456047,0.0001107694308302,True,True
2026-08-15 13:12:22,capsule,monitor,C:/cira_batch_test/capsule/bad_13.png,bad_13.png,anomaly,True,0.043014295399188995,0.043014295399188995,0.04299485732503146,0.04299485732503146,0.031231427378952504,False,False,16000,False,,False,0.0,cpu,patch_nearest_normal,last2,14,0.05,False,,,9.741736721480265e-05,0.0001107694308302,False,True
2026-08-15 13:12:24,capsule,monitor,C:/cira_batch_test/capsule/good_10.png,good_10.png,normal,False,0.020699750632047653,2.74181360282455e-07,0.04299485732503146,0.04299485732503146,0.031231427378952504,False,True,16000,True,9.24327177926898e-05,True,0.002640011254698038,cpu,patch_nearest_normal,last2,14,0.05,False,,,8.514770888723433e-05,0.0001107694308302,True,True
2026-08-15 13:12:25,capsule,monitor,C:/cira_batch_test/capsule/bad_19.png,bad_19.png,anomaly,True,0.11268355697393417,0.11268355697393417,0.04299485732503146,0.04299485732503146,0.031231427378952504,False,False,16000,False,,False,0.0,cpu,patch_nearest_normal,last2,14,0.05,False,,,0.00010859827307285741,0.0001107694308302,False,True
2026-08-15 13:12:27,capsule,monitor,C:/cira_batch_test/capsule/good_4.png,good_4.png,normal,False,0.01815318502485752,3.2186508747145126e-07,0.04299485732503146,0.04299485732503146,0.031231427378952504,False,True,16000,True,0.00011790778808062896,True,0.0026483950205147266,cpu,patch_nearest_normal,last2,14,0.05,False,,,0.0001081112859537825,0.0001107694308302,True,True
2026-08-15 13:12:29,capsule,monitor,C:/cira_batch_test/capsule/bad_12.png,bad_12.png,anomaly,True,0.04598597437143326,0.04598597437143326,0.04299485732503146,0.04299485732503146,0.031231427378952504,False,False,16000,False,,False,0.0,cpu,patch_nearest_normal,last2,14,0.05,False,,,9.991631668526679e-05,0.0001107694308302,False,True
2026-08-15 13:12:30,capsule,monitor,C:/cira_batch_test/capsule/good_18.png,good_18.png,normal,False,0.01816323958337307,2.9206276508375595e-07,0.04299485732503146,0.04299485732503146,0.031231427378952504,False,True,16000,True,0.00010126049892278388,True,0.0026402759831398726,cpu,patch_nearest_normal,last2,14,0.05,False,,,0.00010618485976010561,0.0001107694308302,True,True
2026-08-15 13:12:32,capsule,monitor,C:/cira_batch_test/capsule/bad_16.png,bad_16.png,anomaly,True,0.07183080166578293,0.07183080166578293,0.04299485732503146,0.04299485732503146,0.031231427378952504,False,False,16000,False,,False,0.0,cpu,patch_nearest_normal,last2,14,0.05,False,,,9.635443711886182e-05,0.0001107694308302,False,True
2026-08-15 13:12:34,capsule,monitor,C:/cira_batch_test/capsule/good_6.png,good_6.png,normal,False,0.015325832180678844,2.980232238769531e-07,0.04299485732503146,0.04299485732503146,0.031231427378952504,False,True,16000,True,0.00010440946789458394,True,0.0026352659333497286,cpu,patch_nearest_normal,last2,14,0.05,True,C:\cira_ttl_checkpoints\capsule\patch_memory_bank_update_10.pt,C:\cira_ttl_checkpoints\capsule\patch_adapter_update_10.pt,8.867349242791533e-05,0.0001107694308302,True,True
2026-08-15 13:12:35,capsule,monitor,C:/cira_batch_test/capsule/good_13.png,good_13.png,normal,False,0.02785160019993782,2.74181360282455e-07,0.04299485732503146,0.04299485732503146,0.031231427378952504,False,True,16000,True,0.00011018649820471182,True,0.0026190984062850475,cpu,patch_nearest_normal,last2,14,0.05,False,,,0.00011012439790647477,0.0001107694308302,True,True
2026-08-15 13:12:37,capsule,monitor,C:/cira_batch_test/capsule/good_15.png,good_15.png,normal,False,0.027368098497390747,0.027368098497390747,0.04299485732503146,0.04299485732503146,0.031231427378952504,False,False,16000,False,,False,0.0,cpu,patch_nearest_normal,last2,14,0.05,False,,,0.00011301549966447055,0.0001107694308302,True,False
2026-08-15 13:12:39,capsule,monitor,C:/cira_batch_test/capsule/good_20.png,good_20.png,normal,False,0.031756967306137085,0.031756967306137085,0.04299485732503146,0.04299485732503146,0.031231427378952504,False,False,16000,False,,False,0.0,cpu,patch_nearest_normal,last2,14,0.05,False,,,9.810744813876227e-05,0.0001107694308302,False,True
2026-08-15 13:12:40,capsule,monitor,C:/cira_batch_test/capsule/bad_17.png,bad_17.png,anomaly,True,0.05232851579785347,0.05232851579785347,0.04299485732503146,0.04299485732503146,0.031231427378952504,False,False,16000,False,,False,0.0,cpu,patch_nearest_normal,last2,14,0.05,False,,,9.487399074714631e-05,0.0001107694308302,False,True
2026-08-15 13:12:42,capsule,monitor,C:/cira_batch_test/capsule/good_11.png,good_11.png,normal,False,0.0263811107724905,3.337860050578456e-07,0.04299485732503146,0.04299485732503146,0.031231427378952504,False,True,16000,True,0.00010000216570915654,True,0.002621555933728814,cpu,patch_nearest_normal,last2,14,0.05,False,,,9.416623652214184e-05,0.0001107694308302,True,True
2026-08-15 13:12:44,capsule,monitor,C:/cira_batch_test/capsule/bad_20.png,bad_20.png,anomaly,True,0.04959260672330856,0.04959260672330856,0.04299485732503146,0.04299485732503146,0.031231427378952504,False,False,16000,False,,False,0.0,cpu,patch_nearest_normal,last2,14,0.05,False,,,9.923986362991855e-05,0.0001107694308302,False,True
2026-08-15 13:12:45,capsule,monitor,C:/cira_batch_test/capsule/good_8.png,good_8.png,normal,False,0.030847657471895218,3.2186508747145126e-07,0.04299485732503146,0.04299485732503146,0.031231427378952504,False,True,16000,True,0.00010776169074233621,True,0.0025922227650880814,cpu,patch_nearest_normal,last2,14,0.05,False,,,9.721131937112659e-05,0.0001107694308302,True,True
2026-08-15 13:12:47,capsule,monitor,C:/cira_batch_test/capsule/bad_10.png,bad_10.png,anomaly,True,0.06579816341400146,0.06579816341400146,0.04299485732503146,0.04299485732503146,0.031231427378952504,False,False,16000,False,,False,0.0,cpu,patch_nearest_normal,last2,14,0.05,False,,,0.00010475303133716807,0.0001107694308302,False,True
2026-08-15 13:12:48,capsule,monitor,C:/cira_batch_test/capsule/good_3.png,good_3.png,normal,False,0.03858542442321777,0.03858542442321777,0.04299485732503146,0.04299485732503146,0.031231427378952504,False,False,16000,False,,False,0.0,cpu,patch_nearest_normal,last2,14,0.05,False,,,9.709211008157581e-05,0.0001107694308302,False,True
2026-08-15 13:12:50,capsule,monitor,C:/cira_batch_test/capsule/bad_11.png,bad_11.png,normal,False,0.042613327503204346,0.042613327503204346,0.04299485732503146,0.04299485732503146,0.031231427378952504,False,False,16000,False,,False,0.0,cpu,patch_nearest_normal,last2,14,0.05,False,,,9.919377771439031e-05,0.0001107694308302,False,True
2026-08-15 13:12:51,capsule,monitor,C:/cira_batch_test/capsule/bad_18.png,bad_18.png,anomaly,True,0.05713276192545891,0.05713276192545891,0.04299485732503146,0.04299485732503146,0.031231427378952504,False,False,16000,False,,False,0.0,cpu,patch_nearest_normal,last2,14,0.05,False,,,9.286834392696619e-05,0.0001107694308302,False,True
2026-08-15 13:12:53,capsule,monitor,C:/cira_batch_test/capsule/good_12.png,good_12.png,normal,False,0.03619254380464554,0.03619254380464554,0.04299485732503146,0.04299485732503146,0.031231427378952504,False,False,16000,False,,False,0.0,cpu,patch_nearest_normal,last2,14,0.05,False,,,0.00010394230776000768,0.0001107694308302,False,True
2026-08-15 13:12:54,capsule,monitor,C:/cira_batch_test/capsule/good_17.png,good_17.png,normal,False,0.018048632889986038,0.018048632889986038,0.04299485732503146,0.04299485732503146,0.031231427378952504,False,False,16000,False,,False,0.0,cpu,patch_nearest_normal,last2,14,0.05,False,,,0.0001137830622610636,0.0001107694308302,True,False
2026-08-15 13:12:56,capsule,monitor,C:/cira_batch_test/capsule/bad_5.png,bad_5.png,normal,False,0.04189416766166687,0.04189416766166687,0.04299485732503146,0.04299485732503146,0.031231427378952504,False,False,16000,False,,False,0.0,cpu,patch_nearest_normal,last2,14,0.05,False,,,9.455780673306435e-05,0.0001107694308302,False,True
2026-08-15 13:12:57,capsule,monitor,C:/cira_batch_test/capsule/bad_6.png,bad_6.png,anomaly,True,0.12010852992534637,0.12010852992534637,0.04299485732503146,0.04299485732503146,0.031231427378952504,False,False,16000,False,,False,0.0,cpu,patch_nearest_normal,last2,14,0.05,False,,,9.755349310580641e-05,0.0001107694308302,False,True
2026-08-15 13:12:59,capsule,monitor,C:/cira_batch_test/capsule/bad_7.png,bad_7.png,anomaly,True,0.07610835880041122,0.07610835880041122,0.04299485732503146,0.04299485732503146,0.031231427378952504,False,False,16000,False,,False,0.0,cpu,patch_nearest_normal,last2,14,0.05,False,,,0.00010273583029629663,0.0001107694308302,False,True
2026-08-15 13:13:00,capsule,monitor,C:/cira_batch_test/capsule/bad_9.png,bad_9.png,anomaly,True,0.17435257136821747,0.17435257136821747,0.04299485732503146,0.04299485732503146,0.031231427378952504,False,False,16000,False,,False,0.0,cpu,patch_nearest_normal,last2,14,0.05,False,,,0.00010239184484817088,0.0001107694308302,False,True
2026-08-15 13:13:02,capsule,monitor,C:/cira_batch_test/capsule/bad_4.png,bad_4.png,normal,False,0.03689488768577576,0.03689488768577576,0.04299485732503146,0.04299485732503146,0.031231427378952504,False,False,16000,False,,False,0.0,cpu,patch_nearest_normal,last2,14,0.05,False,,,9.66700681601651e-05,0.0001107694308302,False,True
2026-08-15 13:13:03,capsule,monitor,C:/cira_batch_test/capsule/bad_2.png,bad_2.png,anomaly,True,0.262325644493103,0.262325644493103,0.04299485732503146,0.04299485732503146,0.031231427378952504,False,False,16000,False,,False,0.0,cpu,patch_nearest_normal,last2,14,0.05,False,,,0.0001136018690885976,0.0001107694308302,False,False
2026-08-15 13:13:05,carpet,monitor,C:/cira_batch_test/carpet/good_1.png,good_1.png,normal,False,0.02601250447332859,2.9206276508375595e-07,0.0343417185988487,0.0343417185988487,0.03367696963250637,False,True,16000,True,4.97147993883118e-05,True,0.002890014322474599,cpu,patch_nearest_normal,last2,14,0.05,False,,,4.1211322240997106e-05,6.111156617407686e-05,True,True
2026-08-15 13:13:07,carpet,monitor,C:/cira_batch_test/carpet/good_7.png,good_7.png,anomaly,True,0.036083243787288666,0.036083243787288666,0.0343417185988487,0.0343417185988487,0.03367696963250637,False,False,16000,False,,False,0.0,cpu,patch_nearest_normal,last2,14,0.05,False,,,3.76438838429749e-05,6.111156617407686e-05,False,True
2026-08-15 13:13:08,carpet,monitor,C:/cira_batch_test/carpet/good_9.png,good_9.png,anomaly,True,0.052904702723026276,0.052904702723026276,0.0343417185988487,0.0343417185988487,0.03367696963250637,False,False,16000,False,,False,0.0,cpu,patch_nearest_normal,last2,14,0.05,False,,,3.305761129013263e-05,6.111156617407686e-05,False,True
2026-08-15 13:13:10,carpet,monitor,C:/cira_batch_test/carpet/bad_8.png,bad_8.png,anomaly,True,0.2970731258392334,0.2970731258392334,0.0343417185988487,0.0343417185988487,0.03367696963250637,False,False,16000,False,,False,0.0,cpu,patch_nearest_normal,last2,14,0.05,False,,,5.589026113739237e-05,6.111156617407686e-05,False,True
2026-08-15 13:13:11,carpet,monitor,C:/cira_batch_test/carpet/bad_1.png,bad_1.png,anomaly,True,0.06138373166322708,0.06138373166322708,0.0343417185988487,0.0343417185988487,0.03367696963250637,False,False,16000,False,,False,0.0,cpu,patch_nearest_normal,last2,14,0.05,False,,,5.573293674387969e-05,6.111156617407686e-05,False,True
2026-08-15 13:13:13,carpet,monitor,C:/cira_batch_test/carpet/bad_14.png,bad_14.png,anomaly,True,0.21715784072875977,0.21715784072875977,0.0343417185988487,0.0343417185988487,0.03367696963250637,False,False,16000,False,,False,0.0,cpu,patch_nearest_normal,last2,14,0.05,False,,,5.565931132878177e-05,6.111156617407686e-05,False,True
2026-08-15 13:13:14,carpet,monitor,C:/cira_batch_test/carpet/bad_15.png,bad_15.png,anomaly,True,0.041081178933382034,0.041081178933382034,0.0343417185988487,0.0343417185988487,0.03367696963250637,False,False,16000,False,,False,0.0,cpu,patch_nearest_normal,last2,14,0.05,False,,,3.661468144855462e-05,6.111156617407686e-05,False,True
2026-08-15 13:13:16,carpet,monitor,C:/cira_batch_test/carpet/good_19.png,good_19.png,anomaly,True,0.03466615080833435,0.03466615080833435,0.0343417185988487,0.0343417185988487,0.03367696963250637,False,False,16000,False,,False,0.0,cpu,patch_nearest_normal,last2,14,0.05,False,,,4.758221621159464e-05,6.111156617407686e-05,False,True
2026-08-15 13:13:17,carpet,monitor,C:/cira_batch_test/carpet/bad_3.png,bad_3.png,anomaly,True,0.35498395562171936,0.35498395562171936,0.0343417185988487,0.0343417185988487,0.03367696963250637,False,False,16000,False,,False,0.0,cpu,patch_nearest_normal,last2,14,0.05,False,,,4.4787935621570796e-05,6.111156617407686e-05,False,True
2026-08-15 13:13:19,carpet,monitor,C:/cira_batch_test/carpet/good_5.png,good_5.png,anomaly,True,0.0346454381942749,0.0346454381942749,0.0343417185988487,0.0343417185988487,0.03367696963250637,False,False,16000,False,,False,0.0,cpu,patch_nearest_normal,last2,14,0.05,False,,,4.0883012843551114e-05,6.111156617407686e-05,False,True
2026-08-15 13:13:20,carpet,monitor,C:/cira_batch_test/carpet/good_16.png,good_16.png,anomaly,True,0.03637252375483513,0.03637252375483513,0.0343417185988487,0.0343417185988487,0.03367696963250637,False,False,16000,False,,False,0.0,cpu,patch_nearest_normal,last2,14,0.05,False,,,3.868692510877736e-05,6.111156617407686e-05,False,True
2026-08-15 13:13:22,carpet,monitor,C:/cira_batch_test/carpet/good_14.png,good_14.png,anomaly,True,0.041102875024080276,0.041102875024080276,0.0343417185988487,0.0343417185988487,0.03367696963250637,False,False,16000,False,,False,0.0,cpu,patch_nearest_normal,last2,14,0.05,False,,,3.654128886410035e-05,6.111156617407686e-05,False,True
2026-08-15 13:13:24,carpet,monitor,C:/cira_batch_test/carpet/good_2.png,good_2.png,normal,False,0.03312256932258606,3.397464638510428e-07,0.0343417185988487,0.0343417185988487,0.03367696963250637,False,True,16000,True,5.3645140724256635e-05,True,0.0027283926028758287,cpu,patch_nearest_normal,last2,14,0.05,False,,,4.992837057216093e-05,6.111156617407686e-05,True,True
2026-08-15 13:13:25,carpet,monitor,C:/cira_batch_test/carpet/bad_13.png,bad_13.png,normal,False,0.034314412623643875,0.034314412623643875,0.0343417185988487,0.0343417185988487,0.03367696963250637,False,False,16000,False,,False,0.0,cpu,patch_nearest_normal,last2,14,0.05,False,,,4.780860763275996e-05,6.111156617407686e-05,False,True
2026-08-15 13:13:27,carpet,monitor,C:/cira_batch_test/carpet/good_10.png,good_10.png,anomaly,True,0.03943585604429245,0.03943585604429245,0.0343417185988487,0.0343417185988487,0.03367696963250637,False,False,16000,False,,False,0.0,cpu,patch_nearest_normal,last2,14,0.05,False,,,3.519783422234468e-05,6.111156617407686e-05,False,True
2026-08-15 13:13:28,carpet,monitor,C:/cira_batch_test/carpet/bad_19.png,bad_19.png,anomaly,True,0.11375749111175537,0.11375749111175537,0.0343417185988487,0.0343417185988487,0.03367696963250637,False,False,16000,False,,False,0.0,cpu,patch_nearest_normal,last2,14,0.05,False,,,4.29123429057654e-05,6.111156617407686e-05,False,True
2026-08-15 13:13:30,carpet,monitor,C:/cira_batch_test/carpet/good_4.png,good_4.png,normal,False,0.032887302339076996,2.9206276508375595e-07,0.0343417185988487,0.0343417185988487,0.03367696963250637,False,True,16000,True,4.371827526483685e-05,True,0.0026253231335431337,cpu,patch_nearest_normal,last2,14,0.05,False,,,4.027790419058874e-05,6.111156617407686e-05,True,True
2026-08-15 13:13:32,carpet,monitor,C:/cira_batch_test/carpet/bad_12.png,bad_12.png,normal,False,0.032597292214632034,3.2782554626464844e-07,0.0343417185988487,0.0343417185988487,0.03367696963250637,False,True,16000,True,5.026297367294319e-05,True,0.002611305331811309,cpu,patch_nearest_normal,last2,14,0.05,False,,,4.295071994420141e-05,6.111156617407686e-05,True,True
2026-08-15 13:13:34,carpet,monitor,C:/cira_batch_test/carpet/good_18.png,good_18.png,normal,False,0.027509868144989014,2.980232238769531e-07,0.0343417185988487,0.0343417185988487,0.03367696963250637,False,True,16000,True,5.235179196461104e-05,True,0.0025896832812577486,cpu,patch_nearest_normal,last2,14,0.05,False,,,4.528159843175672e-05,6.111156617407686e-05,True,True
2026-08-15 13:13:35,carpet,monitor,C:/cira_batch_test/carpet/bad_16.png,bad_16.png,anomaly,True,0.1303807944059372,0.1303807944059372,0.0343417185988487,0.0343417185988487,0.03367696963250637,False,False,16000,False,,False,0.0,cpu,patch_nearest_normal,last2,14,0.05,False,,,5.566489198827185e-05,6.111156617407686e-05,False,True
2026-08-15 13:13:37,carpet,monitor,C:/cira_batch_test/carpet/good_6.png,good_6.png,normal,False,0.03250949829816818,3.2186508747145126e-07,0.0343417185988487,0.0343417185988487,0.03367696963250637,False,True,16000,True,4.213973443256691e-05,True,0.0025652030017226934,cpu,patch_nearest_normal,last2,14,0.05,False,,,3.737135193659924e-05,6.111156617407686e-05,True,True
2026-08-15 13:13:39,carpet,monitor,C:/cira_batch_test/carpet/good_13.png,good_13.png,normal,False,0.03267126530408859,3.397464638510428e-07,0.0343417185988487,0.0343417185988487,0.03367696963250637,False,True,16000,True,3.8533544284291565e-05,True,0.0025416638236492872,cpu,patch_nearest_normal,last2,14,0.05,False,,,3.232613380532712e-05,6.111156617407686e-05,True,True
2026-08-15 13:13:40,carpet,monitor,C:/cira_batch_test/carpet/good_15.png,good_15.png,anomaly,True,0.035570304840803146,0.035570304840803146,0.0343417185988487,0.0343417185988487,0.03367696963250637,False,False,16000,False,,False,0.0,cpu,patch_nearest_normal,last2,14,0.05,False,,,3.621555515564978e-05,6.111156617407686e-05,False,True
2026-08-15 13:13:42,carpet,monitor,C:/cira_batch_test/carpet/good_20.png,good_20.png,anomaly,True,0.03561965748667717,0.03561965748667717,0.0343417185988487,0.0343417185988487,0.03367696963250637,False,False,16000,False,,False,0.0,cpu,patch_nearest_normal,last2,14,0.05,False,,,5.2509862143779173e-05,6.111156617407686e-05,False,True
2026-08-15 13:13:43,carpet,monitor,C:/cira_batch_test/carpet/bad_17.png,bad_17.png,anomaly,True,0.049983274191617966,0.049983274191617966,0.0343417185988487,0.0343417185988487,0.03367696963250637,False,False,16000,False,,False,0.0,cpu,patch_nearest_normal,last2,14,0.05,False,,,5.122218863107264e-05,6.111156617407686e-05,False,True
2026-08-15 13:13:45,carpet,monitor,C:/cira_batch_test/carpet/good_11.png,good_11.png,anomaly,True,0.037960898131132126,0.037960898131132126,0.0343417185988487,0.0343417185988487,0.03367696963250637,False,False,16000,False,,False,0.0,cpu,patch_nearest_normal,last2,14,0.05,False,,,4.585782517096959e-05,6.111156617407686e-05,False,True
2026-08-15 13:13:47,carpet,monitor,C:/cira_batch_test/carpet/bad_20.png,bad_20.png,anomaly,True,0.13727352023124695,0.13727352023124695,0.0343417185988487,0.0343417185988487,0.03367696963250637,False,False,16000,False,,False,0.0,cpu,patch_nearest_normal,last2,14,0.05,False,,,4.962255843565799e-05,6.111156617407686e-05,False,True
2026-08-15 13:13:48,carpet,monitor,C:/cira_batch_test/carpet/good_8.png,good_8.png,normal,False,0.02767997980117798,3.695487862387381e-07,0.0343417185988487,0.0343417185988487,0.03367696963250637,False,True,16000,True,4.35250076407101e-05,True,0.0025468040257692337,cpu,patch_nearest_normal,last2,14,0.05,False,,,3.653306339401752e-05,6.111156617407686e-05,True,True
2026-08-15 13:13:50,carpet,monitor,C:/cira_batch_test/carpet/bad_10.png,bad_10.png,anomaly,True,0.23078422248363495,0.23078422248363495,0.0343417185988487,0.0343417185988487,0.03367696963250637,False,False,16000,False,,False,0.0,cpu,patch_nearest_normal,last2,14,0.05,False,,,5.3141426178626716e-05,6.111156617407686e-05,False,True
2026-08-15 13:13:52,carpet,monitor,C:/cira_batch_test/carpet/good_3.png,good_3.png,normal,False,0.027649879455566406,3.099441414633475e-07,0.0343417185988487,0.0343417185988487,0.03367696963250637,False,True,16000,True,4.315628029871732e-05,True,0.0025564758107066154,cpu,patch_nearest_normal,last2,14,0.05,False,,,3.506844223011285e-05,6.111156617407686e-05,True,True
2026-08-15 13:13:53,carpet,monitor,C:/cira_batch_test/carpet/bad_11.png,bad_11.png,anomaly,True,0.0833415538072586,0.0833415538072586,0.0343417185988487,0.0343417185988487,0.03367696963250637,False,False,16000,False,,False,0.0,cpu,patch_nearest_normal,last2,14,0.05,False,,,4.843221540795639e-05,6.111156617407686e-05,False,True
2026-08-15 13:13:55,carpet,monitor,C:/cira_batch_test/carpet/bad_18.png,bad_18.png,anomaly,True,0.3331563174724579,0.3331563174724579,0.0343417185988487,0.0343417185988487,0.03367696963250637,False,False,16000,False,,False,0.0,cpu,patch_nearest_normal,last2,14,0.05,False,,,4.8904126742854714e-05,6.111156617407686e-05,False,True
2026-08-15 13:13:56,carpet,monitor,C:/cira_batch_test/carpet/good_12.png,good_12.png,normal,False,0.03225395083427429,3.457069510659494e-07,0.0343417185988487,0.0343417185988487,0.03367696963250637,False,True,16000,True,6.032474266248755e-05,True,0.0025264944415539503,cpu,patch_nearest_normal,last2,14,0.05,True,C:\cira_ttl_checkpoints\carpet\patch_memory_bank_update_10.pt,C:\cira_ttl_checkpoints\carpet\patch_adapter_update_10.pt,5.910609252168797e-05,6.111156617407686e-05,True,True
2026-08-15 13:13:58,carpet,monitor,C:/cira_batch_test/carpet/good_17.png,good_17.png,normal,False,0.029547983780503273,2.8610230629055877e-07,0.0343417185988487,0.0343417185988487,0.03367696963250637,False,True,16000,True,4.603498746291734e-05,True,0.0025229149032384157,cpu,patch_nearest_normal,last2,14,0.05,False,,,4.394463758217171e-05,6.111156617407686e-05,True,True
2026-08-15 13:14:00,carpet,monitor,C:/cira_batch_test/carpet/bad_5.png,bad_5.png,anomaly,True,0.23443889617919922,0.23443889617919922,0.0343417185988487,0.0343417185988487,0.03367696963250637,False,False,16000,False,,False,0.0,cpu,patch_nearest_normal,last2,14,0.05,False,,,5.6098120694514364e-05,6.111156617407686e-05,False,True
2026-08-15 13:14:01,carpet,monitor,C:/cira_batch_test/carpet/bad_6.png,bad_6.png,anomaly,True,0.10263900458812714,0.10263900458812714,0.0343417185988487,0.0343417185988487,0.03367696963250637,False,False,16000,False,,False,0.0,cpu,patch_nearest_normal,last2,14,0.05,False,,,3.807331813732162e-05,6.111156617407686e-05,False,True
2026-08-15 13:14:03,carpet,monitor,C:/cira_batch_test/carpet/bad_7.png,bad_7.png,anomaly,True,0.06964205205440521,0.06964205205440521,0.0343417185988487,0.0343417185988487,0.03367696963250637,False,False,16000,False,,False,0.0,cpu,patch_nearest_normal,last2,14,0.05,False,,,5.0224938604515046e-05,6.111156617407686e-05,False,True
2026-08-15 13:14:04,carpet,monitor,C:/cira_batch_test/carpet/bad_9.png,bad_9.png,anomaly,True,0.3508342206478119,0.3508342206478119,0.0343417185988487,0.0343417185988487,0.03367696963250637,False,False,16000,False,,False,0.0,cpu,patch_nearest_normal,last2,14,0.05,False,,,6.43378371023573e-05,6.111156617407686e-05,False,False
2026-08-15 13:14:06,carpet,monitor,C:/cira_batch_test/carpet/bad_4.png,bad_4.png,anomaly,True,0.2752687931060791,0.2752687931060791,0.0343417185988487,0.0343417185988487,0.03367696963250637,False,False,16000,False,,False,0.0,cpu,patch_nearest_normal,last2,14,0.05,False,,,5.6912394938990474e-05,6.111156617407686e-05,False,True
2026-08-15 13:14:08,carpet,monitor,C:/cira_batch_test/carpet/bad_2.png,bad_2.png,anomaly,True,0.1536104530096054,0.1536104530096054,0.0343417185988487,0.0343417185988487,0.03367696963250637,False,False,16000,False,,False,0.0,cpu,patch_nearest_normal,last2,14,0.05,False,,,5.4879179515410215e-05,6.111156617407686e-05,False,True
2026-08-15 13:14:09,grid,monitor,C:/cira_batch_test/grid/good_1.png,good_1.png,anomaly,True,0.05813353508710861,0.05813353508710861,0.053714152485093335,0.053714152485093335,0.04894002191722393,False,False,16000,False,,False,0.0,cpu,patch_nearest_normal,last2,14,0.05,False,,,0.00020934329950250685,0.00020260438468534505,False,False
2026-08-15 13:14:11,grid,monitor,C:/cira_batch_test/grid/good_7.png,good_7.png,anomaly,True,0.05755096673965454,0.05755096673965454,0.053714152485093335,0.053714152485093335,0.04894002191722393,False,False,16000,False,,False,0.0,cpu,patch_nearest_normal,last2,14,0.05,False,,,0.00011365234240656719,0.00020260438468534505,False,True
2026-08-15 13:14:12,grid,monitor,C:/cira_batch_test/grid/good_9.png,good_9.png,normal,False,0.045922499150037766,2.682209014892578e-07,0.053714152485093335,0.053714152485093335,0.04894002191722393,False,True,16000,True,0.00012978518498130143,True,0.002979099750518799,cpu,patch_nearest_normal,last2,14,0.05,False,,,0.000123119680210948,0.00020260438468534505,True,True
2026-08-15 13:14:14,grid,monitor,C:/cira_batch_test/grid/bad_8.png,bad_8.png,normal,False,0.04673361778259277,2.682209014892578e-07,0.053714152485093335,0.053714152485093335,0.04894002191722393,False,True,16000,True,0.0001620205002836883,True,0.0025588786229491234,cpu,patch_nearest_normal,last2,14,0.05,False,,,0.00014416118210647255,0.00020260438468534505,True,True
2026-08-15 13:14:16,grid,monitor,C:/cira_batch_test/grid/bad_1.png,bad_1.png,anomaly,True,0.08841146528720856,0.08841146528720856,0.053714152485093335,0.053714152485093335,0.04894002191722393,False,False,16000,False,,False,0.0,cpu,patch_nearest_normal,last2,14,0.05,False,,,0.0002034262870438397,0.00020260438468534505,False,False
2026-08-15 13:14:17,grid,monitor,C:/cira_batch_test/grid/bad_14.png,bad_14.png,anomaly,True,0.0538809709250927,0.0538809709250927,0.053714152485093335,0.053714152485093335,0.04894002191722393,False,False,16000,False,,False,0.0,cpu,patch_nearest_normal,last2,14,0.05,False,,,0.00011693158012349159,0.00020260438468534505,False,True
2026-08-15 13:14:19,grid,monitor,C:/cira_batch_test/grid/bad_15.png,bad_15.png,anomaly,True,0.06476600468158722,0.06476600468158722,0.053714152485093335,0.053714152485093335,0.04894002191722393,False,False,16000,False,,False,0.0,cpu,patch_nearest_normal,last2,14,0.05,False,,,0.00015627520042471588,0.00020260438468534505,False,True
2026-08-15 13:14:20,grid,monitor,C:/cira_batch_test/grid/good_19.png,good_19.png,anomaly,True,0.06334684789180756,0.06334684789180756,0.053714152485093335,0.053714152485093335,0.04894002191722393,False,False,16000,False,,False,0.0,cpu,patch_nearest_normal,last2,14,0.05,False,,,0.0001324939075857401,0.00020260438468534505,False,True
2026-08-15 13:14:22,grid,monitor,C:/cira_batch_test/grid/bad_3.png,bad_3.png,anomaly,True,0.06526251882314682,0.06526251882314682,0.053714152485093335,0.053714152485093335,0.04894002191722393,False,False,16000,False,,False,0.0,cpu,patch_nearest_normal,last2,14,0.05,False,,,0.0001154546916950494,0.00020260438468534505,False,True
2026-08-15 13:14:23,grid,monitor,C:/cira_batch_test/grid/good_5.png,good_5.png,anomaly,True,0.06396203488111496,0.06396203488111496,0.053714152485093335,0.053714152485093335,0.04894002191722393,False,False,16000,False,,False,0.0,cpu,patch_nearest_normal,last2,14,0.05,False,,,0.0001277508126804605,0.00020260438468534505,False,True
2026-08-15 13:14:25,grid,monitor,C:/cira_batch_test/grid/good_16.png,good_16.png,anomaly,True,0.05478774756193161,0.05478774756193161,0.053714152485093335,0.053714152485093335,0.04894002191722393,False,False,16000,False,,False,0.0,cpu,patch_nearest_normal,last2,14,0.05,False,,,0.0001616299123270437,0.00020260438468534505,False,True
2026-08-15 13:14:26,grid,monitor,C:/cira_batch_test/grid/good_14.png,good_14.png,normal,False,0.04964796453714371,0.04964796453714371,0.053714152485093335,0.053714152485093335,0.04894002191722393,False,False,16000,False,,False,0.0,cpu,patch_nearest_normal,last2,14,0.05,False,,,0.00015446216275449842,0.00020260438468534505,False,True
2026-08-15 13:14:28,grid,monitor,C:/cira_batch_test/grid/good_2.png,good_2.png,normal,False,0.051374129951000214,0.051374129951000214,0.053714152485093335,0.053714152485093335,0.04894002191722393,False,False,16000,False,,False,0.0,cpu,patch_nearest_normal,last2,14,0.05,False,,,0.000180284128873609,0.00020260438468534505,False,True
2026-08-15 13:14:29,grid,monitor,C:/cira_batch_test/grid/bad_13.png,bad_13.png,normal,False,0.04781743884086609,2.74181360282455e-07,0.053714152485093335,0.053714152485093335,0.04894002191722393,False,True,16000,True,0.0001251004432560876,True,0.00231952010653913,cpu,patch_nearest_normal,last2,14,0.05,False,,,0.00011580913269426674,0.00020260438468534505,True,True
2026-08-15 13:14:31,grid,monitor,C:/cira_batch_test/grid/good_10.png,good_10.png,normal,False,0.045379795134067535,2.980232238769531e-07,0.053714152485093335,0.053714152485093335,0.04894002191722393,False,True,16000,True,0.00013788475189357996,True,0.002231442369520664,cpu,patch_nearest_normal,last2,14,0.05,False,,,0.0001290016807615757,0.00020260438468534505,True,True
2026-08-15 13:14:33,grid,monitor,C:/cira_batch_test/grid/bad_19.png,bad_19.png,anomaly,True,0.10997708886861801,0.10997708886861801,0.053714152485093335,0.053714152485093335,0.04894002191722393,False,False,16000,False,,False,0.0,cpu,patch_nearest_normal,last2,14,0.05,False,,,0.00013710597704630345,0.00020260438468534505,False,True
2026-08-15 13:14:34,grid,monitor,C:/cira_batch_test/grid/good_4.png,good_4.png,anomaly,True,0.055826276540756226,0.055826276540756226,0.053714152485093335,0.053714152485093335,0.04894002191722393,False,False,16000,False,,False,0.0,cpu,patch_nearest_normal,last2,14,0.05,False,,,0.00022331697982735932,0.00020260438468534505,False,False
2026-08-15 13:14:35,grid,monitor,C:/cira_batch_test/grid/bad_12.png,bad_12.png,anomaly,True,0.10595373809337616,0.10595373809337616,0.053714152485093335,0.053714152485093335,0.04894002191722393,False,False,16000,False,,False,0.0,cpu,patch_nearest_normal,last2,14,0.05,False,,,0.00019658604287542403,0.00020260438468534505,False,True
2026-08-15 13:14:37,grid,monitor,C:/cira_batch_test/grid/good_18.png,good_18.png,anomaly,True,0.05505175143480301,0.05505175143480301,0.053714152485093335,0.053714152485093335,0.04894002191722393,False,False,16000,False,,False,0.0,cpu,patch_nearest_normal,last2,14,0.05,False,,,0.00011616737901931629,0.00020260438468534505,False,True
2026-08-15 13:14:38,grid,monitor,C:/cira_batch_test/grid/bad_16.png,bad_16.png,anomaly,True,0.05906284973025322,0.05906284973025322,0.053714152485093335,0.053714152485093335,0.04894002191722393,False,False,16000,False,,False,0.0,cpu,patch_nearest_normal,last2,14,0.05,False,,,0.00014004296099301428,0.00020260438468534505,False,True
2026-08-15 13:14:40,grid,monitor,C:/cira_batch_test/grid/good_6.png,good_6.png,anomaly,True,0.06390149891376495,0.06390149891376495,0.053714152485093335,0.053714152485093335,0.04894002191722393,False,False,16000,False,,False,0.0,cpu,patch_nearest_normal,last2,14,0.05,False,,,0.00011403974349377677,0.00020260438468534505,False,True
2026-08-15 13:14:42,grid,monitor,C:/cira_batch_test/grid/good_13.png,good_13.png,normal,False,0.042813025414943695,2.9206276508375595e-07,0.053714152485093335,0.053714152485093335,0.04894002191722393,False,True,16000,True,0.00011990094208158553,True,0.0021971813403069973,cpu,patch_nearest_normal,last2,14,0.05,False,,,0.00010782675963127986,0.00020260438468534505,True,True
2026-08-15 13:14:43,grid,monitor,C:/cira_batch_test/grid/good_15.png,good_15.png,normal,False,0.03731153532862663,2.74181360282455e-07,0.053714152485093335,0.053714152485093335,0.04894002191722393,False,True,16000,True,0.00012954235717188567,True,0.0021397173404693604,cpu,patch_nearest_normal,last2,14,0.05,False,,,0.00012792606139555573,0.00020260438468534505,True,True
2026-08-15 13:14:45,grid,monitor,C:/cira_batch_test/grid/good_20.png,good_20.png,normal,False,0.046815503388643265,2.8014181907565217e-07,0.053714152485093335,0.053714152485093335,0.04894002191722393,False,True,16000,True,0.0001515423209639266,True,0.002139708027243614,cpu,patch_nearest_normal,last2,14,0.05,False,,,0.00014190390356816351,0.00020260438468534505,True,True
2026-08-15 13:14:47,grid,monitor,C:/cira_batch_test/grid/bad_17.png,bad_17.png,normal,False,0.049739472568035126,0.049739472568035126,0.053714152485093335,0.053714152485093335,0.04894002191722393,False,False,16000,False,,False,0.0,cpu,patch_nearest_normal,last2,14,0.05,False,,,8.841710223350674e-05,0.00020260438468534505,False,True
2026-08-15 13:14:48,grid,monitor,C:/cira_batch_test/grid/good_11.png,good_11.png,normal,False,0.04372156783938408,3.2186508747145126e-07,0.053714152485093335,0.053714152485093335,0.04894002191722393,False,True,16000,True,0.0001172372794826515,True,0.0021090267691761255,cpu,patch_nearest_normal,last2,14,0.05,False,,,0.00011072878987761214,0.00020260438468534505,True,True
2026-08-15 13:14:50,grid,monitor,C:/cira_batch_test/grid/bad_20.png,bad_20.png,normal,False,0.04895809292793274,0.04895809292793274,0.053714152485093335,0.053714152485093335,0.04894002191722393,False,False,16000,False,,False,0.0,cpu,patch_nearest_normal,last2,14,0.05,False,,,0.00011178484419360757,0.00020260438468534505,False,True
2026-08-15 13:14:52,grid,monitor,C:/cira_batch_test/grid/good_8.png,good_8.png,normal,False,0.043555378913879395,3.099441414633475e-07,0.053714152485093335,0.053714152485093335,0.04894002191722393,False,True,16000,True,0.0001250764908036217,True,0.0020996469538658857,cpu,patch_nearest_normal,last2,14,0.05,False,,,0.00011578050180105492,0.00020260438468534505,True,True
2026-08-15 13:14:53,grid,monitor,C:/cira_batch_test/grid/bad_10.png,bad_10.png,anomaly,True,0.07244869321584702,0.07244869321584702,0.053714152485093335,0.053714152485093335,0.04894002191722393,False,False,16000,False,,False,0.0,cpu,patch_nearest_normal,last2,14,0.05,False,,,0.00012811098713427782,0.00020260438468534505,False,True
2026-08-15 13:14:55,grid,monitor,C:/cira_batch_test/grid/good_3.png,good_3.png,normal,False,0.04859108850359917,0.04859108850359917,0.053714152485093335,0.053714152485093335,0.04894002191722393,False,False,16000,False,,False,0.0,cpu,patch_nearest_normal,last2,14,0.05,False,,,0.0002222307084593922,0.00020260438468534505,True,False
2026-08-15 13:14:56,grid,monitor,C:/cira_batch_test/grid/bad_11.png,bad_11.png,anomaly,True,0.05623284727334976,0.05623284727334976,0.053714152485093335,0.053714152485093335,0.04894002191722393,False,False,16000,False,,False,0.0,cpu,patch_nearest_normal,last2,14,0.05,False,,,0.00018549326341599226,0.00020260438468534505,False,True
2026-08-15 13:14:58,grid,monitor,C:/cira_batch_test/grid/bad_18.png,bad_18.png,anomaly,True,0.06101929023861885,0.06101929023861885,0.053714152485093335,0.053714152485093335,0.04894002191722393,False,False,16000,False,,False,0.0,cpu,patch_nearest_normal,last2,14,0.05,False,,,0.0001586458383826539,0.00020260438468534505,False,True
2026-08-15 13:14:59,grid,monitor,C:/cira_batch_test/grid/good_12.png,good_12.png,normal,False,0.03909242898225784,2.8014181907565217e-07,0.053714152485093335,0.053714152485093335,0.04894002191722393,False,True,16000,True,0.00016420448082499206,True,0.002070116112008691,cpu,patch_nearest_normal,last2,14,0.05,True,C:\cira_ttl_checkpoints\grid\patch_memory_bank_update_10.pt,C:\cira_ttl_checkpoints\grid\patch_adapter_update_10.pt,0.000149706524098292,0.00020260438468534505,True,True
2026-08-15 13:15:01,grid,monitor,C:/cira_batch_test/grid/good_17.png,good_17.png,normal,False,0.045060597360134125,3.695487862387381e-07,0.053714152485093335,0.053714152485093335,0.04894002191722393,False,True,16000,True,0.00019411291577853262,True,0.002083683153614402,cpu,patch_nearest_normal,last2,14,0.05,False,,,0.0001887866819743067,0.00020260438468534505,True,True
2026-08-15 13:15:03,grid,monitor,C:/cira_batch_test/grid/bad_5.png,bad_5.png,anomaly,True,0.06533700227737427,0.06533700227737427,0.053714152485093335,0.053714152485093335,0.04894002191722393,False,False,16000,False,,False,0.0,cpu,patch_nearest_normal,last2,14,0.05,False,,,0.0001213258074130863,0.00020260438468534505,False,True
2026-08-15 13:15:04,grid,monitor,C:/cira_batch_test/grid/bad_6.png,bad_6.png,normal,False,0.046128470450639725,2.8014181907565217e-07,0.053714152485093335,0.053714152485093335,0.04894002191722393,False,True,16000,True,0.0001212063871207647,True,0.002040696330368519,cpu,patch_nearest_normal,last2,14,0.05,False,,,0.000109088170574978,0.00020260438468534505,True,True
2026-08-15 13:15:06,grid,monitor,C:/cira_batch_test/grid/bad_7.png,bad_7.png,anomaly,True,0.11482920497655869,0.11482920497655869,0.053714152485093335,0.053714152485093335,0.04894002191722393,False,False,16000,False,,False,0.0,cpu,patch_nearest_normal,last2,14,0.05,False,,,0.0001193984062410891,0.00020260438468534505,False,True
2026-08-15 13:15:07,grid,monitor,C:/cira_batch_test/grid/bad_9.png,bad_9.png,anomaly,True,0.06393454223871231,0.06393454223871231,0.053714152485093335,0.053714152485093335,0.04894002191722393,False,False,16000,False,,False,0.0,cpu,patch_nearest_normal,last2,14,0.05,False,,,0.00011543895379872993,0.00020260438468534505,False,True
2026-08-15 13:15:09,grid,monitor,C:/cira_batch_test/grid/bad_4.png,bad_4.png,anomaly,True,0.09555832296609879,0.09555832296609879,0.053714152485093335,0.053714152485093335,0.04894002191722393,False,False,16000,False,,False,0.0,cpu,patch_nearest_normal,last2,14,0.05,False,,,0.00011863001418532804,0.00020260438468534505,False,True
2026-08-15 13:15:10,grid,monitor,C:/cira_batch_test/grid/bad_2.png,bad_2.png,anomaly,True,0.05490293353796005,0.05490293353796005,0.053714152485093335,0.053714152485093335,0.04894002191722393,False,False,16000,False,,False,0.0,cpu,patch_nearest_normal,last2,14,0.05,False,,,0.0001835247385315597,0.00020260438468534505,False,True
2026-08-15 13:15:12,hazelnut,monitor,C:/cira_batch_test/hazelnut/good_1.png,good_1.png,normal,False,0.10071440041065216,3.8743019104003906e-07,0.11622385221571559,0.11622385221571559,0.11048602908849717,False,True,16000,True,0.0001780791935743764,True,0.003017169190570712,cpu,patch_nearest_normal,last2,14,0.05,False,,,0.00015886244364082813,0.00018771860486589,True,True
2026-08-15 13:15:14,hazelnut,monitor,C:/cira_batch_test/hazelnut/good_7.png,good_7.png,normal,False,0.10412509739398956,2.6226044269606064e-07,0.11622385221571559,0.11622385221571559,0.11048602908849717,False,True,16000,True,0.0001615490618860349,True,0.002698928350582719,cpu,patch_nearest_normal,last2,14,0.05,False,,,0.00013707707694265991,0.00018771860486589,True,True
2026-08-15 13:15:15,hazelnut,monitor,C:/cira_batch_test/hazelnut/good_9.png,good_9.png,normal,False,0.10814645141363144,3.2186508747145126e-07,0.11622385221571559,0.11622385221571559,0.11048602908849717,False,True,16000,True,0.00017252101679332554,True,0.002602240303531289,cpu,patch_nearest_normal,last2,14,0.05,False,,,0.00013786947238259017,0.00018771860486589,True,True
2026-08-15 13:15:17,hazelnut,monitor,C:/cira_batch_test/hazelnut/bad_8.png,bad_8.png,anomaly,True,0.16710038483142853,0.16710038483142853,0.11622385221571559,0.11622385221571559,0.11048602908849717,False,False,16000,False,,False,0.0,cpu,patch_nearest_normal,last2,14,0.05,False,,,0.00015558794257231057,0.00018771860486589,False,True
2026-08-15 13:15:19,hazelnut,monitor,C:/cira_batch_test/hazelnut/bad_1.png,bad_1.png,anomaly,True,0.15995509922504425,0.15995509922504425,0.11622385221571559,0.11622385221571559,0.11048602908849717,False,False,16000,False,,False,0.0,cpu,patch_nearest_normal,last2,14,0.05,False,,,0.00015309013542719185,0.00018771860486589,False,True
2026-08-15 13:15:20,hazelnut,monitor,C:/cira_batch_test/hazelnut/bad_14.png,bad_14.png,anomaly,True,0.20690932869911194,0.20690932869911194,0.11622385221571559,0.11622385221571559,0.11048602908849717,False,False,16000,False,,False,0.0,cpu,patch_nearest_normal,last2,14,0.05,False,,,0.0001370231475448236,0.00018771860486589,False,True
2026-08-15 13:15:22,hazelnut,monitor,C:/cira_batch_test/hazelnut/bad_15.png,bad_15.png,anomaly,True,0.22541072964668274,0.22541072964668274,0.11622385221571559,0.11622385221571559,0.11048602908849717,False,False,16000,False,,False,0.0,cpu,patch_nearest_normal,last2,14,0.05,False,,,0.00013403916091192514,0.00018771860486589,False,True
2026-08-15 13:15:23,hazelnut,monitor,C:/cira_batch_test/hazelnut/good_19.png,good_19.png,normal,False,0.10290925204753876,2.443790378947597e-07,0.11622385221571559,0.11622385221571559,0.11048602908849717,False,True,16000,True,0.0001493465679232031,True,0.0025332742370665073,cpu,patch_nearest_normal,last2,14,0.05,False,,,0.00014183708117343485,0.00018771860486589,True,True
2026-08-15 13:15:25,hazelnut,monitor,C:/cira_batch_test/hazelnut/bad_3.png,bad_3.png,anomaly,True,0.2151542603969574,0.2151542603969574,0.11622385221571559,0.11622385221571559,0.11048602908849717,False,False,16000,False,,False,0.0,cpu,patch_nearest_normal,last2,14,0.05,False,,,0.00015760879614390433,0.00018771860486589,False,True
2026-08-15 13:15:26,hazelnut,monitor,C:/cira_batch_test/hazelnut/good_5.png,good_5.png,normal,False,0.08702747523784637,2.682209014892578e-07,0.11622385221571559,0.11622385221571559,0.11048602908849717,False,True,16000,True,0.00016207685985136777,True,0.002502000192180276,cpu,patch_nearest_normal,last2,14,0.05,False,,,0.00013711838982999325,0.00018771860486589,True,True
2026-08-15 13:15:28,hazelnut,monitor,C:/cira_batch_test/hazelnut/good_16.png,good_16.png,normal,False,0.09362029284238815,2.6226044269606064e-07,0.11622385221571559,0.11622385221571559,0.11048602908849717,False,True,16000,True,0.00017236424901057035,True,0.002478178357705474,cpu,patch_nearest_normal,last2,14,0.05,False,,,0.00015832687495276332,0.00018771860486589,True,True
2026-08-15 13:15:30,hazelnut,monitor,C:/cira_batch_test/hazelnut/good_14.png,good_14.png,normal,False,0.0927705466747284,2.5033949668795685e-07,0.11622385221571559,0.11622385221571559,0.11048602908849717,False,True,16000,True,0.00015547372458968312,True,0.0024832366034388542,cpu,patch_nearest_normal,last2,14,0.05,False,,,0.00013062974903732538,0.00018771860486589,True,True
2026-08-15 13:15:32,hazelnut,monitor,C:/cira_batch_test/hazelnut/good_2.png,good_2.png,normal,False,0.09765657782554626,2.3245812030836532e-07,0.11622385221571559,0.11622385221571559,0.11048602908849717,False,True,16000,True,0.000157098300405778,True,0.0024734139442443848,cpu,patch_nearest_normal,last2,14,0.05,False,,,0.00014978446415625513,0.00018771860486589,True,True
2026-08-15 13:15:33,hazelnut,monitor,C:/cira_batch_test/hazelnut/bad_13.png,bad_13.png,anomaly,True,0.12585005164146423,0.12585005164146423,0.11622385221571559,0.11622385221571559,0.11048602908849717,False,False,16000,False,,False,0.0,cpu,patch_nearest_normal,last2,14,0.05,False,,,0.00012442341540008783,0.00018771860486589,False,True
2026-08-15 13:15:35,hazelnut,monitor,C:/cira_batch_test/hazelnut/good_10.png,good_10.png,normal,False,0.10059187561273575,3.099441414633475e-07,0.11622385221571559,0.11622385221571559,0.11048602908849717,False,True,16000,True,0.00017065808060579002,True,0.0024560377933084965,cpu,patch_nearest_normal,last2,14,0.05,False,,,0.00015676430484745651,0.00018771860486589,True,True
2026-08-15 13:15:36,hazelnut,monitor,C:/cira_batch_test/hazelnut/bad_19.png,bad_19.png,anomaly,True,0.12590956687927246,0.12590956687927246,0.11622385221571559,0.11622385221571559,0.11048602908849717,False,False,16000,False,,False,0.0,cpu,patch_nearest_normal,last2,14,0.05,False,,,0.00012445251923054457,0.00018771860486589,False,True
2026-08-15 13:15:38,hazelnut,monitor,C:/cira_batch_test/hazelnut/good_4.png,good_4.png,normal,False,0.08565348386764526,2.8014181907565217e-07,0.11622385221571559,0.11622385221571559,0.11048602908849717,False,True,16000,True,0.00016183093248400837,True,0.0024560627061873674,cpu,patch_nearest_normal,last2,14,0.05,True,C:\cira_ttl_checkpoints\hazelnut\patch_memory_bank_update_10.pt,C:\cira_ttl_checkpoints\hazelnut\patch_adapter_update_10.pt,0.00015097088180482388,0.00018771860486589,True,True
2026-08-15 13:15:40,hazelnut,monitor,C:/cira_batch_test/hazelnut/bad_12.png,bad_12.png,anomaly,True,0.1254643350839615,0.1254643350839615,0.11622385221571559,0.11622385221571559,0.11048602908849717,False,False,16000,False,,False,0.0,cpu,patch_nearest_normal,last2,14,0.05,False,,,0.00014695692516397685,0.00018771860486589,False,True
2026-08-15 13:15:42,hazelnut,monitor,C:/cira_batch_test/hazelnut/good_18.png,good_18.png,normal,False,0.09735919535160065,3.457069510659494e-07,0.11622385221571559,0.11622385221571559,0.11048602908849717,False,True,16000,True,0.00016713909280952066,True,0.0024433662183582783,cpu,patch_nearest_normal,last2,14,0.05,False,,,0.00014720413309987634,0.00018771860486589,True,True
2026-08-15 13:15:43,hazelnut,monitor,C:/cira_batch_test/hazelnut/bad_16.png,bad_16.png,anomaly,True,0.24255621433258057,0.24255621433258057,0.11622385221571559,0.11622385221571559,0.11048602908849717,False,False,16000,False,,False,0.0,cpu,patch_nearest_normal,last2,14,0.05,False,,,0.00012768353917635977,0.00018771860486589,False,True
2026-08-15 13:15:45,hazelnut,monitor,C:/cira_batch_test/hazelnut/good_6.png,good_6.png,anomaly,True,0.11939036846160889,0.11939036846160889,0.11622385221571559,0.11622385221571559,0.11048602908849717,False,False,16000,False,,False,0.0,cpu,patch_nearest_normal,last2,14,0.05,False,,,0.00012522825272753835,0.00018771860486589,False,True
2026-08-15 13:15:46,hazelnut,monitor,C:/cira_batch_test/hazelnut/good_13.png,good_13.png,normal,False,0.09915395081043243,1.9073486612342094e-07,0.11622385221571559,0.11622385221571559,0.11048602908849717,False,True,16000,True,0.0001528439752291888,True,0.00243100943043828,cpu,patch_nearest_normal,last2,14,0.05,False,,,0.0001477708574384451,0.00018771860486589,True,True
2026-08-15 13:15:48,hazelnut,monitor,C:/cira_batch_test/hazelnut/good_15.png,good_15.png,normal,False,0.10236857086420059,2.980232238769531e-07,0.11622385221571559,0.11622385221571559,0.11048602908849717,False,True,16000,True,0.00016442115884274244,True,0.0024252943694591522,cpu,patch_nearest_normal,last2,14,0.05,False,,,0.00015265835099853575,0.00018771860486589,True,True
2026-08-15 13:15:50,hazelnut,monitor,C:/cira_batch_test/hazelnut/good_20.png,good_20.png,normal,False,0.09621375054121017,2.8610230629055877e-07,0.11622385221571559,0.11622385221571559,0.11048602908849717,False,True,16000,True,0.00017587108595762402,True,0.0024250573478639126,cpu,patch_nearest_normal,last2,14,0.05,False,,,0.00015416822861880064,0.00018771860486589,True,True
2026-08-15 13:15:51,hazelnut,monitor,C:/cira_batch_test/hazelnut/bad_17.png,bad_17.png,anomaly,True,0.2151334285736084,0.2151334285736084,0.11622385221571559,0.11622385221571559,0.11048602908849717,False,False,16000,False,,False,0.0,cpu,patch_nearest_normal,last2,14,0.05,False,,,0.00013281195424497128,0.00018771860486589,False,True
2026-08-15 13:15:53,hazelnut,monitor,C:/cira_batch_test/hazelnut/good_11.png,good_11.png,normal,False,0.08547773212194443,2.3245812030836532e-07,0.11622385221571559,0.11622385221571559,0.11048602908849717,False,True,16000,True,0.0001583152770763263,True,0.0024125701747834682,cpu,patch_nearest_normal,last2,14,0.05,False,,,0.00013781334564555436,0.00018771860486589,True,True
2026-08-15 13:15:55,hazelnut,monitor,C:/cira_batch_test/hazelnut/bad_20.png,bad_20.png,anomaly,True,0.22620061039924622,0.22620061039924622,0.11622385221571559,0.11622385221571559,0.11048602908849717,False,False,16000,False,,False,0.0,cpu,patch_nearest_normal,last2,14,0.05,False,,,0.00014640361769124866,0.00018771860486589,False,True
2026-08-15 13:15:56,hazelnut,monitor,C:/cira_batch_test/hazelnut/good_8.png,good_8.png,normal,False,0.10593807697296143,2.384185791015625e-07,0.11622385221571559,0.11622385221571559,0.11048602908849717,False,True,16000,True,0.00015299614460673183,True,0.002409924753010273,cpu,patch_nearest_normal,last2,14,0.05,False,,,0.00013602701073978096,0.00018771860486589,True,True
2026-08-15 13:15:58,hazelnut,monitor,C:/cira_batch_test/hazelnut/bad_10.png,bad_10.png,anomaly,True,0.2369624823331833,0.2369624823331833,0.11622385221571559,0.11622385221571559,0.11048602908849717,False,False,16000,False,,False,0.0,cpu,patch_nearest_normal,last2,14,0.05,False,,,0.0001402805355610326,0.00018771860486589,False,True
2026-08-15 13:16:00,hazelnut,monitor,C:/cira_batch_test/hazelnut/good_3.png,good_3.png,normal,False,0.1019020527601242,2.74181360282455e-07,0.11622385221571559,0.11622385221571559,0.11048602908849717,False,True,16000,True,0.00015043036546558142,True,0.0024070499930530787,cpu,patch_nearest_normal,last2,14,0.05,False,,,0.00013515522005036473,0.00018771860486589,True,True
2026-08-15 13:16:01,hazelnut,monitor,C:/cira_batch_test/hazelnut/bad_11.png,bad_11.png,anomaly,True,0.20705556869506836,0.20705556869506836,0.11622385221571559,0.11622385221571559,0.11048602908849717,False,False,16000,False,,False,0.0,cpu,patch_nearest_normal,last2,14,0.05,False,,,0.00014973334327805787,0.00018771860486589,False,True
2026-08-15 13:16:03,hazelnut,monitor,C:/cira_batch_test/hazelnut/bad_18.png,bad_18.png,anomaly,True,0.21674728393554688,0.21674728393554688,0.11622385221571559,0.11622385221571559,0.11048602908849717,False,False,16000,False,,False,0.0,cpu,patch_nearest_normal,last2,14,0.05,False,,,0.0001445696543669328,0.00018771860486589,False,True
2026-08-15 13:16:04,hazelnut,monitor,C:/cira_batch_test/hazelnut/good_12.png,good_12.png,normal,False,0.09419344365596771,2.682209014892578e-07,0.11622385221571559,0.11622385221571559,0.11048602908849717,False,True,16000,True,0.00016620461246930063,True,0.002406118204817176,cpu,patch_nearest_normal,last2,14,0.05,False,,,0.00014729642134625465,0.00018771860486589,True,True
2026-08-15 13:16:06,hazelnut,monitor,C:/cira_batch_test/hazelnut/good_17.png,good_17.png,normal,False,0.10960407555103302,2.8014181907565217e-07,0.11622385221571559,0.11622385221571559,0.11048602908849717,False,True,16000,True,0.00016787293134257197,True,0.0024221669882535934,cpu,patch_nearest_normal,last2,14,0.05,False,,,0.00015555565187241882,0.00018771860486589,True,True
2026-08-15 13:16:08,hazelnut,monitor,C:/cira_batch_test/hazelnut/bad_5.png,bad_5.png,anomaly,True,0.16371814906597137,0.16371814906597137,0.11622385221571559,0.11622385221571559,0.11048602908849717,False,False,16000,False,,False,0.0,cpu,patch_nearest_normal,last2,14,0.05,False,,,0.0001519432698842138,0.00018771860486589,False,True
2026-08-15 13:16:09,hazelnut,monitor,C:/cira_batch_test/hazelnut/bad_6.png,bad_6.png,anomaly,True,0.20400547981262207,0.20400547981262207,0.11622385221571559,0.11622385221571559,0.11048602908849717,False,False,16000,False,,False,0.0,cpu,patch_nearest_normal,last2,14,0.05,False,,,0.00014828256098553538,0.00018771860486589,False,True
2026-08-15 13:16:11,hazelnut,monitor,C:/cira_batch_test/hazelnut/bad_7.png,bad_7.png,anomaly,True,0.20120267570018768,0.20120267570018768,0.11622385221571559,0.11622385221571559,0.11048602908849717,False,False,16000,False,,False,0.0,cpu,patch_nearest_normal,last2,14,0.05,False,,,0.00012494302063714713,0.00018771860486589,False,True
2026-08-15 13:16:12,hazelnut,monitor,C:/cira_batch_test/hazelnut/bad_9.png,bad_9.png,anomaly,True,0.1535830795764923,0.1535830795764923,0.11622385221571559,0.11622385221571559,0.11048602908849717,False,False,16000,False,,False,0.0,cpu,patch_nearest_normal,last2,14,0.05,False,,,0.00015270426229108125,0.00018771860486589,False,True
2026-08-15 13:16:14,hazelnut,monitor,C:/cira_batch_test/hazelnut/bad_4.png,bad_4.png,anomaly,True,0.2166665494441986,0.2166665494441986,0.11622385221571559,0.11622385221571559,0.11048602908849717,False,False,16000,False,,False,0.0,cpu,patch_nearest_normal,last2,14,0.05,False,,,0.0001453992008464411,0.00018771860486589,False,True
2026-08-15 13:16:15,hazelnut,monitor,C:/cira_batch_test/hazelnut/bad_2.png,bad_2.png,anomaly,True,0.19361582398414612,0.19361582398414612,0.11622385221571559,0.11622385221571559,0.11048602908849717,False,False,16000,False,,False,0.0,cpu,patch_nearest_normal,last2,14,0.05,False,,,0.00016116815095301718,0.00018771860486589,False,True
2026-08-15 13:16:17,leather,monitor,C:/cira_batch_test/leather/good_1.png,good_1.png,anomaly,True,0.035275984555482864,0.035275984555482864,0.03417175290126485,0.03417175290126485,0.030724090337753297,False,False,16000,False,,False,0.0,cpu,patch_nearest_normal,last2,14,0.05,False,,,0.00012024997704429552,0.000215753776865275,False,True
2026-08-15 13:16:18,leather,monitor,C:/cira_batch_test/leather/good_7.png,good_7.png,anomaly,True,0.036726582795381546,0.036726582795381546,0.03417175290126485,0.03417175290126485,0.030724090337753297,False,False,16000,False,,False,0.0,cpu,patch_nearest_normal,last2,14,0.05,False,,,0.00011422190436860546,0.000215753776865275,False,True
2026-08-15 13:16:20,leather,monitor,C:/cira_batch_test/leather/good_9.png,good_9.png,anomaly,True,0.035586826503276825,0.035586826503276825,0.03417175290126485,0.03417175290126485,0.030724090337753297,False,False,16000,False,,False,0.0,cpu,patch_nearest_normal,last2,14,0.05,False,,,0.00012488405627664179,0.000215753776865275,False,True
2026-08-15 13:16:21,leather,monitor,C:/cira_batch_test/leather/bad_8.png,bad_8.png,anomaly,True,0.04029615595936775,0.04029615595936775,0.03417175290126485,0.03417175290126485,0.030724090337753297,False,False,16000,False,,False,0.0,cpu,patch_nearest_normal,last2,14,0.05,False,,,0.0001709035859676078,0.000215753776865275,False,True
2026-08-15 13:16:23,leather,monitor,C:/cira_batch_test/leather/bad_1.png,bad_1.png,anomaly,True,0.051475733518600464,0.051475733518600464,0.03417175290126485,0.03417175290126485,0.030724090337753297,False,False,16000,False,,False,0.0,cpu,patch_nearest_normal,last2,14,0.05,False,,,0.0001425768423359841,0.000215753776865275,False,True
2026-08-15 13:16:25,leather,monitor,C:/cira_batch_test/leather/bad_14.png,bad_14.png,anomaly,True,0.3577588200569153,0.3577588200569153,0.03417175290126485,0.03417175290126485,0.030724090337753297,False,False,16000,False,,False,0.0,cpu,patch_nearest_normal,last2,14,0.05,False,,,0.00010792494867928326,0.000215753776865275,False,True
2026-08-15 13:16:26,leather,monitor,C:/cira_batch_test/leather/bad_15.png,bad_15.png,anomaly,True,0.13468047976493835,0.13468047976493835,0.03417175290126485,0.03417175290126485,0.030724090337753297,False,False,16000,False,,False,0.0,cpu,patch_nearest_normal,last2,14,0.05,False,,,0.00013739937276113778,0.000215753776865275,False,True
2026-08-15 13:16:28,leather,monitor,C:/cira_batch_test/leather/good_19.png,good_19.png,normal,False,0.03140809014439583,0.03140809014439583,0.03417175290126485,0.03417175290126485,0.030724090337753297,False,False,16000,False,,False,0.0,cpu,patch_nearest_normal,last2,14,0.05,False,,,0.00014932043268345296,0.000215753776865275,False,True
2026-08-15 13:16:29,leather,monitor,C:/cira_batch_test/leather/bad_3.png,bad_3.png,anomaly,True,0.375313937664032,0.375313937664032,0.03417175290126485,0.03417175290126485,0.030724090337753297,False,False,16000,False,,False,0.0,cpu,patch_nearest_normal,last2,14,0.05,False,,,0.00017047864093910903,0.000215753776865275,False,True
2026-08-15 13:16:31,leather,monitor,C:/cira_batch_test/leather/good_5.png,good_5.png,anomaly,True,0.03432568162679672,0.03432568162679672,0.03417175290126485,0.03417175290126485,0.030724090337753297,False,False,16000,False,,False,0.0,cpu,patch_nearest_normal,last2,14,0.05,False,,,0.00011936128430534154,0.000215753776865275,False,True
2026-08-15 13:16:32,leather,monitor,C:/cira_batch_test/leather/good_16.png,good_16.png,anomaly,True,0.03431837633252144,0.03431837633252144,0.03417175290126485,0.03417175290126485,0.030724090337753297,False,False,16000,False,,False,0.0,cpu,patch_nearest_normal,last2,14,0.05,False,,,0.00014385106624104083,0.000215753776865275,False,True
2026-08-15 13:16:34,leather,monitor,C:/cira_batch_test/leather/good_14.png,good_14.png,anomaly,True,0.04789183288812637,0.04789183288812637,0.03417175290126485,0.03417175290126485,0.030724090337753297,False,False,16000,False,,False,0.0,cpu,patch_nearest_normal,last2,14,0.05,False,,,0.00011806347902165726,0.000215753776865275,False,True
2026-08-15 13:16:35,leather,monitor,C:/cira_batch_test/leather/good_2.png,good_2.png,anomaly,True,0.03596530482172966,0.03596530482172966,0.03417175290126485,0.03417175290126485,0.030724090337753297,False,False,16000,False,,False,0.0,cpu,patch_nearest_normal,last2,14,0.05,False,,,0.00010605656279949471,0.000215753776865275,False,True
2026-08-15 13:16:37,leather,monitor,C:/cira_batch_test/leather/bad_13.png,bad_13.png,anomaly,True,0.0342017225921154,0.0342017225921154,0.03417175290126485,0.03417175290126485,0.030724090337753297,False,False,16000,False,,False,0.0,cpu,patch_nearest_normal,last2,14,0.05,False,,,0.0001278843847103417,0.000215753776865275,False,True
2026-08-15 13:16:38,leather,monitor,C:/cira_batch_test/leather/good_10.png,good_10.png,anomaly,True,0.034913837909698486,0.034913837909698486,0.03417175290126485,0.03417175290126485,0.030724090337753297,False,False,16000,False,,False,0.0,cpu,patch_nearest_normal,last2,14,0.05,False,,,0.00012884862371720374,0.000215753776865275,False,True
2026-08-15 13:16:40,leather,monitor,C:/cira_batch_test/leather/bad_19.png,bad_19.png,normal,False,0.03212640434503555,0.03212640434503555,0.03417175290126485,0.03417175290126485,0.030724090337753297,False,False,16000,False,,False,0.0,cpu,patch_nearest_normal,last2,14,0.05,False,,,0.00018274305330123752,0.000215753776865275,False,True
2026-08-15 13:16:41,leather,monitor,C:/cira_batch_test/leather/good_4.png,good_4.png,anomaly,True,0.037792980670928955,0.037792980670928955,0.03417175290126485,0.03417175290126485,0.030724090337753297,False,False,16000,False,,False,0.0,cpu,patch_nearest_normal,last2,14,0.05,False,,,0.00011537248792592436,0.000215753776865275,False,True
2026-08-15 13:16:43,leather,monitor,C:/cira_batch_test/leather/bad_12.png,bad_12.png,anomaly,True,0.37309738993644714,0.37309738993644714,0.03417175290126485,0.03417175290126485,0.030724090337753297,False,False,16000,False,,False,0.0,cpu,patch_nearest_normal,last2,14,0.05,False,,,0.00013050195411778986,0.000215753776865275,False,True
2026-08-15 13:16:45,leather,monitor,C:/cira_batch_test/leather/good_18.png,good_18.png,normal,False,0.03228149563074112,0.03228149563074112,0.03417175290126485,0.03417175290126485,0.030724090337753297,False,False,16000,False,,False,0.0,cpu,patch_nearest_normal,last2,14,0.05,False,,,0.00013039965415373445,0.000215753776865275,False,True
2026-08-15 13:16:46,leather,monitor,C:/cira_batch_test/leather/bad_16.png,bad_16.png,anomaly,True,0.041029274463653564,0.041029274463653564,0.03417175290126485,0.03417175290126485,0.030724090337753297,False,False,16000,False,,False,0.0,cpu,patch_nearest_normal,last2,14,0.05,False,,,0.00012149018584750593,0.000215753776865275,False,True
2026-08-15 13:16:48,leather,monitor,C:/cira_batch_test/leather/good_6.png,good_6.png,anomaly,True,0.03634696081280708,0.03634696081280708,0.03417175290126485,0.03417175290126485,0.030724090337753297,False,False,16000,False,,False,0.0,cpu,patch_nearest_normal,last2,14,0.05,False,,,0.00013737638073507696,0.000215753776865275,False,True
2026-08-15 13:16:49,leather,monitor,C:/cira_batch_test/leather/good_13.png,good_13.png,anomaly,True,0.04109293967485428,0.04109293967485428,0.03417175290126485,0.03417175290126485,0.030724090337753297,False,False,16000,False,,False,0.0,cpu,patch_nearest_normal,last2,14,0.05,False,,,0.00011964298028033227,0.000215753776865275,False,True
2026-08-15 13:16:51,leather,monitor,C:/cira_batch_test/leather/good_15.png,good_15.png,normal,False,0.027622688561677933,3.039836826701503e-07,0.03417175290126485,0.03417175290126485,0.030724090337753297,False,True,16000,True,0.0001766426139511168,True,0.0030223520006984472,cpu,patch_nearest_normal,last2,14,0.05,False,,,0.00015197720495052636,0.000215753776865275,True,True
2026-08-15 13:16:52,leather,monitor,C:/cira_batch_test/leather/good_20.png,good_20.png,anomaly,True,0.037192799150943756,0.037192799150943756,0.03417175290126485,0.03417175290126485,0.030724090337753297,False,False,16000,False,,False,0.0,cpu,patch_nearest_normal,last2,14,0.05,False,,,0.00012899257126264274,0.000215753776865275,False,True
2026-08-15 13:16:54,leather,monitor,C:/cira_batch_test/leather/bad_17.png,bad_17.png,anomaly,True,0.24230071902275085,0.24230071902275085,0.03417175290126485,0.03417175290126485,0.030724090337753297,False,False,16000,False,,False,0.0,cpu,patch_nearest_normal,last2,14,0.05,False,,,0.00018379792163614184,0.000215753776865275,False,True
2026-08-15 13:16:56,leather,monitor,C:/cira_batch_test/leather/good_11.png,good_11.png,anomaly,True,0.03908202797174454,0.03908202797174454,0.03417175290126485,0.03417175290126485,0.030724090337753297,False,False,16000,False,,False,0.0,cpu,patch_nearest_normal,last2,14,0.05,False,,,0.00010920358909061179,0.000215753776865275,False,True
2026-08-15 13:16:57,leather,monitor,C:/cira_batch_test/leather/bad_20.png,bad_20.png,anomaly,True,0.10023472458124161,0.10023472458124161,0.03417175290126485,0.03417175290126485,0.030724090337753297,False,False,16000,False,,False,0.0,cpu,patch_nearest_normal,last2,14,0.05,False,,,0.00017721019685268402,0.000215753776865275,False,True
2026-08-15 13:16:59,leather,monitor,C:/cira_batch_test/leather/good_8.png,good_8.png,anomaly,True,0.03519078344106674,0.03519078344106674,0.03417175290126485,0.03417175290126485,0.030724090337753297,False,False,16000,False,,False,0.0,cpu,patch_nearest_normal,last2,14,0.05,False,,,0.00011763683869503438,0.000215753776865275,False,True
2026-08-15 13:17:00,leather,monitor,C:/cira_batch_test/leather/bad_10.png,bad_10.png,anomaly,True,0.08101063221693039,0.08101063221693039,0.03417175290126485,0.03417175290126485,0.030724090337753297,False,False,16000,False,,False,0.0,cpu,patch_nearest_normal,last2,14,0.05,False,,,0.00012142309424234554,0.000215753776865275,False,True
2026-08-15 13:17:02,leather,monitor,C:/cira_batch_test/leather/good_3.png,good_3.png,anomaly,True,0.035189997404813766,0.035189997404813766,0.03417175290126485,0.03417175290126485,0.030724090337753297,False,False,16000,False,,False,0.0,cpu,patch_nearest_normal,last2,14,0.05,False,,,0.00014258101873565465,0.000215753776865275,False,True
2026-08-15 13:17:03,leather,monitor,C:/cira_batch_test/leather/bad_11.png,bad_11.png,anomaly,True,0.3876144289970398,0.3876144289970398,0.03417175290126485,0.03417175290126485,0.030724090337753297,False,False,16000,False,,False,0.0,cpu,patch_nearest_normal,last2,14,0.05,False,,,0.00017068434681277722,0.000215753776865275,False,True
2026-08-15 13:17:05,leather,monitor,C:/cira_batch_test/leather/bad_18.png,bad_18.png,anomaly,True,0.03565335273742676,0.03565335273742676,0.03417175290126485,0.03417175290126485,0.030724090337753297,False,False,16000,False,,False,0.0,cpu,patch_nearest_normal,last2,14,0.05,False,,,0.00011467148578958586,0.000215753776865275,False,True
2026-08-15 13:17:06,leather,monitor,C:/cira_batch_test/leather/good_12.png,good_12.png,anomaly,True,0.04198899865150452,0.04198899865150452,0.03417175290126485,0.03417175290126485,0.030724090337753297,False,False,16000,False,,False,0.0,cpu,patch_nearest_normal,last2,14,0.05,False,,,0.00010918046609731391,0.000215753776865275,False,True
2026-08-15 13:17:08,leather,monitor,C:/cira_batch_test/leather/good_17.png,good_17.png,normal,False,0.029497355222702026,2.5629998390286346e-07,0.03417175290126485,0.03417175290126485,0.030724090337753297,False,True,16000,True,0.00014705654757563025,True,0.0028582089580595493,cpu,patch_nearest_normal,last2,14,0.05,False,,,0.00013096029579173774,0.000215753776865275,True,True
2026-08-15 13:17:10,leather,monitor,C:/cira_batch_test/leather/bad_5.png,bad_5.png,anomaly,True,0.04333854839205742,0.04333854839205742,0.03417175290126485,0.03417175290126485,0.030724090337753297,False,False,16000,False,,False,0.0,cpu,patch_nearest_normal,last2,14,0.05,False,,,0.0001237213728018105,0.000215753776865275,False,True
2026-08-15 13:17:11,leather,monitor,C:/cira_batch_test/leather/bad_6.png,bad_6.png,anomaly,True,0.035996634513139725,0.035996634513139725,0.03417175290126485,0.03417175290126485,0.030724090337753297,False,False,16000,False,,False,0.0,cpu,patch_nearest_normal,last2,14,0.05,False,,,0.00012822500139009207,0.000215753776865275,False,True
2026-08-15 13:17:13,leather,monitor,C:/cira_batch_test/leather/bad_7.png,bad_7.png,anomaly,True,0.18796364963054657,0.18796364963054657,0.03417175290126485,0.03417175290126485,0.030724090337753297,False,False,16000,False,,False,0.0,cpu,patch_nearest_normal,last2,14,0.05,False,,,0.00015768693992868066,0.000215753776865275,False,True
2026-08-15 13:17:14,leather,monitor,C:/cira_batch_test/leather/bad_9.png,bad_9.png,anomaly,True,0.03431975841522217,0.03431975841522217,0.03417175290126485,0.03417175290126485,0.030724090337753297,False,False,16000,False,,False,0.0,cpu,patch_nearest_normal,last2,14,0.05,False,,,0.0001285661564907059,0.000215753776865275,False,True
2026-08-15 13:17:16,leather,monitor,C:/cira_batch_test/leather/bad_4.png,bad_4.png,anomaly,True,0.07338248938322067,0.07338248938322067,0.03417175290126485,0.03417175290126485,0.030724090337753297,False,False,16000,False,,False,0.0,cpu,patch_nearest_normal,last2,14,0.05,False,,,0.00014685300993733108,0.000215753776865275,False,True
2026-08-15 13:17:17,leather,monitor,C:/cira_batch_test/leather/bad_2.png,bad_2.png,anomaly,True,0.2675613760948181,0.2675613760948181,0.03417175290126485,0.03417175290126485,0.030724090337753297,False,False,16000,False,,False,0.0,cpu,patch_nearest_normal,last2,14,0.05,False,,,0.0001068321944330819,0.000215753776865275,False,True
2026-08-15 13:17:19,metal_nut,monitor,C:/cira_batch_test/metal_nut/good_1.png,good_1.png,normal,False,0.05869795009493828,2.682209014892578e-07,0.07371339670893942,0.07371339670893942,0.06968219578266144,False,True,16000,True,0.00011213066318305209,True,0.002986916108056903,cpu,patch_nearest_normal,last2,14,0.05,False,,,8.9097666204907e-05,0.00010222778946618,True,True
2026-08-15 13:17:21,metal_nut,monitor,C:/cira_batch_test/metal_nut/good_7.png,good_7.png,normal,False,0.06683741509914398,2.6226044269606064e-07,0.07371339670893942,0.07371339670893942,0.06968219578266144,False,True,16000,True,0.00010909322008956224,True,0.0026807612739503384,cpu,patch_nearest_normal,last2,14,0.05,False,,,9.640157804824412e-05,0.00010222778946618,True,True
2026-08-15 13:17:22,metal_nut,monitor,C:/cira_batch_test/metal_nut/good_9.png,good_9.png,anomaly,True,0.08023297786712646,0.08023297786712646,0.07371339670893942,0.07371339670893942,0.06968219578266144,False,False,16000,False,,False,0.0,cpu,patch_nearest_normal,last2,14,0.05,False,,,9.368583414470777e-05,0.00010222778946618,False,True
2026-08-15 13:17:24,metal_nut,monitor,C:/cira_batch_test/metal_nut/bad_8.png,bad_8.png,anomaly,True,0.16745176911354065,0.16745176911354065,0.07371339670893942,0.07371339670893942,0.06968219578266144,False,False,16000,False,,False,0.0,cpu,patch_nearest_normal,last2,14,0.05,False,,,0.00012495261034928262,0.00010222778946618,False,False
2026-08-15 13:17:25,metal_nut,monitor,C:/cira_batch_test/metal_nut/bad_1.png,bad_1.png,anomaly,True,0.12014167010784149,0.12014167010784149,0.07371339670893942,0.07371339670893942,0.06968219578266144,False,False,16000,False,,False,0.0,cpu,patch_nearest_normal,last2,14,0.05,False,,,9.853445226326585e-05,0.00010222778946618,False,True
2026-08-15 13:17:26,metal_nut,monitor,C:/cira_batch_test/metal_nut/bad_14.png,bad_14.png,anomaly,True,0.16338209807872772,0.16338209807872772,0.07371339670893942,0.07371339670893942,0.06968219578266144,False,False,16000,False,,False,0.0,cpu,patch_nearest_normal,last2,14,0.05,False,,,0.00010778431897051632,0.00010222778946618,False,False
2026-08-15 13:17:28,metal_nut,monitor,C:/cira_batch_test/metal_nut/bad_15.png,bad_15.png,anomaly,True,0.16520653665065765,0.16520653665065765,0.07371339670893942,0.07371339670893942,0.06968219578266144,False,False,16000,False,,False,0.0,cpu,patch_nearest_normal,last2,14,0.05,False,,,0.0001286847109440714,0.00010222778946618,False,False
2026-08-15 13:17:29,metal_nut,monitor,C:/cira_batch_test/metal_nut/good_19.png,good_19.png,normal,False,0.052656639367341995,0.052656639367341995,0.07371339670893942,0.07371339670893942,0.06968219578266144,False,False,16000,False,,False,0.0,cpu,patch_nearest_normal,last2,14,0.05,False,,,0.00010262888099532574,0.00010222778946618,True,False
2026-08-15 13:17:31,metal_nut,monitor,C:/cira_batch_test/metal_nut/bad_3.png,bad_3.png,anomaly,True,0.14979812502861023,0.14979812502861023,0.07371339670893942,0.07371339670893942,0.06968219578266144,False,False,16000,False,,False,0.0,cpu,patch_nearest_normal,last2,14,0.05,False,,,0.00010600070527289063,0.00010222778946618,False,False
2026-08-15 13:17:32,metal_nut,monitor,C:/cira_batch_test/metal_nut/good_5.png,good_5.png,normal,False,0.060905277729034424,3.039836826701503e-07,0.07371339670893942,0.07371339670893942,0.06968219578266144,False,True,16000,True,0.00010016032319981605,True,0.0026009022258222103,cpu,patch_nearest_normal,last2,14,0.05,False,,,9.163991489913315e-05,0.00010222778946618,True,True
2026-08-15 13:17:34,metal_nut,monitor,C:/cira_batch_test/metal_nut/good_16.png,good_16.png,normal,False,0.07090391218662262,0.07090391218662262,0.07371339670893942,0.07371339670893942,0.06968219578266144,False,False,16000,False,,False,0.0,cpu,patch_nearest_normal,last2,14,0.05,False,,,8.778800838626921e-05,0.00010222778946618,False,True
2026-08-15 13:17:36,metal_nut,monitor,C:/cira_batch_test/metal_nut/good_14.png,good_14.png,normal,False,0.06953714787960052,3.2186508747145126e-07,0.07371339670893942,0.07371339670893942,0.06968219578266144,False,True,16000,True,0.00010250388004351407,True,0.0025393040850758553,cpu,patch_nearest_normal,last2,14,0.05,False,,,8.544424781575799e-05,0.00010222778946618,True,True
2026-08-15 13:17:37,metal_nut,monitor,C:/cira_batch_test/metal_nut/good_2.png,good_2.png,normal,False,0.060172419995069504,2.74181360282455e-07,0.07371339670893942,0.07371339670893942,0.06968219578266144,False,True,16000,True,0.00011452154285507277,True,0.0025182473473250866,cpu,patch_nearest_normal,last2,14,0.05,False,,,9.27942746784538e-05,0.00010222778946618,True,True
2026-08-15 13:17:39,metal_nut,monitor,C:/cira_batch_test/metal_nut/bad_13.png,bad_13.png,anomaly,True,0.18478445708751678,0.18478445708751678,0.07371339670893942,0.07371339670893942,0.06968219578266144,False,False,16000,False,,False,0.0,cpu,patch_nearest_normal,last2,14,0.05,False,,,0.00010783100151456892,0.00010222778946618,False,False
2026-08-15 13:17:40,metal_nut,monitor,C:/cira_batch_test/metal_nut/good_10.png,good_10.png,normal,False,0.07197211682796478,0.07197211682796478,0.07371339670893942,0.07371339670893942,0.06968219578266144,False,False,16000,False,,False,0.0,cpu,patch_nearest_normal,last2,14,0.05,False,,,8.790284482529387e-05,0.00010222778946618,False,True
2026-08-15 13:17:41,metal_nut,monitor,C:/cira_batch_test/metal_nut/bad_19.png,bad_19.png,anomaly,True,0.1576070785522461,0.1576070785522461,0.07371339670893942,0.07371339670893942,0.06968219578266144,False,False,16000,False,,False,0.0,cpu,patch_nearest_normal,last2,14,0.05,False,,,0.00012017016706522554,0.00010222778946618,False,False
2026-08-15 13:17:43,metal_nut,monitor,C:/cira_batch_test/metal_nut/good_4.png,good_4.png,normal,False,0.06167244911193848,2.8610230629055877e-07,0.07371339670893942,0.07371339670893942,0.06968219578266144,False,True,16000,True,0.0001021604984998703,True,0.002478204667568207,cpu,patch_nearest_normal,last2,14,0.05,False,,,9.252748714061454e-05,0.00010222778946618,True,True
2026-08-15 13:17:45,metal_nut,monitor,C:/cira_batch_test/metal_nut/bad_12.png,bad_12.png,anomaly,True,0.11816664040088654,0.11816664040088654,0.07371339670893942,0.07371339670893942,0.06968219578266144,False,False,16000,False,,False,0.0,cpu,patch_nearest_normal,last2,14,0.05,False,,,9.114779822994024e-05,0.00010222778946618,False,True
2026-08-15 13:17:46,metal_nut,monitor,C:/cira_batch_test/metal_nut/good_18.png,good_18.png,normal,False,0.06149504333734512,2.443790378947597e-07,0.07371339670893942,0.07371339670893942,0.06968219578266144,False,True,16000,True,0.00011608676140895113,True,0.0024780472740530968,cpu,patch_nearest_normal,last2,14,0.05,False,,,0.00010059600754175335,0.00010222778946618,True,True
2026-08-15 13:17:48,metal_nut,monitor,C:/cira_batch_test/metal_nut/bad_16.png,bad_16.png,anomaly,True,0.18364234268665314,0.18364234268665314,0.07371339670893942,0.07371339670893942,0.06968219578266144,False,False,16000,False,,False,0.0,cpu,patch_nearest_normal,last2,14,0.05,False,,,0.00011211289529455826,0.00010222778946618,False,False
2026-08-15 13:17:49,metal_nut,monitor,C:/cira_batch_test/metal_nut/good_6.png,good_6.png,normal,False,0.06710563600063324,3.039836826701503e-07,0.07371339670893942,0.07371339670893942,0.06968219578266144,False,True,16000,True,0.00011406956036807969,True,0.002486064564436674,cpu,patch_nearest_normal,last2,14,0.05,False,,,9.80514450930059e-05,0.00010222778946618,True,True
2026-08-15 13:17:51,metal_nut,monitor,C:/cira_batch_test/metal_nut/good_13.png,good_13.png,normal,False,0.06883421540260315,2.9206276508375595e-07,0.07371339670893942,0.07371339670893942,0.06968219578266144,False,True,16000,True,9.517915168544278e-05,True,0.002451934851706028,cpu,patch_nearest_normal,last2,14,0.05,False,,,8.587212505517527e-05,0.00010222778946618,True,True
2026-08-15 13:17:53,metal_nut,monitor,C:/cira_batch_test/metal_nut/good_15.png,good_15.png,normal,False,0.058673273772001266,3.159046286782541e-07,0.07371339670893942,0.07371339670893942,0.06968219578266144,False,True,16000,True,0.00010732476221164688,True,0.002459705574437976,cpu,patch_nearest_normal,last2,14,0.05,True,C:\cira_ttl_checkpoints\metal_nut\patch_memory_bank_update_10.pt,C:\cira_ttl_checkpoints\metal_nut\patch_adapter_update_10.pt,9.55900177359581e-05,0.00010222778946618,True,True
2026-08-15 13:17:54,metal_nut,monitor,C:/cira_batch_test/metal_nut/good_20.png,good_20.png,normal,False,0.05531536787748337,3.397464638510428e-07,0.07371339670893942,0.07371339670893942,0.06968219578266144,False,True,16000,True,0.00011003654799424112,True,0.002454729052260518,cpu,patch_nearest_normal,last2,14,0.05,False,,,0.00010132908209925517,0.00010222778946618,True,True
2026-08-15 13:17:56,metal_nut,monitor,C:/cira_batch_test/metal_nut/bad_17.png,bad_17.png,anomaly,True,0.14748623967170715,0.14748623967170715,0.07371339670893942,0.07371339670893942,0.06968219578266144,False,False,16000,False,,False,0.0,cpu,patch_nearest_normal,last2,14,0.05,False,,,0.0001071433798642829,0.00010222778946618,False,False
2026-08-15 13:17:57,metal_nut,monitor,C:/cira_batch_test/metal_nut/good_11.png,good_11.png,anomaly,True,0.07389999181032181,0.07389999181032181,0.07371339670893942,0.07371339670893942,0.06968219578266144,False,False,16000,False,,False,0.0,cpu,patch_nearest_normal,last2,14,0.05,False,,,8.508224709657952e-05,0.00010222778946618,False,True
2026-08-15 13:17:59,metal_nut,monitor,C:/cira_batch_test/metal_nut/bad_20.png,bad_20.png,anomaly,True,0.16263437271118164,0.16263437271118164,0.07371339670893942,0.07371339670893942,0.06968219578266144,False,False,16000,False,,False,0.0,cpu,patch_nearest_normal,last2,14,0.05,False,,,0.00010850265243789181,0.00010222778946618,False,False
2026-08-15 13:18:00,metal_nut,monitor,C:/cira_batch_test/metal_nut/good_8.png,good_8.png,anomaly,True,0.07577139884233475,0.07577139884233475,0.07371339670893942,0.07371339670893942,0.06968219578266144,False,False,16000,False,,False,0.0,cpu,patch_nearest_normal,last2,14,0.05,False,,,9.29056404856965e-05,0.00010222778946618,False,True
2026-08-15 13:18:02,metal_nut,monitor,C:/cira_batch_test/metal_nut/bad_10.png,bad_10.png,anomaly,True,0.1132575273513794,0.1132575273513794,0.07371339670893942,0.07371339670893942,0.06968219578266144,False,False,16000,False,,False,0.0,cpu,patch_nearest_normal,last2,14,0.05,False,,,0.00010735547402873635,0.00010222778946618,False,False
2026-08-15 13:18:03,metal_nut,monitor,C:/cira_batch_test/metal_nut/good_3.png,good_3.png,normal,False,0.06261451542377472,2.6226044269606064e-07,0.07371339670893942,0.07371339670893942,0.06968219578266144,False,True,16000,True,0.00010359736188547686,True,0.002439006231725216,cpu,patch_nearest_normal,last2,14,0.05,False,,,9.316981595475227e-05,0.00010222778946618,True,True
2026-08-15 13:18:05,metal_nut,monitor,C:/cira_batch_test/metal_nut/bad_11.png,bad_11.png,anomaly,True,0.16138775646686554,0.16138775646686554,0.07371339670893942,0.07371339670893942,0.06968219578266144,False,False,16000,False,,False,0.0,cpu,patch_nearest_normal,last2,14,0.05,False,,,0.00013779390428680927,0.00010222778946618,False,False
2026-08-15 13:18:06,metal_nut,monitor,C:/cira_batch_test/metal_nut/bad_18.png,bad_18.png,anomaly,True,0.12459518760442734,0.12459518760442734,0.07371339670893942,0.07371339670893942,0.06968219578266144,False,False,16000,False,,False,0.0,cpu,patch_nearest_normal,last2,14,0.05,False,,,0.00010359790758229792,0.00010222778946618,False,False
2026-08-15 13:18:08,metal_nut,monitor,C:/cira_batch_test/metal_nut/good_12.png,good_12.png,normal,False,0.056425757706165314,2.74181360282455e-07,0.07371339670893942,0.07371339670893942,0.06968219578266144,False,True,16000,True,0.00010951486183330417,True,0.0024553758557885885,cpu,patch_nearest_normal,last2,14,0.05,False,,,8.842635725159198e-05,0.00010222778946618,True,True
2026-08-15 13:18:09,metal_nut,monitor,C:/cira_batch_test/metal_nut/good_17.png,good_17.png,anomaly,True,0.08213186264038086,0.08213186264038086,0.07371339670893942,0.07371339670893942,0.06968219578266144,False,False,16000,False,,False,0.0,cpu,patch_nearest_normal,last2,14,0.05,False,,,0.0001091681479010731,0.00010222778946618,False,False
2026-08-15 13:18:11,metal_nut,monitor,C:/cira_batch_test/metal_nut/bad_5.png,bad_5.png,anomaly,True,0.15147456526756287,0.15147456526756287,0.07371339670893942,0.07371339670893942,0.06968219578266144,False,False,16000,False,,False,0.0,cpu,patch_nearest_normal,last2,14,0.05,False,,,0.00011311095295241103,0.00010222778946618,False,False
2026-08-15 13:18:12,metal_nut,monitor,C:/cira_batch_test/metal_nut/bad_6.png,bad_6.png,anomaly,True,0.15626688301563263,0.15626688301563263,0.07371339670893942,0.07371339670893942,0.06968219578266144,False,False,16000,False,,False,0.0,cpu,patch_nearest_normal,last2,14,0.05,False,,,0.00014605867909267545,0.00010222778946618,False,False
2026-08-15 13:18:14,metal_nut,monitor,C:/cira_batch_test/metal_nut/bad_7.png,bad_7.png,anomaly,True,0.14327412843704224,0.14327412843704224,0.07371339670893942,0.07371339670893942,0.06968219578266144,False,False,16000,False,,False,0.0,cpu,patch_nearest_normal,last2,14,0.05,False,,,0.00011198229913134128,0.00010222778946618,False,False
2026-08-15 13:18:15,metal_nut,monitor,C:/cira_batch_test/metal_nut/bad_9.png,bad_9.png,anomaly,True,0.1620866358280182,0.1620866358280182,0.07371339670893942,0.07371339670893942,0.06968219578266144,False,False,16000,False,,False,0.0,cpu,patch_nearest_normal,last2,14,0.05,False,,,0.0001074111060006544,0.00010222778946618,False,False
2026-08-15 13:18:17,metal_nut,monitor,C:/cira_batch_test/metal_nut/bad_4.png,bad_4.png,anomaly,True,0.19539526104927063,0.19539526104927063,0.07371339670893942,0.07371339670893942,0.06968219578266144,False,False,16000,False,,False,0.0,cpu,patch_nearest_normal,last2,14,0.05,False,,,0.00011683953925967216,0.00010222778946618,False,False
2026-08-15 13:18:18,metal_nut,monitor,C:/cira_batch_test/metal_nut/bad_2.png,bad_2.png,anomaly,True,0.07503817975521088,0.07503817975521088,0.07371339670893942,0.07371339670893942,0.06968219578266144,False,False,16000,False,,False,0.0,cpu,patch_nearest_normal,last2,14,0.05,False,,,0.00010699254926294088,0.00010222778946618,False,False
2026-08-15 13:18:20,pill,monitor,C:/cira_batch_test/pill/good_1.png,good_1.png,normal,False,0.04695393890142441,3.2782554626464844e-07,0.05881828558520522,0.05881828558520522,0.05084799118340016,False,True,16000,True,0.0001519119687145576,True,0.0029970877803862095,cpu,patch_nearest_normal,last2,14,0.05,False,,,0.00015088605869095773,0.00015804108188598499,True,True
2026-08-15 13:18:21,pill,monitor,C:/cira_batch_test/pill/good_7.png,good_7.png,normal,False,0.04495691508054733,2.8014181907565217e-07,0.05881828558520522,0.05881828558520522,0.05084799118340016,False,True,16000,True,0.00016151886666193604,True,0.002786005148664117,cpu,patch_nearest_normal,last2,14,0.05,False,,,0.00015651763533242047,0.00015804108188598499,True,True
2026-08-15 13:18:23,pill,monitor,C:/cira_batch_test/pill/good_9.png,good_9.png,normal,False,0.04811856150627136,3.039836826701503e-07,0.05881828558520522,0.05881828558520522,0.05084799118340016,False,True,16000,True,0.00014922930859029293,True,0.002709939843043685,cpu,patch_nearest_normal,last2,14,0.05,False,,,0.0001373815757688135,0.00015804108188598499,True,True
2026-08-15 13:18:24,pill,monitor,C:/cira_batch_test/pill/bad_8.png,bad_8.png,anomaly,True,0.11643241345882416,0.11643241345882416,0.05881828558520522,0.05881828558520522,0.05084799118340016,False,False,16000,False,,False,0.0,cpu,patch_nearest_normal,last2,14,0.05,False,,,0.00014448660658672452,0.00015804108188598499,False,True
2026-08-15 13:18:26,pill,monitor,C:/cira_batch_test/pill/bad_1.png,bad_1.png,anomaly,True,0.08197707682847977,0.08197707682847977,0.05881828558520522,0.05881828558520522,0.05084799118340016,False,False,16000,False,,False,0.0,cpu,patch_nearest_normal,last2,14,0.05,False,,,0.00014751992421224713,0.00015804108188598499,False,True
2026-08-15 13:18:27,pill,monitor,C:/cira_batch_test/pill/bad_14.png,bad_14.png,anomaly,True,0.07043707370758057,0.07043707370758057,0.05881828558520522,0.05881828558520522,0.05084799118340016,False,False,16000,False,,False,0.0,cpu,patch_nearest_normal,last2,14,0.05,False,,,0.00014842124073766172,0.00015804108188598499,False,True
2026-08-15 13:18:29,pill,monitor,C:/cira_batch_test/pill/bad_15.png,bad_15.png,anomaly,True,0.0736079066991806,0.0736079066991806,0.05881828558520522,0.05881828558520522,0.05084799118340016,False,False,16000,False,,False,0.0,cpu,patch_nearest_normal,last2,14,0.05,False,,,0.00013700460840482265,0.00015804108188598499,False,True
2026-08-15 13:18:30,pill,monitor,C:/cira_batch_test/pill/good_19.png,good_19.png,normal,False,0.057418324053287506,0.057418324053287506,0.05881828558520522,0.05881828558520522,0.05084799118340016,False,False,16000,False,,False,0.0,cpu,patch_nearest_normal,last2,14,0.05,False,,,0.0001534561743028462,0.00015804108188598499,False,True
2026-08-15 13:18:32,pill,monitor,C:/cira_batch_test/pill/bad_3.png,bad_3.png,anomaly,True,0.06810151040554047,0.06810151040554047,0.05881828558520522,0.05881828558520522,0.05084799118340016,False,False,16000,False,,False,0.0,cpu,patch_nearest_normal,last2,14,0.05,False,,,0.00015866616740822792,0.00015804108188598499,False,False
2026-08-15 13:18:33,pill,monitor,C:/cira_batch_test/pill/good_5.png,good_5.png,normal,False,0.040008194744586945,3.5762786865234375e-07,0.05881828558520522,0.05881828558520522,0.05084799118340016,False,True,16000,True,0.00014979699335526675,True,0.002688837004825473,cpu,patch_nearest_normal,last2,14,0.05,False,,,0.00014271905820351094,0.00015804108188598499,True,True
2026-08-15 13:18:35,pill,monitor,C:/cira_batch_test/pill/good_16.png,good_16.png,normal,False,0.0546758770942688,0.0546758770942688,0.05881828558520522,0.05881828558520522,0.05084799118340016,False,False,16000,False,,False,0.0,cpu,patch_nearest_normal,last2,14,0.05,False,,,0.00013480150664690882,0.00015804108188598499,False,True
2026-08-15 13:18:37,pill,monitor,C:/cira_batch_test/pill/good_14.png,good_14.png,normal,False,0.04792013019323349,3.099441414633475e-07,0.05881828558520522,0.05881828558520522,0.05084799118340016,False,True,16000,True,0.000139284718898125,True,0.002654531504958868,cpu,patch_nearest_normal,last2,14,0.05,False,,,0.0001241079589817673,0.00015804108188598499,True,True
2026-08-15 13:18:38,pill,monitor,C:/cira_batch_test/pill/good_2.png,good_2.png,normal,False,0.04335489869117737,3.099441414633475e-07,0.05881828558520522,0.05881828558520522,0.05084799118340016,False,True,16000,True,0.0001449679402867332,True,0.002625471679493785,cpu,patch_nearest_normal,last2,14,0.05,False,,,0.00014407180424313992,0.00015804108188598499,True,True
2026-08-15 13:18:40,pill,monitor,C:/cira_batch_test/pill/bad_13.png,bad_13.png,normal,False,0.058353472501039505,0.058353472501039505,0.05881828558520522,0.05881828558520522,0.05084799118340016,False,False,16000,False,,False,0.0,cpu,patch_nearest_normal,last2,14,0.05,False,,,0.00015595102740917355,0.00015804108188598499,False,True
2026-08-15 13:18:41,pill,monitor,C:/cira_batch_test/pill/good_10.png,good_10.png,normal,False,0.04413827508687973,3.2782554626464844e-07,0.05881828558520522,0.05881828558520522,0.05084799118340016,False,True,16000,True,0.00014404102694243193,True,0.0026040019001811743,cpu,patch_nearest_normal,last2,14,0.05,False,,,0.00013248292088974267,0.00015804108188598499,True,True
2026-08-15 13:18:43,pill,monitor,C:/cira_batch_test/pill/bad_19.png,bad_19.png,anomaly,True,0.06330449879169464,0.06330449879169464,0.05881828558520522,0.05881828558520522,0.05084799118340016,False,False,16000,False,,False,0.0,cpu,patch_nearest_normal,last2,14,0.05,False,,,0.0001457178732380271,0.00015804108188598499,False,True
2026-08-15 13:18:45,pill,monitor,C:/cira_batch_test/pill/good_4.png,good_4.png,normal,False,0.0472865104675293,2.6226044269606064e-07,0.05881828558520522,0.05881828558520522,0.05084799118340016,False,True,16000,True,0.0001623914868105203,True,0.0026043306570500135,cpu,patch_nearest_normal,last2,14,0.05,False,,,0.00014771429414395243,0.00015804108188598499,True,True
2026-08-15 13:18:46,pill,monitor,C:/cira_batch_test/pill/bad_12.png,bad_12.png,anomaly,True,0.12179907411336899,0.12179907411336899,0.05881828558520522,0.05881828558520522,0.05084799118340016,False,False,16000,False,,False,0.0,cpu,patch_nearest_normal,last2,14,0.05,False,,,0.00016292629879899323,0.00015804108188598499,False,False
2026-08-15 13:18:47,pill,monitor,C:/cira_batch_test/pill/good_18.png,good_18.png,normal,False,0.04839922860264778,0.04839922860264778,0.05881828558520522,0.05881828558520522,0.05084799118340016,False,False,16000,False,,False,0.0,cpu,patch_nearest_normal,last2,14,0.05,False,,,0.0001619376998860389,0.00015804108188598499,True,False
2026-08-15 13:18:49,pill,monitor,C:/cira_batch_test/pill/bad_16.png,bad_16.png,anomaly,True,0.07318943738937378,0.07318943738937378,0.05881828558520522,0.05881828558520522,0.05084799118340016,False,False,16000,False,,False,0.0,cpu,patch_nearest_normal,last2,14,0.05,False,,,0.00014112245116848499,0.00015804108188598499,False,True
2026-08-15 13:18:51,pill,monitor,C:/cira_batch_test/pill/good_6.png,good_6.png,normal,False,0.04564027115702629,3.039836826701503e-07,0.05881828558520522,0.05881828558520522,0.05084799118340016,False,True,16000,True,0.0001512682210886851,True,0.0026021909434348345,cpu,patch_nearest_normal,last2,14,0.05,False,,,0.0001385551440762356,0.00015804108188598499,True,True
2026-08-15 13:18:52,pill,monitor,C:/cira_batch_test/pill/good_13.png,good_13.png,normal,False,0.05451985076069832,0.05451985076069832,0.05881828558520522,0.05881828558520522,0.05084799118340016,False,False,16000,False,,False,0.0,cpu,patch_nearest_normal,last2,14,0.05,False,,,0.00016364573093596846,0.00015804108188598499,False,False
2026-08-15 13:18:54,pill,monitor,C:/cira_batch_test/pill/good_15.png,good_15.png,normal,False,0.05048096179962158,2.9206276508375595e-07,0.05881828558520522,0.05881828558520522,0.05084799118340016,False,True,16000,True,0.0001495291362516582,True,0.002589354757219553,cpu,patch_nearest_normal,last2,14,0.05,True,C:\cira_ttl_checkpoints\pill\patch_memory_bank_update_10.pt,C:\cira_ttl_checkpoints\pill\patch_adapter_update_10.pt,0.00013876825687475502,0.00015804108188598499,True,True
2026-08-15 13:18:55,pill,monitor,C:/cira_batch_test/pill/good_20.png,good_20.png,normal,False,0.05176348611712456,0.05176348611712456,0.05881828558520522,0.05881828558520522,0.05084799118340016,False,False,16000,False,,False,0.0,cpu,patch_nearest_normal,last2,14,0.05,False,,,0.00012509821681305766,0.00015804108188598499,False,True
2026-08-15 13:18:57,pill,monitor,C:/cira_batch_test/pill/bad_17.png,bad_17.png,anomaly,True,0.0788705050945282,0.0788705050945282,0.05881828558520522,0.05881828558520522,0.05084799118340016,False,False,16000,False,,False,0.0,cpu,patch_nearest_normal,last2,14,0.05,False,,,0.00015908745990600437,0.00015804108188598499,False,False
2026-08-15 13:18:58,pill,monitor,C:/cira_batch_test/pill/good_11.png,good_11.png,normal,False,0.048530012369155884,2.8610230629055877e-07,0.05881828558520522,0.05881828558520522,0.05084799118340016,False,True,16000,True,0.00013326684711501002,True,0.0025653040502220392,cpu,patch_nearest_normal,last2,14,0.05,False,,,0.00011692296538967639,0.00015804108188598499,True,True
2026-08-15 13:19:00,pill,monitor,C:/cira_batch_test/pill/bad_20.png,bad_20.png,anomaly,True,0.061936162412166595,0.061936162412166595,0.05881828558520522,0.05881828558520522,0.05084799118340016,False,False,16000,False,,False,0.0,cpu,patch_nearest_normal,last2,14,0.05,False,,,0.00015418947441503406,0.00015804108188598499,False,True
2026-08-15 13:19:01,pill,monitor,C:/cira_batch_test/pill/good_8.png,good_8.png,normal,False,0.05536292865872383,0.05536292865872383,0.05881828558520522,0.05881828558520522,0.05084799118340016,False,False,16000,False,,False,0.0,cpu,patch_nearest_normal,last2,14,0.05,False,,,0.00012750773748848587,0.00015804108188598499,False,True
2026-08-15 13:19:03,pill,monitor,C:/cira_batch_test/pill/bad_10.png,bad_10.png,normal,False,0.045216433703899384,2.980232238769531e-07,0.05881828558520522,0.05881828558520522,0.05084799118340016,False,True,16000,True,0.00015355140203610063,True,0.0025735001545399427,cpu,patch_nearest_normal,last2,14,0.05,False,,,0.00014427941641770303,0.00015804108188598499,True,True
2026-08-15 13:19:05,pill,monitor,C:/cira_batch_test/pill/good_3.png,good_3.png,normal,False,0.041832126677036285,3.8743019104003906e-07,0.05881828558520522,0.05881828558520522,0.05084799118340016,False,True,16000,True,0.000145971862366423,True,0.0025767532642930746,cpu,patch_nearest_normal,last2,14,0.05,False,,,0.00013124736142344773,0.00015804108188598499,True,True
2026-08-15 13:19:06,pill,monitor,C:/cira_batch_test/pill/bad_11.png,bad_11.png,anomaly,True,0.09407304227352142,0.09407304227352142,0.05881828558520522,0.05881828558520522,0.05084799118340016,False,False,16000,False,,False,0.0,cpu,patch_nearest_normal,last2,14,0.05,False,,,0.0001446490059606731,0.00015804108188598499,False,True
2026-08-15 13:19:08,pill,monitor,C:/cira_batch_test/pill/bad_18.png,bad_18.png,normal,False,0.05333957076072693,0.05333957076072693,0.05881828558520522,0.05881828558520522,0.05084799118340016,False,False,16000,False,,False,0.0,cpu,patch_nearest_normal,last2,14,0.05,False,,,0.0001328709040535614,0.00015804108188598499,False,True
2026-08-15 13:19:09,pill,monitor,C:/cira_batch_test/pill/good_12.png,good_12.png,normal,False,0.049387376755476,2.5629998390286346e-07,0.05881828558520522,0.05881828558520522,0.05084799118340016,False,True,16000,True,0.00014382696826942265,True,0.0025692060589790344,cpu,patch_nearest_normal,last2,14,0.05,False,,,0.0001400142500642687,0.00015804108188598499,True,True
2026-08-15 13:19:11,pill,monitor,C:/cira_batch_test/pill/good_17.png,good_17.png,normal,False,0.05429110676050186,0.05429110676050186,0.05881828558520522,0.05881828558520522,0.05084799118340016,False,False,16000,False,,False,0.0,cpu,patch_nearest_normal,last2,14,0.05,False,,,0.00015744211850687861,0.00015804108188598499,False,True
2026-08-15 13:19:12,pill,monitor,C:/cira_batch_test/pill/bad_5.png,bad_5.png,anomaly,True,0.18453267216682434,0.18453267216682434,0.05881828558520522,0.05881828558520522,0.05084799118340016,False,False,16000,False,,False,0.0,cpu,patch_nearest_normal,last2,14,0.05,False,,,0.00013215784565545619,0.00015804108188598499,False,True
2026-08-15 13:19:14,pill,monitor,C:/cira_batch_test/pill/bad_6.png,bad_6.png,anomaly,True,0.07645078003406525,0.07645078003406525,0.05881828558520522,0.05881828558520522,0.05084799118340016,False,False,16000,False,,False,0.0,cpu,patch_nearest_normal,last2,14,0.05,False,,,0.0001610944455023855,0.00015804108188598499,False,False
2026-08-15 13:19:15,pill,monitor,C:/cira_batch_test/pill/bad_7.png,bad_7.png,anomaly,True,0.07124926149845123,0.07124926149845123,0.05881828558520522,0.05881828558520522,0.05084799118340016,False,False,16000,False,,False,0.0,cpu,patch_nearest_normal,last2,14,0.05,False,,,0.00014421605737879872,0.00015804108188598499,False,True
2026-08-15 13:19:17,pill,monitor,C:/cira_batch_test/pill/bad_9.png,bad_9.png,anomaly,True,0.061590611934661865,0.061590611934661865,0.05881828558520522,0.05881828558520522,0.05084799118340016,False,False,16000,False,,False,0.0,cpu,patch_nearest_normal,last2,14,0.05,False,,,0.00014100830594543368,0.00015804108188598499,False,True
2026-08-15 13:19:18,pill,monitor,C:/cira_batch_test/pill/bad_4.png,bad_4.png,anomaly,True,0.06898222118616104,0.06898222118616104,0.05881828558520522,0.05881828558520522,0.05084799118340016,False,False,16000,False,,False,0.0,cpu,patch_nearest_normal,last2,14,0.05,False,,,0.00016223489365074784,0.00015804108188598499,False,False
2026-08-15 13:19:20,pill,monitor,C:/cira_batch_test/pill/bad_2.png,bad_2.png,anomaly,True,0.07486559450626373,0.07486559450626373,0.05881828558520522,0.05881828558520522,0.05084799118340016,False,False,16000,False,,False,0.0,cpu,patch_nearest_normal,last2,14,0.05,False,,,0.00014496520452667028,0.00015804108188598499,False,True
2026-08-15 13:19:21,screw,monitor,C:/cira_batch_test/screw/good_1.png,good_1.png,normal,False,0.05231552571058273,0.05231552571058273,0.06300563204730296,0.06300563204730296,0.05946885421872139,False,False,16000,False,,False,0.0,cpu,patch_nearest_normal,last2,14,0.05,False,,,0.00012775474169757217,0.00012727336943498,True,False
2026-08-15 13:19:23,screw,monitor,C:/cira_batch_test/screw/good_7.png,good_7.png,normal,False,0.043901074677705765,2.682209014892578e-07,0.06300563204730296,0.06300563204730296,0.05946885421872139,False,True,16000,True,0.00010676674719434232,True,0.0030161214526742697,cpu,patch_nearest_normal,last2,14,0.05,False,,,9.833987132878974e-05,0.00012727336943498,True,True
2026-08-15 13:19:24,screw,monitor,C:/cira_batch_test/screw/good_9.png,good_9.png,normal,False,0.047934841364622116,2.443790378947597e-07,0.06300563204730296,0.06300563204730296,0.05946885421872139,False,True,16000,True,0.0001180746330646798,True,0.002659686841070652,cpu,patch_nearest_normal,last2,14,0.05,False,,,0.0001150282405433245,0.00012727336943498,True,True
2026-08-15 13:19:26,screw,monitor,C:/cira_batch_test/screw/bad_8.png,bad_8.png,anomaly,True,0.07167037576436996,0.07167037576436996,0.06300563204730296,0.06300563204730296,0.05946885421872139,False,False,16000,False,,False,0.0,cpu,patch_nearest_normal,last2,14,0.05,False,,,0.00012428021000232548,0.00012727336943498,False,True
2026-08-15 13:19:27,screw,monitor,C:/cira_batch_test/screw/bad_1.png,bad_1.png,anomaly,True,0.07483061403036118,0.07483061403036118,0.06300563204730296,0.06300563204730296,0.05946885421872139,False,False,16000,False,,False,0.0,cpu,patch_nearest_normal,last2,14,0.05,False,,,0.00011994101805612445,0.00012727336943498,False,True
2026-08-15 13:19:29,screw,monitor,C:/cira_batch_test/screw/bad_14.png,bad_14.png,anomaly,True,0.07599805295467377,0.07599805295467377,0.06300563204730296,0.06300563204730296,0.05946885421872139,False,False,16000,False,,False,0.0,cpu,patch_nearest_normal,last2,14,0.05,False,,,0.00011048487067455426,0.00012727336943498,False,True
2026-08-15 13:19:30,screw,monitor,C:/cira_batch_test/screw/bad_15.png,bad_15.png,anomaly,True,0.08230133354663849,0.08230133354663849,0.06300563204730296,0.06300563204730296,0.05946885421872139,False,False,16000,False,,False,0.0,cpu,patch_nearest_normal,last2,14,0.05,False,,,8.957158570410684e-05,0.00012727336943498,False,True
2026-08-15 13:19:32,screw,monitor,C:/cira_batch_test/screw/good_19.png,good_19.png,normal,False,0.04825291037559509,2.8610230629055877e-07,0.06300563204730296,0.06300563204730296,0.05946885421872139,False,True,16000,True,9.855684038484469e-05,True,0.0025787840131670237,cpu,patch_nearest_normal,last2,14,0.05,False,,,8.864111441653222e-05,0.00012727336943498,True,True
2026-08-15 13:19:34,screw,monitor,C:/cira_batch_test/screw/bad_3.png,bad_3.png,normal,False,0.05566436052322388,2.8014181907565217e-07,0.06300563204730296,0.06300563204730296,0.05946885421872139,False,True,16000,True,0.00011904376151505858,True,0.0025646050926297903,cpu,patch_nearest_normal,last2,14,0.05,False,,,0.00010362196189817041,0.00012727336943498,True,True
2026-08-15 13:19:36,screw,monitor,C:/cira_batch_test/screw/good_5.png,good_5.png,normal,False,0.043007273226976395,2.9206276508375595e-07,0.06300563204730296,0.06300563204730296,0.05946885421872139,False,True,16000,True,0.00010899313201662153,True,0.002539321081712842,cpu,patch_nearest_normal,last2,14,0.05,False,,,0.0001041681389324367,0.00012727336943498,True,True
2026-08-15 13:19:37,screw,monitor,C:/cira_batch_test/screw/good_16.png,good_16.png,anomaly,True,0.06368237733840942,0.06368237733840942,0.06300563204730296,0.06300563204730296,0.05946885421872139,False,False,16000,False,,False,0.0,cpu,patch_nearest_normal,last2,14,0.05,False,,,0.00011216258280910552,0.00012727336943498,False,True
2026-08-15 13:19:39,screw,monitor,C:/cira_batch_test/screw/good_14.png,good_14.png,normal,False,0.06081651523709297,0.06081651523709297,0.06300563204730296,0.06300563204730296,0.05946885421872139,False,False,16000,False,,False,0.0,cpu,patch_nearest_normal,last2,14,0.05,False,,,0.00010679758997866884,0.00012727336943498,False,True
2026-08-15 13:19:40,screw,monitor,C:/cira_batch_test/screw/good_2.png,good_2.png,anomaly,True,0.06483259797096252,0.06483259797096252,0.06300563204730296,0.06300563204730296,0.05946885421872139,False,False,16000,False,,False,0.0,cpu,patch_nearest_normal,last2,14,0.05,False,,,0.00011668260412989184,0.00012727336943498,False,True
2026-08-15 13:19:41,screw,monitor,C:/cira_batch_test/screw/bad_13.png,bad_13.png,anomaly,True,0.07435539364814758,0.07435539364814758,0.06300563204730296,0.06300563204730296,0.05946885421872139,False,False,16000,False,,False,0.0,cpu,patch_nearest_normal,last2,14,0.05,False,,,8.95835182745941e-05,0.00012727336943498,False,True
2026-08-15 13:19:43,screw,monitor,C:/cira_batch_test/screw/good_10.png,good_10.png,normal,False,0.045582424849271774,2.682209014892578e-07,0.06300563204730296,0.06300563204730296,0.05946885421872139,False,True,16000,True,0.00011346959217917174,True,0.0024785299319773912,cpu,patch_nearest_normal,last2,14,0.05,False,,,0.00011182628804817796,0.00012727336943498,True,True
2026-08-15 13:19:45,screw,monitor,C:/cira_batch_test/screw/bad_19.png,bad_19.png,anomaly,True,0.06794191896915436,0.06794191896915436,0.06300563204730296,0.06300563204730296,0.05946885421872139,False,False,16000,False,,False,0.0,cpu,patch_nearest_normal,last2,14,0.05,False,,,9.014576062327251e-05,0.00012727336943498,False,True
2026-08-15 13:19:46,screw,monitor,C:/cira_batch_test/screw/good_4.png,good_4.png,normal,False,0.06253847479820251,0.06253847479820251,0.06300563204730296,0.06300563204730296,0.05946885421872139,False,False,16000,False,,False,0.0,cpu,patch_nearest_normal,last2,14,0.05,False,,,0.0001270547363674268,0.00012727336943498,False,True
2026-08-15 13:19:48,screw,monitor,C:/cira_batch_test/screw/bad_12.png,bad_12.png,anomaly,True,0.07106146961450577,0.07106146961450577,0.06300563204730296,0.06300563204730296,0.05946885421872139,False,False,16000,False,,False,0.0,cpu,patch_nearest_normal,last2,14,0.05,False,,,0.00013399582530837506,0.00012727336943498,False,False
2026-08-15 13:19:49,screw,monitor,C:/cira_batch_test/screw/good_18.png,good_18.png,anomaly,True,0.06647554039955139,0.06647554039955139,0.06300563204730296,0.06300563204730296,0.05946885421872139,False,False,16000,False,,False,0.0,cpu,patch_nearest_normal,last2,14,0.05,False,,,0.00010740844300016761,0.00012727336943498,False,True
2026-08-15 13:19:51,screw,monitor,C:/cira_batch_test/screw/bad_16.png,bad_16.png,anomaly,True,0.06379972398281097,0.06379972398281097,0.06300563204730296,0.06300563204730296,0.05946885421872139,False,False,16000,False,,False,0.0,cpu,patch_nearest_normal,last2,14,0.05,False,,,0.0001094426988856867,0.00012727336943498,False,True
2026-08-15 13:19:52,screw,monitor,C:/cira_batch_test/screw/good_6.png,good_6.png,anomaly,True,0.08256988972425461,0.08256988972425461,0.06300563204730296,0.06300563204730296,0.05946885421872139,False,False,16000,False,,False,0.0,cpu,patch_nearest_normal,last2,14,0.05,False,,,0.00011781235662056133,0.00012727336943498,False,True
2026-08-15 13:19:54,screw,monitor,C:/cira_batch_test/screw/good_13.png,good_13.png,normal,False,0.05846495181322098,2.8014181907565217e-07,0.06300563204730296,0.06300563204730296,0.05946885421872139,False,True,16000,True,0.00013300529099069536,True,0.00247179321013391,cpu,patch_nearest_normal,last2,14,0.05,False,,,0.00012047402560710907,0.00012727336943498,True,True
2026-08-15 13:19:56,screw,monitor,C:/cira_batch_test/screw/good_15.png,good_15.png,normal,False,0.04914691299200058,3.397464638510428e-07,0.06300563204730296,0.06300563204730296,0.05946885421872139,False,True,16000,True,0.00010880408808588982,True,0.0024678916670382023,cpu,patch_nearest_normal,last2,14,0.05,False,,,0.00010599874804029241,0.00012727336943498,True,True
2026-08-15 13:19:57,screw,monitor,C:/cira_batch_test/screw/good_20.png,good_20.png,anomaly,True,0.06918317824602127,0.06918317824602127,0.06300563204730296,0.06300563204730296,0.05946885421872139,False,False,16000,False,,False,0.0,cpu,patch_nearest_normal,last2,14,0.05,False,,,9.84599901130423e-05,0.00012727336943498,False,True
2026-08-15 13:19:59,screw,monitor,C:/cira_batch_test/screw/bad_17.png,bad_17.png,anomaly,True,0.06534173339605331,0.06534173339605331,0.06300563204730296,0.06300563204730296,0.05946885421872139,False,False,16000,False,,False,0.0,cpu,patch_nearest_normal,last2,14,0.05,False,,,9.836072422331199e-05,0.00012727336943498,False,True
2026-08-15 13:20:00,screw,monitor,C:/cira_batch_test/screw/good_11.png,good_11.png,normal,False,0.048199646174907684,3.635883274455409e-07,0.06300563204730296,0.06300563204730296,0.05946885421872139,False,True,16000,True,0.00011079080286435783,True,0.002472183434292674,cpu,patch_nearest_normal,last2,14,0.05,False,,,0.00010741026926552877,0.00012727336943498,True,True
2026-08-15 13:20:02,screw,monitor,C:/cira_batch_test/screw/bad_20.png,bad_20.png,anomaly,True,0.06640452891588211,0.06640452891588211,0.06300563204730296,0.06300563204730296,0.05946885421872139,False,False,16000,False,,False,0.0,cpu,patch_nearest_normal,last2,14,0.05,False,,,0.0001352962717646733,0.00012727336943498,False,False
2026-08-15 13:20:04,screw,monitor,C:/cira_batch_test/screw/good_8.png,good_8.png,normal,False,0.05511627718806267,2.74181360282455e-07,0.06300563204730296,0.06300563204730296,0.05946885421872139,False,True,16000,True,0.00011867273860843852,True,0.0024382262490689754,cpu,patch_nearest_normal,last2,14,0.05,True,C:\cira_ttl_checkpoints\screw\patch_memory_bank_update_10.pt,C:\cira_ttl_checkpoints\screw\patch_adapter_update_10.pt,0.00010037412721430883,0.00012727336943498,True,True
2026-08-15 13:20:05,screw,monitor,C:/cira_batch_test/screw/bad_10.png,bad_10.png,anomaly,True,0.06680327653884888,0.06680327653884888,0.06300563204730296,0.06300563204730296,0.05946885421872139,False,False,16000,False,,False,0.0,cpu,patch_nearest_normal,last2,14,0.05,False,,,0.00010215261136181653,0.00012727336943498,False,True
2026-08-15 13:20:06,screw,monitor,C:/cira_batch_test/screw/good_3.png,good_3.png,anomaly,True,0.06760416179895401,0.06760416179895401,0.06300563204730296,0.06300563204730296,0.05946885421872139,False,False,16000,False,,False,0.0,cpu,patch_nearest_normal,last2,14,0.05,False,,,0.00010401991312392056,0.00012727336943498,False,True
2026-08-15 13:20:08,screw,monitor,C:/cira_batch_test/screw/bad_11.png,bad_11.png,anomaly,True,0.06687236577272415,0.06687236577272415,0.06300563204730296,0.06300563204730296,0.05946885421872139,False,False,16000,False,,False,0.0,cpu,patch_nearest_normal,last2,14,0.05,False,,,0.00010349810327170417,0.00012727336943498,False,True
2026-08-15 13:20:09,screw,monitor,C:/cira_batch_test/screw/bad_18.png,bad_18.png,anomaly,True,0.06352178752422333,0.06352178752422333,0.06300563204730296,0.06300563204730296,0.05946885421872139,False,False,16000,False,,False,0.0,cpu,patch_nearest_normal,last2,14,0.05,False,,,0.00011402285599615425,0.00012727336943498,False,True
2026-08-15 13:20:11,screw,monitor,C:/cira_batch_test/screw/good_12.png,good_12.png,normal,False,0.06068903207778931,0.06068903207778931,0.06300563204730296,0.06300563204730296,0.05946885421872139,False,False,16000,False,,False,0.0,cpu,patch_nearest_normal,last2,14,0.05,False,,,0.00010674953955458477,0.00012727336943498,False,True
2026-08-15 13:20:13,screw,monitor,C:/cira_batch_test/screw/good_17.png,good_17.png,normal,False,0.05695245414972305,3.159046286782541e-07,0.06300563204730296,0.06300563204730296,0.05946885421872139,False,True,16000,True,0.00012162590428488329,True,0.002422889694571495,cpu,patch_nearest_normal,last2,14,0.05,False,,,0.00011164698662469164,0.00012727336943498,True,True
2026-08-15 13:20:14,screw,monitor,C:/cira_batch_test/screw/bad_5.png,bad_5.png,anomaly,True,0.09678041189908981,0.09678041189908981,0.06300563204730296,0.06300563204730296,0.05946885421872139,False,False,16000,False,,False,0.0,cpu,patch_nearest_normal,last2,14,0.05,False,,,0.00012441101716831326,0.00012727336943498,False,True
2026-08-15 13:20:16,screw,monitor,C:/cira_batch_test/screw/bad_6.png,bad_6.png,anomaly,True,0.0652487725019455,0.0652487725019455,0.06300563204730296,0.06300563204730296,0.05946885421872139,False,False,16000,False,,False,0.0,cpu,patch_nearest_normal,last2,14,0.05,False,,,0.00010691956413211301,0.00012727336943498,False,True
2026-08-15 13:20:17,screw,monitor,C:/cira_batch_test/screw/bad_7.png,bad_7.png,anomaly,True,0.08195804059505463,0.08195804059505463,0.06300563204730296,0.06300563204730296,0.05946885421872139,False,False,16000,False,,False,0.0,cpu,patch_nearest_normal,last2,14,0.05,False,,,0.00012541412434075028,0.00012727336943498,False,True
2026-08-15 13:20:19,screw,monitor,C:/cira_batch_test/screw/bad_9.png,bad_9.png,anomaly,True,0.06775836646556854,0.06775836646556854,0.06300563204730296,0.06300563204730296,0.05946885421872139,False,False,16000,False,,False,0.0,cpu,patch_nearest_normal,last2,14,0.05,False,,,0.000118874384497758,0.00012727336943498,False,True
2026-08-15 13:20:20,screw,monitor,C:/cira_batch_test/screw/bad_4.png,bad_4.png,normal,False,0.05947842076420784,0.05947842076420784,0.06300563204730296,0.06300563204730296,0.05946885421872139,False,False,16000,False,,False,0.0,cpu,patch_nearest_normal,last2,14,0.05,False,,,9.316950308857486e-05,0.00012727336943498,False,True
2026-08-15 13:20:22,screw,monitor,C:/cira_batch_test/screw/bad_2.png,bad_2.png,anomaly,True,0.06509368866682053,0.06509368866682053,0.06300563204730296,0.06300563204730296,0.05946885421872139,False,False,16000,False,,False,0.0,cpu,patch_nearest_normal,last2,14,0.05,False,,,0.00010461031342856586,0.00012727336943498,False,True
2026-08-15 13:20:23,tile,monitor,C:/cira_batch_test/tile/good_1.png,good_1.png,normal,False,0.04876633360981941,3.159046286782541e-07,0.06531576363636363,0.06531576363636363,0.05311408117413522,False,True,16000,True,0.00020048159058205783,True,0.00299160392023623,cpu,patch_nearest_normal,last2,14,0.05,False,,,0.0002015125792240724,0.000230512705456835,True,True
2026-08-15 13:20:25,tile,monitor,C:/cira_batch_test/tile/good_7.png,good_7.png,normal,False,0.04344046115875244,3.516674098591466e-07,0.06531576363636363,0.06531576363636363,0.05311408117413522,False,True,16000,True,0.00020973285427317023,True,0.0028262906707823277,cpu,patch_nearest_normal,last2,14,0.05,False,,,0.00020533888891804963,0.000230512705456835,True,True
2026-08-15 13:20:27,tile,monitor,C:/cira_batch_test/tile/good_9.png,good_9.png,normal,False,0.036674030125141144,3.814697322468419e-07,0.06531576363636363,0.06531576363636363,0.05311408117413522,False,True,16000,True,0.0002154206158593297,True,0.0027545306365936995,cpu,patch_nearest_normal,last2,14,0.05,False,,,0.00019724731100723147,0.000230512705456835,True,True
2026-08-15 13:20:28,tile,monitor,C:/cira_batch_test/tile/bad_8.png,bad_8.png,anomaly,True,0.16935935616493225,0.16935935616493225,0.06531576363636363,0.06531576363636363,0.05311408117413522,False,False,16000,False,,False,0.0,cpu,patch_nearest_normal,last2,14,0.05,False,,,0.00019177240028511733,0.000230512705456835,False,True
2026-08-15 13:20:30,tile,monitor,C:/cira_batch_test/tile/bad_1.png,bad_1.png,anomaly,True,0.4226388931274414,0.4226388931274414,0.06531576363636363,0.06531576363636363,0.05311408117413522,False,False,16000,False,,False,0.0,cpu,patch_nearest_normal,last2,14,0.05,False,,,0.0001606904697837308,0.000230512705456835,False,True
2026-08-15 13:20:31,tile,monitor,C:/cira_batch_test/tile/bad_14.png,bad_14.png,anomaly,True,0.16003535687923431,0.16003535687923431,0.06531576363636363,0.06531576363636363,0.05311408117413522,False,False,16000,False,,False,0.0,cpu,patch_nearest_normal,last2,14,0.05,False,,,0.00019790290389209986,0.000230512705456835,False,True
2026-08-15 13:20:33,tile,monitor,C:/cira_batch_test/tile/bad_15.png,bad_15.png,anomaly,True,0.17659908533096313,0.17659908533096313,0.06531576363636363,0.06531576363636363,0.05311408117413522,False,False,16000,False,,False,0.0,cpu,patch_nearest_normal,last2,14,0.05,False,,,0.0002151035878341645,0.000230512705456835,False,True
2026-08-15 13:20:34,tile,monitor,C:/cira_batch_test/tile/good_19.png,good_19.png,normal,False,0.048777371644973755,3.516674098591466e-07,0.06531576363636363,0.06531576363636363,0.05311408117413522,False,True,16000,True,0.0001941354712471366,True,0.0027422301936894655,cpu,patch_nearest_normal,last2,14,0.05,False,,,0.00021390854089986533,0.000230512705456835,True,True
2026-08-15 13:20:36,tile,monitor,C:/cira_batch_test/tile/bad_3.png,bad_3.png,anomaly,True,0.38465335965156555,0.38465335965156555,0.06531576363636363,0.06531576363636363,0.05311408117413522,False,False,16000,False,,False,0.0,cpu,patch_nearest_normal,last2,14,0.05,False,,,0.00021373423805925995,0.000230512705456835,False,True
2026-08-15 13:20:38,tile,monitor,C:/cira_batch_test/tile/good_5.png,good_5.png,normal,False,0.0498998761177063,3.635883274455409e-07,0.06531576363636363,0.06531576363636363,0.05311408117413522,False,True,16000,True,0.0002363661042181775,True,0.0027529210783541203,cpu,patch_nearest_normal,last2,14,0.05,False,,,0.00021700481011066586,0.000230512705456835,True,True
2026-08-15 13:20:39,tile,monitor,C:/cira_batch_test/tile/good_16.png,good_16.png,normal,False,0.03653305023908615,3.695487862387381e-07,0.06531576363636363,0.06531576363636363,0.05311408117413522,False,True,16000,True,0.00023612477525603026,True,0.002745538018643856,cpu,patch_nearest_normal,last2,14,0.05,False,,,0.00022706804156769067,0.000230512705456835,True,True
2026-08-15 13:20:41,tile,monitor,C:/cira_batch_test/tile/good_14.png,good_14.png,normal,False,0.042615462094545364,3.457069510659494e-07,0.06531576363636363,0.06531576363636363,0.05311408117413522,False,True,16000,True,0.00017372658476233482,True,0.0027215275913476944,cpu,patch_nearest_normal,last2,14,0.05,False,,,0.00016233925998676568,0.000230512705456835,True,True
2026-08-15 13:20:43,tile,monitor,C:/cira_batch_test/tile/good_2.png,good_2.png,normal,False,0.04833478480577469,3.755092734536447e-07,0.06531576363636363,0.06531576363636363,0.05311408117413522,False,True,16000,True,0.00024084515462163836,True,0.00272928923368454,cpu,patch_nearest_normal,last2,14,0.05,False,,,0.00020743373897857964,0.000230512705456835,True,True
2026-08-15 13:20:44,tile,monitor,C:/cira_batch_test/tile/bad_13.png,bad_13.png,anomaly,True,0.1572914570569992,0.1572914570569992,0.06531576363636363,0.06531576363636363,0.05311408117413522,False,False,16000,False,,False,0.0,cpu,patch_nearest_normal,last2,14,0.05,False,,,0.0001673829392530024,0.000230512705456835,False,True
2026-08-15 13:20:46,tile,monitor,C:/cira_batch_test/tile/good_10.png,good_10.png,normal,False,0.0516044907271862,3.635883274455409e-07,0.06531576363636363,0.06531576363636363,0.05311408117413522,False,True,16000,True,0.00017206206393893808,True,0.0026303408667445183,cpu,patch_nearest_normal,last2,14,0.05,False,,,0.00016345673066098243,0.000230512705456835,True,True
2026-08-15 13:20:47,tile,monitor,C:/cira_batch_test/tile/bad_19.png,bad_19.png,anomaly,True,0.09723882377147675,0.09723882377147675,0.06531576363636363,0.06531576363636363,0.05311408117413522,False,False,16000,False,,False,0.0,cpu,patch_nearest_normal,last2,14,0.05,False,,,0.00020686992502305657,0.000230512705456835,False,True
2026-08-15 13:20:49,tile,monitor,C:/cira_batch_test/tile/good_4.png,good_4.png,normal,False,0.03689156100153923,3.814697322468419e-07,0.06531576363636363,0.06531576363636363,0.05311408117413522,False,True,16000,True,0.00021042120351921767,True,0.0026456143241375685,cpu,patch_nearest_normal,last2,14,0.05,True,C:\cira_ttl_checkpoints\tile\patch_memory_bank_update_10.pt,C:\cira_ttl_checkpoints\tile\patch_adapter_update_10.pt,0.0002116990799549967,0.000230512705456835,True,True
2026-08-15 13:20:51,tile,monitor,C:/cira_batch_test/tile/bad_12.png,bad_12.png,normal,False,0.05498223379254341,0.05498223379254341,0.06531576363636363,0.06531576363636363,0.05311408117413522,False,False,16000,False,,False,0.0,cpu,patch_nearest_normal,last2,14,0.05,False,,,0.00022785607143305242,0.000230512705456835,False,True
2026-08-15 13:20:52,tile,monitor,C:/cira_batch_test/tile/good_18.png,good_18.png,anomaly,True,0.06674963235855103,0.06674963235855103,0.06531576363636363,0.06531576363636363,0.05311408117413522,False,False,16000,False,,False,0.0,cpu,patch_nearest_normal,last2,14,0.05,False,,,0.00023217429406940937,0.000230512705456835,False,False
2026-08-15 13:20:54,tile,monitor,C:/cira_batch_test/tile/bad_16.png,bad_16.png,anomaly,True,0.08133669942617416,0.08133669942617416,0.06531576363636363,0.06531576363636363,0.05311408117413522,False,False,16000,False,,False,0.0,cpu,patch_nearest_normal,last2,14,0.05,False,,,0.00020871117885690182,0.000230512705456835,False,True
2026-08-15 13:20:55,tile,monitor,C:/cira_batch_test/tile/good_6.png,good_6.png,normal,False,0.04459091275930405,2.9206276508375595e-07,0.06531576363636363,0.06531576363636363,0.05311408117413522,False,True,16000,True,0.00016904070798773319,True,0.002618608297780156,cpu,patch_nearest_normal,last2,14,0.05,False,,,0.00016714514640625566,0.000230512705456835,True,True
2026-08-15 13:20:57,tile,monitor,C:/cira_batch_test/tile/good_13.png,good_13.png,normal,False,0.04856743663549423,3.039836826701503e-07,0.06531576363636363,0.06531576363636363,0.05311408117413522,False,True,16000,True,0.0001518559583928436,True,0.0025459902826696634,cpu,patch_nearest_normal,last2,14,0.05,False,,,0.00015309991431422532,0.000230512705456835,True,True
2026-08-15 13:20:59,tile,monitor,C:/cira_batch_test/tile/good_15.png,good_15.png,normal,False,0.039445627480745316,3.397464638510428e-07,0.06531576363636363,0.06531576363636363,0.05311408117413522,False,True,16000,True,0.00017676679999567568,True,0.0025559556670486927,cpu,patch_nearest_normal,last2,14,0.05,False,,,0.0001550686138216406,0.000230512705456835,True,True
2026-08-15 13:21:00,tile,monitor,C:/cira_batch_test/tile/good_20.png,good_20.png,normal,False,0.04139501973986626,3.2186508747145126e-07,0.06531576363636363,0.06531576363636363,0.05311408117413522,False,True,16000,True,0.0001912778097903356,True,0.0025511556304991245,cpu,patch_nearest_normal,last2,14,0.05,False,,,0.00016786635387688875,0.000230512705456835,True,True
2026-08-15 13:21:02,tile,monitor,C:/cira_batch_test/tile/bad_17.png,bad_17.png,anomaly,True,0.38345789909362793,0.38345789909362793,0.06531576363636363,0.06531576363636363,0.05311408117413522,False,False,16000,False,,False,0.0,cpu,patch_nearest_normal,last2,14,0.05,False,,,0.00022963093942962587,0.000230512705456835,False,True
2026-08-15 13:21:04,tile,monitor,C:/cira_batch_test/tile/good_11.png,good_11.png,normal,False,0.04098359867930412,2.9206276508375595e-07,0.06531576363636363,0.06531576363636363,0.05311408117413522,False,True,16000,True,0.00015702475502621382,True,0.0025174254551529884,cpu,patch_nearest_normal,last2,14,0.05,False,,,0.00015664748207200319,0.000230512705456835,True,True
2026-08-15 13:21:05,tile,monitor,C:/cira_batch_test/tile/bad_20.png,bad_20.png,anomaly,True,0.11561614274978638,0.11561614274978638,0.06531576363636363,0.06531576363636363,0.05311408117413522,False,False,16000,False,,False,0.0,cpu,patch_nearest_normal,last2,14,0.05,False,,,0.0002173677203245461,0.000230512705456835,False,True
2026-08-15 13:21:07,tile,monitor,C:/cira_batch_test/tile/good_8.png,good_8.png,normal,False,0.038681913167238235,4.112720546345372e-07,0.06531576363636363,0.06531576363636363,0.05311408117413522,False,True,16000,True,0.00023112620692700148,True,0.002554418286308646,cpu,patch_nearest_normal,last2,14,0.05,False,,,0.00022144812101032585,0.000230512705456835,True,True
2026-08-15 13:21:08,tile,monitor,C:/cira_batch_test/tile/bad_10.png,bad_10.png,anomaly,True,0.10028660297393799,0.10028660297393799,0.06531576363636363,0.06531576363636363,0.05311408117413522,False,False,16000,False,,False,0.0,cpu,patch_nearest_normal,last2,14,0.05,False,,,0.00019438572053331882,0.000230512705456835,False,True
2026-08-15 13:21:10,tile,monitor,C:/cira_batch_test/tile/good_3.png,good_3.png,normal,False,0.0388021245598793,2.8610230629055877e-07,0.06531576363636363,0.06531576363636363,0.05311408117413522,False,True,16000,True,0.00021975293930154294,True,0.002583007561042905,cpu,patch_nearest_normal,last2,14,0.05,False,,,0.00019585802510846406,0.000230512705456835,True,True
2026-08-15 13:21:11,tile,monitor,C:/cira_batch_test/tile/bad_11.png,bad_11.png,anomaly,True,0.15027561783790588,0.15027561783790588,0.06531576363636363,0.06531576363636363,0.05311408117413522,False,False,16000,False,,False,0.0,cpu,patch_nearest_normal,last2,14,0.05,False,,,0.00014407289563678205,0.000230512705456835,False,True
2026-08-15 13:21:13,tile,monitor,C:/cira_batch_test/tile/bad_18.png,bad_18.png,anomaly,True,0.07073597609996796,0.07073597609996796,0.06531576363636363,0.06531576363636363,0.05311408117413522,False,False,16000,False,,False,0.0,cpu,patch_nearest_normal,last2,14,0.05,False,,,0.00018977199215441942,0.000230512705456835,False,True
2026-08-15 13:21:15,tile,monitor,C:/cira_batch_test/tile/good_12.png,good_12.png,normal,False,0.04026823118329048,2.1457671550706436e-07,0.06531576363636363,0.06531576363636363,0.05311408117413522,False,True,16000,True,0.00022901502961758524,True,0.002603335538879037,cpu,patch_nearest_normal,last2,14,0.05,False,,,0.0002052875206572935,0.000230512705456835,True,True
2026-08-15 13:21:16,tile,monitor,C:/cira_batch_test/tile/good_17.png,good_17.png,normal,False,0.04532366245985031,3.039836826701503e-07,0.06531576363636363,0.06531576363636363,0.05311408117413522,False,True,16000,True,0.0002089633489958942,True,0.0026110117323696613,cpu,patch_nearest_normal,last2,14,0.05,False,,,0.0002016523649217561,0.000230512705456835,True,True
2026-08-15 13:21:18,tile,monitor,C:/cira_batch_test/tile/bad_5.png,bad_5.png,anomaly,True,0.15392807126045227,0.15392807126045227,0.06531576363636363,0.06531576363636363,0.05311408117413522,False,False,16000,False,,False,0.0,cpu,patch_nearest_normal,last2,14,0.05,False,,,0.00011325581726850942,0.000230512705456835,False,True
2026-08-15 13:21:19,tile,monitor,C:/cira_batch_test/tile/bad_6.png,bad_6.png,anomaly,True,0.22921624779701233,0.22921624779701233,0.06531576363636363,0.06531576363636363,0.05311408117413522,False,False,16000,False,,False,0.0,cpu,patch_nearest_normal,last2,14,0.05,False,,,0.00019585326663218439,0.000230512705456835,False,True
2026-08-15 13:21:21,tile,monitor,C:/cira_batch_test/tile/bad_7.png,bad_7.png,anomaly,True,0.21018806099891663,0.21018806099891663,0.06531576363636363,0.06531576363636363,0.05311408117413522,False,False,16000,False,,False,0.0,cpu,patch_nearest_normal,last2,14,0.05,False,,,0.00016639530076645315,0.000230512705456835,False,True
2026-08-15 13:21:22,tile,monitor,C:/cira_batch_test/tile/bad_9.png,bad_9.png,anomaly,True,0.3206877112388611,0.3206877112388611,0.06531576363636363,0.06531576363636363,0.05311408117413522,False,False,16000,False,,False,0.0,cpu,patch_nearest_normal,last2,14,0.05,False,,,0.00021057232515886426,0.000230512705456835,False,True
2026-08-15 13:21:24,tile,monitor,C:/cira_batch_test/tile/bad_4.png,bad_4.png,anomaly,True,0.11246494948863983,0.11246494948863983,0.06531576363636363,0.06531576363636363,0.05311408117413522,False,False,16000,False,,False,0.0,cpu,patch_nearest_normal,last2,14,0.05,False,,,0.0001236006646649912,0.000230512705456835,False,True
2026-08-15 13:21:25,tile,monitor,C:/cira_batch_test/tile/bad_2.png,bad_2.png,anomaly,True,0.43638157844543457,0.43638157844543457,0.06531576363636363,0.06531576363636363,0.05311408117413522,False,False,16000,False,,False,0.0,cpu,patch_nearest_normal,last2,14,0.05,False,,,0.00012003634037682787,0.000230512705456835,False,True
2026-08-15 13:21:27,toothbrush,monitor,C:/cira_batch_test/toothbrush/good_1.png,good_1.png,normal,False,0.051045335829257965,0.051045335829257965,0.0701888715806552,0.0701888715806552,0.0501871842890978,False,False,9408,False,,False,0.0,cpu,patch_nearest_normal,last2,14,0.05,False,,,0.000117007817607373,0.00012676088372241001,False,True
2026-08-15 13:21:28,toothbrush,monitor,C:/cira_batch_test/toothbrush/good_7.png,good_7.png,normal,False,0.06097178906202316,0.06097178906202316,0.0701888715806552,0.0701888715806552,0.0501871842890978,False,False,9408,False,,False,0.0,cpu,patch_nearest_normal,last2,14,0.05,False,,,0.00012322174734435976,0.00012676088372241001,False,True
2026-08-15 13:21:30,toothbrush,monitor,C:/cira_batch_test/toothbrush/good_9.png,good_9.png,normal,False,0.04554165154695511,3.039836826701503e-07,0.0701888715806552,0.0701888715806552,0.0501871842890978,False,True,9604,True,0.00012845116725657135,True,0.003020593896508217,cpu,patch_nearest_normal,last2,14,0.05,False,,,0.00012460746802389622,0.00012676088372241001,True,True
2026-08-15 13:21:31,toothbrush,monitor,C:/cira_batch_test/toothbrush/bad_8.png,bad_8.png,anomaly,True,0.3559606671333313,0.3559606671333313,0.0701888715806552,0.0701888715806552,0.0501871842890978,False,False,9604,False,,False,0.0,cpu,patch_nearest_normal,last2,14,0.05,False,,,0.00011800016363849863,0.00012676088372241001,False,True
2026-08-15 13:21:33,toothbrush,monitor,C:/cira_batch_test/toothbrush/bad_1.png,bad_1.png,anomaly,True,0.2979651987552643,0.2979651987552643,0.0701888715806552,0.0701888715806552,0.0501871842890978,False,False,9604,False,,False,0.0,cpu,patch_nearest_normal,last2,14,0.05,False,,,0.00010616568033583462,0.00012676088372241001,False,True
2026-08-15 13:21:34,toothbrush,monitor,C:/cira_batch_test/toothbrush/bad_14.png,bad_14.png,anomaly,True,0.2594628930091858,0.2594628930091858,0.0701888715806552,0.0701888715806552,0.0501871842890978,False,False,9604,False,,False,0.0,cpu,patch_nearest_normal,last2,14,0.05,False,,,0.00011381910735508427,0.00012676088372241001,False,True
2026-08-15 13:21:36,toothbrush,monitor,C:/cira_batch_test/toothbrush/bad_15.png,bad_15.png,normal,False,0.06449445337057114,0.06449445337057114,0.0701888715806552,0.0701888715806552,0.0501871842890978,False,False,9604,False,,False,0.0,cpu,patch_nearest_normal,last2,14,0.05,False,,,0.00011804547102656215,0.00012676088372241001,False,True
2026-08-15 13:21:37,toothbrush,monitor,C:/cira_batch_test/toothbrush/good_19.png,good_19.png,normal,False,0.018791835755109787,2.443790378947597e-07,0.0701888715806552,0.0701888715806552,0.0501871842890978,False,True,9800,True,0.00013117272465024143,True,0.002730417298153043,cpu,patch_nearest_normal,last2,14,0.05,False,,,0.00011914422793779522,0.00012676088372241001,True,True
2026-08-15 13:21:39,toothbrush,monitor,C:/cira_batch_test/toothbrush/bad_3.png,bad_3.png,anomaly,True,0.13454684615135193,0.13454684615135193,0.0701888715806552,0.0701888715806552,0.0501871842890978,False,False,9800,False,,False,0.0,cpu,patch_nearest_normal,last2,14,0.05,False,,,0.00011447264114394784,0.00012676088372241001,False,True
2026-08-15 13:21:41,toothbrush,monitor,C:/cira_batch_test/toothbrush/good_5.png,good_5.png,normal,False,0.018270153552293777,3.159046286782541e-07,0.0701888715806552,0.0701888715806552,0.0501871842890978,False,True,9996,True,0.0001232145878020674,True,0.002637383760884404,cpu,patch_nearest_normal,last2,14,0.05,False,,,0.00010900376219069585,0.00012676088372241001,True,True
2026-08-15 13:21:42,toothbrush,monitor,C:/cira_batch_test/toothbrush/good_16.png,good_16.png,normal,False,0.040589384734630585,3.099441414633475e-07,0.0701888715806552,0.0701888715806552,0.0501871842890978,False,True,10192,True,0.00012095501006115228,True,0.002618831815198064,cpu,patch_nearest_normal,last2,14,0.05,False,,,0.00011198467836948112,0.00012676088372241001,True,True
2026-08-15 13:21:44,toothbrush,monitor,C:/cira_batch_test/toothbrush/good_14.png,good_14.png,normal,False,0.06923668086528778,0.06923668086528778,0.0701888715806552,0.0701888715806552,0.0501871842890978,False,False,10192,False,,False,0.0,cpu,patch_nearest_normal,last2,14,0.05,False,,,0.00011584367166506127,0.00012676088372241001,False,True
2026-08-15 13:21:45,toothbrush,monitor,C:/cira_batch_test/toothbrush/good_2.png,good_2.png,normal,False,0.053594231605529785,0.053594231605529785,0.0701888715806552,0.0701888715806552,0.0501871842890978,False,False,10192,False,,False,0.0,cpu,patch_nearest_normal,last2,14,0.05,False,,,0.00011216634447919205,0.00012676088372241001,False,True
2026-08-15 13:21:47,toothbrush,monitor,C:/cira_batch_test/toothbrush/bad_13.png,bad_13.png,normal,False,0.05630592256784439,0.05630592256784439,0.0701888715806552,0.0701888715806552,0.0501871842890978,False,False,10192,False,,False,0.0,cpu,patch_nearest_normal,last2,14,0.05,False,,,0.00011698142043314874,0.00012676088372241001,False,True
2026-08-15 13:21:48,toothbrush,monitor,C:/cira_batch_test/toothbrush/good_10.png,good_10.png,anomaly,True,0.07507436722517014,0.07507436722517014,0.0701888715806552,0.0701888715806552,0.0501871842890978,False,False,10192,False,,False,0.0,cpu,patch_nearest_normal,last2,14,0.05,False,,,0.00011999794514849782,0.00012676088372241001,False,True
2026-08-15 13:21:50,toothbrush,monitor,C:/cira_batch_test/toothbrush/bad_19.png,bad_19.png,anomaly,True,0.0785142034292221,0.0785142034292221,0.0701888715806552,0.0701888715806552,0.0501871842890978,False,False,10192,False,,False,0.0,cpu,patch_nearest_normal,last2,14,0.05,False,,,0.00011936246301047504,0.00012676088372241001,False,True
2026-08-15 13:21:51,toothbrush,monitor,C:/cira_batch_test/toothbrush/good_4.png,good_4.png,normal,False,0.04751834273338318,2.74181360282455e-07,0.0701888715806552,0.0701888715806552,0.0501871842890978,False,True,10388,True,0.00012160178448539227,True,0.00259777600876987,cpu,patch_nearest_normal,last2,14,0.05,False,,,0.00011603901657508686,0.00012676088372241001,True,True
2026-08-15 13:21:53,toothbrush,monitor,C:/cira_batch_test/toothbrush/bad_12.png,bad_12.png,anomaly,True,0.3733300268650055,0.3733300268650055,0.0701888715806552,0.0701888715806552,0.0501871842890978,False,False,10388,False,,False,0.0,cpu,patch_nearest_normal,last2,14,0.05,False,,,0.00012560882896650583,0.00012676088372241001,False,True
2026-08-15 13:21:55,toothbrush,monitor,C:/cira_batch_test/toothbrush/good_18.png,good_18.png,normal,False,0.04179218411445618,2.682209014892578e-07,0.0701888715806552,0.0701888715806552,0.0501871842890978,False,True,10584,True,0.00012311921454966068,True,0.0025958670303225517,cpu,patch_nearest_normal,last2,14,0.05,False,,,0.0001095620245905593,0.00012676088372241001,True,True
2026-08-15 13:21:56,toothbrush,monitor,C:/cira_batch_test/toothbrush/bad_16.png,bad_16.png,anomaly,True,0.34775885939598083,0.34775885939598083,0.0701888715806552,0.0701888715806552,0.0501871842890978,False,False,10584,False,,False,0.0,cpu,patch_nearest_normal,last2,14,0.05,False,,,0.00011826082482002676,0.00012676088372241001,False,True
2026-08-15 13:21:58,toothbrush,monitor,C:/cira_batch_test/toothbrush/good_6.png,good_6.png,normal,False,0.04495369642972946,2.6226044269606064e-07,0.0701888715806552,0.0701888715806552,0.0501871842890978,False,True,10780,True,0.0001181994448415935,True,0.0025578802451491356,cpu,patch_nearest_normal,last2,14,0.05,False,,,0.00011182147136423737,0.00012676088372241001,True,True
2026-08-15 13:21:59,toothbrush,monitor,C:/cira_batch_test/toothbrush/good_13.png,good_13.png,normal,False,0.05617582052946091,0.05617582052946091,0.0701888715806552,0.0701888715806552,0.0501871842890978,False,False,10780,False,,False,0.0,cpu,patch_nearest_normal,last2,14,0.05,False,,,0.00011286503286100924,0.00012676088372241001,False,True
2026-08-15 13:22:01,toothbrush,monitor,C:/cira_batch_test/toothbrush/good_15.png,good_15.png,normal,False,0.03560986369848251,3.397464638510428e-07,0.0701888715806552,0.0701888715806552,0.0501871842890978,False,True,10976,True,0.00012571380648296326,True,0.0025688044261187315,cpu,patch_nearest_normal,last2,14,0.05,False,,,0.00011274281132500619,0.00012676088372241001,True,True
2026-08-15 13:22:03,toothbrush,monitor,C:/cira_batch_test/toothbrush/good_20.png,good_20.png,normal,False,0.018391091376543045,2.5033949668795685e-07,0.0701888715806552,0.0701888715806552,0.0501871842890978,False,True,11172,True,0.0001245009043486789,True,0.002541545545682311,cpu,patch_nearest_normal,last2,14,0.05,False,,,0.00011358419578755274,0.00012676088372241001,True,True
2026-08-15 13:22:04,toothbrush,monitor,C:/cira_batch_test/toothbrush/bad_17.png,bad_17.png,anomaly,True,0.2629551291465759,0.2629551291465759,0.0701888715806552,0.0701888715806552,0.0501871842890978,False,False,11172,False,,False,0.0,cpu,patch_nearest_normal,last2,14,0.05,False,,,0.00012503069592639804,0.00012676088372241001,False,True
2026-08-15 13:22:06,toothbrush,monitor,C:/cira_batch_test/toothbrush/good_11.png,good_11.png,normal,False,0.05328705161809921,0.05328705161809921,0.0701888715806552,0.0701888715806552,0.0501871842890978,False,False,11172,False,,False,0.0,cpu,patch_nearest_normal,last2,14,0.05,False,,,0.00011232495307922363,0.00012676088372241001,False,True
2026-08-15 13:22:07,toothbrush,monitor,C:/cira_batch_test/toothbrush/bad_20.png,bad_20.png,anomaly,True,0.3247162699699402,0.3247162699699402,0.0701888715806552,0.0701888715806552,0.0501871842890978,False,False,11172,False,,False,0.0,cpu,patch_nearest_normal,last2,14,0.05,False,,,0.00013533855963032693,0.00012676088372241001,False,False
2026-08-15 13:22:09,toothbrush,monitor,C:/cira_batch_test/toothbrush/good_8.png,good_8.png,anomaly,True,0.07540599256753922,0.07540599256753922,0.0701888715806552,0.0701888715806552,0.0501871842890978,False,False,11172,False,,False,0.0,cpu,patch_nearest_normal,last2,14,0.05,False,,,0.00013513352314475924,0.00012676088372241001,False,False
2026-08-15 13:22:10,toothbrush,monitor,C:/cira_batch_test/toothbrush/bad_10.png,bad_10.png,anomaly,True,0.1263037919998169,0.1263037919998169,0.0701888715806552,0.0701888715806552,0.0501871842890978,False,False,11172,False,,False,0.0,cpu,patch_nearest_normal,last2,14,0.05,False,,,0.00011668679508147761,0.00012676088372241001,False,True
2026-08-15 13:22:12,toothbrush,monitor,C:/cira_batch_test/toothbrush/good_3.png,good_3.png,normal,False,0.03626381605863571,2.9206276508375595e-07,0.0701888715806552,0.0701888715806552,0.0501871842890978,False,True,11368,True,0.00012016377877444029,True,0.0025326539762318134,cpu,patch_nearest_normal,last2,14,0.05,True,C:\cira_ttl_checkpoints\toothbrush\patch_memory_bank_update_10.pt,C:\cira_ttl_checkpoints\toothbrush\patch_adapter_update_10.pt,0.00010943877714453265,0.00012676088372241001,True,True
2026-08-15 13:22:13,toothbrush,monitor,C:/cira_batch_test/toothbrush/bad_11.png,bad_11.png,anomaly,True,0.27736738324165344,0.27736738324165344,0.0701888715806552,0.0701888715806552,0.0501871842890978,False,False,11368,False,,False,0.0,cpu,patch_nearest_normal,last2,14,0.05,False,,,0.00011469815217424184,0.00012676088372241001,False,True
2026-08-15 13:22:15,toothbrush,monitor,C:/cira_batch_test/toothbrush/bad_18.png,bad_18.png,anomaly,True,0.2690540850162506,0.2690540850162506,0.0701888715806552,0.0701888715806552,0.0501871842890978,False,False,11368,False,,False,0.0,cpu,patch_nearest_normal,last2,14,0.05,False,,,0.00011318838369334117,0.00012676088372241001,False,True
2026-08-15 13:22:16,toothbrush,monitor,C:/cira_batch_test/toothbrush/good_12.png,good_12.png,normal,False,0.05974363163113594,0.05974363163113594,0.0701888715806552,0.0701888715806552,0.0501871842890978,False,False,11368,False,,False,0.0,cpu,patch_nearest_normal,last2,14,0.05,False,,,0.00011470347817521542,0.00012676088372241001,False,True
2026-08-15 13:22:18,toothbrush,monitor,C:/cira_batch_test/toothbrush/good_17.png,good_17.png,normal,False,0.01948019303381443,2.8610230629055877e-07,0.0701888715806552,0.0701888715806552,0.0501871842890978,False,True,11564,True,0.00011576290125958622,True,0.0025201980024576187,cpu,patch_nearest_normal,last2,14,0.05,False,,,0.00011595435353228822,0.00012676088372241001,True,True
2026-08-15 13:22:19,toothbrush,monitor,C:/cira_batch_test/toothbrush/bad_5.png,bad_5.png,normal,False,0.05381769686937332,0.05381769686937332,0.0701888715806552,0.0701888715806552,0.0501871842890978,False,False,11564,False,,False,0.0,cpu,patch_nearest_normal,last2,14,0.05,False,,,0.00011414904292905703,0.00012676088372241001,False,True
2026-08-15 13:22:21,toothbrush,monitor,C:/cira_batch_test/toothbrush/bad_6.png,bad_6.png,normal,False,0.04999127238988876,2.9206276508375595e-07,0.0701888715806552,0.0701888715806552,0.0501871842890978,False,True,11760,True,0.00013209428288973868,True,0.002529395977035165,cpu,patch_nearest_normal,last2,14,0.05,False,,,0.00012329327000770718,0.00012676088372241001,True,True
2026-08-15 13:22:23,toothbrush,monitor,C:/cira_batch_test/toothbrush/bad_7.png,bad_7.png,anomaly,True,0.13132795691490173,0.13132795691490173,0.0701888715806552,0.0701888715806552,0.0501871842890978,False,False,11760,False,,False,0.0,cpu,patch_nearest_normal,last2,14,0.05,False,,,0.00011227365757804364,0.00012676088372241001,False,True
2026-08-15 13:22:24,toothbrush,monitor,C:/cira_batch_test/toothbrush/bad_9.png,bad_9.png,normal,False,0.04641073942184448,2.980232238769531e-07,0.0701888715806552,0.0701888715806552,0.0501871842890978,False,True,11956,True,0.0001250996283488348,True,0.0025124642997980118,cpu,patch_nearest_normal,last2,14,0.05,False,,,0.00010918782209046185,0.00012676088372241001,True,True
2026-08-15 13:22:26,toothbrush,monitor,C:/cira_batch_test/toothbrush/bad_4.png,bad_4.png,normal,False,0.06911913305521011,0.06911913305521011,0.0701888715806552,0.0701888715806552,0.0501871842890978,False,False,11956,False,,False,0.0,cpu,patch_nearest_normal,last2,14,0.05,False,,,0.000110167296952568,0.00012676088372241001,False,True
2026-08-15 13:22:27,toothbrush,monitor,C:/cira_batch_test/toothbrush/bad_2.png,bad_2.png,normal,False,0.056527942419052124,0.056527942419052124,0.0701888715806552,0.0701888715806552,0.0501871842890978,False,False,11956,False,,False,0.0,cpu,patch_nearest_normal,last2,14,0.05,False,,,0.00011122987052658573,0.00012676088372241001,False,True
2026-08-15 13:22:29,transistor,monitor,C:/cira_batch_test/transistor/good_1.png,good_1.png,normal,False,0.05782352015376091,3.099441414633475e-07,0.08374595860198465,0.08374595860198465,0.075458013266325,False,True,16000,True,0.00019401672761887312,True,0.003025975776836276,cpu,patch_nearest_normal,last2,14,0.05,False,,,0.00016906842938624322,0.000183458399987945,True,True
2026-08-15 13:22:31,transistor,monitor,C:/cira_batch_test/transistor/good_7.png,good_7.png,normal,False,0.07309253513813019,3.039836826701503e-07,0.08374595860198465,0.08374595860198465,0.075458013266325,False,True,16000,True,0.00019755790708586574,True,0.0027639286126941442,cpu,patch_nearest_normal,last2,14,0.05,False,,,0.00016803646576590836,0.000183458399987945,True,True
2026-08-15 13:22:32,transistor,monitor,C:/cira_batch_test/transistor/good_9.png,good_9.png,normal,False,0.07559172809123993,0.07559172809123993,0.08374595860198465,0.08374595860198465,0.075458013266325,False,False,16000,False,,False,0.0,cpu,patch_nearest_normal,last2,14,0.05,False,,,0.00019505129603203386,0.000183458399987945,False,False
2026-08-15 13:22:34,transistor,monitor,C:/cira_batch_test/transistor/bad_8.png,bad_8.png,anomaly,True,0.172535240650177,0.172535240650177,0.08374595860198465,0.08374595860198465,0.075458013266325,False,False,16000,False,,False,0.0,cpu,patch_nearest_normal,last2,14,0.05,False,,,0.00016529108688700944,0.000183458399987945,False,True
2026-08-15 13:22:35,transistor,monitor,C:/cira_batch_test/transistor/bad_1.png,bad_1.png,anomaly,True,0.12203945964574814,0.12203945964574814,0.08374595860198465,0.08374595860198465,0.075458013266325,False,False,16000,False,,False,0.0,cpu,patch_nearest_normal,last2,14,0.05,False,,,0.00015893654199317098,0.000183458399987945,False,True
2026-08-15 13:22:37,transistor,monitor,C:/cira_batch_test/transistor/bad_14.png,bad_14.png,anomaly,True,0.09766577929258347,0.09766577929258347,0.08374595860198465,0.08374595860198465,0.075458013266325,False,False,16000,False,,False,0.0,cpu,patch_nearest_normal,last2,14,0.05,False,,,0.0001675432431511581,0.000183458399987945,False,True
2026-08-15 13:22:38,transistor,monitor,C:/cira_batch_test/transistor/bad_15.png,bad_15.png,anomaly,True,0.09694898873567581,0.09694898873567581,0.08374595860198465,0.08374595860198465,0.075458013266325,False,False,16000,False,,False,0.0,cpu,patch_nearest_normal,last2,14,0.05,False,,,0.0001714156096568331,0.000183458399987945,False,True
2026-08-15 13:22:40,transistor,monitor,C:/cira_batch_test/transistor/good_19.png,good_19.png,normal,False,0.07872834801673889,0.07872834801673889,0.08374595860198465,0.08374595860198465,0.075458013266325,False,False,16000,False,,False,0.0,cpu,patch_nearest_normal,last2,14,0.05,False,,,0.0001733900571707636,0.000183458399987945,False,True
2026-08-15 13:22:41,transistor,monitor,C:/cira_batch_test/transistor/bad_3.png,bad_3.png,anomaly,True,0.10173770040273666,0.10173770040273666,0.08374595860198465,0.08374595860198465,0.075458013266325,False,False,16000,False,,False,0.0,cpu,patch_nearest_normal,last2,14,0.05,False,,,0.00017790932906791568,0.000183458399987945,False,True
2026-08-15 13:22:43,transistor,monitor,C:/cira_batch_test/transistor/good_5.png,good_5.png,normal,False,0.06783203780651093,2.980232238769531e-07,0.08374595860198465,0.08374595860198465,0.075458013266325,False,True,16000,True,0.00020732040866278112,True,0.002695102710276842,cpu,patch_nearest_normal,last2,14,0.05,False,,,0.0001815606956370175,0.000183458399987945,True,True
2026-08-15 13:22:45,transistor,monitor,C:/cira_batch_test/transistor/good_16.png,good_16.png,normal,False,0.07531369477510452,0.07531369477510452,0.08374595860198465,0.08374595860198465,0.075458013266325,False,False,16000,False,,False,0.0,cpu,patch_nearest_normal,last2,14,0.05,False,,,0.00019365400657989085,0.000183458399987945,True,False
2026-08-15 13:22:46,transistor,monitor,C:/cira_batch_test/transistor/good_14.png,good_14.png,normal,False,0.06584744900465012,0.06584744900465012,0.08374595860198465,0.08374595860198465,0.075458013266325,False,False,16000,False,,False,0.0,cpu,patch_nearest_normal,last2,14,0.05,False,,,0.00019176235946360976,0.000183458399987945,True,False
2026-08-15 13:22:48,transistor,monitor,C:/cira_batch_test/transistor/good_2.png,good_2.png,normal,False,0.07577439397573471,0.07577439397573471,0.08374595860198465,0.08374595860198465,0.075458013266325,False,False,16000,False,,False,0.0,cpu,patch_nearest_normal,last2,14,0.05,False,,,0.00017795030726119876,0.000183458399987945,False,True
2026-08-15 13:22:49,transistor,monitor,C:/cira_batch_test/transistor/bad_13.png,bad_13.png,anomaly,True,0.10875976085662842,0.10875976085662842,0.08374595860198465,0.08374595860198465,0.075458013266325,False,False,16000,False,,False,0.0,cpu,patch_nearest_normal,last2,14,0.05,False,,,0.00017485395073890686,0.000183458399987945,False,True
2026-08-15 13:22:51,transistor,monitor,C:/cira_batch_test/transistor/good_10.png,good_10.png,normal,False,0.07425644993782043,3.159046286782541e-07,0.08374595860198465,0.08374595860198465,0.075458013266325,False,True,16000,True,0.00017684916383586824,True,0.0026096731889992952,cpu,patch_nearest_normal,last2,14,0.05,False,,,0.00017514851060695946,0.000183458399987945,True,True
2026-08-15 13:22:53,transistor,monitor,C:/cira_batch_test/transistor/bad_19.png,bad_19.png,anomaly,True,0.10235396772623062,0.10235396772623062,0.08374595860198465,0.08374595860198465,0.075458013266325,False,False,16000,False,,False,0.0,cpu,patch_nearest_normal,last2,14,0.05,False,,,0.0001705082831904292,0.000183458399987945,False,True
2026-08-15 13:22:54,transistor,monitor,C:/cira_batch_test/transistor/good_4.png,good_4.png,normal,False,0.058754753321409225,2.74181360282455e-07,0.08374595860198465,0.08374595860198465,0.075458013266325,False,True,16000,True,0.00018749511218629777,True,0.0026029576547443867,cpu,patch_nearest_normal,last2,14,0.05,False,,,0.00017417583148926497,0.000183458399987945,True,True
2026-08-15 13:22:56,transistor,monitor,C:/cira_batch_test/transistor/bad_12.png,bad_12.png,anomaly,True,0.2515677809715271,0.2515677809715271,0.08374595860198465,0.08374595860198465,0.075458013266325,False,False,16000,False,,False,0.0,cpu,patch_nearest_normal,last2,14,0.05,False,,,0.00015102446195669472,0.000183458399987945,False,True
2026-08-15 13:22:57,transistor,monitor,C:/cira_batch_test/transistor/good_18.png,good_18.png,normal,False,0.06644532829523087,0.06644532829523087,0.08374595860198465,0.08374595860198465,0.075458013266325,False,False,16000,False,,False,0.0,cpu,patch_nearest_normal,last2,14,0.05,False,,,0.0001837330055423081,0.000183458399987945,True,False
2026-08-15 13:22:59,transistor,monitor,C:/cira_batch_test/transistor/bad_16.png,bad_16.png,anomaly,True,0.17739811539649963,0.17739811539649963,0.08374595860198465,0.08374595860198465,0.075458013266325,False,False,16000,False,,False,0.0,cpu,patch_nearest_normal,last2,14,0.05,False,,,0.00019170260929968208,0.000183458399987945,False,False
2026-08-15 13:23:01,transistor,monitor,C:/cira_batch_test/transistor/good_6.png,good_6.png,normal,False,0.0660228282213211,2.74181360282455e-07,0.08374595860198465,0.08374595860198465,0.075458013266325,False,True,16000,True,0.0001855688460636884,True,0.0025772959925234318,cpu,patch_nearest_normal,last2,14,0.05,False,,,0.00018015841487795115,0.000183458399987945,True,True
2026-08-15 13:23:02,transistor,monitor,C:/cira_batch_test/transistor/good_13.png,good_13.png,normal,False,0.05539080500602722,2.384185791015625e-07,0.08374595860198465,0.08374595860198465,0.075458013266325,False,True,16000,True,0.00018422523862682283,True,0.002569206291809678,cpu,patch_nearest_normal,last2,14,0.05,False,,,0.0001759071456035599,0.000183458399987945,True,True
2026-08-15 13:23:04,transistor,monitor,C:/cira_batch_test/transistor/good_15.png,good_15.png,normal,False,0.07171826809644699,2.9206276508375595e-07,0.08374595860198465,0.08374595860198465,0.075458013266325,False,True,16000,True,0.00018364946299698204,True,0.0025627599097788334,cpu,patch_nearest_normal,last2,14,0.05,False,,,0.0001775868731783703,0.000183458399987945,True,True
2026-08-15 13:23:06,transistor,monitor,C:/cira_batch_test/transistor/good_20.png,good_20.png,normal,False,0.07149843126535416,3.159046286782541e-07,0.08374595860198465,0.08374595860198465,0.075458013266325,False,True,16000,True,0.00019289636111352593,True,0.0025660106912255287,cpu,patch_nearest_normal,last2,14,0.05,False,,,0.00017778811161406338,0.000183458399987945,True,True
2026-08-15 13:23:07,transistor,monitor,C:/cira_batch_test/transistor/bad_17.png,bad_17.png,anomaly,True,0.2034951001405716,0.2034951001405716,0.08374595860198465,0.08374595860198465,0.075458013266325,False,False,16000,False,,False,0.0,cpu,patch_nearest_normal,last2,14,0.05,False,,,0.00017477318760938942,0.000183458399987945,False,True
2026-08-15 13:23:09,transistor,monitor,C:/cira_batch_test/transistor/good_11.png,good_11.png,normal,False,0.059404194355010986,0.059404194355010986,0.08374595860198465,0.08374595860198465,0.075458013266325,False,False,16000,False,,False,0.0,cpu,patch_nearest_normal,last2,14,0.05,False,,,0.00018430045747663826,0.000183458399987945,True,False
2026-08-15 13:23:10,transistor,monitor,C:/cira_batch_test/transistor/bad_20.png,bad_20.png,anomaly,True,0.288149893283844,0.288149893283844,0.08374595860198465,0.08374595860198465,0.075458013266325,False,False,16000,False,,False,0.0,cpu,patch_nearest_normal,last2,14,0.05,False,,,0.00020407406555023044,0.000183458399987945,False,False
2026-08-15 13:23:12,transistor,monitor,C:/cira_batch_test/transistor/good_8.png,good_8.png,normal,False,0.05795697495341301,2.980232238769531e-07,0.08374595860198465,0.08374595860198465,0.075458013266325,False,True,16000,True,0.00017851675511337817,True,0.0025594488251954317,cpu,patch_nearest_normal,last2,14,0.05,True,C:\cira_ttl_checkpoints\transistor\patch_memory_bank_update_10.pt,C:\cira_ttl_checkpoints\transistor\patch_adapter_update_10.pt,0.00016991519078146666,0.000183458399987945,True,True
2026-08-15 13:23:14,transistor,monitor,C:/cira_batch_test/transistor/bad_10.png,bad_10.png,anomaly,True,0.125352680683136,0.125352680683136,0.08374595860198465,0.08374595860198465,0.075458013266325,False,False,16000,False,,False,0.0,cpu,patch_nearest_normal,last2,14,0.05,False,,,0.00016852954286150634,0.000183458399987945,False,True
2026-08-15 13:23:15,transistor,monitor,C:/cira_batch_test/transistor/good_3.png,good_3.png,normal,False,0.07896052300930023,0.07896052300930023,0.08374595860198465,0.08374595860198465,0.075458013266325,False,False,16000,False,,False,0.0,cpu,patch_nearest_normal,last2,14,0.05,False,,,0.00016080190835054964,0.000183458399987945,False,True
2026-08-15 13:23:17,transistor,monitor,C:/cira_batch_test/transistor/bad_11.png,bad_11.png,normal,False,0.07486716657876968,2.6226044269606064e-07,0.08374595860198465,0.08374595860198465,0.075458013266325,False,True,16000,True,0.00019702105782926083,True,0.002557111671194434,cpu,patch_nearest_normal,last2,14,0.05,False,,,0.0001770439703250304,0.000183458399987945,True,True
2026-08-15 13:23:19,transistor,monitor,C:/cira_batch_test/transistor/bad_18.png,bad_18.png,anomaly,True,0.143062561750412,0.143062561750412,0.08374595860198465,0.08374595860198465,0.075458013266325,False,False,16000,False,,False,0.0,cpu,patch_nearest_normal,last2,14,0.05,False,,,0.0001807605440262705,0.000183458399987945,False,True
2026-08-15 13:23:20,transistor,monitor,C:/cira_batch_test/transistor/good_12.png,good_12.png,normal,False,0.054072123020887375,0.054072123020887375,0.08374595860198465,0.08374595860198465,0.075458013266325,False,False,16000,False,,False,0.0,cpu,patch_nearest_normal,last2,14,0.05,False,,,0.0001996930513996631,0.000183458399987945,True,False
2026-08-15 13:23:22,transistor,monitor,C:/cira_batch_test/transistor/good_17.png,good_17.png,normal,False,0.05257038027048111,2.8610230629055877e-07,0.08374595860198465,0.08374595860198465,0.075458013266325,False,True,16000,True,0.00018699959036894143,True,0.0025496825110167265,cpu,patch_nearest_normal,last2,14,0.05,False,,,0.00016979278007056564,0.000183458399987945,True,True
2026-08-15 13:23:23,transistor,monitor,C:/cira_batch_test/transistor/bad_5.png,bad_5.png,anomaly,True,0.10974840074777603,0.10974840074777603,0.08374595860198465,0.08374595860198465,0.075458013266325,False,False,16000,False,,False,0.0,cpu,patch_nearest_normal,last2,14,0.05,False,,,0.00018022228323388845,0.000183458399987945,False,True
2026-08-15 13:23:25,transistor,monitor,C:/cira_batch_test/transistor/bad_6.png,bad_6.png,normal,False,0.07723788917064667,0.07723788917064667,0.08374595860198465,0.08374595860198465,0.075458013266325,False,False,16000,False,,False,0.0,cpu,patch_nearest_normal,last2,14,0.05,False,,,0.00017013763135764748,0.000183458399987945,False,True
2026-08-15 13:23:26,transistor,monitor,C:/cira_batch_test/transistor/bad_7.png,bad_7.png,anomaly,True,0.12175799906253815,0.12175799906253815,0.08374595860198465,0.08374595860198465,0.075458013266325,False,False,16000,False,,False,0.0,cpu,patch_nearest_normal,last2,14,0.05,False,,,0.0001696910912869498,0.000183458399987945,False,True
2026-08-15 13:23:28,transistor,monitor,C:/cira_batch_test/transistor/bad_9.png,bad_9.png,anomaly,True,0.12785428762435913,0.12785428762435913,0.08374595860198465,0.08374595860198465,0.075458013266325,False,False,16000,False,,False,0.0,cpu,patch_nearest_normal,last2,14,0.05,False,,,0.00017968702013604343,0.000183458399987945,False,True
2026-08-15 13:23:29,transistor,monitor,C:/cira_batch_test/transistor/bad_4.png,bad_4.png,anomaly,True,0.08950822055339813,0.08950822055339813,0.08374595860198465,0.08374595860198465,0.075458013266325,False,False,16000,False,,False,0.0,cpu,patch_nearest_normal,last2,14,0.05,False,,,0.00013228246825747192,0.000183458399987945,False,True
2026-08-15 13:23:31,transistor,monitor,C:/cira_batch_test/transistor/bad_2.png,bad_2.png,anomaly,True,0.2036951780319214,0.2036951780319214,0.08374595860198465,0.08374595860198465,0.075458013266325,False,False,16000,False,,False,0.0,cpu,patch_nearest_normal,last2,14,0.05,False,,,0.00015689339488744736,0.000183458399987945,False,True
2026-08-15 13:23:33,wood,monitor,C:/cira_batch_test/wood/good_1.png,good_1.png,normal,False,0.035984765738248825,2.443790378947597e-07,0.04761727861349719,0.04761727861349719,0.037343646213412296,False,True,16000,True,9.381893323734403e-05,True,0.0029465374536812305,cpu,patch_nearest_normal,last2,14,0.05,False,,,7.955559703987092e-05,0.00010775983100752,True,True
2026-08-15 13:23:34,wood,monitor,C:/cira_batch_test/wood/good_7.png,good_7.png,normal,False,0.02167797088623047,3.2782554626464844e-07,0.04761727861349719,0.04761727861349719,0.037343646213412296,False,True,16000,True,9.269091242458671e-05,True,0.002782696858048439,cpu,patch_nearest_normal,last2,14,0.05,False,,,8.40318389236927e-05,0.00010775983100752,True,True
2026-08-15 13:23:36,wood,monitor,C:/cira_batch_test/wood/good_9.png,good_9.png,anomaly,True,0.05509180575609207,0.05509180575609207,0.04761727861349719,0.04761727861349719,0.037343646213412296,False,False,16000,False,,False,0.0,cpu,patch_nearest_normal,last2,14,0.05,False,,,0.00011832162272185087,0.00010775983100752,False,False
2026-08-15 13:23:38,wood,monitor,C:/cira_batch_test/wood/bad_8.png,bad_8.png,anomaly,True,0.2215292900800705,0.2215292900800705,0.04761727861349719,0.04761727861349719,0.037343646213412296,False,False,16000,False,,False,0.0,cpu,patch_nearest_normal,last2,14,0.05,False,,,8.488666207995266e-05,0.00010775983100752,False,True
2026-08-15 13:23:39,wood,monitor,C:/cira_batch_test/wood/bad_1.png,bad_1.png,anomaly,True,0.34841981530189514,0.34841981530189514,0.04761727861349719,0.04761727861349719,0.037343646213412296,False,False,16000,False,,False,0.0,cpu,patch_nearest_normal,last2,14,0.05,False,,,8.709118264960125e-05,0.00010775983100752,False,True
2026-08-15 13:23:41,wood,monitor,C:/cira_batch_test/wood/bad_14.png,bad_14.png,anomaly,True,0.23982861638069153,0.23982861638069153,0.04761727861349719,0.04761727861349719,0.037343646213412296,False,False,16000,False,,False,0.0,cpu,patch_nearest_normal,last2,14,0.05,False,,,8.343874651473016e-05,0.00010775983100752,False,True
2026-08-15 13:23:42,wood,monitor,C:/cira_batch_test/wood/bad_15.png,bad_15.png,anomaly,True,0.21479558944702148,0.21479558944702148,0.04761727861349719,0.04761727861349719,0.037343646213412296,False,False,16000,False,,False,0.0,cpu,patch_nearest_normal,last2,14,0.05,False,,,0.00011209776857867837,0.00010775983100752,False,False
2026-08-15 13:23:44,wood,monitor,C:/cira_batch_test/wood/good_19.png,good_19.png,anomaly,True,0.05210203677415848,0.05210203677415848,0.04761727861349719,0.04761727861349719,0.037343646213412296,False,False,16000,False,,False,0.0,cpu,patch_nearest_normal,last2,14,0.05,False,,,9.517077705822885e-05,0.00010775983100752,False,True
2026-08-15 13:23:45,wood,monitor,C:/cira_batch_test/wood/bad_3.png,bad_3.png,anomaly,True,0.2538950443267822,0.2538950443267822,0.04761727861349719,0.04761727861349719,0.037343646213412296,False,False,16000,False,,False,0.0,cpu,patch_nearest_normal,last2,14,0.05,False,,,0.00013926654355600476,0.00010775983100752,False,False
2026-08-15 13:23:47,wood,monitor,C:/cira_batch_test/wood/good_5.png,good_5.png,normal,False,0.021017134189605713,2.980232238769531e-07,0.04761727861349719,0.04761727861349719,0.037343646213412296,False,True,16000,True,8.525302837369964e-05,True,0.002736524445936084,cpu,patch_nearest_normal,last2,14,0.05,False,,,7.693631778238341e-05,0.00010775983100752,True,True
2026-08-15 13:23:49,wood,monitor,C:/cira_batch_test/wood/good_16.png,good_16.png,normal,False,0.0368647463619709,0.0368647463619709,0.04761727861349719,0.04761727861349719,0.037343646213412296,False,False,16000,False,,False,0.0,cpu,patch_nearest_normal,last2,14,0.05,False,,,0.00011140092829009518,0.00010775983100752,True,False
2026-08-15 13:23:50,wood,monitor,C:/cira_batch_test/wood/good_14.png,good_14.png,anomaly,True,0.04863562062382698,0.04863562062382698,0.04761727861349719,0.04761727861349719,0.037343646213412296,False,False,16000,False,,False,0.0,cpu,patch_nearest_normal,last2,14,0.05,False,,,0.00011619391443673521,0.00010775983100752,False,False
2026-08-15 13:23:52,wood,monitor,C:/cira_batch_test/wood/good_2.png,good_2.png,normal,False,0.024316400289535522,2.6226044269606064e-07,0.04761727861349719,0.04761727861349719,0.037343646213412296,False,True,16000,True,8.793402230367064e-05,True,0.0027161487378180027,cpu,patch_nearest_normal,last2,14,0.05,False,,,8.688271918799728e-05,0.00010775983100752,True,True
2026-08-15 13:23:54,wood,monitor,C:/cira_batch_test/wood/bad_13.png,bad_13.png,anomaly,True,0.31542080640792847,0.31542080640792847,0.04761727861349719,0.04761727861349719,0.037343646213412296,False,False,16000,False,,False,0.0,cpu,patch_nearest_normal,last2,14,0.05,False,,,8.783682278590277e-05,0.00010775983100752,False,True
2026-08-15 13:23:55,wood,monitor,C:/cira_batch_test/wood/good_10.png,good_10.png,anomaly,True,0.08963265269994736,0.08963265269994736,0.04761727861349719,0.04761727861349719,0.037343646213412296,False,False,16000,False,,False,0.0,cpu,patch_nearest_normal,last2,14,0.05,False,,,0.00010903263319050893,0.00010775983100752,False,False
2026-08-15 13:23:57,wood,monitor,C:/cira_batch_test/wood/bad_19.png,bad_19.png,anomaly,True,0.21824412047863007,0.21824412047863007,0.04761727861349719,0.04761727861349719,0.037343646213412296,False,False,16000,False,,False,0.0,cpu,patch_nearest_normal,last2,14,0.05,False,,,9.719770605443045e-05,0.00010775983100752,False,True
2026-08-15 13:23:58,wood,monitor,C:/cira_batch_test/wood/good_4.png,good_4.png,normal,False,0.016538459807634354,3.159046286782541e-07,0.04761727861349719,0.04761727861349719,0.037343646213412296,False,True,16000,True,7.541809463873506e-05,True,0.0027017563115805387,cpu,patch_nearest_normal,last2,14,0.05,False,,,7.67377350712195e-05,0.00010775983100752,True,True
2026-08-15 13:24:00,wood,monitor,C:/cira_batch_test/wood/bad_12.png,bad_12.png,anomaly,True,0.18291299045085907,0.18291299045085907,0.04761727861349719,0.04761727861349719,0.037343646213412296,False,False,16000,False,,False,0.0,cpu,patch_nearest_normal,last2,14,0.05,False,,,0.00013331481022760272,0.00010775983100752,False,False
2026-08-15 13:24:01,wood,monitor,C:/cira_batch_test/wood/good_18.png,good_18.png,normal,False,0.039625681936740875,0.039625681936740875,0.04761727861349719,0.04761727861349719,0.037343646213412296,False,False,16000,False,,False,0.0,cpu,patch_nearest_normal,last2,14,0.05,False,,,0.00010141596430912614,0.00010775983100752,False,True
2026-08-15 13:24:03,wood,monitor,C:/cira_batch_test/wood/bad_16.png,bad_16.png,anomaly,True,0.21761901676654816,0.21761901676654816,0.04761727861349719,0.04761727861349719,0.037343646213412296,False,False,16000,False,,False,0.0,cpu,patch_nearest_normal,last2,14,0.05,False,,,7.23597186151892e-05,0.00010775983100752,False,True
2026-08-15 13:24:05,wood,monitor,C:/cira_batch_test/wood/good_6.png,good_6.png,normal,False,0.018562698736786842,3.159046286782541e-07,0.04761727861349719,0.04761727861349719,0.037343646213412296,False,True,16000,True,7.803474727552384e-05,True,0.002682489575818181,cpu,patch_nearest_normal,last2,14,0.05,False,,,8.027895091800019e-05,0.00010775983100752,True,True
2026-08-15 13:24:06,wood,monitor,C:/cira_batch_test/wood/good_13.png,good_13.png,anomaly,True,0.048189450055360794,0.048189450055360794,0.04761727861349719,0.04761727861349719,0.037343646213412296,False,False,16000,False,,False,0.0,cpu,patch_nearest_normal,last2,14,0.05,False,,,0.00011622839519986883,0.00010775983100752,False,False
2026-08-15 13:24:08,wood,monitor,C:/cira_batch_test/wood/good_15.png,good_15.png,anomaly,True,0.05182284116744995,0.05182284116744995,0.04761727861349719,0.04761727861349719,0.037343646213412296,False,False,16000,False,,False,0.0,cpu,patch_nearest_normal,last2,14,0.05,False,,,9.410943312104791e-05,0.00010775983100752,False,True
2026-08-15 13:24:10,wood,monitor,C:/cira_batch_test/wood/good_20.png,good_20.png,normal,False,0.02642165496945381,3.695487862387381e-07,0.04761727861349719,0.04761727861349719,0.037343646213412296,False,True,16000,True,0.00010259636474074796,True,0.0026302027981728315,cpu,patch_nearest_normal,last2,14,0.05,False,,,0.0001002619756036438,0.00010775983100752,True,True
2026-08-15 13:24:11,wood,monitor,C:/cira_batch_test/wood/bad_17.png,bad_17.png,anomaly,True,0.36502137780189514,0.36502137780189514,0.04761727861349719,0.04761727861349719,0.037343646213412296,False,False,16000,False,,False,0.0,cpu,patch_nearest_normal,last2,14,0.05,False,,,9.728608711156994e-05,0.00010775983100752,False,True
2026-08-15 13:24:13,wood,monitor,C:/cira_batch_test/wood/good_11.png,good_11.png,normal,False,0.0357174351811409,0.0357174351811409,0.04761727861349719,0.04761727861349719,0.037343646213412296,False,False,16000,False,,False,0.0,cpu,patch_nearest_normal,last2,14,0.05,False,,,0.00011010939488187432,0.00010775983100752,True,False
2026-08-15 13:24:14,wood,monitor,C:/cira_batch_test/wood/bad_20.png,bad_20.png,anomaly,True,0.1707068383693695,0.1707068383693695,0.04761727861349719,0.04761727861349719,0.037343646213412296,False,False,16000,False,,False,0.0,cpu,patch_nearest_normal,last2,14,0.05,False,,,9.410089114680886e-05,0.00010775983100752,False,True
2026-08-15 13:24:16,wood,monitor,C:/cira_batch_test/wood/good_8.png,good_8.png,anomaly,True,0.04859066754579544,0.04859066754579544,0.04761727861349719,0.04761727861349719,0.037343646213412296,False,False,16000,False,,False,0.0,cpu,patch_nearest_normal,last2,14,0.05,False,,,0.00013113378372509032,0.00010775983100752,False,False
2026-08-15 13:24:17,wood,monitor,C:/cira_batch_test/wood/bad_10.png,bad_10.png,anomaly,True,0.27751073241233826,0.27751073241233826,0.04761727861349719,0.04761727861349719,0.037343646213412296,False,False,16000,False,,False,0.0,cpu,patch_nearest_normal,last2,14,0.05,False,,,8.375239121960476e-05,0.00010775983100752,False,True
2026-08-15 13:24:19,wood,monitor,C:/cira_batch_test/wood/good_3.png,good_3.png,normal,False,0.021209830418229103,2.2649764730431343e-07,0.04761727861349719,0.04761727861349719,0.037343646213412296,False,True,16000,True,8.292974962387234e-05,True,0.0026283536572009325,cpu,patch_nearest_normal,last2,14,0.05,False,,,7.854135037632659e-05,0.00010775983100752,True,True
2026-08-15 13:24:21,wood,monitor,C:/cira_batch_test/wood/bad_11.png,bad_11.png,anomaly,True,0.0858779177069664,0.0858779177069664,0.04761727861349719,0.04761727861349719,0.037343646213412296,False,False,16000,False,,False,0.0,cpu,patch_nearest_normal,last2,14,0.05,False,,,6.755956565029919e-05,0.00010775983100752,False,True
2026-08-15 13:24:22,wood,monitor,C:/cira_batch_test/wood/bad_18.png,bad_18.png,anomaly,True,0.3987772762775421,0.3987772762775421,0.04761727861349719,0.04761727861349719,0.037343646213412296,False,False,16000,False,,False,0.0,cpu,patch_nearest_normal,last2,14,0.05,False,,,8.125755994115025e-05,0.00010775983100752,False,True
2026-08-15 13:24:24,wood,monitor,C:/cira_batch_test/wood/good_12.png,good_12.png,normal,False,0.03763663023710251,0.03763663023710251,0.04761727861349719,0.04761727861349719,0.037343646213412296,False,False,16000,False,,False,0.0,cpu,patch_nearest_normal,last2,14,0.05,False,,,0.00010612852202029899,0.00010775983100752,False,True
2026-08-15 13:24:25,wood,monitor,C:/cira_batch_test/wood/good_17.png,good_17.png,normal,False,0.039796132594347,0.039796132594347,0.04761727861349719,0.04761727861349719,0.037343646213412296,False,False,16000,False,,False,0.0,cpu,patch_nearest_normal,last2,14,0.05,False,,,0.00010231348278466612,0.00010775983100752,False,True
2026-08-15 13:24:27,wood,monitor,C:/cira_batch_test/wood/bad_5.png,bad_5.png,anomaly,True,0.23977363109588623,0.23977363109588623,0.04761727861349719,0.04761727861349719,0.037343646213412296,False,False,16000,False,,False,0.0,cpu,patch_nearest_normal,last2,14,0.05,False,,,9.549686365062371e-05,0.00010775983100752,False,True
2026-08-15 13:24:28,wood,monitor,C:/cira_batch_test/wood/bad_6.png,bad_6.png,anomaly,True,0.22224588692188263,0.22224588692188263,0.04761727861349719,0.04761727861349719,0.037343646213412296,False,False,16000,False,,False,0.0,cpu,patch_nearest_normal,last2,14,0.05,False,,,0.0001325380872003734,0.00010775983100752,False,False
2026-08-15 13:24:30,wood,monitor,C:/cira_batch_test/wood/bad_7.png,bad_7.png,anomaly,True,0.09827132523059845,0.09827132523059845,0.04761727861349719,0.04761727861349719,0.037343646213412296,False,False,16000,False,,False,0.0,cpu,patch_nearest_normal,last2,14,0.05,False,,,9.752317419042811e-05,0.00010775983100752,False,True
2026-08-15 13:24:31,wood,monitor,C:/cira_batch_test/wood/bad_9.png,bad_9.png,anomaly,True,0.2138446867465973,0.2138446867465973,0.04761727861349719,0.04761727861349719,0.037343646213412296,False,False,16000,False,,False,0.0,cpu,patch_nearest_normal,last2,14,0.05,False,,,7.535733311669901e-05,0.00010775983100752,False,True
2026-08-15 13:24:33,wood,monitor,C:/cira_batch_test/wood/bad_4.png,bad_4.png,anomaly,True,0.3486476540565491,0.3486476540565491,0.04761727861349719,0.04761727861349719,0.037343646213412296,False,False,16000,False,,False,0.0,cpu,patch_nearest_normal,last2,14,0.05,False,,,9.232246520696208e-05,0.00010775983100752,False,True
2026-08-15 13:24:34,wood,monitor,C:/cira_batch_test/wood/bad_2.png,bad_2.png,anomaly,True,0.2757973372936249,0.2757973372936249,0.04761727861349719,0.04761727861349719,0.037343646213412296,False,False,16000,False,,False,0.0,cpu,patch_nearest_normal,last2,14,0.05,False,,,9.923587640514597e-05,0.00010775983100752,False,True
2026-08-15 13:24:36,zipper,monitor,C:/cira_batch_test/zipper/good_1.png,good_1.png,normal,False,0.02195020392537117,2.5033949668795685e-07,0.026937197228883013,0.026937197228883013,0.026275477930903436,False,True,16000,True,0.00011770551645895466,True,0.0029780492186546326,cpu,patch_nearest_normal,last2,14,0.05,False,,,0.00011066045408369973,0.00012004206546407001,True,True
2026-08-15 13:24:38,zipper,monitor,C:/cira_batch_test/zipper/good_7.png,good_7.png,normal,False,0.021447788923978806,2.682209014892578e-07,0.026937197228883013,0.026937197228883013,0.026275477930903436,False,True,16000,True,0.00012226520630065352,True,0.0027890356723219156,cpu,patch_nearest_normal,last2,14,0.05,False,,,0.00011158153938595206,0.00012004206546407001,True,True
2026-08-15 13:24:40,zipper,monitor,C:/cira_batch_test/zipper/good_9.png,good_9.png,normal,False,0.022112196311354637,2.8610230629055877e-07,0.026937197228883013,0.026937197228883013,0.026275477930903436,False,True,16000,True,0.00011509507021401078,True,0.0027172286063432693,cpu,patch_nearest_normal,last2,14,0.05,False,,,0.00010991236922563985,0.00012004206546407001,True,True
2026-08-15 13:24:41,zipper,monitor,C:/cira_batch_test/zipper/bad_8.png,bad_8.png,anomaly,True,0.1380114108324051,0.1380114108324051,0.026937197228883013,0.026937197228883013,0.026275477930903436,False,False,16000,False,,False,0.0,cpu,patch_nearest_normal,last2,14,0.05,False,,,0.00011814069875981659,0.00012004206546407001,False,True
2026-08-15 13:24:43,zipper,monitor,C:/cira_batch_test/zipper/bad_1.png,bad_1.png,anomaly,True,0.03203370422124863,0.03203370422124863,0.026937197228883013,0.026937197228883013,0.026275477930903436,False,False,16000,False,,False,0.0,cpu,patch_nearest_normal,last2,14,0.05,False,,,0.00011773083679145202,0.00012004206546407001,False,True
2026-08-15 13:24:44,zipper,monitor,C:/cira_batch_test/zipper/bad_14.png,bad_14.png,anomaly,True,0.04736853763461113,0.04736853763461113,0.026937197228883013,0.026937197228883013,0.026275477930903436,False,False,16000,False,,False,0.0,cpu,patch_nearest_normal,last2,14,0.05,False,,,0.00011198787979083136,0.00012004206546407001,False,True
2026-08-15 13:24:46,zipper,monitor,C:/cira_batch_test/zipper/bad_15.png,bad_15.png,anomaly,True,0.0701732188463211,0.0701732188463211,0.026937197228883013,0.026937197228883013,0.026275477930903436,False,False,16000,False,,False,0.0,cpu,patch_nearest_normal,last2,14,0.05,False,,,0.00011879852536367252,0.00012004206546407001,False,True
2026-08-15 13:24:48,zipper,monitor,C:/cira_batch_test/zipper/good_19.png,good_19.png,normal,False,0.02215488627552986,2.6226044269606064e-07,0.026937197228883013,0.026937197228883013,0.026275477930903436,False,True,16000,True,0.0001227004686370492,True,0.0027045009192079306,cpu,patch_nearest_normal,last2,14,0.05,False,,,0.00010998156358255073,0.00012004206546407001,True,True
2026-08-15 13:24:49,zipper,monitor,C:/cira_batch_test/zipper/bad_3.png,bad_3.png,anomaly,True,0.028954828158020973,0.028954828158020973,0.026937197228883013,0.026937197228883013,0.026275477930903436,False,False,16000,False,,False,0.0,cpu,patch_nearest_normal,last2,14,0.05,False,,,0.00011916369112441316,0.00012004206546407001,False,True
2026-08-15 13:24:50,zipper,monitor,C:/cira_batch_test/zipper/good_5.png,good_5.png,anomaly,True,0.027163654565811157,0.027163654565811157,0.026937197228883013,0.026937197228883013,0.026275477930903436,False,False,16000,False,,False,0.0,cpu,patch_nearest_normal,last2,14,0.05,False,,,9.43756676861085e-05,0.00012004206546407001,False,True
2026-08-15 13:24:52,zipper,monitor,C:/cira_batch_test/zipper/good_16.png,good_16.png,normal,False,0.022598225623369217,0.022598225623369217,0.026937197228883013,0.026937197228883013,0.026275477930903436,False,False,16000,False,,False,0.0,cpu,patch_nearest_normal,last2,14,0.05,False,,,0.00012763243285007775,0.00012004206546407001,True,False
2026-08-15 13:24:54,zipper,monitor,C:/cira_batch_test/zipper/good_14.png,good_14.png,normal,False,0.020449811592698097,3.5762786865234375e-07,0.026937197228883013,0.026937197228883013,0.026275477930903436,False,True,16000,True,0.00011560348502825946,True,0.002678296761587262,cpu,patch_nearest_normal,last2,14,0.05,False,,,0.00010108965216204524,0.00012004206546407001,True,True
2026-08-15 13:24:55,zipper,monitor,C:/cira_batch_test/zipper/good_2.png,good_2.png,anomaly,True,0.027030086144804955,0.027030086144804955,0.026937197228883013,0.026937197228883013,0.026275477930903436,False,False,16000,False,,False,0.0,cpu,patch_nearest_normal,last2,14,0.05,False,,,0.00010194625792792067,0.00012004206546407001,False,True
2026-08-15 13:24:57,zipper,monitor,C:/cira_batch_test/zipper/bad_13.png,bad_13.png,anomaly,True,0.03975813835859299,0.03975813835859299,0.026937197228883013,0.026937197228883013,0.026275477930903436,False,False,16000,False,,False,0.0,cpu,patch_nearest_normal,last2,14,0.05,False,,,0.00012348820746410638,0.00012004206546407001,False,False
2026-08-15 13:24:58,zipper,monitor,C:/cira_batch_test/zipper/good_10.png,good_10.png,normal,False,0.021831894293427467,2.8014181907565217e-07,0.026937197228883013,0.026937197228883013,0.026275477930903436,False,True,16000,True,0.0001156436774181202,True,0.0026679071597754955,cpu,patch_nearest_normal,last2,14,0.05,False,,,0.00010983040556311607,0.00012004206546407001,True,True
2026-08-15 13:25:00,zipper,monitor,C:/cira_batch_test/zipper/bad_19.png,bad_19.png,anomaly,True,0.05428112670779228,0.05428112670779228,0.026937197228883013,0.026937197228883013,0.026275477930903436,False,False,16000,False,,False,0.0,cpu,patch_nearest_normal,last2,14,0.05,False,,,0.0001150343960034661,0.00012004206546407001,False,True
2026-08-15 13:25:01,zipper,monitor,C:/cira_batch_test/zipper/good_4.png,good_4.png,normal,False,0.026501793414354324,0.026501793414354324,0.026937197228883013,0.026937197228883013,0.026275477930903436,False,False,16000,False,,False,0.0,cpu,patch_nearest_normal,last2,14,0.05,False,,,0.00010456176823936403,0.00012004206546407001,False,True
2026-08-15 13:25:03,zipper,monitor,C:/cira_batch_test/zipper/bad_12.png,bad_12.png,normal,False,0.023224061354994774,2.980232238769531e-07,0.026937197228883013,0.026937197228883013,0.026275477930903436,False,True,16000,True,0.00010904014197876677,True,0.002647489309310913,cpu,patch_nearest_normal,last2,14,0.05,False,,,9.023687016451731e-05,0.00012004206546407001,True,True
2026-08-15 13:25:05,zipper,monitor,C:/cira_batch_test/zipper/good_18.png,good_18.png,normal,False,0.01899084448814392,3.397464638510428e-07,0.026937197228883013,0.026937197228883013,0.026275477930903436,False,True,16000,True,0.00012397313548717648,True,0.0026597899850457907,cpu,patch_nearest_normal,last2,14,0.05,False,,,0.0001168061135103926,0.00012004206546407001,True,True
2026-08-15 13:25:06,zipper,monitor,C:/cira_batch_test/zipper/bad_16.png,bad_16.png,anomaly,True,0.04756797477602959,0.04756797477602959,0.026937197228883013,0.026937197228883013,0.026275477930903436,False,False,16000,False,,False,0.0,cpu,patch_nearest_normal,last2,14,0.05,False,,,0.00011995510431006551,0.00012004206546407001,False,True
2026-08-15 13:25:08,zipper,monitor,C:/cira_batch_test/zipper/good_6.png,good_6.png,normal,False,0.020572323352098465,3.516674098591466e-07,0.026937197228883013,0.026937197228883013,0.026275477930903436,False,True,16000,True,0.00012508616782724857,True,0.0026637448463588953,cpu,patch_nearest_normal,last2,14,0.05,False,,,0.00011160830763401464,0.00012004206546407001,True,True
2026-08-15 13:25:10,zipper,monitor,C:/cira_batch_test/zipper/good_13.png,good_13.png,normal,False,0.02319396659731865,3.5762786865234375e-07,0.026937197228883013,0.026937197228883013,0.026275477930903436,False,True,16000,True,0.00011015804193448275,True,0.002649452770128846,cpu,patch_nearest_normal,last2,14,0.05,True,C:\cira_ttl_checkpoints\zipper\patch_memory_bank_update_10.pt,C:\cira_ttl_checkpoints\zipper\patch_adapter_update_10.pt,9.985777433030307e-05,0.00012004206546407001,True,True
2026-08-15 13:25:12,zipper,monitor,C:/cira_batch_test/zipper/good_15.png,good_15.png,normal,False,0.01969764195382595,2.980232238769531e-07,0.026937197228883013,0.026937197228883013,0.026275477930903436,False,True,16000,True,0.00011993098451057449,True,0.002651351038366556,cpu,patch_nearest_normal,last2,14,0.05,False,,,0.00011289401300018653,0.00012004206546407001,True,True
2026-08-15 13:25:13,zipper,monitor,C:/cira_batch_test/zipper/good_20.png,good_20.png,normal,False,0.020025979727506638,3.159046286782541e-07,0.026937197228883013,0.026937197228883013,0.026275477930903436,False,True,16000,True,0.00012029676872771233,True,0.0026469887234270573,cpu,patch_nearest_normal,last2,14,0.05,False,,,0.00011580374848563224,0.00012004206546407001,True,True
2026-08-15 13:25:15,zipper,monitor,C:/cira_batch_test/zipper/bad_17.png,bad_17.png,anomaly,True,0.0540955476462841,0.0540955476462841,0.026937197228883013,0.026937197228883013,0.026275477930903436,False,False,16000,False,,False,0.0,cpu,patch_nearest_normal,last2,14,0.05,False,,,0.00010076324542751536,0.00012004206546407001,False,True
2026-08-15 13:25:16,zipper,monitor,C:/cira_batch_test/zipper/good_11.png,good_11.png,normal,False,0.01762189343571663,2.74181360282455e-07,0.026937197228883013,0.026937197228883013,0.026275477930903436,False,True,16000,True,0.00010701587598305196,True,0.002639382379129529,cpu,patch_nearest_normal,last2,14,0.05,False,,,0.00010055423626909032,0.00012004206546407001,True,True
2026-08-15 13:25:18,zipper,monitor,C:/cira_batch_test/zipper/bad_20.png,bad_20.png,anomaly,True,0.043065331876277924,0.043065331876277924,0.026937197228883013,0.026937197228883013,0.026275477930903436,False,False,16000,False,,False,0.0,cpu,patch_nearest_normal,last2,14,0.05,False,,,0.00010572237079031765,0.00012004206546407001,False,True
2026-08-15 13:25:19,zipper,monitor,C:/cira_batch_test/zipper/good_8.png,good_8.png,normal,False,0.026689374819397926,0.026689374819397926,0.026937197228883013,0.026937197228883013,0.026275477930903436,False,False,16000,False,,False,0.0,cpu,patch_nearest_normal,last2,14,0.05,False,,,0.0001115848936024122,0.00012004206546407001,False,True
2026-08-15 13:25:21,zipper,monitor,C:/cira_batch_test/zipper/bad_10.png,bad_10.png,normal,False,0.024778593331575394,3.099441414633475e-07,0.026937197228883013,0.026937197228883013,0.026275477930903436,False,True,16000,True,0.00012303760740906,True,0.002629608614370227,cpu,patch_nearest_normal,last2,14,0.05,False,,,0.0001103280228562653,0.00012004206546407001,True,True
2026-08-15 13:25:23,zipper,monitor,C:/cira_batch_test/zipper/good_3.png,good_3.png,normal,False,0.02181771956384182,3.2186508747145126e-07,0.026937197228883013,0.026937197228883013,0.026275477930903436,False,True,16000,True,0.00010412472329335287,True,0.002616009907796979,cpu,patch_nearest_normal,last2,14,0.05,False,,,0.00010401576582808048,0.00012004206546407001,True,True
2026-08-15 13:25:24,zipper,monitor,C:/cira_batch_test/zipper/bad_11.png,bad_11.png,anomaly,True,0.033959172666072845,0.033959172666072845,0.026937197228883013,0.026937197228883013,0.026275477930903436,False,False,16000,False,,False,0.0,cpu,patch_nearest_normal,last2,14,0.05,False,,,9.985318320104852e-05,0.00012004206546407001,False,True
2026-08-15 13:25:26,zipper,monitor,C:/cira_batch_test/zipper/bad_18.png,bad_18.png,anomaly,True,0.06176252290606499,0.06176252290606499,0.026937197228883013,0.026937197228883013,0.026275477930903436,False,False,16000,False,,False,0.0,cpu,patch_nearest_normal,last2,14,0.05,False,,,0.0001065169126377441,0.00012004206546407001,False,True
2026-08-15 13:25:28,zipper,monitor,C:/cira_batch_test/zipper/good_12.png,good_12.png,normal,False,0.020643478259444237,3.039836826701503e-07,0.026937197228883013,0.026937197228883013,0.026275477930903436,False,True,16000,True,0.00011164049647049978,True,0.002621159190312028,cpu,patch_nearest_normal,last2,14,0.05,False,,,0.00010565474804025143,0.00012004206546407001,True,True
2026-08-15 13:25:29,zipper,monitor,C:/cira_batch_test/zipper/good_17.png,good_17.png,normal,False,0.02217920497059822,3.457069510659494e-07,0.026937197228883013,0.026937197228883013,0.026275477930903436,False,True,16000,True,0.00012713918113149703,True,0.002628711052238941,cpu,patch_nearest_normal,last2,14,0.05,False,,,0.00011397115304134786,0.00012004206546407001,True,True
2026-08-15 13:25:31,zipper,monitor,C:/cira_batch_test/zipper/bad_5.png,bad_5.png,anomaly,True,0.04340995103120804,0.04340995103120804,0.026937197228883013,0.026937197228883013,0.026275477930903436,False,False,16000,False,,False,0.0,cpu,patch_nearest_normal,last2,14,0.05,False,,,0.00012100636376999319,0.00012004206546407001,False,False
2026-08-15 13:25:32,zipper,monitor,C:/cira_batch_test/zipper/bad_6.png,bad_6.png,anomaly,True,0.07930561900138855,0.07930561900138855,0.026937197228883013,0.026937197228883013,0.026275477930903436,False,False,16000,False,,False,0.0,cpu,patch_nearest_normal,last2,14,0.05,False,,,0.00010514550376683474,0.00012004206546407001,False,True
2026-08-15 13:25:34,zipper,monitor,C:/cira_batch_test/zipper/bad_7.png,bad_7.png,anomaly,True,0.08869753032922745,0.08869753032922745,0.026937197228883013,0.026937197228883013,0.026275477930903436,False,False,16000,False,,False,0.0,cpu,patch_nearest_normal,last2,14,0.05,False,,,0.0001192972922581248,0.00012004206546407001,False,True
2026-08-15 13:25:35,zipper,monitor,C:/cira_batch_test/zipper/bad_9.png,bad_9.png,anomaly,True,0.13539722561836243,0.13539722561836243,0.026937197228883013,0.026937197228883013,0.026275477930903436,False,False,16000,False,,False,0.0,cpu,patch_nearest_normal,last2,14,0.05,False,,,0.00010790566739160568,0.00012004206546407001,False,True
2026-08-15 13:25:37,zipper,monitor,C:/cira_batch_test/zipper/bad_4.png,bad_4.png,anomaly,True,0.09746559709310532,0.09746559709310532,0.026937197228883013,0.026937197228883013,0.026275477930903436,False,False,16000,False,,False,0.0,cpu,patch_nearest_normal,last2,14,0.05,False,,,0.00011087705206591636,0.00012004206546407001,False,True
2026-08-15 13:25:38,zipper,monitor,C:/cira_batch_test/zipper/bad_2.png,bad_2.png,anomaly,True,0.04795226454734802,0.04795226454734802,0.026937197228883013,0.026937197228883013,0.026275477930903436,False,False,16000,False,,False,0.0,cpu,patch_nearest_normal,last2,14,0.05,False,,,0.0001149125091615133,0.00012004206546407001,False,True
