timestamp,category,mode,image_path,file_name,label,is_anomaly,score_before,anomaly_score,threshold,anomaly_threshold,update_threshold,threshold_reloaded,updated_memory,memory_size,update_allowed,update_loss,adapter_updated,adapter_delta_norm,device,score_method,feature_choice,patch_grid,patch_top_fraction,checkpoint_saved,checkpoint_memory_path,checkpoint_adapter_path,consistency_error,consistency_threshold,score_gate_pass,consistency_gate_pass
2026-08-15 07:53:04,bottle,monitor,C:/cira_batch_test/bottle/good_1.png,good_1.png,normal,False,0.0006073653930798173,2.8610230629055877e-07,0.02815022391963134,0.02815022391963134,0.02531116753816605,False,True,16000,True,0.00011035816714866087,True,0.002531383652240038,cpu,patch_nearest_normal,last2,14,0.05,False,,,0.00010459944314789027,0.00011476924591981,True,True
2026-08-15 07:53:05,bottle,monitor,C:/cira_batch_test/bottle/bad_16.png,bad_16.png,anomaly,True,0.30335333943367004,0.30335333943367004,0.02815022391963134,0.02815022391963134,0.02531116753816605,False,False,16000,False,,False,0.0,cpu,patch_nearest_normal,last2,14,0.05,False,,,0.0001058026755345054,0.00011476924591981,False,True
2026-08-15 07:53:07,bottle,monitor,C:/cira_batch_test/bottle/bad_20.png,bad_20.png,anomaly,True,0.20861129462718964,0.20861129462718964,0.02815022391963134,0.02815022391963134,0.02531116753816605,False,False,16000,False,,False,0.0,cpu,patch_nearest_normal,last2,14,0.05,False,,,0.00011006661225110292,0.00011476924591981,False,True
2026-08-15 07:53:08,bottle,monitor,C:/cira_batch_test/bottle/bad_12.png,bad_12.png,anomaly,True,0.2282138615846634,0.2282138615846634,0.02815022391963134,0.02815022391963134,0.02531116753816605,False,False,16000,False,,False,0.0,cpu,patch_nearest_normal,last2,14,0.05,False,,,0.00011368194100214168,0.00011476924591981,False,True
2026-08-15 07:53:10,bottle,monitor,C:/cira_batch_test/bottle/good_17.png,good_17.png,normal,False,1.9192696072423132e-06,2.5033949668795685e-07,0.02815022391963134,0.02815022391963134,0.02531116753816605,False,True,16000,True,0.00010987464338541031,True,0.0025451367255300283,cpu,patch_nearest_normal,last2,14,0.05,False,,,0.00010108447895618156,0.00011476924591981,True,True
2026-08-15 07:53:12,bottle,monitor,C:/cira_batch_test/bottle/bad_9.png,bad_9.png,anomaly,True,0.3152146637439728,0.3152146637439728,0.02815022391963134,0.02815022391963134,0.02531116753816605,False,False,16000,False,,False,0.0,cpu,patch_nearest_normal,last2,14,0.05,False,,,0.00014158891281113029,0.00011476924591981,False,False
2026-08-15 07:53:13,bottle,monitor,C:/cira_batch_test/bottle/bad_18.png,bad_18.png,anomaly,True,0.1793343722820282,0.1793343722820282,0.02815022391963134,0.02815022391963134,0.02531116753816605,False,False,16000,False,,False,0.0,cpu,patch_nearest_normal,last2,14,0.05,False,,,0.00013147378922440112,0.00011476924591981,False,False
2026-08-15 07:53:15,bottle,monitor,C:/cira_batch_test/bottle/bad_13.png,bad_13.png,anomaly,True,0.25518906116485596,0.25518906116485596,0.02815022391963134,0.02815022391963134,0.02531116753816605,False,False,16000,False,,False,0.0,cpu,patch_nearest_normal,last2,14,0.05,False,,,0.00011249404633417726,0.00011476924591981,False,True
2026-08-15 07:53:16,bottle,monitor,C:/cira_batch_test/bottle/bad_2.png,bad_2.png,anomaly,True,0.0838146060705185,0.0838146060705185,0.02815022391963134,0.02815022391963134,0.02531116753816605,False,False,16000,False,,False,0.0,cpu,patch_nearest_normal,last2,14,0.05,False,,,0.00010762787860585377,0.00011476924591981,False,True
2026-08-15 07:53:18,bottle,monitor,C:/cira_batch_test/bottle/good_6.png,good_6.png,normal,False,0.00018469690985511988,3.039836826701503e-07,0.02815022391963134,0.02815022391963134,0.02531116753816605,False,True,16000,True,0.000107114392449148,True,0.002549937693402171,cpu,patch_nearest_normal,last2,14,0.05,False,,,9.804520959733054e-05,0.00011476924591981,True,True
2026-08-15 07:53:20,bottle,monitor,C:/cira_batch_test/bottle/good_10.png,good_10.png,normal,False,0.0003621458890847862,3.039836826701503e-07,0.02815022391963134,0.02815022391963134,0.02531116753816605,False,True,16000,True,0.00011191675730515271,True,0.002552072051912546,cpu,patch_nearest_normal,last2,14,0.05,False,,,0.0001047518162522465,0.00011476924591981,True,True
2026-08-15 07:53:21,bottle,monitor,C:/cira_batch_test/bottle/good_7.png,good_7.png,anomaly,True,0.03914088010787964,0.03914088010787964,0.02815022391963134,0.02815022391963134,0.02531116753816605,False,False,16000,False,,False,0.0,cpu,patch_nearest_normal,last2,14,0.05,False,,,0.00011340400669723749,0.00011476924591981,False,True
2026-08-15 07:53:23,bottle,monitor,C:/cira_batch_test/bottle/bad_8.png,bad_8.png,anomaly,True,0.28484979271888733,0.28484979271888733,0.02815022391963134,0.02815022391963134,0.02531116753816605,False,False,16000,False,,False,0.0,cpu,patch_nearest_normal,last2,14,0.05,False,,,0.00013558666978497058,0.00011476924591981,False,False
2026-08-15 07:53:24,bottle,monitor,C:/cira_batch_test/bottle/bad_10.png,bad_10.png,anomaly,True,0.1784406453371048,0.1784406453371048,0.02815022391963134,0.02815022391963134,0.02531116753816605,False,False,16000,False,,False,0.0,cpu,patch_nearest_normal,last2,14,0.05,False,,,0.00012709441944025457,0.00011476924591981,False,False
2026-08-15 07:53:26,bottle,monitor,C:/cira_batch_test/bottle/good_4.png,good_4.png,normal,False,0.0003615200403146446,2.682209014892578e-07,0.02815022391963134,0.02815022391963134,0.02531116753816605,False,True,16000,True,0.00010968122660415247,True,0.0025621855165809393,cpu,patch_nearest_normal,last2,14,0.05,False,,,0.00010460288467584178,0.00011476924591981,True,True
2026-08-15 07:53:27,bottle,monitor,C:/cira_batch_test/bottle/bad_5.png,bad_5.png,anomaly,True,0.3006673753261566,0.3006673753261566,0.02815022391963134,0.02815022391963134,0.02531116753816605,False,False,16000,False,,False,0.0,cpu,patch_nearest_normal,last2,14,0.05,False,,,0.0001375054125674069,0.00011476924591981,False,False
2026-08-15 07:53:29,bottle,monitor,C:/cira_batch_test/bottle/good_20.png,good_20.png,normal,False,0.00018342137627769262,2.980232238769531e-07,0.02815022391963134,0.02815022391963134,0.02531116753816605,False,True,16000,True,0.00011426540731918067,True,0.002577567007392645,cpu,patch_nearest_normal,last2,14,0.05,False,,,0.00010355509584769607,0.00011476924591981,True,True
2026-08-15 07:53:31,bottle,monitor,C:/cira_batch_test/bottle/good_18.png,good_18.png,normal,False,0.0004149615706410259,2.384185791015625e-07,0.02815022391963134,0.02815022391963134,0.02531116753816605,False,True,16000,True,0.00011080184049205855,True,0.002589914482086897,cpu,patch_nearest_normal,last2,14,0.05,True,C:\cira_ttl_checkpoints\bottle\patch_memory_bank_update_60.pt,C:\cira_ttl_checkpoints\bottle\patch_adapter_update_60.pt,0.000102798301668372,0.00011476924591981,True,True
2026-08-15 07:53:33,bottle,monitor,C:/cira_batch_test/bottle/good_11.png,good_11.png,normal,False,0.00022248030290938914,2.5033949668795685e-07,0.02815022391963134,0.02815022391963134,0.02531116753816605,False,True,16000,True,0.00011075942893512547,True,0.0025931820273399353,cpu,patch_nearest_normal,last2,14,0.05,False,,,0.00010274263331666589,0.00011476924591981,True,True
2026-08-15 07:53:34,bottle,monitor,C:/cira_batch_test/bottle/good_9.png,good_9.png,normal,False,0.001166874193586409,2.5629998390286346e-07,0.02815022391963134,0.02815022391963134,0.02531116753816605,False,True,16000,True,0.00010825459321495146,True,0.0025905980728566647,cpu,patch_nearest_normal,last2,14,0.05,False,,,9.803513967199251e-05,0.00011476924591981,True,True
2026-08-15 07:53:36,bottle,monitor,C:/cira_batch_test/bottle/good_16.png,good_16.png,normal,False,0.0009817599784582853,2.5629998390286346e-07,0.02815022391963134,0.02815022391963134,0.02531116753816605,False,True,16000,True,0.00011109261686215177,True,0.002593233482912183,cpu,patch_nearest_normal,last2,14,0.05,False,,,9.930646774591878e-05,0.00011476924591981,True,True
2026-08-15 07:53:38,bottle,monitor,C:/cira_batch_test/bottle/bad_7.png,bad_7.png,anomaly,True,0.33376145362854004,0.33376145362854004,0.02815022391963134,0.02815022391963134,0.02531116753816605,False,False,16000,False,,False,0.0,cpu,patch_nearest_normal,last2,14,0.05,False,,,0.00010792619286803529,0.00011476924591981,False,True
2026-08-15 07:53:39,bottle,monitor,C:/cira_batch_test/bottle/good_13.png,good_13.png,normal,False,0.0005358696216717362,2.9206276508375595e-07,0.02815022391963134,0.02815022391963134,0.02531116753816605,False,True,16000,True,0.00011339407501509413,True,0.002590254647657275,cpu,patch_nearest_normal,last2,14,0.05,False,,,9.978531306842342e-05,0.00011476924591981,True,True
2026-08-15 07:53:41,bottle,monitor,C:/cira_batch_test/bottle/good_5.png,good_5.png,normal,False,0.0012570202816277742,2.9206276508375595e-07,0.02815022391963134,0.02815022391963134,0.02531116753816605,False,True,16000,True,0.00011150188220199198,True,0.0025890448596328497,cpu,patch_nearest_normal,last2,14,0.05,False,,,0.0001028425685944967,0.00011476924591981,True,True
2026-08-15 07:53:43,bottle,monitor,C:/cira_batch_test/bottle/good_2.png,good_2.png,normal,False,0.0010703920852392912,2.6226044269606064e-07,0.02815022391963134,0.02815022391963134,0.02531116753816605,False,True,16000,True,0.00011297353194095194,True,0.002585944253951311,cpu,patch_nearest_normal,last2,14,0.05,False,,,0.00010458649194333702,0.00011476924591981,True,True
2026-08-15 07:53:44,bottle,monitor,C:/cira_batch_test/bottle/bad_6.png,bad_6.png,anomaly,True,0.2272203266620636,0.2272203266620636,0.02815022391963134,0.02815022391963134,0.02531116753816605,False,False,16000,False,,False,0.0,cpu,patch_nearest_normal,last2,14,0.05,False,,,0.00010920911154244095,0.00011476924591981,False,True
2026-08-15 07:53:46,bottle,monitor,C:/cira_batch_test/bottle/bad_14.png,bad_14.png,anomaly,True,0.1718226969242096,0.1718226969242096,0.02815022391963134,0.02815022391963134,0.02531116753816605,False,False,16000,False,,False,0.0,cpu,patch_nearest_normal,last2,14,0.05,False,,,0.00010941976506728679,0.00011476924591981,False,True
2026-08-15 07:53:47,bottle,monitor,C:/cira_batch_test/bottle/good_3.png,good_3.png,normal,False,0.0004185855505056679,2.9206276508375595e-07,0.02815022391963134,0.02815022391963134,0.02531116753816605,False,True,16000,True,0.0001016294991131872,True,0.002582303946837783,cpu,patch_nearest_normal,last2,14,0.05,False,,,9.624631638871506e-05,0.00011476924591981,True,True
2026-08-15 07:53:49,bottle,monitor,C:/cira_batch_test/bottle/bad_4.png,bad_4.png,anomaly,True,0.2012619972229004,0.2012619972229004,0.02815022391963134,0.02815022391963134,0.02531116753816605,False,False,16000,False,,False,0.0,cpu,patch_nearest_normal,last2,14,0.05,False,,,0.00010589957673801109,0.00011476924591981,False,True
2026-08-15 07:53:50,bottle,monitor,C:/cira_batch_test/bottle/bad_15.png,bad_15.png,anomaly,True,0.41163283586502075,0.41163283586502075,0.02815022391963134,0.02815022391963134,0.02531116753816605,False,False,16000,False,,False,0.0,cpu,patch_nearest_normal,last2,14,0.05,False,,,0.00012650713324546814,0.00011476924591981,False,False
2026-08-15 07:53:52,bottle,monitor,C:/cira_batch_test/bottle/good_8.png,good_8.png,normal,False,0.0005368888378143311,2.682209014892578e-07,0.02815022391963134,0.02815022391963134,0.02531116753816605,False,True,16000,True,0.00010735247633419931,True,0.0025829332880675793,cpu,patch_nearest_normal,last2,14,0.05,False,,,9.913168469211087e-05,0.00011476924591981,True,True
2026-08-15 07:53:54,bottle,monitor,C:/cira_batch_test/bottle/bad_3.png,bad_3.png,anomaly,True,0.19787020981311798,0.19787020981311798,0.02815022391963134,0.02815022391963134,0.02531116753816605,False,False,16000,False,,False,0.0,cpu,patch_nearest_normal,last2,14,0.05,False,,,9.987966768676415e-05,0.00011476924591981,False,True
2026-08-15 07:53:55,bottle,monitor,C:/cira_batch_test/bottle/bad_11.png,bad_11.png,anomaly,True,0.0532739982008934,0.0532739982008934,0.02815022391963134,0.02815022391963134,0.02531116753816605,False,False,16000,False,,False,0.0,cpu,patch_nearest_normal,last2,14,0.05,False,,,9.858832345344126e-05,0.00011476924591981,False,True
2026-08-15 07:53:57,bottle,monitor,C:/cira_batch_test/bottle/good_19.png,good_19.png,normal,False,0.0017863393295556307,2.74181360282455e-07,0.02815022391963134,0.02815022391963134,0.02531116753816605,False,True,16000,True,0.00010819135786732659,True,0.0025778883136808872,cpu,patch_nearest_normal,last2,14,0.05,False,,,0.00010388140799477696,0.00011476924591981,True,True
2026-08-15 07:53:59,bottle,monitor,C:/cira_batch_test/bottle/good_12.png,good_12.png,normal,False,0.0005382538074627519,2.3245812030836532e-07,0.02815022391963134,0.02815022391963134,0.02531116753816605,False,True,16000,True,0.00010706800821935758,True,0.002576987724751234,cpu,patch_nearest_normal,last2,14,0.05,True,C:\cira_ttl_checkpoints\bottle\patch_memory_bank_update_70.pt,C:\cira_ttl_checkpoints\bottle\patch_adapter_update_70.pt,9.224384848494083e-05,0.00011476924591981,True,True
2026-08-15 07:54:00,bottle,monitor,C:/cira_batch_test/bottle/good_15.png,good_15.png,normal,False,0.0009821414714679122,2.8610230629055877e-07,0.02815022391963134,0.02815022391963134,0.02531116753816605,False,True,16000,True,0.00010778914293041453,True,0.002581317676231265,cpu,patch_nearest_normal,last2,14,0.05,False,,,9.844314627116546e-05,0.00011476924591981,True,True
2026-08-15 07:54:02,bottle,monitor,C:/cira_batch_test/bottle/bad_17.png,bad_17.png,anomaly,True,0.19894686341285706,0.19894686341285706,0.02815022391963134,0.02815022391963134,0.02531116753816605,False,False,16000,False,,False,0.0,cpu,patch_nearest_normal,last2,14,0.05,False,,,0.0001139896412496455,0.00011476924591981,False,True
2026-08-15 07:54:03,bottle,monitor,C:/cira_batch_test/bottle/bad_19.png,bad_19.png,anomaly,True,0.20572689175605774,0.20572689175605774,0.02815022391963134,0.02815022391963134,0.02531116753816605,False,False,16000,False,,False,0.0,cpu,patch_nearest_normal,last2,14,0.05,False,,,0.00010627223673509434,0.00011476924591981,False,True
2026-08-15 07:54:05,bottle,monitor,C:/cira_batch_test/bottle/bad_1.png,bad_1.png,anomaly,True,0.062439143657684326,0.062439143657684326,0.02815022391963134,0.02815022391963134,0.02531116753816605,False,False,16000,False,,False,0.0,cpu,patch_nearest_normal,last2,14,0.05,False,,,0.00010725647734943777,0.00011476924591981,False,True
2026-08-15 07:54:07,bottle,monitor,C:/cira_batch_test/bottle/good_14.png,good_14.png,normal,False,0.0017881870735436678,3.039836826701503e-07,0.02815022391963134,0.02815022391963134,0.02531116753816605,False,True,16000,True,0.0001046398829203099,True,0.0025745572056621313,cpu,patch_nearest_normal,last2,14,0.05,False,,,9.81469129328616e-05,0.00011476924591981,True,True
2026-08-15 07:54:08,cable,monitor,C:/cira_batch_test/cable/good_1.png,good_1.png,normal,False,1.564025842526462e-05,2.980232238769531e-07,0.09852251798848576,0.09852251798848576,0.08661089912056923,False,True,16000,True,0.0001710679498501122,True,0.0024534815456718206,cpu,patch_nearest_normal,last2,14,0.05,False,,,0.00015379037358798087,0.00019554235113892002,True,True
2026-08-15 07:54:10,cable,monitor,C:/cira_batch_test/cable/bad_16.png,bad_16.png,anomaly,True,0.2688992917537689,0.2688992917537689,0.09852251798848576,0.09852251798848576,0.08661089912056923,False,False,16000,False,,False,0.0,cpu,patch_nearest_normal,last2,14,0.05,False,,,0.0001748946961015463,0.00019554235113892002,False,True
2026-08-15 07:54:11,cable,monitor,C:/cira_batch_test/cable/bad_20.png,bad_20.png,anomaly,True,0.1979537457227707,0.1979537457227707,0.09852251798848576,0.09852251798848576,0.08661089912056923,False,False,16000,False,,False,0.0,cpu,patch_nearest_normal,last2,14,0.05,False,,,0.00018203402578365058,0.00019554235113892002,False,True
2026-08-15 07:54:13,cable,monitor,C:/cira_batch_test/cable/bad_12.png,bad_12.png,anomaly,True,0.10242197662591934,0.10242197662591934,0.09852251798848576,0.09852251798848576,0.08661089912056923,False,False,16000,False,,False,0.0,cpu,patch_nearest_normal,last2,14,0.05,False,,,0.00014921114780008793,0.00019554235113892002,False,True
2026-08-15 07:54:15,cable,monitor,C:/cira_batch_test/cable/good_17.png,good_17.png,normal,False,0.00020915866480208933,3.2186508747145126e-07,0.09852251798848576,0.09852251798848576,0.08661089912056923,False,True,16000,True,0.00016928963304962963,True,0.002451283624395728,cpu,patch_nearest_normal,last2,14,0.05,False,,,0.00016309031343553215,0.00019554235113892002,True,True
2026-08-15 07:54:16,cable,monitor,C:/cira_batch_test/cable/bad_9.png,bad_9.png,anomaly,True,0.15642188489437103,0.15642188489437103,0.09852251798848576,0.09852251798848576,0.08661089912056923,False,False,16000,False,,False,0.0,cpu,patch_nearest_normal,last2,14,0.05,False,,,0.00017493340419605374,0.00019554235113892002,False,True
2026-08-15 07:54:18,cable,monitor,C:/cira_batch_test/cable/bad_18.png,bad_18.png,anomaly,True,0.2435624599456787,0.2435624599456787,0.09852251798848576,0.09852251798848576,0.08661089912056923,False,False,16000,False,,False,0.0,cpu,patch_nearest_normal,last2,14,0.05,False,,,0.0001559676748001948,0.00019554235113892002,False,True
2026-08-15 07:54:19,cable,monitor,C:/cira_batch_test/cable/bad_13.png,bad_13.png,anomaly,True,0.11159124225378036,0.11159124225378036,0.09852251798848576,0.09852251798848576,0.08661089912056923,False,False,16000,False,,False,0.0,cpu,patch_nearest_normal,last2,14,0.05,False,,,0.0001672556099947542,0.00019554235113892002,False,True
2026-08-15 07:54:21,cable,monitor,C:/cira_batch_test/cable/bad_2.png,bad_2.png,anomaly,True,0.2931862473487854,0.2931862473487854,0.09852251798848576,0.09852251798848576,0.08661089912056923,False,False,16000,False,,False,0.0,cpu,patch_nearest_normal,last2,14,0.05,False,,,0.00018670348799787462,0.00019554235113892002,False,True
2026-08-15 07:54:23,cable,monitor,C:/cira_batch_test/cable/good_6.png,good_6.png,anomaly,True,0.10485883057117462,0.10485883057117462,0.09852251798848576,0.09852251798848576,0.08661089912056923,False,False,16000,False,,False,0.0,cpu,patch_nearest_normal,last2,14,0.05,False,,,0.00015408873150590807,0.00019554235113892002,False,True
2026-08-15 07:54:24,cable,monitor,C:/cira_batch_test/cable/good_10.png,good_10.png,normal,False,0.0005582451703958213,2.74181360282455e-07,0.09852251798848576,0.09852251798848576,0.08661089912056923,False,True,16000,True,0.00016197882359847426,True,0.002415987430140376,cpu,patch_nearest_normal,last2,14,0.05,True,C:\cira_ttl_checkpoints\cable\patch_memory_bank_update_20.pt,C:\cira_ttl_checkpoints\cable\patch_adapter_update_20.pt,0.00017008341092150658,0.00019554235113892002,True,True
2026-08-15 07:54:26,cable,monitor,C:/cira_batch_test/cable/good_7.png,good_7.png,normal,False,4.280805660528131e-05,3.039836826701503e-07,0.09852251798848576,0.09852251798848576,0.08661089912056923,False,True,16000,True,0.0001729625219013542,True,0.002432676963508129,cpu,patch_nearest_normal,last2,14,0.05,False,,,0.00016456158482469618,0.00019554235113892002,True,True
2026-08-15 07:54:28,cable,monitor,C:/cira_batch_test/cable/bad_8.png,bad_8.png,anomaly,True,0.1256372332572937,0.1256372332572937,0.09852251798848576,0.09852251798848576,0.08661089912056923,False,False,16000,False,,False,0.0,cpu,patch_nearest_normal,last2,14,0.05,False,,,0.00017350456619169563,0.00019554235113892002,False,True
2026-08-15 07:54:29,cable,monitor,C:/cira_batch_test/cable/bad_10.png,bad_10.png,anomaly,True,0.10521974414587021,0.10521974414587021,0.09852251798848576,0.09852251798848576,0.08661089912056923,False,False,16000,False,,False,0.0,cpu,patch_nearest_normal,last2,14,0.05,False,,,0.00017700964235700667,0.00019554235113892002,False,True
2026-08-15 07:54:31,cable,monitor,C:/cira_batch_test/cable/good_4.png,good_4.png,normal,False,0.00017021298117469996,2.5629998390286346e-07,0.09852251798848576,0.09852251798848576,0.08661089912056923,False,True,16000,True,0.00018310456653125584,True,0.0024386956356465816,cpu,patch_nearest_normal,last2,14,0.05,False,,,0.00018173802527599037,0.00019554235113892002,True,True
2026-08-15 07:54:33,cable,monitor,C:/cira_batch_test/cable/bad_5.png,bad_5.png,anomaly,True,0.1355372965335846,0.1355372965335846,0.09852251798848576,0.09852251798848576,0.08661089912056923,False,False,16000,False,,False,0.0,cpu,patch_nearest_normal,last2,14,0.05,False,,,0.0001682401489233598,0.00019554235113892002,False,True
2026-08-15 07:54:34,cable,monitor,C:/cira_batch_test/cable/good_20.png,good_20.png,normal,False,0.08804149925708771,0.08804149925708771,0.09852251798848576,0.09852251798848576,0.08661089912056923,False,False,16000,False,,False,0.0,cpu,patch_nearest_normal,last2,14,0.05,False,,,0.00017902281251735985,0.00019554235113892002,False,True
2026-08-15 07:54:36,cable,monitor,C:/cira_batch_test/cable/good_18.png,good_18.png,normal,False,0.00033333897590637207,2.9206276508375595e-07,0.09852251798848576,0.09852251798848576,0.08661089912056923,False,True,16000,True,0.0001752035168465227,True,0.002444762736558914,cpu,patch_nearest_normal,last2,14,0.05,False,,,0.0001597743248566985,0.00019554235113892002,True,True
2026-08-15 07:54:38,cable,monitor,C:/cira_batch_test/cable/good_11.png,good_11.png,normal,False,0.000749182712752372,2.980232238769531e-07,0.09852251798848576,0.09852251798848576,0.08661089912056923,False,True,16000,True,0.0001753752731019631,True,0.0024279793724417686,cpu,patch_nearest_normal,last2,14,0.05,False,,,0.00018045477918349206,0.00019554235113892002,True,True
2026-08-15 07:54:39,cable,monitor,C:/cira_batch_test/cable/good_9.png,good_9.png,normal,False,0.00010817051224876195,2.8610230629055877e-07,0.09852251798848576,0.09852251798848576,0.08661089912056923,False,True,16000,True,0.0001781512692105025,True,0.0024333586916327477,cpu,patch_nearest_normal,last2,14,0.05,False,,,0.0001724327157717198,0.00019554235113892002,True,True
2026-08-15 07:54:41,cable,monitor,C:/cira_batch_test/cable/good_16.png,good_16.png,normal,False,0.0006122291088104248,2.74181360282455e-07,0.09852251798848576,0.09852251798848576,0.08661089912056923,False,True,16000,True,0.00016667658928781748,True,0.002422476187348366,cpu,patch_nearest_normal,last2,14,0.05,False,,,0.0001625119475647807,0.00019554235113892002,True,True
2026-08-15 07:54:43,cable,monitor,C:/cira_batch_test/cable/bad_7.png,bad_7.png,anomaly,True,0.1310521513223648,0.1310521513223648,0.09852251798848576,0.09852251798848576,0.08661089912056923,False,False,16000,False,,False,0.0,cpu,patch_nearest_normal,last2,14,0.05,False,,,0.00016484975640196353,0.00019554235113892002,False,True
2026-08-15 07:54:44,cable,monitor,C:/cira_batch_test/cable/good_13.png,good_13.png,normal,False,0.000822901725769043,3.039836826701503e-07,0.09852251798848576,0.09852251798848576,0.08661089912056923,False,True,16000,True,0.00018463522428646684,True,0.002413826761767268,cpu,patch_nearest_normal,last2,14,0.05,False,,,0.0001687556505203247,0.00019554235113892002,True,True
2026-08-15 07:54:46,cable,monitor,C:/cira_batch_test/cable/good_5.png,good_5.png,normal,False,0.08650942146778107,2.8014181907565217e-07,0.09852251798848576,0.09852251798848576,0.08661089912056923,False,True,16000,True,0.00017508243035990745,True,0.002421249635517597,cpu,patch_nearest_normal,last2,14,0.05,False,,,0.00016576996131334454,0.00019554235113892002,True,True
2026-08-15 07:54:48,cable,monitor,C:/cira_batch_test/cable/good_2.png,good_2.png,normal,False,0.0005445659044198692,2.980232238769531e-07,0.09852251798848576,0.09852251798848576,0.08661089912056923,False,True,16000,True,0.00016983460227493197,True,0.0024214612785726786,cpu,patch_nearest_normal,last2,14,0.05,False,,,0.00017177342670038342,0.00019554235113892002,True,True
2026-08-15 07:54:49,cable,monitor,C:/cira_batch_test/cable/bad_6.png,bad_6.png,anomaly,True,0.2397824227809906,0.2397824227809906,0.09852251798848576,0.09852251798848576,0.08661089912056923,False,False,16000,False,,False,0.0,cpu,patch_nearest_normal,last2,14,0.05,False,,,0.00016622903058305383,0.00019554235113892002,False,True
2026-08-15 07:54:51,cable,monitor,C:/cira_batch_test/cable/bad_14.png,bad_14.png,anomaly,True,0.1034313440322876,0.1034313440322876,0.09852251798848576,0.09852251798848576,0.08661089912056923,False,False,16000,False,,False,0.0,cpu,patch_nearest_normal,last2,14,0.05,False,,,0.0001930864673340693,0.00019554235113892002,False,True
2026-08-15 07:54:53,cable,monitor,C:/cira_batch_test/cable/good_3.png,good_3.png,anomaly,True,0.11680169403553009,0.11680169403553009,0.09852251798848576,0.09852251798848576,0.08661089912056923,False,False,16000,False,,False,0.0,cpu,patch_nearest_normal,last2,14,0.05,False,,,0.00016423786291852593,0.00019554235113892002,False,True
2026-08-15 07:54:54,cable,monitor,C:/cira_batch_test/cable/bad_4.png,bad_4.png,anomaly,True,0.37453263998031616,0.37453263998031616,0.09852251798848576,0.09852251798848576,0.08661089912056923,False,False,16000,False,,False,0.0,cpu,patch_nearest_normal,last2,14,0.05,False,,,0.00016992876771837473,0.00019554235113892002,False,True
2026-08-15 07:54:56,cable,monitor,C:/cira_batch_test/cable/bad_15.png,bad_15.png,anomaly,True,0.2237345278263092,0.2237345278263092,0.09852251798848576,0.09852251798848576,0.08661089912056923,False,False,16000,False,,False,0.0,cpu,patch_nearest_normal,last2,14,0.05,False,,,0.00017310271505266428,0.00019554235113892002,False,True
2026-08-15 07:54:57,cable,monitor,C:/cira_batch_test/cable/good_8.png,good_8.png,anomaly,True,0.09906400740146637,0.09906400740146637,0.09852251798848576,0.09852251798848576,0.08661089912056923,False,False,16000,False,,False,0.0,cpu,patch_nearest_normal,last2,14,0.05,False,,,0.00015654547314625233,0.00019554235113892002,False,True
2026-08-15 07:54:59,cable,monitor,C:/cira_batch_test/cable/bad_3.png,bad_3.png,anomaly,True,0.16095499694347382,0.16095499694347382,0.09852251798848576,0.09852251798848576,0.08661089912056923,False,False,16000,False,,False,0.0,cpu,patch_nearest_normal,last2,14,0.05,False,,,0.00018102956528309733,0.00019554235113892002,False,True
2026-08-15 07:55:00,cable,monitor,C:/cira_batch_test/cable/bad_11.png,bad_11.png,anomaly,True,0.193181112408638,0.193181112408638,0.09852251798848576,0.09852251798848576,0.08661089912056923,False,False,16000,False,,False,0.0,cpu,patch_nearest_normal,last2,14,0.05,False,,,0.00016078006592579186,0.00019554235113892002,False,True
2026-08-15 07:55:02,cable,monitor,C:/cira_batch_test/cable/good_19.png,good_19.png,normal,False,0.00023868680000305176,3.2186508747145126e-07,0.09852251798848576,0.09852251798848576,0.08661089912056923,False,True,16000,True,0.0001611286133993417,True,0.0024176761507987976,cpu,patch_nearest_normal,last2,14,0.05,True,C:\cira_ttl_checkpoints\cable\patch_memory_bank_update_30.pt,C:\cira_ttl_checkpoints\cable\patch_adapter_update_30.pt,0.0001526114356238395,0.00019554235113892002,True,True
2026-08-15 07:55:04,cable,monitor,C:/cira_batch_test/cable/good_12.png,good_12.png,normal,False,0.0012265801196917892,2.5033949668795685e-07,0.09852251798848576,0.09852251798848576,0.08661089912056923,False,True,16000,True,0.00017152947839349508,True,0.0024188789539039135,cpu,patch_nearest_normal,last2,14,0.05,False,,,0.00016384696937166154,0.00019554235113892002,True,True
2026-08-15 07:55:06,cable,monitor,C:/cira_batch_test/cable/good_15.png,good_15.png,normal,False,0.0011375009780749679,3.2186508747145126e-07,0.09852251798848576,0.09852251798848576,0.08661089912056923,False,True,16000,True,0.0001799408346414566,True,0.002425411017611623,cpu,patch_nearest_normal,last2,14,0.05,False,,,0.00016514043090865016,0.00019554235113892002,True,True
2026-08-15 07:55:07,cable,monitor,C:/cira_batch_test/cable/bad_17.png,bad_17.png,anomaly,True,0.14866195619106293,0.14866195619106293,0.09852251798848576,0.09852251798848576,0.08661089912056923,False,False,16000,False,,False,0.0,cpu,patch_nearest_normal,last2,14,0.05,False,,,0.00018237145559396595,0.00019554235113892002,False,True
2026-08-15 07:55:09,cable,monitor,C:/cira_batch_test/cable/bad_19.png,bad_19.png,normal,False,0.0945475846529007,0.0945475846529007,0.09852251798848576,0.09852251798848576,0.08661089912056923,False,False,16000,False,,False,0.0,cpu,patch_nearest_normal,last2,14,0.05,False,,,0.00014757594908587635,0.00019554235113892002,False,True
2026-08-15 07:55:10,cable,monitor,C:/cira_batch_test/cable/bad_1.png,bad_1.png,anomaly,True,0.25196725130081177,0.25196725130081177,0.09852251798848576,0.09852251798848576,0.08661089912056923,False,False,16000,False,,False,0.0,cpu,patch_nearest_normal,last2,14,0.05,False,,,0.00015747266297694296,0.00019554235113892002,False,True
2026-08-15 07:55:12,cable,monitor,C:/cira_batch_test/cable/good_14.png,good_14.png,normal,False,0.09817864000797272,0.09817864000797272,0.09852251798848576,0.09852251798848576,0.08661089912056923,False,False,16000,False,,False,0.0,cpu,patch_nearest_normal,last2,14,0.05,False,,,0.00016960037464741617,0.00019554235113892002,False,True
2026-08-15 07:55:14,capsule,monitor,C:/cira_batch_test/capsule/good_1.png,good_1.png,normal,False,0.000325876462738961,2.443790378947597e-07,0.04299485732503146,0.04299485732503146,0.031231427378952504,False,True,16000,True,0.00011533949873410165,True,0.002579202177003026,cpu,patch_nearest_normal,last2,14,0.05,False,,,0.00010766237392090261,0.0001107694308302,True,True
2026-08-15 07:55:15,capsule,monitor,C:/cira_batch_test/capsule/bad_16.png,bad_16.png,anomaly,True,0.07189340889453888,0.07189340889453888,0.04299485732503146,0.04299485732503146,0.031231427378952504,False,False,16000,False,,False,0.0,cpu,patch_nearest_normal,last2,14,0.05,False,,,9.82324272627011e-05,0.0001107694308302,False,True
2026-08-15 07:55:17,capsule,monitor,C:/cira_batch_test/capsule/bad_20.png,bad_20.png,anomaly,True,0.049512527883052826,0.049512527883052826,0.04299485732503146,0.04299485732503146,0.031231427378952504,False,False,16000,False,,False,0.0,cpu,patch_nearest_normal,last2,14,0.05,False,,,0.00010050150740426034,0.0001107694308302,False,True
2026-08-15 07:55:18,capsule,monitor,C:/cira_batch_test/capsule/bad_12.png,bad_12.png,anomaly,True,0.04391191527247429,0.04391191527247429,0.04299485732503146,0.04299485732503146,0.031231427378952504,False,False,16000,False,,False,0.0,cpu,patch_nearest_normal,last2,14,0.05,False,,,0.00010111110896104947,0.0001107694308302,False,True
2026-08-15 07:55:20,capsule,monitor,C:/cira_batch_test/capsule/good_17.png,good_17.png,normal,False,0.0001238524855580181,3.039836826701503e-07,0.04299485732503146,0.04299485732503146,0.031231427378952504,False,True,16000,True,0.00011017687938874587,True,0.002593398792669177,cpu,patch_nearest_normal,last2,14,0.05,False,,,0.00010211006156168878,0.0001107694308302,True,True
2026-08-15 07:55:22,capsule,monitor,C:/cira_batch_test/capsule/bad_9.png,bad_9.png,anomaly,True,0.1749052107334137,0.1749052107334137,0.04299485732503146,0.04299485732503146,0.031231427378952504,False,False,16000,False,,False,0.0,cpu,patch_nearest_normal,last2,14,0.05,False,,,9.504691115580499e-05,0.0001107694308302,False,True
2026-08-15 07:55:23,capsule,monitor,C:/cira_batch_test/capsule/bad_18.png,bad_18.png,anomaly,True,0.05710058659315109,0.05710058659315109,0.04299485732503146,0.04299485732503146,0.031231427378952504,False,False,16000,False,,False,0.0,cpu,patch_nearest_normal,last2,14,0.05,False,,,9.068384679267183e-05,0.0001107694308302,False,True
2026-08-15 07:55:24,capsule,monitor,C:/cira_batch_test/capsule/bad_13.png,bad_13.png,normal,False,0.042747486382722855,0.042747486382722855,0.04299485732503146,0.04299485732503146,0.031231427378952504,False,False,16000,False,,False,0.0,cpu,patch_nearest_normal,last2,14,0.05,False,,,9.530490206088871e-05,0.0001107694308302,False,True
2026-08-15 07:55:26,capsule,monitor,C:/cira_batch_test/capsule/bad_2.png,bad_2.png,anomaly,True,0.2578390836715698,0.2578390836715698,0.04299485732503146,0.04299485732503146,0.031231427378952504,False,False,16000,False,,False,0.0,cpu,patch_nearest_normal,last2,14,0.05,False,,,0.00010472589201526716,0.0001107694308302,False,True
2026-08-15 07:55:28,capsule,monitor,C:/cira_batch_test/capsule/good_6.png,good_6.png,normal,False,3.07679183606524e-05,3.2782554626464844e-07,0.04299485732503146,0.04299485732503146,0.031231427378952504,False,True,16000,True,8.795185567578301e-05,True,0.002577561419457197,cpu,patch_nearest_normal,last2,14,0.05,False,,,9.881560254143551e-05,0.0001107694308302,True,True
2026-08-15 07:55:30,capsule,monitor,C:/cira_batch_test/capsule/good_10.png,good_10.png,normal,False,0.0004314720572438091,2.6226044269606064e-07,0.04299485732503146,0.04299485732503146,0.031231427378952504,False,True,16000,True,9.397946996614337e-05,True,0.0025608500000089407,cpu,patch_nearest_normal,last2,14,0.05,False,,,9.364885772811249e-05,0.0001107694308302,True,True
2026-08-15 07:55:31,capsule,monitor,C:/cira_batch_test/capsule/good_7.png,good_7.png,anomaly,True,0.08710595965385437,0.08710595965385437,0.04299485732503146,0.04299485732503146,0.031231427378952504,False,False,16000,False,,False,0.0,cpu,patch_nearest_normal,last2,14,0.05,False,,,9.770788165042177e-05,0.0001107694308302,False,True
2026-08-15 07:55:34,capsule,monitor,C:/cira_batch_test/capsule/bad_8.png,bad_8.png,anomaly,True,0.12348159402608871,0.12348159402608871,0.04299485732503146,0.04299485732503146,0.031231427378952504,False,False,16000,False,,False,0.0,cpu,patch_nearest_normal,last2,14,0.05,False,,,8.900252578314394e-05,0.0001107694308302,False,True
2026-08-15 07:55:36,capsule,monitor,C:/cira_batch_test/capsule/bad_10.png,bad_10.png,anomaly,True,0.06580224633216858,0.06580224633216858,0.04299485732503146,0.04299485732503146,0.031231427378952504,False,False,16000,False,,False,0.0,cpu,patch_nearest_normal,last2,14,0.05,False,,,9.403113654116169e-05,0.0001107694308302,False,True
2026-08-15 07:55:38,capsule,monitor,C:/cira_batch_test/capsule/good_4.png,good_4.png,normal,False,0.017785590142011642,2.8014181907565217e-07,0.04299485732503146,0.04299485732503146,0.031231427378952504,False,True,16000,True,0.00011353186710039154,True,0.002573053352534771,cpu,patch_nearest_normal,last2,14,0.05,False,,,0.0001089101133402437,0.0001107694308302,True,True
2026-08-15 07:55:39,capsule,monitor,C:/cira_batch_test/capsule/bad_5.png,bad_5.png,normal,False,0.04229123145341873,0.04229123145341873,0.04299485732503146,0.04299485732503146,0.031231427378952504,False,False,16000,False,,False,0.0,cpu,patch_nearest_normal,last2,14,0.05,False,,,9.461303852731362e-05,0.0001107694308302,False,True
2026-08-15 07:55:42,capsule,monitor,C:/cira_batch_test/capsule/good_20.png,good_20.png,normal,False,0.027774404734373093,2.9206276508375595e-07,0.04299485732503146,0.04299485732503146,0.031231427378952504,False,True,16000,True,0.00010799455048982054,True,0.002561535919085145,cpu,patch_nearest_normal,last2,14,0.05,True,C:\cira_ttl_checkpoints\capsule\patch_memory_bank_update_20.pt,C:\cira_ttl_checkpoints\capsule\patch_adapter_update_20.pt,0.00010615579958539456,0.0001107694308302,True,True
2026-08-15 07:55:44,capsule,monitor,C:/cira_batch_test/capsule/good_18.png,good_18.png,normal,False,0.0002748846891336143,2.8610230629055877e-07,0.04299485732503146,0.04299485732503146,0.031231427378952504,False,True,16000,True,0.00010325903713237494,True,0.0025632597971707582,cpu,patch_nearest_normal,last2,14,0.05,False,,,0.00010503629891900346,0.0001107694308302,True,True
2026-08-15 07:55:46,capsule,monitor,C:/cira_batch_test/capsule/good_11.png,good_11.png,normal,False,0.0006151556735858321,3.099441414633475e-07,0.04299485732503146,0.04299485732503146,0.031231427378952504,False,True,16000,True,9.751009929459542e-05,True,0.0025462154299020767,cpu,patch_nearest_normal,last2,14,0.05,False,,,9.83031713985838e-05,0.0001107694308302,True,True
2026-08-15 07:55:48,capsule,monitor,C:/cira_batch_test/capsule/good_9.png,good_9.png,normal,False,0.00012087226059520617,3.099441414633475e-07,0.04299485732503146,0.04299485732503146,0.031231427378952504,False,True,16000,True,0.00011043722042813897,True,0.0025528636761009693,cpu,patch_nearest_normal,last2,14,0.05,False,,,9.668405255069956e-05,0.0001107694308302,True,True
2026-08-15 07:55:50,capsule,monitor,C:/cira_batch_test/capsule/good_16.png,good_16.png,normal,False,0.0005492627387866378,2.682209014892578e-07,0.04299485732503146,0.04299485732503146,0.031231427378952504,False,True,16000,True,0.00010448061948409304,True,0.0025494853034615517,cpu,patch_nearest_normal,last2,14,0.05,False,,,0.00010955143807223067,0.0001107694308302,True,True
2026-08-15 07:55:52,capsule,monitor,C:/cira_batch_test/capsule/bad_7.png,bad_7.png,anomaly,True,0.0822163075208664,0.0822163075208664,0.04299485732503146,0.04299485732503146,0.031231427378952504,False,False,16000,False,,False,0.0,cpu,patch_nearest_normal,last2,14,0.05,False,,,0.00010308036144124344,0.0001107694308302,False,True
2026-08-15 07:55:53,capsule,monitor,C:/cira_batch_test/capsule/good_13.png,good_13.png,normal,False,0.0007570147281512618,2.682209014892578e-07,0.04299485732503146,0.04299485732503146,0.031231427378952504,False,True,16000,True,0.00010759328870335594,True,0.0025376470293849707,cpu,patch_nearest_normal,last2,14,0.05,False,,,9.473443788010627e-05,0.0001107694308302,True,True
2026-08-15 07:55:55,capsule,monitor,C:/cira_batch_test/capsule/good_5.png,good_5.png,normal,False,0.00036870240001007915,2.8014181907565217e-07,0.04299485732503146,0.04299485732503146,0.031231427378952504,False,True,16000,True,0.00010035208833869547,True,0.0025344870518893003,cpu,patch_nearest_normal,last2,14,0.05,False,,,0.00010195551294600591,0.0001107694308302,True,True
2026-08-15 07:55:57,capsule,monitor,C:/cira_batch_test/capsule/good_2.png,good_2.png,normal,False,0.00048111676005646586,3.039836826701503e-07,0.04299485732503146,0.04299485732503146,0.031231427378952504,False,True,16000,True,0.00010803760960698128,True,0.0025435935240238905,cpu,patch_nearest_normal,last2,14,0.05,False,,,9.861924627330154e-05,0.0001107694308302,True,True
2026-08-15 07:55:59,capsule,monitor,C:/cira_batch_test/capsule/bad_6.png,bad_6.png,anomaly,True,0.12411699444055557,0.12411699444055557,0.04299485732503146,0.04299485732503146,0.031231427378952504,False,False,16000,False,,False,0.0,cpu,patch_nearest_normal,last2,14,0.05,False,,,9.545755165163428e-05,0.0001107694308302,False,True
2026-08-15 07:56:00,capsule,monitor,C:/cira_batch_test/capsule/bad_14.png,bad_14.png,normal,False,0.035441141575574875,0.035441141575574875,0.04299485732503146,0.04299485732503146,0.031231427378952504,False,False,16000,False,,False,0.0,cpu,patch_nearest_normal,last2,14,0.05,False,,,9.465409675613046e-05,0.0001107694308302,False,True
2026-08-15 07:56:02,capsule,monitor,C:/cira_batch_test/capsule/good_3.png,good_3.png,anomaly,True,0.044219255447387695,0.044219255447387695,0.04299485732503146,0.04299485732503146,0.031231427378952504,False,False,16000,False,,False,0.0,cpu,patch_nearest_normal,last2,14,0.05,False,,,0.00010349185322411358,0.0001107694308302,False,True
2026-08-15 07:56:03,capsule,monitor,C:/cira_batch_test/capsule/bad_4.png,bad_4.png,normal,False,0.037295471876859665,0.037295471876859665,0.04299485732503146,0.04299485732503146,0.031231427378952504,False,False,16000,False,,False,0.0,cpu,patch_nearest_normal,last2,14,0.05,False,,,0.00010178209777222946,0.0001107694308302,False,True
2026-08-15 07:56:05,capsule,monitor,C:/cira_batch_test/capsule/bad_15.png,bad_15.png,anomaly,True,0.0786711648106575,0.0786711648106575,0.04299485732503146,0.04299485732503146,0.031231427378952504,False,False,16000,False,,False,0.0,cpu,patch_nearest_normal,last2,14,0.05,False,,,0.0001021156640490517,0.0001107694308302,False,True
2026-08-15 07:56:07,capsule,monitor,C:/cira_batch_test/capsule/good_8.png,good_8.png,normal,False,0.000366640102583915,2.980232238769531e-07,0.04299485732503146,0.04299485732503146,0.031231427378952504,False,True,16000,True,0.00010593040497042239,True,0.0025359780993312597,cpu,patch_nearest_normal,last2,14,0.05,False,,,9.731278260005638e-05,0.0001107694308302,True,True
2026-08-15 07:56:08,capsule,monitor,C:/cira_batch_test/capsule/bad_3.png,bad_3.png,anomaly,True,0.09763692319393158,0.09763692319393158,0.04299485732503146,0.04299485732503146,0.031231427378952504,False,False,16000,False,,False,0.0,cpu,patch_nearest_normal,last2,14,0.05,False,,,0.00010529400606174022,0.0001107694308302,False,True
2026-08-15 07:56:10,capsule,monitor,C:/cira_batch_test/capsule/bad_11.png,bad_11.png,anomaly,True,0.043841343373060226,0.043841343373060226,0.04299485732503146,0.04299485732503146,0.031231427378952504,False,False,16000,False,,False,0.0,cpu,patch_nearest_normal,last2,14,0.05,False,,,9.407407196704298e-05,0.0001107694308302,False,True
2026-08-15 07:56:11,capsule,monitor,C:/cira_batch_test/capsule/good_19.png,good_19.png,normal,False,0.0006770550971850753,3.039836826701503e-07,0.04299485732503146,0.04299485732503146,0.031231427378952504,False,True,16000,True,0.00010965747060254216,True,0.0025395292323082685,cpu,patch_nearest_normal,last2,14,0.05,False,,,0.00010178977390751243,0.0001107694308302,True,True
2026-08-15 07:56:13,capsule,monitor,C:/cira_batch_test/capsule/good_12.png,good_12.png,normal,False,0.03823469951748848,0.03823469951748848,0.04299485732503146,0.04299485732503146,0.031231427378952504,False,False,16000,False,,False,0.0,cpu,patch_nearest_normal,last2,14,0.05,False,,,9.612269786885008e-05,0.0001107694308302,False,True
2026-08-15 07:56:14,capsule,monitor,C:/cira_batch_test/capsule/good_15.png,good_15.png,normal,False,0.028283406049013138,0.028283406049013138,0.04299485732503146,0.04299485732503146,0.031231427378952504,False,False,16000,False,,False,0.0,cpu,patch_nearest_normal,last2,14,0.05,False,,,0.00011831404844997451,0.0001107694308302,True,False
2026-08-15 07:56:16,capsule,monitor,C:/cira_batch_test/capsule/bad_17.png,bad_17.png,anomaly,True,0.05351576209068298,0.05351576209068298,0.04299485732503146,0.04299485732503146,0.031231427378952504,False,False,16000,False,,False,0.0,cpu,patch_nearest_normal,last2,14,0.05,False,,,8.907094888854772e-05,0.0001107694308302,False,True
2026-08-15 07:56:18,capsule,monitor,C:/cira_batch_test/capsule/bad_19.png,bad_19.png,anomaly,True,0.10806651413440704,0.10806651413440704,0.04299485732503146,0.04299485732503146,0.031231427378952504,False,False,16000,False,,False,0.0,cpu,patch_nearest_normal,last2,14,0.05,False,,,0.00010291713260812685,0.0001107694308302,False,True
2026-08-15 07:56:19,capsule,monitor,C:/cira_batch_test/capsule/bad_1.png,bad_1.png,anomaly,True,0.17160634696483612,0.17160634696483612,0.04299485732503146,0.04299485732503146,0.031231427378952504,False,False,16000,False,,False,0.0,cpu,patch_nearest_normal,last2,14,0.05,False,,,0.000107858948467765,0.0001107694308302,False,True
2026-08-15 07:56:21,capsule,monitor,C:/cira_batch_test/capsule/good_14.png,good_14.png,normal,False,0.0010818361770361662,2.980232238769531e-07,0.04299485732503146,0.04299485732503146,0.031231427378952504,False,True,16000,True,0.0001055215616361238,True,0.0025288639590144157,cpu,patch_nearest_normal,last2,14,0.05,True,C:\cira_ttl_checkpoints\capsule\patch_memory_bank_update_30.pt,C:\cira_ttl_checkpoints\capsule\patch_adapter_update_30.pt,9.903523459797725e-05,0.0001107694308302,True,True
2026-08-15 07:56:23,carpet,monitor,C:/cira_batch_test/carpet/good_1.png,good_1.png,normal,False,0.00010079741332447156,3.695487862387381e-07,0.0343417185988487,0.0343417185988487,0.03367696963250637,False,True,16000,True,4.6237066271714866e-05,True,0.002548058284446597,cpu,patch_nearest_normal,last2,14,0.05,False,,,4.384888961794786e-05,6.111156617407686e-05,True,True
2026-08-15 07:56:24,carpet,monitor,C:/cira_batch_test/carpet/bad_16.png,bad_16.png,anomaly,True,0.13157817721366882,0.13157817721366882,0.0343417185988487,0.0343417185988487,0.03367696963250637,False,False,16000,False,,False,0.0,cpu,patch_nearest_normal,last2,14,0.05,False,,,5.2149764087516814e-05,6.111156617407686e-05,False,True
2026-08-15 07:56:26,carpet,monitor,C:/cira_batch_test/carpet/bad_20.png,bad_20.png,anomaly,True,0.1388588547706604,0.1388588547706604,0.0343417185988487,0.0343417185988487,0.03367696963250637,False,False,16000,False,,False,0.0,cpu,patch_nearest_normal,last2,14,0.05,False,,,4.507131961872801e-05,6.111156617407686e-05,False,True
2026-08-15 07:56:28,carpet,monitor,C:/cira_batch_test/carpet/bad_12.png,bad_12.png,normal,False,0.03077094629406929,3.159046286782541e-07,0.0343417185988487,0.0343417185988487,0.03367696963250637,False,True,16000,True,4.7565223212586716e-05,True,0.0025660975370556116,cpu,patch_nearest_normal,last2,14,0.05,True,C:\cira_ttl_checkpoints\carpet\patch_memory_bank_update_10.pt,C:\cira_ttl_checkpoints\carpet\patch_adapter_update_10.pt,4.2821731767617166e-05,6.111156617407686e-05,True,True
2026-08-15 07:56:30,carpet,monitor,C:/cira_batch_test/carpet/good_17.png,good_17.png,normal,False,0.00012874603271484375,3.099441414633475e-07,0.0343417185988487,0.0343417185988487,0.03367696963250637,False,True,16000,True,3.8112615584395826e-05,True,0.002548792166635394,cpu,patch_nearest_normal,last2,14,0.05,False,,,4.302282468415797e-05,6.111156617407686e-05,True,True
2026-08-15 07:56:32,carpet,monitor,C:/cira_batch_test/carpet/bad_9.png,bad_9.png,anomaly,True,0.3491799235343933,0.3491799235343933,0.0343417185988487,0.0343417185988487,0.03367696963250637,False,False,16000,False,,False,0.0,cpu,patch_nearest_normal,last2,14,0.05,False,,,6.158352334750816e-05,6.111156617407686e-05,False,False
2026-08-15 07:56:34,carpet,monitor,C:/cira_batch_test/carpet/bad_18.png,bad_18.png,anomaly,True,0.3340509831905365,0.3340509831905365,0.0343417185988487,0.0343417185988487,0.03367696963250637,False,False,16000,False,,False,0.0,cpu,patch_nearest_normal,last2,14,0.05,False,,,5.4905798606341705e-05,6.111156617407686e-05,False,True
2026-08-15 07:56:35,carpet,monitor,C:/cira_batch_test/carpet/bad_13.png,bad_13.png,normal,False,0.03160982206463814,3.695487862387381e-07,0.0343417185988487,0.0343417185988487,0.03367696963250637,False,True,16000,True,5.38265667273663e-05,True,0.0025588038843125105,cpu,patch_nearest_normal,last2,14,0.05,False,,,4.6945926442276686e-05,6.111156617407686e-05,True,True
2026-08-15 07:56:37,carpet,monitor,C:/cira_batch_test/carpet/bad_2.png,bad_2.png,anomaly,True,0.1533944308757782,0.1533944308757782,0.0343417185988487,0.0343417185988487,0.03367696963250637,False,False,16000,False,,False,0.0,cpu,patch_nearest_normal,last2,14,0.05,False,,,5.146818148205057e-05,6.111156617407686e-05,False,True
2026-08-15 07:56:39,carpet,monitor,C:/cira_batch_test/carpet/good_6.png,good_6.png,normal,False,4.9585105443838984e-05,2.8014181907565217e-07,0.0343417185988487,0.0343417185988487,0.03367696963250637,False,True,16000,True,3.943428964703344e-05,True,0.002563420683145523,cpu,patch_nearest_normal,last2,14,0.05,False,,,4.2840696551138535e-05,6.111156617407686e-05,True,True
2026-08-15 07:56:41,carpet,monitor,C:/cira_batch_test/carpet/good_10.png,good_10.png,normal,False,0.033142007887363434,3.5762786865234375e-07,0.0343417185988487,0.0343417185988487,0.03367696963250637,False,True,16000,True,3.975311847170815e-05,True,0.0025603624526411295,cpu,patch_nearest_normal,last2,14,0.05,False,,,3.686844138428569e-05,6.111156617407686e-05,True,True
2026-08-15 07:56:43,carpet,monitor,C:/cira_batch_test/carpet/good_7.png,good_7.png,normal,False,0.03165584057569504,2.8610230629055877e-07,0.0343417185988487,0.0343417185988487,0.03367696963250637,False,True,16000,True,4.198651004116982e-05,True,0.00257139652967453,cpu,patch_nearest_normal,last2,14,0.05,False,,,4.0524915675632656e-05,6.111156617407686e-05,True,True
2026-08-15 07:56:44,carpet,monitor,C:/cira_batch_test/carpet/bad_8.png,bad_8.png,anomaly,True,0.2866249084472656,0.2866249084472656,0.0343417185988487,0.0343417185988487,0.03367696963250637,False,False,16000,False,,False,0.0,cpu,patch_nearest_normal,last2,14,0.05,False,,,5.7658144214656204e-05,6.111156617407686e-05,False,True
2026-08-15 07:56:48,carpet,monitor,C:/cira_batch_test/carpet/bad_10.png,bad_10.png,anomaly,True,0.2304549664258957,0.2304549664258957,0.0343417185988487,0.0343417185988487,0.03367696963250637,False,False,16000,False,,False,0.0,cpu,patch_nearest_normal,last2,14,0.05,False,,,5.178304490982555e-05,6.111156617407686e-05,False,True
2026-08-15 07:56:50,carpet,monitor,C:/cira_batch_test/carpet/good_4.png,good_4.png,normal,False,0.00016024112119339406,2.9206276508375595e-07,0.0343417185988487,0.0343417185988487,0.03367696963250637,False,True,16000,True,4.002625428256579e-05,True,0.0025716712698340416,cpu,patch_nearest_normal,last2,14,0.05,False,,,3.862654557451606e-05,6.111156617407686e-05,True,True
2026-08-15 07:56:52,carpet,monitor,C:/cira_batch_test/carpet/bad_5.png,bad_5.png,anomaly,True,0.23495984077453613,0.23495984077453613,0.0343417185988487,0.0343417185988487,0.03367696963250637,False,False,16000,False,,False,0.0,cpu,patch_nearest_normal,last2,14,0.05,False,,,5.54140679014381e-05,6.111156617407686e-05,False,True
2026-08-15 07:56:53,carpet,monitor,C:/cira_batch_test/carpet/good_20.png,good_20.png,anomaly,True,0.03516009449958801,0.03516009449958801,0.0343417185988487,0.0343417185988487,0.03367696963250637,False,False,16000,False,,False,0.0,cpu,patch_nearest_normal,last2,14,0.05,False,,,5.779174898634665e-05,6.111156617407686e-05,False,True
2026-08-15 07:56:55,carpet,monitor,C:/cira_batch_test/carpet/good_18.png,good_18.png,normal,False,0.0003339230897836387,3.099441414633475e-07,0.0343417185988487,0.0343417185988487,0.03367696963250637,False,True,16000,True,4.490431092563085e-05,True,0.0025632830802351236,cpu,patch_nearest_normal,last2,14,0.05,False,,,4.773880573338829e-05,6.111156617407686e-05,True,True
2026-08-15 07:56:57,carpet,monitor,C:/cira_batch_test/carpet/good_11.png,good_11.png,anomaly,True,0.03476604074239731,0.03476604074239731,0.0343417185988487,0.0343417185988487,0.03367696963250637,False,False,16000,False,,False,0.0,cpu,patch_nearest_normal,last2,14,0.05,False,,,4.884207373834215e-05,6.111156617407686e-05,False,True
2026-08-15 07:56:58,carpet,monitor,C:/cira_batch_test/carpet/good_9.png,good_9.png,anomaly,True,0.041010044515132904,0.041010044515132904,0.0343417185988487,0.0343417185988487,0.03367696963250637,False,False,16000,False,,False,0.0,cpu,patch_nearest_normal,last2,14,0.05,False,,,3.490047311061062e-05,6.111156617407686e-05,False,True
2026-08-15 07:57:00,carpet,monitor,C:/cira_batch_test/carpet/good_16.png,good_16.png,normal,False,0.03137790411710739,2.6226044269606064e-07,0.0343417185988487,0.0343417185988487,0.03367696963250637,False,True,16000,True,3.942833063774742e-05,True,0.00255366088822484,cpu,patch_nearest_normal,last2,14,0.05,False,,,3.704255141201429e-05,6.111156617407686e-05,True,True
2026-08-15 07:57:02,carpet,monitor,C:/cira_batch_test/carpet/bad_7.png,bad_7.png,anomaly,True,0.0673600435256958,0.0673600435256958,0.0343417185988487,0.0343417185988487,0.03367696963250637,False,False,16000,False,,False,0.0,cpu,patch_nearest_normal,last2,14,0.05,False,,,5.124810559209436e-05,6.111156617407686e-05,False,True
2026-08-15 07:57:04,carpet,monitor,C:/cira_batch_test/carpet/good_13.png,good_13.png,normal,False,0.032528094947338104,3.099441414633475e-07,0.0343417185988487,0.0343417185988487,0.03367696963250637,False,True,16000,True,3.942319381167181e-05,True,0.002542263362556696,cpu,patch_nearest_normal,last2,14,0.05,False,,,3.2260450097965077e-05,6.111156617407686e-05,True,True
2026-08-15 07:57:06,carpet,monitor,C:/cira_batch_test/carpet/good_5.png,good_5.png,normal,False,0.029901981353759766,3.516674098591466e-07,0.0343417185988487,0.0343417185988487,0.03367696963250637,False,True,16000,True,4.577386425808072e-05,True,0.002561320550739765,cpu,patch_nearest_normal,last2,14,0.05,True,C:\cira_ttl_checkpoints\carpet\patch_memory_bank_update_20.pt,C:\cira_ttl_checkpoints\carpet\patch_adapter_update_20.pt,4.293222082196735e-05,6.111156617407686e-05,True,True
2026-08-15 07:57:07,carpet,monitor,C:/cira_batch_test/carpet/good_2.png,good_2.png,normal,False,0.0004428505781106651,2.980232238769531e-07,0.0343417185988487,0.0343417185988487,0.03367696963250637,False,True,16000,True,4.7516212362097576e-05,True,0.002551665995270014,cpu,patch_nearest_normal,last2,14,0.05,False,,,4.5470867917174473e-05,6.111156617407686e-05,True,True
2026-08-15 07:57:09,carpet,monitor,C:/cira_batch_test/carpet/bad_6.png,bad_6.png,anomaly,True,0.09704764187335968,0.09704764187335968,0.0343417185988487,0.0343417185988487,0.03367696963250637,False,False,16000,False,,False,0.0,cpu,patch_nearest_normal,last2,14,0.05,False,,,4.208823520457372e-05,6.111156617407686e-05,False,True
2026-08-15 07:57:10,carpet,monitor,C:/cira_batch_test/carpet/bad_14.png,bad_14.png,anomaly,True,0.21795697510242462,0.21795697510242462,0.0343417185988487,0.0343417185988487,0.03367696963250637,False,False,16000,False,,False,0.0,cpu,patch_nearest_normal,last2,14,0.05,False,,,5.610637890640646e-05,6.111156617407686e-05,False,True
2026-08-15 07:57:12,carpet,monitor,C:/cira_batch_test/carpet/good_3.png,good_3.png,normal,False,0.026551539078354836,2.8610230629055877e-07,0.0343417185988487,0.0343417185988487,0.03367696963250637,False,True,16000,True,4.242881550453603e-05,True,0.0025630055461078882,cpu,patch_nearest_normal,last2,14,0.05,False,,,3.764935536310077e-05,6.111156617407686e-05,True,True
2026-08-15 07:57:14,carpet,monitor,C:/cira_batch_test/carpet/bad_4.png,bad_4.png,anomaly,True,0.2774650454521179,0.2774650454521179,0.0343417185988487,0.0343417185988487,0.03367696963250637,False,False,16000,False,,False,0.0,cpu,patch_nearest_normal,last2,14,0.05,False,,,5.760234853369184e-05,6.111156617407686e-05,False,True
2026-08-15 07:57:16,carpet,monitor,C:/cira_batch_test/carpet/bad_15.png,bad_15.png,normal,False,0.03326678276062012,3.397464638510428e-07,0.0343417185988487,0.0343417185988487,0.03367696963250637,False,True,16000,True,4.112091846764088e-05,True,0.002558076987043023,cpu,patch_nearest_normal,last2,14,0.05,False,,,3.648876372608356e-05,6.111156617407686e-05,True,True
2026-08-15 07:57:18,carpet,monitor,C:/cira_batch_test/carpet/good_8.png,good_8.png,normal,False,0.0004435419978108257,2.5629998390286346e-07,0.0343417185988487,0.0343417185988487,0.03367696963250637,False,True,16000,True,4.0895556594477966e-05,True,0.0025618725921958685,cpu,patch_nearest_normal,last2,14,0.05,False,,,3.930620368919335e-05,6.111156617407686e-05,True,True
2026-08-15 07:57:20,carpet,monitor,C:/cira_batch_test/carpet/bad_3.png,bad_3.png,anomaly,True,0.3592088222503662,0.3592088222503662,0.0343417185988487,0.0343417185988487,0.03367696963250637,False,False,16000,False,,False,0.0,cpu,patch_nearest_normal,last2,14,0.05,False,,,4.7335171984741464e-05,6.111156617407686e-05,False,True
2026-08-15 07:57:22,carpet,monitor,C:/cira_batch_test/carpet/bad_11.png,bad_11.png,anomaly,True,0.08272606879472733,0.08272606879472733,0.0343417185988487,0.0343417185988487,0.03367696963250637,False,False,16000,False,,False,0.0,cpu,patch_nearest_normal,last2,14,0.05,False,,,6.307214789558202e-05,6.111156617407686e-05,False,False
2026-08-15 07:57:24,carpet,monitor,C:/cira_batch_test/carpet/good_19.png,good_19.png,normal,False,0.0007846414810046554,3.2186508747145126e-07,0.0343417185988487,0.0343417185988487,0.03367696963250637,False,True,16000,True,5.507230162038468e-05,True,0.0025555561296641827,cpu,patch_nearest_normal,last2,14,0.05,False,,,4.891815478913486e-05,6.111156617407686e-05,True,True
2026-08-15 07:57:25,carpet,monitor,C:/cira_batch_test/carpet/good_12.png,good_12.png,normal,False,0.03224818781018257,3.2186508747145126e-07,0.0343417185988487,0.0343417185988487,0.03367696963250637,False,True,16000,True,5.871791654499248e-05,True,0.0025608346331864595,cpu,patch_nearest_normal,last2,14,0.05,False,,,5.040511678089388e-05,6.111156617407686e-05,True,True
2026-08-15 07:57:27,carpet,monitor,C:/cira_batch_test/carpet/good_15.png,good_15.png,normal,False,0.03288301080465317,2.980232238769531e-07,0.0343417185988487,0.0343417185988487,0.03367696963250637,False,True,16000,True,3.865786493406631e-05,True,0.0025427634827792645,cpu,patch_nearest_normal,last2,14,0.05,False,,,3.6506935430224985e-05,6.111156617407686e-05,True,True
2026-08-15 07:57:29,carpet,monitor,C:/cira_batch_test/carpet/bad_17.png,bad_17.png,anomaly,True,0.05078641325235367,0.05078641325235367,0.0343417185988487,0.0343417185988487,0.03367696963250637,False,False,16000,False,,False,0.0,cpu,patch_nearest_normal,last2,14,0.05,False,,,5.65390546398703e-05,6.111156617407686e-05,False,True
2026-08-15 07:57:30,carpet,monitor,C:/cira_batch_test/carpet/bad_19.png,bad_19.png,anomaly,True,0.1107524186372757,0.1107524186372757,0.0343417185988487,0.0343417185988487,0.03367696963250637,False,False,16000,False,,False,0.0,cpu,patch_nearest_normal,last2,14,0.05,False,,,4.901724241790362e-05,6.111156617407686e-05,False,True
2026-08-15 07:57:32,carpet,monitor,C:/cira_batch_test/carpet/bad_1.png,bad_1.png,anomaly,True,0.05428219586610794,0.05428219586610794,0.0343417185988487,0.0343417185988487,0.03367696963250637,False,False,16000,False,,False,0.0,cpu,patch_nearest_normal,last2,14,0.05,False,,,5.2044451877009124e-05,6.111156617407686e-05,False,True
2026-08-15 07:57:33,carpet,monitor,C:/cira_batch_test/carpet/good_14.png,good_14.png,normal,False,0.034117452800273895,0.034117452800273895,0.0343417185988487,0.0343417185988487,0.03367696963250637,False,False,16000,False,,False,0.0,cpu,patch_nearest_normal,last2,14,0.05,False,,,3.70802081306465e-05,6.111156617407686e-05,False,True
2026-08-15 07:57:35,grid,monitor,C:/cira_batch_test/grid/good_1.png,good_1.png,anomaly,True,0.058508582413196564,0.058508582413196564,0.053714152485093335,0.053714152485093335,0.04894002191722393,False,False,16000,False,,False,0.0,cpu,patch_nearest_normal,last2,14,0.05,False,,,0.000211046397453174,0.00020260438468534505,False,False
2026-08-15 07:57:37,grid,monitor,C:/cira_batch_test/grid/bad_16.png,bad_16.png,anomaly,True,0.05947231501340866,0.05947231501340866,0.053714152485093335,0.053714152485093335,0.04894002191722393,False,False,16000,False,,False,0.0,cpu,patch_nearest_normal,last2,14,0.05,False,,,0.00014059044769965112,0.00020260438468534505,False,True
2026-08-15 07:57:38,grid,monitor,C:/cira_batch_test/grid/bad_20.png,bad_20.png,normal,False,0.04912701994180679,0.04912701994180679,0.053714152485093335,0.053714152485093335,0.04894002191722393,False,False,16000,False,,False,0.0,cpu,patch_nearest_normal,last2,14,0.05,False,,,0.00011101581912953407,0.00020260438468534505,False,True
2026-08-15 07:57:40,grid,monitor,C:/cira_batch_test/grid/bad_12.png,bad_12.png,anomaly,True,0.09400384873151779,0.09400384873151779,0.053714152485093335,0.053714152485093335,0.04894002191722393,False,False,16000,False,,False,0.0,cpu,patch_nearest_normal,last2,14,0.05,False,,,0.0001978209475055337,0.00020260438468534505,False,True
2026-08-15 07:57:41,grid,monitor,C:/cira_batch_test/grid/good_17.png,good_17.png,normal,False,1.1140107744722627e-05,2.9206276508375595e-07,0.053714152485093335,0.053714152485093335,0.04894002191722393,False,True,16000,True,0.00018945467309094965,True,0.002100300509482622,cpu,patch_nearest_normal,last2,14,0.05,False,,,0.00018686024122871459,0.00020260438468534505,True,True
2026-08-15 07:57:43,grid,monitor,C:/cira_batch_test/grid/bad_9.png,bad_9.png,anomaly,True,0.06381163746118546,0.06381163746118546,0.053714152485093335,0.053714152485093335,0.04894002191722393,False,False,16000,False,,False,0.0,cpu,patch_nearest_normal,last2,14,0.05,False,,,0.00011884258856298402,0.00020260438468534505,False,True
2026-08-15 07:57:44,grid,monitor,C:/cira_batch_test/grid/bad_18.png,bad_18.png,anomaly,True,0.060992591083049774,0.060992591083049774,0.053714152485093335,0.053714152485093335,0.04894002191722393,False,False,16000,False,,False,0.0,cpu,patch_nearest_normal,last2,14,0.05,False,,,0.00016046296514105052,0.00020260438468534505,False,True
2026-08-15 07:57:46,grid,monitor,C:/cira_batch_test/grid/bad_13.png,bad_13.png,normal,False,0.00018317103968001902,2.8610230629055877e-07,0.053714152485093335,0.053714152485093335,0.04894002191722393,False,True,16000,True,0.00011556628305697814,True,0.002078018616884947,cpu,patch_nearest_normal,last2,14,0.05,False,,,0.00011187780182808638,0.00020260438468534505,True,True
2026-08-15 07:57:48,grid,monitor,C:/cira_batch_test/grid/bad_2.png,bad_2.png,anomaly,True,0.0549890510737896,0.0549890510737896,0.053714152485093335,0.053714152485093335,0.04894002191722393,False,False,16000,False,,False,0.0,cpu,patch_nearest_normal,last2,14,0.05,False,,,0.00018042922602035105,0.00020260438468534505,False,True
2026-08-15 07:57:49,grid,monitor,C:/cira_batch_test/grid/good_6.png,good_6.png,anomaly,True,0.06461729854345322,0.06461729854345322,0.053714152485093335,0.053714152485093335,0.04894002191722393,False,False,16000,False,,False,0.0,cpu,patch_nearest_normal,last2,14,0.05,False,,,0.00010979249782394618,0.00020260438468534505,False,True
2026-08-15 07:57:51,grid,monitor,C:/cira_batch_test/grid/good_10.png,good_10.png,normal,False,0.00012404323206283152,3.099441414633475e-07,0.053714152485093335,0.053714152485093335,0.04894002191722393,False,True,16000,True,0.00013526251132134348,True,0.0020724295172840357,cpu,patch_nearest_normal,last2,14,0.05,False,,,0.0001310236257268116,0.00020260438468534505,True,True
2026-08-15 07:57:52,grid,monitor,C:/cira_batch_test/grid/good_7.png,good_7.png,anomaly,True,0.05546579509973526,0.05546579509973526,0.053714152485093335,0.053714152485093335,0.04894002191722393,False,False,16000,False,,False,0.0,cpu,patch_nearest_normal,last2,14,0.05,False,,,0.0001201437771669589,0.00020260438468534505,False,True
2026-08-15 07:57:54,grid,monitor,C:/cira_batch_test/grid/bad_8.png,bad_8.png,normal,False,0.00017883777036331594,2.9206276508375595e-07,0.053714152485093335,0.053714152485093335,0.04894002191722393,False,True,16000,True,0.0001514196046628058,True,0.002084774896502495,cpu,patch_nearest_normal,last2,14,0.05,False,,,0.0001502613304182887,0.00020260438468534505,True,True
2026-08-15 07:57:56,grid,monitor,C:/cira_batch_test/grid/bad_10.png,bad_10.png,anomaly,True,0.06946280598640442,0.06946280598640442,0.053714152485093335,0.053714152485093335,0.04894002191722393,False,False,16000,False,,False,0.0,cpu,patch_nearest_normal,last2,14,0.05,False,,,0.00013417212176136672,0.00020260438468534505,False,True
2026-08-15 07:57:57,grid,monitor,C:/cira_batch_test/grid/good_4.png,good_4.png,anomaly,True,0.05748153477907181,0.05748153477907181,0.053714152485093335,0.053714152485093335,0.04894002191722393,False,False,16000,False,,False,0.0,cpu,patch_nearest_normal,last2,14,0.05,False,,,0.00022195895144250244,0.00020260438468534505,False,False
2026-08-15 07:57:59,grid,monitor,C:/cira_batch_test/grid/bad_5.png,bad_5.png,anomaly,True,0.06280279159545898,0.06280279159545898,0.053714152485093335,0.053714152485093335,0.04894002191722393,False,False,16000,False,,False,0.0,cpu,patch_nearest_normal,last2,14,0.05,False,,,0.0001307162019656971,0.00020260438468534505,False,True
2026-08-15 07:58:00,grid,monitor,C:/cira_batch_test/grid/good_20.png,good_20.png,normal,False,4.338622238719836e-05,2.74181360282455e-07,0.053714152485093335,0.053714152485093335,0.04894002191722393,False,True,16000,True,0.0001508954301243648,True,0.0020941654220223427,cpu,patch_nearest_normal,last2,14,0.05,False,,,0.0001330033701378852,0.00020260438468534505,True,True
2026-08-15 07:58:02,grid,monitor,C:/cira_batch_test/grid/good_18.png,good_18.png,anomaly,True,0.056101102381944656,0.056101102381944656,0.053714152485093335,0.053714152485093335,0.04894002191722393,False,False,16000,False,,False,0.0,cpu,patch_nearest_normal,last2,14,0.05,False,,,0.00011432460451032966,0.00020260438468534505,False,True
2026-08-15 07:58:04,grid,monitor,C:/cira_batch_test/grid/good_11.png,good_11.png,normal,False,0.00018125175847671926,2.9206276508375595e-07,0.053714152485093335,0.053714152485093335,0.04894002191722393,False,True,16000,True,0.00011388356506358832,True,0.0020692809484899044,cpu,patch_nearest_normal,last2,14,0.05,False,,,0.0001082397939171642,0.00020260438468534505,True,True
2026-08-15 07:58:05,grid,monitor,C:/cira_batch_test/grid/good_9.png,good_9.png,normal,False,4.556775093078613e-05,2.8014181907565217e-07,0.053714152485093335,0.053714152485093335,0.04894002191722393,False,True,16000,True,0.00012073196558048949,True,0.002068979199975729,cpu,patch_nearest_normal,last2,14,0.05,False,,,0.0001201488048536703,0.00020260438468534505,True,True
2026-08-15 07:58:07,grid,monitor,C:/cira_batch_test/grid/good_16.png,good_16.png,anomaly,True,0.05559935048222542,0.05559935048222542,0.053714152485093335,0.053714152485093335,0.04894002191722393,False,False,16000,False,,False,0.0,cpu,patch_nearest_normal,last2,14,0.05,False,,,0.00016806524945423007,0.00020260438468534505,False,True
2026-08-15 07:58:08,grid,monitor,C:/cira_batch_test/grid/bad_7.png,bad_7.png,anomaly,True,0.11563064903020859,0.11563064903020859,0.053714152485093335,0.053714152485093335,0.04894002191722393,False,False,16000,False,,False,0.0,cpu,patch_nearest_normal,last2,14,0.05,False,,,0.00011748989345505834,0.00020260438468534505,False,True
2026-08-15 07:58:11,grid,monitor,C:/cira_batch_test/grid/good_13.png,good_13.png,normal,False,0.00017599463171791285,2.682209014892578e-07,0.053714152485093335,0.053714152485093335,0.04894002191722393,False,True,16000,True,0.00010826776997419074,True,0.0020420625805854797,cpu,patch_nearest_normal,last2,14,0.05,True,C:\cira_ttl_checkpoints\grid\patch_memory_bank_update_20.pt,C:\cira_ttl_checkpoints\grid\patch_adapter_update_20.pt,0.00010615508654154837,0.00020260438468534505,True,True
2026-08-15 07:58:12,grid,monitor,C:/cira_batch_test/grid/good_5.png,good_5.png,anomaly,True,0.06447107344865799,0.06447107344865799,0.053714152485093335,0.053714152485093335,0.04894002191722393,False,False,16000,False,,False,0.0,cpu,patch_nearest_normal,last2,14,0.05,False,,,0.0001236491370946169,0.00020260438468534505,False,True
2026-08-15 07:58:13,grid,monitor,C:/cira_batch_test/grid/good_2.png,good_2.png,normal,False,0.052889108657836914,0.052889108657836914,0.053714152485093335,0.053714152485093335,0.04894002191722393,False,False,16000,False,,False,0.0,cpu,patch_nearest_normal,last2,14,0.05,False,,,0.00017912172188516706,0.00020260438468534505,False,True
2026-08-15 07:58:15,grid,monitor,C:/cira_batch_test/grid/bad_6.png,bad_6.png,normal,False,0.00040728450403548777,2.682209014892578e-07,0.053714152485093335,0.053714152485093335,0.04894002191722393,False,True,16000,True,0.00011729140533134341,True,0.002002244582399726,cpu,patch_nearest_normal,last2,14,0.05,False,,,0.00011010468006134033,0.00020260438468534505,True,True
2026-08-15 07:58:17,grid,monitor,C:/cira_batch_test/grid/bad_14.png,bad_14.png,anomaly,True,0.05434048920869827,0.05434048920869827,0.053714152485093335,0.053714152485093335,0.04894002191722393,False,False,16000,False,,False,0.0,cpu,patch_nearest_normal,last2,14,0.05,False,,,0.00010786711209220812,0.00020260438468534505,False,True
2026-08-15 07:58:18,grid,monitor,C:/cira_batch_test/grid/good_3.png,good_3.png,normal,False,0.051467686891555786,0.051467686891555786,0.053714152485093335,0.053714152485093335,0.04894002191722393,False,False,16000,False,,False,0.0,cpu,patch_nearest_normal,last2,14,0.05,False,,,0.0002031416806858033,0.00020260438468534505,False,False
2026-08-15 07:58:20,grid,monitor,C:/cira_batch_test/grid/bad_4.png,bad_4.png,anomaly,True,0.09540237486362457,0.09540237486362457,0.053714152485093335,0.053714152485093335,0.04894002191722393,False,False,16000,False,,False,0.0,cpu,patch_nearest_normal,last2,14,0.05,False,,,0.00011014357733074576,0.00020260438468534505,False,True
2026-08-15 07:58:21,grid,monitor,C:/cira_batch_test/grid/bad_15.png,bad_15.png,anomaly,True,0.06008582189679146,0.06008582189679146,0.053714152485093335,0.053714152485093335,0.04894002191722393,False,False,16000,False,,False,0.0,cpu,patch_nearest_normal,last2,14,0.05,False,,,0.00015613046707585454,0.00020260438468534505,False,True
2026-08-15 07:58:23,grid,monitor,C:/cira_batch_test/grid/good_8.png,good_8.png,normal,False,0.00012394189252518117,3.039836826701503e-07,0.053714152485093335,0.053714152485093335,0.04894002191722393,False,True,16000,True,0.00011175786494277418,True,0.0019759186543524265,cpu,patch_nearest_normal,last2,14,0.05,False,,,0.00011794328020187095,0.00020260438468534505,True,True
2026-08-15 07:58:25,grid,monitor,C:/cira_batch_test/grid/bad_3.png,bad_3.png,anomaly,True,0.06321154534816742,0.06321154534816742,0.053714152485093335,0.053714152485093335,0.04894002191722393,False,False,16000,False,,False,0.0,cpu,patch_nearest_normal,last2,14,0.05,False,,,0.00012068729847669601,0.00020260438468534505,False,True
2026-08-15 07:58:26,grid,monitor,C:/cira_batch_test/grid/bad_11.png,bad_11.png,anomaly,True,0.05750887840986252,0.05750887840986252,0.053714152485093335,0.053714152485093335,0.04894002191722393,False,False,16000,False,,False,0.0,cpu,patch_nearest_normal,last2,14,0.05,False,,,0.00017293023120146245,0.00020260438468534505,False,True
2026-08-15 07:58:28,grid,monitor,C:/cira_batch_test/grid/good_19.png,good_19.png,anomaly,True,0.06384894251823425,0.06384894251823425,0.053714152485093335,0.053714152485093335,0.04894002191722393,False,False,16000,False,,False,0.0,cpu,patch_nearest_normal,last2,14,0.05,False,,,0.0001178160309791565,0.00020260438468534505,False,True
2026-08-15 07:58:29,grid,monitor,C:/cira_batch_test/grid/good_12.png,good_12.png,normal,False,0.00030856131343171,3.099441414633475e-07,0.053714152485093335,0.053714152485093335,0.04894002191722393,False,True,16000,True,0.00014856872439850122,True,0.0019958456978201866,cpu,patch_nearest_normal,last2,14,0.05,False,,,0.00015105673810467124,0.00020260438468534505,True,True
2026-08-15 07:58:31,grid,monitor,C:/cira_batch_test/grid/good_15.png,good_15.png,normal,False,0.0002754986344370991,2.8610230629055877e-07,0.053714152485093335,0.053714152485093335,0.04894002191722393,False,True,16000,True,0.00012407444592099637,True,0.001970738172531128,cpu,patch_nearest_normal,last2,14,0.05,False,,,0.00012244605750311166,0.00020260438468534505,True,True
2026-08-15 07:58:33,grid,monitor,C:/cira_batch_test/grid/bad_17.png,bad_17.png,normal,False,0.04633263498544693,3.039836826701503e-07,0.053714152485093335,0.053714152485093335,0.04894002191722393,False,True,16000,True,9.512223186902702e-05,True,0.0019137830240651965,cpu,patch_nearest_normal,last2,14,0.05,False,,,8.82813983480446e-05,0.00020260438468534505,True,True
2026-08-15 07:58:34,grid,monitor,C:/cira_batch_test/grid/bad_19.png,bad_19.png,anomaly,True,0.095303975045681,0.095303975045681,0.053714152485093335,0.053714152485093335,0.04894002191722393,False,False,16000,False,,False,0.0,cpu,patch_nearest_normal,last2,14,0.05,False,,,0.0001462211221223697,0.00020260438468534505,False,True
2026-08-15 07:58:36,grid,monitor,C:/cira_batch_test/grid/bad_1.png,bad_1.png,anomaly,True,0.09023427218198776,0.09023427218198776,0.053714152485093335,0.053714152485093335,0.04894002191722393,False,False,16000,False,,False,0.0,cpu,patch_nearest_normal,last2,14,0.05,False,,,0.0001995112979784608,0.00020260438468534505,False,True
2026-08-15 07:58:37,grid,monitor,C:/cira_batch_test/grid/good_14.png,good_14.png,normal,False,0.04981373995542526,0.04981373995542526,0.053714152485093335,0.053714152485093335,0.04894002191722393,False,False,16000,False,,False,0.0,cpu,patch_nearest_normal,last2,14,0.05,False,,,0.00016230159963015467,0.00020260438468534505,False,True
2026-08-15 07:58:39,hazelnut,monitor,C:/cira_batch_test/hazelnut/good_1.png,good_1.png,normal,False,0.0004730999353341758,2.8610230629055877e-07,0.11622385221571559,0.11622385221571559,0.11048602908849717,False,True,16000,True,0.0001564185367897153,True,0.0023922312539070845,cpu,patch_nearest_normal,last2,14,0.05,False,,,0.00015441236610058695,0.00018771860486589,True,True
2026-08-15 07:58:41,hazelnut,monitor,C:/cira_batch_test/hazelnut/bad_16.png,bad_16.png,anomaly,True,0.23831775784492493,0.23831775784492493,0.11622385221571559,0.11622385221571559,0.11048602908849717,False,False,16000,False,,False,0.0,cpu,patch_nearest_normal,last2,14,0.05,False,,,0.00011797355546150357,0.00018771860486589,False,True
2026-08-15 07:58:42,hazelnut,monitor,C:/cira_batch_test/hazelnut/bad_20.png,bad_20.png,anomaly,True,0.2258002758026123,0.2258002758026123,0.11622385221571559,0.11622385221571559,0.11048602908849717,False,False,16000,False,,False,0.0,cpu,patch_nearest_normal,last2,14,0.05,False,,,0.0001315077388426289,0.00018771860486589,False,True
2026-08-15 07:58:44,hazelnut,monitor,C:/cira_batch_test/hazelnut/bad_12.png,bad_12.png,anomaly,True,0.1250225156545639,0.1250225156545639,0.11622385221571559,0.11622385221571559,0.11048602908849717,False,False,16000,False,,False,0.0,cpu,patch_nearest_normal,last2,14,0.05,False,,,0.00015714405162725598,0.00018771860486589,False,True
2026-08-15 07:58:46,hazelnut,monitor,C:/cira_batch_test/hazelnut/good_17.png,good_17.png,normal,False,0.1096045970916748,2.8610230629055877e-07,0.11622385221571559,0.11622385221571559,0.11048602908849717,False,True,16000,True,0.00018478662241250277,True,0.0024145403876900673,cpu,patch_nearest_normal,last2,14,0.05,True,C:\cira_ttl_checkpoints\hazelnut\patch_memory_bank_update_20.pt,C:\cira_ttl_checkpoints\hazelnut\patch_adapter_update_20.pt,0.00017190849757753313,0.00018771860486589,True,True
2026-08-15 07:58:47,hazelnut,monitor,C:/cira_batch_test/hazelnut/bad_9.png,bad_9.png,anomaly,True,0.15365472435951233,0.15365472435951233,0.11622385221571559,0.11622385221571559,0.11048602908849717,False,False,16000,False,,False,0.0,cpu,patch_nearest_normal,last2,14,0.05,False,,,0.00014681901666335762,0.00018771860486589,False,True
2026-08-15 07:58:49,hazelnut,monitor,C:/cira_batch_test/hazelnut/bad_18.png,bad_18.png,anomaly,True,0.2164529263973236,0.2164529263973236,0.11622385221571559,0.11622385221571559,0.11048602908849717,False,False,16000,False,,False,0.0,cpu,patch_nearest_normal,last2,14,0.05,False,,,0.00014388097042683512,0.00018771860486589,False,True
2026-08-15 07:58:50,hazelnut,monitor,C:/cira_batch_test/hazelnut/bad_13.png,bad_13.png,anomaly,True,0.12076268345117569,0.12076268345117569,0.11622385221571559,0.11622385221571559,0.11048602908849717,False,False,16000,False,,False,0.0,cpu,patch_nearest_normal,last2,14,0.05,False,,,0.00013809544907417148,0.00018771860486589,False,True
2026-08-15 07:58:52,hazelnut,monitor,C:/cira_batch_test/hazelnut/bad_2.png,bad_2.png,anomaly,True,0.1933658868074417,0.1933658868074417,0.11622385221571559,0.11622385221571559,0.11048602908849717,False,False,16000,False,,False,0.0,cpu,patch_nearest_normal,last2,14,0.05,False,,,0.00017218018183484674,0.00018771860486589,False,True
2026-08-15 07:58:53,hazelnut,monitor,C:/cira_batch_test/hazelnut/good_6.png,good_6.png,anomaly,True,0.12548205256462097,0.12548205256462097,0.11622385221571559,0.11622385221571559,0.11048602908849717,False,False,16000,False,,False,0.0,cpu,patch_nearest_normal,last2,14,0.05,False,,,0.0001248242479050532,0.00018771860486589,False,True
2026-08-15 07:58:55,hazelnut,monitor,C:/cira_batch_test/hazelnut/good_10.png,good_10.png,normal,False,0.000528359436430037,2.8014181907565217e-07,0.11622385221571559,0.11622385221571559,0.11048602908849717,False,True,16000,True,0.00015246309340000153,True,0.0023936869110912085,cpu,patch_nearest_normal,last2,14,0.05,False,,,0.00015899352729320526,0.00018771860486589,True,True
2026-08-15 07:58:57,hazelnut,monitor,C:/cira_batch_test/hazelnut/good_7.png,good_7.png,normal,False,4.107355925953016e-05,2.2649764730431343e-07,0.11622385221571559,0.11622385221571559,0.11048602908849717,False,True,16000,True,0.00014991010539233685,True,0.0023981062695384026,cpu,patch_nearest_normal,last2,14,0.05,False,,,0.00014418309729080647,0.00018771860486589,True,True
2026-08-15 07:58:59,hazelnut,monitor,C:/cira_batch_test/hazelnut/bad_8.png,bad_8.png,anomaly,True,0.1608513742685318,0.1608513742685318,0.11622385221571559,0.11622385221571559,0.11048602908849717,False,False,16000,False,,False,0.0,cpu,patch_nearest_normal,last2,14,0.05,False,,,0.00014979357365518808,0.00018771860486589,False,True
2026-08-15 07:59:00,hazelnut,monitor,C:/cira_batch_test/hazelnut/bad_10.png,bad_10.png,anomaly,True,0.2378542125225067,0.2378542125225067,0.11622385221571559,0.11622385221571559,0.11048602908849717,False,False,16000,False,,False,0.0,cpu,patch_nearest_normal,last2,14,0.05,False,,,0.00014866853598505259,0.00018771860486589,False,True
2026-08-15 07:59:02,hazelnut,monitor,C:/cira_batch_test/hazelnut/good_4.png,good_4.png,normal,False,0.00010453462891746312,3.099441414633475e-07,0.11622385221571559,0.11622385221571559,0.11048602908849717,False,True,16000,True,0.00015211172285489738,True,0.002403033897280693,cpu,patch_nearest_normal,last2,14,0.05,False,,,0.00014582347648683935,0.00018771860486589,True,True
2026-08-15 07:59:04,hazelnut,monitor,C:/cira_batch_test/hazelnut/bad_5.png,bad_5.png,anomaly,True,0.1634030044078827,0.1634030044078827,0.11622385221571559,0.11622385221571559,0.11048602908849717,False,False,16000,False,,False,0.0,cpu,patch_nearest_normal,last2,14,0.05,False,,,0.00014947663294151425,0.00018771860486589,False,True
2026-08-15 07:59:05,hazelnut,monitor,C:/cira_batch_test/hazelnut/good_20.png,good_20.png,normal,False,0.00019622445688582957,2.74181360282455e-07,0.11622385221571559,0.11622385221571559,0.11048602908849717,False,True,16000,True,0.00015462849114555866,True,0.002395705319941044,cpu,patch_nearest_normal,last2,14,0.05,False,,,0.00015552426339127123,0.00018771860486589,True,True
2026-08-15 07:59:07,hazelnut,monitor,C:/cira_batch_test/hazelnut/good_18.png,good_18.png,normal,False,0.0003642261144705117,2.9206276508375595e-07,0.11622385221571559,0.11622385221571559,0.11048602908849717,False,True,16000,True,0.00014701375039294362,True,0.0023849396966397762,cpu,patch_nearest_normal,last2,14,0.05,False,,,0.0001579886447871104,0.00018771860486589,True,True
2026-08-15 07:59:09,hazelnut,monitor,C:/cira_batch_test/hazelnut/good_11.png,good_11.png,normal,False,0.000785702490247786,2.8014181907565217e-07,0.11622385221571559,0.11622385221571559,0.11048602908849717,False,True,16000,True,0.00014310253027360886,True,0.002361054765060544,cpu,patch_nearest_normal,last2,14,0.05,False,,,0.00014777314208913594,0.00018771860486589,True,True
2026-08-15 07:59:11,hazelnut,monitor,C:/cira_batch_test/hazelnut/good_9.png,good_9.png,normal,False,0.00010474920418346301,2.8014181907565217e-07,0.11622385221571559,0.11622385221571559,0.11048602908849717,False,True,16000,True,0.00016057677567005157,True,0.0023743254132568836,cpu,patch_nearest_normal,last2,14,0.05,False,,,0.00013826061331201345,0.00018771860486589,True,True
2026-08-15 07:59:12,hazelnut,monitor,C:/cira_batch_test/hazelnut/good_16.png,good_16.png,normal,False,0.0005811214214190841,2.9206276508375595e-07,0.11622385221571559,0.11622385221571559,0.11048602908849717,False,True,16000,True,0.00015149162209127098,True,0.002363549778237939,cpu,patch_nearest_normal,last2,14,0.05,False,,,0.00014092138735577464,0.00018771860486589,True,True
2026-08-15 07:59:14,hazelnut,monitor,C:/cira_batch_test/hazelnut/bad_7.png,bad_7.png,anomaly,True,0.20422759652137756,0.20422759652137756,0.11622385221571559,0.11622385221571559,0.11048602908849717,False,False,16000,False,,False,0.0,cpu,patch_nearest_normal,last2,14,0.05,False,,,0.00012644811067730188,0.00018771860486589,False,True
2026-08-15 07:59:16,hazelnut,monitor,C:/cira_batch_test/hazelnut/good_13.png,good_13.png,normal,False,0.0008529186015948653,3.2782554626464844e-07,0.11622385221571559,0.11622385221571559,0.11048602908849717,False,True,16000,True,0.00014679579180665314,True,0.0023549837060272694,cpu,patch_nearest_normal,last2,14,0.05,False,,,0.00014090909098740667,0.00018771860486589,True,True
2026-08-15 07:59:18,hazelnut,monitor,C:/cira_batch_test/hazelnut/good_5.png,good_5.png,normal,False,0.0003171086427755654,2.980232238769531e-07,0.11622385221571559,0.11622385221571559,0.11048602908849717,False,True,16000,True,0.00014298064343165606,True,0.002351472619920969,cpu,patch_nearest_normal,last2,14,0.05,True,C:\cira_ttl_checkpoints\hazelnut\patch_memory_bank_update_30.pt,C:\cira_ttl_checkpoints\hazelnut\patch_adapter_update_30.pt,0.00013538837083615363,0.00018771860486589,True,True
2026-08-15 07:59:19,hazelnut,monitor,C:/cira_batch_test/hazelnut/good_2.png,good_2.png,normal,False,0.0005811810260638595,2.5629998390286346e-07,0.11622385221571559,0.11622385221571559,0.11048602908849717,False,True,16000,True,0.00016110861906781793,True,0.0023587802425026894,cpu,patch_nearest_normal,last2,14,0.05,False,,,0.00014286822988651693,0.00018771860486589,True,True
2026-08-15 07:59:21,hazelnut,monitor,C:/cira_batch_test/hazelnut/bad_6.png,bad_6.png,anomaly,True,0.21000146865844727,0.21000146865844727,0.11622385221571559,0.11622385221571559,0.11048602908849717,False,False,16000,False,,False,0.0,cpu,patch_nearest_normal,last2,14,0.05,False,,,0.000134502217406407,0.00018771860486589,False,True
2026-08-15 07:59:22,hazelnut,monitor,C:/cira_batch_test/hazelnut/bad_14.png,bad_14.png,anomaly,True,0.20867428183555603,0.20867428183555603,0.11622385221571559,0.11622385221571559,0.11048602908849717,False,False,16000,False,,False,0.0,cpu,patch_nearest_normal,last2,14,0.05,False,,,0.00013436039444059134,0.00018771860486589,False,True
2026-08-15 07:59:24,hazelnut,monitor,C:/cira_batch_test/hazelnut/good_3.png,good_3.png,normal,False,0.0005230962997302413,2.980232238769531e-07,0.11622385221571559,0.11622385221571559,0.11048602908849717,False,True,16000,True,0.00014019472291693091,True,0.002358153695240617,cpu,patch_nearest_normal,last2,14,0.05,False,,,0.00013940349163021892,0.00018771860486589,True,True
2026-08-15 07:59:26,hazelnut,monitor,C:/cira_batch_test/hazelnut/bad_4.png,bad_4.png,anomaly,True,0.21597930788993835,0.21597930788993835,0.11622385221571559,0.11622385221571559,0.11048602908849717,False,False,16000,False,,False,0.0,cpu,patch_nearest_normal,last2,14,0.05,False,,,0.00013359190779738128,0.00018771860486589,False,True
2026-08-15 07:59:27,hazelnut,monitor,C:/cira_batch_test/hazelnut/bad_15.png,bad_15.png,anomaly,True,0.22235257923603058,0.22235257923603058,0.11622385221571559,0.11622385221571559,0.11048602908849717,False,False,16000,False,,False,0.0,cpu,patch_nearest_normal,last2,14,0.05,False,,,0.0001413716236129403,0.00018771860486589,False,True
2026-08-15 07:59:29,hazelnut,monitor,C:/cira_batch_test/hazelnut/good_8.png,good_8.png,normal,False,0.00036238430766388774,2.8610230629055877e-07,0.11622385221571559,0.11622385221571559,0.11048602908849717,False,True,16000,True,0.0001450016425224021,True,0.002358754863962531,cpu,patch_nearest_normal,last2,14,0.05,False,,,0.00014492517220787704,0.00018771860486589,True,True
2026-08-15 07:59:30,hazelnut,monitor,C:/cira_batch_test/hazelnut/bad_3.png,bad_3.png,anomaly,True,0.20956698060035706,0.20956698060035706,0.11622385221571559,0.11622385221571559,0.11048602908849717,False,False,16000,False,,False,0.0,cpu,patch_nearest_normal,last2,14,0.05,False,,,0.00014941567496862262,0.00018771860486589,False,True
2026-08-15 07:59:32,hazelnut,monitor,C:/cira_batch_test/hazelnut/bad_11.png,bad_11.png,anomaly,True,0.2042551040649414,0.2042551040649414,0.11622385221571559,0.11622385221571559,0.11048602908849717,False,False,16000,False,,False,0.0,cpu,patch_nearest_normal,last2,14,0.05,False,,,0.00015066575724631548,0.00018771860486589,False,True
2026-08-15 07:59:34,hazelnut,monitor,C:/cira_batch_test/hazelnut/good_19.png,good_19.png,normal,False,0.0008487880113534629,2.443790378947597e-07,0.11622385221571559,0.11622385221571559,0.11048602908849717,False,True,16000,True,0.00013961081276647747,True,0.0023460700176656246,cpu,patch_nearest_normal,last2,14,0.05,False,,,0.00013301715080160648,0.00018771860486589,True,True
2026-08-15 07:59:36,hazelnut,monitor,C:/cira_batch_test/hazelnut/good_12.png,good_12.png,normal,False,0.0014393329620361328,2.8610230629055877e-07,0.11622385221571559,0.11622385221571559,0.11048602908849717,False,True,16000,True,0.0001489699789090082,True,0.0023436606861650944,cpu,patch_nearest_normal,last2,14,0.05,False,,,0.00015627534594386816,0.00018771860486589,True,True
2026-08-15 07:59:38,hazelnut,monitor,C:/cira_batch_test/hazelnut/good_15.png,good_15.png,normal,False,0.0012488901847973466,2.2649764730431343e-07,0.11622385221571559,0.11622385221571559,0.11048602908849717,False,True,16000,True,0.0001578068477101624,True,0.002336360514163971,cpu,patch_nearest_normal,last2,14,0.05,False,,,0.00014040875248610973,0.00018771860486589,True,True
2026-08-15 07:59:39,hazelnut,monitor,C:/cira_batch_test/hazelnut/bad_17.png,bad_17.png,anomaly,True,0.220793679356575,0.220793679356575,0.11622385221571559,0.11622385221571559,0.11048602908849717,False,False,16000,False,,False,0.0,cpu,patch_nearest_normal,last2,14,0.05,False,,,0.000131402732222341,0.00018771860486589,False,True
2026-08-15 07:59:41,hazelnut,monitor,C:/cira_batch_test/hazelnut/bad_19.png,bad_19.png,anomaly,True,0.12172138690948486,0.12172138690948486,0.11622385221571559,0.11622385221571559,0.11048602908849717,False,False,16000,False,,False,0.0,cpu,patch_nearest_normal,last2,14,0.05,False,,,0.000112490939500276,0.00018771860486589,False,True
2026-08-15 07:59:42,hazelnut,monitor,C:/cira_batch_test/hazelnut/bad_1.png,bad_1.png,anomaly,True,0.15604974329471588,0.15604974329471588,0.11622385221571559,0.11622385221571559,0.11048602908849717,False,False,16000,False,,False,0.0,cpu,patch_nearest_normal,last2,14,0.05,False,,,0.00014971281052567065,0.00018771860486589,False,True
2026-08-15 07:59:44,hazelnut,monitor,C:/cira_batch_test/hazelnut/good_14.png,good_14.png,normal,False,0.0014377773040905595,3.2186508747145126e-07,0.11622385221571559,0.11622385221571559,0.11048602908849717,False,True,16000,True,0.00014506887237075716,True,0.0023283157497644424,cpu,patch_nearest_normal,last2,14,0.05,False,,,0.00013528740964829922,0.00018771860486589,True,True
2026-08-15 07:59:46,leather,monitor,C:/cira_batch_test/leather/good_1.png,good_1.png,normal,False,0.03178973123431206,0.03178973123431206,0.03417175290126485,0.03417175290126485,0.030724090337753297,False,False,16000,False,,False,0.0,cpu,patch_nearest_normal,last2,14,0.05,False,,,0.00012058969878125936,0.000215753776865275,False,True
2026-08-15 07:59:47,leather,monitor,C:/cira_batch_test/leather/bad_16.png,bad_16.png,anomaly,True,0.036267757415771484,0.036267757415771484,0.03417175290126485,0.03417175290126485,0.030724090337753297,False,False,16000,False,,False,0.0,cpu,patch_nearest_normal,last2,14,0.05,False,,,0.00012065565533703193,0.000215753776865275,False,True
2026-08-15 07:59:49,leather,monitor,C:/cira_batch_test/leather/bad_20.png,bad_20.png,anomaly,True,0.09984786808490753,0.09984786808490753,0.03417175290126485,0.03417175290126485,0.030724090337753297,False,False,16000,False,,False,0.0,cpu,patch_nearest_normal,last2,14,0.05,False,,,0.00016847335791680962,0.000215753776865275,False,True
2026-08-15 07:59:50,leather,monitor,C:/cira_batch_test/leather/bad_12.png,bad_12.png,anomaly,True,0.37336915731430054,0.37336915731430054,0.03417175290126485,0.03417175290126485,0.030724090337753297,False,False,16000,False,,False,0.0,cpu,patch_nearest_normal,last2,14,0.05,False,,,0.0001203442516271025,0.000215753776865275,False,True
2026-08-15 07:59:52,leather,monitor,C:/cira_batch_test/leather/good_17.png,good_17.png,normal,False,5.411505844676867e-05,3.099441414633475e-07,0.03417175290126485,0.03417175290126485,0.030724090337753297,False,True,16000,True,0.00013632283662445843,True,0.002718138275668025,cpu,patch_nearest_normal,last2,14,0.05,False,,,0.0001402685884386301,0.000215753776865275,True,True
2026-08-15 07:59:54,leather,monitor,C:/cira_batch_test/leather/bad_9.png,bad_9.png,normal,False,0.03042711690068245,3.8743019104003906e-07,0.03417175290126485,0.03417175290126485,0.030724090337753297,False,True,16000,True,0.00013867799134459347,True,0.0026996289379894733,cpu,patch_nearest_normal,last2,14,0.05,False,,,0.00012980433530174196,0.000215753776865275,True,True
2026-08-15 07:59:55,leather,monitor,C:/cira_batch_test/leather/bad_18.png,bad_18.png,normal,False,0.03249717503786087,0.03249717503786087,0.03417175290126485,0.03417175290126485,0.030724090337753297,False,False,16000,False,,False,0.0,cpu,patch_nearest_normal,last2,14,0.05,False,,,0.0001161308100563474,0.000215753776865275,False,True
2026-08-15 07:59:57,leather,monitor,C:/cira_batch_test/leather/bad_13.png,bad_13.png,normal,False,0.03003113903105259,2.9206276508375595e-07,0.03417175290126485,0.03417175290126485,0.030724090337753297,False,True,16000,True,0.00013901513011660427,True,0.002689903602004051,cpu,patch_nearest_normal,last2,14,0.05,True,C:\cira_ttl_checkpoints\leather\patch_memory_bank_update_10.pt,C:\cira_ttl_checkpoints\leather\patch_adapter_update_10.pt,0.00012723574764095247,0.000215753776865275,True,True
2026-08-15 07:59:59,leather,monitor,C:/cira_batch_test/leather/bad_2.png,bad_2.png,anomaly,True,0.2687563896179199,0.2687563896179199,0.03417175290126485,0.03417175290126485,0.030724090337753297,False,False,16000,False,,False,0.0,cpu,patch_nearest_normal,last2,14,0.05,False,,,0.00010096951154991984,0.000215753776865275,False,True
2026-08-15 08:00:00,leather,monitor,C:/cira_batch_test/leather/good_6.png,good_6.png,normal,False,0.03158178925514221,0.03158178925514221,0.03417175290126485,0.03417175290126485,0.030724090337753297,False,False,16000,False,,False,0.0,cpu,patch_nearest_normal,last2,14,0.05,False,,,0.00014168724010232836,0.000215753776865275,False,True
2026-08-15 08:00:02,leather,monitor,C:/cira_batch_test/leather/good_10.png,good_10.png,normal,False,0.029443800449371338,2.8610230629055877e-07,0.03417175290126485,0.03417175290126485,0.030724090337753297,False,True,16000,True,0.00013846407819073647,True,0.0026884169783443213,cpu,patch_nearest_normal,last2,14,0.05,False,,,0.0001238654222106561,0.000215753776865275,True,True
2026-08-15 08:00:04,leather,monitor,C:/cira_batch_test/leather/good_7.png,good_7.png,normal,False,0.026311242952942848,3.039836826701503e-07,0.03417175290126485,0.03417175290126485,0.030724090337753297,False,True,16000,True,0.00012265206896699965,True,0.002681977115571499,cpu,patch_nearest_normal,last2,14,0.05,False,,,0.00011407609417801723,0.000215753776865275,True,True
2026-08-15 08:00:05,leather,monitor,C:/cira_batch_test/leather/bad_8.png,bad_8.png,anomaly,True,0.039701420813798904,0.039701420813798904,0.03417175290126485,0.03417175290126485,0.030724090337753297,False,False,16000,False,,False,0.0,cpu,patch_nearest_normal,last2,14,0.05,False,,,0.00016061581845860928,0.000215753776865275,False,True
2026-08-15 08:00:07,leather,monitor,C:/cira_batch_test/leather/bad_10.png,bad_10.png,anomaly,True,0.07914207875728607,0.07914207875728607,0.03417175290126485,0.03417175290126485,0.030724090337753297,False,False,16000,False,,False,0.0,cpu,patch_nearest_normal,last2,14,0.05,False,,,0.00012805790174752474,0.000215753776865275,False,True
2026-08-15 08:00:09,leather,monitor,C:/cira_batch_test/leather/good_4.png,good_4.png,normal,False,0.030833125114440918,0.030833125114440918,0.03417175290126485,0.03417175290126485,0.030724090337753297,False,False,16000,False,,False,0.0,cpu,patch_nearest_normal,last2,14,0.05,False,,,0.00010921673674602062,0.000215753776865275,False,True
2026-08-15 08:00:10,leather,monitor,C:/cira_batch_test/leather/bad_5.png,bad_5.png,anomaly,True,0.04016292095184326,0.04016292095184326,0.03417175290126485,0.03417175290126485,0.030724090337753297,False,False,16000,False,,False,0.0,cpu,patch_nearest_normal,last2,14,0.05,False,,,0.00012090754898963496,0.000215753776865275,False,True
2026-08-15 08:00:12,leather,monitor,C:/cira_batch_test/leather/good_20.png,good_20.png,normal,False,7.49826431274414e-05,2.8610230629055877e-07,0.03417175290126485,0.03417175290126485,0.030724090337753297,False,True,16000,True,0.00012896953558083624,True,0.002690620720386505,cpu,patch_nearest_normal,last2,14,0.05,False,,,0.00013430521357804537,0.000215753776865275,True,True
2026-08-15 08:00:14,leather,monitor,C:/cira_batch_test/leather/good_18.png,good_18.png,normal,False,0.00020936131477355957,2.9206276508375595e-07,0.03417175290126485,0.03417175290126485,0.030724090337753297,False,True,16000,True,0.0001285451726289466,True,0.0026941278483718634,cpu,patch_nearest_normal,last2,14,0.05,False,,,0.00012811737542506307,0.000215753776865275,True,True
2026-08-15 08:00:15,leather,monitor,C:/cira_batch_test/leather/good_11.png,good_11.png,normal,False,0.02892736718058586,3.5762786865234375e-07,0.03417175290126485,0.03417175290126485,0.030724090337753297,False,True,16000,True,0.00011779097258113325,True,0.002679728902876377,cpu,patch_nearest_normal,last2,14,0.05,False,,,0.00011000077211065218,0.000215753776865275,True,True
2026-08-15 08:00:17,leather,monitor,C:/cira_batch_test/leather/good_9.png,good_9.png,normal,False,0.0001324474869761616,3.099441414633475e-07,0.03417175290126485,0.03417175290126485,0.030724090337753297,False,True,16000,True,0.00012563980999402702,True,0.002681165235117078,cpu,patch_nearest_normal,last2,14,0.05,False,,,0.00012380490079522133,0.000215753776865275,True,True
2026-08-15 08:00:19,leather,monitor,C:/cira_batch_test/leather/good_16.png,good_16.png,normal,False,0.028979962691664696,2.8014181907565217e-07,0.03417175290126485,0.03417175290126485,0.030724090337753297,False,True,16000,True,0.00015621328202541918,True,0.0026937269140034914,cpu,patch_nearest_normal,last2,14,0.05,False,,,0.0001459828927181661,0.000215753776865275,True,True
2026-08-15 08:00:21,leather,monitor,C:/cira_batch_test/leather/bad_7.png,bad_7.png,anomaly,True,0.18584778904914856,0.18584778904914856,0.03417175290126485,0.03417175290126485,0.030724090337753297,False,False,16000,False,,False,0.0,cpu,patch_nearest_normal,last2,14,0.05,False,,,0.00014573981752619147,0.000215753776865275,False,True
2026-08-15 08:00:22,leather,monitor,C:/cira_batch_test/leather/good_13.png,good_13.png,anomaly,True,0.034251868724823,0.034251868724823,0.03417175290126485,0.03417175290126485,0.030724090337753297,False,False,16000,False,,False,0.0,cpu,patch_nearest_normal,last2,14,0.05,False,,,0.00012573190906550735,0.000215753776865275,False,True
2026-08-15 08:00:24,leather,monitor,C:/cira_batch_test/leather/good_5.png,good_5.png,normal,False,0.02759578824043274,3.635883274455409e-07,0.03417175290126485,0.03417175290126485,0.030724090337753297,False,True,16000,True,0.00012224518286529928,True,0.0026930139865726233,cpu,patch_nearest_normal,last2,14,0.05,False,,,0.00011896623618667945,0.000215753776865275,True,True
2026-08-15 08:00:26,leather,monitor,C:/cira_batch_test/leather/good_2.png,good_2.png,normal,False,0.0003501892206259072,3.159046286782541e-07,0.03417175290126485,0.03417175290126485,0.030724090337753297,False,True,16000,True,0.00011183573951711878,True,0.0026706517674028873,cpu,patch_nearest_normal,last2,14,0.05,False,,,0.00011372984590707347,0.000215753776865275,True,True
2026-08-15 08:00:27,leather,monitor,C:/cira_batch_test/leather/bad_6.png,bad_6.png,anomaly,True,0.034977495670318604,0.034977495670318604,0.03417175290126485,0.03417175290126485,0.030724090337753297,False,False,16000,False,,False,0.0,cpu,patch_nearest_normal,last2,14,0.05,False,,,0.0001274069945793599,0.000215753776865275,False,True
2026-08-15 08:00:29,leather,monitor,C:/cira_batch_test/leather/bad_14.png,bad_14.png,anomaly,True,0.3570903539657593,0.3570903539657593,0.03417175290126485,0.03417175290126485,0.030724090337753297,False,False,16000,False,,False,0.0,cpu,patch_nearest_normal,last2,14,0.05,False,,,0.00010872470011236146,0.000215753776865275,False,True
2026-08-15 08:00:31,leather,monitor,C:/cira_batch_test/leather/good_3.png,good_3.png,normal,False,0.028149669989943504,3.516674098591466e-07,0.03417175290126485,0.03417175290126485,0.030724090337753297,False,True,16000,True,0.0001373633713228628,True,0.002675991738215089,cpu,patch_nearest_normal,last2,14,0.05,True,C:\cira_ttl_checkpoints\leather\patch_memory_bank_update_20.pt,C:\cira_ttl_checkpoints\leather\patch_adapter_update_20.pt,0.00012844234879594296,0.000215753776865275,True,True
2026-08-15 08:00:32,leather,monitor,C:/cira_batch_test/leather/bad_4.png,bad_4.png,anomaly,True,0.0722869262099266,0.0722869262099266,0.03417175290126485,0.03417175290126485,0.030724090337753297,False,False,16000,False,,False,0.0,cpu,patch_nearest_normal,last2,14,0.05,False,,,0.0001528923021396622,0.000215753776865275,False,True
2026-08-15 08:00:34,leather,monitor,C:/cira_batch_test/leather/bad_15.png,bad_15.png,anomaly,True,0.13219782710075378,0.13219782710075378,0.03417175290126485,0.03417175290126485,0.030724090337753297,False,False,16000,False,,False,0.0,cpu,patch_nearest_normal,last2,14,0.05,False,,,0.00012758353841491044,0.000215753776865275,False,True
2026-08-15 08:00:36,leather,monitor,C:/cira_batch_test/leather/good_8.png,good_8.png,normal,False,0.026910340413451195,2.682209014892578e-07,0.03417175290126485,0.03417175290126485,0.030724090337753297,False,True,16000,True,0.00012437893019523472,True,0.002673134207725525,cpu,patch_nearest_normal,last2,14,0.05,False,,,0.00011115040979348123,0.000215753776865275,True,True
2026-08-15 08:00:37,leather,monitor,C:/cira_batch_test/leather/bad_3.png,bad_3.png,anomaly,True,0.3862009048461914,0.3862009048461914,0.03417175290126485,0.03417175290126485,0.030724090337753297,False,False,16000,False,,False,0.0,cpu,patch_nearest_normal,last2,14,0.05,False,,,0.0001720321160973981,0.000215753776865275,False,True
2026-08-15 08:00:39,leather,monitor,C:/cira_batch_test/leather/bad_11.png,bad_11.png,anomaly,True,0.3896403908729553,0.3896403908729553,0.03417175290126485,0.03417175290126485,0.030724090337753297,False,False,16000,False,,False,0.0,cpu,patch_nearest_normal,last2,14,0.05,False,,,0.00017456727800890803,0.000215753776865275,False,True
2026-08-15 08:00:40,leather,monitor,C:/cira_batch_test/leather/good_19.png,good_19.png,normal,False,0.0005963623407296836,3.2186508747145126e-07,0.03417175290126485,0.03417175290126485,0.030724090337753297,False,True,16000,True,0.00014899493544362485,True,0.002682467456907034,cpu,patch_nearest_normal,last2,14,0.05,False,,,0.00014180275320541114,0.000215753776865275,True,True
2026-08-15 08:00:42,leather,monitor,C:/cira_batch_test/leather/good_12.png,good_12.png,normal,False,0.02908262610435486,2.980232238769531e-07,0.03417175290126485,0.03417175290126485,0.030724090337753297,False,True,16000,True,0.00010873952851397917,True,0.002668282948434353,cpu,patch_nearest_normal,last2,14,0.05,False,,,0.00010550539445830509,0.000215753776865275,True,True
2026-08-15 08:00:44,leather,monitor,C:/cira_batch_test/leather/good_15.png,good_15.png,normal,False,0.001001465367153287,3.695487862387381e-07,0.03417175290126485,0.03417175290126485,0.030724090337753297,False,True,16000,True,0.00016422152111772448,True,0.0026889722794294357,cpu,patch_nearest_normal,last2,14,0.05,False,,,0.0001648429170018062,0.000215753776865275,True,True
2026-08-15 08:00:46,leather,monitor,C:/cira_batch_test/leather/bad_17.png,bad_17.png,anomaly,True,0.2398006021976471,0.2398006021976471,0.03417175290126485,0.03417175290126485,0.030724090337753297,False,False,16000,False,,False,0.0,cpu,patch_nearest_normal,last2,14,0.05,False,,,0.00017311279952991754,0.000215753776865275,False,True
2026-08-15 08:00:47,leather,monitor,C:/cira_batch_test/leather/bad_19.png,bad_19.png,normal,False,0.03065713681280613,3.516674098591466e-07,0.03417175290126485,0.03417175290126485,0.030724090337753297,False,True,16000,True,0.00018926657503470778,True,0.002711530542001128,cpu,patch_nearest_normal,last2,14,0.05,False,,,0.00017933851631823927,0.000215753776865275,True,True
2026-08-15 08:00:49,leather,monitor,C:/cira_batch_test/leather/bad_1.png,bad_1.png,anomaly,True,0.04579450935125351,0.04579450935125351,0.03417175290126485,0.03417175290126485,0.030724090337753297,False,False,16000,False,,False,0.0,cpu,patch_nearest_normal,last2,14,0.05,False,,,0.00013698788825422525,0.000215753776865275,False,True
2026-08-15 08:00:51,leather,monitor,C:/cira_batch_test/leather/good_14.png,good_14.png,anomaly,True,0.0358586423099041,0.0358586423099041,0.03417175290126485,0.03417175290126485,0.030724090337753297,False,False,16000,False,,False,0.0,cpu,patch_nearest_normal,last2,14,0.05,False,,,0.00011418153735576198,0.000215753776865275,False,True
2026-08-15 08:00:52,metal_nut,monitor,C:/cira_batch_test/metal_nut/good_1.png,good_1.png,normal,False,0.0001832902489695698,2.74181360282455e-07,0.07371339670893942,0.07371339670893942,0.06968219578266144,False,True,16000,True,9.114274871535599e-05,True,0.002490585669875145,cpu,patch_nearest_normal,last2,14,0.05,False,,,9.105459321290255e-05,0.00010222778946618,True,True
2026-08-15 08:00:54,metal_nut,monitor,C:/cira_batch_test/metal_nut/bad_16.png,bad_16.png,anomaly,True,0.1840101033449173,0.1840101033449173,0.07371339670893942,0.07371339670893942,0.06968219578266144,False,False,16000,False,,False,0.0,cpu,patch_nearest_normal,last2,14,0.05,False,,,0.0001076817570719868,0.00010222778946618,False,False
2026-08-15 08:00:55,metal_nut,monitor,C:/cira_batch_test/metal_nut/bad_20.png,bad_20.png,anomaly,True,0.16249045729637146,0.16249045729637146,0.07371339670893942,0.07371339670893942,0.06968219578266144,False,False,16000,False,,False,0.0,cpu,patch_nearest_normal,last2,14,0.05,False,,,0.00010550369916018099,0.00010222778946618,False,False
2026-08-15 08:00:57,metal_nut,monitor,C:/cira_batch_test/metal_nut/bad_12.png,bad_12.png,anomaly,True,0.11628236621618271,0.11628236621618271,0.07371339670893942,0.07371339670893942,0.06968219578266144,False,False,16000,False,,False,0.0,cpu,patch_nearest_normal,last2,14,0.05,False,,,9.639979543862864e-05,0.00010222778946618,False,True
2026-08-15 08:00:58,metal_nut,monitor,C:/cira_batch_test/metal_nut/good_17.png,good_17.png,anomaly,True,0.08500757068395615,0.08500757068395615,0.07371339670893942,0.07371339670893942,0.06968219578266144,False,False,16000,False,,False,0.0,cpu,patch_nearest_normal,last2,14,0.05,False,,,0.00010414256394142285,0.00010222778946618,False,False
2026-08-15 08:01:00,metal_nut,monitor,C:/cira_batch_test/metal_nut/bad_9.png,bad_9.png,anomaly,True,0.16065332293510437,0.16065332293510437,0.07371339670893942,0.07371339670893942,0.06968219578266144,False,False,16000,False,,False,0.0,cpu,patch_nearest_normal,last2,14,0.05,False,,,0.00010079752973979339,0.00010222778946618,False,True
2026-08-15 08:01:01,metal_nut,monitor,C:/cira_batch_test/metal_nut/bad_18.png,bad_18.png,anomaly,True,0.1250055432319641,0.1250055432319641,0.07371339670893942,0.07371339670893942,0.06968219578266144,False,False,16000,False,,False,0.0,cpu,patch_nearest_normal,last2,14,0.05,False,,,0.00010717612894950435,0.00010222778946618,False,False
2026-08-15 08:01:02,metal_nut,monitor,C:/cira_batch_test/metal_nut/bad_13.png,bad_13.png,anomaly,True,0.1842297911643982,0.1842297911643982,0.07371339670893942,0.07371339670893942,0.06968219578266144,False,False,16000,False,,False,0.0,cpu,patch_nearest_normal,last2,14,0.05,False,,,0.00010912738071056083,0.00010222778946618,False,False
2026-08-15 08:01:04,metal_nut,monitor,C:/cira_batch_test/metal_nut/bad_2.png,bad_2.png,anomaly,True,0.07509656995534897,0.07509656995534897,0.07371339670893942,0.07371339670893942,0.06968219578266144,False,False,16000,False,,False,0.0,cpu,patch_nearest_normal,last2,14,0.05,False,,,0.00010944192035822198,0.00010222778946618,False,False
2026-08-15 08:01:05,metal_nut,monitor,C:/cira_batch_test/metal_nut/good_6.png,good_6.png,normal,False,7.3909759521484375e-06,7.3909759521484375e-06,0.07371339670893942,0.07371339670893942,0.06968219578266144,False,False,16000,False,,False,0.0,cpu,patch_nearest_normal,last2,14,0.05,False,,,0.00010430555994389579,0.00010222778946618,True,False
2026-08-15 08:01:07,metal_nut,monitor,C:/cira_batch_test/metal_nut/good_10.png,good_10.png,normal,False,0.07359908521175385,0.07359908521175385,0.07371339670893942,0.07371339670893942,0.06968219578266144,False,False,16000,False,,False,0.0,cpu,patch_nearest_normal,last2,14,0.05,False,,,9.246501576853916e-05,0.00010222778946618,False,True
2026-08-15 08:01:08,metal_nut,monitor,C:/cira_batch_test/metal_nut/good_7.png,good_7.png,normal,False,2.0444392703211633e-06,2.682209014892578e-07,0.07371339670893942,0.07371339670893942,0.06968219578266144,False,True,16000,True,9.898121061269194e-05,True,0.002485960256308317,cpu,patch_nearest_normal,last2,14,0.05,False,,,0.0001006296879495494,0.00010222778946618,True,True
2026-08-15 08:01:10,metal_nut,monitor,C:/cira_batch_test/metal_nut/bad_8.png,bad_8.png,anomaly,True,0.1664925217628479,0.1664925217628479,0.07371339670893942,0.07371339670893942,0.06968219578266144,False,False,16000,False,,False,0.0,cpu,patch_nearest_normal,last2,14,0.05,False,,,0.00012714059266727418,0.00010222778946618,False,False
2026-08-15 08:01:11,metal_nut,monitor,C:/cira_batch_test/metal_nut/bad_10.png,bad_10.png,anomaly,True,0.11383865773677826,0.11383865773677826,0.07371339670893942,0.07371339670893942,0.06968219578266144,False,False,16000,False,,False,0.0,cpu,patch_nearest_normal,last2,14,0.05,False,,,0.00010880734771490097,0.00010222778946618,False,False
2026-08-15 08:01:13,metal_nut,monitor,C:/cira_batch_test/metal_nut/good_4.png,good_4.png,normal,False,4.5275686716195196e-05,2.8014181907565217e-07,0.07371339670893942,0.07371339670893942,0.06968219578266144,False,True,16000,True,9.113248961512e-05,True,0.0024807285517454147,cpu,patch_nearest_normal,last2,14,0.05,False,,,9.269050497096032e-05,0.00010222778946618,True,True
2026-08-15 08:01:14,metal_nut,monitor,C:/cira_batch_test/metal_nut/bad_5.png,bad_5.png,anomaly,True,0.15075400471687317,0.15075400471687317,0.07371339670893942,0.07371339670893942,0.06968219578266144,False,False,16000,False,,False,0.0,cpu,patch_nearest_normal,last2,14,0.05,False,,,0.00011470311437733471,0.00010222778946618,False,False
2026-08-15 08:01:16,metal_nut,monitor,C:/cira_batch_test/metal_nut/good_20.png,good_20.png,normal,False,0.00011581778380787,2.682209014892578e-07,0.07371339670893942,0.07371339670893942,0.06968219578266144,False,True,16000,True,0.00010507226397749037,True,0.002479956718161702,cpu,patch_nearest_normal,last2,14,0.05,False,,,8.896124199964106e-05,0.00010222778946618,True,True
2026-08-15 08:01:18,metal_nut,monitor,C:/cira_batch_test/metal_nut/good_18.png,good_18.png,normal,False,0.059696830809116364,0.059696830809116364,0.07371339670893942,0.07371339670893942,0.06968219578266144,False,False,16000,False,,False,0.0,cpu,patch_nearest_normal,last2,14,0.05,False,,,0.00010290503996657208,0.00010222778946618,True,False
2026-08-15 08:01:19,metal_nut,monitor,C:/cira_batch_test/metal_nut/good_11.png,good_11.png,anomaly,True,0.07797913253307343,0.07797913253307343,0.07371339670893942,0.07371339670893942,0.06968219578266144,False,False,16000,False,,False,0.0,cpu,patch_nearest_normal,last2,14,0.05,False,,,9.090840467251837e-05,0.00010222778946618,False,True
2026-08-15 08:01:21,metal_nut,monitor,C:/cira_batch_test/metal_nut/good_9.png,good_9.png,anomaly,True,0.07901047170162201,0.07901047170162201,0.07371339670893942,0.07371339670893942,0.06968219578266144,False,False,16000,False,,False,0.0,cpu,patch_nearest_normal,last2,14,0.05,False,,,9.562723425915465e-05,0.00010222778946618,False,True
2026-08-15 08:01:22,metal_nut,monitor,C:/cira_batch_test/metal_nut/good_16.png,good_16.png,normal,False,0.00021820663823746145,2.9206276508375595e-07,0.07371339670893942,0.07371339670893942,0.06968219578266144,False,True,16000,True,9.270523878512904e-05,True,0.0024678711779415607,cpu,patch_nearest_normal,last2,14,0.05,False,,,9.012944792630151e-05,0.00010222778946618,True,True
2026-08-15 08:01:24,metal_nut,monitor,C:/cira_batch_test/metal_nut/bad_7.png,bad_7.png,anomaly,True,0.14405064284801483,0.14405064284801483,0.07371339670893942,0.07371339670893942,0.06968219578266144,False,False,16000,False,,False,0.0,cpu,patch_nearest_normal,last2,14,0.05,False,,,0.0001074925676221028,0.00010222778946618,False,False
2026-08-15 08:01:25,metal_nut,monitor,C:/cira_batch_test/metal_nut/good_13.png,good_13.png,normal,False,0.0003534257411956787,2.8610230629055877e-07,0.07371339670893942,0.07371339670893942,0.06968219578266144,False,True,16000,True,9.290183515986428e-05,True,0.0024447233881801367,cpu,patch_nearest_normal,last2,14,0.05,False,,,9.023515303852037e-05,0.00010222778946618,True,True
2026-08-15 08:01:27,metal_nut,monitor,C:/cira_batch_test/metal_nut/good_5.png,good_5.png,normal,False,0.00011444687697803602,3.159046286782541e-07,0.07371339670893942,0.07371339670893942,0.06968219578266144,False,True,16000,True,9.973361011361703e-05,True,0.0024622050113976,cpu,patch_nearest_normal,last2,14,0.05,False,,,9.185060480376706e-05,0.00010222778946618,True,True
2026-08-15 08:01:29,metal_nut,monitor,C:/cira_batch_test/metal_nut/good_2.png,good_2.png,normal,False,0.0003025174082722515,3.337860050578456e-07,0.07371339670893942,0.07371339670893942,0.06968219578266144,False,True,16000,True,0.0001046830220730044,True,0.002462767530232668,cpu,patch_nearest_normal,last2,14,0.05,False,,,9.602507634554058e-05,0.00010222778946618,True,True
2026-08-15 08:01:30,metal_nut,monitor,C:/cira_batch_test/metal_nut/bad_6.png,bad_6.png,anomaly,True,0.15585638582706451,0.15585638582706451,0.07371339670893942,0.07371339670893942,0.06968219578266144,False,False,16000,False,,False,0.0,cpu,patch_nearest_normal,last2,14,0.05,False,,,0.00014291888510342687,0.00010222778946618,False,False
2026-08-15 08:01:32,metal_nut,monitor,C:/cira_batch_test/metal_nut/bad_14.png,bad_14.png,anomaly,True,0.16187605261802673,0.16187605261802673,0.07371339670893942,0.07371339670893942,0.06968219578266144,False,False,16000,False,,False,0.0,cpu,patch_nearest_normal,last2,14,0.05,False,,,9.60978795774281e-05,0.00010222778946618,False,True
2026-08-15 08:01:34,metal_nut,monitor,C:/cira_batch_test/metal_nut/good_3.png,good_3.png,normal,False,0.0002566695329733193,2.443790378947597e-07,0.07371339670893942,0.07371339670893942,0.06968219578266144,False,True,16000,True,0.00010364128684159368,True,0.0024596787989139557,cpu,patch_nearest_normal,last2,14,0.05,True,C:\cira_ttl_checkpoints\metal_nut\patch_memory_bank_update_20.pt,C:\cira_ttl_checkpoints\metal_nut\patch_adapter_update_20.pt,9.701655653771013e-05,0.00010222778946618,True,True
2026-08-15 08:01:35,metal_nut,monitor,C:/cira_batch_test/metal_nut/bad_4.png,bad_4.png,anomaly,True,0.19467920064926147,0.19467920064926147,0.07371339670893942,0.07371339670893942,0.06968219578266144,False,False,16000,False,,False,0.0,cpu,patch_nearest_normal,last2,14,0.05,False,,,0.00011546269524842501,0.00010222778946618,False,False
2026-08-15 08:01:36,metal_nut,monitor,C:/cira_batch_test/metal_nut/bad_15.png,bad_15.png,anomaly,True,0.1618870049715042,0.1618870049715042,0.07371339670893942,0.07371339670893942,0.06968219578266144,False,False,16000,False,,False,0.0,cpu,patch_nearest_normal,last2,14,0.05,False,,,0.0001279567659366876,0.00010222778946618,False,False
2026-08-15 08:01:38,metal_nut,monitor,C:/cira_batch_test/metal_nut/good_8.png,good_8.png,anomaly,True,0.07689313590526581,0.07689313590526581,0.07371339670893942,0.07371339670893942,0.06968219578266144,False,False,16000,False,,False,0.0,cpu,patch_nearest_normal,last2,14,0.05,False,,,9.164731454802677e-05,0.00010222778946618,False,True
2026-08-15 08:01:39,metal_nut,monitor,C:/cira_batch_test/metal_nut/bad_3.png,bad_3.png,anomaly,True,0.15159077942371368,0.15159077942371368,0.07371339670893942,0.07371339670893942,0.06968219578266144,False,False,16000,False,,False,0.0,cpu,patch_nearest_normal,last2,14,0.05,False,,,0.00010719355486799031,0.00010222778946618,False,False
2026-08-15 08:01:41,metal_nut,monitor,C:/cira_batch_test/metal_nut/bad_11.png,bad_11.png,anomaly,True,0.16154398024082184,0.16154398024082184,0.07371339670893942,0.07371339670893942,0.06968219578266144,False,False,16000,False,,False,0.0,cpu,patch_nearest_normal,last2,14,0.05,False,,,0.00013486339594237506,0.00010222778946618,False,False
2026-08-15 08:01:42,metal_nut,monitor,C:/cira_batch_test/metal_nut/good_19.png,good_19.png,normal,False,0.055817194283008575,2.8610230629055877e-07,0.07371339670893942,0.07371339670893942,0.06968219578266144,False,True,16000,True,0.00012181100464658812,True,0.002456152578815818,cpu,patch_nearest_normal,last2,14,0.05,False,,,9.793404024094343e-05,0.00010222778946618,True,True
2026-08-15 08:01:44,metal_nut,monitor,C:/cira_batch_test/metal_nut/good_12.png,good_12.png,normal,False,0.05743918567895889,2.8610230629055877e-07,0.07371339670893942,0.07371339670893942,0.06968219578266144,False,True,16000,True,0.00010852092236746103,True,0.0024495942052453756,cpu,patch_nearest_normal,last2,14,0.05,False,,,9.175029845209792e-05,0.00010222778946618,True,True
2026-08-15 08:01:46,metal_nut,monitor,C:/cira_batch_test/metal_nut/good_15.png,good_15.png,normal,False,0.0006413936498574913,2.2053718851111626e-07,0.07371339670893942,0.07371339670893942,0.06968219578266144,False,True,16000,True,0.00011031407484551892,True,0.002449690131470561,cpu,patch_nearest_normal,last2,14,0.05,False,,,9.219506318913773e-05,0.00010222778946618,True,True
2026-08-15 08:01:47,metal_nut,monitor,C:/cira_batch_test/metal_nut/bad_17.png,bad_17.png,anomaly,True,0.14839491248130798,0.14839491248130798,0.07371339670893942,0.07371339670893942,0.06968219578266144,False,False,16000,False,,False,0.0,cpu,patch_nearest_normal,last2,14,0.05,False,,,0.00010922109504463151,0.00010222778946618,False,False
2026-08-15 08:01:49,metal_nut,monitor,C:/cira_batch_test/metal_nut/bad_19.png,bad_19.png,anomaly,True,0.1551147997379303,0.1551147997379303,0.07371339670893942,0.07371339670893942,0.06968219578266144,False,False,16000,False,,False,0.0,cpu,patch_nearest_normal,last2,14,0.05,False,,,0.00012198181502753869,0.00010222778946618,False,False
2026-08-15 08:01:50,metal_nut,monitor,C:/cira_batch_test/metal_nut/bad_1.png,bad_1.png,anomaly,True,0.12081434577703476,0.12081434577703476,0.07371339670893942,0.07371339670893942,0.06968219578266144,False,False,16000,False,,False,0.0,cpu,patch_nearest_normal,last2,14,0.05,False,,,0.00010773594840429723,0.00010222778946618,False,False
2026-08-15 08:01:52,metal_nut,monitor,C:/cira_batch_test/metal_nut/good_14.png,good_14.png,normal,False,0.07107344269752502,0.07107344269752502,0.07371339670893942,0.07371339670893942,0.06968219578266144,False,False,16000,False,,False,0.0,cpu,patch_nearest_normal,last2,14,0.05,False,,,9.673454042058438e-05,0.00010222778946618,False,True
2026-08-15 08:01:53,pill,monitor,C:/cira_batch_test/pill/good_1.png,good_1.png,normal,False,0.00036625267239287496,3.2186508747145126e-07,0.05881828558520522,0.05881828558520522,0.05084799118340016,False,True,16000,True,0.0001634712825762108,True,0.0025545323733240366,cpu,patch_nearest_normal,last2,14,0.05,False,,,0.0001565732090966776,0.00015804108188598499,True,True
2026-08-15 08:01:55,pill,monitor,C:/cira_batch_test/pill/bad_16.png,bad_16.png,anomaly,True,0.07199826836585999,0.07199826836585999,0.05881828558520522,0.05881828558520522,0.05084799118340016,False,False,16000,False,,False,0.0,cpu,patch_nearest_normal,last2,14,0.05,False,,,0.00015088243526406586,0.00015804108188598499,False,True
2026-08-15 08:01:56,pill,monitor,C:/cira_batch_test/pill/bad_20.png,bad_20.png,anomaly,True,0.06093495339155197,0.06093495339155197,0.05881828558520522,0.05881828558520522,0.05084799118340016,False,False,16000,False,,False,0.0,cpu,patch_nearest_normal,last2,14,0.05,False,,,0.00013878387107979506,0.00015804108188598499,False,True
2026-08-15 08:01:58,pill,monitor,C:/cira_batch_test/pill/bad_12.png,bad_12.png,anomaly,True,0.11974646896123886,0.11974646896123886,0.05881828558520522,0.05881828558520522,0.05084799118340016,False,False,16000,False,,False,0.0,cpu,patch_nearest_normal,last2,14,0.05,False,,,0.00017365974781569093,0.00015804108188598499,False,False
2026-08-15 08:01:59,pill,monitor,C:/cira_batch_test/pill/good_17.png,good_17.png,normal,False,0.053264446556568146,0.053264446556568146,0.05881828558520522,0.05881828558520522,0.05084799118340016,False,False,16000,False,,False,0.0,cpu,patch_nearest_normal,last2,14,0.05,False,,,0.00015788008749950677,0.00015804108188598499,False,True
2026-08-15 08:02:01,pill,monitor,C:/cira_batch_test/pill/bad_9.png,bad_9.png,anomaly,True,0.06071772053837776,0.06071772053837776,0.05881828558520522,0.05881828558520522,0.05084799118340016,False,False,16000,False,,False,0.0,cpu,patch_nearest_normal,last2,14,0.05,False,,,0.00013688932813238353,0.00015804108188598499,False,True
2026-08-15 08:02:02,pill,monitor,C:/cira_batch_test/pill/bad_18.png,bad_18.png,normal,False,0.05303778126835823,0.05303778126835823,0.05881828558520522,0.05881828558520522,0.05084799118340016,False,False,16000,False,,False,0.0,cpu,patch_nearest_normal,last2,14,0.05,False,,,0.0001324334880337119,0.00015804108188598499,False,True
2026-08-15 08:02:04,pill,monitor,C:/cira_batch_test/pill/bad_13.png,bad_13.png,normal,False,0.05637102574110031,0.05637102574110031,0.05881828558520522,0.05881828558520522,0.05084799118340016,False,False,16000,False,,False,0.0,cpu,patch_nearest_normal,last2,14,0.05,False,,,0.00015085452469065785,0.00015804108188598499,False,True
2026-08-15 08:02:05,pill,monitor,C:/cira_batch_test/pill/bad_2.png,bad_2.png,anomaly,True,0.0738840252161026,0.0738840252161026,0.05881828558520522,0.05881828558520522,0.05084799118340016,False,False,16000,False,,False,0.0,cpu,patch_nearest_normal,last2,14,0.05,False,,,0.00014202750753611326,0.00015804108188598499,False,True
2026-08-15 08:02:07,pill,monitor,C:/cira_batch_test/pill/good_6.png,good_6.png,normal,False,1.6856192814884707e-05,3.159046286782541e-07,0.05881828558520522,0.05881828558520522,0.05084799118340016,False,True,16000,True,0.00014915123756509274,True,0.0025570038706064224,cpu,patch_nearest_normal,last2,14,0.05,False,,,0.00015233282465487719,0.00015804108188598499,True,True
2026-08-15 08:02:09,pill,monitor,C:/cira_batch_test/pill/good_10.png,good_10.png,normal,False,0.00042001009569503367,3.099441414633475e-07,0.05881828558520522,0.05881828558520522,0.05084799118340016,False,True,16000,True,0.0001388497039442882,True,0.0025515705347061157,cpu,patch_nearest_normal,last2,14,0.05,False,,,0.000131714012240991,0.00015804108188598499,True,True
2026-08-15 08:02:10,pill,monitor,C:/cira_batch_test/pill/good_7.png,good_7.png,normal,False,2.968311309814453e-05,2.8610230629055877e-07,0.05881828558520522,0.05881828558520522,0.05084799118340016,False,True,16000,True,0.00015399634139612317,True,0.002563226269558072,cpu,patch_nearest_normal,last2,14,0.05,True,C:\cira_ttl_checkpoints\pill\patch_memory_bank_update_20.pt,C:\cira_ttl_checkpoints\pill\patch_adapter_update_20.pt,0.00014436044148169458,0.00015804108188598499,True,True
2026-08-15 08:02:12,pill,monitor,C:/cira_batch_test/pill/bad_8.png,bad_8.png,anomaly,True,0.11695406585931778,0.11695406585931778,0.05881828558520522,0.05881828558520522,0.05084799118340016,False,False,16000,False,,False,0.0,cpu,patch_nearest_normal,last2,14,0.05,False,,,0.0001444655063096434,0.00015804108188598499,False,True
2026-08-15 08:02:14,pill,monitor,C:/cira_batch_test/pill/bad_10.png,bad_10.png,normal,False,0.0006757974624633789,2.8610230629055877e-07,0.05881828558520522,0.05881828558520522,0.05084799118340016,False,True,16000,True,0.00014702673070132732,True,0.0025570658035576344,cpu,patch_nearest_normal,last2,14,0.05,False,,,0.00014371774159371853,0.00015804108188598499,True,True
2026-08-15 08:02:15,pill,monitor,C:/cira_batch_test/pill/good_4.png,good_4.png,normal,False,0.00015076398267410696,3.099441414633475e-07,0.05881828558520522,0.05881828558520522,0.05084799118340016,False,True,16000,True,0.00015330170572269708,True,0.0025514820590615273,cpu,patch_nearest_normal,last2,14,0.05,False,,,0.0001522153033874929,0.00015804108188598499,True,True
2026-08-15 08:02:17,pill,monitor,C:/cira_batch_test/pill/bad_5.png,bad_5.png,anomaly,True,0.18551167845726013,0.18551167845726013,0.05881828558520522,0.05881828558520522,0.05084799118340016,False,False,16000,False,,False,0.0,cpu,patch_nearest_normal,last2,14,0.05,False,,,0.00014093122445046902,0.00015804108188598499,False,True
2026-08-15 08:02:19,pill,monitor,C:/cira_batch_test/pill/good_20.png,good_20.png,normal,False,0.00026726126088760793,3.159046286782541e-07,0.05881828558520522,0.05881828558520522,0.05084799118340016,False,True,16000,True,0.0001292700762860477,True,0.0025266369339078665,cpu,patch_nearest_normal,last2,14,0.05,False,,,0.00011806415568571538,0.00015804108188598499,True,True
2026-08-15 08:02:20,pill,monitor,C:/cira_batch_test/pill/good_18.png,good_18.png,normal,False,0.00041585564031265676,0.00041585564031265676,0.05881828558520522,0.05881828558520522,0.05084799118340016,False,False,16000,False,,False,0.0,cpu,patch_nearest_normal,last2,14,0.05,False,,,0.000158609778736718,0.00015804108188598499,True,False
2026-08-15 08:02:22,pill,monitor,C:/cira_batch_test/pill/good_11.png,good_11.png,normal,False,0.0006731748580932617,3.516674098591466e-07,0.05881828558520522,0.05881828558520522,0.05084799118340016,False,True,16000,True,0.00013031820708420128,True,0.0024943631142377853,cpu,patch_nearest_normal,last2,14,0.05,False,,,0.0001295617694268003,0.00015804108188598499,True,True
2026-08-15 08:02:23,pill,monitor,C:/cira_batch_test/pill/good_9.png,good_9.png,normal,False,0.00011746287054847926,2.74181360282455e-07,0.05881828558520522,0.05881828558520522,0.05084799118340016,False,True,16000,True,0.00013998553913552314,True,0.002489610807970166,cpu,patch_nearest_normal,last2,14,0.05,False,,,0.0001327496865997091,0.00015804108188598499,True,True
2026-08-15 08:02:25,pill,monitor,C:/cira_batch_test/pill/good_16.png,good_16.png,normal,False,0.0005961358547210693,3.159046286782541e-07,0.05881828558520522,0.05881828558520522,0.05084799118340016,False,True,16000,True,0.0001420230109943077,True,0.0024734463077038527,cpu,patch_nearest_normal,last2,14,0.05,False,,,0.00013743079034611583,0.00015804108188598499,True,True
2026-08-15 08:02:27,pill,monitor,C:/cira_batch_test/pill/bad_7.png,bad_7.png,anomaly,True,0.07183737307786942,0.07183737307786942,0.05881828558520522,0.05881828558520522,0.05084799118340016,False,False,16000,False,,False,0.0,cpu,patch_nearest_normal,last2,14,0.05,False,,,0.0001492447918280959,0.00015804108188598499,False,True
2026-08-15 08:02:28,pill,monitor,C:/cira_batch_test/pill/good_13.png,good_13.png,normal,False,0.05504614859819412,0.05504614859819412,0.05881828558520522,0.05881828558520522,0.05084799118340016,False,False,16000,False,,False,0.0,cpu,patch_nearest_normal,last2,14,0.05,False,,,0.00013619822857435793,0.00015804108188598499,False,True
2026-08-15 08:02:30,pill,monitor,C:/cira_batch_test/pill/good_5.png,good_5.png,normal,False,0.0003080427704844624,3.635883274455409e-07,0.05881828558520522,0.05881828558520522,0.05084799118340016,False,True,16000,True,0.00014158608973957598,True,0.0024834631476551294,cpu,patch_nearest_normal,last2,14,0.05,False,,,0.0001506064727436751,0.00015804108188598499,True,True
2026-08-15 08:02:32,pill,monitor,C:/cira_batch_test/pill/good_2.png,good_2.png,normal,False,0.0005903899436816573,3.5762786865234375e-07,0.05881828558520522,0.05881828558520522,0.05084799118340016,False,True,16000,True,0.0001387404918204993,True,0.0024766360875219107,cpu,patch_nearest_normal,last2,14,0.05,False,,,0.00013546839181799442,0.00015804108188598499,True,True
2026-08-15 08:02:33,pill,monitor,C:/cira_batch_test/pill/bad_6.png,bad_6.png,anomaly,True,0.08008607476949692,0.08008607476949692,0.05881828558520522,0.05881828558520522,0.05084799118340016,False,False,16000,False,,False,0.0,cpu,patch_nearest_normal,last2,14,0.05,False,,,0.0001597537484485656,0.00015804108188598499,False,False
2026-08-15 08:02:35,pill,monitor,C:/cira_batch_test/pill/bad_14.png,bad_14.png,anomaly,True,0.06851168721914291,0.06851168721914291,0.05881828558520522,0.05881828558520522,0.05084799118340016,False,False,16000,False,,False,0.0,cpu,patch_nearest_normal,last2,14,0.05,False,,,0.00015042914310470223,0.00015804108188598499,False,True
2026-08-15 08:02:36,pill,monitor,C:/cira_batch_test/pill/good_3.png,good_3.png,normal,False,0.0005243122577667236,3.397464638510428e-07,0.05881828558520522,0.05881828558520522,0.05084799118340016,False,True,16000,True,0.00012973486445844173,True,0.0024647293612360954,cpu,patch_nearest_normal,last2,14,0.05,False,,,0.00013191979087423533,0.00015804108188598499,True,True
2026-08-15 08:02:38,pill,monitor,C:/cira_batch_test/pill/bad_4.png,bad_4.png,anomaly,True,0.0701635479927063,0.0701635479927063,0.05881828558520522,0.05881828558520522,0.05084799118340016,False,False,16000,False,,False,0.0,cpu,patch_nearest_normal,last2,14,0.05,False,,,0.00017081543046515435,0.00015804108188598499,False,False
2026-08-15 08:02:39,pill,monitor,C:/cira_batch_test/pill/bad_15.png,bad_15.png,anomaly,True,0.07200507819652557,0.07200507819652557,0.05881828558520522,0.05881828558520522,0.05084799118340016,False,False,16000,False,,False,0.0,cpu,patch_nearest_normal,last2,14,0.05,False,,,0.00013146025594323874,0.00015804108188598499,False,True
2026-08-15 08:02:41,pill,monitor,C:/cira_batch_test/pill/good_8.png,good_8.png,anomaly,True,0.05959158018231392,0.05959158018231392,0.05881828558520522,0.05881828558520522,0.05084799118340016,False,False,16000,False,,False,0.0,cpu,patch_nearest_normal,last2,14,0.05,False,,,0.00013386124919634312,0.00015804108188598499,False,True
2026-08-15 08:02:42,pill,monitor,C:/cira_batch_test/pill/bad_3.png,bad_3.png,anomaly,True,0.06847529858350754,0.06847529858350754,0.05881828558520522,0.05881828558520522,0.05084799118340016,False,False,16000,False,,False,0.0,cpu,patch_nearest_normal,last2,14,0.05,False,,,0.00015109509695321321,0.00015804108188598499,False,True
2026-08-15 08:02:44,pill,monitor,C:/cira_batch_test/pill/bad_11.png,bad_11.png,anomaly,True,0.09746687859296799,0.09746687859296799,0.05881828558520522,0.05881828558520522,0.05084799118340016,False,False,16000,False,,False,0.0,cpu,patch_nearest_normal,last2,14,0.05,False,,,0.00015598160098306835,0.00015804108188598499,False,True
2026-08-15 08:02:45,pill,monitor,C:/cira_batch_test/pill/good_19.png,good_19.png,normal,False,0.05812116712331772,0.05812116712331772,0.05881828558520522,0.05881828558520522,0.05084799118340016,False,False,16000,False,,False,0.0,cpu,patch_nearest_normal,last2,14,0.05,False,,,0.00014621560694649816,0.00015804108188598499,False,True
2026-08-15 08:02:47,pill,monitor,C:/cira_batch_test/pill/good_12.png,good_12.png,normal,False,0.051789820194244385,0.051789820194244385,0.05881828558520522,0.05881828558520522,0.05084799118340016,False,False,16000,False,,False,0.0,cpu,patch_nearest_normal,last2,14,0.05,False,,,0.00013865633809473366,0.00015804108188598499,False,True
2026-08-15 08:02:48,pill,monitor,C:/cira_batch_test/pill/good_15.png,good_15.png,normal,False,0.0009609758853912354,2.980232238769531e-07,0.05881828558520522,0.05881828558520522,0.05084799118340016,False,True,16000,True,0.00013913921429775655,True,0.002461817814037204,cpu,patch_nearest_normal,last2,14,0.05,True,C:\cira_ttl_checkpoints\pill\patch_memory_bank_update_30.pt,C:\cira_ttl_checkpoints\pill\patch_adapter_update_30.pt,0.00014126788300927728,0.00015804108188598499,True,True
2026-08-15 08:02:50,pill,monitor,C:/cira_batch_test/pill/bad_17.png,bad_17.png,anomaly,True,0.07733023166656494,0.07733023166656494,0.05881828558520522,0.05881828558520522,0.05084799118340016,False,False,16000,False,,False,0.0,cpu,patch_nearest_normal,last2,14,0.05,False,,,0.00016290378698613495,0.00015804108188598499,False,False
2026-08-15 08:02:52,pill,monitor,C:/cira_batch_test/pill/bad_19.png,bad_19.png,anomaly,True,0.060535531491041183,0.060535531491041183,0.05881828558520522,0.05881828558520522,0.05084799118340016,False,False,16000,False,,False,0.0,cpu,patch_nearest_normal,last2,14,0.05,False,,,0.00014430965529754758,0.00015804108188598499,False,True
2026-08-15 08:02:54,pill,monitor,C:/cira_batch_test/pill/bad_1.png,bad_1.png,anomaly,True,0.07851926982402802,0.07851926982402802,0.05881828558520522,0.05881828558520522,0.05084799118340016,False,False,16000,False,,False,0.0,cpu,patch_nearest_normal,last2,14,0.05,False,,,0.00014938189997337759,0.00015804108188598499,False,True
2026-08-15 08:02:56,pill,monitor,C:/cira_batch_test/pill/good_14.png,good_14.png,normal,False,0.001139646745286882,2.8610230629055877e-07,0.05881828558520522,0.05881828558520522,0.05084799118340016,False,True,16000,True,0.00011933282075915486,True,0.0024436237290501595,cpu,patch_nearest_normal,last2,14,0.05,False,,,0.00011798692139564082,0.00015804108188598499,True,True
2026-08-15 08:02:57,screw,monitor,C:/cira_batch_test/screw/good_1.png,good_1.png,normal,False,0.00024278163618873805,2.443790378947597e-07,0.06300563204730296,0.06300563204730296,0.05946885421872139,False,True,16000,True,0.00011773122969316319,True,0.0024076274130493402,cpu,patch_nearest_normal,last2,14,0.05,False,,,0.00011206781346118078,0.00012727336943498,True,True
2026-08-15 08:02:59,screw,monitor,C:/cira_batch_test/screw/bad_16.png,bad_16.png,anomaly,True,0.06774435937404633,0.06774435937404633,0.06300563204730296,0.06300563204730296,0.05946885421872139,False,False,16000,False,,False,0.0,cpu,patch_nearest_normal,last2,14,0.05,False,,,0.00010058677435154095,0.00012727336943498,False,True
2026-08-15 08:03:00,screw,monitor,C:/cira_batch_test/screw/bad_20.png,bad_20.png,anomaly,True,0.06618192046880722,0.06618192046880722,0.06300563204730296,0.06300563204730296,0.05946885421872139,False,False,16000,False,,False,0.0,cpu,patch_nearest_normal,last2,14,0.05,False,,,0.0001539310469524935,0.00012727336943498,False,False
2026-08-15 08:03:02,screw,monitor,C:/cira_batch_test/screw/bad_12.png,bad_12.png,anomaly,True,0.06827981024980545,0.06827981024980545,0.06300563204730296,0.06300563204730296,0.05946885421872139,False,False,16000,False,,False,0.0,cpu,patch_nearest_normal,last2,14,0.05,False,,,0.00013517965271603316,0.00012727336943498,False,False
2026-08-15 08:03:04,screw,monitor,C:/cira_batch_test/screw/good_17.png,good_17.png,normal,False,8.080005500232801e-05,3.2186508747145126e-07,0.06300563204730296,0.06300563204730296,0.05946885421872139,False,True,16000,True,0.0001076780681614764,True,0.002404127037152648,cpu,patch_nearest_normal,last2,14,0.05,False,,,0.00011918539530597627,0.00012727336943498,True,True
2026-08-15 08:03:05,screw,monitor,C:/cira_batch_test/screw/bad_9.png,bad_9.png,anomaly,True,0.06738577783107758,0.06738577783107758,0.06300563204730296,0.06300563204730296,0.05946885421872139,False,False,16000,False,,False,0.0,cpu,patch_nearest_normal,last2,14,0.05,False,,,0.00011700695904437453,0.00012727336943498,False,True
2026-08-15 08:03:07,screw,monitor,C:/cira_batch_test/screw/bad_18.png,bad_18.png,normal,False,0.05446788668632507,3.635883274455409e-07,0.06300563204730296,0.06300563204730296,0.05946885421872139,False,True,16000,True,0.00012594398867804557,True,0.0024149520322680473,cpu,patch_nearest_normal,last2,14,0.05,False,,,0.00011789629934355617,0.00012727336943498,True,True
2026-08-15 08:03:09,screw,monitor,C:/cira_batch_test/screw/bad_13.png,bad_13.png,anomaly,True,0.07597474753856659,0.07597474753856659,0.06300563204730296,0.06300563204730296,0.05946885421872139,False,False,16000,False,,False,0.0,cpu,patch_nearest_normal,last2,14,0.05,False,,,8.866003918228671e-05,0.00012727336943498,False,True
2026-08-15 08:03:10,screw,monitor,C:/cira_batch_test/screw/bad_2.png,bad_2.png,anomaly,True,0.06418764591217041,0.06418764591217041,0.06300563204730296,0.06300563204730296,0.05946885421872139,False,False,16000,False,,False,0.0,cpu,patch_nearest_normal,last2,14,0.05,False,,,0.00011017483484465629,0.00012727336943498,False,True
2026-08-15 08:03:12,screw,monitor,C:/cira_batch_test/screw/good_6.png,good_6.png,anomaly,True,0.07921236753463745,0.07921236753463745,0.06300563204730296,0.06300563204730296,0.05946885421872139,False,False,16000,False,,False,0.0,cpu,patch_nearest_normal,last2,14,0.05,False,,,0.00012488944048527628,0.00012727336943498,False,True
2026-08-15 08:03:13,screw,monitor,C:/cira_batch_test/screw/good_10.png,good_10.png,normal,False,0.000326436769682914,3.159046286782541e-07,0.06300563204730296,0.06300563204730296,0.05946885421872139,False,True,16000,True,0.00010606737487250939,True,0.002403494669124484,cpu,patch_nearest_normal,last2,14,0.05,False,,,0.00011745512165362015,0.00012727336943498,True,True
2026-08-15 08:03:16,screw,monitor,C:/cira_batch_test/screw/good_7.png,good_7.png,normal,False,5.87522990826983e-05,2.8014181907565217e-07,0.06300563204730296,0.06300563204730296,0.05946885421872139,False,True,16000,True,0.00010304471652489156,True,0.0023942457046359777,cpu,patch_nearest_normal,last2,14,0.05,False,,,0.00010556294000707567,0.00012727336943498,True,True
2026-08-15 08:03:17,screw,monitor,C:/cira_batch_test/screw/bad_8.png,bad_8.png,normal,False,0.05728147551417351,0.05728147551417351,0.06300563204730296,0.06300563204730296,0.05946885421872139,False,False,16000,False,,False,0.0,cpu,patch_nearest_normal,last2,14,0.05,False,,,0.00012745677668135613,0.00012727336943498,True,False
2026-08-15 08:03:19,screw,monitor,C:/cira_batch_test/screw/bad_10.png,bad_10.png,anomaly,True,0.06664400547742844,0.06664400547742844,0.06300563204730296,0.06300563204730296,0.05946885421872139,False,False,16000,False,,False,0.0,cpu,patch_nearest_normal,last2,14,0.05,False,,,0.00010501311771804467,0.00012727336943498,False,True
2026-08-15 08:03:21,screw,monitor,C:/cira_batch_test/screw/good_4.png,good_4.png,normal,False,0.0001319885195698589,2.8014181907565217e-07,0.06300563204730296,0.06300563204730296,0.05946885421872139,False,True,16000,True,0.00012205689563415945,True,0.0023951572366058826,cpu,patch_nearest_normal,last2,14,0.05,True,C:\cira_ttl_checkpoints\screw\patch_memory_bank_update_20.pt,C:\cira_ttl_checkpoints\screw\patch_adapter_update_20.pt,0.00011767382238758728,0.00012727336943498,True,True
2026-08-15 08:03:22,screw,monitor,C:/cira_batch_test/screw/bad_5.png,bad_5.png,anomaly,True,0.09403903037309647,0.09403903037309647,0.06300563204730296,0.06300563204730296,0.05946885421872139,False,False,16000,False,,False,0.0,cpu,patch_nearest_normal,last2,14,0.05,False,,,0.0001152414915850386,0.00012727336943498,False,True
2026-08-15 08:03:24,screw,monitor,C:/cira_batch_test/screw/good_20.png,good_20.png,anomaly,True,0.0732906237244606,0.0732906237244606,0.06300563204730296,0.06300563204730296,0.05946885421872139,False,False,16000,False,,False,0.0,cpu,patch_nearest_normal,last2,14,0.05,False,,,0.00010325913899578154,0.00012727336943498,False,True
2026-08-15 08:03:25,screw,monitor,C:/cira_batch_test/screw/good_18.png,good_18.png,anomaly,True,0.06819651275873184,0.06819651275873184,0.06300563204730296,0.06300563204730296,0.05946885421872139,False,False,16000,False,,False,0.0,cpu,patch_nearest_normal,last2,14,0.05,False,,,0.00010366747301304713,0.00012727336943498,False,True
2026-08-15 08:03:27,screw,monitor,C:/cira_batch_test/screw/good_11.png,good_11.png,normal,False,0.0004215598164591938,2.9206276508375595e-07,0.06300563204730296,0.06300563204730296,0.05946885421872139,False,True,16000,True,0.000106173669337295,True,0.002373152645304799,cpu,patch_nearest_normal,last2,14,0.05,False,,,9.974620479624718e-05,0.00012727336943498,True,True
2026-08-15 08:03:29,screw,monitor,C:/cira_batch_test/screw/good_9.png,good_9.png,normal,False,7.938146882224828e-05,3.159046286782541e-07,0.06300563204730296,0.06300563204730296,0.05946885421872139,False,True,16000,True,0.0001087929485947825,True,0.002379839774221182,cpu,patch_nearest_normal,last2,14,0.05,False,,,0.00010239840048598126,0.00012727336943498,True,True
2026-08-15 08:03:30,screw,monitor,C:/cira_batch_test/screw/good_16.png,good_16.png,normal,False,0.06037433072924614,0.06037433072924614,0.06300563204730296,0.06300563204730296,0.05946885421872139,False,False,16000,False,,False,0.0,cpu,patch_nearest_normal,last2,14,0.05,False,,,0.0001135583152063191,0.00012727336943498,False,True
2026-08-15 08:03:32,screw,monitor,C:/cira_batch_test/screw/bad_7.png,bad_7.png,anomaly,True,0.08503537625074387,0.08503537625074387,0.06300563204730296,0.06300563204730296,0.05946885421872139,False,False,16000,False,,False,0.0,cpu,patch_nearest_normal,last2,14,0.05,False,,,0.00011813479068223387,0.00012727336943498,False,True
2026-08-15 08:03:33,screw,monitor,C:/cira_batch_test/screw/good_13.png,good_13.png,normal,False,0.0004702746809925884,3.5762786865234375e-07,0.06300563204730296,0.06300563204730296,0.05946885421872139,False,True,16000,True,0.00012881425209343433,True,0.0024005372542887926,cpu,patch_nearest_normal,last2,14,0.05,False,,,0.00010942229710053653,0.00012727336943498,True,True
2026-08-15 08:03:35,screw,monitor,C:/cira_batch_test/screw/good_5.png,good_5.png,normal,False,0.00023199916176963598,2.8014181907565217e-07,0.06300563204730296,0.06300563204730296,0.05946885421872139,False,True,16000,True,0.00011297882156213745,True,0.002402367303147912,cpu,patch_nearest_normal,last2,14,0.05,False,,,0.0001053160012816079,0.00012727336943498,True,True
2026-08-15 08:03:37,screw,monitor,C:/cira_batch_test/screw/good_2.png,good_2.png,anomaly,True,0.06900158524513245,0.06900158524513245,0.06300563204730296,0.06300563204730296,0.05946885421872139,False,False,16000,False,,False,0.0,cpu,patch_nearest_normal,last2,14,0.05,False,,,0.00011410129809519276,0.00012727336943498,False,True
2026-08-15 08:03:38,screw,monitor,C:/cira_batch_test/screw/bad_6.png,bad_6.png,normal,False,0.061658404767513275,0.061658404767513275,0.06300563204730296,0.06300563204730296,0.05946885421872139,False,False,16000,False,,False,0.0,cpu,patch_nearest_normal,last2,14,0.05,False,,,0.0001106763374991715,0.00012727336943498,False,True
2026-08-15 08:03:40,screw,monitor,C:/cira_batch_test/screw/bad_14.png,bad_14.png,anomaly,True,0.07429517060518265,0.07429517060518265,0.06300563204730296,0.06300563204730296,0.05946885421872139,False,False,16000,False,,False,0.0,cpu,patch_nearest_normal,last2,14,0.05,False,,,0.00011501926928758621,0.00012727336943498,False,True
2026-08-15 08:03:41,screw,monitor,C:/cira_batch_test/screw/good_3.png,good_3.png,anomaly,True,0.06960596144199371,0.06960596144199371,0.06300563204730296,0.06300563204730296,0.05946885421872139,False,False,16000,False,,False,0.0,cpu,patch_nearest_normal,last2,14,0.05,False,,,0.00010872375423787162,0.00012727336943498,False,True
2026-08-15 08:03:43,screw,monitor,C:/cira_batch_test/screw/bad_4.png,bad_4.png,normal,False,0.0008767604595050216,3.516674098591466e-07,0.06300563204730296,0.06300563204730296,0.05946885421872139,False,True,16000,True,9.206467075273395e-05,True,0.0023646506015211344,cpu,patch_nearest_normal,last2,14,0.05,False,,,8.851487655192614e-05,0.00012727336943498,True,True
2026-08-15 08:03:45,screw,monitor,C:/cira_batch_test/screw/bad_15.png,bad_15.png,anomaly,True,0.08448934555053711,0.08448934555053711,0.06300563204730296,0.06300563204730296,0.05946885421872139,False,False,16000,False,,False,0.0,cpu,patch_nearest_normal,last2,14,0.05,False,,,9.497131395619363e-05,0.00012727336943498,False,True
2026-08-15 08:03:46,screw,monitor,C:/cira_batch_test/screw/good_8.png,good_8.png,normal,False,0.00023201704607345164,2.8610230629055877e-07,0.06300563204730296,0.06300563204730296,0.05946885421872139,False,True,16000,True,0.0001054423555615358,True,0.002351855393499136,cpu,patch_nearest_normal,last2,14,0.05,False,,,9.443519957130775e-05,0.00012727336943498,True,True
2026-08-15 08:03:48,screw,monitor,C:/cira_batch_test/screw/bad_3.png,bad_3.png,normal,False,0.05431119725108147,3.2782554626464844e-07,0.06300563204730296,0.06300563204730296,0.05946885421872139,False,True,16000,True,0.00011292802810203284,True,0.0023471734020859003,cpu,patch_nearest_normal,last2,14,0.05,False,,,0.00010878087050514296,0.00012727336943498,True,True
2026-08-15 08:03:50,screw,monitor,C:/cira_batch_test/screw/bad_11.png,bad_11.png,anomaly,True,0.07904742658138275,0.07904742658138275,0.06300563204730296,0.06300563204730296,0.05946885421872139,False,False,16000,False,,False,0.0,cpu,patch_nearest_normal,last2,14,0.05,False,,,9.885066538117826e-05,0.00012727336943498,False,True
2026-08-15 08:03:51,screw,monitor,C:/cira_batch_test/screw/good_19.png,good_19.png,normal,False,0.0005195915582589805,2.6226044269606064e-07,0.06300563204730296,0.06300563204730296,0.05946885421872139,False,True,16000,True,0.0001044196542352438,True,0.0023434371687471867,cpu,patch_nearest_normal,last2,14,0.05,False,,,9.679416689323261e-05,0.00012727336943498,True,True
2026-08-15 08:03:53,screw,monitor,C:/cira_batch_test/screw/good_12.png,good_12.png,anomaly,True,0.06363644450902939,0.06363644450902939,0.06300563204730296,0.06300563204730296,0.05946885421872139,False,False,16000,False,,False,0.0,cpu,patch_nearest_normal,last2,14,0.05,False,,,0.00011002616520272568,0.00012727336943498,False,True
2026-08-15 08:03:55,screw,monitor,C:/cira_batch_test/screw/good_15.png,good_15.png,normal,False,0.0007097780471667647,3.159046286782541e-07,0.06300563204730296,0.06300563204730296,0.05946885421872139,False,True,16000,True,0.00010130260488949716,True,0.0023469417355954647,cpu,patch_nearest_normal,last2,14,0.05,False,,,0.0001049543425324373,0.00012727336943498,True,True
2026-08-15 08:03:56,screw,monitor,C:/cira_batch_test/screw/bad_17.png,bad_17.png,normal,False,0.06020238250494003,0.06020238250494003,0.06300563204730296,0.06300563204730296,0.05946885421872139,False,False,16000,False,,False,0.0,cpu,patch_nearest_normal,last2,14,0.05,False,,,9.561178012518212e-05,0.00012727336943498,False,True
2026-08-15 08:03:58,screw,monitor,C:/cira_batch_test/screw/bad_19.png,bad_19.png,normal,False,0.062131863087415695,0.062131863087415695,0.06300563204730296,0.06300563204730296,0.05946885421872139,False,False,16000,False,,False,0.0,cpu,patch_nearest_normal,last2,14,0.05,False,,,9.057746501639485e-05,0.00012727336943498,False,True
2026-08-15 08:03:59,screw,monitor,C:/cira_batch_test/screw/bad_1.png,bad_1.png,normal,False,0.05794023722410202,2.5033949668795685e-07,0.06300563204730296,0.06300563204730296,0.05946885421872139,False,True,16000,True,0.00012797249655704945,True,0.0023473496548831463,cpu,patch_nearest_normal,last2,14,0.05,True,C:\cira_ttl_checkpoints\screw\patch_memory_bank_update_30.pt,C:\cira_ttl_checkpoints\screw\patch_adapter_update_30.pt,0.00011357739276718348,0.00012727336943498,True,True
2026-08-15 08:04:01,screw,monitor,C:/cira_batch_test/screw/good_14.png,good_14.png,normal,False,0.0009247183916158974,3.2186508747145126e-07,0.06300563204730296,0.06300563204730296,0.05946885421872139,False,True,16000,True,0.00011372023436706513,True,0.0023515343200415373,cpu,patch_nearest_normal,last2,14,0.05,False,,,0.0001015588641166687,0.00012727336943498,True,True
2026-08-15 08:04:03,tile,monitor,C:/cira_batch_test/tile/good_1.png,good_1.png,normal,False,0.0005420983070507646,3.5762786865234375e-07,0.06531576363636363,0.06531576363636363,0.05311408117413522,False,True,16000,True,0.00020110755576752126,True,0.0026375199668109417,cpu,patch_nearest_normal,last2,14,0.05,False,,,0.00021037421538494527,0.000230512705456835,True,True
2026-08-15 08:04:05,tile,monitor,C:/cira_batch_test/tile/bad_16.png,bad_16.png,anomaly,True,0.08116453140974045,0.08116453140974045,0.06531576363636363,0.06531576363636363,0.05311408117413522,False,False,16000,False,,False,0.0,cpu,patch_nearest_normal,last2,14,0.05,False,,,0.0002316897880518809,0.000230512705456835,False,False
2026-08-15 08:04:06,tile,monitor,C:/cira_batch_test/tile/bad_20.png,bad_20.png,anomaly,True,0.1146296039223671,0.1146296039223671,0.06531576363636363,0.06531576363636363,0.05311408117413522,False,False,16000,False,,False,0.0,cpu,patch_nearest_normal,last2,14,0.05,False,,,0.0002335649769520387,0.000230512705456835,False,False
2026-08-15 08:04:07,tile,monitor,C:/cira_batch_test/tile/bad_12.png,bad_12.png,normal,False,0.05484557896852493,0.05484557896852493,0.06531576363636363,0.06531576363636363,0.05311408117413522,False,False,16000,False,,False,0.0,cpu,patch_nearest_normal,last2,14,0.05,False,,,0.0001970198063645512,0.000230512705456835,False,True
2026-08-15 08:04:09,tile,monitor,C:/cira_batch_test/tile/good_17.png,good_17.png,normal,False,0.00019423961930442601,3.457069510659494e-07,0.06531576363636363,0.06531576363636363,0.05311408117413522,False,True,16000,True,0.0001818040618672967,True,0.0026356494054198265,cpu,patch_nearest_normal,last2,14,0.05,True,C:\cira_ttl_checkpoints\tile\patch_memory_bank_update_20.pt,C:\cira_ttl_checkpoints\tile\patch_adapter_update_20.pt,0.00018901252769865096,0.000230512705456835,True,True
2026-08-15 08:04:11,tile,monitor,C:/cira_batch_test/tile/bad_9.png,bad_9.png,anomaly,True,0.32317104935646057,0.32317104935646057,0.06531576363636363,0.06531576363636363,0.05311408117413522,False,False,16000,False,,False,0.0,cpu,patch_nearest_normal,last2,14,0.05,False,,,0.00022131508740130812,0.000230512705456835,False,True
2026-08-15 08:04:12,tile,monitor,C:/cira_batch_test/tile/bad_18.png,bad_18.png,anomaly,True,0.0727069303393364,0.0727069303393364,0.06531576363636363,0.06531576363636363,0.05311408117413522,False,False,16000,False,,False,0.0,cpu,patch_nearest_normal,last2,14,0.05,False,,,0.00017856528575066477,0.000230512705456835,False,True
2026-08-15 08:04:14,tile,monitor,C:/cira_batch_test/tile/bad_13.png,bad_13.png,anomaly,True,0.16095809638500214,0.16095809638500214,0.06531576363636363,0.06531576363636363,0.05311408117413522,False,False,16000,False,,False,0.0,cpu,patch_nearest_normal,last2,14,0.05,False,,,0.00017376909090671688,0.000230512705456835,False,True
2026-08-15 08:04:15,tile,monitor,C:/cira_batch_test/tile/bad_2.png,bad_2.png,anomaly,True,0.43605074286460876,0.43605074286460876,0.06531576363636363,0.06531576363636363,0.05311408117413522,False,False,16000,False,,False,0.0,cpu,patch_nearest_normal,last2,14,0.05,False,,,0.00012242906086612493,0.000230512705456835,False,True
2026-08-15 08:04:17,tile,monitor,C:/cira_batch_test/tile/good_6.png,good_6.png,normal,False,4.963874744134955e-05,3.814697322468419e-07,0.06531576363636363,0.06531576363636363,0.05311408117413522,False,True,16000,True,0.00016169622540473938,True,0.002623539185151458,cpu,patch_nearest_normal,last2,14,0.05,False,,,0.00017172044317703694,0.000230512705456835,True,True
2026-08-15 08:04:19,tile,monitor,C:/cira_batch_test/tile/good_10.png,good_10.png,normal,False,0.0006869494682177901,3.397464638510428e-07,0.06531576363636363,0.06531576363636363,0.05311408117413522,False,True,16000,True,0.00017352329450659454,True,0.0025659434031695127,cpu,patch_nearest_normal,last2,14,0.05,False,,,0.00016957870684564114,0.000230512705456835,True,True
2026-08-15 08:04:20,tile,monitor,C:/cira_batch_test/tile/good_7.png,good_7.png,normal,False,7.01367825968191e-05,3.039836826701503e-07,0.06531576363636363,0.06531576363636363,0.05311408117413522,False,True,16000,True,0.0001955008046934381,True,0.0025843477342277765,cpu,patch_nearest_normal,last2,14,0.05,False,,,0.00021279547945596278,0.000230512705456835,True,True
2026-08-15 08:04:22,tile,monitor,C:/cira_batch_test/tile/bad_8.png,bad_8.png,anomaly,True,0.16816213726997375,0.16816213726997375,0.06531576363636363,0.06531576363636363,0.05311408117413522,False,False,16000,False,,False,0.0,cpu,patch_nearest_normal,last2,14,0.05,False,,,0.00017972601926885545,0.000230512705456835,False,True
2026-08-15 08:04:23,tile,monitor,C:/cira_batch_test/tile/bad_10.png,bad_10.png,anomaly,True,0.10077154636383057,0.10077154636383057,0.06531576363636363,0.06531576363636363,0.05311408117413522,False,False,16000,False,,False,0.0,cpu,patch_nearest_normal,last2,14,0.05,False,,,0.00018545053899288177,0.000230512705456835,False,True
2026-08-15 08:04:25,tile,monitor,C:/cira_batch_test/tile/good_4.png,good_4.png,normal,False,0.00019428133964538574,3.457069510659494e-07,0.06531576363636363,0.06531576363636363,0.05311408117413522,False,True,16000,True,0.0002333595184609294,True,0.002614741213619709,cpu,patch_nearest_normal,last2,14,0.05,False,,,0.00020607718033716083,0.000230512705456835,True,True
2026-08-15 08:04:26,tile,monitor,C:/cira_batch_test/tile/bad_5.png,bad_5.png,anomaly,True,0.15371039509773254,0.15371039509773254,0.06531576363636363,0.06531576363636363,0.05311408117413522,False,False,16000,False,,False,0.0,cpu,patch_nearest_normal,last2,14,0.05,False,,,0.0001184414722956717,0.000230512705456835,False,True
2026-08-15 08:04:28,tile,monitor,C:/cira_batch_test/tile/good_20.png,good_20.png,normal,False,0.00032520294189453125,3.159046286782541e-07,0.06531576363636363,0.06531576363636363,0.05311408117413522,False,True,16000,True,0.00018643398652784526,True,0.0026048924773931503,cpu,patch_nearest_normal,last2,14,0.05,False,,,0.0002027178998105228,0.000230512705456835,True,True
2026-08-15 08:04:30,tile,monitor,C:/cira_batch_test/tile/good_18.png,good_18.png,anomaly,True,0.06941590458154678,0.06941590458154678,0.06531576363636363,0.06531576363636363,0.05311408117413522,False,False,16000,False,,False,0.0,cpu,patch_nearest_normal,last2,14,0.05,False,,,0.0002441570977680385,0.000230512705456835,False,False
2026-08-15 08:04:31,tile,monitor,C:/cira_batch_test/tile/good_11.png,good_11.png,normal,False,0.0009259938960894942,2.8610230629055877e-07,0.06531576363636363,0.06531576363636363,0.05311408117413522,False,True,16000,True,0.00015503504255320877,True,0.0025617966894060373,cpu,patch_nearest_normal,last2,14,0.05,False,,,0.00016325997421517968,0.000230512705456835,True,True
2026-08-15 08:04:33,tile,monitor,C:/cira_batch_test/tile/good_9.png,good_9.png,normal,False,0.0001229405461344868,3.337860050578456e-07,0.06531576363636363,0.06531576363636363,0.05311408117413522,False,True,16000,True,0.00020772787684109062,True,0.002580860396847129,cpu,patch_nearest_normal,last2,14,0.05,False,,,0.0002076481032418087,0.000230512705456835,True,True
2026-08-15 08:04:35,tile,monitor,C:/cira_batch_test/tile/good_16.png,good_16.png,normal,False,0.0006956517463549972,0.0006956517463549972,0.06531576363636363,0.06531576363636363,0.05311408117413522,False,False,16000,False,,False,0.0,cpu,patch_nearest_normal,last2,14,0.05,False,,,0.00023391679860651493,0.000230512705456835,True,False
2026-08-15 08:04:36,tile,monitor,C:/cira_batch_test/tile/bad_7.png,bad_7.png,anomaly,True,0.21163085103034973,0.21163085103034973,0.06531576363636363,0.06531576363636363,0.05311408117413522,False,False,16000,False,,False,0.0,cpu,patch_nearest_normal,last2,14,0.05,False,,,0.00018350829486735165,0.000230512705456835,False,True
2026-08-15 08:04:38,tile,monitor,C:/cira_batch_test/tile/good_13.png,good_13.png,normal,False,0.0009167611715383828,3.397464638510428e-07,0.06531576363636363,0.06531576363636363,0.05311408117413522,False,True,16000,True,0.00015090992383193225,True,0.0025417569559067488,cpu,patch_nearest_normal,last2,14,0.05,False,,,0.000151038562762551,0.000230512705456835,True,True
2026-08-15 08:04:40,tile,monitor,C:/cira_batch_test/tile/good_5.png,good_5.png,normal,False,0.0003773391363210976,3.2782554626464844e-07,0.06531576363636363,0.06531576363636363,0.05311408117413522,False,True,16000,True,0.00023580661218147725,True,0.002577325329184532,cpu,patch_nearest_normal,last2,14,0.05,False,,,0.0002227840304840356,0.000230512705456835,True,True
2026-08-15 08:04:41,tile,monitor,C:/cira_batch_test/tile/good_2.png,good_2.png,normal,False,0.049770813435316086,3.039836826701503e-07,0.06531576363636363,0.06531576363636363,0.05311408117413522,False,True,16000,True,0.00023024366237223148,True,0.002601052401587367,cpu,patch_nearest_normal,last2,14,0.05,True,C:\cira_ttl_checkpoints\tile\patch_memory_bank_update_30.pt,C:\cira_ttl_checkpoints\tile\patch_adapter_update_30.pt,0.0002201492607127875,0.000230512705456835,True,True
2026-08-15 08:04:43,tile,monitor,C:/cira_batch_test/tile/bad_6.png,bad_6.png,anomaly,True,0.22902552783489227,0.22902552783489227,0.06531576363636363,0.06531576363636363,0.05311408117413522,False,False,16000,False,,False,0.0,cpu,patch_nearest_normal,last2,14,0.05,False,,,0.0002299534680787474,0.000230512705456835,False,True
2026-08-15 08:04:44,tile,monitor,C:/cira_batch_test/tile/bad_14.png,bad_14.png,anomaly,True,0.159902885556221,0.159902885556221,0.06531576363636363,0.06531576363636363,0.05311408117413522,False,False,16000,False,,False,0.0,cpu,patch_nearest_normal,last2,14,0.05,False,,,0.0001996236969716847,0.000230512705456835,False,True
2026-08-15 08:04:46,tile,monitor,C:/cira_batch_test/tile/good_3.png,good_3.png,normal,False,0.0006224095704965293,2.8014181907565217e-07,0.06531576363636363,0.06531576363636363,0.05311408117413522,False,True,16000,True,0.000183711206773296,True,0.0026007345877587795,cpu,patch_nearest_normal,last2,14,0.05,False,,,0.00019528526172507554,0.000230512705456835,True,True
2026-08-15 08:04:48,tile,monitor,C:/cira_batch_test/tile/bad_4.png,bad_4.png,anomaly,True,0.1148977279663086,0.1148977279663086,0.06531576363636363,0.06531576363636363,0.05311408117413522,False,False,16000,False,,False,0.0,cpu,patch_nearest_normal,last2,14,0.05,False,,,0.00012475333642214537,0.000230512705456835,False,True
2026-08-15 08:04:49,tile,monitor,C:/cira_batch_test/tile/bad_15.png,bad_15.png,anomaly,True,0.17722705006599426,0.17722705006599426,0.06531576363636363,0.06531576363636363,0.05311408117413522,False,False,16000,False,,False,0.0,cpu,patch_nearest_normal,last2,14,0.05,False,,,0.00022182290558703244,0.000230512705456835,False,True
2026-08-15 08:04:51,tile,monitor,C:/cira_batch_test/tile/good_8.png,good_8.png,normal,False,0.0003764629364013672,3.755092734536447e-07,0.06531576363636363,0.06531576363636363,0.05311408117413522,False,True,16000,True,0.00022687924501951784,True,0.002630537375807762,cpu,patch_nearest_normal,last2,14,0.05,False,,,0.00022478040773421526,0.000230512705456835,True,True
2026-08-15 08:04:52,tile,monitor,C:/cira_batch_test/tile/bad_3.png,bad_3.png,anomaly,True,0.38012152910232544,0.38012152910232544,0.06531576363636363,0.06531576363636363,0.05311408117413522,False,False,16000,False,,False,0.0,cpu,patch_nearest_normal,last2,14,0.05,False,,,0.00020779021724592894,0.000230512705456835,False,True
2026-08-15 08:04:54,tile,monitor,C:/cira_batch_test/tile/bad_11.png,bad_11.png,anomaly,True,0.15126173198223114,0.15126173198223114,0.06531576363636363,0.06531576363636363,0.05311408117413522,False,False,16000,False,,False,0.0,cpu,patch_nearest_normal,last2,14,0.05,False,,,0.00014175268006511033,0.000230512705456835,False,True
2026-08-15 08:04:55,tile,monitor,C:/cira_batch_test/tile/good_19.png,good_19.png,normal,False,0.000927227723877877,3.814697322468419e-07,0.06531576363636363,0.06531576363636363,0.05311408117413522,False,True,16000,True,0.00018763422849588096,True,0.0026294244453310966,cpu,patch_nearest_normal,last2,14,0.05,False,,,0.00019835468265227973,0.000230512705456835,True,True
2026-08-15 08:04:57,tile,monitor,C:/cira_batch_test/tile/good_12.png,good_12.png,normal,False,0.0016066670650616288,3.8743019104003906e-07,0.06531576363636363,0.06531576363636363,0.05311408117413522,False,True,16000,True,0.00021157598530407995,True,0.0026261804159730673,cpu,patch_nearest_normal,last2,14,0.05,False,,,0.0002122510049957782,0.000230512705456835,True,True
2026-08-15 08:04:59,tile,monitor,C:/cira_batch_test/tile/good_15.png,good_15.png,normal,False,0.0014006852870807052,3.8743019104003906e-07,0.06531576363636363,0.06531576363636363,0.05311408117413522,False,True,16000,True,0.00017446326091885567,True,0.002611493691802025,cpu,patch_nearest_normal,last2,14,0.05,False,,,0.0001737258571665734,0.000230512705456835,True,True
2026-08-15 08:05:00,tile,monitor,C:/cira_batch_test/tile/bad_17.png,bad_17.png,anomaly,True,0.3808829188346863,0.3808829188346863,0.06531576363636363,0.06531576363636363,0.05311408117413522,False,False,16000,False,,False,0.0,cpu,patch_nearest_normal,last2,14,0.05,False,,,0.00020748539827764034,0.000230512705456835,False,True
2026-08-15 08:05:02,tile,monitor,C:/cira_batch_test/tile/bad_19.png,bad_19.png,anomaly,True,0.09858886152505875,0.09858886152505875,0.06531576363636363,0.06531576363636363,0.05311408117413522,False,False,16000,False,,False,0.0,cpu,patch_nearest_normal,last2,14,0.05,False,,,0.0002050859184237197,0.000230512705456835,False,True
2026-08-15 08:05:03,tile,monitor,C:/cira_batch_test/tile/bad_1.png,bad_1.png,anomaly,True,0.4168897569179535,0.4168897569179535,0.06531576363636363,0.06531576363636363,0.05311408117413522,False,False,16000,False,,False,0.0,cpu,patch_nearest_normal,last2,14,0.05,False,,,0.00019026640802621841,0.000230512705456835,False,True
2026-08-15 08:05:05,tile,monitor,C:/cira_batch_test/tile/good_14.png,good_14.png,normal,False,0.0016140282386913896,2.8610230629055877e-07,0.06531576363636363,0.06531576363636363,0.05311408117413522,False,True,16000,True,0.00015831374912522733,True,0.00258991913869977,cpu,patch_nearest_normal,last2,14,0.05,False,,,0.0001628901663934812,0.000230512705456835,True,True
2026-08-15 08:05:07,toothbrush,monitor,C:/cira_batch_test/toothbrush/good_1.png,good_1.png,normal,False,0.0419081449508667,2.443790378947597e-07,0.0701888715806552,0.0701888715806552,0.0501871842890978,False,True,11760,True,0.000125092439702712,True,0.002531596925109625,cpu,patch_nearest_normal,last2,14,0.05,False,,,0.00011215300037292764,0.00012676088372241001,True,True
2026-08-15 08:05:08,toothbrush,monitor,C:/cira_batch_test/toothbrush/bad_16.png,bad_16.png,anomaly,True,0.34571361541748047,0.34571361541748047,0.0701888715806552,0.0701888715806552,0.0501871842890978,False,False,11760,False,,False,0.0,cpu,patch_nearest_normal,last2,14,0.05,False,,,0.00011702860501827672,0.00012676088372241001,False,True
2026-08-15 08:05:10,toothbrush,monitor,C:/cira_batch_test/toothbrush/bad_20.png,bad_20.png,anomaly,True,0.3236776888370514,0.3236776888370514,0.0701888715806552,0.0701888715806552,0.0501871842890978,False,False,11760,False,,False,0.0,cpu,patch_nearest_normal,last2,14,0.05,False,,,0.0001358918088953942,0.00012676088372241001,False,False
2026-08-15 08:05:11,toothbrush,monitor,C:/cira_batch_test/toothbrush/bad_12.png,bad_12.png,anomaly,True,0.36693137884140015,0.36693137884140015,0.0701888715806552,0.0701888715806552,0.0501871842890978,False,False,11760,False,,False,0.0,cpu,patch_nearest_normal,last2,14,0.05,False,,,0.00012173075811006129,0.00012676088372241001,False,True
2026-08-15 08:05:13,toothbrush,monitor,C:/cira_batch_test/toothbrush/good_17.png,good_17.png,normal,False,0.00014557242684531957,3.397464638510428e-07,0.0701888715806552,0.0701888715806552,0.0501871842890978,False,True,11956,True,0.00011445426207501441,True,0.0025238103698939085,cpu,patch_nearest_normal,last2,14,0.05,False,,,0.00010856248263735324,0.00012676088372241001,True,True
2026-08-15 08:05:15,toothbrush,monitor,C:/cira_batch_test/toothbrush/bad_9.png,bad_9.png,normal,False,0.00025684238062240183,2.8014181907565217e-07,0.0701888715806552,0.0701888715806552,0.0501871842890978,False,True,12152,True,0.00011564402666408569,True,0.0025076568126678467,cpu,patch_nearest_normal,last2,14,0.05,False,,,0.00011037048534490168,0.00012676088372241001,True,True
2026-08-15 08:05:16,toothbrush,monitor,C:/cira_batch_test/toothbrush/bad_18.png,bad_18.png,anomaly,True,0.26797935366630554,0.26797935366630554,0.0701888715806552,0.0701888715806552,0.0501871842890978,False,False,12152,False,,False,0.0,cpu,patch_nearest_normal,last2,14,0.05,False,,,0.00011287527740933001,0.00012676088372241001,False,True
2026-08-15 08:05:18,toothbrush,monitor,C:/cira_batch_test/toothbrush/bad_13.png,bad_13.png,normal,False,0.0542009100317955,0.0542009100317955,0.0701888715806552,0.0701888715806552,0.0501871842890978,False,False,12152,False,,False,0.0,cpu,patch_nearest_normal,last2,14,0.05,False,,,0.00011798205377999693,0.00012676088372241001,False,True
2026-08-15 08:05:19,toothbrush,monitor,C:/cira_batch_test/toothbrush/bad_2.png,bad_2.png,normal,False,0.06489111483097076,0.06489111483097076,0.0701888715806552,0.0701888715806552,0.0501871842890978,False,False,12152,False,,False,0.0,cpu,patch_nearest_normal,last2,14,0.05,False,,,0.0001089446886908263,0.00012676088372241001,False,True
2026-08-15 08:05:21,toothbrush,monitor,C:/cira_batch_test/toothbrush/good_6.png,good_6.png,normal,False,2.7823447453556582e-05,3.039836826701503e-07,0.0701888715806552,0.0701888715806552,0.0501871842890978,False,True,12348,True,0.00011745337542379275,True,0.002510054735466838,cpu,patch_nearest_normal,last2,14,0.05,False,,,0.00010885617666644976,0.00012676088372241001,True,True
2026-08-15 08:05:23,toothbrush,monitor,C:/cira_batch_test/toothbrush/good_10.png,good_10.png,anomaly,True,0.07290421426296234,0.07290421426296234,0.0701888715806552,0.0701888715806552,0.0501871842890978,False,False,12348,False,,False,0.0,cpu,patch_nearest_normal,last2,14,0.05,False,,,0.0001257322874153033,0.00012676088372241001,False,True
2026-08-15 08:05:24,toothbrush,monitor,C:/cira_batch_test/toothbrush/good_7.png,good_7.png,normal,False,0.05878288298845291,0.05878288298845291,0.0701888715806552,0.0701888715806552,0.0501871842890978,False,False,12348,False,,False,0.0,cpu,patch_nearest_normal,last2,14,0.05,False,,,0.00012844224693253636,0.00012676088372241001,False,False
2026-08-15 08:05:26,toothbrush,monitor,C:/cira_batch_test/toothbrush/bad_8.png,bad_8.png,anomaly,True,0.34793025255203247,0.34793025255203247,0.0701888715806552,0.0701888715806552,0.0501871842890978,False,False,12348,False,,False,0.0,cpu,patch_nearest_normal,last2,14,0.05,False,,,0.00012281222734600306,0.00012676088372241001,False,True
2026-08-15 08:05:27,toothbrush,monitor,C:/cira_batch_test/toothbrush/bad_10.png,bad_10.png,anomaly,True,0.12568552792072296,0.12568552792072296,0.0701888715806552,0.0701888715806552,0.0501871842890978,False,False,12348,False,,False,0.0,cpu,patch_nearest_normal,last2,14,0.05,False,,,0.00011256391007918864,0.00012676088372241001,False,True
2026-08-15 08:05:29,toothbrush,monitor,C:/cira_batch_test/toothbrush/good_4.png,good_4.png,normal,False,8.546114258933812e-05,2.8610230629055877e-07,0.0701888715806552,0.0701888715806552,0.0501871842890978,False,True,12544,True,0.00011316389282001182,True,0.0025053806602954865,cpu,patch_nearest_normal,last2,14,0.05,False,,,0.00011016472126357257,0.00012676088372241001,True,True
2026-08-15 08:05:31,toothbrush,monitor,C:/cira_batch_test/toothbrush/bad_5.png,bad_5.png,normal,False,0.05302048847079277,0.05302048847079277,0.0701888715806552,0.0701888715806552,0.0501871842890978,False,False,12544,False,,False,0.0,cpu,patch_nearest_normal,last2,14,0.05,False,,,0.00012162790517322719,0.00012676088372241001,False,True
2026-08-15 08:05:34,toothbrush,monitor,C:/cira_batch_test/toothbrush/good_20.png,good_20.png,normal,False,0.00017445087723899633,2.980232238769531e-07,0.0701888715806552,0.0701888715806552,0.0501871842890978,False,True,12740,True,0.0001226077147293836,True,0.0025012316182255745,cpu,patch_nearest_normal,last2,14,0.05,False,,,0.00011718123278114945,0.00012676088372241001,True,True
2026-08-15 08:05:36,toothbrush,monitor,C:/cira_batch_test/toothbrush/good_18.png,good_18.png,normal,False,0.0002968013286590576,3.2782554626464844e-07,0.0701888715806552,0.0701888715806552,0.0501871842890978,False,True,12936,True,0.00012219503696542233,True,0.0024983626790344715,cpu,patch_nearest_normal,last2,14,0.05,False,,,0.00011017618089681491,0.00012676088372241001,True,True
2026-08-15 08:05:38,toothbrush,monitor,C:/cira_batch_test/toothbrush/good_11.png,good_11.png,normal,False,0.0532958097755909,0.0532958097755909,0.0701888715806552,0.0701888715806552,0.0501871842890978,False,False,12936,False,,False,0.0,cpu,patch_nearest_normal,last2,14,0.05,False,,,0.00012386344315018505,0.00012676088372241001,False,True
2026-08-15 08:05:39,toothbrush,monitor,C:/cira_batch_test/toothbrush/good_9.png,good_9.png,normal,False,8.423328108619899e-05,3.337860050578456e-07,0.0701888715806552,0.0701888715806552,0.0501871842890978,False,True,13132,True,0.00012335879728198051,True,0.0024985242635011673,cpu,patch_nearest_normal,last2,14,0.05,False,,,0.00011478515807539225,0.00012676088372241001,True,True
2026-08-15 08:05:41,toothbrush,monitor,C:/cira_batch_test/toothbrush/good_16.png,good_16.png,normal,False,0.0005103230359964073,3.337860050578456e-07,0.0701888715806552,0.0701888715806552,0.0501871842890978,False,True,13328,True,0.00011840197839774191,True,0.0024914604146033525,cpu,patch_nearest_normal,last2,14,0.05,True,C:\cira_ttl_checkpoints\toothbrush\patch_memory_bank_update_20.pt,C:\cira_ttl_checkpoints\toothbrush\patch_adapter_update_20.pt,0.00011173021630384028,0.00012676088372241001,True,True
2026-08-15 08:05:43,toothbrush,monitor,C:/cira_batch_test/toothbrush/bad_7.png,bad_7.png,anomaly,True,0.1209339126944542,0.1209339126944542,0.0701888715806552,0.0701888715806552,0.0501871842890978,False,False,13328,False,,False,0.0,cpu,patch_nearest_normal,last2,14,0.05,False,,,0.00011872574395965785,0.00012676088372241001,False,True
2026-08-15 08:05:44,toothbrush,monitor,C:/cira_batch_test/toothbrush/good_13.png,good_13.png,normal,False,0.0559597909450531,0.0559597909450531,0.0701888715806552,0.0701888715806552,0.0501871842890978,False,False,13328,False,,False,0.0,cpu,patch_nearest_normal,last2,14,0.05,False,,,0.00011708041711244732,0.00012676088372241001,False,True
2026-08-15 08:05:46,toothbrush,monitor,C:/cira_batch_test/toothbrush/good_5.png,good_5.png,normal,False,0.00020810365094803274,3.2186508747145126e-07,0.0701888715806552,0.0701888715806552,0.0501871842890978,False,True,13524,True,0.00011998314585071057,True,0.0024910387583076954,cpu,patch_nearest_normal,last2,14,0.05,False,,,0.00011045352584915236,0.00012676088372241001,True,True
2026-08-15 08:05:48,toothbrush,monitor,C:/cira_batch_test/toothbrush/good_2.png,good_2.png,normal,False,0.04804616421461105,3.099441414633475e-07,0.0701888715806552,0.0701888715806552,0.0501871842890978,False,True,13720,True,0.00011718278983607888,True,0.0024937030393630266,cpu,patch_nearest_normal,last2,14,0.05,False,,,0.00010321271838620305,0.00012676088372241001,True,True
2026-08-15 08:05:50,toothbrush,monitor,C:/cira_batch_test/toothbrush/bad_6.png,bad_6.png,normal,False,0.047607749700546265,3.159046286782541e-07,0.0701888715806552,0.0701888715806552,0.0501871842890978,False,True,13916,True,0.00013252749340608716,True,0.0025137432385236025,cpu,patch_nearest_normal,last2,14,0.05,False,,,0.0001162266344181262,0.00012676088372241001,True,True
2026-08-15 08:05:51,toothbrush,monitor,C:/cira_batch_test/toothbrush/bad_14.png,bad_14.png,anomaly,True,0.2495380938053131,0.2495380938053131,0.0701888715806552,0.0701888715806552,0.0501871842890978,False,False,13916,False,,False,0.0,cpu,patch_nearest_normal,last2,14,0.05,False,,,0.00011431386519689113,0.00012676088372241001,False,True
2026-08-15 08:05:53,toothbrush,monitor,C:/cira_batch_test/toothbrush/good_3.png,good_3.png,normal,False,0.0004396915319375694,2.980232238769531e-07,0.0701888715806552,0.0701888715806552,0.0501871842890978,False,True,14112,True,0.00011794624879257753,True,0.0025139946956187487,cpu,patch_nearest_normal,last2,14,0.05,False,,,0.00011144969903398305,0.00012676088372241001,True,True
2026-08-15 08:05:54,toothbrush,monitor,C:/cira_batch_test/toothbrush/bad_4.png,bad_4.png,normal,False,0.06794092804193497,0.06794092804193497,0.0701888715806552,0.0701888715806552,0.0501871842890978,False,False,14112,False,,False,0.0,cpu,patch_nearest_normal,last2,14,0.05,False,,,9.960959869204089e-05,0.00012676088372241001,False,True
2026-08-15 08:05:56,toothbrush,monitor,C:/cira_batch_test/toothbrush/bad_15.png,bad_15.png,normal,False,0.06406889110803604,0.06406889110803604,0.0701888715806552,0.0701888715806552,0.0501871842890978,False,False,14112,False,,False,0.0,cpu,patch_nearest_normal,last2,14,0.05,False,,,0.00011506282316986471,0.00012676088372241001,False,True
2026-08-15 08:05:57,toothbrush,monitor,C:/cira_batch_test/toothbrush/good_8.png,good_8.png,anomaly,True,0.07487045228481293,0.07487045228481293,0.0701888715806552,0.0701888715806552,0.0501871842890978,False,False,14112,False,,False,0.0,cpu,patch_nearest_normal,last2,14,0.05,False,,,0.00012570398394018412,0.00012676088372241001,False,True
2026-08-15 08:05:59,toothbrush,monitor,C:/cira_batch_test/toothbrush/bad_3.png,bad_3.png,anomaly,True,0.12290751934051514,0.12290751934051514,0.0701888715806552,0.0701888715806552,0.0501871842890978,False,False,14112,False,,False,0.0,cpu,patch_nearest_normal,last2,14,0.05,False,,,0.00010967492562485859,0.00012676088372241001,False,True
2026-08-15 08:06:00,toothbrush,monitor,C:/cira_batch_test/toothbrush/bad_11.png,bad_11.png,anomaly,True,0.2719626724720001,0.2719626724720001,0.0701888715806552,0.0701888715806552,0.0501871842890978,False,False,14112,False,,False,0.0,cpu,patch_nearest_normal,last2,14,0.05,False,,,0.00010214509529760107,0.00012676088372241001,False,True
2026-08-15 08:06:02,toothbrush,monitor,C:/cira_batch_test/toothbrush/good_19.png,good_19.png,normal,False,0.0006195545429363847,2.74181360282455e-07,0.0701888715806552,0.0701888715806552,0.0501871842890978,False,True,14308,True,0.00012166503438493237,True,0.002504563657566905,cpu,patch_nearest_normal,last2,14,0.05,False,,,0.00011670422099996358,0.00012676088372241001,True,True
2026-08-15 08:06:04,toothbrush,monitor,C:/cira_batch_test/toothbrush/good_12.png,good_12.png,normal,False,0.05971912294626236,0.05971912294626236,0.0701888715806552,0.0701888715806552,0.0501871842890978,False,False,14308,False,,False,0.0,cpu,patch_nearest_normal,last2,14,0.05,False,,,0.00011693355190800503,0.00012676088372241001,False,True
2026-08-15 08:06:05,toothbrush,monitor,C:/cira_batch_test/toothbrush/good_15.png,good_15.png,normal,False,0.03469493240118027,3.2186508747145126e-07,0.0701888715806552,0.0701888715806552,0.0501871842890978,False,True,14504,True,0.00012352726480457932,True,0.00250438554212451,cpu,patch_nearest_normal,last2,14,0.05,False,,,0.0001085975527530536,0.00012676088372241001,True,True
2026-08-15 08:06:07,toothbrush,monitor,C:/cira_batch_test/toothbrush/bad_17.png,bad_17.png,anomaly,True,0.25942522287368774,0.25942522287368774,0.0701888715806552,0.0701888715806552,0.0501871842890978,False,False,14504,False,,False,0.0,cpu,patch_nearest_normal,last2,14,0.05,False,,,0.00011499091488076374,0.00012676088372241001,False,True
2026-08-15 08:06:09,toothbrush,monitor,C:/cira_batch_test/toothbrush/bad_19.png,bad_19.png,anomaly,True,0.07802484184503555,0.07802484184503555,0.0701888715806552,0.0701888715806552,0.0501871842890978,False,False,14504,False,,False,0.0,cpu,patch_nearest_normal,last2,14,0.05,False,,,0.00012134767166571692,0.00012676088372241001,False,True
2026-08-15 08:06:10,toothbrush,monitor,C:/cira_batch_test/toothbrush/bad_1.png,bad_1.png,anomaly,True,0.28724220395088196,0.28724220395088196,0.0701888715806552,0.0701888715806552,0.0501871842890978,False,False,14504,False,,False,0.0,cpu,patch_nearest_normal,last2,14,0.05,False,,,0.00011130099301226437,0.00012676088372241001,False,True
2026-08-15 08:06:12,toothbrush,monitor,C:/cira_batch_test/toothbrush/good_14.png,good_14.png,normal,False,0.06955752521753311,0.06955752521753311,0.0701888715806552,0.0701888715806552,0.0501871842890978,False,False,14504,False,,False,0.0,cpu,patch_nearest_normal,last2,14,0.05,False,,,0.00011445520794950426,0.00012676088372241001,False,True
2026-08-15 08:06:13,transistor,monitor,C:/cira_batch_test/transistor/good_1.png,good_1.png,normal,False,0.00035019515780732036,2.8610230629055877e-07,0.08374595860198465,0.08374595860198465,0.075458013266325,False,True,16000,True,0.00017912262410391122,True,0.0025318239349871874,cpu,patch_nearest_normal,last2,14,0.05,False,,,0.00017315374861937016,0.000183458399987945,True,True
2026-08-15 08:06:15,transistor,monitor,C:/cira_batch_test/transistor/bad_16.png,bad_16.png,anomaly,True,0.17800800502300262,0.17800800502300262,0.08374595860198465,0.08374595860198465,0.075458013266325,False,False,16000,False,,False,0.0,cpu,patch_nearest_normal,last2,14,0.05,False,,,0.0001869992702268064,0.000183458399987945,False,False
2026-08-15 08:06:16,transistor,monitor,C:/cira_batch_test/transistor/bad_20.png,bad_20.png,anomaly,True,0.2870742380619049,0.2870742380619049,0.08374595860198465,0.08374595860198465,0.075458013266325,False,False,16000,False,,False,0.0,cpu,patch_nearest_normal,last2,14,0.05,False,,,0.00019506608077790588,0.000183458399987945,False,False
2026-08-15 08:06:18,transistor,monitor,C:/cira_batch_test/transistor/bad_12.png,bad_12.png,anomaly,True,0.24954798817634583,0.24954798817634583,0.08374595860198465,0.08374595860198465,0.075458013266325,False,False,16000,False,,False,0.0,cpu,patch_nearest_normal,last2,14,0.05,False,,,0.00015045249892864376,0.000183458399987945,False,True
2026-08-15 08:06:20,transistor,monitor,C:/cira_batch_test/transistor/good_17.png,good_17.png,normal,False,0.0001421749620931223,3.039836826701503e-07,0.08374595860198465,0.08374595860198465,0.075458013266325,False,True,16000,True,0.00018444785382598639,True,0.0025298448745161295,cpu,patch_nearest_normal,last2,14,0.05,False,,,0.0001676407118793577,0.000183458399987945,True,True
2026-08-15 08:06:21,transistor,monitor,C:/cira_batch_test/transistor/bad_9.png,bad_9.png,anomaly,True,0.12845809757709503,0.12845809757709503,0.08374595860198465,0.08374595860198465,0.075458013266325,False,False,16000,False,,False,0.0,cpu,patch_nearest_normal,last2,14,0.05,False,,,0.0001853934081736952,0.000183458399987945,False,False
2026-08-15 08:06:23,transistor,monitor,C:/cira_batch_test/transistor/bad_18.png,bad_18.png,anomaly,True,0.1454814374446869,0.1454814374446869,0.08374595860198465,0.08374595860198465,0.075458013266325,False,False,16000,False,,False,0.0,cpu,patch_nearest_normal,last2,14,0.05,False,,,0.00018105556955561042,0.000183458399987945,False,True
2026-08-15 08:06:24,transistor,monitor,C:/cira_batch_test/transistor/bad_13.png,bad_13.png,anomaly,True,0.10223565250635147,0.10223565250635147,0.08374595860198465,0.08374595860198465,0.075458013266325,False,False,16000,False,,False,0.0,cpu,patch_nearest_normal,last2,14,0.05,False,,,0.00017314411525148898,0.000183458399987945,False,True
2026-08-15 08:06:26,transistor,monitor,C:/cira_batch_test/transistor/bad_2.png,bad_2.png,anomaly,True,0.20321913063526154,0.20321913063526154,0.08374595860198465,0.08374595860198465,0.075458013266325,False,False,16000,False,,False,0.0,cpu,patch_nearest_normal,last2,14,0.05,False,,,0.00015786766016390175,0.000183458399987945,False,True
2026-08-15 08:06:28,transistor,monitor,C:/cira_batch_test/transistor/good_6.png,good_6.png,normal,False,2.7835369110107422e-05,2.8014181907565217e-07,0.08374595860198465,0.08374595860198465,0.075458013266325,False,True,16000,True,0.0001770691596902907,True,0.002528267214074731,cpu,patch_nearest_normal,last2,14,0.05,False,,,0.00016883344505913556,0.000183458399987945,True,True
2026-08-15 08:06:29,transistor,monitor,C:/cira_batch_test/transistor/good_10.png,good_10.png,normal,False,0.0004537045897450298,2.443790378947597e-07,0.08374595860198465,0.08374595860198465,0.075458013266325,False,True,16000,True,0.00017667244537733495,True,0.002525905380025506,cpu,patch_nearest_normal,last2,14,0.05,False,,,0.00016570360457990319,0.000183458399987945,True,True
2026-08-15 08:06:31,transistor,monitor,C:/cira_batch_test/transistor/good_7.png,good_7.png,normal,False,4.3368338083382696e-05,2.5629998390286346e-07,0.08374595860198465,0.08374595860198465,0.075458013266325,False,True,16000,True,0.0001842033670982346,True,0.002531895413994789,cpu,patch_nearest_normal,last2,14,0.05,True,C:\cira_ttl_checkpoints\transistor\patch_memory_bank_update_20.pt,C:\cira_ttl_checkpoints\transistor\patch_adapter_update_20.pt,0.00016742374282330275,0.000183458399987945,True,True
2026-08-15 08:06:33,transistor,monitor,C:/cira_batch_test/transistor/bad_8.png,bad_8.png,anomaly,True,0.16225627064704895,0.16225627064704895,0.08374595860198465,0.08374595860198465,0.075458013266325,False,False,16000,False,,False,0.0,cpu,patch_nearest_normal,last2,14,0.05,False,,,0.00016229183529503644,0.000183458399987945,False,True
2026-08-15 08:06:34,transistor,monitor,C:/cira_batch_test/transistor/bad_10.png,bad_10.png,anomaly,True,0.1227397695183754,0.1227397695183754,0.08374595860198465,0.08374595860198465,0.075458013266325,False,False,16000,False,,False,0.0,cpu,patch_nearest_normal,last2,14,0.05,False,,,0.00016015308210626245,0.000183458399987945,False,True
2026-08-15 08:06:36,transistor,monitor,C:/cira_batch_test/transistor/good_4.png,good_4.png,normal,False,0.00014119743718765676,2.980232238769531e-07,0.08374595860198465,0.08374595860198465,0.075458013266325,False,True,16000,True,0.0001793338160496205,True,0.0025409022346138954,cpu,patch_nearest_normal,last2,14,0.05,False,,,0.00018034724052995443,0.000183458399987945,True,True
2026-08-15 08:06:38,transistor,monitor,C:/cira_batch_test/transistor/bad_5.png,bad_5.png,anomaly,True,0.10956033319234848,0.10956033319234848,0.08374595860198465,0.08374595860198465,0.075458013266325,False,False,16000,False,,False,0.0,cpu,patch_nearest_normal,last2,14,0.05,False,,,0.00018395655206404626,0.000183458399987945,False,False
2026-08-15 08:06:40,transistor,monitor,C:/cira_batch_test/transistor/good_20.png,good_20.png,normal,False,0.00021035075769759715,3.2782554626464844e-07,0.08374595860198465,0.08374595860198465,0.075458013266325,False,True,16000,True,0.0001761391176842153,True,0.002544757444411516,cpu,patch_nearest_normal,last2,14,0.05,False,,,0.00017333532741758972,0.000183458399987945,True,True
2026-08-15 08:06:41,transistor,monitor,C:/cira_batch_test/transistor/good_18.png,good_18.png,normal,False,0.00034125446109101176,2.2649764730431343e-07,0.08374595860198465,0.08374595860198465,0.075458013266325,False,True,16000,True,0.00017667756765149534,True,0.0025388170033693314,cpu,patch_nearest_normal,last2,14,0.05,False,,,0.00018066212942358106,0.000183458399987945,True,True
2026-08-15 08:06:43,transistor,monitor,C:/cira_batch_test/transistor/good_11.png,good_11.png,normal,False,0.0007008373504504561,2.9206276508375595e-07,0.08374595860198465,0.08374595860198465,0.075458013266325,False,True,16000,True,0.00019334355602040887,True,0.0025342407170683146,cpu,patch_nearest_normal,last2,14,0.05,False,,,0.00015927889035083354,0.000183458399987945,True,True
2026-08-15 08:06:45,transistor,monitor,C:/cira_batch_test/transistor/good_9.png,good_9.png,normal,False,0.06370900571346283,0.06370900571346283,0.08374595860198465,0.08374595860198465,0.075458013266325,False,False,16000,False,,False,0.0,cpu,patch_nearest_normal,last2,14,0.05,False,,,0.00018527686188463122,0.000183458399987945,True,False
2026-08-15 08:06:46,transistor,monitor,C:/cira_batch_test/transistor/good_16.png,good_16.png,normal,False,0.06995461881160736,3.337860050578456e-07,0.08374595860198465,0.08374595860198465,0.075458013266325,False,True,16000,True,0.00020887222490273416,True,0.002545185387134552,cpu,patch_nearest_normal,last2,14,0.05,False,,,0.00018267058476340026,0.000183458399987945,True,True
2026-08-15 08:06:48,transistor,monitor,C:/cira_batch_test/transistor/bad_7.png,bad_7.png,anomaly,True,0.12603074312210083,0.12603074312210083,0.08374595860198465,0.08374595860198465,0.075458013266325,False,False,16000,False,,False,0.0,cpu,patch_nearest_normal,last2,14,0.05,False,,,0.00016500345373060554,0.000183458399987945,False,True
2026-08-15 08:06:50,transistor,monitor,C:/cira_batch_test/transistor/good_13.png,good_13.png,normal,False,0.0007761299493722618,2.8014181907565217e-07,0.08374595860198465,0.08374595860198465,0.075458013266325,False,True,16000,True,0.0001671154168434441,True,0.0025235339999198914,cpu,patch_nearest_normal,last2,14,0.05,False,,,0.00018189370166510344,0.000183458399987945,True,True
2026-08-15 08:06:52,transistor,monitor,C:/cira_batch_test/transistor/good_5.png,good_5.png,normal,False,0.00033946038456633687,2.8014181907565217e-07,0.08374595860198465,0.08374595860198465,0.075458013266325,False,True,16000,True,0.0001759330480126664,True,0.0025101485662162304,cpu,patch_nearest_normal,last2,14,0.05,False,,,0.00017816200852394104,0.000183458399987945,True,True
2026-08-15 08:06:53,transistor,monitor,C:/cira_batch_test/transistor/good_2.png,good_2.png,normal,False,0.0791269987821579,0.0791269987821579,0.08374595860198465,0.08374595860198465,0.075458013266325,False,False,16000,False,,False,0.0,cpu,patch_nearest_normal,last2,14,0.05,False,,,0.00017122679855674505,0.000183458399987945,False,True
2026-08-15 08:06:55,transistor,monitor,C:/cira_batch_test/transistor/bad_6.png,bad_6.png,normal,False,0.08073683083057404,0.08073683083057404,0.08374595860198465,0.08374595860198465,0.075458013266325,False,False,16000,False,,False,0.0,cpu,patch_nearest_normal,last2,14,0.05,False,,,0.00016020196198951453,0.000183458399987945,False,True
2026-08-15 08:06:56,transistor,monitor,C:/cira_batch_test/transistor/bad_14.png,bad_14.png,anomaly,True,0.09834354370832443,0.09834354370832443,0.08374595860198465,0.08374595860198465,0.075458013266325,False,False,16000,False,,False,0.0,cpu,patch_nearest_normal,last2,14,0.05,False,,,0.00016565229452680796,0.000183458399987945,False,True
2026-08-15 08:06:58,transistor,monitor,C:/cira_batch_test/transistor/good_3.png,good_3.png,normal,False,0.07986576110124588,0.07986576110124588,0.08374595860198465,0.08374595860198465,0.075458013266325,False,False,16000,False,,False,0.0,cpu,patch_nearest_normal,last2,14,0.05,False,,,0.00015484943287447095,0.000183458399987945,False,True
2026-08-15 08:06:59,transistor,monitor,C:/cira_batch_test/transistor/bad_4.png,bad_4.png,anomaly,True,0.0870303362607956,0.0870303362607956,0.08374595860198465,0.08374595860198465,0.075458013266325,False,False,16000,False,,False,0.0,cpu,patch_nearest_normal,last2,14,0.05,False,,,0.00012381782289594412,0.000183458399987945,False,True
2026-08-15 08:07:01,transistor,monitor,C:/cira_batch_test/transistor/bad_15.png,bad_15.png,anomaly,True,0.09413177520036697,0.09413177520036697,0.08374595860198465,0.08374595860198465,0.075458013266325,False,False,16000,False,,False,0.0,cpu,patch_nearest_normal,last2,14,0.05,False,,,0.00016966901603154838,0.000183458399987945,False,True
2026-08-15 08:07:03,transistor,monitor,C:/cira_batch_test/transistor/good_8.png,good_8.png,normal,False,0.0002488374593667686,2.0265579792067e-07,0.08374595860198465,0.08374595860198465,0.075458013266325,False,True,16000,True,0.00016789529763627797,True,0.0025120580103248358,cpu,patch_nearest_normal,last2,14,0.05,False,,,0.0001695391838438809,0.000183458399987945,True,True
2026-08-15 08:07:04,transistor,monitor,C:/cira_batch_test/transistor/bad_3.png,bad_3.png,anomaly,True,0.09763277322053909,0.09763277322053909,0.08374595860198465,0.08374595860198465,0.075458013266325,False,False,16000,False,,False,0.0,cpu,patch_nearest_normal,last2,14,0.05,False,,,0.00017597002442926168,0.000183458399987945,False,True
2026-08-15 08:07:06,transistor,monitor,C:/cira_batch_test/transistor/bad_11.png,bad_11.png,normal,False,0.07584325224161148,0.07584325224161148,0.08374595860198465,0.08374595860198465,0.075458013266325,False,False,16000,False,,False,0.0,cpu,patch_nearest_normal,last2,14,0.05,False,,,0.00017395545728504658,0.000183458399987945,False,True
2026-08-15 08:07:08,transistor,monitor,C:/cira_batch_test/transistor/good_19.png,good_19.png,normal,False,0.0006231904262676835,2.9206276508375595e-07,0.08374595860198465,0.08374595860198465,0.075458013266325,False,True,16000,True,0.00017658938304521143,True,0.0024986693169921637,cpu,patch_nearest_normal,last2,14,0.05,False,,,0.00016049284022301435,0.000183458399987945,True,True
2026-08-15 08:07:09,transistor,monitor,C:/cira_batch_test/transistor/good_12.png,good_12.png,normal,False,0.05059882998466492,0.05059882998466492,0.08374595860198465,0.08374595860198465,0.075458013266325,False,False,16000,False,,False,0.0,cpu,patch_nearest_normal,last2,14,0.05,False,,,0.0001882047508843243,0.000183458399987945,True,False
2026-08-15 08:07:11,transistor,monitor,C:/cira_batch_test/transistor/good_15.png,good_15.png,normal,False,0.0009201347711496055,2.74181360282455e-07,0.08374595860198465,0.08374595860198465,0.075458013266325,False,True,16000,True,0.00017804777598939836,True,0.002494576619938016,cpu,patch_nearest_normal,last2,14,0.05,True,C:\cira_ttl_checkpoints\transistor\patch_memory_bank_update_30.pt,C:\cira_ttl_checkpoints\transistor\patch_adapter_update_30.pt,0.0001789402449503541,0.000183458399987945,True,True
2026-08-15 08:07:12,transistor,monitor,C:/cira_batch_test/transistor/bad_17.png,bad_17.png,anomaly,True,0.20037129521369934,0.20037129521369934,0.08374595860198465,0.08374595860198465,0.075458013266325,False,False,16000,False,,False,0.0,cpu,patch_nearest_normal,last2,14,0.05,False,,,0.00016786280320957303,0.000183458399987945,False,True
2026-08-15 08:07:14,transistor,monitor,C:/cira_batch_test/transistor/bad_19.png,bad_19.png,anomaly,True,0.09936292469501495,0.09936292469501495,0.08374595860198465,0.08374595860198465,0.075458013266325,False,False,16000,False,,False,0.0,cpu,patch_nearest_normal,last2,14,0.05,False,,,0.00017106285667978227,0.000183458399987945,False,True
2026-08-15 08:07:16,transistor,monitor,C:/cira_batch_test/transistor/bad_1.png,bad_1.png,anomaly,True,0.12091724574565887,0.12091724574565887,0.08374595860198465,0.08374595860198465,0.075458013266325,False,False,16000,False,,False,0.0,cpu,patch_nearest_normal,last2,14,0.05,False,,,0.00015359466488007456,0.000183458399987945,False,True
2026-08-15 08:07:17,transistor,monitor,C:/cira_batch_test/transistor/good_14.png,good_14.png,normal,False,0.001081788563169539,0.001081788563169539,0.08374595860198465,0.08374595860198465,0.075458013266325,False,False,16000,False,,False,0.0,cpu,patch_nearest_normal,last2,14,0.05,False,,,0.0001886228856164962,0.000183458399987945,True,False
2026-08-15 08:07:19,wood,monitor,C:/cira_batch_test/wood/good_1.png,good_1.png,normal,False,0.0001430809497833252,2.6226044269606064e-07,0.04761727861349719,0.04761727861349719,0.037343646213412296,False,True,16000,True,8.564418385503814e-05,True,0.002497096313163638,cpu,patch_nearest_normal,last2,14,0.05,False,,,8.599456486990675e-05,0.00010775983100752,True,True
2026-08-15 08:07:21,wood,monitor,C:/cira_batch_test/wood/bad_16.png,bad_16.png,anomaly,True,0.21792694926261902,0.21792694926261902,0.04761727861349719,0.04761727861349719,0.037343646213412296,False,False,16000,False,,False,0.0,cpu,patch_nearest_normal,last2,14,0.05,False,,,7.762816676404327e-05,0.00010775983100752,False,True
2026-08-15 08:07:22,wood,monitor,C:/cira_batch_test/wood/bad_20.png,bad_20.png,anomaly,True,0.1712360829114914,0.1712360829114914,0.04761727861349719,0.04761727861349719,0.037343646213412296,False,False,16000,False,,False,0.0,cpu,patch_nearest_normal,last2,14,0.05,False,,,9.86054219538346e-05,0.00010775983100752,False,True
2026-08-15 08:07:24,wood,monitor,C:/cira_batch_test/wood/bad_12.png,bad_12.png,anomaly,True,0.18286165595054626,0.18286165595054626,0.04761727861349719,0.04761727861349719,0.037343646213412296,False,False,16000,False,,False,0.0,cpu,patch_nearest_normal,last2,14,0.05,False,,,0.00013122905511409044,0.00010775983100752,False,False
2026-08-15 08:07:25,wood,monitor,C:/cira_batch_test/wood/good_17.png,good_17.png,normal,False,0.04012517258524895,0.04012517258524895,0.04761727861349719,0.04761727861349719,0.037343646213412296,False,False,16000,False,,False,0.0,cpu,patch_nearest_normal,last2,14,0.05,False,,,0.00010595827916404232,0.00010775983100752,False,True
2026-08-15 08:07:27,wood,monitor,C:/cira_batch_test/wood/bad_9.png,bad_9.png,anomaly,True,0.2139853686094284,0.2139853686094284,0.04761727861349719,0.04761727861349719,0.037343646213412296,False,False,16000,False,,False,0.0,cpu,patch_nearest_normal,last2,14,0.05,False,,,7.76112501625903e-05,0.00010775983100752,False,True
2026-08-15 08:07:28,wood,monitor,C:/cira_batch_test/wood/bad_18.png,bad_18.png,anomaly,True,0.3994957506656647,0.3994957506656647,0.04761727861349719,0.04761727861349719,0.037343646213412296,False,False,16000,False,,False,0.0,cpu,patch_nearest_normal,last2,14,0.05,False,,,9.439179848413914e-05,0.00010775983100752,False,True
2026-08-15 08:07:30,wood,monitor,C:/cira_batch_test/wood/bad_13.png,bad_13.png,anomaly,True,0.3160730004310608,0.3160730004310608,0.04761727861349719,0.04761727861349719,0.037343646213412296,False,False,16000,False,,False,0.0,cpu,patch_nearest_normal,last2,14,0.05,False,,,9.129658428719267e-05,0.00010775983100752,False,True
2026-08-15 08:07:32,wood,monitor,C:/cira_batch_test/wood/bad_2.png,bad_2.png,anomaly,True,0.27250537276268005,0.27250537276268005,0.04761727861349719,0.04761727861349719,0.037343646213412296,False,False,16000,False,,False,0.0,cpu,patch_nearest_normal,last2,14,0.05,False,,,0.00010504527017474174,0.00010775983100752,False,True
2026-08-15 08:07:33,wood,monitor,C:/cira_batch_test/wood/good_6.png,good_6.png,normal,False,7.587671461806167e-06,2.9206276508375595e-07,0.04761727861349719,0.04761727861349719,0.037343646213412296,False,True,16000,True,7.489975541830063e-05,True,0.0024988309014588594,cpu,patch_nearest_normal,last2,14,0.05,False,,,7.189359166659415e-05,0.00010775983100752,True,True
2026-08-15 08:07:35,wood,monitor,C:/cira_batch_test/wood/good_10.png,good_10.png,anomaly,True,0.0757385641336441,0.0757385641336441,0.04761727861349719,0.04761727861349719,0.037343646213412296,False,False,16000,False,,False,0.0,cpu,patch_nearest_normal,last2,14,0.05,False,,,0.00011123083822894841,0.00010775983100752,False,False
2026-08-15 08:07:37,wood,monitor,C:/cira_batch_test/wood/good_7.png,good_7.png,normal,False,7.551908311143052e-06,3.159046286782541e-07,0.04761727861349719,0.04761727861349719,0.037343646213412296,False,True,16000,True,8.656075078761205e-05,True,0.0025151483714580536,cpu,patch_nearest_normal,last2,14,0.05,False,,,9.27084474824369e-05,0.00010775983100752,True,True
2026-08-15 08:07:38,wood,monitor,C:/cira_batch_test/wood/bad_8.png,bad_8.png,anomaly,True,0.22067046165466309,0.22067046165466309,0.04761727861349719,0.04761727861349719,0.037343646213412296,False,False,16000,False,,False,0.0,cpu,patch_nearest_normal,last2,14,0.05,False,,,7.887656101956964e-05,0.00010775983100752,False,True
2026-08-15 08:07:40,wood,monitor,C:/cira_batch_test/wood/bad_10.png,bad_10.png,anomaly,True,0.27811357378959656,0.27811357378959656,0.04761727861349719,0.04761727861349719,0.037343646213412296,False,False,16000,False,,False,0.0,cpu,patch_nearest_normal,last2,14,0.05,False,,,7.830475806258619e-05,0.00010775983100752,False,True
2026-08-15 08:07:42,wood,monitor,C:/cira_batch_test/wood/good_4.png,good_4.png,normal,False,6.523132469737902e-05,2.9206276508375595e-07,0.04761727861349719,0.04761727861349719,0.037343646213412296,False,True,16000,True,7.562128303106874e-05,True,0.0025135709438472986,cpu,patch_nearest_normal,last2,14,0.05,False,,,7.531992741860449e-05,0.00010775983100752,True,True
2026-08-15 08:07:43,wood,monitor,C:/cira_batch_test/wood/bad_5.png,bad_5.png,anomaly,True,0.24019081890583038,0.24019081890583038,0.04761727861349719,0.04761727861349719,0.037343646213412296,False,False,16000,False,,False,0.0,cpu,patch_nearest_normal,last2,14,0.05,False,,,0.00010086454130942002,0.00010775983100752,False,True
2026-08-15 08:07:45,wood,monitor,C:/cira_batch_test/wood/good_20.png,good_20.png,normal,False,0.00014493466005660594,3.159046286782541e-07,0.04761727861349719,0.04761727861349719,0.037343646213412296,False,True,16000,True,9.551295806886628e-05,True,0.002515386790037155,cpu,patch_nearest_normal,last2,14,0.05,False,,,9.766469884198159e-05,0.00010775983100752,True,True
2026-08-15 08:07:47,wood,monitor,C:/cira_batch_test/wood/good_18.png,good_18.png,normal,False,0.04002904146909714,0.04002904146909714,0.04761727861349719,0.04761727861349719,0.037343646213412296,False,False,16000,False,,False,0.0,cpu,patch_nearest_normal,last2,14,0.05,False,,,9.368888277094811e-05,0.00010775983100752,False,True
2026-08-15 08:07:49,wood,monitor,C:/cira_batch_test/wood/good_11.png,good_11.png,normal,False,0.0002975761890411377,2.8610230629055877e-07,0.04761727861349719,0.04761727861349719,0.037343646213412296,False,True,16000,True,0.00011429918959038332,True,0.0024885672610253096,cpu,patch_nearest_normal,last2,14,0.05,False,,,0.00010382098844274879,0.00010775983100752,True,True
2026-08-15 08:07:50,wood,monitor,C:/cira_batch_test/wood/good_9.png,good_9.png,normal,False,0.033664025366306305,0.033664025366306305,0.04761727861349719,0.04761727861349719,0.037343646213412296,False,False,16000,False,,False,0.0,cpu,patch_nearest_normal,last2,14,0.05,False,,,0.00011370064748916775,0.00010775983100752,True,False
2026-08-15 08:07:52,wood,monitor,C:/cira_batch_test/wood/good_16.png,good_16.png,normal,False,0.037727005779743195,0.037727005779743195,0.04761727861349719,0.04761727861349719,0.037343646213412296,False,False,16000,False,,False,0.0,cpu,patch_nearest_normal,last2,14,0.05,False,,,0.00010563265823293477,0.00010775983100752,False,True
2026-08-15 08:07:53,wood,monitor,C:/cira_batch_test/wood/bad_7.png,bad_7.png,anomaly,True,0.09807994961738586,0.09807994961738586,0.04761727861349719,0.04761727861349719,0.037343646213412296,False,False,16000,False,,False,0.0,cpu,patch_nearest_normal,last2,14,0.05,False,,,9.953801054507494e-05,0.00010775983100752,False,True
2026-08-15 08:07:55,wood,monitor,C:/cira_batch_test/wood/good_13.png,good_13.png,normal,False,0.028004992753267288,0.028004992753267288,0.04761727861349719,0.04761727861349719,0.037343646213412296,False,False,16000,False,,False,0.0,cpu,patch_nearest_normal,last2,14,0.05,False,,,0.0001079300491255708,0.00010775983100752,True,False
2026-08-15 08:07:57,wood,monitor,C:/cira_batch_test/wood/good_5.png,good_5.png,normal,False,0.00011634230759227648,2.9206276508375595e-07,0.04761727861349719,0.04761727861349719,0.037343646213412296,False,True,16000,True,7.519415521528572e-05,True,0.0024843967985361814,cpu,patch_nearest_normal,last2,14,0.05,False,,,7.838637247914448e-05,0.00010775983100752,True,True
2026-08-15 08:07:58,wood,monitor,C:/cira_batch_test/wood/good_2.png,good_2.png,normal,False,0.00030120013980194926,3.397464638510428e-07,0.04761727861349719,0.04761727861349719,0.037343646213412296,False,True,16000,True,8.253994747065008e-05,True,0.002482898300513625,cpu,patch_nearest_normal,last2,14,0.05,False,,,8.521642303094268e-05,0.00010775983100752,True,True
2026-08-15 08:08:00,wood,monitor,C:/cira_batch_test/wood/bad_6.png,bad_6.png,anomaly,True,0.22267384827136993,0.22267384827136993,0.04761727861349719,0.04761727861349719,0.037343646213412296,False,False,16000,False,,False,0.0,cpu,patch_nearest_normal,last2,14,0.05,False,,,0.0001270700740860775,0.00010775983100752,False,False
2026-08-15 08:08:02,wood,monitor,C:/cira_batch_test/wood/bad_14.png,bad_14.png,anomaly,True,0.24085092544555664,0.24085092544555664,0.04761727861349719,0.04761727861349719,0.037343646213412296,False,False,16000,False,,False,0.0,cpu,patch_nearest_normal,last2,14,0.05,False,,,7.721283327555284e-05,0.00010775983100752,False,True
2026-08-15 08:08:03,wood,monitor,C:/cira_batch_test/wood/good_3.png,good_3.png,normal,False,0.0002592325326986611,2.980232238769531e-07,0.04761727861349719,0.04761727861349719,0.037343646213412296,False,True,16000,True,8.275862637674436e-05,True,0.0024906231556087732,cpu,patch_nearest_normal,last2,14,0.05,False,,,7.879063196014613e-05,0.00010775983100752,True,True
2026-08-15 08:08:05,wood,monitor,C:/cira_batch_test/wood/bad_4.png,bad_4.png,anomaly,True,0.34926551580429077,0.34926551580429077,0.04761727861349719,0.04761727861349719,0.037343646213412296,False,False,16000,False,,False,0.0,cpu,patch_nearest_normal,last2,14,0.05,False,,,9.24823252717033e-05,0.00010775983100752,False,True
2026-08-15 08:08:07,wood,monitor,C:/cira_batch_test/wood/bad_15.png,bad_15.png,anomaly,True,0.21582849323749542,0.21582849323749542,0.04761727861349719,0.04761727861349719,0.037343646213412296,False,False,16000,False,,False,0.0,cpu,patch_nearest_normal,last2,14,0.05,False,,,9.777030209079385e-05,0.00010775983100752,False,True
2026-08-15 08:08:08,wood,monitor,C:/cira_batch_test/wood/good_8.png,good_8.png,normal,False,0.03340735286474228,0.03340735286474228,0.04761727861349719,0.04761727861349719,0.037343646213412296,False,False,16000,False,,False,0.0,cpu,patch_nearest_normal,last2,14,0.05,False,,,0.00012163253268226981,0.00010775983100752,True,False
2026-08-15 08:08:10,wood,monitor,C:/cira_batch_test/wood/bad_3.png,bad_3.png,anomaly,True,0.2538815140724182,0.2538815140724182,0.04761727861349719,0.04761727861349719,0.037343646213412296,False,False,16000,False,,False,0.0,cpu,patch_nearest_normal,last2,14,0.05,False,,,0.00015053414972499013,0.00010775983100752,False,False
2026-08-15 08:08:11,wood,monitor,C:/cira_batch_test/wood/bad_11.png,bad_11.png,anomaly,True,0.08707436174154282,0.08707436174154282,0.04761727861349719,0.04761727861349719,0.037343646213412296,False,False,16000,False,,False,0.0,cpu,patch_nearest_normal,last2,14,0.05,False,,,7.425962394336239e-05,0.00010775983100752,False,True
2026-08-15 08:08:13,wood,monitor,C:/cira_batch_test/wood/good_19.png,good_19.png,anomaly,True,0.05218153074383736,0.05218153074383736,0.04761727861349719,0.04761727861349719,0.037343646213412296,False,False,16000,False,,False,0.0,cpu,patch_nearest_normal,last2,14,0.05,False,,,9.588104876456782e-05,0.00010775983100752,False,True
2026-08-15 08:08:15,wood,monitor,C:/cira_batch_test/wood/good_12.png,good_12.png,normal,False,0.0004546701966319233,3.099441414633475e-07,0.04761727861349719,0.04761727861349719,0.037343646213412296,False,True,16000,True,0.00010339083382859826,True,0.0024748716969043016,cpu,patch_nearest_normal,last2,14,0.05,True,C:\cira_ttl_checkpoints\wood\patch_memory_bank_update_20.pt,C:\cira_ttl_checkpoints\wood\patch_adapter_update_20.pt,0.00010468915570527315,0.00010775983100752,True,True
2026-08-15 08:08:16,wood,monitor,C:/cira_batch_test/wood/good_15.png,good_15.png,anomaly,True,0.05701781436800957,0.05701781436800957,0.04761727861349719,0.04761727861349719,0.037343646213412296,False,False,16000,False,,False,0.0,cpu,patch_nearest_normal,last2,14,0.05,False,,,9.276602213503793e-05,0.00010775983100752,False,True
2026-08-15 08:08:18,wood,monitor,C:/cira_batch_test/wood/bad_17.png,bad_17.png,anomaly,True,0.3751639127731323,0.3751639127731323,0.04761727861349719,0.04761727861349719,0.037343646213412296,False,False,16000,False,,False,0.0,cpu,patch_nearest_normal,last2,14,0.05,False,,,9.084377234103158e-05,0.00010775983100752,False,True
2026-08-15 08:08:20,wood,monitor,C:/cira_batch_test/wood/bad_19.png,bad_19.png,anomaly,True,0.22285707294940948,0.22285707294940948,0.04761727861349719,0.04761727861349719,0.037343646213412296,False,False,16000,False,,False,0.0,cpu,patch_nearest_normal,last2,14,0.05,False,,,9.909570508170873e-05,0.00010775983100752,False,True
2026-08-15 08:08:22,wood,monitor,C:/cira_batch_test/wood/bad_1.png,bad_1.png,anomaly,True,0.3493686318397522,0.3493686318397522,0.04761727861349719,0.04761727861349719,0.037343646213412296,False,False,16000,False,,False,0.0,cpu,patch_nearest_normal,last2,14,0.05,False,,,8.572396473027766e-05,0.00010775983100752,False,True
2026-08-15 08:08:24,wood,monitor,C:/cira_batch_test/wood/good_14.png,good_14.png,normal,False,0.026863956823945045,0.026863956823945045,0.04761727861349719,0.04761727861349719,0.037343646213412296,False,False,16000,False,,False,0.0,cpu,patch_nearest_normal,last2,14,0.05,False,,,0.0001129339070757851,0.00010775983100752,True,False
2026-08-15 08:08:25,zipper,monitor,C:/cira_batch_test/zipper/good_1.png,good_1.png,normal,False,0.0005746185779571533,2.74181360282455e-07,0.026937197228883013,0.026937197228883013,0.026275477930903436,False,True,16000,True,0.00012703111860901117,True,0.002642323262989521,cpu,patch_nearest_normal,last2,14,0.05,False,,,0.00010944061796180904,0.00012004206546407001,True,True
2026-08-15 08:08:27,zipper,monitor,C:/cira_batch_test/zipper/bad_16.png,bad_16.png,anomaly,True,0.04761136323213577,0.04761136323213577,0.026937197228883013,0.026937197228883013,0.026275477930903436,False,False,16000,False,,False,0.0,cpu,patch_nearest_normal,last2,14,0.05,False,,,0.00011791700671892613,0.00012004206546407001,False,True
2026-08-15 08:08:28,zipper,monitor,C:/cira_batch_test/zipper/bad_20.png,bad_20.png,anomaly,True,0.04285698011517525,0.04285698011517525,0.026937197228883013,0.026937197228883013,0.026275477930903436,False,False,16000,False,,False,0.0,cpu,patch_nearest_normal,last2,14,0.05,False,,,0.00010647888848325238,0.00012004206546407001,False,True
2026-08-15 08:08:30,zipper,monitor,C:/cira_batch_test/zipper/bad_12.png,bad_12.png,normal,False,0.0007147789001464844,2.74181360282455e-07,0.026937197228883013,0.026937197228883013,0.026275477930903436,False,True,16000,True,0.00010062222281703725,True,0.0026075742207467556,cpu,patch_nearest_normal,last2,14,0.05,False,,,9.634406887926161e-05,0.00012004206546407001,True,True
2026-08-15 08:08:32,zipper,monitor,C:/cira_batch_test/zipper/good_17.png,good_17.png,normal,False,0.00023959278769325465,3.337860050578456e-07,0.026937197228883013,0.026937197228883013,0.026275477930903436,False,True,16000,True,0.0001176786536234431,True,0.002611015923321247,cpu,patch_nearest_normal,last2,14,0.05,False,,,0.00011538275430211797,0.00012004206546407001,True,True
2026-08-15 08:08:34,zipper,monitor,C:/cira_batch_test/zipper/bad_9.png,bad_9.png,anomaly,True,0.1357094645500183,0.1357094645500183,0.026937197228883013,0.026937197228883013,0.026275477930903436,False,False,16000,False,,False,0.0,cpu,patch_nearest_normal,last2,14,0.05,False,,,0.00010689889313653111,0.00012004206546407001,False,True
2026-08-15 08:08:35,zipper,monitor,C:/cira_batch_test/zipper/bad_18.png,bad_18.png,anomaly,True,0.06137316673994064,0.06137316673994064,0.026937197228883013,0.026937197228883013,0.026275477930903436,False,False,16000,False,,False,0.0,cpu,patch_nearest_normal,last2,14,0.05,False,,,0.00010520588693907484,0.00012004206546407001,False,True
2026-08-15 08:08:37,zipper,monitor,C:/cira_batch_test/zipper/bad_13.png,bad_13.png,anomaly,True,0.04001801460981369,0.04001801460981369,0.026937197228883013,0.026937197228883013,0.026275477930903436,False,False,16000,False,,False,0.0,cpu,patch_nearest_normal,last2,14,0.05,False,,,0.00010836750880116597,0.00012004206546407001,False,True
2026-08-15 08:08:38,zipper,monitor,C:/cira_batch_test/zipper/bad_2.png,bad_2.png,anomaly,True,0.04837595298886299,0.04837595298886299,0.026937197228883013,0.026937197228883013,0.026275477930903436,False,False,16000,False,,False,0.0,cpu,patch_nearest_normal,last2,14,0.05,False,,,0.00011898794764420018,0.00012004206546407001,False,True
2026-08-15 08:08:41,zipper,monitor,C:/cira_batch_test/zipper/good_6.png,good_6.png,normal,False,4.875659942626953e-05,3.2782554626464844e-07,0.026937197228883013,0.026937197228883013,0.026275477930903436,False,True,16000,True,0.00011893109331140295,True,0.002625884022563696,cpu,patch_nearest_normal,last2,14,0.05,False,,,0.00010532465967116877,0.00012004206546407001,True,True
2026-08-15 08:08:42,zipper,monitor,C:/cira_batch_test/zipper/good_10.png,good_10.png,normal,False,0.0007868111133575439,3.159046286782541e-07,0.026937197228883013,0.026937197228883013,0.026275477930903436,False,True,16000,True,0.00011436500790296122,True,0.0026131754275411367,cpu,patch_nearest_normal,last2,14,0.05,False,,,0.00010222743003396317,0.00012004206546407001,True,True
2026-08-15 08:08:44,zipper,monitor,C:/cira_batch_test/zipper/good_7.png,good_7.png,normal,False,7.025003287708387e-05,2.74181360282455e-07,0.026937197228883013,0.026937197228883013,0.026275477930903436,False,True,16000,True,0.00011638111755019054,True,0.0026237729471176863,cpu,patch_nearest_normal,last2,14,0.05,False,,,0.00010711872891988605,0.00012004206546407001,True,True
2026-08-15 08:08:46,zipper,monitor,C:/cira_batch_test/zipper/bad_8.png,bad_8.png,anomaly,True,0.13638105988502502,0.13638105988502502,0.026937197228883013,0.026937197228883013,0.026275477930903436,False,False,16000,False,,False,0.0,cpu,patch_nearest_normal,last2,14,0.05,False,,,0.00011331216228427365,0.00012004206546407001,False,True
2026-08-15 08:08:47,zipper,monitor,C:/cira_batch_test/zipper/bad_10.png,bad_10.png,normal,False,0.0012285232078284025,2.8610230629055877e-07,0.026937197228883013,0.026937197228883013,0.026275477930903436,False,True,16000,True,0.00011663962504826486,True,0.0026078165974467993,cpu,patch_nearest_normal,last2,14,0.05,False,,,0.00011156532855238765,0.00012004206546407001,True,True
2026-08-15 08:08:49,zipper,monitor,C:/cira_batch_test/zipper/good_4.png,good_4.png,normal,False,0.00019415616407059133,3.2186508747145126e-07,0.026937197228883013,0.026937197228883013,0.026275477930903436,False,True,16000,True,0.00011116090172436088,True,0.002613110700622201,cpu,patch_nearest_normal,last2,14,0.05,False,,,0.00010105992259923369,0.00012004206546407001,True,True
2026-08-15 08:08:51,zipper,monitor,C:/cira_batch_test/zipper/bad_5.png,bad_5.png,anomaly,True,0.046832501888275146,0.046832501888275146,0.026937197228883013,0.026937197228883013,0.026275477930903436,False,False,16000,False,,False,0.0,cpu,patch_nearest_normal,last2,14,0.05,False,,,0.00011773160076700151,0.00012004206546407001,False,True
2026-08-15 08:08:53,zipper,monitor,C:/cira_batch_test/zipper/good_20.png,good_20.png,normal,False,0.0003267168940510601,2.8014181907565217e-07,0.026937197228883013,0.026937197228883013,0.026275477930903436,False,True,16000,True,0.00011093570356024429,True,0.002598579740151763,cpu,patch_nearest_normal,last2,14,0.05,False,,,0.00011079137038905174,0.00012004206546407001,True,True
2026-08-15 08:08:55,zipper,monitor,C:/cira_batch_test/zipper/good_18.png,good_18.png,normal,False,0.0005585908656939864,2.8610230629055877e-07,0.026937197228883013,0.026937197228883013,0.026275477930903436,False,True,16000,True,0.0001158768282039091,True,0.00260541751049459,cpu,patch_nearest_normal,last2,14,0.05,True,C:\cira_ttl_checkpoints\zipper\patch_memory_bank_update_30.pt,C:\cira_ttl_checkpoints\zipper\patch_adapter_update_30.pt,0.00010864991782000288,0.00012004206546407001,True,True
2026-08-15 08:08:56,zipper,monitor,C:/cira_batch_test/zipper/good_11.png,good_11.png,normal,False,0.0012153625721111894,2.384185791015625e-07,0.026937197228883013,0.026937197228883013,0.026275477930903436,False,True,16000,True,0.00011140609422000125,True,0.0025922541972249746,cpu,patch_nearest_normal,last2,14,0.05,False,,,9.897431300487369e-05,0.00012004206546407001,True,True
2026-08-15 08:08:58,zipper,monitor,C:/cira_batch_test/zipper/good_9.png,good_9.png,normal,False,0.00023047924332786351,3.039836826701503e-07,0.026937197228883013,0.026937197228883013,0.026275477930903436,False,True,16000,True,0.00012060455628670752,True,0.002599257044494152,cpu,patch_nearest_normal,last2,14,0.05,False,,,0.00011730883124982938,0.00012004206546407001,True,True
2026-08-15 08:09:00,zipper,monitor,C:/cira_batch_test/zipper/good_16.png,good_16.png,normal,False,0.0009344160789623857,0.0009344160789623857,0.026937197228883013,0.026937197228883013,0.026275477930903436,False,False,16000,False,,False,0.0,cpu,patch_nearest_normal,last2,14,0.05,False,,,0.00012925887131132185,0.00012004206546407001,True,False
2026-08-15 08:09:01,zipper,monitor,C:/cira_batch_test/zipper/bad_7.png,bad_7.png,anomaly,True,0.09446597099304199,0.09446597099304199,0.026937197228883013,0.026937197228883013,0.026275477930903436,False,False,16000,False,,False,0.0,cpu,patch_nearest_normal,last2,14,0.05,False,,,0.00011471330799395218,0.00012004206546407001,False,True
2026-08-15 08:09:03,zipper,monitor,C:/cira_batch_test/zipper/good_13.png,good_13.png,normal,False,0.0012085497146472335,2.8014181907565217e-07,0.026937197228883013,0.026937197228883013,0.026275477930903436,False,True,16000,True,0.00011274582357145846,True,0.002582863438874483,cpu,patch_nearest_normal,last2,14,0.05,False,,,9.625883831176907e-05,0.00012004206546407001,True,True
2026-08-15 08:09:04,zipper,monitor,C:/cira_batch_test/zipper/good_5.png,good_5.png,anomaly,True,0.028269201517105103,0.028269201517105103,0.026937197228883013,0.026937197228883013,0.026275477930903436,False,False,16000,False,,False,0.0,cpu,patch_nearest_normal,last2,14,0.05,False,,,9.92561035673134e-05,0.00012004206546407001,False,True
2026-08-15 08:09:06,zipper,monitor,C:/cira_batch_test/zipper/good_2.png,good_2.png,normal,False,0.0006890118238516152,3.099441414633475e-07,0.026937197228883013,0.026937197228883013,0.026275477930903436,False,True,16000,True,0.00011230837117182091,True,0.0025941121857613325,cpu,patch_nearest_normal,last2,14,0.05,False,,,0.00010287125769536942,0.00012004206546407001,True,True
2026-08-15 08:09:08,zipper,monitor,C:/cira_batch_test/zipper/bad_6.png,bad_6.png,anomaly,True,0.07928803563117981,0.07928803563117981,0.026937197228883013,0.026937197228883013,0.026275477930903436,False,False,16000,False,,False,0.0,cpu,patch_nearest_normal,last2,14,0.05,False,,,0.00010720217687776312,0.00012004206546407001,False,True
2026-08-15 08:09:09,zipper,monitor,C:/cira_batch_test/zipper/bad_14.png,bad_14.png,anomaly,True,0.04835524037480354,0.04835524037480354,0.026937197228883013,0.026937197228883013,0.026275477930903436,False,False,16000,False,,False,0.0,cpu,patch_nearest_normal,last2,14,0.05,False,,,0.00011899855599040166,0.00012004206546407001,False,True
2026-08-15 08:09:11,zipper,monitor,C:/cira_batch_test/zipper/good_3.png,good_3.png,normal,False,0.0006169140106067061,2.9206276508375595e-07,0.026937197228883013,0.026937197228883013,0.026275477930903436,False,True,16000,True,0.00010235609079245478,True,0.0025803702883422375,cpu,patch_nearest_normal,last2,14,0.05,False,,,0.00010901562200160697,0.00012004206546407001,True,True
2026-08-15 08:09:12,zipper,monitor,C:/cira_batch_test/zipper/bad_4.png,bad_4.png,anomaly,True,0.09779653698205948,0.09779653698205948,0.026937197228883013,0.026937197228883013,0.026275477930903436,False,False,16000,False,,False,0.0,cpu,patch_nearest_normal,last2,14,0.05,False,,,0.00010682333959266543,0.00012004206546407001,False,True
2026-08-15 08:09:14,zipper,monitor,C:/cira_batch_test/zipper/bad_15.png,bad_15.png,anomaly,True,0.06900261342525482,0.06900261342525482,0.026937197228883013,0.026937197228883013,0.026275477930903436,False,False,16000,False,,False,0.0,cpu,patch_nearest_normal,last2,14,0.05,False,,,0.00011164138413732871,0.00012004206546407001,False,True
2026-08-15 08:09:15,zipper,monitor,C:/cira_batch_test/zipper/good_8.png,good_8.png,anomaly,True,0.02885681949555874,0.02885681949555874,0.026937197228883013,0.026937197228883013,0.026275477930903436,False,False,16000,False,,False,0.0,cpu,patch_nearest_normal,last2,14,0.05,False,,,0.0001088550197891891,0.00012004206546407001,False,True
2026-08-15 08:09:17,zipper,monitor,C:/cira_batch_test/zipper/bad_3.png,bad_3.png,anomaly,True,0.029367024078965187,0.029367024078965187,0.026937197228883013,0.026937197228883013,0.026275477930903436,False,False,16000,False,,False,0.0,cpu,patch_nearest_normal,last2,14,0.05,False,,,0.00011896342039108276,0.00012004206546407001,False,True
2026-08-15 08:09:18,zipper,monitor,C:/cira_batch_test/zipper/bad_11.png,bad_11.png,anomaly,True,0.03395531326532364,0.03395531326532364,0.026937197228883013,0.026937197228883013,0.026275477930903436,False,False,16000,False,,False,0.0,cpu,patch_nearest_normal,last2,14,0.05,False,,,0.00010511164873605594,0.00012004206546407001,False,True
2026-08-15 08:09:20,zipper,monitor,C:/cira_batch_test/zipper/good_19.png,good_19.png,normal,False,0.0009282529354095459,3.039836826701503e-07,0.026937197228883013,0.026937197228883013,0.026275477930903436,False,True,16000,True,0.00012040290312143043,True,0.0025770014617592096,cpu,patch_nearest_normal,last2,14,0.05,False,,,0.00011691388499457389,0.00012004206546407001,True,True
2026-08-15 08:09:22,zipper,monitor,C:/cira_batch_test/zipper/good_12.png,good_12.png,normal,False,0.0017328799003735185,2.74181360282455e-07,0.026937197228883013,0.026937197228883013,0.026275477930903436,False,True,16000,True,0.00010573462350293994,True,0.002557356609031558,cpu,patch_nearest_normal,last2,14,0.05,False,,,0.00010383122571511194,0.00012004206546407001,True,True
2026-08-15 08:09:24,zipper,monitor,C:/cira_batch_test/zipper/good_15.png,good_15.png,normal,False,0.0014959156978875399,3.635883274455409e-07,0.026937197228883013,0.026937197228883013,0.026275477930903436,False,True,16000,True,0.00011528676259331405,True,0.0025574094615876675,cpu,patch_nearest_normal,last2,14,0.05,False,,,0.00011117431131424382,0.00012004206546407001,True,True
2026-08-15 08:09:25,zipper,monitor,C:/cira_batch_test/zipper/bad_17.png,bad_17.png,anomaly,True,0.05562405660748482,0.05562405660748482,0.026937197228883013,0.026937197228883013,0.026275477930903436,False,False,16000,False,,False,0.0,cpu,patch_nearest_normal,last2,14,0.05,False,,,9.474874968873337e-05,0.00012004206546407001,False,True
2026-08-15 08:09:27,zipper,monitor,C:/cira_batch_test/zipper/bad_19.png,bad_19.png,anomaly,True,0.05641261488199234,0.05641261488199234,0.026937197228883013,0.026937197228883013,0.026275477930903436,False,False,16000,False,,False,0.0,cpu,patch_nearest_normal,last2,14,0.05,False,,,0.00011508633178891614,0.00012004206546407001,False,True
2026-08-15 08:09:28,zipper,monitor,C:/cira_batch_test/zipper/bad_1.png,bad_1.png,anomaly,True,0.03500165790319443,0.03500165790319443,0.026937197228883013,0.026937197228883013,0.026275477930903436,False,False,16000,False,,False,0.0,cpu,patch_nearest_normal,last2,14,0.05,False,,,0.00011477320367703214,0.00012004206546407001,False,True
2026-08-15 08:09:30,zipper,monitor,C:/cira_batch_test/zipper/good_14.png,good_14.png,normal,False,0.0017174780368804932,3.457069510659494e-07,0.026937197228883013,0.026937197228883013,0.026275477930903436,False,True,16000,True,0.00011569552589207888,True,0.0025505346711724997,cpu,patch_nearest_normal,last2,14,0.05,False,,,0.00010838935850188136,0.00012004206546407001,True,True
