timestamp,category,mode,image_path,file_name,label,is_anomaly,score_before,anomaly_score,threshold,anomaly_threshold,update_threshold,threshold_reloaded,updated_memory,memory_size,update_allowed,update_loss,adapter_updated,adapter_delta_norm,device,score_method,feature_choice,patch_grid,patch_top_fraction,checkpoint_saved,checkpoint_memory_path,checkpoint_adapter_path,consistency_error,consistency_threshold,score_gate_pass,consistency_gate_pass
2026-08-14 00:50:57,bottle,monitor,C:/cira_batch_test/bottle/bad_1.png,bad_1.png,anomaly,True,0.05840110033750534,0.05840110033750534,0.028150248528954157,0.028150248528954157,0.026971996296197176,False,False,16000,False,,False,0.0,cpu,patch_nearest_normal,last2,14,0.05,False,,,0.00011345862003508955,0.00011476924591981,False,True
2026-08-14 00:50:59,bottle,monitor,C:/cira_batch_test/bottle/bad_10.png,bad_10.png,anomaly,True,0.1676427572965622,0.1676427572965622,0.028150248528954157,0.028150248528954157,0.026971996296197176,False,False,16000,False,,False,0.0,cpu,patch_nearest_normal,last2,14,0.05,False,,,0.00013063660298939794,0.00011476924591981,False,False
2026-08-14 00:51:00,bottle,monitor,C:/cira_batch_test/bottle/bad_11.png,bad_11.png,anomaly,True,0.0585472397506237,0.0585472397506237,0.028150248528954157,0.028150248528954157,0.026971996296197176,False,False,16000,False,,False,0.0,cpu,patch_nearest_normal,last2,14,0.05,False,,,9.829982445808128e-05,0.00011476924591981,False,True
2026-08-14 00:51:02,bottle,monitor,C:/cira_batch_test/bottle/bad_12.png,bad_12.png,anomaly,True,0.22920450568199158,0.22920450568199158,0.028150248528954157,0.028150248528954157,0.026971996296197176,False,False,16000,False,,False,0.0,cpu,patch_nearest_normal,last2,14,0.05,False,,,0.00011716338485712186,0.00011476924591981,False,False
2026-08-14 00:51:03,bottle,monitor,C:/cira_batch_test/bottle/bad_13.png,bad_13.png,anomaly,True,0.27056264877319336,0.27056264877319336,0.028150248528954157,0.028150248528954157,0.026971996296197176,False,False,16000,False,,False,0.0,cpu,patch_nearest_normal,last2,14,0.05,False,,,0.00012624052760656923,0.00011476924591981,False,False
2026-08-14 00:51:05,bottle,monitor,C:/cira_batch_test/bottle/bad_14.png,bad_14.png,anomaly,True,0.17526283860206604,0.17526283860206604,0.028150248528954157,0.028150248528954157,0.026971996296197176,False,False,16000,False,,False,0.0,cpu,patch_nearest_normal,last2,14,0.05,False,,,0.0001155961217591539,0.00011476924591981,False,False
2026-08-14 00:51:06,bottle,monitor,C:/cira_batch_test/bottle/bad_15.png,bad_15.png,anomaly,True,0.4275619089603424,0.4275619089603424,0.028150248528954157,0.028150248528954157,0.026971996296197176,False,False,16000,False,,False,0.0,cpu,patch_nearest_normal,last2,14,0.05,False,,,0.00012380274711176753,0.00011476924591981,False,False
2026-08-14 00:51:07,bottle,monitor,C:/cira_batch_test/bottle/bad_16.png,bad_16.png,anomaly,True,0.3065595328807831,0.3065595328807831,0.028150248528954157,0.028150248528954157,0.026971996296197176,False,False,16000,False,,False,0.0,cpu,patch_nearest_normal,last2,14,0.05,False,,,0.00011063316924264655,0.00011476924591981,False,True
2026-08-14 00:51:09,bottle,monitor,C:/cira_batch_test/bottle/bad_17.png,bad_17.png,anomaly,True,0.19286920130252838,0.19286920130252838,0.028150248528954157,0.028150248528954157,0.026971996296197176,False,False,16000,False,,False,0.0,cpu,patch_nearest_normal,last2,14,0.05,False,,,0.00011823907698271796,0.00011476924591981,False,False
2026-08-14 00:51:10,bottle,monitor,C:/cira_batch_test/bottle/bad_18.png,bad_18.png,anomaly,True,0.18448753654956818,0.18448753654956818,0.028150248528954157,0.028150248528954157,0.026971996296197176,False,False,16000,False,,False,0.0,cpu,patch_nearest_normal,last2,14,0.05,False,,,0.00012094491103198379,0.00011476924591981,False,False
2026-08-14 00:51:12,bottle,monitor,C:/cira_batch_test/bottle/bad_19.png,bad_19.png,anomaly,True,0.20097923278808594,0.20097923278808594,0.028150248528954157,0.028150248528954157,0.026971996296197176,False,False,16000,False,,False,0.0,cpu,patch_nearest_normal,last2,14,0.05,False,,,0.00011527096648933366,0.00011476924591981,False,False
2026-08-14 00:51:13,bottle,monitor,C:/cira_batch_test/bottle/bad_2.png,bad_2.png,anomaly,True,0.0872659832239151,0.0872659832239151,0.028150248528954157,0.028150248528954157,0.026971996296197176,False,False,16000,False,,False,0.0,cpu,patch_nearest_normal,last2,14,0.05,False,,,0.00010927097173407674,0.00011476924591981,False,True
2026-08-14 00:51:15,bottle,monitor,C:/cira_batch_test/bottle/bad_20.png,bad_20.png,anomaly,True,0.2113770991563797,0.2113770991563797,0.028150248528954157,0.028150248528954157,0.026971996296197176,False,False,16000,False,,False,0.0,cpu,patch_nearest_normal,last2,14,0.05,False,,,0.00011122646537842229,0.00011476924591981,False,True
2026-08-14 00:51:16,bottle,monitor,C:/cira_batch_test/bottle/bad_3.png,bad_3.png,anomaly,True,0.190205380320549,0.190205380320549,0.028150248528954157,0.028150248528954157,0.026971996296197176,False,False,16000,False,,False,0.0,cpu,patch_nearest_normal,last2,14,0.05,False,,,0.0001190250477520749,0.00011476924591981,False,False
2026-08-14 00:51:18,bottle,monitor,C:/cira_batch_test/bottle/bad_4.png,bad_4.png,anomaly,True,0.20700085163116455,0.20700085163116455,0.028150248528954157,0.028150248528954157,0.026971996296197176,False,False,16000,False,,False,0.0,cpu,patch_nearest_normal,last2,14,0.05,False,,,0.00011481213732622564,0.00011476924591981,False,False
2026-08-14 00:51:19,bottle,monitor,C:/cira_batch_test/bottle/bad_5.png,bad_5.png,anomaly,True,0.31928688287734985,0.31928688287734985,0.028150248528954157,0.028150248528954157,0.026971996296197176,False,False,16000,False,,False,0.0,cpu,patch_nearest_normal,last2,14,0.05,False,,,0.0001262200385099277,0.00011476924591981,False,False
2026-08-14 00:51:21,bottle,monitor,C:/cira_batch_test/bottle/bad_6.png,bad_6.png,anomaly,True,0.23199403285980225,0.23199403285980225,0.028150248528954157,0.028150248528954157,0.026971996296197176,False,False,16000,False,,False,0.0,cpu,patch_nearest_normal,last2,14,0.05,False,,,0.00012078379222657531,0.00011476924591981,False,False
2026-08-14 00:51:22,bottle,monitor,C:/cira_batch_test/bottle/bad_7.png,bad_7.png,anomaly,True,0.32217347621917725,0.32217347621917725,0.028150248528954157,0.028150248528954157,0.026971996296197176,False,False,16000,False,,False,0.0,cpu,patch_nearest_normal,last2,14,0.05,False,,,0.00012093076657038182,0.00011476924591981,False,False
2026-08-14 00:51:24,bottle,monitor,C:/cira_batch_test/bottle/bad_8.png,bad_8.png,anomaly,True,0.2799452245235443,0.2799452245235443,0.028150248528954157,0.028150248528954157,0.026971996296197176,False,False,16000,False,,False,0.0,cpu,patch_nearest_normal,last2,14,0.05,False,,,0.00014306085358839482,0.00011476924591981,False,False
2026-08-14 00:51:25,bottle,monitor,C:/cira_batch_test/bottle/bad_9.png,bad_9.png,anomaly,True,0.32232242822647095,0.32232242822647095,0.028150248528954157,0.028150248528954157,0.026971996296197176,False,False,16000,False,,False,0.0,cpu,patch_nearest_normal,last2,14,0.05,False,,,0.00013310438953340054,0.00011476924591981,False,False
2026-08-14 00:51:27,bottle,monitor,C:/cira_batch_test/bottle/good_1.png,good_1.png,normal,False,0.025081897154450417,2.3245812030836532e-07,0.028150248528954157,0.028150248528954157,0.026971996296197176,False,True,16000,True,0.00012019897985737771,True,0.0029751004185527563,cpu,patch_nearest_normal,last2,14,0.05,False,,,0.00010479488992132246,0.00011476924591981,True,True
2026-08-14 00:51:29,bottle,monitor,C:/cira_batch_test/bottle/good_10.png,good_10.png,normal,False,0.02656359039247036,2.5629998390286346e-07,0.028150248528954157,0.028150248528954157,0.026971996296197176,False,True,16000,True,0.0001206010056193918,True,0.0028544075321406126,cpu,patch_nearest_normal,last2,14,0.05,False,,,0.00010988517169607803,0.00011476924591981,True,True
2026-08-14 00:51:31,bottle,monitor,C:/cira_batch_test/bottle/good_11.png,good_11.png,normal,False,0.0171598382294178,2.5629998390286346e-07,0.028150248528954157,0.028150248528954157,0.026971996296197176,False,True,16000,True,0.00011330157576594502,True,0.002802628558129072,cpu,patch_nearest_normal,last2,14,0.05,False,,,0.00010203181591350585,0.00011476924591981,True,True
2026-08-14 00:51:32,bottle,monitor,C:/cira_batch_test/bottle/good_12.png,good_12.png,normal,False,0.01919957995414734,2.3245812030836532e-07,0.028150248528954157,0.028150248528954157,0.026971996296197176,False,True,16000,True,0.00011189931683475152,True,0.0027787410654127598,cpu,patch_nearest_normal,last2,14,0.05,False,,,0.00010096184996655211,0.00011476924591981,True,True
2026-08-14 00:51:34,bottle,monitor,C:/cira_batch_test/bottle/good_13.png,good_13.png,normal,False,0.023289894685149193,2.1457671550706436e-07,0.028150248528954157,0.028150248528954157,0.026971996296197176,False,True,16000,True,0.00011945433652726933,True,0.002755752531811595,cpu,patch_nearest_normal,last2,14,0.05,False,,,0.00010267196921631694,0.00011476924591981,True,True
2026-08-14 00:51:36,bottle,monitor,C:/cira_batch_test/bottle/good_14.png,good_14.png,normal,False,0.023547178134322166,3.2782554626464844e-07,0.028150248528954157,0.028150248528954157,0.026971996296197176,False,True,16000,True,0.00011857153731398284,True,0.002729912754148245,cpu,patch_nearest_normal,last2,14,0.05,False,,,0.00010081430082209408,0.00011476924591981,True,True
2026-08-14 00:51:37,bottle,monitor,C:/cira_batch_test/bottle/good_15.png,good_15.png,normal,False,0.022026747465133667,3.039836826701503e-07,0.028150248528954157,0.028150248528954157,0.026971996296197176,False,True,16000,True,0.00011461920803412795,True,0.002725765807554126,cpu,patch_nearest_normal,last2,14,0.05,False,,,0.00010506627586437389,0.00011476924591981,True,True
2026-08-14 00:51:39,bottle,monitor,C:/cira_batch_test/bottle/good_16.png,good_16.png,normal,False,0.0241716206073761,3.2186508747145126e-07,0.028150248528954157,0.028150248528954157,0.026971996296197176,False,True,16000,True,0.00011670998355839401,True,0.002725910395383835,cpu,patch_nearest_normal,last2,14,0.05,False,,,0.00010441433551022783,0.00011476924591981,True,True
2026-08-14 00:51:41,bottle,monitor,C:/cira_batch_test/bottle/good_17.png,good_17.png,normal,False,0.021870464086532593,2.5033949668795685e-07,0.028150248528954157,0.028150248528954157,0.026971996296197176,False,True,16000,True,0.00011630762310232967,True,0.0027215571608394384,cpu,patch_nearest_normal,last2,14,0.05,False,,,0.00010666211164789274,0.00011476924591981,True,True
2026-08-14 00:51:43,bottle,monitor,C:/cira_batch_test/bottle/good_18.png,good_18.png,normal,False,0.01732012629508972,2.8014181907565217e-07,0.028150248528954157,0.028150248528954157,0.026971996296197176,False,True,16000,True,0.00011556700337678194,True,0.0027213310822844505,cpu,patch_nearest_normal,last2,14,0.05,True,C:\cira_ttl_checkpoints\bottle\patch_memory_bank_update_10.pt,C:\cira_ttl_checkpoints\bottle\patch_adapter_update_10.pt,0.00010465104423929006,0.00011476924591981,True,True
2026-08-14 00:51:45,bottle,monitor,C:/cira_batch_test/bottle/good_19.png,good_19.png,normal,False,0.01670396886765957,2.980232238769531e-07,0.028150248528954157,0.028150248528954157,0.026971996296197176,False,True,16000,True,0.00011138214176753536,True,0.002725309459492564,cpu,patch_nearest_normal,last2,14,0.05,False,,,0.00010732965893112123,0.00011476924591981,True,True
2026-08-14 00:51:46,bottle,monitor,C:/cira_batch_test/bottle/good_2.png,good_2.png,normal,False,0.023592490702867508,2.8014181907565217e-07,0.028150248528954157,0.028150248528954157,0.026971996296197176,False,True,16000,True,0.00011597253615036607,True,0.0027173799462616444,cpu,patch_nearest_normal,last2,14,0.05,False,,,0.00010538549395278096,0.00011476924591981,True,True
2026-08-14 00:51:49,bottle,monitor,C:/cira_batch_test/bottle/good_20.png,good_20.png,normal,False,0.02349734865128994,2.8014181907565217e-07,0.028150248528954157,0.028150248528954157,0.026971996296197176,False,True,16000,True,0.00011971570347668603,True,0.002722283126786351,cpu,patch_nearest_normal,last2,14,0.05,False,,,0.00010431533155497164,0.00011476924591981,True,True
2026-08-14 00:51:50,bottle,monitor,C:/cira_batch_test/bottle/good_3.png,good_3.png,normal,False,0.02061362937092781,2.74181360282455e-07,0.028150248528954157,0.028150248528954157,0.026971996296197176,False,True,16000,True,0.00010652421042323112,True,0.002705094637349248,cpu,patch_nearest_normal,last2,14,0.05,False,,,9.87127932603471e-05,0.00011476924591981,True,True
2026-08-14 00:51:52,bottle,monitor,C:/cira_batch_test/bottle/good_4.png,good_4.png,normal,False,0.017849599942564964,2.74181360282455e-07,0.028150248528954157,0.028150248528954157,0.026971996296197176,False,True,16000,True,0.00011579880811041221,True,0.0027086923364549875,cpu,patch_nearest_normal,last2,14,0.05,False,,,0.00010304204624844715,0.00011476924591981,True,True
2026-08-14 00:51:54,bottle,monitor,C:/cira_batch_test/bottle/good_5.png,good_5.png,normal,False,0.01360293012112379,2.8014181907565217e-07,0.028150248528954157,0.028150248528954157,0.026971996296197176,False,True,16000,True,0.00011694509885273874,True,0.002703495789319277,cpu,patch_nearest_normal,last2,14,0.05,False,,,0.00010240705887554213,0.00011476924591981,True,True
2026-08-14 00:51:56,bottle,monitor,C:/cira_batch_test/bottle/good_6.png,good_6.png,normal,False,0.017056996002793312,2.5629998390286346e-07,0.028150248528954157,0.028150248528954157,0.026971996296197176,False,True,16000,True,0.00011681990145007148,True,0.00269172340631485,cpu,patch_nearest_normal,last2,14,0.05,False,,,9.610944835003465e-05,0.00011476924591981,True,True
2026-08-14 00:51:57,bottle,monitor,C:/cira_batch_test/bottle/good_7.png,good_7.png,anomaly,True,0.03464197367429733,0.03464197367429733,0.028150248528954157,0.028150248528954157,0.026971996296197176,False,False,16000,False,,False,0.0,cpu,patch_nearest_normal,last2,14,0.05,False,,,0.00011205572809558362,0.00011476924591981,False,True
2026-08-14 00:51:59,bottle,monitor,C:/cira_batch_test/bottle/good_8.png,good_8.png,normal,False,0.01993732526898384,2.384185791015625e-07,0.028150248528954157,0.028150248528954157,0.026971996296197176,False,True,16000,True,0.00011185203038621694,True,0.0026812118012458086,cpu,patch_nearest_normal,last2,14,0.05,False,,,9.908185893436894e-05,0.00011476924591981,True,True
2026-08-14 00:52:00,bottle,monitor,C:/cira_batch_test/bottle/good_9.png,good_9.png,normal,False,0.022668320685625076,3.039836826701503e-07,0.028150248528954157,0.028150248528954157,0.026971996296197176,False,True,16000,True,0.00011324327351758257,True,0.0026619420386850834,cpu,patch_nearest_normal,last2,14,0.05,False,,,9.938310540746897e-05,0.00011476924591981,True,True
2026-08-14 00:52:02,cable,monitor,C:/cira_batch_test/cable/bad_1.png,bad_1.png,anomaly,True,0.2560812830924988,0.2560812830924988,0.09852253405708512,0.09852253405708512,0.08911290355026723,False,False,16000,False,,False,0.0,cpu,patch_nearest_normal,last2,14,0.05,False,,,0.00016357660933863372,0.00019554235113892002,False,True
2026-08-14 00:52:03,cable,monitor,C:/cira_batch_test/cable/bad_10.png,bad_10.png,anomaly,True,0.11330725252628326,0.11330725252628326,0.09852253405708512,0.09852253405708512,0.08911290355026723,False,False,16000,False,,False,0.0,cpu,patch_nearest_normal,last2,14,0.05,False,,,0.0001698764826869592,0.00019554235113892002,False,True
2026-08-14 00:52:05,cable,monitor,C:/cira_batch_test/cable/bad_11.png,bad_11.png,anomaly,True,0.19220919907093048,0.19220919907093048,0.09852253405708512,0.09852253405708512,0.08911290355026723,False,False,16000,False,,False,0.0,cpu,patch_nearest_normal,last2,14,0.05,False,,,0.00017203798051923513,0.00019554235113892002,False,True
2026-08-14 00:52:06,cable,monitor,C:/cira_batch_test/cable/bad_12.png,bad_12.png,anomaly,True,0.10627879947423935,0.10627879947423935,0.09852253405708512,0.09852253405708512,0.08911290355026723,False,False,16000,False,,False,0.0,cpu,patch_nearest_normal,last2,14,0.05,False,,,0.0001569292799104005,0.00019554235113892002,False,True
2026-08-14 00:52:08,cable,monitor,C:/cira_batch_test/cable/bad_13.png,bad_13.png,anomaly,True,0.11107983440160751,0.11107983440160751,0.09852253405708512,0.09852253405708512,0.08911290355026723,False,False,16000,False,,False,0.0,cpu,patch_nearest_normal,last2,14,0.05,False,,,0.00016870997205842286,0.00019554235113892002,False,True
2026-08-14 00:52:10,cable,monitor,C:/cira_batch_test/cable/bad_14.png,bad_14.png,anomaly,True,0.10263369977474213,0.10263369977474213,0.09852253405708512,0.09852253405708512,0.08911290355026723,False,False,16000,False,,False,0.0,cpu,patch_nearest_normal,last2,14,0.05,False,,,0.00018582648772280663,0.00019554235113892002,False,True
2026-08-14 00:52:11,cable,monitor,C:/cira_batch_test/cable/bad_15.png,bad_15.png,anomaly,True,0.21952275931835175,0.21952275931835175,0.09852253405708512,0.09852253405708512,0.08911290355026723,False,False,16000,False,,False,0.0,cpu,patch_nearest_normal,last2,14,0.05,False,,,0.00017538294196128845,0.00019554235113892002,False,True
2026-08-14 00:52:13,cable,monitor,C:/cira_batch_test/cable/bad_16.png,bad_16.png,anomaly,True,0.2695935070514679,0.2695935070514679,0.09852253405708512,0.09852253405708512,0.08911290355026723,False,False,16000,False,,False,0.0,cpu,patch_nearest_normal,last2,14,0.05,False,,,0.00016619406233076006,0.00019554235113892002,False,True
2026-08-14 00:52:14,cable,monitor,C:/cira_batch_test/cable/bad_17.png,bad_17.png,anomaly,True,0.14945992827415466,0.14945992827415466,0.09852253405708512,0.09852253405708512,0.08911290355026723,False,False,16000,False,,False,0.0,cpu,patch_nearest_normal,last2,14,0.05,False,,,0.00018344417912885547,0.00019554235113892002,False,True
2026-08-14 00:52:16,cable,monitor,C:/cira_batch_test/cable/bad_18.png,bad_18.png,anomaly,True,0.24616484344005585,0.24616484344005585,0.09852253405708512,0.09852253405708512,0.08911290355026723,False,False,16000,False,,False,0.0,cpu,patch_nearest_normal,last2,14,0.05,False,,,0.00015029571659397334,0.00019554235113892002,False,True
2026-08-14 00:52:17,cable,monitor,C:/cira_batch_test/cable/bad_19.png,bad_19.png,normal,False,0.09412307292222977,0.09412307292222977,0.09852253405708512,0.09852253405708512,0.08911290355026723,False,False,16000,False,,False,0.0,cpu,patch_nearest_normal,last2,14,0.05,False,,,0.00016097644402179867,0.00019554235113892002,False,True
2026-08-14 00:52:19,cable,monitor,C:/cira_batch_test/cable/bad_2.png,bad_2.png,anomaly,True,0.29285189509391785,0.29285189509391785,0.09852253405708512,0.09852253405708512,0.08911290355026723,False,False,16000,False,,False,0.0,cpu,patch_nearest_normal,last2,14,0.05,False,,,0.00017905524873640388,0.00019554235113892002,False,True
2026-08-14 00:52:20,cable,monitor,C:/cira_batch_test/cable/bad_20.png,bad_20.png,anomaly,True,0.19632980227470398,0.19632980227470398,0.09852253405708512,0.09852253405708512,0.08911290355026723,False,False,16000,False,,False,0.0,cpu,patch_nearest_normal,last2,14,0.05,False,,,0.00017905714048538357,0.00019554235113892002,False,True
2026-08-14 00:52:22,cable,monitor,C:/cira_batch_test/cable/bad_3.png,bad_3.png,anomaly,True,0.15526704490184784,0.15526704490184784,0.09852253405708512,0.09852253405708512,0.08911290355026723,False,False,16000,False,,False,0.0,cpu,patch_nearest_normal,last2,14,0.05,False,,,0.0001781931205186993,0.00019554235113892002,False,True
2026-08-14 00:52:23,cable,monitor,C:/cira_batch_test/cable/bad_4.png,bad_4.png,anomaly,True,0.3760477304458618,0.3760477304458618,0.09852253405708512,0.09852253405708512,0.08911290355026723,False,False,16000,False,,False,0.0,cpu,patch_nearest_normal,last2,14,0.05,False,,,0.00018119618471246213,0.00019554235113892002,False,True
2026-08-14 00:52:25,cable,monitor,C:/cira_batch_test/cable/bad_5.png,bad_5.png,anomaly,True,0.13731804490089417,0.13731804490089417,0.09852253405708512,0.09852253405708512,0.08911290355026723,False,False,16000,False,,False,0.0,cpu,patch_nearest_normal,last2,14,0.05,False,,,0.00017370557179674506,0.00019554235113892002,False,True
2026-08-14 00:52:26,cable,monitor,C:/cira_batch_test/cable/bad_6.png,bad_6.png,anomaly,True,0.24352876842021942,0.24352876842021942,0.09852253405708512,0.09852253405708512,0.08911290355026723,False,False,16000,False,,False,0.0,cpu,patch_nearest_normal,last2,14,0.05,False,,,0.00017051045142579824,0.00019554235113892002,False,True
2026-08-14 00:52:28,cable,monitor,C:/cira_batch_test/cable/bad_7.png,bad_7.png,anomaly,True,0.1334688514471054,0.1334688514471054,0.09852253405708512,0.09852253405708512,0.08911290355026723,False,False,16000,False,,False,0.0,cpu,patch_nearest_normal,last2,14,0.05,False,,,0.00016980960208456963,0.00019554235113892002,False,True
2026-08-14 00:52:30,cable,monitor,C:/cira_batch_test/cable/bad_8.png,bad_8.png,anomaly,True,0.12718647718429565,0.12718647718429565,0.09852253405708512,0.09852253405708512,0.08911290355026723,False,False,16000,False,,False,0.0,cpu,patch_nearest_normal,last2,14,0.05,False,,,0.00018061167793348432,0.00019554235113892002,False,True
2026-08-14 00:52:31,cable,monitor,C:/cira_batch_test/cable/bad_9.png,bad_9.png,anomaly,True,0.15827807784080505,0.15827807784080505,0.09852253405708512,0.09852253405708512,0.08911290355026723,False,False,16000,False,,False,0.0,cpu,patch_nearest_normal,last2,14,0.05,False,,,0.00017772006685845554,0.00019554235113892002,False,True
2026-08-14 00:52:33,cable,monitor,C:/cira_batch_test/cable/good_1.png,good_1.png,normal,False,0.08960090577602386,0.08960090577602386,0.09852253405708512,0.09852253405708512,0.08911290355026723,False,False,16000,False,,False,0.0,cpu,patch_nearest_normal,last2,14,0.05,False,,,0.00015758565859869123,0.00019554235113892002,False,True
2026-08-14 00:52:34,cable,monitor,C:/cira_batch_test/cable/good_10.png,good_10.png,normal,False,0.08573716133832932,2.6226044269606064e-07,0.09852253405708512,0.09852253405708512,0.08911290355026723,False,True,16000,True,0.00019466476805973798,True,0.003013584529981017,cpu,patch_nearest_normal,last2,14,0.05,False,,,0.00016219649114646018,0.00019554235113892002,True,True
2026-08-14 00:52:36,cable,monitor,C:/cira_batch_test/cable/good_11.png,good_11.png,normal,False,0.07873672246932983,2.980232238769531e-07,0.09852253405708512,0.09852253405708512,0.08911290355026723,False,True,16000,True,0.00019384425831958652,True,0.0027113729156553745,cpu,patch_nearest_normal,last2,14,0.05,False,,,0.0001807464868761599,0.00019554235113892002,True,True
2026-08-14 00:52:38,cable,monitor,C:/cira_batch_test/cable/good_12.png,good_12.png,normal,False,0.07950183749198914,2.74181360282455e-07,0.09852253405708512,0.09852253405708512,0.08911290355026723,False,True,16000,True,0.0001819786848500371,True,0.0025982859078794718,cpu,patch_nearest_normal,last2,14,0.05,False,,,0.00016668620810378343,0.00019554235113892002,True,True
2026-08-14 00:52:40,cable,monitor,C:/cira_batch_test/cable/good_13.png,good_13.png,normal,False,0.07496524602174759,2.682209014892578e-07,0.09852253405708512,0.09852253405708512,0.08911290355026723,False,True,16000,True,0.00017863017274066806,True,0.0025710389018058777,cpu,patch_nearest_normal,last2,14,0.05,False,,,0.00017408851999789476,0.00019554235113892002,True,True
2026-08-14 00:52:41,cable,monitor,C:/cira_batch_test/cable/good_14.png,good_14.png,normal,False,0.09583140909671783,0.09583140909671783,0.09852253405708512,0.09852253405708512,0.08911290355026723,False,False,16000,False,,False,0.0,cpu,patch_nearest_normal,last2,14,0.05,False,,,0.00017095505609177053,0.00019554235113892002,False,True
2026-08-14 00:52:43,cable,monitor,C:/cira_batch_test/cable/good_15.png,good_15.png,normal,False,0.07568245381116867,3.2186508747145126e-07,0.09852253405708512,0.09852253405708512,0.08911290355026723,False,True,16000,True,0.00018499523866921663,True,0.0025602250825613737,cpu,patch_nearest_normal,last2,14,0.05,False,,,0.000166742320288904,0.00019554235113892002,True,True
2026-08-14 00:52:45,cable,monitor,C:/cira_batch_test/cable/good_16.png,good_16.png,normal,False,0.07590849697589874,3.397464638510428e-07,0.09852253405708512,0.09852253405708512,0.08911290355026723,False,True,16000,True,0.00017618216224946082,True,0.0025217097718268633,cpu,patch_nearest_normal,last2,14,0.05,False,,,0.0001594375935383141,0.00019554235113892002,True,True
2026-08-14 00:52:46,cable,monitor,C:/cira_batch_test/cable/good_17.png,good_17.png,normal,False,0.08344151079654694,3.397464638510428e-07,0.09852253405708512,0.09852253405708512,0.08911290355026723,False,True,16000,True,0.00018545797502156347,True,0.0025109013076871634,cpu,patch_nearest_normal,last2,14,0.05,False,,,0.0001694438251433894,0.00019554235113892002,True,True
2026-08-14 00:52:48,cable,monitor,C:/cira_batch_test/cable/good_18.png,good_18.png,normal,False,0.06864000111818314,2.6226044269606064e-07,0.09852253405708512,0.09852253405708512,0.08911290355026723,False,True,16000,True,0.00018144740897696465,True,0.0025176347699016333,cpu,patch_nearest_normal,last2,14,0.05,False,,,0.00016537983901798725,0.00019554235113892002,True,True
2026-08-14 00:52:50,cable,monitor,C:/cira_batch_test/cable/good_19.png,good_19.png,normal,False,0.06701533496379852,2.74181360282455e-07,0.09852253405708512,0.09852253405708512,0.08911290355026723,False,True,16000,True,0.0001764504995662719,True,0.002508484525606036,cpu,patch_nearest_normal,last2,14,0.05,False,,,0.0001494310999987647,0.00019554235113892002,True,True
2026-08-14 00:52:52,cable,monitor,C:/cira_batch_test/cable/good_2.png,good_2.png,normal,False,0.08586661517620087,3.516674098591466e-07,0.09852253405708512,0.09852253405708512,0.08911290355026723,False,True,16000,True,0.00018584815552458167,True,0.0024978220462799072,cpu,patch_nearest_normal,last2,14,0.05,True,C:\cira_ttl_checkpoints\cable\patch_memory_bank_update_10.pt,C:\cira_ttl_checkpoints\cable\patch_adapter_update_10.pt,0.00016443210188299417,0.00019554235113892002,True,True
2026-08-14 00:52:53,cable,monitor,C:/cira_batch_test/cable/good_20.png,good_20.png,normal,False,0.08802343904972076,3.039836826701503e-07,0.09852253405708512,0.09852253405708512,0.08911290355026723,False,True,16000,True,0.00018439161067362875,True,0.0024853264912962914,cpu,patch_nearest_normal,last2,14,0.05,False,,,0.00016650512407068163,0.00019554235113892002,True,True
2026-08-14 00:52:55,cable,monitor,C:/cira_batch_test/cable/good_3.png,good_3.png,anomaly,True,0.11418018490076065,0.11418018490076065,0.09852253405708512,0.09852253405708512,0.08911290355026723,False,False,16000,False,,False,0.0,cpu,patch_nearest_normal,last2,14,0.05,False,,,0.0001623111020307988,0.00019554235113892002,False,True
2026-08-14 00:52:57,cable,monitor,C:/cira_batch_test/cable/good_4.png,good_4.png,normal,False,0.07384616881608963,2.8014181907565217e-07,0.09852253405708512,0.09852253405708512,0.08911290355026723,False,True,16000,True,0.00019519287161529064,True,0.0024774514604359865,cpu,patch_nearest_normal,last2,14,0.05,False,,,0.0001774202537490055,0.00019554235113892002,True,True
2026-08-14 00:52:58,cable,monitor,C:/cira_batch_test/cable/good_5.png,good_5.png,normal,False,0.08672962337732315,3.159046286782541e-07,0.09852253405708512,0.09852253405708512,0.08911290355026723,False,True,16000,True,0.0001769876980688423,True,0.00248093344271183,cpu,patch_nearest_normal,last2,14,0.05,False,,,0.00016146127018146217,0.00019554235113892002,True,True
2026-08-14 00:53:00,cable,monitor,C:/cira_batch_test/cable/good_6.png,good_6.png,anomaly,True,0.10311305522918701,0.10311305522918701,0.09852253405708512,0.09852253405708512,0.08911290355026723,False,False,16000,False,,False,0.0,cpu,patch_nearest_normal,last2,14,0.05,False,,,0.00015127526421565562,0.00019554235113892002,False,True
2026-08-14 00:53:02,cable,monitor,C:/cira_batch_test/cable/good_7.png,good_7.png,normal,False,0.08304940164089203,3.099441414633475e-07,0.09852253405708512,0.09852253405708512,0.08911290355026723,False,True,16000,True,0.0001916557812364772,True,0.0024847197346389294,cpu,patch_nearest_normal,last2,14,0.05,False,,,0.0001722173037705943,0.00019554235113892002,True,True
2026-08-14 00:53:03,cable,monitor,C:/cira_batch_test/cable/good_8.png,good_8.png,normal,False,0.09488722681999207,0.09488722681999207,0.09852253405708512,0.09852253405708512,0.08911290355026723,False,False,16000,False,,False,0.0,cpu,patch_nearest_normal,last2,14,0.05,False,,,0.00016375651466660202,0.00019554235113892002,False,True
2026-08-14 00:53:05,cable,monitor,C:/cira_batch_test/cable/good_9.png,good_9.png,normal,False,0.08365940302610397,2.5629998390286346e-07,0.09852253405708512,0.09852253405708512,0.08911290355026723,False,True,16000,True,0.00019849432283081114,True,0.0024842286948114634,cpu,patch_nearest_normal,last2,14,0.05,False,,,0.00017694388225208968,0.00019554235113892002,True,True
2026-08-14 00:53:06,capsule,monitor,C:/cira_batch_test/capsule/bad_1.png,bad_1.png,anomaly,True,0.1742943972349167,0.1742943972349167,0.042994875565722686,0.042994875565722686,0.03221273720264436,False,False,16000,False,,False,0.0,cpu,patch_nearest_normal,last2,14,0.05,False,,,0.0001061285802279599,0.0001107694308302,False,True
2026-08-14 00:53:08,capsule,monitor,C:/cira_batch_test/capsule/bad_10.png,bad_10.png,anomaly,True,0.06707195937633514,0.06707195937633514,0.042994875565722686,0.042994875565722686,0.03221273720264436,False,False,16000,False,,False,0.0,cpu,patch_nearest_normal,last2,14,0.05,False,,,0.00010008132812799886,0.0001107694308302,False,True
2026-08-14 00:53:09,capsule,monitor,C:/cira_batch_test/capsule/bad_11.png,bad_11.png,anomaly,True,0.04561315104365349,0.04561315104365349,0.042994875565722686,0.042994875565722686,0.03221273720264436,False,False,16000,False,,False,0.0,cpu,patch_nearest_normal,last2,14,0.05,False,,,9.554404823575169e-05,0.0001107694308302,False,True
2026-08-14 00:53:11,capsule,monitor,C:/cira_batch_test/capsule/bad_12.png,bad_12.png,anomaly,True,0.049266327172517776,0.049266327172517776,0.042994875565722686,0.042994875565722686,0.03221273720264436,False,False,16000,False,,False,0.0,cpu,patch_nearest_normal,last2,14,0.05,False,,,0.00010032759018940851,0.0001107694308302,False,True
2026-08-14 00:53:12,capsule,monitor,C:/cira_batch_test/capsule/bad_13.png,bad_13.png,anomaly,True,0.04362291842699051,0.04362291842699051,0.042994875565722686,0.042994875565722686,0.03221273720264436,False,False,16000,False,,False,0.0,cpu,patch_nearest_normal,last2,14,0.05,False,,,0.00010101884254254401,0.0001107694308302,False,True
2026-08-14 00:53:14,capsule,monitor,C:/cira_batch_test/capsule/bad_14.png,bad_14.png,normal,False,0.03796813637018204,0.03796813637018204,0.042994875565722686,0.042994875565722686,0.03221273720264436,False,False,16000,False,,False,0.0,cpu,patch_nearest_normal,last2,14,0.05,False,,,9.399456030223519e-05,0.0001107694308302,False,True
2026-08-14 00:53:16,capsule,monitor,C:/cira_batch_test/capsule/bad_15.png,bad_15.png,anomaly,True,0.08053771406412125,0.08053771406412125,0.042994875565722686,0.042994875565722686,0.03221273720264436,False,False,16000,False,,False,0.0,cpu,patch_nearest_normal,last2,14,0.05,False,,,0.00010644697613315657,0.0001107694308302,False,True
2026-08-14 00:53:17,capsule,monitor,C:/cira_batch_test/capsule/bad_16.png,bad_16.png,anomaly,True,0.07358697801828384,0.07358697801828384,0.042994875565722686,0.042994875565722686,0.03221273720264436,False,False,16000,False,,False,0.0,cpu,patch_nearest_normal,last2,14,0.05,False,,,9.539955499349162e-05,0.0001107694308302,False,True
2026-08-14 00:53:19,capsule,monitor,C:/cira_batch_test/capsule/bad_17.png,bad_17.png,anomaly,True,0.056967444717884064,0.056967444717884064,0.042994875565722686,0.042994875565722686,0.03221273720264436,False,False,16000,False,,False,0.0,cpu,patch_nearest_normal,last2,14,0.05,False,,,9.645449608797207e-05,0.0001107694308302,False,True
2026-08-14 00:53:20,capsule,monitor,C:/cira_batch_test/capsule/bad_18.png,bad_18.png,anomaly,True,0.06038259342312813,0.06038259342312813,0.042994875565722686,0.042994875565722686,0.03221273720264436,False,False,16000,False,,False,0.0,cpu,patch_nearest_normal,last2,14,0.05,False,,,0.00010039107291959226,0.0001107694308302,False,True
2026-08-14 00:53:22,capsule,monitor,C:/cira_batch_test/capsule/bad_19.png,bad_19.png,anomaly,True,0.11658501625061035,0.11658501625061035,0.042994875565722686,0.042994875565722686,0.03221273720264436,False,False,16000,False,,False,0.0,cpu,patch_nearest_normal,last2,14,0.05,False,,,9.96958406176418e-05,0.0001107694308302,False,True
2026-08-14 00:53:23,capsule,monitor,C:/cira_batch_test/capsule/bad_2.png,bad_2.png,anomaly,True,0.2662004828453064,0.2662004828453064,0.042994875565722686,0.042994875565722686,0.03221273720264436,False,False,16000,False,,False,0.0,cpu,patch_nearest_normal,last2,14,0.05,False,,,0.00011675201676553115,0.0001107694308302,False,False
2026-08-14 00:53:25,capsule,monitor,C:/cira_batch_test/capsule/bad_20.png,bad_20.png,anomaly,True,0.05234730988740921,0.05234730988740921,0.042994875565722686,0.042994875565722686,0.03221273720264436,False,False,16000,False,,False,0.0,cpu,patch_nearest_normal,last2,14,0.05,False,,,0.00010606757132336497,0.0001107694308302,False,True
2026-08-14 00:53:26,capsule,monitor,C:/cira_batch_test/capsule/bad_3.png,bad_3.png,anomaly,True,0.09466098248958588,0.09466098248958588,0.042994875565722686,0.042994875565722686,0.03221273720264436,False,False,16000,False,,False,0.0,cpu,patch_nearest_normal,last2,14,0.05,False,,,0.00010649729665601626,0.0001107694308302,False,True
2026-08-14 00:53:28,capsule,monitor,C:/cira_batch_test/capsule/bad_4.png,bad_4.png,normal,False,0.03701557591557503,0.03701557591557503,0.042994875565722686,0.042994875565722686,0.03221273720264436,False,False,16000,False,,False,0.0,cpu,patch_nearest_normal,last2,14,0.05,False,,,0.0001024416706059128,0.0001107694308302,False,True
2026-08-14 00:53:29,capsule,monitor,C:/cira_batch_test/capsule/bad_5.png,bad_5.png,normal,False,0.041929371654987335,0.041929371654987335,0.042994875565722686,0.042994875565722686,0.03221273720264436,False,False,16000,False,,False,0.0,cpu,patch_nearest_normal,last2,14,0.05,False,,,9.926948405336589e-05,0.0001107694308302,False,True
2026-08-14 00:53:31,capsule,monitor,C:/cira_batch_test/capsule/bad_6.png,bad_6.png,anomaly,True,0.11989279091358185,0.11989279091358185,0.042994875565722686,0.042994875565722686,0.03221273720264436,False,False,16000,False,,False,0.0,cpu,patch_nearest_normal,last2,14,0.05,False,,,9.597549797035754e-05,0.0001107694308302,False,True
2026-08-14 00:53:32,capsule,monitor,C:/cira_batch_test/capsule/bad_7.png,bad_7.png,anomaly,True,0.07458113133907318,0.07458113133907318,0.042994875565722686,0.042994875565722686,0.03221273720264436,False,False,16000,False,,False,0.0,cpu,patch_nearest_normal,last2,14,0.05,False,,,9.56318763201125e-05,0.0001107694308302,False,True
2026-08-14 00:53:34,capsule,monitor,C:/cira_batch_test/capsule/bad_8.png,bad_8.png,anomaly,True,0.12507465481758118,0.12507465481758118,0.042994875565722686,0.042994875565722686,0.03221273720264436,False,False,16000,False,,False,0.0,cpu,patch_nearest_normal,last2,14,0.05,False,,,8.993567462312058e-05,0.0001107694308302,False,True
2026-08-14 00:53:35,capsule,monitor,C:/cira_batch_test/capsule/bad_9.png,bad_9.png,anomaly,True,0.17585599422454834,0.17585599422454834,0.042994875565722686,0.042994875565722686,0.03221273720264436,False,False,16000,False,,False,0.0,cpu,patch_nearest_normal,last2,14,0.05,False,,,9.886515908874571e-05,0.0001107694308302,False,True
2026-08-14 00:53:37,capsule,monitor,C:/cira_batch_test/capsule/good_1.png,good_1.png,normal,False,0.024378538131713867,0.024378538131713867,0.042994875565722686,0.042994875565722686,0.03221273720264436,False,False,16000,False,,False,0.0,cpu,patch_nearest_normal,last2,14,0.05,False,,,0.00011738989996956661,0.0001107694308302,True,False
2026-08-14 00:53:39,capsule,monitor,C:/cira_batch_test/capsule/good_10.png,good_10.png,normal,False,0.026319628581404686,2.8014181907565217e-07,0.042994875565722686,0.042994875565722686,0.03221273720264436,False,True,16000,True,0.00010010333062382415,True,0.002981568221002817,cpu,patch_nearest_normal,last2,14,0.05,False,,,9.37029835768044e-05,0.0001107694308302,True,True
2026-08-14 00:53:40,capsule,monitor,C:/cira_batch_test/capsule/good_11.png,good_11.png,normal,False,0.027333121746778488,2.8610230629055877e-07,0.042994875565722686,0.042994875565722686,0.03221273720264436,False,True,16000,True,0.00010427608503960073,True,0.0027557096909731627,cpu,patch_nearest_normal,last2,14,0.05,False,,,9.430844511371106e-05,0.0001107694308302,True,True
2026-08-14 00:53:42,capsule,monitor,C:/cira_batch_test/capsule/good_12.png,good_12.png,normal,False,0.036900706589221954,0.036900706589221954,0.042994875565722686,0.042994875565722686,0.03221273720264436,False,False,16000,False,,False,0.0,cpu,patch_nearest_normal,last2,14,0.05,False,,,0.0001127298892242834,0.0001107694308302,False,False
2026-08-14 00:53:44,capsule,monitor,C:/cira_batch_test/capsule/good_13.png,good_13.png,normal,False,0.025242161005735397,3.337860050578456e-07,0.042994875565722686,0.042994875565722686,0.03221273720264436,False,True,16000,True,0.00011595659452723339,True,0.00267394888214767,cpu,patch_nearest_normal,last2,14,0.05,False,,,0.00010940066567854956,0.0001107694308302,True,True
2026-08-14 00:53:45,capsule,monitor,C:/cira_batch_test/capsule/good_14.png,good_14.png,normal,False,0.0238689836114645,2.8610230629055877e-07,0.042994875565722686,0.042994875565722686,0.03221273720264436,False,True,16000,True,0.00010864465730264783,True,0.0026391090359538794,cpu,patch_nearest_normal,last2,14,0.05,False,,,9.294338815379888e-05,0.0001107694308302,True,True
2026-08-14 00:53:47,capsule,monitor,C:/cira_batch_test/capsule/good_15.png,good_15.png,normal,False,0.02597520872950554,0.02597520872950554,0.042994875565722686,0.042994875565722686,0.03221273720264436,False,False,16000,False,,False,0.0,cpu,patch_nearest_normal,last2,14,0.05,False,,,0.00011651277600321919,0.0001107694308302,True,False
2026-08-14 00:53:49,capsule,monitor,C:/cira_batch_test/capsule/good_16.png,good_16.png,normal,False,0.02653319202363491,2.6226044269606064e-07,0.042994875565722686,0.042994875565722686,0.03221273720264436,False,True,16000,True,0.00010378684237366542,True,0.002628493355587125,cpu,patch_nearest_normal,last2,14,0.05,False,,,0.00010214011126663536,0.0001107694308302,True,True
2026-08-14 00:53:50,capsule,monitor,C:/cira_batch_test/capsule/good_17.png,good_17.png,normal,False,0.019933586940169334,2.8610230629055877e-07,0.042994875565722686,0.042994875565722686,0.03221273720264436,False,True,16000,True,0.00011075810471083969,True,0.002619520528241992,cpu,patch_nearest_normal,last2,14,0.05,False,,,0.00010867776290979236,0.0001107694308302,True,True
2026-08-14 00:53:52,capsule,monitor,C:/cira_batch_test/capsule/good_18.png,good_18.png,normal,False,0.01721317693591118,2.682209014892578e-07,0.042994875565722686,0.042994875565722686,0.03221273720264436,False,True,16000,True,0.00011237163562327623,True,0.0026346093509346247,cpu,patch_nearest_normal,last2,14,0.05,False,,,0.00010634903446771204,0.0001107694308302,True,True
2026-08-14 00:53:54,capsule,monitor,C:/cira_batch_test/capsule/good_19.png,good_19.png,normal,False,0.016781067475676537,3.2186508747145126e-07,0.042994875565722686,0.042994875565722686,0.03221273720264436,False,True,16000,True,0.00010600444511510432,True,0.002630863804370165,cpu,patch_nearest_normal,last2,14,0.05,False,,,9.76759911281988e-05,0.0001107694308302,True,True
2026-08-14 00:53:56,capsule,monitor,C:/cira_batch_test/capsule/good_2.png,good_2.png,normal,False,0.017716217786073685,2.8014181907565217e-07,0.042994875565722686,0.042994875565722686,0.03221273720264436,False,True,16000,True,0.00010619543172651902,True,0.002635314129292965,cpu,patch_nearest_normal,last2,14,0.05,False,,,0.00010121703962795436,0.0001107694308302,True,True
2026-08-14 00:53:57,capsule,monitor,C:/cira_batch_test/capsule/good_20.png,good_20.png,normal,False,0.032114773988723755,2.980232238769531e-07,0.042994875565722686,0.042994875565722686,0.03221273720264436,False,True,16000,True,0.00010247041063848883,True,0.0026077155489474535,cpu,patch_nearest_normal,last2,14,0.05,True,C:\cira_ttl_checkpoints\capsule\patch_memory_bank_update_10.pt,C:\cira_ttl_checkpoints\capsule\patch_adapter_update_10.pt,9.192182187689468e-05,0.0001107694308302,True,True
2026-08-14 00:53:59,capsule,monitor,C:/cira_batch_test/capsule/good_3.png,good_3.png,normal,False,0.038664329797029495,0.038664329797029495,0.042994875565722686,0.042994875565722686,0.03221273720264436,False,False,16000,False,,False,0.0,cpu,patch_nearest_normal,last2,14,0.05,False,,,9.511644748272374e-05,0.0001107694308302,False,True
2026-08-14 00:54:01,capsule,monitor,C:/cira_batch_test/capsule/good_4.png,good_4.png,normal,False,0.01874787174165249,3.099441414633475e-07,0.042994875565722686,0.042994875565722686,0.03221273720264436,False,True,16000,True,0.00010998364450642839,True,0.0026083255652338266,cpu,patch_nearest_normal,last2,14,0.05,False,,,0.00010421295883134007,0.0001107694308302,True,True
2026-08-14 00:54:02,capsule,monitor,C:/cira_batch_test/capsule/good_5.png,good_5.png,normal,False,0.01962342858314514,2.980232238769531e-07,0.042994875565722686,0.042994875565722686,0.03221273720264436,False,True,16000,True,9.988973033614457e-05,True,0.0025987266562879086,cpu,patch_nearest_normal,last2,14,0.05,False,,,9.10758099053055e-05,0.0001107694308302,True,True
2026-08-14 00:54:04,capsule,monitor,C:/cira_batch_test/capsule/good_6.png,good_6.png,normal,False,0.015428388491272926,3.2186508747145126e-07,0.042994875565722686,0.042994875565722686,0.03221273720264436,False,True,16000,True,9.456917177885771e-05,True,0.00258486345410347,cpu,patch_nearest_normal,last2,14,0.05,False,,,9.400002454640344e-05,0.0001107694308302,True,True
2026-08-14 00:54:06,capsule,monitor,C:/cira_batch_test/capsule/good_7.png,good_7.png,anomaly,True,0.06605816632509232,0.06605816632509232,0.042994875565722686,0.042994875565722686,0.03221273720264436,False,False,16000,False,,False,0.0,cpu,patch_nearest_normal,last2,14,0.05,False,,,0.00010119435319211334,0.0001107694308302,False,True
2026-08-14 00:54:07,capsule,monitor,C:/cira_batch_test/capsule/good_8.png,good_8.png,normal,False,0.029036367312073708,3.397464638510428e-07,0.042994875565722686,0.042994875565722686,0.03221273720264436,False,True,16000,True,0.00010348521027481183,True,0.002568760421127081,cpu,patch_nearest_normal,last2,14,0.05,False,,,0.0001035272071021609,0.0001107694308302,True,True
2026-08-14 00:54:09,capsule,monitor,C:/cira_batch_test/capsule/good_9.png,good_9.png,normal,False,0.01789647899568081,2.980232238769531e-07,0.042994875565722686,0.042994875565722686,0.03221273720264436,False,True,16000,True,9.75650837062858e-05,True,0.0025625613052397966,cpu,patch_nearest_normal,last2,14,0.05,False,,,0.00010201580153079703,0.0001107694308302,True,True
2026-08-14 00:54:11,carpet,monitor,C:/cira_batch_test/carpet/bad_1.png,bad_1.png,anomaly,True,0.06134674698114395,0.06134674698114395,0.03434173590705805,0.03434173590705805,0.03388186469674111,False,False,16000,False,,False,0.0,cpu,patch_nearest_normal,last2,14,0.05,False,,,5.553445953410119e-05,6.111156617407686e-05,False,True
2026-08-14 00:54:12,carpet,monitor,C:/cira_batch_test/carpet/bad_10.png,bad_10.png,anomaly,True,0.23354916274547577,0.23354916274547577,0.03434173590705805,0.03434173590705805,0.03388186469674111,False,False,16000,False,,False,0.0,cpu,patch_nearest_normal,last2,14,0.05,False,,,4.929234637529589e-05,6.111156617407686e-05,False,True
2026-08-14 00:54:14,carpet,monitor,C:/cira_batch_test/carpet/bad_11.png,bad_11.png,anomaly,True,0.08780645579099655,0.08780645579099655,0.03434173590705805,0.03434173590705805,0.03388186469674111,False,False,16000,False,,False,0.0,cpu,patch_nearest_normal,last2,14,0.05,False,,,5.57940911676269e-05,6.111156617407686e-05,False,True
2026-08-14 00:54:15,carpet,monitor,C:/cira_batch_test/carpet/bad_12.png,bad_12.png,normal,False,0.03406236320734024,0.03406236320734024,0.03434173590705805,0.03434173590705805,0.03388186469674111,False,False,16000,False,,False,0.0,cpu,patch_nearest_normal,last2,14,0.05,False,,,4.245394666213542e-05,6.111156617407686e-05,False,True
2026-08-14 00:54:17,carpet,monitor,C:/cira_batch_test/carpet/bad_13.png,bad_13.png,anomaly,True,0.03563273698091507,0.03563273698091507,0.03434173590705805,0.03434173590705805,0.03388186469674111,False,False,16000,False,,False,0.0,cpu,patch_nearest_normal,last2,14,0.05,False,,,4.9939582822844386e-05,6.111156617407686e-05,False,True
2026-08-14 00:54:18,carpet,monitor,C:/cira_batch_test/carpet/bad_14.png,bad_14.png,anomaly,True,0.2166282832622528,0.2166282832622528,0.03434173590705805,0.03434173590705805,0.03388186469674111,False,False,16000,False,,False,0.0,cpu,patch_nearest_normal,last2,14,0.05,False,,,5.860426972503774e-05,6.111156617407686e-05,False,True
2026-08-14 00:54:20,carpet,monitor,C:/cira_batch_test/carpet/bad_15.png,bad_15.png,anomaly,True,0.041060589253902435,0.041060589253902435,0.03434173590705805,0.03434173590705805,0.03388186469674111,False,False,16000,False,,False,0.0,cpu,patch_nearest_normal,last2,14,0.05,False,,,3.27231791743543e-05,6.111156617407686e-05,False,True
2026-08-14 00:54:21,carpet,monitor,C:/cira_batch_test/carpet/bad_16.png,bad_16.png,anomaly,True,0.13159766793251038,0.13159766793251038,0.03434173590705805,0.03434173590705805,0.03388186469674111,False,False,16000,False,,False,0.0,cpu,patch_nearest_normal,last2,14,0.05,False,,,5.846315616508946e-05,6.111156617407686e-05,False,True
2026-08-14 00:54:23,carpet,monitor,C:/cira_batch_test/carpet/bad_17.png,bad_17.png,anomaly,True,0.05053531378507614,0.05053531378507614,0.03434173590705805,0.03434173590705805,0.03388186469674111,False,False,16000,False,,False,0.0,cpu,patch_nearest_normal,last2,14,0.05,False,,,4.761237505590543e-05,6.111156617407686e-05,False,True
2026-08-14 00:54:25,carpet,monitor,C:/cira_batch_test/carpet/bad_18.png,bad_18.png,anomaly,True,0.3318779766559601,0.3318779766559601,0.03434173590705805,0.03434173590705805,0.03388186469674111,False,False,16000,False,,False,0.0,cpu,patch_nearest_normal,last2,14,0.05,False,,,4.615094076143578e-05,6.111156617407686e-05,False,True
2026-08-14 00:54:26,carpet,monitor,C:/cira_batch_test/carpet/bad_19.png,bad_19.png,anomaly,True,0.11373408138751984,0.11373408138751984,0.03434173590705805,0.03434173590705805,0.03388186469674111,False,False,16000,False,,False,0.0,cpu,patch_nearest_normal,last2,14,0.05,False,,,4.6258934162324294e-05,6.111156617407686e-05,False,True
2026-08-14 00:54:28,carpet,monitor,C:/cira_batch_test/carpet/bad_2.png,bad_2.png,anomaly,True,0.1550661027431488,0.1550661027431488,0.03434173590705805,0.03434173590705805,0.03388186469674111,False,False,16000,False,,False,0.0,cpu,patch_nearest_normal,last2,14,0.05,False,,,4.867950701736845e-05,6.111156617407686e-05,False,True
2026-08-14 00:54:29,carpet,monitor,C:/cira_batch_test/carpet/bad_20.png,bad_20.png,anomaly,True,0.13691040873527527,0.13691040873527527,0.03434173590705805,0.03434173590705805,0.03388186469674111,False,False,16000,False,,False,0.0,cpu,patch_nearest_normal,last2,14,0.05,False,,,4.761628224514425e-05,6.111156617407686e-05,False,True
2026-08-14 00:54:31,carpet,monitor,C:/cira_batch_test/carpet/bad_3.png,bad_3.png,anomaly,True,0.3548845648765564,0.3548845648765564,0.03434173590705805,0.03434173590705805,0.03388186469674111,False,False,16000,False,,False,0.0,cpu,patch_nearest_normal,last2,14,0.05,False,,,4.550584708340466e-05,6.111156617407686e-05,False,True
2026-08-14 00:54:32,carpet,monitor,C:/cira_batch_test/carpet/bad_4.png,bad_4.png,anomaly,True,0.2745632529258728,0.2745632529258728,0.03434173590705805,0.03434173590705805,0.03388186469674111,False,False,16000,False,,False,0.0,cpu,patch_nearest_normal,last2,14,0.05,False,,,5.4327145335264504e-05,6.111156617407686e-05,False,True
2026-08-14 00:54:34,carpet,monitor,C:/cira_batch_test/carpet/bad_5.png,bad_5.png,anomaly,True,0.2340812236070633,0.2340812236070633,0.03434173590705805,0.03434173590705805,0.03388186469674111,False,False,16000,False,,False,0.0,cpu,patch_nearest_normal,last2,14,0.05,False,,,5.47926829312928e-05,6.111156617407686e-05,False,True
2026-08-14 00:54:35,carpet,monitor,C:/cira_batch_test/carpet/bad_6.png,bad_6.png,anomaly,True,0.1086384654045105,0.1086384654045105,0.03434173590705805,0.03434173590705805,0.03388186469674111,False,False,16000,False,,False,0.0,cpu,patch_nearest_normal,last2,14,0.05,False,,,4.228690158925019e-05,6.111156617407686e-05,False,True
2026-08-14 00:54:37,carpet,monitor,C:/cira_batch_test/carpet/bad_7.png,bad_7.png,anomaly,True,0.07340017706155777,0.07340017706155777,0.03434173590705805,0.03434173590705805,0.03388186469674111,False,False,16000,False,,False,0.0,cpu,patch_nearest_normal,last2,14,0.05,False,,,4.884284135187045e-05,6.111156617407686e-05,False,True
2026-08-14 00:54:38,carpet,monitor,C:/cira_batch_test/carpet/bad_8.png,bad_8.png,anomaly,True,0.2964455187320709,0.2964455187320709,0.03434173590705805,0.03434173590705805,0.03388186469674111,False,False,16000,False,,False,0.0,cpu,patch_nearest_normal,last2,14,0.05,False,,,5.82493121328298e-05,6.111156617407686e-05,False,True
2026-08-14 00:54:40,carpet,monitor,C:/cira_batch_test/carpet/bad_9.png,bad_9.png,anomaly,True,0.34894585609436035,0.34894585609436035,0.03434173590705805,0.03434173590705805,0.03388186469674111,False,False,16000,False,,False,0.0,cpu,patch_nearest_normal,last2,14,0.05,False,,,7.734460814390332e-05,6.111156617407686e-05,False,False
2026-08-14 00:54:42,carpet,monitor,C:/cira_batch_test/carpet/good_1.png,good_1.png,normal,False,0.02601250447332859,3.099441414633475e-07,0.03434173590705805,0.03434173590705805,0.03388186469674111,False,True,16000,True,4.6623859816463664e-05,True,0.002884285058826208,cpu,patch_nearest_normal,last2,14,0.05,False,,,4.2424973798915744e-05,6.111156617407686e-05,True,True
2026-08-14 00:54:43,carpet,monitor,C:/cira_batch_test/carpet/good_10.png,good_10.png,anomaly,True,0.03943190723657608,0.03943190723657608,0.03434173590705805,0.03434173590705805,0.03388186469674111,False,False,16000,False,,False,0.0,cpu,patch_nearest_normal,last2,14,0.05,False,,,3.896428825100884e-05,6.111156617407686e-05,False,True
2026-08-14 00:54:45,carpet,monitor,C:/cira_batch_test/carpet/good_11.png,good_11.png,anomaly,True,0.040887802839279175,0.040887802839279175,0.03434173590705805,0.03434173590705805,0.03388186469674111,False,False,16000,False,,False,0.0,cpu,patch_nearest_normal,last2,14,0.05,False,,,4.6354176447493955e-05,6.111156617407686e-05,False,True
2026-08-14 00:54:46,carpet,monitor,C:/cira_batch_test/carpet/good_12.png,good_12.png,normal,False,0.034137140959501266,0.034137140959501266,0.03434173590705805,0.03434173590705805,0.03388186469674111,False,False,16000,False,,False,0.0,cpu,patch_nearest_normal,last2,14,0.05,False,,,5.353915548766963e-05,6.111156617407686e-05,False,True
2026-08-14 00:54:48,carpet,monitor,C:/cira_batch_test/carpet/good_13.png,good_13.png,anomaly,True,0.03594524785876274,0.03594524785876274,0.03434173590705805,0.03434173590705805,0.03388186469674111,False,False,16000,False,,False,0.0,cpu,patch_nearest_normal,last2,14,0.05,False,,,2.9968361559440382e-05,6.111156617407686e-05,False,True
2026-08-14 00:54:50,carpet,monitor,C:/cira_batch_test/carpet/good_14.png,good_14.png,anomaly,True,0.041096627712249756,0.041096627712249756,0.03434173590705805,0.03434173590705805,0.03388186469674111,False,False,16000,False,,False,0.0,cpu,patch_nearest_normal,last2,14,0.05,False,,,3.9442860725102946e-05,6.111156617407686e-05,False,True
2026-08-14 00:54:51,carpet,monitor,C:/cira_batch_test/carpet/good_15.png,good_15.png,anomaly,True,0.04067646712064743,0.04067646712064743,0.03434173590705805,0.03434173590705805,0.03388186469674111,False,False,16000,False,,False,0.0,cpu,patch_nearest_normal,last2,14,0.05,False,,,3.728796582436189e-05,6.111156617407686e-05,False,True
2026-08-14 00:54:53,carpet,monitor,C:/cira_batch_test/carpet/good_16.png,good_16.png,anomaly,True,0.03637009114027023,0.03637009114027023,0.03434173590705805,0.03434173590705805,0.03388186469674111,False,False,16000,False,,False,0.0,cpu,patch_nearest_normal,last2,14,0.05,False,,,3.622665099101141e-05,6.111156617407686e-05,False,True
2026-08-14 00:54:55,carpet,monitor,C:/cira_batch_test/carpet/good_17.png,good_17.png,normal,False,0.03194021061062813,3.159046286782541e-07,0.03434173590705805,0.03434173590705805,0.03388186469674111,False,True,16000,True,5.059761679149233e-05,True,0.002716912655159831,cpu,patch_nearest_normal,last2,14,0.05,False,,,4.461782009457238e-05,6.111156617407686e-05,True,True
2026-08-14 00:54:56,carpet,monitor,C:/cira_batch_test/carpet/good_18.png,good_18.png,normal,False,0.02723534032702446,3.159046286782541e-07,0.03434173590705805,0.03434173590705805,0.03388186469674111,False,True,16000,True,5.5093896662583575e-05,True,0.002671219175681472,cpu,patch_nearest_normal,last2,14,0.05,False,,,4.6822915464872494e-05,6.111156617407686e-05,True,True
2026-08-14 00:54:58,carpet,monitor,C:/cira_batch_test/carpet/good_19.png,good_19.png,normal,False,0.033039458096027374,3.5762786865234375e-07,0.03434173590705805,0.03434173590705805,0.03388186469674111,False,True,16000,True,5.5226581025635824e-05,True,0.0026693912222981453,cpu,patch_nearest_normal,last2,14,0.05,False,,,5.223507105256431e-05,6.111156617407686e-05,True,True
2026-08-14 00:55:00,carpet,monitor,C:/cira_batch_test/carpet/good_2.png,good_2.png,normal,False,0.03264518454670906,2.9206276508375595e-07,0.03434173590705805,0.03434173590705805,0.03388186469674111,False,True,16000,True,5.204771150602028e-05,True,0.002676237840205431,cpu,patch_nearest_normal,last2,14,0.05,False,,,4.6575136366300285e-05,6.111156617407686e-05,True,True
2026-08-14 00:55:02,carpet,monitor,C:/cira_batch_test/carpet/good_20.png,good_20.png,anomaly,True,0.03449345752596855,0.03449345752596855,0.03434173590705805,0.03434173590705805,0.03388186469674111,False,False,16000,False,,False,0.0,cpu,patch_nearest_normal,last2,14,0.05,False,,,5.107007018523291e-05,6.111156617407686e-05,False,True
2026-08-14 00:55:03,carpet,monitor,C:/cira_batch_test/carpet/good_3.png,good_3.png,normal,False,0.033758074045181274,2.8014181907565217e-07,0.03434173590705805,0.03434173590705805,0.03388186469674111,False,True,16000,True,4.8458481614943594e-05,True,0.0026168045587837696,cpu,patch_nearest_normal,last2,14,0.05,False,,,3.926310091628693e-05,6.111156617407686e-05,True,True
2026-08-14 00:55:05,carpet,monitor,C:/cira_batch_test/carpet/good_4.png,good_4.png,normal,False,0.030331289395689964,2.8610230629055877e-07,0.03434173590705805,0.03434173590705805,0.03388186469674111,False,True,16000,True,4.5794509787810966e-05,True,0.0025980279315263033,cpu,patch_nearest_normal,last2,14,0.05,False,,,3.935082713724114e-05,6.111156617407686e-05,True,True
2026-08-14 00:55:07,carpet,monitor,C:/cira_batch_test/carpet/good_5.png,good_5.png,normal,False,0.03228779882192612,2.3245812030836532e-07,0.03434173590705805,0.03434173590705805,0.03388186469674111,False,True,16000,True,4.728531348519027e-05,True,0.0026109078899025917,cpu,patch_nearest_normal,last2,14,0.05,False,,,4.418166645336896e-05,6.111156617407686e-05,True,True
2026-08-14 00:55:09,carpet,monitor,C:/cira_batch_test/carpet/good_6.png,good_6.png,normal,False,0.03145359829068184,2.8610230629055877e-07,0.03434173590705805,0.03434173590705805,0.03388186469674111,False,True,16000,True,4.48500613856595e-05,True,0.0026122594717890024,cpu,patch_nearest_normal,last2,14,0.05,False,,,3.6775167245650664e-05,6.111156617407686e-05,True,True
2026-08-14 00:55:11,carpet,monitor,C:/cira_batch_test/carpet/good_7.png,good_7.png,normal,False,0.029764365404844284,3.2782554626464844e-07,0.03434173590705805,0.03434173590705805,0.03388186469674111,False,True,16000,True,4.1336174035677686e-05,True,0.002603881061077118,cpu,patch_nearest_normal,last2,14,0.05,True,C:\cira_ttl_checkpoints\carpet\patch_memory_bank_update_10.pt,C:\cira_ttl_checkpoints\carpet\patch_adapter_update_10.pt,3.814791489276104e-05,6.111156617407686e-05,True,True
2026-08-14 00:55:12,carpet,monitor,C:/cira_batch_test/carpet/good_8.png,good_8.png,normal,False,0.027408480644226074,2.9206276508375595e-07,0.03434173590705805,0.03434173590705805,0.03388186469674111,False,True,16000,True,4.499365604715422e-05,True,0.0026090096216648817,cpu,patch_nearest_normal,last2,14,0.05,False,,,3.895362533512525e-05,6.111156617407686e-05,True,True
2026-08-14 00:55:14,carpet,monitor,C:/cira_batch_test/carpet/good_9.png,good_9.png,anomaly,True,0.04013075307011604,0.04013075307011604,0.03434173590705805,0.03434173590705805,0.03388186469674111,False,False,16000,False,,False,0.0,cpu,patch_nearest_normal,last2,14,0.05,False,,,3.448341885814443e-05,6.111156617407686e-05,False,True
2026-08-14 00:55:15,grid,monitor,C:/cira_batch_test/grid/bad_1.png,bad_1.png,anomaly,True,0.08858604729175568,0.08858604729175568,0.05371414880283681,0.05371414880283681,0.049720141850411896,False,False,16000,False,,False,0.0,cpu,patch_nearest_normal,last2,14,0.05,False,,,0.000207667748327367,0.00020260438468534505,False,False
2026-08-14 00:55:17,grid,monitor,C:/cira_batch_test/grid/bad_10.png,bad_10.png,anomaly,True,0.07286384701728821,0.07286384701728821,0.05371414880283681,0.05371414880283681,0.049720141850411896,False,False,16000,False,,False,0.0,cpu,patch_nearest_normal,last2,14,0.05,False,,,0.00013052117719780654,0.00020260438468534505,False,True
2026-08-14 00:55:18,grid,monitor,C:/cira_batch_test/grid/bad_11.png,bad_11.png,anomaly,True,0.05669742822647095,0.05669742822647095,0.05371414880283681,0.05371414880283681,0.049720141850411896,False,False,16000,False,,False,0.0,cpu,patch_nearest_normal,last2,14,0.05,False,,,0.00017503493290860206,0.00020260438468534505,False,True
2026-08-14 00:55:20,grid,monitor,C:/cira_batch_test/grid/bad_12.png,bad_12.png,anomaly,True,0.10632707923650742,0.10632707923650742,0.05371414880283681,0.05371414880283681,0.049720141850411896,False,False,16000,False,,False,0.0,cpu,patch_nearest_normal,last2,14,0.05,False,,,0.0001970406447071582,0.00020260438468534505,False,True
2026-08-14 00:55:22,grid,monitor,C:/cira_batch_test/grid/bad_13.png,bad_13.png,normal,False,0.04784206300973892,2.8610230629055877e-07,0.05371414880283681,0.05371414880283681,0.049720141850411896,False,True,16000,True,0.00012376673112157732,True,0.0029593431390821934,cpu,patch_nearest_normal,last2,14,0.05,False,,,0.00011139291746076196,0.00020260438468534505,True,True
2026-08-14 00:55:23,grid,monitor,C:/cira_batch_test/grid/bad_14.png,bad_14.png,normal,False,0.05336926132440567,0.05336926132440567,0.05371414880283681,0.05371414880283681,0.049720141850411896,False,False,16000,False,,False,0.0,cpu,patch_nearest_normal,last2,14,0.05,False,,,0.00011209439253434539,0.00020260438468534505,False,True
2026-08-14 00:55:25,grid,monitor,C:/cira_batch_test/grid/bad_15.png,bad_15.png,anomaly,True,0.06479475647211075,0.06479475647211075,0.05371414880283681,0.05371414880283681,0.049720141850411896,False,False,16000,False,,False,0.0,cpu,patch_nearest_normal,last2,14,0.05,False,,,0.00016081427747849375,0.00020260438468534505,False,True
2026-08-14 00:55:26,grid,monitor,C:/cira_batch_test/grid/bad_16.png,bad_16.png,anomaly,True,0.058976877480745316,0.058976877480745316,0.05371414880283681,0.05371414880283681,0.049720141850411896,False,False,16000,False,,False,0.0,cpu,patch_nearest_normal,last2,14,0.05,False,,,0.00014587298210244626,0.00020260438468534505,False,True
2026-08-14 00:55:28,grid,monitor,C:/cira_batch_test/grid/bad_17.png,bad_17.png,normal,False,0.0500926673412323,0.0500926673412323,0.05371414880283681,0.05371414880283681,0.049720141850411896,False,False,16000,False,,False,0.0,cpu,patch_nearest_normal,last2,14,0.05,False,,,8.855527266860008e-05,0.00020260438468534505,False,True
2026-08-14 00:55:29,grid,monitor,C:/cira_batch_test/grid/bad_18.png,bad_18.png,anomaly,True,0.0612245574593544,0.0612245574593544,0.05371414880283681,0.05371414880283681,0.049720141850411896,False,False,16000,False,,False,0.0,cpu,patch_nearest_normal,last2,14,0.05,False,,,0.0001571556640556082,0.00020260438468534505,False,True
2026-08-14 00:55:31,grid,monitor,C:/cira_batch_test/grid/bad_19.png,bad_19.png,anomaly,True,0.1103333979845047,0.1103333979845047,0.05371414880283681,0.05371414880283681,0.049720141850411896,False,False,16000,False,,False,0.0,cpu,patch_nearest_normal,last2,14,0.05,False,,,0.00014103575085755438,0.00020260438468534505,False,True
2026-08-14 00:55:32,grid,monitor,C:/cira_batch_test/grid/bad_2.png,bad_2.png,anomaly,True,0.05594249814748764,0.05594249814748764,0.05371414880283681,0.05371414880283681,0.049720141850411896,False,False,16000,False,,False,0.0,cpu,patch_nearest_normal,last2,14,0.05,False,,,0.0001877994800452143,0.00020260438468534505,False,True
2026-08-14 00:55:34,grid,monitor,C:/cira_batch_test/grid/bad_20.png,bad_20.png,normal,False,0.05341004580259323,0.05341004580259323,0.05371414880283681,0.05371414880283681,0.049720141850411896,False,False,16000,False,,False,0.0,cpu,patch_nearest_normal,last2,14,0.05,False,,,0.00011618591088335961,0.00020260438468534505,False,True
2026-08-14 00:55:35,grid,monitor,C:/cira_batch_test/grid/bad_3.png,bad_3.png,anomaly,True,0.06533020734786987,0.06533020734786987,0.05371414880283681,0.05371414880283681,0.049720141850411896,False,False,16000,False,,False,0.0,cpu,patch_nearest_normal,last2,14,0.05,False,,,0.0001229044864885509,0.00020260438468534505,False,True
2026-08-14 00:55:37,grid,monitor,C:/cira_batch_test/grid/bad_4.png,bad_4.png,anomaly,True,0.09615685045719147,0.09615685045719147,0.05371414880283681,0.05371414880283681,0.049720141850411896,False,False,16000,False,,False,0.0,cpu,patch_nearest_normal,last2,14,0.05,False,,,0.00012424633314367384,0.00020260438468534505,False,True
2026-08-14 00:55:38,grid,monitor,C:/cira_batch_test/grid/bad_5.png,bad_5.png,anomaly,True,0.06532365083694458,0.06532365083694458,0.05371414880283681,0.05371414880283681,0.049720141850411896,False,False,16000,False,,False,0.0,cpu,patch_nearest_normal,last2,14,0.05,False,,,0.00012704145046882331,0.00020260438468534505,False,True
2026-08-14 00:55:40,grid,monitor,C:/cira_batch_test/grid/bad_6.png,bad_6.png,normal,False,0.046354491263628006,2.682209014892578e-07,0.05371414880283681,0.05371414880283681,0.049720141850411896,False,True,16000,True,0.00012659367348533124,True,0.002613798715174198,cpu,patch_nearest_normal,last2,14,0.05,False,,,0.00011230184463784099,0.00020260438468534505,True,True
2026-08-14 00:55:42,grid,monitor,C:/cira_batch_test/grid/bad_7.png,bad_7.png,anomaly,True,0.11608481407165527,0.11608481407165527,0.05371414880283681,0.05371414880283681,0.049720141850411896,False,False,16000,False,,False,0.0,cpu,patch_nearest_normal,last2,14,0.05,False,,,0.00011669192463159561,0.00020260438468534505,False,True
2026-08-14 00:55:43,grid,monitor,C:/cira_batch_test/grid/bad_8.png,bad_8.png,normal,False,0.046731770038604736,2.5629998390286346e-07,0.05371414880283681,0.05371414880283681,0.049720141850411896,False,True,16000,True,0.00015398672258015722,True,0.002360146027058363,cpu,patch_nearest_normal,last2,14,0.05,False,,,0.00014396494952961802,0.00020260438468534505,True,True
2026-08-14 00:55:45,grid,monitor,C:/cira_batch_test/grid/bad_9.png,bad_9.png,anomaly,True,0.06458345800638199,0.06458345800638199,0.05371414880283681,0.05371414880283681,0.049720141850411896,False,False,16000,False,,False,0.0,cpu,patch_nearest_normal,last2,14,0.05,False,,,0.00011255159915890545,0.00020260438468534505,False,True
2026-08-14 00:55:46,grid,monitor,C:/cira_batch_test/grid/good_1.png,good_1.png,anomaly,True,0.05816963315010071,0.05816963315010071,0.05371414880283681,0.05371414880283681,0.049720141850411896,False,False,16000,False,,False,0.0,cpu,patch_nearest_normal,last2,14,0.05,False,,,0.00019238969252910465,0.00020260438468534505,False,True
2026-08-14 00:55:48,grid,monitor,C:/cira_batch_test/grid/good_10.png,good_10.png,normal,False,0.04540245607495308,2.980232238769531e-07,0.05371414880283681,0.05371414880283681,0.049720141850411896,False,True,16000,True,0.00014048760931473225,True,0.002242389600723982,cpu,patch_nearest_normal,last2,14,0.05,False,,,0.00012734487245325,0.00020260438468534505,True,True
2026-08-14 00:55:50,grid,monitor,C:/cira_batch_test/grid/good_11.png,good_11.png,normal,False,0.04495461657643318,3.039836826701503e-07,0.05371414880283681,0.05371414880283681,0.049720141850411896,False,True,16000,True,0.00011891509348060936,True,0.0021884101442992687,cpu,patch_nearest_normal,last2,14,0.05,False,,,0.00011306746455375105,0.00020260438468534505,True,True
2026-08-14 00:55:52,grid,monitor,C:/cira_batch_test/grid/good_12.png,good_12.png,normal,False,0.03926456719636917,3.397464638510428e-07,0.05371414880283681,0.05371414880283681,0.049720141850411896,False,True,16000,True,0.00015467533376067877,True,0.0022118305787444115,cpu,patch_nearest_normal,last2,14,0.05,False,,,0.00015561562031507492,0.00020260438468534505,True,True
2026-08-14 00:55:54,grid,monitor,C:/cira_batch_test/grid/good_13.png,good_13.png,normal,False,0.04283682256937027,3.9339064983323624e-07,0.05371414880283681,0.05371414880283681,0.049720141850411896,False,True,16000,True,0.00011702248593792319,True,0.002174144610762596,cpu,patch_nearest_normal,last2,14,0.05,False,,,0.00010764797480078414,0.00020260438468534505,True,True
2026-08-14 00:55:56,grid,monitor,C:/cira_batch_test/grid/good_14.png,good_14.png,normal,False,0.04948009178042412,2.8014181907565217e-07,0.05371414880283681,0.05371414880283681,0.049720141850411896,False,True,16000,True,0.00017226803174708039,True,0.002140701049938798,cpu,patch_nearest_normal,last2,14,0.05,False,,,0.00015048681234475225,0.00020260438468534505,True,True
2026-08-14 00:55:58,grid,monitor,C:/cira_batch_test/grid/good_15.png,good_15.png,normal,False,0.03772131726145744,2.8610230629055877e-07,0.05371414880283681,0.05371414880283681,0.049720141850411896,False,True,16000,True,0.00012692718883045018,True,0.002063132356852293,cpu,patch_nearest_normal,last2,14,0.05,False,,,0.00012775177310686558,0.00020260438468534505,True,True
2026-08-14 00:55:59,grid,monitor,C:/cira_batch_test/grid/good_16.png,good_16.png,anomaly,True,0.05566413328051567,0.05566413328051567,0.05371414880283681,0.05371414880283681,0.049720141850411896,False,False,16000,False,,False,0.0,cpu,patch_nearest_normal,last2,14,0.05,False,,,0.00015971288667060435,0.00020260438468534505,False,True
2026-08-14 00:56:01,grid,monitor,C:/cira_batch_test/grid/good_17.png,good_17.png,normal,False,0.045186590403318405,3.039836826701503e-07,0.05371414880283681,0.05371414880283681,0.049720141850411896,False,True,16000,True,0.00019554448954295367,True,0.002087263623252511,cpu,patch_nearest_normal,last2,14,0.05,True,C:\cira_ttl_checkpoints\grid\patch_memory_bank_update_10.pt,C:\cira_ttl_checkpoints\grid\patch_adapter_update_10.pt,0.00019037735182791948,0.00020260438468534505,True,True
2026-08-14 00:56:03,grid,monitor,C:/cira_batch_test/grid/good_18.png,good_18.png,anomaly,True,0.05608861893415451,0.05608861893415451,0.05371414880283681,0.05371414880283681,0.049720141850411896,False,False,16000,False,,False,0.0,cpu,patch_nearest_normal,last2,14,0.05,False,,,0.00012026974582113326,0.00020260438468534505,False,True
2026-08-14 00:56:04,grid,monitor,C:/cira_batch_test/grid/good_19.png,good_19.png,anomaly,True,0.06292267143726349,0.06292267143726349,0.05371414880283681,0.05371414880283681,0.049720141850411896,False,False,16000,False,,False,0.0,cpu,patch_nearest_normal,last2,14,0.05,False,,,0.00011788502160925418,0.00020260438468534505,False,True
2026-08-14 00:56:06,grid,monitor,C:/cira_batch_test/grid/good_2.png,good_2.png,normal,False,0.05257225036621094,0.05257225036621094,0.05371414880283681,0.05371414880283681,0.049720141850411896,False,False,16000,False,,False,0.0,cpu,patch_nearest_normal,last2,14,0.05,False,,,0.00017656652198638767,0.00020260438468534505,False,True
2026-08-14 00:56:08,grid,monitor,C:/cira_batch_test/grid/good_20.png,good_20.png,normal,False,0.04698072746396065,3.039836826701503e-07,0.05371414880283681,0.05371414880283681,0.049720141850411896,False,True,16000,True,0.00014211659436114132,True,0.0020732053089886904,cpu,patch_nearest_normal,last2,14,0.05,False,,,0.00014362069487106055,0.00020260438468534505,True,True
2026-08-14 00:56:09,grid,monitor,C:/cira_batch_test/grid/good_3.png,good_3.png,normal,False,0.048582226037979126,0.048582226037979126,0.05371414880283681,0.05371414880283681,0.049720141850411896,False,False,16000,False,,False,0.0,cpu,patch_nearest_normal,last2,14,0.05,False,,,0.0002092895592795685,0.00020260438468534505,True,False
2026-08-14 00:56:11,grid,monitor,C:/cira_batch_test/grid/good_4.png,good_4.png,anomaly,True,0.057460956275463104,0.057460956275463104,0.05371414880283681,0.05371414880283681,0.049720141850411896,False,False,16000,False,,False,0.0,cpu,patch_nearest_normal,last2,14,0.05,False,,,0.00022973584418650717,0.00020260438468534505,False,False
2026-08-14 00:56:12,grid,monitor,C:/cira_batch_test/grid/good_5.png,good_5.png,anomaly,True,0.06421075761318207,0.06421075761318207,0.05371414880283681,0.05371414880283681,0.049720141850411896,False,False,16000,False,,False,0.0,cpu,patch_nearest_normal,last2,14,0.05,False,,,0.0001239245175383985,0.00020260438468534505,False,True
2026-08-14 00:56:14,grid,monitor,C:/cira_batch_test/grid/good_6.png,good_6.png,anomaly,True,0.0645814836025238,0.0645814836025238,0.05371414880283681,0.05371414880283681,0.049720141850411896,False,False,16000,False,,False,0.0,cpu,patch_nearest_normal,last2,14,0.05,False,,,0.00011233605619054288,0.00020260438468534505,False,True
2026-08-14 00:56:15,grid,monitor,C:/cira_batch_test/grid/good_7.png,good_7.png,anomaly,True,0.05444710701704025,0.05444710701704025,0.05371414880283681,0.05371414880283681,0.049720141850411896,False,False,16000,False,,False,0.0,cpu,patch_nearest_normal,last2,14,0.05,False,,,0.00011856933997478336,0.00020260438468534505,False,True
2026-08-14 00:56:17,grid,monitor,C:/cira_batch_test/grid/good_8.png,good_8.png,normal,False,0.04416007921099663,3.2782554626464844e-07,0.05371414880283681,0.05371414880283681,0.049720141850411896,False,True,16000,True,0.00012213668378535658,True,0.0020419203210622072,cpu,patch_nearest_normal,last2,14,0.05,False,,,0.00012117602454964072,0.00020260438468534505,True,True
2026-08-14 00:56:19,grid,monitor,C:/cira_batch_test/grid/good_9.png,good_9.png,normal,False,0.04512549191713333,2.2649764730431343e-07,0.05371414880283681,0.05371414880283681,0.049720141850411896,False,True,16000,True,0.0001254690287169069,True,0.002033624332398176,cpu,patch_nearest_normal,last2,14,0.05,False,,,0.00012597769091371447,0.00020260438468534505,True,True
2026-08-14 00:56:21,hazelnut,monitor,C:/cira_batch_test/hazelnut/bad_1.png,bad_1.png,anomaly,True,0.16086113452911377,0.16086113452911377,0.11622387224474043,0.11622387224474043,0.11267729848623276,False,False,16000,False,,False,0.0,cpu,patch_nearest_normal,last2,14,0.05,False,,,0.00015039903519209474,0.00018771860486589,False,True
2026-08-14 00:56:23,hazelnut,monitor,C:/cira_batch_test/hazelnut/bad_10.png,bad_10.png,anomaly,True,0.24062328040599823,0.24062328040599823,0.11622387224474043,0.11622387224474043,0.11267729848623276,False,False,16000,False,,False,0.0,cpu,patch_nearest_normal,last2,14,0.05,False,,,0.0001323820324614644,0.00018771860486589,False,True
2026-08-14 00:56:25,hazelnut,monitor,C:/cira_batch_test/hazelnut/bad_11.png,bad_11.png,anomaly,True,0.20693770051002502,0.20693770051002502,0.11622387224474043,0.11622387224474043,0.11267729848623276,False,False,16000,False,,False,0.0,cpu,patch_nearest_normal,last2,14,0.05,False,,,0.00016850209794938564,0.00018771860486589,False,True
2026-08-14 00:56:26,hazelnut,monitor,C:/cira_batch_test/hazelnut/bad_12.png,bad_12.png,anomaly,True,0.1289863884449005,0.1289863884449005,0.11622387224474043,0.11622387224474043,0.11267729848623276,False,False,16000,False,,False,0.0,cpu,patch_nearest_normal,last2,14,0.05,False,,,0.00015011362847872078,0.00018771860486589,False,True
2026-08-14 00:56:28,hazelnut,monitor,C:/cira_batch_test/hazelnut/bad_13.png,bad_13.png,anomaly,True,0.12652647495269775,0.12652647495269775,0.11622387224474043,0.11622387224474043,0.11267729848623276,False,False,16000,False,,False,0.0,cpu,patch_nearest_normal,last2,14,0.05,False,,,0.00013488493277691305,0.00018771860486589,False,True
2026-08-14 00:56:30,hazelnut,monitor,C:/cira_batch_test/hazelnut/bad_14.png,bad_14.png,anomaly,True,0.20721229910850525,0.20721229910850525,0.11622387224474043,0.11622387224474043,0.11267729848623276,False,False,16000,False,,False,0.0,cpu,patch_nearest_normal,last2,14,0.05,False,,,0.000137065420858562,0.00018771860486589,False,True
2026-08-14 00:56:31,hazelnut,monitor,C:/cira_batch_test/hazelnut/bad_15.png,bad_15.png,anomaly,True,0.22609829902648926,0.22609829902648926,0.11622387224474043,0.11622387224474043,0.11267729848623276,False,False,16000,False,,False,0.0,cpu,patch_nearest_normal,last2,14,0.05,False,,,0.00014480245590675622,0.00018771860486589,False,True
2026-08-14 00:56:33,hazelnut,monitor,C:/cira_batch_test/hazelnut/bad_16.png,bad_16.png,anomaly,True,0.2441060096025467,0.2441060096025467,0.11622387224474043,0.11622387224474043,0.11267729848623276,False,False,16000,False,,False,0.0,cpu,patch_nearest_normal,last2,14,0.05,False,,,0.00011892195470863953,0.00018771860486589,False,True
2026-08-14 00:56:35,hazelnut,monitor,C:/cira_batch_test/hazelnut/bad_17.png,bad_17.png,anomaly,True,0.21741983294487,0.21741983294487,0.11622387224474043,0.11622387224474043,0.11267729848623276,False,False,16000,False,,False,0.0,cpu,patch_nearest_normal,last2,14,0.05,False,,,0.00013682697317562997,0.00018771860486589,False,True
2026-08-14 00:56:36,hazelnut,monitor,C:/cira_batch_test/hazelnut/bad_18.png,bad_18.png,anomaly,True,0.2222953587770462,0.2222953587770462,0.11622387224474043,0.11622387224474043,0.11267729848623276,False,False,16000,False,,False,0.0,cpu,patch_nearest_normal,last2,14,0.05,False,,,0.00014488351007457823,0.00018771860486589,False,True
2026-08-14 00:56:38,hazelnut,monitor,C:/cira_batch_test/hazelnut/bad_19.png,bad_19.png,anomaly,True,0.12652647495269775,0.12652647495269775,0.11622387224474043,0.11622387224474043,0.11267729848623276,False,False,16000,False,,False,0.0,cpu,patch_nearest_normal,last2,14,0.05,False,,,0.00012608320685103536,0.00018771860486589,False,True
2026-08-14 00:56:39,hazelnut,monitor,C:/cira_batch_test/hazelnut/bad_2.png,bad_2.png,anomaly,True,0.1989687979221344,0.1989687979221344,0.11622387224474043,0.11622387224474043,0.11267729848623276,False,False,16000,False,,False,0.0,cpu,patch_nearest_normal,last2,14,0.05,False,,,0.0001578095689183101,0.00018771860486589,False,True
2026-08-14 00:56:41,hazelnut,monitor,C:/cira_batch_test/hazelnut/bad_20.png,bad_20.png,anomaly,True,0.23149952292442322,0.23149952292442322,0.11622387224474043,0.11622387224474043,0.11267729848623276,False,False,16000,False,,False,0.0,cpu,patch_nearest_normal,last2,14,0.05,False,,,0.00013546526315622032,0.00018771860486589,False,True
2026-08-14 00:56:42,hazelnut,monitor,C:/cira_batch_test/hazelnut/bad_3.png,bad_3.png,anomaly,True,0.21309860050678253,0.21309860050678253,0.11622387224474043,0.11622387224474043,0.11267729848623276,False,False,16000,False,,False,0.0,cpu,patch_nearest_normal,last2,14,0.05,False,,,0.0001566177379572764,0.00018771860486589,False,True
2026-08-14 00:56:44,hazelnut,monitor,C:/cira_batch_test/hazelnut/bad_4.png,bad_4.png,anomaly,True,0.21018381416797638,0.21018381416797638,0.11622387224474043,0.11622387224474043,0.11267729848623276,False,False,16000,False,,False,0.0,cpu,patch_nearest_normal,last2,14,0.05,False,,,0.00013570445298682898,0.00018771860486589,False,True
2026-08-14 00:56:45,hazelnut,monitor,C:/cira_batch_test/hazelnut/bad_5.png,bad_5.png,anomaly,True,0.1668674498796463,0.1668674498796463,0.11622387224474043,0.11622387224474043,0.11267729848623276,False,False,16000,False,,False,0.0,cpu,patch_nearest_normal,last2,14,0.05,False,,,0.00015021678700577468,0.00018771860486589,False,True
2026-08-14 00:56:47,hazelnut,monitor,C:/cira_batch_test/hazelnut/bad_6.png,bad_6.png,anomaly,True,0.203285813331604,0.203285813331604,0.11622387224474043,0.11622387224474043,0.11267729848623276,False,False,16000,False,,False,0.0,cpu,patch_nearest_normal,last2,14,0.05,False,,,0.00014514816575683653,0.00018771860486589,False,True
2026-08-14 00:56:48,hazelnut,monitor,C:/cira_batch_test/hazelnut/bad_7.png,bad_7.png,anomaly,True,0.20399579405784607,0.20399579405784607,0.11622387224474043,0.11622387224474043,0.11267729848623276,False,False,16000,False,,False,0.0,cpu,patch_nearest_normal,last2,14,0.05,False,,,0.00012819106632377952,0.00018771860486589,False,True
2026-08-14 00:56:50,hazelnut,monitor,C:/cira_batch_test/hazelnut/bad_8.png,bad_8.png,anomaly,True,0.1674746572971344,0.1674746572971344,0.11622387224474043,0.11622387224474043,0.11267729848623276,False,False,16000,False,,False,0.0,cpu,patch_nearest_normal,last2,14,0.05,False,,,0.00016619682719465345,0.00018771860486589,False,True
2026-08-14 00:56:51,hazelnut,monitor,C:/cira_batch_test/hazelnut/bad_9.png,bad_9.png,anomaly,True,0.15189433097839355,0.15189433097839355,0.11622387224474043,0.11622387224474043,0.11267729848623276,False,False,16000,False,,False,0.0,cpu,patch_nearest_normal,last2,14,0.05,False,,,0.00015103777695912868,0.00018771860486589,False,True
2026-08-14 00:56:53,hazelnut,monitor,C:/cira_batch_test/hazelnut/good_1.png,good_1.png,normal,False,0.10071440041065216,2.682209014892578e-07,0.11622387224474043,0.11622387224474043,0.11267729848623276,False,True,16000,True,0.000179239985300228,True,0.0030214888975024223,cpu,patch_nearest_normal,last2,14,0.05,False,,,0.00015866539615672082,0.00018771860486589,True,True
2026-08-14 00:56:55,hazelnut,monitor,C:/cira_batch_test/hazelnut/good_10.png,good_10.png,normal,False,0.10748396813869476,3.2186508747145126e-07,0.11622387224474043,0.11622387224474043,0.11267729848623276,False,True,16000,True,0.00016715207311790437,True,0.0026658789720386267,cpu,patch_nearest_normal,last2,14,0.05,False,,,0.0001528542343294248,0.00018771860486589,True,True
2026-08-14 00:56:57,hazelnut,monitor,C:/cira_batch_test/hazelnut/good_11.png,good_11.png,normal,False,0.09066290408372879,2.8610230629055877e-07,0.11622387224474043,0.11622387224474043,0.11267729848623276,False,True,16000,True,0.00015526541392318904,True,0.0025359392166137695,cpu,patch_nearest_normal,last2,14,0.05,False,,,0.00014344703231472522,0.00018771860486589,True,True
2026-08-14 00:56:58,hazelnut,monitor,C:/cira_batch_test/hazelnut/good_12.png,good_12.png,normal,False,0.09207237511873245,2.74181360282455e-07,0.11622387224474043,0.11622387224474043,0.11267729848623276,False,True,16000,True,0.00017895418568514287,True,0.00250958651304245,cpu,patch_nearest_normal,last2,14,0.05,False,,,0.00014579124399460852,0.00018771860486589,True,True
2026-08-14 00:57:00,hazelnut,monitor,C:/cira_batch_test/hazelnut/good_13.png,good_13.png,normal,False,0.09470206499099731,3.2782554626464844e-07,0.11622387224474043,0.11622387224474043,0.11267729848623276,False,True,16000,True,0.00014632614329457283,True,0.0024749094154685736,cpu,patch_nearest_normal,last2,14,0.05,False,,,0.00014279282186180353,0.00018771860486589,True,True
2026-08-14 00:57:02,hazelnut,monitor,C:/cira_batch_test/hazelnut/good_14.png,good_14.png,normal,False,0.09227872639894485,2.9206276508375595e-07,0.11622387224474043,0.11622387224474043,0.11267729848623276,False,True,16000,True,0.00015992892440408468,True,0.0024667964316904545,cpu,patch_nearest_normal,last2,14,0.05,False,,,0.00013687959290109575,0.00018771860486589,True,True
2026-08-14 00:57:04,hazelnut,monitor,C:/cira_batch_test/hazelnut/good_15.png,good_15.png,normal,False,0.0978919118642807,3.039836826701503e-07,0.11622387224474043,0.11622387224474043,0.11267729848623276,False,True,16000,True,0.0001675774692557752,True,0.002470580628141761,cpu,patch_nearest_normal,last2,14,0.05,False,,,0.00014093620120547712,0.00018771860486589,True,True
2026-08-14 00:57:06,hazelnut,monitor,C:/cira_batch_test/hazelnut/good_16.png,good_16.png,normal,False,0.09133505076169968,2.682209014892578e-07,0.11622387224474043,0.11622387224474043,0.11267729848623276,False,True,16000,True,0.0001477565965615213,True,0.002461628522723913,cpu,patch_nearest_normal,last2,14,0.05,False,,,0.0001565321144880727,0.00018771860486589,True,True
2026-08-14 00:57:07,hazelnut,monitor,C:/cira_batch_test/hazelnut/good_17.png,good_17.png,normal,False,0.11450382322072983,0.11450382322072983,0.11622387224474043,0.11622387224474043,0.11267729848623276,False,False,16000,False,,False,0.0,cpu,patch_nearest_normal,last2,14,0.05,False,,,0.0001642014249227941,0.00018771860486589,False,True
2026-08-14 00:57:09,hazelnut,monitor,C:/cira_batch_test/hazelnut/good_18.png,good_18.png,normal,False,0.09720916301012039,2.6226044269606064e-07,0.11622387224474043,0.11622387224474043,0.11267729848623276,False,True,16000,True,0.00016406638314947486,True,0.002432002453133464,cpu,patch_nearest_normal,last2,14,0.05,False,,,0.00016152882017195225,0.00018771860486589,True,True
2026-08-14 00:57:11,hazelnut,monitor,C:/cira_batch_test/hazelnut/good_19.png,good_19.png,normal,False,0.1042645201086998,2.443790378947597e-07,0.11622387224474043,0.11622387224474043,0.11267729848623276,False,True,16000,True,0.00014602755254600197,True,0.0024217970203608274,cpu,patch_nearest_normal,last2,14,0.05,True,C:\cira_ttl_checkpoints\hazelnut\patch_memory_bank_update_10.pt,C:\cira_ttl_checkpoints\hazelnut\patch_adapter_update_10.pt,0.000124365949886851,0.00018771860486589,True,True
2026-08-14 00:57:13,hazelnut,monitor,C:/cira_batch_test/hazelnut/good_2.png,good_2.png,normal,False,0.10504462569952011,2.9206276508375595e-07,0.11622387224474043,0.11622387224474043,0.11267729848623276,False,True,16000,True,0.00017398314957972616,True,0.002403340768069029,cpu,patch_nearest_normal,last2,14,0.05,False,,,0.00014690266107209027,0.00018771860486589,True,True
2026-08-14 00:57:14,hazelnut,monitor,C:/cira_batch_test/hazelnut/good_20.png,good_20.png,normal,False,0.10054691880941391,2.6226044269606064e-07,0.11622387224474043,0.11622387224474043,0.11267729848623276,False,True,16000,True,0.00017792510334402323,True,0.0023976159282028675,cpu,patch_nearest_normal,last2,14,0.05,False,,,0.00015637451724614948,0.00018771860486589,True,True
2026-08-14 00:57:16,hazelnut,monitor,C:/cira_batch_test/hazelnut/good_3.png,good_3.png,normal,False,0.1073416918516159,2.384185791015625e-07,0.11622387224474043,0.11622387224474043,0.11267729848623276,False,True,16000,True,0.00014880270464345813,True,0.0023946124128997326,cpu,patch_nearest_normal,last2,14,0.05,False,,,0.0001304846809944138,0.00018771860486589,True,True
2026-08-14 00:57:18,hazelnut,monitor,C:/cira_batch_test/hazelnut/good_4.png,good_4.png,normal,False,0.08859378099441528,2.2649764730431343e-07,0.11622387224474043,0.11622387224474043,0.11267729848623276,False,True,16000,True,0.0001635798835195601,True,0.002394527429714799,cpu,patch_nearest_normal,last2,14,0.05,False,,,0.00015963234181981534,0.00018771860486589,True,True
2026-08-14 00:57:20,hazelnut,monitor,C:/cira_batch_test/hazelnut/good_5.png,good_5.png,normal,False,0.08149790018796921,3.2186508747145126e-07,0.11622387224474043,0.11622387224474043,0.11267729848623276,False,True,16000,True,0.0001602110278327018,True,0.0024014501832425594,cpu,patch_nearest_normal,last2,14,0.05,False,,,0.000136046321131289,0.00018771860486589,True,True
2026-08-14 00:57:21,hazelnut,monitor,C:/cira_batch_test/hazelnut/good_6.png,good_6.png,anomaly,True,0.11922414600849152,0.11922414600849152,0.11622387224474043,0.11622387224474043,0.11267729848623276,False,False,16000,False,,False,0.0,cpu,patch_nearest_normal,last2,14,0.05,False,,,0.00013057145406492054,0.00018771860486589,False,True
2026-08-14 00:57:23,hazelnut,monitor,C:/cira_batch_test/hazelnut/good_7.png,good_7.png,normal,False,0.09789107739925385,3.099441414633475e-07,0.11622387224474043,0.11622387224474043,0.11267729848623276,False,True,16000,True,0.00015927488857414573,True,0.002394396811723709,cpu,patch_nearest_normal,last2,14,0.05,False,,,0.00014411051233764738,0.00018771860486589,True,True
2026-08-14 00:57:26,hazelnut,monitor,C:/cira_batch_test/hazelnut/good_8.png,good_8.png,normal,False,0.10583408176898956,2.5629998390286346e-07,0.11622387224474043,0.11622387224474043,0.11267729848623276,False,True,16000,True,0.000167821446666494,True,0.0023965465370565653,cpu,patch_nearest_normal,last2,14,0.05,False,,,0.00013786123599857092,0.00018771860486589,True,True
2026-08-14 00:57:27,hazelnut,monitor,C:/cira_batch_test/hazelnut/good_9.png,good_9.png,normal,False,0.09838071465492249,2.0265579792067e-07,0.11622387224474043,0.11622387224474043,0.11267729848623276,False,True,16000,True,0.00016007843078114092,True,0.0023984641302376986,cpu,patch_nearest_normal,last2,14,0.05,False,,,0.00014826234837528318,0.00018771860486589,True,True
2026-08-14 00:57:29,leather,monitor,C:/cira_batch_test/leather/bad_1.png,bad_1.png,anomaly,True,0.051475733518600464,0.051475733518600464,0.034171744241873594,0.034171744241873594,0.031012375839054588,False,False,16000,False,,False,0.0,cpu,patch_nearest_normal,last2,14,0.05,False,,,0.00014083141286391765,0.000215753776865275,False,True
2026-08-14 00:57:31,leather,monitor,C:/cira_batch_test/leather/bad_10.png,bad_10.png,anomaly,True,0.0820942223072052,0.0820942223072052,0.034171744241873594,0.034171744241873594,0.031012375839054588,False,False,16000,False,,False,0.0,cpu,patch_nearest_normal,last2,14,0.05,False,,,0.00011761998757719994,0.000215753776865275,False,True
2026-08-14 00:57:32,leather,monitor,C:/cira_batch_test/leather/bad_11.png,bad_11.png,anomaly,True,0.387601375579834,0.387601375579834,0.034171744241873594,0.034171744241873594,0.031012375839054588,False,False,16000,False,,False,0.0,cpu,patch_nearest_normal,last2,14,0.05,False,,,0.0001752201933413744,0.000215753776865275,False,True
2026-08-14 00:57:34,leather,monitor,C:/cira_batch_test/leather/bad_12.png,bad_12.png,anomaly,True,0.37309738993644714,0.37309738993644714,0.034171744241873594,0.034171744241873594,0.031012375839054588,False,False,16000,False,,False,0.0,cpu,patch_nearest_normal,last2,14,0.05,False,,,0.00011584133608266711,0.000215753776865275,False,True
2026-08-14 00:57:35,leather,monitor,C:/cira_batch_test/leather/bad_13.png,bad_13.png,anomaly,True,0.0342017225921154,0.0342017225921154,0.034171744241873594,0.034171744241873594,0.031012375839054588,False,False,16000,False,,False,0.0,cpu,patch_nearest_normal,last2,14,0.05,False,,,0.0001286292535951361,0.000215753776865275,False,True
2026-08-14 00:57:37,leather,monitor,C:/cira_batch_test/leather/bad_14.png,bad_14.png,anomaly,True,0.3577588200569153,0.3577588200569153,0.034171744241873594,0.034171744241873594,0.031012375839054588,False,False,16000,False,,False,0.0,cpu,patch_nearest_normal,last2,14,0.05,False,,,0.00011215429549338296,0.000215753776865275,False,True
2026-08-14 00:57:38,leather,monitor,C:/cira_batch_test/leather/bad_15.png,bad_15.png,anomaly,True,0.13468047976493835,0.13468047976493835,0.034171744241873594,0.034171744241873594,0.031012375839054588,False,False,16000,False,,False,0.0,cpu,patch_nearest_normal,last2,14,0.05,False,,,0.00013454712461680174,0.000215753776865275,False,True
2026-08-14 00:57:40,leather,monitor,C:/cira_batch_test/leather/bad_16.png,bad_16.png,anomaly,True,0.041029274463653564,0.041029274463653564,0.034171744241873594,0.034171744241873594,0.031012375839054588,False,False,16000,False,,False,0.0,cpu,patch_nearest_normal,last2,14,0.05,False,,,0.0001228299515787512,0.000215753776865275,False,True
2026-08-14 00:57:41,leather,monitor,C:/cira_batch_test/leather/bad_17.png,bad_17.png,anomaly,True,0.24229192733764648,0.24229192733764648,0.034171744241873594,0.034171744241873594,0.031012375839054588,False,False,16000,False,,False,0.0,cpu,patch_nearest_normal,last2,14,0.05,False,,,0.00018525533960200846,0.000215753776865275,False,True
2026-08-14 00:57:43,leather,monitor,C:/cira_batch_test/leather/bad_18.png,bad_18.png,anomaly,True,0.03640037775039673,0.03640037775039673,0.034171744241873594,0.034171744241873594,0.031012375839054588,False,False,16000,False,,False,0.0,cpu,patch_nearest_normal,last2,14,0.05,False,,,0.00012101372703909874,0.000215753776865275,False,True
2026-08-14 00:57:44,leather,monitor,C:/cira_batch_test/leather/bad_19.png,bad_19.png,normal,False,0.03212640434503555,0.03212640434503555,0.034171744241873594,0.034171744241873594,0.031012375839054588,False,False,16000,False,,False,0.0,cpu,patch_nearest_normal,last2,14,0.05,False,,,0.00019169985898770392,0.000215753776865275,False,True
2026-08-14 00:57:46,leather,monitor,C:/cira_batch_test/leather/bad_2.png,bad_2.png,anomaly,True,0.26926204562187195,0.26926204562187195,0.034171744241873594,0.034171744241873594,0.031012375839054588,False,False,16000,False,,False,0.0,cpu,patch_nearest_normal,last2,14,0.05,False,,,0.00010477407340658829,0.000215753776865275,False,True
2026-08-14 00:57:47,leather,monitor,C:/cira_batch_test/leather/bad_20.png,bad_20.png,anomaly,True,0.10156619548797607,0.10156619548797607,0.034171744241873594,0.034171744241873594,0.031012375839054588,False,False,16000,False,,False,0.0,cpu,patch_nearest_normal,last2,14,0.05,False,,,0.00016726113972254097,0.000215753776865275,False,True
2026-08-14 00:57:49,leather,monitor,C:/cira_batch_test/leather/bad_3.png,bad_3.png,anomaly,True,0.375313937664032,0.375313937664032,0.034171744241873594,0.034171744241873594,0.031012375839054588,False,False,16000,False,,False,0.0,cpu,patch_nearest_normal,last2,14,0.05,False,,,0.00017280832980759442,0.000215753776865275,False,True
2026-08-14 00:57:51,leather,monitor,C:/cira_batch_test/leather/bad_4.png,bad_4.png,anomaly,True,0.07355661690235138,0.07355661690235138,0.034171744241873594,0.034171744241873594,0.031012375839054588,False,False,16000,False,,False,0.0,cpu,patch_nearest_normal,last2,14,0.05,False,,,0.00015113758854568005,0.000215753776865275,False,True
2026-08-14 00:57:52,leather,monitor,C:/cira_batch_test/leather/bad_5.png,bad_5.png,anomaly,True,0.04449773579835892,0.04449773579835892,0.034171744241873594,0.034171744241873594,0.031012375839054588,False,False,16000,False,,False,0.0,cpu,patch_nearest_normal,last2,14,0.05,False,,,0.00012581530609168112,0.000215753776865275,False,True
2026-08-14 00:57:54,leather,monitor,C:/cira_batch_test/leather/bad_6.png,bad_6.png,anomaly,True,0.03703952953219414,0.03703952953219414,0.034171744241873594,0.034171744241873594,0.031012375839054588,False,False,16000,False,,False,0.0,cpu,patch_nearest_normal,last2,14,0.05,False,,,0.0001266008912352845,0.000215753776865275,False,True
2026-08-14 00:57:55,leather,monitor,C:/cira_batch_test/leather/bad_7.png,bad_7.png,anomaly,True,0.18991155922412872,0.18991155922412872,0.034171744241873594,0.034171744241873594,0.031012375839054588,False,False,16000,False,,False,0.0,cpu,patch_nearest_normal,last2,14,0.05,False,,,0.00014400421059690416,0.000215753776865275,False,True
2026-08-14 00:57:57,leather,monitor,C:/cira_batch_test/leather/bad_8.png,bad_8.png,anomaly,True,0.04029615595936775,0.04029615595936775,0.034171744241873594,0.034171744241873594,0.031012375839054588,False,False,16000,False,,False,0.0,cpu,patch_nearest_normal,last2,14,0.05,False,,,0.0001605013239895925,0.000215753776865275,False,True
2026-08-14 00:57:58,leather,monitor,C:/cira_batch_test/leather/bad_9.png,bad_9.png,anomaly,True,0.03599574416875839,0.03599574416875839,0.034171744241873594,0.034171744241873594,0.031012375839054588,False,False,16000,False,,False,0.0,cpu,patch_nearest_normal,last2,14,0.05,False,,,0.00013117164780851454,0.000215753776865275,False,True
2026-08-14 00:58:00,leather,monitor,C:/cira_batch_test/leather/good_1.png,good_1.png,anomaly,True,0.035275984555482864,0.035275984555482864,0.034171744241873594,0.034171744241873594,0.031012375839054588,False,False,16000,False,,False,0.0,cpu,patch_nearest_normal,last2,14,0.05,False,,,0.00012056861305609345,0.000215753776865275,False,True
2026-08-14 00:58:01,leather,monitor,C:/cira_batch_test/leather/good_10.png,good_10.png,anomaly,True,0.034913837909698486,0.034913837909698486,0.034171744241873594,0.034171744241873594,0.031012375839054588,False,False,16000,False,,False,0.0,cpu,patch_nearest_normal,last2,14,0.05,False,,,0.00012584755313582718,0.000215753776865275,False,True
2026-08-14 00:58:03,leather,monitor,C:/cira_batch_test/leather/good_11.png,good_11.png,anomaly,True,0.04056365415453911,0.04056365415453911,0.034171744241873594,0.034171744241873594,0.031012375839054588,False,False,16000,False,,False,0.0,cpu,patch_nearest_normal,last2,14,0.05,False,,,0.0001027491525746882,0.000215753776865275,False,True
2026-08-14 00:58:04,leather,monitor,C:/cira_batch_test/leather/good_12.png,good_12.png,anomaly,True,0.04197729751467705,0.04197729751467705,0.034171744241873594,0.034171744241873594,0.031012375839054588,False,False,16000,False,,False,0.0,cpu,patch_nearest_normal,last2,14,0.05,False,,,0.00011076607916038483,0.000215753776865275,False,True
2026-08-14 00:58:06,leather,monitor,C:/cira_batch_test/leather/good_13.png,good_13.png,anomaly,True,0.04109293967485428,0.04109293967485428,0.034171744241873594,0.034171744241873594,0.031012375839054588,False,False,16000,False,,False,0.0,cpu,patch_nearest_normal,last2,14,0.05,False,,,0.00012631126446649432,0.000215753776865275,False,True
2026-08-14 00:58:07,leather,monitor,C:/cira_batch_test/leather/good_14.png,good_14.png,anomaly,True,0.04789183288812637,0.04789183288812637,0.034171744241873594,0.034171744241873594,0.031012375839054588,False,False,16000,False,,False,0.0,cpu,patch_nearest_normal,last2,14,0.05,False,,,0.00011487441952340305,0.000215753776865275,False,True
2026-08-14 00:58:09,leather,monitor,C:/cira_batch_test/leather/good_15.png,good_15.png,normal,False,0.027622688561677933,2.5629998390286346e-07,0.034171744241873594,0.034171744241873594,0.031012375839054588,False,True,16000,True,0.00016892702842596918,True,0.0030251748394221067,cpu,patch_nearest_normal,last2,14,0.05,False,,,0.00016085609968286008,0.000215753776865275,True,True
2026-08-14 00:58:11,leather,monitor,C:/cira_batch_test/leather/good_16.png,good_16.png,normal,False,0.033232878893613815,0.033232878893613815,0.034171744241873594,0.034171744241873594,0.031012375839054588,False,False,16000,False,,False,0.0,cpu,patch_nearest_normal,last2,14,0.05,False,,,0.00014147593174129725,0.000215753776865275,False,True
2026-08-14 00:58:12,leather,monitor,C:/cira_batch_test/leather/good_17.png,good_17.png,normal,False,0.029496705159544945,2.5033949668795685e-07,0.034171744241873594,0.034171744241873594,0.031012375839054588,False,True,16000,True,0.00014284787175711244,True,0.0028900830075144768,cpu,patch_nearest_normal,last2,14,0.05,False,,,0.00013673237117473036,0.000215753776865275,True,True
2026-08-14 00:58:14,leather,monitor,C:/cira_batch_test/leather/good_18.png,good_18.png,normal,False,0.02935636043548584,3.397464638510428e-07,0.034171744241873594,0.034171744241873594,0.031012375839054588,False,True,16000,True,0.0001369868841720745,True,0.0028177432250231504,cpu,patch_nearest_normal,last2,14,0.05,False,,,0.00012822184362448752,0.000215753776865275,True,True
2026-08-14 00:58:16,leather,monitor,C:/cira_batch_test/leather/good_19.png,good_19.png,normal,False,0.02542695961892605,3.159046286782541e-07,0.034171744241873594,0.034171744241873594,0.031012375839054588,False,True,16000,True,0.00015081687888596207,True,0.002806906821206212,cpu,patch_nearest_normal,last2,14,0.05,False,,,0.00014277704758569598,0.000215753776865275,True,True
2026-08-14 00:58:18,leather,monitor,C:/cira_batch_test/leather/good_2.png,good_2.png,normal,False,0.029421359300613403,2.9206276508375595e-07,0.034171744241873594,0.034171744241873594,0.031012375839054588,False,True,16000,True,0.00011897724471054971,True,0.0027473843656480312,cpu,patch_nearest_normal,last2,14,0.05,False,,,0.00010608577576931566,0.000215753776865275,True,True
2026-08-14 00:58:19,leather,monitor,C:/cira_batch_test/leather/good_20.png,good_20.png,normal,False,0.0292816162109375,2.8610230629055877e-07,0.034171744241873594,0.034171744241873594,0.031012375839054588,False,True,16000,True,0.00013869517715647817,True,0.002742546144872904,cpu,patch_nearest_normal,last2,14,0.05,False,,,0.00013999943621456623,0.000215753776865275,True,True
2026-08-14 00:58:21,leather,monitor,C:/cira_batch_test/leather/good_3.png,good_3.png,normal,False,0.0321902334690094,0.0321902334690094,0.034171744241873594,0.034171744241873594,0.031012375839054588,False,False,16000,False,,False,0.0,cpu,patch_nearest_normal,last2,14,0.05,False,,,0.00013260032574180514,0.000215753776865275,False,True
2026-08-14 00:58:23,leather,monitor,C:/cira_batch_test/leather/good_4.png,good_4.png,normal,False,0.033596765249967575,0.033596765249967575,0.034171744241873594,0.034171744241873594,0.031012375839054588,False,False,16000,False,,False,0.0,cpu,patch_nearest_normal,last2,14,0.05,False,,,0.00011569167691050097,0.000215753776865275,False,True
2026-08-14 00:58:24,leather,monitor,C:/cira_batch_test/leather/good_5.png,good_5.png,normal,False,0.03194941207766533,0.03194941207766533,0.034171744241873594,0.034171744241873594,0.031012375839054588,False,False,16000,False,,False,0.0,cpu,patch_nearest_normal,last2,14,0.05,False,,,0.00012174613948445767,0.000215753776865275,False,True
2026-08-14 00:58:26,leather,monitor,C:/cira_batch_test/leather/good_6.png,good_6.png,normal,False,0.03280065581202507,0.03280065581202507,0.034171744241873594,0.034171744241873594,0.031012375839054588,False,False,16000,False,,False,0.0,cpu,patch_nearest_normal,last2,14,0.05,False,,,0.00013794901315122843,0.000215753776865275,False,True
2026-08-14 00:58:27,leather,monitor,C:/cira_batch_test/leather/good_7.png,good_7.png,normal,False,0.033181775361299515,0.033181775361299515,0.034171744241873594,0.034171744241873594,0.031012375839054588,False,False,16000,False,,False,0.0,cpu,patch_nearest_normal,last2,14,0.05,False,,,0.00011534884106367826,0.000215753776865275,False,True
2026-08-14 00:58:29,leather,monitor,C:/cira_batch_test/leather/good_8.png,good_8.png,normal,False,0.031325943768024445,0.031325943768024445,0.034171744241873594,0.034171744241873594,0.031012375839054588,False,False,16000,False,,False,0.0,cpu,patch_nearest_normal,last2,14,0.05,False,,,0.00012121727922931314,0.000215753776865275,False,True
2026-08-14 00:58:30,leather,monitor,C:/cira_batch_test/leather/good_9.png,good_9.png,normal,False,0.03023853339254856,3.2186508747145126e-07,0.034171744241873594,0.034171744241873594,0.031012375839054588,False,True,16000,True,0.00013920683704782277,True,0.002724778139963746,cpu,patch_nearest_normal,last2,14,0.05,False,,,0.00013241397391539067,0.000215753776865275,True,True
2026-08-14 00:58:32,metal_nut,monitor,C:/cira_batch_test/metal_nut/bad_1.png,bad_1.png,anomaly,True,0.120308056473732,0.120308056473732,0.07371337477372687,0.07371337477372687,0.07148411981761456,False,False,16000,False,,False,0.0,cpu,patch_nearest_normal,last2,14,0.05,False,,,0.00010208434105152264,0.00010222778946618,False,True
2026-08-14 00:58:33,metal_nut,monitor,C:/cira_batch_test/metal_nut/bad_10.png,bad_10.png,anomaly,True,0.11286713927984238,0.11286713927984238,0.07371337477372687,0.07371337477372687,0.07148411981761456,False,False,16000,False,,False,0.0,cpu,patch_nearest_normal,last2,14,0.05,False,,,0.00010513857705518603,0.00010222778946618,False,False
2026-08-14 00:58:35,metal_nut,monitor,C:/cira_batch_test/metal_nut/bad_11.png,bad_11.png,anomaly,True,0.16214802861213684,0.16214802861213684,0.07371337477372687,0.07371337477372687,0.07148411981761456,False,False,16000,False,,False,0.0,cpu,patch_nearest_normal,last2,14,0.05,False,,,0.00013444590149447322,0.00010222778946618,False,False
2026-08-14 00:58:37,metal_nut,monitor,C:/cira_batch_test/metal_nut/bad_12.png,bad_12.png,anomaly,True,0.11977102607488632,0.11977102607488632,0.07371337477372687,0.07371337477372687,0.07148411981761456,False,False,16000,False,,False,0.0,cpu,patch_nearest_normal,last2,14,0.05,False,,,9.325156133854762e-05,0.00010222778946618,False,True
2026-08-14 00:58:38,metal_nut,monitor,C:/cira_batch_test/metal_nut/bad_13.png,bad_13.png,anomaly,True,0.18745455145835876,0.18745455145835876,0.07371337477372687,0.07371337477372687,0.07148411981761456,False,False,16000,False,,False,0.0,cpu,patch_nearest_normal,last2,14,0.05,False,,,0.00010452944115968421,0.00010222778946618,False,False
2026-08-14 00:58:39,metal_nut,monitor,C:/cira_batch_test/metal_nut/bad_14.png,bad_14.png,anomaly,True,0.1635027825832367,0.1635027825832367,0.07371337477372687,0.07371337477372687,0.07148411981761456,False,False,16000,False,,False,0.0,cpu,patch_nearest_normal,last2,14,0.05,False,,,9.94442671071738e-05,0.00010222778946618,False,True
2026-08-14 00:58:41,metal_nut,monitor,C:/cira_batch_test/metal_nut/bad_15.png,bad_15.png,anomaly,True,0.16574899852275848,0.16574899852275848,0.07371337477372687,0.07371337477372687,0.07148411981761456,False,False,16000,False,,False,0.0,cpu,patch_nearest_normal,last2,14,0.05,False,,,0.00012207341205794364,0.00010222778946618,False,False
2026-08-14 00:58:42,metal_nut,monitor,C:/cira_batch_test/metal_nut/bad_16.png,bad_16.png,anomaly,True,0.18683616816997528,0.18683616816997528,0.07371337477372687,0.07371337477372687,0.07148411981761456,False,False,16000,False,,False,0.0,cpu,patch_nearest_normal,last2,14,0.05,False,,,0.00011105884914286435,0.00010222778946618,False,False
2026-08-14 00:58:44,metal_nut,monitor,C:/cira_batch_test/metal_nut/bad_17.png,bad_17.png,anomaly,True,0.15556561946868896,0.15556561946868896,0.07371337477372687,0.07371337477372687,0.07148411981761456,False,False,16000,False,,False,0.0,cpu,patch_nearest_normal,last2,14,0.05,False,,,0.00010954510798910633,0.00010222778946618,False,False
2026-08-14 00:58:45,metal_nut,monitor,C:/cira_batch_test/metal_nut/bad_18.png,bad_18.png,anomaly,True,0.12510395050048828,0.12510395050048828,0.07371337477372687,0.07371337477372687,0.07148411981761456,False,False,16000,False,,False,0.0,cpu,patch_nearest_normal,last2,14,0.05,False,,,9.905620390782133e-05,0.00010222778946618,False,True
2026-08-14 00:58:47,metal_nut,monitor,C:/cira_batch_test/metal_nut/bad_19.png,bad_19.png,anomaly,True,0.15874633193016052,0.15874633193016052,0.07371337477372687,0.07371337477372687,0.07148411981761456,False,False,16000,False,,False,0.0,cpu,patch_nearest_normal,last2,14,0.05,False,,,0.00012158053868915886,0.00010222778946618,False,False
2026-08-14 00:58:48,metal_nut,monitor,C:/cira_batch_test/metal_nut/bad_2.png,bad_2.png,anomaly,True,0.078916534781456,0.078916534781456,0.07371337477372687,0.07371337477372687,0.07148411981761456,False,False,16000,False,,False,0.0,cpu,patch_nearest_normal,last2,14,0.05,False,,,0.00011132282088510692,0.00010222778946618,False,False
2026-08-14 00:58:49,metal_nut,monitor,C:/cira_batch_test/metal_nut/bad_20.png,bad_20.png,anomaly,True,0.1626330316066742,0.1626330316066742,0.07371337477372687,0.07371337477372687,0.07148411981761456,False,False,16000,False,,False,0.0,cpu,patch_nearest_normal,last2,14,0.05,False,,,0.00011330185225233436,0.00010222778946618,False,False
2026-08-14 00:58:51,metal_nut,monitor,C:/cira_batch_test/metal_nut/bad_3.png,bad_3.png,anomaly,True,0.14994709193706512,0.14994709193706512,0.07371337477372687,0.07371337477372687,0.07148411981761456,False,False,16000,False,,False,0.0,cpu,patch_nearest_normal,last2,14,0.05,False,,,0.00010747842316050082,0.00010222778946618,False,False
2026-08-14 00:58:52,metal_nut,monitor,C:/cira_batch_test/metal_nut/bad_4.png,bad_4.png,anomaly,True,0.20023484528064728,0.20023484528064728,0.07371337477372687,0.07371337477372687,0.07148411981761456,False,False,16000,False,,False,0.0,cpu,patch_nearest_normal,last2,14,0.05,False,,,0.00011291613191133365,0.00010222778946618,False,False
2026-08-14 00:58:54,metal_nut,monitor,C:/cira_batch_test/metal_nut/bad_5.png,bad_5.png,anomaly,True,0.1522161066532135,0.1522161066532135,0.07371337477372687,0.07371337477372687,0.07148411981761456,False,False,16000,False,,False,0.0,cpu,patch_nearest_normal,last2,14,0.05,False,,,0.00011720661132130772,0.00010222778946618,False,False
2026-08-14 00:58:55,metal_nut,monitor,C:/cira_batch_test/metal_nut/bad_6.png,bad_6.png,anomaly,True,0.15751172602176666,0.15751172602176666,0.07371337477372687,0.07371337477372687,0.07148411981761456,False,False,16000,False,,False,0.0,cpu,patch_nearest_normal,last2,14,0.05,False,,,0.00014340190682560205,0.00010222778946618,False,False
2026-08-14 00:58:57,metal_nut,monitor,C:/cira_batch_test/metal_nut/bad_7.png,bad_7.png,anomaly,True,0.1473463475704193,0.1473463475704193,0.07371337477372687,0.07371337477372687,0.07148411981761456,False,False,16000,False,,False,0.0,cpu,patch_nearest_normal,last2,14,0.05,False,,,0.00011370058928150684,0.00010222778946618,False,False
2026-08-14 00:58:58,metal_nut,monitor,C:/cira_batch_test/metal_nut/bad_8.png,bad_8.png,anomaly,True,0.16784417629241943,0.16784417629241943,0.07371337477372687,0.07371337477372687,0.07148411981761456,False,False,16000,False,,False,0.0,cpu,patch_nearest_normal,last2,14,0.05,False,,,0.00012558524031192064,0.00010222778946618,False,False
2026-08-14 00:59:00,metal_nut,monitor,C:/cira_batch_test/metal_nut/bad_9.png,bad_9.png,anomaly,True,0.15985605120658875,0.15985605120658875,0.07371337477372687,0.07371337477372687,0.07148411981761456,False,False,16000,False,,False,0.0,cpu,patch_nearest_normal,last2,14,0.05,False,,,0.0001063497838913463,0.00010222778946618,False,False
2026-08-14 00:59:01,metal_nut,monitor,C:/cira_batch_test/metal_nut/good_1.png,good_1.png,normal,False,0.05869795009493828,2.384185791015625e-07,0.07371337477372687,0.07371337477372687,0.07148411981761456,False,True,16000,True,0.00011114683729829267,True,0.0029971373733133078,cpu,patch_nearest_normal,last2,14,0.05,False,,,8.27577241580002e-05,0.00010222778946618,True,True
2026-08-14 00:59:03,metal_nut,monitor,C:/cira_batch_test/metal_nut/good_10.png,good_10.png,anomaly,True,0.07407651096582413,0.07407651096582413,0.07371337477372687,0.07371337477372687,0.07148411981761456,False,False,16000,False,,False,0.0,cpu,patch_nearest_normal,last2,14,0.05,False,,,8.446620631730184e-05,0.00010222778946618,False,True
2026-08-14 00:59:04,metal_nut,monitor,C:/cira_batch_test/metal_nut/good_11.png,good_11.png,anomaly,True,0.07573851943016052,0.07573851943016052,0.07371337477372687,0.07371337477372687,0.07148411981761456,False,False,16000,False,,False,0.0,cpu,patch_nearest_normal,last2,14,0.05,False,,,9.330741158919409e-05,0.00010222778946618,False,True
2026-08-14 00:59:06,metal_nut,monitor,C:/cira_batch_test/metal_nut/good_12.png,good_12.png,normal,False,0.07003489881753922,2.8610230629055877e-07,0.07371337477372687,0.07371337477372687,0.07148411981761456,False,True,16000,True,0.00011326649837428704,True,0.0026912945322692394,cpu,patch_nearest_normal,last2,14,0.05,False,,,0.00010104881221195683,0.00010222778946618,True,True
2026-08-14 00:59:07,metal_nut,monitor,C:/cira_batch_test/metal_nut/good_13.png,good_13.png,normal,False,0.06872372329235077,3.397464638510428e-07,0.07371337477372687,0.07371337477372687,0.07148411981761456,False,True,16000,True,0.00010066622780868784,True,0.002550169825553894,cpu,patch_nearest_normal,last2,14,0.05,False,,,8.630267984699458e-05,0.00010222778946618,True,True
2026-08-14 00:59:09,metal_nut,monitor,C:/cira_batch_test/metal_nut/good_14.png,good_14.png,normal,False,0.07098207622766495,3.2782554626464844e-07,0.07371337477372687,0.07371337477372687,0.07148411981761456,False,True,16000,True,0.00010197592928307131,True,0.002513191197067499,cpu,patch_nearest_normal,last2,14,0.05,False,,,8.9062683400698e-05,0.00010222778946618,True,True
2026-08-14 00:59:11,metal_nut,monitor,C:/cira_batch_test/metal_nut/good_15.png,good_15.png,normal,False,0.05251052975654602,2.6226044269606064e-07,0.07371337477372687,0.07371337477372687,0.07148411981761456,False,True,16000,True,0.00011055936920456588,True,0.002502372721210122,cpu,patch_nearest_normal,last2,14,0.05,False,,,9.842930739978328e-05,0.00010222778946618,True,True
2026-08-14 00:59:12,metal_nut,monitor,C:/cira_batch_test/metal_nut/good_16.png,good_16.png,normal,False,0.07134833931922913,3.337860050578456e-07,0.07371337477372687,0.07371337477372687,0.07148411981761456,False,True,16000,True,0.00010804606426972896,True,0.002475717570632696,cpu,patch_nearest_normal,last2,14,0.05,False,,,9.03523905435577e-05,0.00010222778946618,True,True
2026-08-14 00:59:14,metal_nut,monitor,C:/cira_batch_test/metal_nut/good_17.png,good_17.png,anomaly,True,0.08642864227294922,0.08642864227294922,0.07371337477372687,0.07371337477372687,0.07148411981761456,False,False,16000,False,,False,0.0,cpu,patch_nearest_normal,last2,14,0.05,False,,,0.00010463428043294698,0.00010222778946618,False,False
2026-08-14 00:59:15,metal_nut,monitor,C:/cira_batch_test/metal_nut/good_18.png,good_18.png,normal,False,0.0611521378159523,0.0611521378159523,0.07371337477372687,0.07371337477372687,0.07148411981761456,False,False,16000,False,,False,0.0,cpu,patch_nearest_normal,last2,14,0.05,False,,,0.00010989861038979143,0.00010222778946618,True,False
2026-08-14 00:59:17,metal_nut,monitor,C:/cira_batch_test/metal_nut/good_19.png,good_19.png,normal,False,0.05371379852294922,0.05371379852294922,0.07371337477372687,0.07371337477372687,0.07148411981761456,False,False,16000,False,,False,0.0,cpu,patch_nearest_normal,last2,14,0.05,False,,,0.00010471386485733092,0.00010222778946618,True,False
2026-08-14 00:59:18,metal_nut,monitor,C:/cira_batch_test/metal_nut/good_2.png,good_2.png,normal,False,0.06037181615829468,2.9206276508375595e-07,0.07371337477372687,0.07371337477372687,0.07148411981761456,False,True,16000,True,0.00011034073395421728,True,0.002465418539941311,cpu,patch_nearest_normal,last2,14,0.05,False,,,9.539900202071294e-05,0.00010222778946618,True,True
2026-08-14 00:59:20,metal_nut,monitor,C:/cira_batch_test/metal_nut/good_20.png,good_20.png,normal,False,0.060520678758621216,2.682209014892578e-07,0.07371337477372687,0.07371337477372687,0.07148411981761456,False,True,16000,True,0.00011464931594673544,True,0.00246286834590137,cpu,patch_nearest_normal,last2,14,0.05,False,,,9.734723425935954e-05,0.00010222778946618,True,True
2026-08-14 00:59:22,metal_nut,monitor,C:/cira_batch_test/metal_nut/good_3.png,good_3.png,normal,False,0.0621131956577301,2.5033949668795685e-07,0.07371337477372687,0.07371337477372687,0.07148411981761456,False,True,16000,True,0.00010784035839606076,True,0.0024629386607557535,cpu,patch_nearest_normal,last2,14,0.05,False,,,9.875632531475276e-05,0.00010222778946618,True,True
2026-08-14 00:59:23,metal_nut,monitor,C:/cira_batch_test/metal_nut/good_4.png,good_4.png,normal,False,0.06053294613957405,3.039836826701503e-07,0.07371337477372687,0.07371337477372687,0.07148411981761456,False,True,16000,True,0.00010540570656303316,True,0.002459787530824542,cpu,patch_nearest_normal,last2,14,0.05,True,C:\cira_ttl_checkpoints\metal_nut\patch_memory_bank_update_10.pt,C:\cira_ttl_checkpoints\metal_nut\patch_adapter_update_10.pt,9.255688928533345e-05,0.00010222778946618,True,True
2026-08-14 00:59:25,metal_nut,monitor,C:/cira_batch_test/metal_nut/good_5.png,good_5.png,normal,False,0.05931498855352402,2.9206276508375595e-07,0.07371337477372687,0.07371337477372687,0.07148411981761456,False,True,16000,True,0.00010849411773961037,True,0.0024671917781233788,cpu,patch_nearest_normal,last2,14,0.05,False,,,8.575106767239049e-05,0.00010222778946618,True,True
2026-08-14 00:59:27,metal_nut,monitor,C:/cira_batch_test/metal_nut/good_6.png,good_6.png,normal,False,0.06852540373802185,2.3245812030836532e-07,0.07371337477372687,0.07371337477372687,0.07148411981761456,False,True,16000,True,0.00011788171832449734,True,0.0024764069821685553,cpu,patch_nearest_normal,last2,14,0.05,False,,,0.00010110605217050761,0.00010222778946618,True,True
2026-08-14 00:59:28,metal_nut,monitor,C:/cira_batch_test/metal_nut/good_7.png,good_7.png,normal,False,0.06063458323478699,3.039836826701503e-07,0.07371337477372687,0.07371337477372687,0.07148411981761456,False,True,16000,True,0.00010750209185061976,True,0.002462605480104685,cpu,patch_nearest_normal,last2,14,0.05,False,,,0.00010056883184006438,0.00010222778946618,True,True
2026-08-14 00:59:30,metal_nut,monitor,C:/cira_batch_test/metal_nut/good_8.png,good_8.png,anomaly,True,0.07492168247699738,0.07492168247699738,0.07371337477372687,0.07371337477372687,0.07148411981761456,False,False,16000,False,,False,0.0,cpu,patch_nearest_normal,last2,14,0.05,False,,,9.44820640143007e-05,0.00010222778946618,False,True
2026-08-14 00:59:31,metal_nut,monitor,C:/cira_batch_test/metal_nut/good_9.png,good_9.png,anomaly,True,0.07402406632900238,0.07402406632900238,0.07371337477372687,0.07371337477372687,0.07148411981761456,False,False,16000,False,,False,0.0,cpu,patch_nearest_normal,last2,14,0.05,False,,,9.779964602785185e-05,0.00010222778946618,False,True
2026-08-14 00:59:33,pill,monitor,C:/cira_batch_test/pill/bad_1.png,bad_1.png,anomaly,True,0.08221174031496048,0.08221174031496048,0.058818249737604744,0.058818249737604744,0.053925617597997196,False,False,16000,False,,False,0.0,cpu,patch_nearest_normal,last2,14,0.05,False,,,0.00014852103777229786,0.00015804108188598499,False,True
2026-08-14 00:59:35,pill,monitor,C:/cira_batch_test/pill/bad_10.png,bad_10.png,normal,False,0.046015601605176926,3.397464638510428e-07,0.058818249737604744,0.058818249737604744,0.053925617597997196,False,True,16000,True,0.000163389413501136,True,0.0029974912758916616,cpu,patch_nearest_normal,last2,14,0.05,False,,,0.00015059868746902794,0.00015804108188598499,True,True
2026-08-14 00:59:36,pill,monitor,C:/cira_batch_test/pill/bad_11.png,bad_11.png,anomaly,True,0.09639029204845428,0.09639029204845428,0.058818249737604744,0.058818249737604744,0.053925617597997196,False,False,16000,False,,False,0.0,cpu,patch_nearest_normal,last2,14,0.05,False,,,0.00015129540406633168,0.00015804108188598499,False,True
2026-08-14 00:59:37,pill,monitor,C:/cira_batch_test/pill/bad_12.png,bad_12.png,anomaly,True,0.12159135192632675,0.12159135192632675,0.058818249737604744,0.058818249737604744,0.053925617597997196,False,False,16000,False,,False,0.0,cpu,patch_nearest_normal,last2,14,0.05,False,,,0.00017048296285793185,0.00015804108188598499,False,False
2026-08-14 00:59:39,pill,monitor,C:/cira_batch_test/pill/bad_13.png,bad_13.png,normal,False,0.05826345086097717,0.05826345086097717,0.058818249737604744,0.058818249737604744,0.053925617597997196,False,False,16000,False,,False,0.0,cpu,patch_nearest_normal,last2,14,0.05,False,,,0.00017339394253212959,0.00015804108188598499,False,False
2026-08-14 00:59:40,pill,monitor,C:/cira_batch_test/pill/bad_14.png,bad_14.png,anomaly,True,0.06950410455465317,0.06950410455465317,0.058818249737604744,0.058818249737604744,0.053925617597997196,False,False,16000,False,,False,0.0,cpu,patch_nearest_normal,last2,14,0.05,False,,,0.00016419672465417534,0.00015804108188598499,False,False
2026-08-14 00:59:42,pill,monitor,C:/cira_batch_test/pill/bad_15.png,bad_15.png,anomaly,True,0.07384390383958817,0.07384390383958817,0.058818249737604744,0.058818249737604744,0.053925617597997196,False,False,16000,False,,False,0.0,cpu,patch_nearest_normal,last2,14,0.05,False,,,0.0001401536719640717,0.00015804108188598499,False,True
2026-08-14 00:59:43,pill,monitor,C:/cira_batch_test/pill/bad_16.png,bad_16.png,anomaly,True,0.07492922246456146,0.07492922246456146,0.058818249737604744,0.058818249737604744,0.053925617597997196,False,False,16000,False,,False,0.0,cpu,patch_nearest_normal,last2,14,0.05,False,,,0.00014126983296591789,0.00015804108188598499,False,True
2026-08-14 00:59:45,pill,monitor,C:/cira_batch_test/pill/bad_17.png,bad_17.png,anomaly,True,0.07883339375257492,0.07883339375257492,0.058818249737604744,0.058818249737604744,0.053925617597997196,False,False,16000,False,,False,0.0,cpu,patch_nearest_normal,last2,14,0.05,False,,,0.00015856655954848975,0.00015804108188598499,False,False
2026-08-14 00:59:46,pill,monitor,C:/cira_batch_test/pill/bad_18.png,bad_18.png,normal,False,0.05527501553297043,0.05527501553297043,0.058818249737604744,0.058818249737604744,0.053925617597997196,False,False,16000,False,,False,0.0,cpu,patch_nearest_normal,last2,14,0.05,False,,,0.0001402951020281762,0.00015804108188598499,False,True
2026-08-14 00:59:48,pill,monitor,C:/cira_batch_test/pill/bad_19.png,bad_19.png,anomaly,True,0.06614460051059723,0.06614460051059723,0.058818249737604744,0.058818249737604744,0.053925617597997196,False,False,16000,False,,False,0.0,cpu,patch_nearest_normal,last2,14,0.05,False,,,0.0001469754206482321,0.00015804108188598499,False,True
2026-08-14 00:59:49,pill,monitor,C:/cira_batch_test/pill/bad_2.png,bad_2.png,anomaly,True,0.07583992183208466,0.07583992183208466,0.058818249737604744,0.058818249737604744,0.053925617597997196,False,False,16000,False,,False,0.0,cpu,patch_nearest_normal,last2,14,0.05,False,,,0.00014220873708836734,0.00015804108188598499,False,True
2026-08-14 00:59:51,pill,monitor,C:/cira_batch_test/pill/bad_20.png,bad_20.png,anomaly,True,0.06298524141311646,0.06298524141311646,0.058818249737604744,0.058818249737604744,0.053925617597997196,False,False,16000,False,,False,0.0,cpu,patch_nearest_normal,last2,14,0.05,False,,,0.00013640834367834032,0.00015804108188598499,False,True
2026-08-14 00:59:52,pill,monitor,C:/cira_batch_test/pill/bad_3.png,bad_3.png,anomaly,True,0.0683763325214386,0.0683763325214386,0.058818249737604744,0.058818249737604744,0.053925617597997196,False,False,16000,False,,False,0.0,cpu,patch_nearest_normal,last2,14,0.05,False,,,0.0001552581088617444,0.00015804108188598499,False,True
2026-08-14 00:59:53,pill,monitor,C:/cira_batch_test/pill/bad_4.png,bad_4.png,anomaly,True,0.06933046877384186,0.06933046877384186,0.058818249737604744,0.058818249737604744,0.053925617597997196,False,False,16000,False,,False,0.0,cpu,patch_nearest_normal,last2,14,0.05,False,,,0.00017049102461896837,0.00015804108188598499,False,False
2026-08-14 00:59:55,pill,monitor,C:/cira_batch_test/pill/bad_5.png,bad_5.png,anomaly,True,0.18783023953437805,0.18783023953437805,0.058818249737604744,0.058818249737604744,0.053925617597997196,False,False,16000,False,,False,0.0,cpu,patch_nearest_normal,last2,14,0.05,False,,,0.00013601961836684495,0.00015804108188598499,False,True
2026-08-14 00:59:56,pill,monitor,C:/cira_batch_test/pill/bad_6.png,bad_6.png,anomaly,True,0.07831312716007233,0.07831312716007233,0.058818249737604744,0.058818249737604744,0.053925617597997196,False,False,16000,False,,False,0.0,cpu,patch_nearest_normal,last2,14,0.05,False,,,0.0001618138194316998,0.00015804108188598499,False,False
2026-08-14 00:59:58,pill,monitor,C:/cira_batch_test/pill/bad_7.png,bad_7.png,anomaly,True,0.07237764447927475,0.07237764447927475,0.058818249737604744,0.058818249737604744,0.053925617597997196,False,False,16000,False,,False,0.0,cpu,patch_nearest_normal,last2,14,0.05,False,,,0.00015253522724378854,0.00015804108188598499,False,True
2026-08-14 00:59:59,pill,monitor,C:/cira_batch_test/pill/bad_8.png,bad_8.png,anomaly,True,0.11691223084926605,0.11691223084926605,0.058818249737604744,0.058818249737604744,0.053925617597997196,False,False,16000,False,,False,0.0,cpu,patch_nearest_normal,last2,14,0.05,False,,,0.00015303411055356264,0.00015804108188598499,False,True
2026-08-14 01:00:01,pill,monitor,C:/cira_batch_test/pill/bad_9.png,bad_9.png,anomaly,True,0.061541903764009476,0.061541903764009476,0.058818249737604744,0.058818249737604744,0.053925617597997196,False,False,16000,False,,False,0.0,cpu,patch_nearest_normal,last2,14,0.05,False,,,0.00013949981075711548,0.00015804108188598499,False,True
2026-08-14 01:00:03,pill,monitor,C:/cira_batch_test/pill/good_1.png,good_1.png,normal,False,0.04718703776597977,2.980232238769531e-07,0.058818249737604744,0.058818249737604744,0.053925617597997196,False,True,16000,True,0.0001620928233023733,True,0.0027604661881923676,cpu,patch_nearest_normal,last2,14,0.05,False,,,0.00014845786790829152,0.00015804108188598499,True,True
2026-08-14 01:00:04,pill,monitor,C:/cira_batch_test/pill/good_10.png,good_10.png,normal,False,0.04481777548789978,3.397464638510428e-07,0.058818249737604744,0.058818249737604744,0.053925617597997196,False,True,16000,True,0.0001416258601238951,True,0.0026799486950039864,cpu,patch_nearest_normal,last2,14,0.05,False,,,0.00012954794510733336,0.00015804108188598499,True,True
2026-08-14 01:00:06,pill,monitor,C:/cira_batch_test/pill/good_11.png,good_11.png,normal,False,0.048994988203048706,2.9206276508375595e-07,0.058818249737604744,0.058818249737604744,0.053925617597997196,False,True,16000,True,0.00014054214989300817,True,0.002600940642878413,cpu,patch_nearest_normal,last2,14,0.05,False,,,0.00011991983046755195,0.00015804108188598499,True,True
2026-08-14 01:00:08,pill,monitor,C:/cira_batch_test/pill/good_12.png,good_12.png,normal,False,0.053230177611112595,2.9206276508375595e-07,0.058818249737604744,0.058818249737604744,0.053925617597997196,False,True,16000,True,0.00015045693726278841,True,0.0026099260430783033,cpu,patch_nearest_normal,last2,14,0.05,False,,,0.00012946630886290222,0.00015804108188598499,True,True
2026-08-14 01:00:09,pill,monitor,C:/cira_batch_test/pill/good_13.png,good_13.png,normal,False,0.05715874955058098,0.05715874955058098,0.058818249737604744,0.058818249737604744,0.053925617597997196,False,False,16000,False,,False,0.0,cpu,patch_nearest_normal,last2,14,0.05,False,,,0.00014250112872105092,0.00015804108188598499,False,True
2026-08-14 01:00:11,pill,monitor,C:/cira_batch_test/pill/good_14.png,good_14.png,normal,False,0.04619879275560379,2.5629998390286346e-07,0.058818249737604744,0.058818249737604744,0.053925617597997196,False,True,16000,True,0.00012362551933620125,True,0.0025858560111373663,cpu,patch_nearest_normal,last2,14,0.05,False,,,0.00012538090231828392,0.00015804108188598499,True,True
2026-08-14 01:00:12,pill,monitor,C:/cira_batch_test/pill/good_15.png,good_15.png,normal,False,0.05010858178138733,3.039836826701503e-07,0.058818249737604744,0.058818249737604744,0.053925617597997196,False,True,16000,True,0.0001493300951551646,True,0.002570995595306158,cpu,patch_nearest_normal,last2,14,0.05,False,,,0.00013878766912966967,0.00015804108188598499,True,True
2026-08-14 01:00:14,pill,monitor,C:/cira_batch_test/pill/good_16.png,good_16.png,normal,False,0.048823993653059006,3.457069510659494e-07,0.058818249737604744,0.058818249737604744,0.053925617597997196,False,True,16000,True,0.00015301124949473888,True,0.0025565915275365114,cpu,patch_nearest_normal,last2,14,0.05,False,,,0.00014823167293798178,0.00015804108188598499,True,True
2026-08-14 01:00:16,pill,monitor,C:/cira_batch_test/pill/good_17.png,good_17.png,normal,False,0.05455239862203598,0.05455239862203598,0.058818249737604744,0.058818249737604744,0.053925617597997196,False,False,16000,False,,False,0.0,cpu,patch_nearest_normal,last2,14,0.05,False,,,0.00015658809570595622,0.00015804108188598499,False,True
2026-08-14 01:00:17,pill,monitor,C:/cira_batch_test/pill/good_18.png,good_18.png,normal,False,0.04861270636320114,0.04861270636320114,0.058818249737604744,0.058818249737604744,0.053925617597997196,False,False,16000,False,,False,0.0,cpu,patch_nearest_normal,last2,14,0.05,False,,,0.00016213759954553097,0.00015804108188598499,True,False
2026-08-14 01:00:19,pill,monitor,C:/cira_batch_test/pill/good_19.png,good_19.png,normal,False,0.05809996277093887,0.05809996277093887,0.058818249737604744,0.058818249737604744,0.053925617597997196,False,False,16000,False,,False,0.0,cpu,patch_nearest_normal,last2,14,0.05,False,,,0.00014967808965593576,0.00015804108188598499,False,True
2026-08-14 01:00:20,pill,monitor,C:/cira_batch_test/pill/good_2.png,good_2.png,normal,False,0.04533534124493599,3.039836826701503e-07,0.058818249737604744,0.058818249737604744,0.053925617597997196,False,True,16000,True,0.00015115966380108148,True,0.0025637787766754627,cpu,patch_nearest_normal,last2,14,0.05,False,,,0.000140342308441177,0.00015804108188598499,True,True
2026-08-14 01:00:22,pill,monitor,C:/cira_batch_test/pill/good_20.png,good_20.png,normal,False,0.05071932077407837,3.099441414633475e-07,0.058818249737604744,0.058818249737604744,0.053925617597997196,False,True,16000,True,0.00014887991710565984,True,0.002553468570113182,cpu,patch_nearest_normal,last2,14,0.05,True,C:\cira_ttl_checkpoints\pill\patch_memory_bank_update_10.pt,C:\cira_ttl_checkpoints\pill\patch_adapter_update_10.pt,0.00012683738896157593,0.00015804108188598499,True,True
2026-08-14 01:00:24,pill,monitor,C:/cira_batch_test/pill/good_3.png,good_3.png,normal,False,0.04145796224474907,3.5762786865234375e-07,0.058818249737604744,0.058818249737604744,0.053925617597997196,False,True,16000,True,0.0001431802666047588,True,0.0025520764756947756,cpu,patch_nearest_normal,last2,14,0.05,False,,,0.0001273244124604389,0.00015804108188598499,True,True
2026-08-14 01:00:25,pill,monitor,C:/cira_batch_test/pill/good_4.png,good_4.png,normal,False,0.047337718307971954,0.047337718307971954,0.058818249737604744,0.058818249737604744,0.053925617597997196,False,False,16000,False,,False,0.0,cpu,patch_nearest_normal,last2,14,0.05,False,,,0.00016227322339545935,0.00015804108188598499,True,False
2026-08-14 01:00:27,pill,monitor,C:/cira_batch_test/pill/good_5.png,good_5.png,normal,False,0.039052389562129974,3.099441414633475e-07,0.058818249737604744,0.058818249737604744,0.053925617597997196,False,True,16000,True,0.00014028024452272803,True,0.0025593885220587254,cpu,patch_nearest_normal,last2,14,0.05,False,,,0.0001429918920621276,0.00015804108188598499,True,True
2026-08-14 01:00:28,pill,monitor,C:/cira_batch_test/pill/good_6.png,good_6.png,normal,False,0.04564427211880684,2.5629998390286346e-07,0.058818249737604744,0.058818249737604744,0.053925617597997196,False,True,16000,True,0.00014809228014200926,True,0.00255809654481709,cpu,patch_nearest_normal,last2,14,0.05,False,,,0.00014659545558970422,0.00015804108188598499,True,True
2026-08-14 01:00:30,pill,monitor,C:/cira_batch_test/pill/good_7.png,good_7.png,normal,False,0.045854102820158005,3.039836826701503e-07,0.058818249737604744,0.058818249737604744,0.053925617597997196,False,True,16000,True,0.00016630113532301039,True,0.00257483939640224,cpu,patch_nearest_normal,last2,14,0.05,False,,,0.00015526691277045757,0.00015804108188598499,True,True
2026-08-14 01:00:32,pill,monitor,C:/cira_batch_test/pill/good_8.png,good_8.png,anomaly,True,0.0613212063908577,0.0613212063908577,0.058818249737604744,0.058818249737604744,0.053925617597997196,False,False,16000,False,,False,0.0,cpu,patch_nearest_normal,last2,14,0.05,False,,,0.00012689162394963205,0.00015804108188598499,False,True
2026-08-14 01:00:33,pill,monitor,C:/cira_batch_test/pill/good_9.png,good_9.png,normal,False,0.047262124717235565,3.039836826701503e-07,0.058818249737604744,0.058818249737604744,0.053925617597997196,False,True,16000,True,0.00014474584895651788,True,0.002570654032751918,cpu,patch_nearest_normal,last2,14,0.05,False,,,0.0001390171964885667,0.00015804108188598499,True,True
2026-08-14 01:00:35,screw,monitor,C:/cira_batch_test/screw/bad_1.png,bad_1.png,anomaly,True,0.07485143095254898,0.07485143095254898,0.06300562225380257,0.06300562225380257,0.06140167154371739,False,False,16000,False,,False,0.0,cpu,patch_nearest_normal,last2,14,0.05,False,,,0.00012364215217530727,0.00012727336943498,False,True
2026-08-14 01:00:36,screw,monitor,C:/cira_batch_test/screw/bad_10.png,bad_10.png,anomaly,True,0.06733480095863342,0.06733480095863342,0.06300562225380257,0.06300562225380257,0.06140167154371739,False,False,16000,False,,False,0.0,cpu,patch_nearest_normal,last2,14,0.05,False,,,9.839553240453824e-05,0.00012727336943498,False,True
2026-08-14 01:00:38,screw,monitor,C:/cira_batch_test/screw/bad_11.png,bad_11.png,anomaly,True,0.06845852732658386,0.06845852732658386,0.06300562225380257,0.06300562225380257,0.06140167154371739,False,False,16000,False,,False,0.0,cpu,patch_nearest_normal,last2,14,0.05,False,,,0.000110655149910599,0.00012727336943498,False,True
2026-08-14 01:00:39,screw,monitor,C:/cira_batch_test/screw/bad_12.png,bad_12.png,anomaly,True,0.0718311071395874,0.0718311071395874,0.06300562225380257,0.06300562225380257,0.06140167154371739,False,False,16000,False,,False,0.0,cpu,patch_nearest_normal,last2,14,0.05,False,,,0.00012410340423230082,0.00012727336943498,False,True
2026-08-14 01:00:41,screw,monitor,C:/cira_batch_test/screw/bad_13.png,bad_13.png,anomaly,True,0.08261307328939438,0.08261307328939438,0.06300562225380257,0.06300562225380257,0.06140167154371739,False,False,16000,False,,False,0.0,cpu,patch_nearest_normal,last2,14,0.05,False,,,9.070192027138546e-05,0.00012727336943498,False,True
2026-08-14 01:00:42,screw,monitor,C:/cira_batch_test/screw/bad_14.png,bad_14.png,anomaly,True,0.07650182396173477,0.07650182396173477,0.06300562225380257,0.06300562225380257,0.06140167154371739,False,False,16000,False,,False,0.0,cpu,patch_nearest_normal,last2,14,0.05,False,,,0.00011072383495047688,0.00012727336943498,False,True
2026-08-14 01:00:44,screw,monitor,C:/cira_batch_test/screw/bad_15.png,bad_15.png,anomaly,True,0.08340131491422653,0.08340131491422653,0.06300562225380257,0.06300562225380257,0.06140167154371739,False,False,16000,False,,False,0.0,cpu,patch_nearest_normal,last2,14,0.05,False,,,9.320801473222673e-05,0.00012727336943498,False,True
2026-08-14 01:00:45,screw,monitor,C:/cira_batch_test/screw/bad_16.png,bad_16.png,anomaly,True,0.06388070434331894,0.06388070434331894,0.06300562225380257,0.06300562225380257,0.06140167154371739,False,False,16000,False,,False,0.0,cpu,patch_nearest_normal,last2,14,0.05,False,,,0.00010625376307871193,0.00012727336943498,False,True
2026-08-14 01:00:47,screw,monitor,C:/cira_batch_test/screw/bad_17.png,bad_17.png,anomaly,True,0.06555953621864319,0.06555953621864319,0.06300562225380257,0.06300562225380257,0.06140167154371739,False,False,16000,False,,False,0.0,cpu,patch_nearest_normal,last2,14,0.05,False,,,9.200337808579206e-05,0.00012727336943498,False,True
2026-08-14 01:00:48,screw,monitor,C:/cira_batch_test/screw/bad_18.png,bad_18.png,normal,False,0.06169591099023819,0.06169591099023819,0.06300562225380257,0.06300562225380257,0.06140167154371739,False,False,16000,False,,False,0.0,cpu,patch_nearest_normal,last2,14,0.05,False,,,0.00011835151963168755,0.00012727336943498,False,True
2026-08-14 01:00:50,screw,monitor,C:/cira_batch_test/screw/bad_19.png,bad_19.png,anomaly,True,0.06777573376893997,0.06777573376893997,0.06300562225380257,0.06300562225380257,0.06140167154371739,False,False,16000,False,,False,0.0,cpu,patch_nearest_normal,last2,14,0.05,False,,,9.128836973104626e-05,0.00012727336943498,False,True
2026-08-14 01:00:51,screw,monitor,C:/cira_batch_test/screw/bad_2.png,bad_2.png,anomaly,True,0.06379614770412445,0.06379614770412445,0.06300562225380257,0.06300562225380257,0.06140167154371739,False,False,16000,False,,False,0.0,cpu,patch_nearest_normal,last2,14,0.05,False,,,0.00010373089753556997,0.00012727336943498,False,True
2026-08-14 01:00:53,screw,monitor,C:/cira_batch_test/screw/bad_20.png,bad_20.png,anomaly,True,0.06558404117822647,0.06558404117822647,0.06300562225380257,0.06300562225380257,0.06140167154371739,False,False,16000,False,,False,0.0,cpu,patch_nearest_normal,last2,14,0.05,False,,,0.00014762395585421473,0.00012727336943498,False,False
2026-08-14 01:00:54,screw,monitor,C:/cira_batch_test/screw/bad_3.png,bad_3.png,anomaly,True,0.07039625942707062,0.07039625942707062,0.06300562225380257,0.06300562225380257,0.06140167154371739,False,False,16000,False,,False,0.0,cpu,patch_nearest_normal,last2,14,0.05,False,,,0.00011604786413954571,0.00012727336943498,False,True
2026-08-14 01:00:56,screw,monitor,C:/cira_batch_test/screw/bad_4.png,bad_4.png,normal,False,0.05716509371995926,3.159046286782541e-07,0.06300562225380257,0.06300562225380257,0.06140167154371739,False,True,16000,True,0.00010021474008681253,True,0.0030259585473686457,cpu,patch_nearest_normal,last2,14,0.05,False,,,8.597101259510964e-05,0.00012727336943498,True,True
2026-08-14 01:00:58,screw,monitor,C:/cira_batch_test/screw/bad_5.png,bad_5.png,anomaly,True,0.10252256691455841,0.10252256691455841,0.06300562225380257,0.06300562225380257,0.06140167154371739,False,False,16000,False,,False,0.0,cpu,patch_nearest_normal,last2,14,0.05,False,,,0.00011541660933289677,0.00012727336943498,False,True
2026-08-14 01:00:59,screw,monitor,C:/cira_batch_test/screw/bad_6.png,bad_6.png,anomaly,True,0.06739788502454758,0.06739788502454758,0.06300562225380257,0.06300562225380257,0.06140167154371739,False,False,16000,False,,False,0.0,cpu,patch_nearest_normal,last2,14,0.05,False,,,0.0001140405802289024,0.00012727336943498,False,True
2026-08-14 01:01:01,screw,monitor,C:/cira_batch_test/screw/bad_7.png,bad_7.png,anomaly,True,0.08285335451364517,0.08285335451364517,0.06300562225380257,0.06300562225380257,0.06140167154371739,False,False,16000,False,,False,0.0,cpu,patch_nearest_normal,last2,14,0.05,False,,,0.00013106787810102105,0.00012727336943498,False,False
2026-08-14 01:01:02,screw,monitor,C:/cira_batch_test/screw/bad_8.png,bad_8.png,anomaly,True,0.07156576216220856,0.07156576216220856,0.06300562225380257,0.06300562225380257,0.06140167154371739,False,False,16000,False,,False,0.0,cpu,patch_nearest_normal,last2,14,0.05,False,,,0.00013540664804168046,0.00012727336943498,False,False
2026-08-14 01:01:04,screw,monitor,C:/cira_batch_test/screw/bad_9.png,bad_9.png,anomaly,True,0.06729213893413544,0.06729213893413544,0.06300562225380257,0.06300562225380257,0.06140167154371739,False,False,16000,False,,False,0.0,cpu,patch_nearest_normal,last2,14,0.05,False,,,0.00011977856775047258,0.00012727336943498,False,True
2026-08-14 01:01:05,screw,monitor,C:/cira_batch_test/screw/good_1.png,good_1.png,normal,False,0.053914714604616165,3.2186508747145126e-07,0.06300562225380257,0.06300562225380257,0.06140167154371739,False,True,16000,True,0.0001355581625830382,True,0.00272044213488698,cpu,patch_nearest_normal,last2,14,0.05,False,,,0.00011272297706454992,0.00012727336943498,True,True
2026-08-14 01:01:07,screw,monitor,C:/cira_batch_test/screw/good_10.png,good_10.png,normal,False,0.04530075192451477,3.2186508747145126e-07,0.06300562225380257,0.06300562225380257,0.06140167154371739,False,True,16000,True,0.00012406300811562687,True,0.002638153498992324,cpu,patch_nearest_normal,last2,14,0.05,False,,,0.00010954496246995404,0.00012727336943498,True,True
2026-08-14 01:01:09,screw,monitor,C:/cira_batch_test/screw/good_11.png,good_11.png,normal,False,0.05027664452791214,2.980232238769531e-07,0.06300562225380257,0.06300562225380257,0.06140167154371739,False,True,16000,True,0.00011104116856586188,True,0.002526377560570836,cpu,patch_nearest_normal,last2,14,0.05,False,,,0.00010609542368911207,0.00012727336943498,True,True
2026-08-14 01:01:11,screw,monitor,C:/cira_batch_test/screw/good_12.png,good_12.png,normal,False,0.05959378555417061,3.5762786865234375e-07,0.06300562225380257,0.06300562225380257,0.06140167154371739,False,True,16000,True,0.00012032884114887565,True,0.002466307720169425,cpu,patch_nearest_normal,last2,14,0.05,False,,,0.00010540462972130626,0.00012727336943498,True,True
2026-08-14 01:01:12,screw,monitor,C:/cira_batch_test/screw/good_13.png,good_13.png,normal,False,0.05803992226719856,3.337860050578456e-07,0.06300562225380257,0.06300562225380257,0.06140167154371739,False,True,16000,True,0.00012169180263299495,True,0.00246303784660995,cpu,patch_nearest_normal,last2,14,0.05,False,,,0.00011127680045319721,0.00012727336943498,True,True
2026-08-14 01:01:14,screw,monitor,C:/cira_batch_test/screw/good_14.png,good_14.png,normal,False,0.05463501065969467,3.516674098591466e-07,0.06300562225380257,0.06300562225380257,0.06140167154371739,False,True,16000,True,0.00011493498459458351,True,0.0024601418990641832,cpu,patch_nearest_normal,last2,14,0.05,False,,,0.00011308531247777864,0.00012727336943498,True,True
2026-08-14 01:01:16,screw,monitor,C:/cira_batch_test/screw/good_15.png,good_15.png,normal,False,0.049791544675827026,2.8610230629055877e-07,0.06300562225380257,0.06300562225380257,0.06140167154371739,False,True,16000,True,0.00011289205576758832,True,0.002425862243399024,cpu,patch_nearest_normal,last2,14,0.05,False,,,0.00010270390339428559,0.00012727336943498,True,True
2026-08-14 01:01:17,screw,monitor,C:/cira_batch_test/screw/good_16.png,good_16.png,normal,False,0.061679255217313766,0.061679255217313766,0.06300562225380257,0.06300562225380257,0.06140167154371739,False,False,16000,False,,False,0.0,cpu,patch_nearest_normal,last2,14,0.05,False,,,0.00011836823978228495,0.00012727336943498,False,True
2026-08-14 01:01:19,screw,monitor,C:/cira_batch_test/screw/good_17.png,good_17.png,normal,False,0.05766274780035019,3.814697322468419e-07,0.06300562225380257,0.06300562225380257,0.06140167154371739,False,True,16000,True,0.00012411428906489164,True,0.0024226047098636627,cpu,patch_nearest_normal,last2,14,0.05,False,,,0.00010853524145204574,0.00012727336943498,True,True
2026-08-14 01:01:20,screw,monitor,C:/cira_batch_test/screw/good_18.png,good_18.png,anomaly,True,0.06581038236618042,0.06581038236618042,0.06300562225380257,0.06300562225380257,0.06140167154371739,False,False,16000,False,,False,0.0,cpu,patch_nearest_normal,last2,14,0.05,False,,,0.0001108206924982369,0.00012727336943498,False,True
2026-08-14 01:01:22,screw,monitor,C:/cira_batch_test/screw/good_19.png,good_19.png,normal,False,0.048777204006910324,3.337860050578456e-07,0.06300562225380257,0.06300562225380257,0.06140167154371739,False,True,16000,True,0.00010241777636110783,True,0.002406621351838112,cpu,patch_nearest_normal,last2,14,0.05,True,C:\cira_ttl_checkpoints\screw\patch_memory_bank_update_10.pt,C:\cira_ttl_checkpoints\screw\patch_adapter_update_10.pt,9.434592357138172e-05,0.00012727336943498,True,True
2026-08-14 01:01:24,screw,monitor,C:/cira_batch_test/screw/good_2.png,good_2.png,normal,False,0.06275735050439835,0.06275735050439835,0.06300562225380257,0.06300562225380257,0.06140167154371739,False,False,16000,False,,False,0.0,cpu,patch_nearest_normal,last2,14,0.05,False,,,0.00011713021376635879,0.00012727336943498,False,True
2026-08-14 01:01:25,screw,monitor,C:/cira_batch_test/screw/good_20.png,good_20.png,anomaly,True,0.06895475834608078,0.06895475834608078,0.06300562225380257,0.06300562225380257,0.06140167154371739,False,False,16000,False,,False,0.0,cpu,patch_nearest_normal,last2,14,0.05,False,,,9.748472803039476e-05,0.00012727336943498,False,True
2026-08-14 01:01:27,screw,monitor,C:/cira_batch_test/screw/good_3.png,good_3.png,anomaly,True,0.06536372005939484,0.06536372005939484,0.06300562225380257,0.06300562225380257,0.06140167154371739,False,False,16000,False,,False,0.0,cpu,patch_nearest_normal,last2,14,0.05,False,,,0.0001009216284728609,0.00012727336943498,False,True
2026-08-14 01:01:28,screw,monitor,C:/cira_batch_test/screw/good_4.png,good_4.png,normal,False,0.04154858738183975,2.682209014892578e-07,0.06300562225380257,0.06300562225380257,0.06140167154371739,False,True,16000,True,0.00012586287630256265,True,0.0024225465022027493,cpu,patch_nearest_normal,last2,14,0.05,False,,,0.00012047196651110426,0.00012727336943498,True,True
2026-08-14 01:01:30,screw,monitor,C:/cira_batch_test/screw/good_5.png,good_5.png,normal,False,0.04451243206858635,2.6226044269606064e-07,0.06300562225380257,0.06300562225380257,0.06140167154371739,False,True,16000,True,0.00010867631499422714,True,0.0024289244320243597,cpu,patch_nearest_normal,last2,14,0.05,False,,,0.00010622627451084554,0.00012727336943498,True,True
2026-08-14 01:01:32,screw,monitor,C:/cira_batch_test/screw/good_6.png,good_6.png,anomaly,True,0.07928706705570221,0.07928706705570221,0.06300562225380257,0.06300562225380257,0.06140167154371739,False,False,16000,False,,False,0.0,cpu,patch_nearest_normal,last2,14,0.05,False,,,0.00011729839752661064,0.00012727336943498,False,True
2026-08-14 01:01:33,screw,monitor,C:/cira_batch_test/screw/good_7.png,good_7.png,normal,False,0.04463650658726692,3.039836826701503e-07,0.06300562225380257,0.06300562225380257,0.06140167154371739,False,True,16000,True,0.00010933321755146608,True,0.0023992639034986496,cpu,patch_nearest_normal,last2,14,0.05,False,,,0.00010554938489804044,0.00012727336943498,True,True
2026-08-14 01:01:35,screw,monitor,C:/cira_batch_test/screw/good_8.png,good_8.png,normal,False,0.05380114167928696,3.039836826701503e-07,0.06300562225380257,0.06300562225380257,0.06140167154371739,False,True,16000,True,0.00011196728883078322,True,0.0023767263628542423,cpu,patch_nearest_normal,last2,14,0.05,False,,,0.00010095756442751735,0.00012727336943498,True,True
2026-08-14 01:01:37,screw,monitor,C:/cira_batch_test/screw/good_9.png,good_9.png,normal,False,0.048572808504104614,3.039836826701503e-07,0.06300562225380257,0.06300562225380257,0.06140167154371739,False,True,16000,True,0.00011518356041051447,True,0.002374683041125536,cpu,patch_nearest_normal,last2,14,0.05,False,,,0.00010185196151724085,0.00012727336943498,True,True
2026-08-14 01:01:38,tile,monitor,C:/cira_batch_test/tile/bad_1.png,bad_1.png,anomaly,True,0.4234733581542969,0.4234733581542969,0.06531576632719606,0.06531576632719606,0.06201616711914539,False,False,16000,False,,False,0.0,cpu,patch_nearest_normal,last2,14,0.05,False,,,0.00017550036136526614,0.000230512705456835,False,True
2026-08-14 01:01:40,tile,monitor,C:/cira_batch_test/tile/bad_10.png,bad_10.png,anomaly,True,0.09991627186536789,0.09991627186536789,0.06531576632719606,0.06531576632719606,0.06201616711914539,False,False,16000,False,,False,0.0,cpu,patch_nearest_normal,last2,14,0.05,False,,,0.0001832666021073237,0.000230512705456835,False,True
2026-08-14 01:01:41,tile,monitor,C:/cira_batch_test/tile/bad_11.png,bad_11.png,anomaly,True,0.14983364939689636,0.14983364939689636,0.06531576632719606,0.06531576632719606,0.06201616711914539,False,False,16000,False,,False,0.0,cpu,patch_nearest_normal,last2,14,0.05,False,,,0.00013448638492263854,0.000230512705456835,False,True
2026-08-14 01:01:43,tile,monitor,C:/cira_batch_test/tile/bad_12.png,bad_12.png,normal,False,0.054269999265670776,3.695487862387381e-07,0.06531576632719606,0.06531576632719606,0.06201616711914539,False,True,16000,True,0.0002229001111118123,True,0.0030033206567168236,cpu,patch_nearest_normal,last2,14,0.05,False,,,0.00021301717788446695,0.000230512705456835,True,True
2026-08-14 01:01:45,tile,monitor,C:/cira_batch_test/tile/bad_13.png,bad_13.png,anomaly,True,0.15730135142803192,0.15730135142803192,0.06531576632719606,0.06531576632719606,0.06201616711914539,False,False,16000,False,,False,0.0,cpu,patch_nearest_normal,last2,14,0.05,False,,,0.000172463187482208,0.000230512705456835,False,True
2026-08-14 01:01:46,tile,monitor,C:/cira_batch_test/tile/bad_14.png,bad_14.png,anomaly,True,0.16028845310211182,0.16028845310211182,0.06531576632719606,0.06531576632719606,0.06201616711914539,False,False,16000,False,,False,0.0,cpu,patch_nearest_normal,last2,14,0.05,False,,,0.00020174005476292223,0.000230512705456835,False,True
2026-08-14 01:01:48,tile,monitor,C:/cira_batch_test/tile/bad_15.png,bad_15.png,anomaly,True,0.17711599171161652,0.17711599171161652,0.06531576632719606,0.06531576632719606,0.06201616711914539,False,False,16000,False,,False,0.0,cpu,patch_nearest_normal,last2,14,0.05,False,,,0.0002297309401910752,0.000230512705456835,False,True
2026-08-14 01:01:49,tile,monitor,C:/cira_batch_test/tile/bad_16.png,bad_16.png,anomaly,True,0.08264033496379852,0.08264033496379852,0.06531576632719606,0.06531576632719606,0.06201616711914539,False,False,16000,False,,False,0.0,cpu,patch_nearest_normal,last2,14,0.05,False,,,0.00022131208970677108,0.000230512705456835,False,True
2026-08-14 01:01:50,tile,monitor,C:/cira_batch_test/tile/bad_17.png,bad_17.png,anomaly,True,0.3887917995452881,0.3887917995452881,0.06531576632719606,0.06531576632719606,0.06201616711914539,False,False,16000,False,,False,0.0,cpu,patch_nearest_normal,last2,14,0.05,False,,,0.0002105049352394417,0.000230512705456835,False,True
2026-08-14 01:01:52,tile,monitor,C:/cira_batch_test/tile/bad_18.png,bad_18.png,anomaly,True,0.07138834148645401,0.07138834148645401,0.06531576632719606,0.06531576632719606,0.06201616711914539,False,False,16000,False,,False,0.0,cpu,patch_nearest_normal,last2,14,0.05,False,,,0.00019278540275990963,0.000230512705456835,False,True
2026-08-14 01:01:53,tile,monitor,C:/cira_batch_test/tile/bad_19.png,bad_19.png,anomaly,True,0.0987454205751419,0.0987454205751419,0.06531576632719606,0.06531576632719606,0.06201616711914539,False,False,16000,False,,False,0.0,cpu,patch_nearest_normal,last2,14,0.05,False,,,0.00019201435497961938,0.000230512705456835,False,True
2026-08-14 01:01:55,tile,monitor,C:/cira_batch_test/tile/bad_2.png,bad_2.png,anomaly,True,0.43840306997299194,0.43840306997299194,0.06531576632719606,0.06531576632719606,0.06201616711914539,False,False,16000,False,,False,0.0,cpu,patch_nearest_normal,last2,14,0.05,False,,,0.00011607394117163494,0.000230512705456835,False,True
2026-08-14 01:01:56,tile,monitor,C:/cira_batch_test/tile/bad_20.png,bad_20.png,anomaly,True,0.11390484869480133,0.11390484869480133,0.06531576632719606,0.06531576632719606,0.06201616711914539,False,False,16000,False,,False,0.0,cpu,patch_nearest_normal,last2,14,0.05,False,,,0.00020772282732650638,0.000230512705456835,False,True
2026-08-14 01:01:58,tile,monitor,C:/cira_batch_test/tile/bad_3.png,bad_3.png,anomaly,True,0.38533633947372437,0.38533633947372437,0.06531576632719606,0.06531576632719606,0.06201616711914539,False,False,16000,False,,False,0.0,cpu,patch_nearest_normal,last2,14,0.05,False,,,0.00022504768276121467,0.000230512705456835,False,True
2026-08-14 01:01:59,tile,monitor,C:/cira_batch_test/tile/bad_4.png,bad_4.png,anomaly,True,0.11339174211025238,0.11339174211025238,0.06531576632719606,0.06531576632719606,0.06201616711914539,False,False,16000,False,,False,0.0,cpu,patch_nearest_normal,last2,14,0.05,False,,,0.00013600049715023488,0.000230512705456835,False,True
2026-08-14 01:02:01,tile,monitor,C:/cira_batch_test/tile/bad_5.png,bad_5.png,anomaly,True,0.15811410546302795,0.15811410546302795,0.06531576632719606,0.06531576632719606,0.06201616711914539,False,False,16000,False,,False,0.0,cpu,patch_nearest_normal,last2,14,0.05,False,,,0.00011390149302314967,0.000230512705456835,False,True
2026-08-14 01:02:02,tile,monitor,C:/cira_batch_test/tile/bad_6.png,bad_6.png,anomaly,True,0.23003514111042023,0.23003514111042023,0.06531576632719606,0.06531576632719606,0.06201616711914539,False,False,16000,False,,False,0.0,cpu,patch_nearest_normal,last2,14,0.05,False,,,0.0002226877404609695,0.000230512705456835,False,True
2026-08-14 01:02:04,tile,monitor,C:/cira_batch_test/tile/bad_7.png,bad_7.png,anomaly,True,0.21290692687034607,0.21290692687034607,0.06531576632719606,0.06531576632719606,0.06201616711914539,False,False,16000,False,,False,0.0,cpu,patch_nearest_normal,last2,14,0.05,False,,,0.00017202073649968952,0.000230512705456835,False,True
2026-08-14 01:02:05,tile,monitor,C:/cira_batch_test/tile/bad_8.png,bad_8.png,anomaly,True,0.16955648362636566,0.16955648362636566,0.06531576632719606,0.06531576632719606,0.06201616711914539,False,False,16000,False,,False,0.0,cpu,patch_nearest_normal,last2,14,0.05,False,,,0.00021550249948631972,0.000230512705456835,False,True
2026-08-14 01:02:07,tile,monitor,C:/cira_batch_test/tile/bad_9.png,bad_9.png,anomaly,True,0.3200967311859131,0.3200967311859131,0.06531576632719606,0.06531576632719606,0.06201616711914539,False,False,16000,False,,False,0.0,cpu,patch_nearest_normal,last2,14,0.05,False,,,0.00021414169168565422,0.000230512705456835,False,True
2026-08-14 01:02:09,tile,monitor,C:/cira_batch_test/tile/good_1.png,good_1.png,normal,False,0.04869020730257034,2.9206276508375595e-07,0.06531576632719606,0.06531576632719606,0.06201616711914539,False,True,16000,True,0.000194242486031726,True,0.0028146030381321907,cpu,patch_nearest_normal,last2,14,0.05,False,,,0.0001925887627294287,0.000230512705456835,True,True
2026-08-14 01:02:10,tile,monitor,C:/cira_batch_test/tile/good_10.png,good_10.png,normal,False,0.0516301766037941,3.397464638510428e-07,0.06531576632719606,0.06531576632719606,0.06201616711914539,False,True,16000,True,0.00017116707749664783,True,0.0026495824567973614,cpu,patch_nearest_normal,last2,14,0.05,False,,,0.0001705748145468533,0.000230512705456835,True,True
2026-08-14 01:02:12,tile,monitor,C:/cira_batch_test/tile/good_11.png,good_11.png,normal,False,0.03943173959851265,3.039836826701503e-07,0.06531576632719606,0.06531576632719606,0.06201616711914539,False,True,16000,True,0.00017206092888955027,True,0.0026264784391969442,cpu,patch_nearest_normal,last2,14,0.05,False,,,0.00014357699546962976,0.000230512705456835,True,True
2026-08-14 01:02:14,tile,monitor,C:/cira_batch_test/tile/good_12.png,good_12.png,normal,False,0.04061993211507797,3.397464638510428e-07,0.06531576632719606,0.06531576632719606,0.06201616711914539,False,True,16000,True,0.0002230789395980537,True,0.002643887884914875,cpu,patch_nearest_normal,last2,14,0.05,False,,,0.00021242628281470388,0.000230512705456835,True,True
2026-08-14 01:02:15,tile,monitor,C:/cira_batch_test/tile/good_13.png,good_13.png,normal,False,0.047326602041721344,3.9339064983323624e-07,0.06531576632719606,0.06531576632719606,0.06201616711914539,False,True,16000,True,0.00017358871991746128,True,0.0025264432188123465,cpu,patch_nearest_normal,last2,14,0.05,False,,,0.0001442056818632409,0.000230512705456835,True,True
2026-08-14 01:02:17,tile,monitor,C:/cira_batch_test/tile/good_14.png,good_14.png,normal,False,0.0423436276614666,3.2782554626464844e-07,0.06531576632719606,0.06531576632719606,0.06201616711914539,False,True,16000,True,0.00017523464339319617,True,0.002540747867897153,cpu,patch_nearest_normal,last2,14,0.05,False,,,0.00016278827388305217,0.000230512705456835,True,True
2026-08-14 01:02:19,tile,monitor,C:/cira_batch_test/tile/good_15.png,good_15.png,normal,False,0.04045400768518448,3.695487862387381e-07,0.06531576632719606,0.06531576632719606,0.06201616711914539,False,True,16000,True,0.0001707626652205363,True,0.002559099579229951,cpu,patch_nearest_normal,last2,14,0.05,False,,,0.00017290777759626508,0.000230512705456835,True,True
2026-08-14 01:02:20,tile,monitor,C:/cira_batch_test/tile/good_16.png,good_16.png,normal,False,0.03732225298881531,3.397464638510428e-07,0.06531576632719606,0.06531576632719606,0.06201616711914539,False,True,16000,True,0.00023161865829024464,True,0.0025775041431188583,cpu,patch_nearest_normal,last2,14,0.05,False,,,0.00021890801144763827,0.000230512705456835,True,True
2026-08-14 01:02:22,tile,monitor,C:/cira_batch_test/tile/good_17.png,good_17.png,normal,False,0.04491947963833809,3.9339064983323624e-07,0.06531576632719606,0.06531576632719606,0.06201616711914539,False,True,16000,True,0.00020655833941418678,True,0.0025880264583975077,cpu,patch_nearest_normal,last2,14,0.05,True,C:\cira_ttl_checkpoints\tile\patch_memory_bank_update_10.pt,C:\cira_ttl_checkpoints\tile\patch_adapter_update_10.pt,0.00019087725377175957,0.000230512705456835,True,True
2026-08-14 01:02:24,tile,monitor,C:/cira_batch_test/tile/good_18.png,good_18.png,anomaly,True,0.06642691791057587,0.06642691791057587,0.06531576632719606,0.06531576632719606,0.06201616711914539,False,False,16000,False,,False,0.0,cpu,patch_nearest_normal,last2,14,0.05,False,,,0.00023020700609777123,0.000230512705456835,False,True
2026-08-14 01:02:25,tile,monitor,C:/cira_batch_test/tile/good_19.png,good_19.png,normal,False,0.04914820194244385,3.5762786865234375e-07,0.06531576632719606,0.06531576632719606,0.06201616711914539,False,True,16000,True,0.00019200838869437575,True,0.0026052335742861032,cpu,patch_nearest_normal,last2,14,0.05,False,,,0.0002124780003214255,0.000230512705456835,True,True
2026-08-14 01:02:27,tile,monitor,C:/cira_batch_test/tile/good_2.png,good_2.png,normal,False,0.048032086342573166,3.2186508747145126e-07,0.06531576632719606,0.06531576632719606,0.06201616711914539,False,True,16000,True,0.00023323814093600959,True,0.0026272269897162914,cpu,patch_nearest_normal,last2,14,0.05,False,,,0.00019922578940168023,0.000230512705456835,True,True
2026-08-14 01:02:29,tile,monitor,C:/cira_batch_test/tile/good_20.png,good_20.png,normal,False,0.04127836227416992,2.9206276508375595e-07,0.06531576632719606,0.06531576632719606,0.06201616711914539,False,True,16000,True,0.00019476053421385586,True,0.0026121274568140507,cpu,patch_nearest_normal,last2,14,0.05,False,,,0.0001785094355000183,0.000230512705456835,True,True
2026-08-14 01:02:30,tile,monitor,C:/cira_batch_test/tile/good_3.png,good_3.png,normal,False,0.038477879017591476,3.2186508747145126e-07,0.06531576632719606,0.06531576632719606,0.06201616711914539,False,True,16000,True,0.0002025412832153961,True,0.002617898862808943,cpu,patch_nearest_normal,last2,14,0.05,False,,,0.00019717062241397798,0.000230512705456835,True,True
2026-08-14 01:02:32,tile,monitor,C:/cira_batch_test/tile/good_4.png,good_4.png,normal,False,0.03643566370010376,4.172325134277344e-07,0.06531576632719606,0.06531576632719606,0.06201616711914539,False,True,16000,True,0.0002205769851570949,True,0.0026342924684286118,cpu,patch_nearest_normal,last2,14,0.05,False,,,0.00022392880055122077,0.000230512705456835,True,True
2026-08-14 01:02:34,tile,monitor,C:/cira_batch_test/tile/good_5.png,good_5.png,normal,False,0.044896841049194336,3.337860050578456e-07,0.06531576632719606,0.06531576632719606,0.06201616711914539,False,True,16000,True,0.00021580065367743373,True,0.0026445600669831038,cpu,patch_nearest_normal,last2,14,0.05,False,,,0.0002242899063276127,0.000230512705456835,True,True
2026-08-14 01:02:36,tile,monitor,C:/cira_batch_test/tile/good_6.png,good_6.png,normal,False,0.04408802464604378,3.695487862387381e-07,0.06531576632719606,0.06531576632719606,0.06201616711914539,False,True,16000,True,0.0001729844807414338,True,0.0026201626751571894,cpu,patch_nearest_normal,last2,14,0.05,False,,,0.00017087606829591095,0.000230512705456835,True,True
2026-08-14 01:02:37,tile,monitor,C:/cira_batch_test/tile/good_7.png,good_7.png,normal,False,0.04278232902288437,3.2186508747145126e-07,0.06531576632719606,0.06531576632719606,0.06201616711914539,False,True,16000,True,0.00021223282965365797,True,0.0026260092854499817,cpu,patch_nearest_normal,last2,14,0.05,False,,,0.00021361834660638124,0.000230512705456835,True,True
2026-08-14 01:02:39,tile,monitor,C:/cira_batch_test/tile/good_8.png,good_8.png,normal,False,0.03815982863306999,3.516674098591466e-07,0.06531576632719606,0.06531576632719606,0.06201616711914539,False,True,16000,True,0.0002268548560095951,True,0.002647634129971266,cpu,patch_nearest_normal,last2,14,0.05,False,,,0.00021816196385771036,0.000230512705456835,True,True
2026-08-14 01:02:41,tile,monitor,C:/cira_batch_test/tile/good_9.png,good_9.png,normal,False,0.03627406433224678,3.8743019104003906e-07,0.06531576632719606,0.06531576632719606,0.06201616711914539,False,True,16000,True,0.00021222697978373617,True,0.0026612193323671818,cpu,patch_nearest_normal,last2,14,0.05,True,C:\cira_ttl_checkpoints\tile\patch_memory_bank_update_20.pt,C:\cira_ttl_checkpoints\tile\patch_adapter_update_20.pt,0.00021428232139442116,0.000230512705456835,True,True
2026-08-14 01:02:42,toothbrush,monitor,C:/cira_batch_test/toothbrush/bad_1.png,bad_1.png,anomaly,True,0.2982991635799408,0.2982991635799408,0.07018890345233406,0.07018890345233406,0.057437426969409,False,False,9408,False,,False,0.0,cpu,patch_nearest_normal,last2,14,0.05,False,,,0.00011125831952085719,0.00012676088372241001,False,True
2026-08-14 01:02:44,toothbrush,monitor,C:/cira_batch_test/toothbrush/bad_10.png,bad_10.png,anomaly,True,0.14204305410385132,0.14204305410385132,0.07018890345233406,0.07018890345233406,0.057437426969409,False,False,9408,False,,False,0.0,cpu,patch_nearest_normal,last2,14,0.05,False,,,0.00011715119035216048,0.00012676088372241001,False,True
2026-08-14 01:02:45,toothbrush,monitor,C:/cira_batch_test/toothbrush/bad_11.png,bad_11.png,anomaly,True,0.2811519205570221,0.2811519205570221,0.07018890345233406,0.07018890345233406,0.057437426969409,False,False,9408,False,,False,0.0,cpu,patch_nearest_normal,last2,14,0.05,False,,,0.00011536495003383607,0.00012676088372241001,False,True
2026-08-14 01:02:47,toothbrush,monitor,C:/cira_batch_test/toothbrush/bad_12.png,bad_12.png,anomaly,True,0.3752124011516571,0.3752124011516571,0.07018890345233406,0.07018890345233406,0.057437426969409,False,False,9408,False,,False,0.0,cpu,patch_nearest_normal,last2,14,0.05,False,,,0.00012270915613044053,0.00012676088372241001,False,True
2026-08-14 01:02:48,toothbrush,monitor,C:/cira_batch_test/toothbrush/bad_13.png,bad_13.png,normal,False,0.05651075765490532,2.9206276508375595e-07,0.07018890345233406,0.07018890345233406,0.057437426969409,False,True,9604,True,0.00012619166227523237,True,0.0030178625602275133,cpu,patch_nearest_normal,last2,14,0.05,False,,,0.00011740397894755006,0.00012676088372241001,True,True
2026-08-14 01:02:50,toothbrush,monitor,C:/cira_batch_test/toothbrush/bad_14.png,bad_14.png,anomaly,True,0.21844878792762756,0.21844878792762756,0.07018890345233406,0.07018890345233406,0.057437426969409,False,False,9604,False,,False,0.0,cpu,patch_nearest_normal,last2,14,0.05,False,,,0.00012285429693292826,0.00012676088372241001,False,True
2026-08-14 01:02:51,toothbrush,monitor,C:/cira_batch_test/toothbrush/bad_15.png,bad_15.png,normal,False,0.0644969791173935,0.0644969791173935,0.07018890345233406,0.07018890345233406,0.057437426969409,False,False,9604,False,,False,0.0,cpu,patch_nearest_normal,last2,14,0.05,False,,,0.00012525216152425855,0.00012676088372241001,False,True
2026-08-14 01:02:53,toothbrush,monitor,C:/cira_batch_test/toothbrush/bad_16.png,bad_16.png,anomaly,True,0.34279459714889526,0.34279459714889526,0.07018890345233406,0.07018890345233406,0.057437426969409,False,False,9604,False,,False,0.0,cpu,patch_nearest_normal,last2,14,0.05,False,,,0.00011295761214569211,0.00012676088372241001,False,True
2026-08-14 01:02:54,toothbrush,monitor,C:/cira_batch_test/toothbrush/bad_17.png,bad_17.png,anomaly,True,0.26328107714653015,0.26328107714653015,0.07018890345233406,0.07018890345233406,0.057437426969409,False,False,9604,False,,False,0.0,cpu,patch_nearest_normal,last2,14,0.05,False,,,0.00011470333993202075,0.00012676088372241001,False,True
2026-08-14 01:02:56,toothbrush,monitor,C:/cira_batch_test/toothbrush/bad_18.png,bad_18.png,anomaly,True,0.24871814250946045,0.24871814250946045,0.07018890345233406,0.07018890345233406,0.057437426969409,False,False,9604,False,,False,0.0,cpu,patch_nearest_normal,last2,14,0.05,False,,,0.00011949963663937524,0.00012676088372241001,False,True
2026-08-14 01:02:57,toothbrush,monitor,C:/cira_batch_test/toothbrush/bad_19.png,bad_19.png,anomaly,True,0.07875223457813263,0.07875223457813263,0.07018890345233406,0.07018890345233406,0.057437426969409,False,False,9604,False,,False,0.0,cpu,patch_nearest_normal,last2,14,0.05,False,,,0.000120720433187671,0.00012676088372241001,False,True
2026-08-14 01:02:59,toothbrush,monitor,C:/cira_batch_test/toothbrush/bad_2.png,bad_2.png,normal,False,0.06777894496917725,0.06777894496917725,0.07018890345233406,0.07018890345233406,0.057437426969409,False,False,9604,False,,False,0.0,cpu,patch_nearest_normal,last2,14,0.05,False,,,0.00010608829325065017,0.00012676088372241001,False,True
2026-08-14 01:03:00,toothbrush,monitor,C:/cira_batch_test/toothbrush/bad_20.png,bad_20.png,anomaly,True,0.3135276436805725,0.3135276436805725,0.07018890345233406,0.07018890345233406,0.057437426969409,False,False,9604,False,,False,0.0,cpu,patch_nearest_normal,last2,14,0.05,False,,,0.00012603471986949444,0.00012676088372241001,False,True
2026-08-14 01:03:02,toothbrush,monitor,C:/cira_batch_test/toothbrush/bad_3.png,bad_3.png,anomaly,True,0.13623733818531036,0.13623733818531036,0.07018890345233406,0.07018890345233406,0.057437426969409,False,False,9604,False,,False,0.0,cpu,patch_nearest_normal,last2,14,0.05,False,,,0.00011714693391695619,0.00012676088372241001,False,True
2026-08-14 01:03:03,toothbrush,monitor,C:/cira_batch_test/toothbrush/bad_4.png,bad_4.png,anomaly,True,0.07377687841653824,0.07377687841653824,0.07018890345233406,0.07018890345233406,0.057437426969409,False,False,9604,False,,False,0.0,cpu,patch_nearest_normal,last2,14,0.05,False,,,9.905343176797032e-05,0.00012676088372241001,False,True
2026-08-14 01:03:05,toothbrush,monitor,C:/cira_batch_test/toothbrush/bad_5.png,bad_5.png,normal,False,0.056257426738739014,3.2782554626464844e-07,0.07018890345233406,0.07018890345233406,0.057437426969409,False,True,9800,True,0.00012988026719540358,True,0.002702033845707774,cpu,patch_nearest_normal,last2,14,0.05,False,,,0.00012176335440017283,0.00012676088372241001,True,True
2026-08-14 01:03:07,toothbrush,monitor,C:/cira_batch_test/toothbrush/bad_6.png,bad_6.png,normal,False,0.0561838336288929,2.6226044269606064e-07,0.07018890345233406,0.07018890345233406,0.057437426969409,False,True,9996,True,0.00012271253217477351,True,0.002648832043632865,cpu,patch_nearest_normal,last2,14,0.05,False,,,0.00011449056182755157,0.00012676088372241001,True,True
2026-08-14 01:03:08,toothbrush,monitor,C:/cira_batch_test/toothbrush/bad_7.png,bad_7.png,anomaly,True,0.1250123828649521,0.1250123828649521,0.07018890345233406,0.07018890345233406,0.057437426969409,False,False,9996,False,,False,0.0,cpu,patch_nearest_normal,last2,14,0.05,False,,,0.00011599572462728247,0.00012676088372241001,False,True
2026-08-14 01:03:10,toothbrush,monitor,C:/cira_batch_test/toothbrush/bad_8.png,bad_8.png,anomaly,True,0.3497157394886017,0.3497157394886017,0.07018890345233406,0.07018890345233406,0.057437426969409,False,False,9996,False,,False,0.0,cpu,patch_nearest_normal,last2,14,0.05,False,,,0.00012231884466018528,0.00012676088372241001,False,True
2026-08-14 01:03:11,toothbrush,monitor,C:/cira_batch_test/toothbrush/bad_9.png,bad_9.png,normal,False,0.047249238938093185,3.039836826701503e-07,0.07018890345233406,0.07018890345233406,0.057437426969409,False,True,10192,True,0.00011930897744605318,True,0.0026112115010619164,cpu,patch_nearest_normal,last2,14,0.05,False,,,0.00010816188296303153,0.00012676088372241001,True,True
2026-08-14 01:03:13,toothbrush,monitor,C:/cira_batch_test/toothbrush/good_1.png,good_1.png,normal,False,0.04724770784378052,2.6226044269606064e-07,0.07018890345233406,0.07018890345233406,0.057437426969409,False,True,10388,True,0.00012822124699596316,True,0.0025923671200871468,cpu,patch_nearest_normal,last2,14,0.05,False,,,0.00011374991299817339,0.00012676088372241001,True,True
2026-08-14 01:03:14,toothbrush,monitor,C:/cira_batch_test/toothbrush/good_10.png,good_10.png,anomaly,True,0.07445328682661057,0.07445328682661057,0.07018890345233406,0.07018890345233406,0.057437426969409,False,False,10388,False,,False,0.0,cpu,patch_nearest_normal,last2,14,0.05,False,,,0.00012926277122460306,0.00012676088372241001,False,False
2026-08-14 01:03:16,toothbrush,monitor,C:/cira_batch_test/toothbrush/good_11.png,good_11.png,normal,False,0.053424518555402756,2.5629998390286346e-07,0.07018890345233406,0.07018890345233406,0.057437426969409,False,True,10584,True,0.00012973390403203666,True,0.0025226124562323093,cpu,patch_nearest_normal,last2,14,0.05,False,,,0.00012322691327426583,0.00012676088372241001,True,True
2026-08-14 01:03:18,toothbrush,monitor,C:/cira_batch_test/toothbrush/good_12.png,good_12.png,normal,False,0.05621866136789322,2.8610230629055877e-07,0.07018890345233406,0.07018890345233406,0.057437426969409,False,True,10780,True,0.00012576003791764379,True,0.0025033941492438316,cpu,patch_nearest_normal,last2,14,0.05,False,,,0.00011948914470849559,0.00012676088372241001,True,True
2026-08-14 01:03:20,toothbrush,monitor,C:/cira_batch_test/toothbrush/good_13.png,good_13.png,normal,False,0.046707797795534134,3.397464638510428e-07,0.07018890345233406,0.07018890345233406,0.057437426969409,False,True,10976,True,0.0001292246743105352,True,0.0025071236304938793,cpu,patch_nearest_normal,last2,14,0.05,False,,,0.00011744209768949077,0.00012676088372241001,True,True
2026-08-14 01:03:21,toothbrush,monitor,C:/cira_batch_test/toothbrush/good_14.png,good_14.png,normal,False,0.056798286736011505,2.980232238769531e-07,0.07018890345233406,0.07018890345233406,0.057437426969409,False,True,11172,True,0.0001262494915863499,True,0.002506490098312497,cpu,patch_nearest_normal,last2,14,0.05,False,,,0.00011925488797714934,0.00012676088372241001,True,True
2026-08-14 01:03:23,toothbrush,monitor,C:/cira_batch_test/toothbrush/good_15.png,good_15.png,normal,False,0.04871075227856636,3.039836826701503e-07,0.07018890345233406,0.07018890345233406,0.057437426969409,False,True,11368,True,0.0001235338277183473,True,0.002484658034518361,cpu,patch_nearest_normal,last2,14,0.05,True,C:\cira_ttl_checkpoints\toothbrush\patch_memory_bank_update_10.pt,C:\cira_ttl_checkpoints\toothbrush\patch_adapter_update_10.pt,0.00011607554188231006,0.00012676088372241001,True,True
2026-08-14 01:03:25,toothbrush,monitor,C:/cira_batch_test/toothbrush/good_16.png,good_16.png,normal,False,0.04147179797291756,2.9206276508375595e-07,0.07018890345233406,0.07018890345233406,0.057437426969409,False,True,11564,True,0.00011832168092951179,True,0.002463381038978696,cpu,patch_nearest_normal,last2,14,0.05,False,,,0.00011029448796762154,0.00012676088372241001,True,True
2026-08-14 01:03:26,toothbrush,monitor,C:/cira_batch_test/toothbrush/good_17.png,good_17.png,normal,False,0.01989610120654106,2.980232238769531e-07,0.07018890345233406,0.07018890345233406,0.057437426969409,False,True,11760,True,0.00011644029291346669,True,0.0024597523733973503,cpu,patch_nearest_normal,last2,14,0.05,False,,,0.00010867715900531039,0.00012676088372241001,True,True
2026-08-14 01:03:28,toothbrush,monitor,C:/cira_batch_test/toothbrush/good_18.png,good_18.png,normal,False,0.03425475209951401,2.2053718851111626e-07,0.07018890345233406,0.07018890345233406,0.057437426969409,False,True,11956,True,0.00012149140820838511,True,0.0024662914220243692,cpu,patch_nearest_normal,last2,14,0.05,False,,,0.00011638762953225523,0.00012676088372241001,True,True
2026-08-14 01:03:30,toothbrush,monitor,C:/cira_batch_test/toothbrush/good_19.png,good_19.png,normal,False,0.01857708767056465,3.039836826701503e-07,0.07018890345233406,0.07018890345233406,0.057437426969409,False,True,12152,True,0.0001277333067264408,True,0.002465039724484086,cpu,patch_nearest_normal,last2,14,0.05,False,,,0.00011392513988539577,0.00012676088372241001,True,True
2026-08-14 01:03:32,toothbrush,monitor,C:/cira_batch_test/toothbrush/good_2.png,good_2.png,normal,False,0.051112305372953415,2.682209014892578e-07,0.07018890345233406,0.07018890345233406,0.057437426969409,False,True,12348,True,0.0001135650381911546,True,0.002463469048961997,cpu,patch_nearest_normal,last2,14,0.05,False,,,0.00010714634117903188,0.00012676088372241001,True,True
2026-08-14 01:03:33,toothbrush,monitor,C:/cira_batch_test/toothbrush/good_20.png,good_20.png,normal,False,0.018617605790495872,2.8610230629055877e-07,0.07018890345233406,0.07018890345233406,0.057437426969409,False,True,12544,True,0.00011864808038808405,True,0.002459203591570258,cpu,patch_nearest_normal,last2,14,0.05,False,,,0.00011739801993826404,0.00012676088372241001,True,True
2026-08-14 01:03:36,toothbrush,monitor,C:/cira_batch_test/toothbrush/good_3.png,good_3.png,normal,False,0.03775440901517868,2.6226044269606064e-07,0.07018890345233406,0.07018890345233406,0.057437426969409,False,True,12740,True,0.00011850126611534506,True,0.0024557996075600386,cpu,patch_nearest_normal,last2,14,0.05,False,,,0.00011658484436338767,0.00012676088372241001,True,True
2026-08-14 01:03:38,toothbrush,monitor,C:/cira_batch_test/toothbrush/good_4.png,good_4.png,normal,False,0.040168773382902145,3.2782554626464844e-07,0.07018890345233406,0.07018890345233406,0.057437426969409,False,True,12936,True,0.00011711865954566747,True,0.002456067828461528,cpu,patch_nearest_normal,last2,14,0.05,False,,,0.00011364647798473015,0.00012676088372241001,True,True
2026-08-14 01:03:40,toothbrush,monitor,C:/cira_batch_test/toothbrush/good_5.png,good_5.png,normal,False,0.01844530738890171,3.039836826701503e-07,0.07018890345233406,0.07018890345233406,0.057437426969409,False,True,13132,True,0.00011497291416162625,True,0.002459869487211108,cpu,patch_nearest_normal,last2,14,0.05,False,,,0.00010738302080426365,0.00012676088372241001,True,True
2026-08-14 01:03:42,toothbrush,monitor,C:/cira_batch_test/toothbrush/good_6.png,good_6.png,normal,False,0.0437176339328289,3.039836826701503e-07,0.07018890345233406,0.07018890345233406,0.057437426969409,False,True,13328,True,0.00011975605593761429,True,0.002451906679198146,cpu,patch_nearest_normal,last2,14,0.05,True,C:\cira_ttl_checkpoints\toothbrush\patch_memory_bank_update_20.pt,C:\cira_ttl_checkpoints\toothbrush\patch_adapter_update_20.pt,0.00011389092105673626,0.00012676088372241001,True,True
2026-08-14 01:03:44,toothbrush,monitor,C:/cira_batch_test/toothbrush/good_7.png,good_7.png,normal,False,0.058876167982816696,0.058876167982816696,0.07018890345233406,0.07018890345233406,0.057437426969409,False,False,13328,False,,False,0.0,cpu,patch_nearest_normal,last2,14,0.05,False,,,0.00012328545562922955,0.00012676088372241001,False,True
2026-08-14 01:03:45,toothbrush,monitor,C:/cira_batch_test/toothbrush/good_8.png,good_8.png,anomaly,True,0.0723327249288559,0.0723327249288559,0.07018890345233406,0.07018890345233406,0.057437426969409,False,False,13328,False,,False,0.0,cpu,patch_nearest_normal,last2,14,0.05,False,,,0.00012642961519304663,0.00012676088372241001,False,True
2026-08-14 01:03:47,toothbrush,monitor,C:/cira_batch_test/toothbrush/good_9.png,good_9.png,normal,False,0.04066826030611992,3.337860050578456e-07,0.07018890345233406,0.07018890345233406,0.057437426969409,False,True,13524,True,0.00012691844312939793,True,0.0024651805870234966,cpu,patch_nearest_normal,last2,14,0.05,False,,,0.0001179403334390372,0.00012676088372241001,True,True
2026-08-14 01:03:49,transistor,monitor,C:/cira_batch_test/transistor/bad_1.png,bad_1.png,anomaly,True,0.12229273468255997,0.12229273468255997,0.08374597725686464,0.08374597725686464,0.07621454894542695,False,False,16000,False,,False,0.0,cpu,patch_nearest_normal,last2,14,0.05,False,,,0.0001687093172222376,0.000183458399987945,False,True
2026-08-14 01:03:50,transistor,monitor,C:/cira_batch_test/transistor/bad_10.png,bad_10.png,anomaly,True,0.1326681673526764,0.1326681673526764,0.08374597725686464,0.08374597725686464,0.07621454894542695,False,False,16000,False,,False,0.0,cpu,patch_nearest_normal,last2,14,0.05,False,,,0.00015867623733356595,0.000183458399987945,False,True
2026-08-14 01:03:52,transistor,monitor,C:/cira_batch_test/transistor/bad_11.png,bad_11.png,normal,False,0.0766322985291481,0.0766322985291481,0.08374597725686464,0.08374597725686464,0.07621454894542695,False,False,16000,False,,False,0.0,cpu,patch_nearest_normal,last2,14,0.05,False,,,0.00017080330871976912,0.000183458399987945,False,True
2026-08-14 01:03:53,transistor,monitor,C:/cira_batch_test/transistor/bad_12.png,bad_12.png,anomaly,True,0.25258898735046387,0.25258898735046387,0.08374597725686464,0.08374597725686464,0.07621454894542695,False,False,16000,False,,False,0.0,cpu,patch_nearest_normal,last2,14,0.05,False,,,0.00014870695304125547,0.000183458399987945,False,True
2026-08-14 01:03:55,transistor,monitor,C:/cira_batch_test/transistor/bad_13.png,bad_13.png,anomaly,True,0.10995545238256454,0.10995545238256454,0.08374597725686464,0.08374597725686464,0.07621454894542695,False,False,16000,False,,False,0.0,cpu,patch_nearest_normal,last2,14,0.05,False,,,0.0001858566392911598,0.000183458399987945,False,False
2026-08-14 01:03:56,transistor,monitor,C:/cira_batch_test/transistor/bad_14.png,bad_14.png,anomaly,True,0.10494744777679443,0.10494744777679443,0.08374597725686464,0.08374597725686464,0.07621454894542695,False,False,16000,False,,False,0.0,cpu,patch_nearest_normal,last2,14,0.05,False,,,0.00018018134869635105,0.000183458399987945,False,True
2026-08-14 01:03:58,transistor,monitor,C:/cira_batch_test/transistor/bad_15.png,bad_15.png,anomaly,True,0.09790393710136414,0.09790393710136414,0.08374597725686464,0.08374597725686464,0.07621454894542695,False,False,16000,False,,False,0.0,cpu,patch_nearest_normal,last2,14,0.05,False,,,0.00016532397421542555,0.000183458399987945,False,True
2026-08-14 01:03:59,transistor,monitor,C:/cira_batch_test/transistor/bad_16.png,bad_16.png,anomaly,True,0.18024460971355438,0.18024460971355438,0.08374597725686464,0.08374597725686464,0.07621454894542695,False,False,16000,False,,False,0.0,cpu,patch_nearest_normal,last2,14,0.05,False,,,0.00019307310867588967,0.000183458399987945,False,False
2026-08-14 01:04:01,transistor,monitor,C:/cira_batch_test/transistor/bad_17.png,bad_17.png,anomaly,True,0.20765089988708496,0.20765089988708496,0.08374597725686464,0.08374597725686464,0.07621454894542695,False,False,16000,False,,False,0.0,cpu,patch_nearest_normal,last2,14,0.05,False,,,0.00017582191503606737,0.000183458399987945,False,True
2026-08-14 01:04:02,transistor,monitor,C:/cira_batch_test/transistor/bad_18.png,bad_18.png,anomaly,True,0.14879867434501648,0.14879867434501648,0.08374597725686464,0.08374597725686464,0.07621454894542695,False,False,16000,False,,False,0.0,cpu,patch_nearest_normal,last2,14,0.05,False,,,0.00018029435887001455,0.000183458399987945,False,True
2026-08-14 01:04:04,transistor,monitor,C:/cira_batch_test/transistor/bad_19.png,bad_19.png,anomaly,True,0.0999908596277237,0.0999908596277237,0.08374597725686464,0.08374597725686464,0.07621454894542695,False,False,16000,False,,False,0.0,cpu,patch_nearest_normal,last2,14,0.05,False,,,0.00016235360817518085,0.000183458399987945,False,True
2026-08-14 01:04:06,transistor,monitor,C:/cira_batch_test/transistor/bad_2.png,bad_2.png,anomaly,True,0.20691590011119843,0.20691590011119843,0.08374597725686464,0.08374597725686464,0.07621454894542695,False,False,16000,False,,False,0.0,cpu,patch_nearest_normal,last2,14,0.05,False,,,0.00016776987467892468,0.000183458399987945,False,True
2026-08-14 01:04:07,transistor,monitor,C:/cira_batch_test/transistor/bad_20.png,bad_20.png,anomaly,True,0.29301589727401733,0.29301589727401733,0.08374597725686464,0.08374597725686464,0.07621454894542695,False,False,16000,False,,False,0.0,cpu,patch_nearest_normal,last2,14,0.05,False,,,0.0001971948950085789,0.000183458399987945,False,False
2026-08-14 01:04:09,transistor,monitor,C:/cira_batch_test/transistor/bad_3.png,bad_3.png,anomaly,True,0.10247717052698135,0.10247717052698135,0.08374597725686464,0.08374597725686464,0.07621454894542695,False,False,16000,False,,False,0.0,cpu,patch_nearest_normal,last2,14,0.05,False,,,0.00016415223944932222,0.000183458399987945,False,True
2026-08-14 01:04:10,transistor,monitor,C:/cira_batch_test/transistor/bad_4.png,bad_4.png,anomaly,True,0.09207843989133835,0.09207843989133835,0.08374597725686464,0.08374597725686464,0.07621454894542695,False,False,16000,False,,False,0.0,cpu,patch_nearest_normal,last2,14,0.05,False,,,0.00013735031825490296,0.000183458399987945,False,True
2026-08-14 01:04:12,transistor,monitor,C:/cira_batch_test/transistor/bad_5.png,bad_5.png,anomaly,True,0.11719455569982529,0.11719455569982529,0.08374597725686464,0.08374597725686464,0.07621454894542695,False,False,16000,False,,False,0.0,cpu,patch_nearest_normal,last2,14,0.05,False,,,0.0001924509706441313,0.000183458399987945,False,False
2026-08-14 01:04:14,transistor,monitor,C:/cira_batch_test/transistor/bad_6.png,bad_6.png,anomaly,True,0.09266278147697449,0.09266278147697449,0.08374597725686464,0.08374597725686464,0.07621454894542695,False,False,16000,False,,False,0.0,cpu,patch_nearest_normal,last2,14,0.05,False,,,0.0001564267440699041,0.000183458399987945,False,True
2026-08-14 01:04:15,transistor,monitor,C:/cira_batch_test/transistor/bad_7.png,bad_7.png,anomaly,True,0.13377633690834045,0.13377633690834045,0.08374597725686464,0.08374597725686464,0.07621454894542695,False,False,16000,False,,False,0.0,cpu,patch_nearest_normal,last2,14,0.05,False,,,0.00015446623729076236,0.000183458399987945,False,True
2026-08-14 01:04:17,transistor,monitor,C:/cira_batch_test/transistor/bad_8.png,bad_8.png,anomaly,True,0.1737663298845291,0.1737663298845291,0.08374597725686464,0.08374597725686464,0.07621454894542695,False,False,16000,False,,False,0.0,cpu,patch_nearest_normal,last2,14,0.05,False,,,0.00016915419837459922,0.000183458399987945,False,True
2026-08-14 01:04:18,transistor,monitor,C:/cira_batch_test/transistor/bad_9.png,bad_9.png,anomaly,True,0.13217215240001678,0.13217215240001678,0.08374597725686464,0.08374597725686464,0.07621454894542695,False,False,16000,False,,False,0.0,cpu,patch_nearest_normal,last2,14,0.05,False,,,0.00017737409507390112,0.000183458399987945,False,True
2026-08-14 01:04:20,transistor,monitor,C:/cira_batch_test/transistor/good_1.png,good_1.png,normal,False,0.05782352015376091,2.74181360282455e-07,0.08374597725686464,0.08374597725686464,0.07621454894542695,False,True,16000,True,0.00017848341667558998,True,0.003023204393684864,cpu,patch_nearest_normal,last2,14,0.05,False,,,0.00016858018352650106,0.000183458399987945,True,True
2026-08-14 01:04:22,transistor,monitor,C:/cira_batch_test/transistor/good_10.png,good_10.png,normal,False,0.0743873193860054,3.039836826701503e-07,0.08374597725686464,0.08374597725686464,0.07621454894542695,False,True,16000,True,0.00019998803327325732,True,0.002784950193017721,cpu,patch_nearest_normal,last2,14,0.05,False,,,0.00016296247486025095,0.000183458399987945,True,True
2026-08-14 01:04:23,transistor,monitor,C:/cira_batch_test/transistor/good_11.png,good_11.png,normal,False,0.06650875508785248,2.443790378947597e-07,0.08374597725686464,0.08374597725686464,0.07621454894542695,False,True,16000,True,0.00019921896455343813,True,0.0026915923226624727,cpu,patch_nearest_normal,last2,14,0.05,False,,,0.00017588137416169047,0.000183458399987945,True,True
2026-08-14 01:04:25,transistor,monitor,C:/cira_batch_test/transistor/good_12.png,good_12.png,normal,False,0.05840090662240982,0.05840090662240982,0.08374597725686464,0.08374597725686464,0.07621454894542695,False,False,16000,False,,False,0.0,cpu,patch_nearest_normal,last2,14,0.05,False,,,0.00018667057156562805,0.000183458399987945,True,False
2026-08-14 01:04:27,transistor,monitor,C:/cira_batch_test/transistor/good_13.png,good_13.png,normal,False,0.05605240911245346,2.980232238769531e-07,0.08374597725686464,0.08374597725686464,0.07621454894542695,False,True,16000,True,0.0001885888195829466,True,0.0026455384213477373,cpu,patch_nearest_normal,last2,14,0.05,False,,,0.0001712180528556928,0.000183458399987945,True,True
2026-08-14 01:04:28,transistor,monitor,C:/cira_batch_test/transistor/good_14.png,good_14.png,normal,False,0.06225080415606499,2.9206276508375595e-07,0.08374597725686464,0.08374597725686464,0.07621454894542695,False,True,16000,True,0.0001978420914383605,True,0.002618329133838415,cpu,patch_nearest_normal,last2,14,0.05,False,,,0.00017312701675109565,0.000183458399987945,True,True
2026-08-14 01:04:30,transistor,monitor,C:/cira_batch_test/transistor/good_15.png,good_15.png,normal,False,0.0697818174958229,2.9206276508375595e-07,0.08374597725686464,0.08374597725686464,0.07621454894542695,False,True,16000,True,0.00019631035684142262,True,0.0026187363546341658,cpu,patch_nearest_normal,last2,14,0.05,False,,,0.00016680471890140325,0.000183458399987945,True,True
2026-08-14 01:04:32,transistor,monitor,C:/cira_batch_test/transistor/good_16.png,good_16.png,normal,False,0.07475942373275757,2.6226044269606064e-07,0.08374597725686464,0.08374597725686464,0.07621454894542695,False,True,16000,True,0.0002004521229537204,True,0.002616712125018239,cpu,patch_nearest_normal,last2,14,0.05,False,,,0.00017990234482567757,0.000183458399987945,True,True
2026-08-14 01:04:34,transistor,monitor,C:/cira_batch_test/transistor/good_17.png,good_17.png,normal,False,0.05460823327302933,2.9206276508375595e-07,0.08374597725686464,0.08374597725686464,0.07621454894542695,False,True,16000,True,0.0001803600462153554,True,0.0026004596147686243,cpu,patch_nearest_normal,last2,14,0.05,False,,,0.00017458508955314755,0.000183458399987945,True,True
2026-08-14 01:04:35,transistor,monitor,C:/cira_batch_test/transistor/good_18.png,good_18.png,normal,False,0.06354445219039917,2.980232238769531e-07,0.08374597725686464,0.08374597725686464,0.07621454894542695,False,True,16000,True,0.0002064982836600393,True,0.002604581881314516,cpu,patch_nearest_normal,last2,14,0.05,False,,,0.0001642829884076491,0.000183458399987945,True,True
2026-08-14 01:04:37,transistor,monitor,C:/cira_batch_test/transistor/good_19.png,good_19.png,normal,False,0.07186564803123474,2.443790378947597e-07,0.08374597725686464,0.08374597725686464,0.07621454894542695,False,True,16000,True,0.00017119191761594266,True,0.0025767136830836535,cpu,patch_nearest_normal,last2,14,0.05,True,C:\cira_ttl_checkpoints\transistor\patch_memory_bank_update_10.pt,C:\cira_ttl_checkpoints\transistor\patch_adapter_update_10.pt,0.00016459805192425847,0.000183458399987945,True,True
2026-08-14 01:04:39,transistor,monitor,C:/cira_batch_test/transistor/good_2.png,good_2.png,normal,False,0.08322761952877045,0.08322761952877045,0.08374597725686464,0.08374597725686464,0.07621454894542695,False,False,16000,False,,False,0.0,cpu,patch_nearest_normal,last2,14,0.05,False,,,0.00016366620548069477,0.000183458399987945,False,True
2026-08-14 01:04:41,transistor,monitor,C:/cira_batch_test/transistor/good_20.png,good_20.png,normal,False,0.06743000447750092,2.8610230629055877e-07,0.08374597725686464,0.08374597725686464,0.07621454894542695,False,True,16000,True,0.00018213353177998215,True,0.0025718118995428085,cpu,patch_nearest_normal,last2,14,0.05,False,,,0.00017793204460758716,0.000183458399987945,True,True
2026-08-14 01:04:42,transistor,monitor,C:/cira_batch_test/transistor/good_3.png,good_3.png,normal,False,0.07893490791320801,0.07893490791320801,0.08374597725686464,0.08374597725686464,0.07621454894542695,False,False,16000,False,,False,0.0,cpu,patch_nearest_normal,last2,14,0.05,False,,,0.00015971461834851652,0.000183458399987945,False,True
2026-08-14 01:04:44,transistor,monitor,C:/cira_batch_test/transistor/good_4.png,good_4.png,normal,False,0.05853145569562912,2.8610230629055877e-07,0.08374597725686464,0.08374597725686464,0.07621454894542695,False,True,16000,True,0.0001823312632041052,True,0.002556874416768551,cpu,patch_nearest_normal,last2,14,0.05,False,,,0.00016341447189915925,0.000183458399987945,True,True
2026-08-14 01:04:46,transistor,monitor,C:/cira_batch_test/transistor/good_5.png,good_5.png,normal,False,0.0685102790594101,2.6226044269606064e-07,0.08374597725686464,0.08374597725686464,0.07621454894542695,False,True,16000,True,0.00020259764278307557,True,0.002547366078943014,cpu,patch_nearest_normal,last2,14,0.05,False,,,0.0001800155732780695,0.000183458399987945,True,True
2026-08-14 01:04:47,transistor,monitor,C:/cira_batch_test/transistor/good_6.png,good_6.png,normal,False,0.06156796216964722,2.8014181907565217e-07,0.08374597725686464,0.08374597725686464,0.07621454894542695,False,True,16000,True,0.00018099484441336244,True,0.002533866558223963,cpu,patch_nearest_normal,last2,14,0.05,False,,,0.0001827656087698415,0.000183458399987945,True,True
2026-08-14 01:04:49,transistor,monitor,C:/cira_batch_test/transistor/good_7.png,good_7.png,normal,False,0.06710855662822723,2.8014181907565217e-07,0.08374597725686464,0.08374597725686464,0.07621454894542695,False,True,16000,True,0.00020545555162243545,True,0.0025425918865948915,cpu,patch_nearest_normal,last2,14,0.05,False,,,0.00017003557877615094,0.000183458399987945,True,True
2026-08-14 01:04:51,transistor,monitor,C:/cira_batch_test/transistor/good_8.png,good_8.png,normal,False,0.05830146744847298,2.980232238769531e-07,0.08374597725686464,0.08374597725686464,0.07621454894542695,False,True,16000,True,0.00018382567213848233,True,0.0025387993082404137,cpu,patch_nearest_normal,last2,14,0.05,False,,,0.0001671222416916862,0.000183458399987945,True,True
2026-08-14 01:04:52,transistor,monitor,C:/cira_batch_test/transistor/good_9.png,good_9.png,normal,False,0.06365253031253815,0.06365253031253815,0.08374597725686464,0.08374597725686464,0.07621454894542695,False,False,16000,False,,False,0.0,cpu,patch_nearest_normal,last2,14,0.05,False,,,0.00019602786051109433,0.000183458399987945,True,False
2026-08-14 01:04:54,wood,monitor,C:/cira_batch_test/wood/bad_1.png,bad_1.png,anomaly,True,0.34858831763267517,0.34858831763267517,0.04761728488056512,0.04761728488056512,0.04497043639421463,False,False,16000,False,,False,0.0,cpu,patch_nearest_normal,last2,14,0.05,False,,,8.829832950141281e-05,0.00010775983100752,False,True
2026-08-14 01:04:55,wood,monitor,C:/cira_batch_test/wood/bad_10.png,bad_10.png,anomaly,True,0.2777043879032135,0.2777043879032135,0.04761728488056512,0.04761728488056512,0.04497043639421463,False,False,16000,False,,False,0.0,cpu,patch_nearest_normal,last2,14,0.05,False,,,7.858180470066145e-05,0.00010775983100752,False,True
2026-08-14 01:04:57,wood,monitor,C:/cira_batch_test/wood/bad_11.png,bad_11.png,anomaly,True,0.08606530725955963,0.08606530725955963,0.04761728488056512,0.04761728488056512,0.04497043639421463,False,False,16000,False,,False,0.0,cpu,patch_nearest_normal,last2,14,0.05,False,,,7.14291600161232e-05,0.00010775983100752,False,True
2026-08-14 01:04:59,wood,monitor,C:/cira_batch_test/wood/bad_12.png,bad_12.png,anomaly,True,0.18334026634693146,0.18334026634693146,0.04761728488056512,0.04761728488056512,0.04497043639421463,False,False,16000,False,,False,0.0,cpu,patch_nearest_normal,last2,14,0.05,False,,,0.00013376460992731154,0.00010775983100752,False,False
2026-08-14 01:05:00,wood,monitor,C:/cira_batch_test/wood/bad_13.png,bad_13.png,anomaly,True,0.3154454231262207,0.3154454231262207,0.04761728488056512,0.04761728488056512,0.04497043639421463,False,False,16000,False,,False,0.0,cpu,patch_nearest_normal,last2,14,0.05,False,,,9.203379886457697e-05,0.00010775983100752,False,True
2026-08-14 01:05:02,wood,monitor,C:/cira_batch_test/wood/bad_14.png,bad_14.png,anomaly,True,0.23999524116516113,0.23999524116516113,0.04761728488056512,0.04761728488056512,0.04497043639421463,False,False,16000,False,,False,0.0,cpu,patch_nearest_normal,last2,14,0.05,False,,,9.428876364836469e-05,0.00010775983100752,False,True
2026-08-14 01:05:03,wood,monitor,C:/cira_batch_test/wood/bad_15.png,bad_15.png,anomaly,True,0.214952751994133,0.214952751994133,0.04761728488056512,0.04761728488056512,0.04497043639421463,False,False,16000,False,,False,0.0,cpu,patch_nearest_normal,last2,14,0.05,False,,,0.00011492949852254242,0.00010775983100752,False,False
2026-08-14 01:05:05,wood,monitor,C:/cira_batch_test/wood/bad_16.png,bad_16.png,anomaly,True,0.2178620994091034,0.2178620994091034,0.04761728488056512,0.04761728488056512,0.04497043639421463,False,False,16000,False,,False,0.0,cpu,patch_nearest_normal,last2,14,0.05,False,,,7.867005479056388e-05,0.00010775983100752,False,True
2026-08-14 01:05:06,wood,monitor,C:/cira_batch_test/wood/bad_17.png,bad_17.png,anomaly,True,0.3650740683078766,0.3650740683078766,0.04761728488056512,0.04761728488056512,0.04497043639421463,False,False,16000,False,,False,0.0,cpu,patch_nearest_normal,last2,14,0.05,False,,,9.250362199964002e-05,0.00010775983100752,False,True
2026-08-14 01:05:08,wood,monitor,C:/cira_batch_test/wood/bad_18.png,bad_18.png,anomaly,True,0.3986118733882904,0.3986118733882904,0.04761728488056512,0.04761728488056512,0.04497043639421463,False,False,16000,False,,False,0.0,cpu,patch_nearest_normal,last2,14,0.05,False,,,8.435091149294749e-05,0.00010775983100752,False,True
2026-08-14 01:05:09,wood,monitor,C:/cira_batch_test/wood/bad_19.png,bad_19.png,anomaly,True,0.21836884319782257,0.21836884319782257,0.04761728488056512,0.04761728488056512,0.04497043639421463,False,False,16000,False,,False,0.0,cpu,patch_nearest_normal,last2,14,0.05,False,,,9.818388207349926e-05,0.00010775983100752,False,True
2026-08-14 01:05:11,wood,monitor,C:/cira_batch_test/wood/bad_2.png,bad_2.png,anomaly,True,0.2760295271873474,0.2760295271873474,0.04761728488056512,0.04761728488056512,0.04497043639421463,False,False,16000,False,,False,0.0,cpu,patch_nearest_normal,last2,14,0.05,False,,,0.00010065219248645008,0.00010775983100752,False,True
2026-08-14 01:05:12,wood,monitor,C:/cira_batch_test/wood/bad_20.png,bad_20.png,anomaly,True,0.1708804816007614,0.1708804816007614,0.04761728488056512,0.04761728488056512,0.04497043639421463,False,False,16000,False,,False,0.0,cpu,patch_nearest_normal,last2,14,0.05,False,,,9.369037434225902e-05,0.00010775983100752,False,True
2026-08-14 01:05:14,wood,monitor,C:/cira_batch_test/wood/bad_3.png,bad_3.png,anomaly,True,0.25414711236953735,0.25414711236953735,0.04761728488056512,0.04761728488056512,0.04497043639421463,False,False,16000,False,,False,0.0,cpu,patch_nearest_normal,last2,14,0.05,False,,,0.00014728533278685063,0.00010775983100752,False,False
2026-08-14 01:05:15,wood,monitor,C:/cira_batch_test/wood/bad_4.png,bad_4.png,anomaly,True,0.3489580750465393,0.3489580750465393,0.04761728488056512,0.04761728488056512,0.04497043639421463,False,False,16000,False,,False,0.0,cpu,patch_nearest_normal,last2,14,0.05,False,,,9.315780334873125e-05,0.00010775983100752,False,True
2026-08-14 01:05:17,wood,monitor,C:/cira_batch_test/wood/bad_5.png,bad_5.png,anomaly,True,0.24019880592823029,0.24019880592823029,0.04761728488056512,0.04761728488056512,0.04497043639421463,False,False,16000,False,,False,0.0,cpu,patch_nearest_normal,last2,14,0.05,False,,,0.00011353100853739306,0.00010775983100752,False,False
2026-08-14 01:05:18,wood,monitor,C:/cira_batch_test/wood/bad_6.png,bad_6.png,anomaly,True,0.22265997529029846,0.22265997529029846,0.04761728488056512,0.04761728488056512,0.04497043639421463,False,False,16000,False,,False,0.0,cpu,patch_nearest_normal,last2,14,0.05,False,,,0.00012694478209596127,0.00010775983100752,False,False
2026-08-14 01:05:20,wood,monitor,C:/cira_batch_test/wood/bad_7.png,bad_7.png,anomaly,True,0.09873811155557632,0.09873811155557632,0.04761728488056512,0.04761728488056512,0.04497043639421463,False,False,16000,False,,False,0.0,cpu,patch_nearest_normal,last2,14,0.05,False,,,9.394992230227217e-05,0.00010775983100752,False,True
2026-08-14 01:05:21,wood,monitor,C:/cira_batch_test/wood/bad_8.png,bad_8.png,anomaly,True,0.22193972766399384,0.22193972766399384,0.04761728488056512,0.04761728488056512,0.04497043639421463,False,False,16000,False,,False,0.0,cpu,patch_nearest_normal,last2,14,0.05,False,,,8.249781967606395e-05,0.00010775983100752,False,True
2026-08-14 01:05:23,wood,monitor,C:/cira_batch_test/wood/bad_9.png,bad_9.png,anomaly,True,0.21411867439746857,0.21411867439746857,0.04761728488056512,0.04761728488056512,0.04497043639421463,False,False,16000,False,,False,0.0,cpu,patch_nearest_normal,last2,14,0.05,False,,,7.876438030507416e-05,0.00010775983100752,False,True
2026-08-14 01:05:25,wood,monitor,C:/cira_batch_test/wood/good_1.png,good_1.png,normal,False,0.035984765738248825,2.8610230629055877e-07,0.04761728488056512,0.04761728488056512,0.04497043639421463,False,True,16000,True,9.765905269887298e-05,True,0.002954252064228058,cpu,patch_nearest_normal,last2,14,0.05,False,,,9.334864444099367e-05,0.00010775983100752,True,True
2026-08-14 01:05:26,wood,monitor,C:/cira_batch_test/wood/good_10.png,good_10.png,anomaly,True,0.08992781490087509,0.08992781490087509,0.04761728488056512,0.04761728488056512,0.04497043639421463,False,False,16000,False,,False,0.0,cpu,patch_nearest_normal,last2,14,0.05,False,,,0.00010911675781244412,0.00010775983100752,False,False
2026-08-14 01:05:28,wood,monitor,C:/cira_batch_test/wood/good_11.png,good_11.png,normal,False,0.03607954457402229,2.682209014892578e-07,0.04761728488056512,0.04761728488056512,0.04497043639421463,False,True,16000,True,0.0001111719393520616,True,0.0025797539856284857,cpu,patch_nearest_normal,last2,14,0.05,False,,,0.00010497890616534278,0.00010775983100752,True,True
2026-08-14 01:05:30,wood,monitor,C:/cira_batch_test/wood/good_12.png,good_12.png,normal,False,0.026539187878370285,2.8610230629055877e-07,0.04761728488056512,0.04761728488056512,0.04497043639421463,False,True,16000,True,0.00011005855776602402,True,0.0025686658918857574,cpu,patch_nearest_normal,last2,14,0.05,False,,,0.00010227358870906755,0.00010775983100752,True,True
2026-08-14 01:05:31,wood,monitor,C:/cira_batch_test/wood/good_13.png,good_13.png,normal,False,0.02721402607858181,0.02721402607858181,0.04761728488056512,0.04761728488056512,0.04497043639421463,False,False,16000,False,,False,0.0,cpu,patch_nearest_normal,last2,14,0.05,False,,,0.00011081894626840949,0.00010775983100752,True,False
2026-08-14 01:05:33,wood,monitor,C:/cira_batch_test/wood/good_14.png,good_14.png,normal,False,0.027249127626419067,0.027249127626419067,0.04761728488056512,0.04761728488056512,0.04497043639421463,False,False,16000,False,,False,0.0,cpu,patch_nearest_normal,last2,14,0.05,False,,,0.00011631730740191415,0.00010775983100752,True,False
2026-08-14 01:05:35,wood,monitor,C:/cira_batch_test/wood/good_15.png,good_15.png,anomaly,True,0.051799703389406204,0.051799703389406204,0.04761728488056512,0.04761728488056512,0.04497043639421463,False,False,16000,False,,False,0.0,cpu,patch_nearest_normal,last2,14,0.05,False,,,9.230014984495938e-05,0.00010775983100752,False,True
2026-08-14 01:05:36,wood,monitor,C:/cira_batch_test/wood/good_16.png,good_16.png,normal,False,0.03689569979906082,2.9206276508375595e-07,0.04761728488056512,0.04761728488056512,0.04497043639421463,False,True,16000,True,0.0001123602778534405,True,0.0024368171580135822,cpu,patch_nearest_normal,last2,14,0.05,False,,,0.0001059307178365998,0.00010775983100752,True,True
2026-08-14 01:05:38,wood,monitor,C:/cira_batch_test/wood/good_17.png,good_17.png,normal,False,0.039968788623809814,3.516674098591466e-07,0.04761728488056512,0.04761728488056512,0.04497043639421463,False,True,16000,True,0.00011188679491169751,True,0.0024360278621315956,cpu,patch_nearest_normal,last2,14,0.05,False,,,0.00010293556988472119,0.00010775983100752,True,True
2026-08-14 01:05:40,wood,monitor,C:/cira_batch_test/wood/good_18.png,good_18.png,normal,False,0.03667796775698662,2.8610230629055877e-07,0.04761728488056512,0.04761728488056512,0.04497043639421463,False,True,16000,True,0.00010217949602520093,True,0.0024491625372320414,cpu,patch_nearest_normal,last2,14,0.05,False,,,9.255699114874005e-05,0.00010775983100752,True,True
2026-08-14 01:05:41,wood,monitor,C:/cira_batch_test/wood/good_19.png,good_19.png,normal,False,0.045813463628292084,0.045813463628292084,0.04761728488056512,0.04761728488056512,0.04497043639421463,False,False,16000,False,,False,0.0,cpu,patch_nearest_normal,last2,14,0.05,False,,,9.185826638713479e-05,0.00010775983100752,False,True
2026-08-14 01:05:43,wood,monitor,C:/cira_batch_test/wood/good_2.png,good_2.png,normal,False,0.024648940190672874,2.682209014892578e-07,0.04761728488056512,0.04761728488056512,0.04497043639421463,False,True,16000,True,9.453076927457005e-05,True,0.0024358725640922785,cpu,patch_nearest_normal,last2,14,0.05,False,,,8.857791544869542e-05,0.00010775983100752,True,True
2026-08-14 01:05:45,wood,monitor,C:/cira_batch_test/wood/good_20.png,good_20.png,normal,False,0.02519894763827324,3.2782554626464844e-07,0.04761728488056512,0.04761728488056512,0.04497043639421463,False,True,16000,True,9.523980406811461e-05,True,0.0024504251778125763,cpu,patch_nearest_normal,last2,14,0.05,False,,,9.350746404379606e-05,0.00010775983100752,True,True
2026-08-14 01:05:47,wood,monitor,C:/cira_batch_test/wood/good_3.png,good_3.png,normal,False,0.023026054725050926,2.9206276508375595e-07,0.04761728488056512,0.04761728488056512,0.04497043639421463,False,True,16000,True,8.872984471963719e-05,True,0.0024343517143279314,cpu,patch_nearest_normal,last2,14,0.05,False,,,7.911717693787068e-05,0.00010775983100752,True,True
2026-08-14 01:05:48,wood,monitor,C:/cira_batch_test/wood/good_4.png,good_4.png,normal,False,0.017434854060411453,2.5629998390286346e-07,0.04761728488056512,0.04761728488056512,0.04497043639421463,False,True,16000,True,8.319631888298318e-05,True,0.002426514634862542,cpu,patch_nearest_normal,last2,14,0.05,True,C:\cira_ttl_checkpoints\wood\patch_memory_bank_update_10.pt,C:\cira_ttl_checkpoints\wood\patch_adapter_update_10.pt,7.444502989528701e-05,0.00010775983100752,True,True
2026-08-14 01:05:50,wood,monitor,C:/cira_batch_test/wood/good_5.png,good_5.png,normal,False,0.020104264840483665,3.2186508747145126e-07,0.04761728488056512,0.04761728488056512,0.04497043639421463,False,True,16000,True,7.760841981507838e-05,True,0.002420723205432296,cpu,patch_nearest_normal,last2,14,0.05,False,,,7.289770292118192e-05,0.00010775983100752,True,True
2026-08-14 01:05:52,wood,monitor,C:/cira_batch_test/wood/good_6.png,good_6.png,normal,False,0.02044925093650818,2.8610230629055877e-07,0.04761728488056512,0.04761728488056512,0.04497043639421463,False,True,16000,True,7.635980000486597e-05,True,0.0024084101896733046,cpu,patch_nearest_normal,last2,14,0.05,False,,,7.321574230445549e-05,0.00010775983100752,True,True
2026-08-14 01:05:54,wood,monitor,C:/cira_batch_test/wood/good_7.png,good_7.png,normal,False,0.01857277750968933,3.099441414633475e-07,0.04761728488056512,0.04761728488056512,0.04497043639421463,False,True,16000,True,9.099609451368451e-05,True,0.0024212163407355547,cpu,patch_nearest_normal,last2,14,0.05,False,,,8.318931213580072e-05,0.00010775983100752,True,True
2026-08-14 01:05:55,wood,monitor,C:/cira_batch_test/wood/good_8.png,good_8.png,normal,False,0.03352320194244385,0.03352320194244385,0.04761728488056512,0.04761728488056512,0.04497043639421463,False,False,16000,False,,False,0.0,cpu,patch_nearest_normal,last2,14,0.05,False,,,0.00012706025154329836,0.00010775983100752,True,False
2026-08-14 01:05:57,wood,monitor,C:/cira_batch_test/wood/good_9.png,good_9.png,normal,False,0.03367173671722412,0.03367173671722412,0.04761728488056512,0.04761728488056512,0.04497043639421463,False,False,16000,False,,False,0.0,cpu,patch_nearest_normal,last2,14,0.05,False,,,0.000122566067148,0.00010775983100752,True,False
2026-08-14 01:05:58,zipper,monitor,C:/cira_batch_test/zipper/bad_1.png,bad_1.png,anomaly,True,0.032704222947359085,0.032704222947359085,0.026937176036772252,0.026937176036772252,0.026296453922986983,False,False,16000,False,,False,0.0,cpu,patch_nearest_normal,last2,14,0.05,False,,,0.00011439452646300197,0.00012004206546407001,False,True
2026-08-14 01:06:00,zipper,monitor,C:/cira_batch_test/zipper/bad_10.png,bad_10.png,normal,False,0.024993807077407837,3.039836826701503e-07,0.026937176036772252,0.026937176036772252,0.026296453922986983,False,True,16000,True,0.0001283334568142891,True,0.002981331432238221,cpu,patch_nearest_normal,last2,14,0.05,False,,,0.00010524978279136121,0.00012004206546407001,True,True
2026-08-14 01:06:02,zipper,monitor,C:/cira_batch_test/zipper/bad_11.png,bad_11.png,anomaly,True,0.034342847764492035,0.034342847764492035,0.026937176036772252,0.026937176036772252,0.026296453922986983,False,False,16000,False,,False,0.0,cpu,patch_nearest_normal,last2,14,0.05,False,,,0.00010234877845505252,0.00012004206546407001,False,True
2026-08-14 01:06:03,zipper,monitor,C:/cira_batch_test/zipper/bad_12.png,bad_12.png,normal,False,0.024094004184007645,3.159046286782541e-07,0.026937176036772252,0.026937176036772252,0.026296453922986983,False,True,16000,True,0.00010693124204408377,True,0.002755955560132861,cpu,patch_nearest_normal,last2,14,0.05,False,,,9.421543654752895e-05,0.00012004206546407001,True,True
2026-08-14 01:06:05,zipper,monitor,C:/cira_batch_test/zipper/bad_13.png,bad_13.png,anomaly,True,0.040053628385066986,0.040053628385066986,0.026937176036772252,0.026937176036772252,0.026296453922986983,False,False,16000,False,,False,0.0,cpu,patch_nearest_normal,last2,14,0.05,False,,,0.00011606799671426415,0.00012004206546407001,False,True
2026-08-14 01:06:06,zipper,monitor,C:/cira_batch_test/zipper/bad_14.png,bad_14.png,anomaly,True,0.04738398268818855,0.04738398268818855,0.026937176036772252,0.026937176036772252,0.026296453922986983,False,False,16000,False,,False,0.0,cpu,patch_nearest_normal,last2,14,0.05,False,,,0.00011022823309758678,0.00012004206546407001,False,True
2026-08-14 01:06:08,zipper,monitor,C:/cira_batch_test/zipper/bad_15.png,bad_15.png,anomaly,True,0.07040354609489441,0.07040354609489441,0.026937176036772252,0.026937176036772252,0.026296453922986983,False,False,16000,False,,False,0.0,cpu,patch_nearest_normal,last2,14,0.05,False,,,0.00011554767115740106,0.00012004206546407001,False,True
2026-08-14 01:06:09,zipper,monitor,C:/cira_batch_test/zipper/bad_16.png,bad_16.png,anomaly,True,0.048372991383075714,0.048372991383075714,0.026937176036772252,0.026937176036772252,0.026296453922986983,False,False,16000,False,,False,0.0,cpu,patch_nearest_normal,last2,14,0.05,False,,,0.00012189972767373547,0.00012004206546407001,False,False
2026-08-14 01:06:11,zipper,monitor,C:/cira_batch_test/zipper/bad_17.png,bad_17.png,anomaly,True,0.055010221898555756,0.055010221898555756,0.026937176036772252,0.026937176036772252,0.026296453922986983,False,False,16000,False,,False,0.0,cpu,patch_nearest_normal,last2,14,0.05,False,,,9.952495020115748e-05,0.00012004206546407001,False,True
2026-08-14 01:06:12,zipper,monitor,C:/cira_batch_test/zipper/bad_18.png,bad_18.png,anomaly,True,0.06969405710697174,0.06969405710697174,0.026937176036772252,0.026937176036772252,0.026296453922986983,False,False,16000,False,,False,0.0,cpu,patch_nearest_normal,last2,14,0.05,False,,,0.00010246848250972107,0.00012004206546407001,False,True
2026-08-14 01:06:14,zipper,monitor,C:/cira_batch_test/zipper/bad_19.png,bad_19.png,anomaly,True,0.05401768162846565,0.05401768162846565,0.026937176036772252,0.026937176036772252,0.026296453922986983,False,False,16000,False,,False,0.0,cpu,patch_nearest_normal,last2,14,0.05,False,,,0.00011315435403957963,0.00012004206546407001,False,True
2026-08-14 01:06:15,zipper,monitor,C:/cira_batch_test/zipper/bad_2.png,bad_2.png,anomaly,True,0.04652731493115425,0.04652731493115425,0.026937176036772252,0.026937176036772252,0.026296453922986983,False,False,16000,False,,False,0.0,cpu,patch_nearest_normal,last2,14,0.05,False,,,0.0001218566030729562,0.00012004206546407001,False,False
2026-08-14 01:06:17,zipper,monitor,C:/cira_batch_test/zipper/bad_20.png,bad_20.png,anomaly,True,0.04795002192258835,0.04795002192258835,0.026937176036772252,0.026937176036772252,0.026296453922986983,False,False,16000,False,,False,0.0,cpu,patch_nearest_normal,last2,14,0.05,False,,,0.00010531261068535969,0.00012004206546407001,False,True
2026-08-14 01:06:18,zipper,monitor,C:/cira_batch_test/zipper/bad_3.png,bad_3.png,anomaly,True,0.0291008111089468,0.0291008111089468,0.026937176036772252,0.026937176036772252,0.026296453922986983,False,False,16000,False,,False,0.0,cpu,patch_nearest_normal,last2,14,0.05,False,,,0.0001217756507685408,0.00012004206546407001,False,False
2026-08-14 01:06:20,zipper,monitor,C:/cira_batch_test/zipper/bad_4.png,bad_4.png,anomaly,True,0.10015213489532471,0.10015213489532471,0.026937176036772252,0.026937176036772252,0.026296453922986983,False,False,16000,False,,False,0.0,cpu,patch_nearest_normal,last2,14,0.05,False,,,0.00011604760948102921,0.00012004206546407001,False,True
2026-08-14 01:06:21,zipper,monitor,C:/cira_batch_test/zipper/bad_5.png,bad_5.png,anomaly,True,0.04061533883213997,0.04061533883213997,0.026937176036772252,0.026937176036772252,0.026296453922986983,False,False,16000,False,,False,0.0,cpu,patch_nearest_normal,last2,14,0.05,False,,,0.0001233402144862339,0.00012004206546407001,False,False
2026-08-14 01:06:23,zipper,monitor,C:/cira_batch_test/zipper/bad_6.png,bad_6.png,anomaly,True,0.08131708204746246,0.08131708204746246,0.026937176036772252,0.026937176036772252,0.026296453922986983,False,False,16000,False,,False,0.0,cpu,patch_nearest_normal,last2,14,0.05,False,,,0.00011024403647752479,0.00012004206546407001,False,True
2026-08-14 01:06:24,zipper,monitor,C:/cira_batch_test/zipper/bad_7.png,bad_7.png,anomaly,True,0.08882598578929901,0.08882598578929901,0.026937176036772252,0.026937176036772252,0.026296453922986983,False,False,16000,False,,False,0.0,cpu,patch_nearest_normal,last2,14,0.05,False,,,0.00011552042269613594,0.00012004206546407001,False,True
2026-08-14 01:06:26,zipper,monitor,C:/cira_batch_test/zipper/bad_8.png,bad_8.png,anomaly,True,0.14944498240947723,0.14944498240947723,0.026937176036772252,0.026937176036772252,0.026296453922986983,False,False,16000,False,,False,0.0,cpu,patch_nearest_normal,last2,14,0.05,False,,,0.00012450036592781544,0.00012004206546407001,False,False
2026-08-14 01:06:27,zipper,monitor,C:/cira_batch_test/zipper/bad_9.png,bad_9.png,anomaly,True,0.13843639194965363,0.13843639194965363,0.026937176036772252,0.026937176036772252,0.026296453922986983,False,False,16000,False,,False,0.0,cpu,patch_nearest_normal,last2,14,0.05,False,,,0.00010833963460754603,0.00012004206546407001,False,True
2026-08-14 01:06:29,zipper,monitor,C:/cira_batch_test/zipper/good_1.png,good_1.png,normal,False,0.02228718437254429,3.099441414633475e-07,0.026937176036772252,0.026937176036772252,0.026296453922986983,False,True,16000,True,0.0001239934645127505,True,0.0027048189658671618,cpu,patch_nearest_normal,last2,14,0.05,False,,,0.00011992048530373722,0.00012004206546407001,True,True
2026-08-14 01:06:31,zipper,monitor,C:/cira_batch_test/zipper/good_10.png,good_10.png,normal,False,0.023184258490800858,3.099441414633475e-07,0.026937176036772252,0.026937176036772252,0.026296453922986983,False,True,16000,True,0.00011844540858874097,True,0.0026628708001226187,cpu,patch_nearest_normal,last2,14,0.05,False,,,0.00010989463771693408,0.00012004206546407001,True,True
2026-08-14 01:06:32,zipper,monitor,C:/cira_batch_test/zipper/good_11.png,good_11.png,normal,False,0.018747478723526,2.682209014892578e-07,0.026937176036772252,0.026937176036772252,0.026296453922986983,False,True,16000,True,0.00010906991519732401,True,0.0026565110310912132,cpu,patch_nearest_normal,last2,14,0.05,False,,,0.00010074448800878599,0.00012004206546407001,True,True
2026-08-14 01:06:34,zipper,monitor,C:/cira_batch_test/zipper/good_12.png,good_12.png,normal,False,0.022402584552764893,2.980232238769531e-07,0.026937176036772252,0.026937176036772252,0.026296453922986983,False,True,16000,True,0.00011613120295805857,True,0.002656969241797924,cpu,patch_nearest_normal,last2,14,0.05,False,,,0.00010809923696797341,0.00012004206546407001,True,True
2026-08-14 01:06:36,zipper,monitor,C:/cira_batch_test/zipper/good_13.png,good_13.png,normal,False,0.024337053298950195,3.099441414633475e-07,0.026937176036772252,0.026937176036772252,0.026296453922986983,False,True,16000,True,0.00012176007294328883,True,0.0026472366880625486,cpu,patch_nearest_normal,last2,14,0.05,False,,,0.00010296077380189672,0.00012004206546407001,True,True
2026-08-14 01:06:37,zipper,monitor,C:/cira_batch_test/zipper/good_14.png,good_14.png,normal,False,0.01983601413667202,3.397464638510428e-07,0.026937176036772252,0.026937176036772252,0.026296453922986983,False,True,16000,True,0.00011972160427831113,True,0.002662855666130781,cpu,patch_nearest_normal,last2,14,0.05,False,,,0.00010954997560475022,0.00012004206546407001,True,True
2026-08-14 01:06:39,zipper,monitor,C:/cira_batch_test/zipper/good_15.png,good_15.png,normal,False,0.018506605178117752,2.682209014892578e-07,0.026937176036772252,0.026937176036772252,0.026296453922986983,False,True,16000,True,0.00012099646119168028,True,0.0026720636524260044,cpu,patch_nearest_normal,last2,14,0.05,False,,,0.00011279470345471054,0.00012004206546407001,True,True
2026-08-14 01:06:41,zipper,monitor,C:/cira_batch_test/zipper/good_16.png,good_16.png,normal,False,0.02227986976504326,0.02227986976504326,0.026937176036772252,0.026937176036772252,0.026296453922986983,False,False,16000,False,,False,0.0,cpu,patch_nearest_normal,last2,14,0.05,False,,,0.00012554379645735025,0.00012004206546407001,True,False
2026-08-14 01:06:42,zipper,monitor,C:/cira_batch_test/zipper/good_17.png,good_17.png,normal,False,0.02313113771378994,3.457069510659494e-07,0.026937176036772252,0.026937176036772252,0.026296453922986983,False,True,16000,True,0.0001238233089679852,True,0.00268149608746171,cpu,patch_nearest_normal,last2,14,0.05,True,C:\cira_ttl_checkpoints\zipper\patch_memory_bank_update_10.pt,C:\cira_ttl_checkpoints\zipper\patch_adapter_update_10.pt,0.00011040929530281574,0.00012004206546407001,True,True
2026-08-14 01:06:44,zipper,monitor,C:/cira_batch_test/zipper/good_18.png,good_18.png,normal,False,0.018957579508423805,2.6226044269606064e-07,0.026937176036772252,0.026937176036772252,0.026296453922986983,False,True,16000,True,0.00012694015458691865,True,0.002683785976842046,cpu,patch_nearest_normal,last2,14,0.05,False,,,0.00011489602184155956,0.00012004206546407001,True,True
2026-08-14 01:06:46,zipper,monitor,C:/cira_batch_test/zipper/good_19.png,good_19.png,normal,False,0.021459322422742844,2.980232238769531e-07,0.026937176036772252,0.026937176036772252,0.026296453922986983,False,True,16000,True,0.00011182443267898634,True,0.0026644461322575808,cpu,patch_nearest_normal,last2,14,0.05,False,,,0.00010683179425541312,0.00012004206546407001,True,True
2026-08-14 01:06:47,zipper,monitor,C:/cira_batch_test/zipper/good_2.png,good_2.png,normal,False,0.02612254023551941,2.8610230629055877e-07,0.026937176036772252,0.026937176036772252,0.026296453922986983,False,True,16000,True,0.00010516148176975548,True,0.002650648821145296,cpu,patch_nearest_normal,last2,14,0.05,False,,,0.00010366274364059791,0.00012004206546407001,True,True
2026-08-14 01:06:49,zipper,monitor,C:/cira_batch_test/zipper/good_20.png,good_20.png,normal,False,0.020420139655470848,3.337860050578456e-07,0.026937176036772252,0.026937176036772252,0.026296453922986983,False,True,16000,True,0.00012327387230470777,True,0.002649031113833189,cpu,patch_nearest_normal,last2,14,0.05,False,,,0.00010619753447826952,0.00012004206546407001,True,True
2026-08-14 01:06:51,zipper,monitor,C:/cira_batch_test/zipper/good_3.png,good_3.png,normal,False,0.021587753668427467,2.443790378947597e-07,0.026937176036772252,0.026937176036772252,0.026296453922986983,False,True,16000,True,0.00010716504766605794,True,0.0026338566094636917,cpu,patch_nearest_normal,last2,14,0.05,False,,,0.00010292127262800932,0.00012004206546407001,True,True
2026-08-14 01:06:53,zipper,monitor,C:/cira_batch_test/zipper/good_4.png,good_4.png,normal,False,0.02576778456568718,2.8610230629055877e-07,0.026937176036772252,0.026937176036772252,0.026296453922986983,False,True,16000,True,0.00011853987234644592,True,0.002638530917465687,cpu,patch_nearest_normal,last2,14,0.05,False,,,0.00010790910891955718,0.00012004206546407001,True,True
2026-08-14 01:06:54,zipper,monitor,C:/cira_batch_test/zipper/good_5.png,good_5.png,anomaly,True,0.027473216876387596,0.027473216876387596,0.026937176036772252,0.026937176036772252,0.026296453922986983,False,False,16000,False,,False,0.0,cpu,patch_nearest_normal,last2,14,0.05,False,,,9.871544170891866e-05,0.00012004206546407001,False,True
2026-08-14 01:06:56,zipper,monitor,C:/cira_batch_test/zipper/good_6.png,good_6.png,normal,False,0.019587159156799316,3.397464638510428e-07,0.026937176036772252,0.026937176036772252,0.026296453922986983,False,True,16000,True,0.00011771007120842114,True,0.0026381858624517918,cpu,patch_nearest_normal,last2,14,0.05,False,,,0.0001155594945885241,0.00012004206546407001,True,True
2026-08-14 01:06:57,zipper,monitor,C:/cira_batch_test/zipper/good_7.png,good_7.png,normal,False,0.01957944594323635,2.0265579792067e-07,0.026937176036772252,0.026937176036772252,0.026296453922986983,False,True,16000,True,0.00011946192535106093,True,0.00263720634393394,cpu,patch_nearest_normal,last2,14,0.05,False,,,0.000104578270111233,0.00012004206546407001,True,True
2026-08-14 01:06:59,zipper,monitor,C:/cira_batch_test/zipper/good_8.png,good_8.png,normal,False,0.026338201016187668,0.026338201016187668,0.026937176036772252,0.026937176036772252,0.026296453922986983,False,False,16000,False,,False,0.0,cpu,patch_nearest_normal,last2,14,0.05,False,,,0.00010686997120501474,0.00012004206546407001,False,True
2026-08-14 01:07:01,zipper,monitor,C:/cira_batch_test/zipper/good_9.png,good_9.png,normal,False,0.02139567770063877,2.443790378947597e-07,0.026937176036772252,0.026937176036772252,0.026296453922986983,False,True,16000,True,0.00012157596938777715,True,0.002642478095367551,cpu,patch_nearest_normal,last2,14,0.05,False,,,0.00011217215069336817,0.00012004206546407001,True,True
