timestamp,category,mode,image_path,file_name,label,is_anomaly,score_before,anomaly_score,threshold,anomaly_threshold,update_threshold,threshold_reloaded,updated_memory,memory_size,update_allowed,update_loss,adapter_updated,adapter_delta_norm,device,score_method,feature_choice,patch_grid,patch_top_fraction,checkpoint_saved,checkpoint_memory_path,checkpoint_adapter_path,consistency_error,consistency_threshold,score_gate_pass,consistency_gate_pass
2026-08-14 22:41:24,bottle,monitor,C:/cira_batch_test/bottle/bad_1.png,bad_1.png,anomaly,True,0.05840110033750534,0.05840110033750534,0.02815022391963134,0.02815022391963134,0.02531116753816605,False,False,16000,False,,False,0.0,cpu,patch_nearest_normal,last2,14,0.05,False,,,0.0001096734413295053,0.00011476924591981,False,True
2026-08-14 22:41:25,bottle,monitor,C:/cira_batch_test/bottle/bad_10.png,bad_10.png,anomaly,True,0.1676427572965622,0.1676427572965622,0.02815022391963134,0.02815022391963134,0.02531116753816605,False,False,16000,False,,False,0.0,cpu,patch_nearest_normal,last2,14,0.05,False,,,0.0001304937613895163,0.00011476924591981,False,False
2026-08-14 22:41:27,bottle,monitor,C:/cira_batch_test/bottle/bad_11.png,bad_11.png,anomaly,True,0.0585472397506237,0.0585472397506237,0.02815022391963134,0.02815022391963134,0.02531116753816605,False,False,16000,False,,False,0.0,cpu,patch_nearest_normal,last2,14,0.05,False,,,0.00010202050907537341,0.00011476924591981,False,True
2026-08-14 22:41:28,bottle,monitor,C:/cira_batch_test/bottle/bad_12.png,bad_12.png,anomaly,True,0.22920450568199158,0.22920450568199158,0.02815022391963134,0.02815022391963134,0.02531116753816605,False,False,16000,False,,False,0.0,cpu,patch_nearest_normal,last2,14,0.05,False,,,0.00011167488992214203,0.00011476924591981,False,True
2026-08-14 22:41:30,bottle,monitor,C:/cira_batch_test/bottle/bad_13.png,bad_13.png,anomaly,True,0.27056264877319336,0.27056264877319336,0.02815022391963134,0.02815022391963134,0.02531116753816605,False,False,16000,False,,False,0.0,cpu,patch_nearest_normal,last2,14,0.05,False,,,0.0001308632781729102,0.00011476924591981,False,False
2026-08-14 22:41:31,bottle,monitor,C:/cira_batch_test/bottle/bad_14.png,bad_14.png,anomaly,True,0.17526283860206604,0.17526283860206604,0.02815022391963134,0.02815022391963134,0.02531116753816605,False,False,16000,False,,False,0.0,cpu,patch_nearest_normal,last2,14,0.05,False,,,0.00011636393901426345,0.00011476924591981,False,False
2026-08-14 22:41:33,bottle,monitor,C:/cira_batch_test/bottle/bad_15.png,bad_15.png,anomaly,True,0.4275619089603424,0.4275619089603424,0.02815022391963134,0.02815022391963134,0.02531116753816605,False,False,16000,False,,False,0.0,cpu,patch_nearest_normal,last2,14,0.05,False,,,0.00013063030201010406,0.00011476924591981,False,False
2026-08-14 22:41:34,bottle,monitor,C:/cira_batch_test/bottle/bad_16.png,bad_16.png,anomaly,True,0.3065595328807831,0.3065595328807831,0.02815022391963134,0.02815022391963134,0.02531116753816605,False,False,16000,False,,False,0.0,cpu,patch_nearest_normal,last2,14,0.05,False,,,0.00010998296056641266,0.00011476924591981,False,True
2026-08-14 22:41:36,bottle,monitor,C:/cira_batch_test/bottle/bad_17.png,bad_17.png,anomaly,True,0.19286920130252838,0.19286920130252838,0.02815022391963134,0.02815022391963134,0.02531116753816605,False,False,16000,False,,False,0.0,cpu,patch_nearest_normal,last2,14,0.05,False,,,0.00011196554987691343,0.00011476924591981,False,True
2026-08-14 22:41:37,bottle,monitor,C:/cira_batch_test/bottle/bad_18.png,bad_18.png,anomaly,True,0.18448753654956818,0.18448753654956818,0.02815022391963134,0.02815022391963134,0.02531116753816605,False,False,16000,False,,False,0.0,cpu,patch_nearest_normal,last2,14,0.05,False,,,0.0001333458931185305,0.00011476924591981,False,False
2026-08-14 22:41:39,bottle,monitor,C:/cira_batch_test/bottle/bad_19.png,bad_19.png,anomaly,True,0.20097923278808594,0.20097923278808594,0.02815022391963134,0.02815022391963134,0.02531116753816605,False,False,16000,False,,False,0.0,cpu,patch_nearest_normal,last2,14,0.05,False,,,0.00010652679338818416,0.00011476924591981,False,True
2026-08-14 22:41:40,bottle,monitor,C:/cira_batch_test/bottle/bad_2.png,bad_2.png,anomaly,True,0.0872659832239151,0.0872659832239151,0.02815022391963134,0.02815022391963134,0.02531116753816605,False,False,16000,False,,False,0.0,cpu,patch_nearest_normal,last2,14,0.05,False,,,0.0001092900856747292,0.00011476924591981,False,True
2026-08-14 22:41:42,bottle,monitor,C:/cira_batch_test/bottle/bad_20.png,bad_20.png,anomaly,True,0.2113770991563797,0.2113770991563797,0.02815022391963134,0.02815022391963134,0.02531116753816605,False,False,16000,False,,False,0.0,cpu,patch_nearest_normal,last2,14,0.05,False,,,0.0001149401068687439,0.00011476924591981,False,False
2026-08-14 22:41:43,bottle,monitor,C:/cira_batch_test/bottle/bad_3.png,bad_3.png,anomaly,True,0.190205380320549,0.190205380320549,0.02815022391963134,0.02815022391963134,0.02531116753816605,False,False,16000,False,,False,0.0,cpu,patch_nearest_normal,last2,14,0.05,False,,,0.00011508027091622353,0.00011476924591981,False,False
2026-08-14 22:41:45,bottle,monitor,C:/cira_batch_test/bottle/bad_4.png,bad_4.png,anomaly,True,0.20700085163116455,0.20700085163116455,0.02815022391963134,0.02815022391963134,0.02531116753816605,False,False,16000,False,,False,0.0,cpu,patch_nearest_normal,last2,14,0.05,False,,,0.0001165366338682361,0.00011476924591981,False,False
2026-08-14 22:41:46,bottle,monitor,C:/cira_batch_test/bottle/bad_5.png,bad_5.png,anomaly,True,0.31928688287734985,0.31928688287734985,0.02815022391963134,0.02815022391963134,0.02531116753816605,False,False,16000,False,,False,0.0,cpu,patch_nearest_normal,last2,14,0.05,False,,,0.0001396096486132592,0.00011476924591981,False,False
2026-08-14 22:41:48,bottle,monitor,C:/cira_batch_test/bottle/bad_6.png,bad_6.png,anomaly,True,0.23199403285980225,0.23199403285980225,0.02815022391963134,0.02815022391963134,0.02531116753816605,False,False,16000,False,,False,0.0,cpu,patch_nearest_normal,last2,14,0.05,False,,,0.0001160879255621694,0.00011476924591981,False,False
2026-08-14 22:41:49,bottle,monitor,C:/cira_batch_test/bottle/bad_7.png,bad_7.png,anomaly,True,0.32217347621917725,0.32217347621917725,0.02815022391963134,0.02815022391963134,0.02531116753816605,False,False,16000,False,,False,0.0,cpu,patch_nearest_normal,last2,14,0.05,False,,,0.00011301416816422716,0.00011476924591981,False,True
2026-08-14 22:41:50,bottle,monitor,C:/cira_batch_test/bottle/bad_8.png,bad_8.png,anomaly,True,0.2799452245235443,0.2799452245235443,0.02815022391963134,0.02815022391963134,0.02531116753816605,False,False,16000,False,,False,0.0,cpu,patch_nearest_normal,last2,14,0.05,False,,,0.0001357199071208015,0.00011476924591981,False,False
2026-08-14 22:41:52,bottle,monitor,C:/cira_batch_test/bottle/bad_9.png,bad_9.png,anomaly,True,0.32232242822647095,0.32232242822647095,0.02815022391963134,0.02815022391963134,0.02531116753816605,False,False,16000,False,,False,0.0,cpu,patch_nearest_normal,last2,14,0.05,False,,,0.00013402497279457748,0.00011476924591981,False,False
2026-08-14 22:41:54,bottle,monitor,C:/cira_batch_test/bottle/good_1.png,good_1.png,normal,False,0.025081897154450417,2.74181360282455e-07,0.02815022391963134,0.02815022391963134,0.02531116753816605,False,True,16000,True,0.00012309293379075825,True,0.0029832639265805483,cpu,patch_nearest_normal,last2,14,0.05,False,,,0.0001061028815456666,0.00011476924591981,True,True
2026-08-14 22:41:55,bottle,monitor,C:/cira_batch_test/bottle/good_10.png,good_10.png,normal,False,0.02656003274023533,0.02656003274023533,0.02815022391963134,0.02815022391963134,0.02531116753816605,False,False,16000,False,,False,0.0,cpu,patch_nearest_normal,last2,14,0.05,False,,,0.0001108107971958816,0.00011476924591981,False,True
2026-08-14 22:41:57,bottle,monitor,C:/cira_batch_test/bottle/good_11.png,good_11.png,normal,False,0.01717017963528633,2.5629998390286346e-07,0.02815022391963134,0.02815022391963134,0.02531116753816605,False,True,16000,True,0.00011864022235386074,True,0.0028508915565907955,cpu,patch_nearest_normal,last2,14,0.05,False,,,0.00010731769725680351,0.00011476924591981,True,True
2026-08-14 22:41:59,bottle,monitor,C:/cira_batch_test/bottle/good_12.png,good_12.png,normal,False,0.019681835547089577,2.8610230629055877e-07,0.02815022391963134,0.02815022391963134,0.02531116753816605,False,True,16000,True,0.00011265939247095957,True,0.0027791026514023542,cpu,patch_nearest_normal,last2,14,0.05,False,,,0.00010145111446036026,0.00011476924591981,True,True
2026-08-14 22:42:00,bottle,monitor,C:/cira_batch_test/bottle/good_13.png,good_13.png,normal,False,0.023293202742934227,2.682209014892578e-07,0.02815022391963134,0.02815022391963134,0.02531116753816605,False,True,16000,True,0.00012056830018991604,True,0.0027447438333183527,cpu,patch_nearest_normal,last2,14,0.05,False,,,0.00010316608677385375,0.00011476924591981,True,True
2026-08-14 22:42:02,bottle,monitor,C:/cira_batch_test/bottle/good_14.png,good_14.png,normal,False,0.023551220074295998,2.682209014892578e-07,0.02815022391963134,0.02815022391963134,0.02531116753816605,False,True,16000,True,0.00011703365453286096,True,0.0027289632707834244,cpu,patch_nearest_normal,last2,14,0.05,False,,,9.946375212166458e-05,0.00011476924591981,True,True
2026-08-14 22:42:04,bottle,monitor,C:/cira_batch_test/bottle/good_15.png,good_15.png,normal,False,0.02206161618232727,2.8014181907565217e-07,0.02815022391963134,0.02815022391963134,0.02531116753816605,False,True,16000,True,0.0001133455807575956,True,0.0027201492339372635,cpu,patch_nearest_normal,last2,14,0.05,False,,,9.954591223504394e-05,0.00011476924591981,True,True
2026-08-14 22:42:05,bottle,monitor,C:/cira_batch_test/bottle/good_16.png,good_16.png,normal,False,0.024213075637817383,3.159046286782541e-07,0.02815022391963134,0.02815022391963134,0.02531116753816605,False,True,16000,True,0.00011764294322347268,True,0.002720744116231799,cpu,patch_nearest_normal,last2,14,0.05,False,,,0.00010921184730250388,0.00011476924591981,True,True
2026-08-14 22:42:07,bottle,monitor,C:/cira_batch_test/bottle/good_17.png,good_17.png,normal,False,0.02187931537628174,2.682209014892578e-07,0.02815022391963134,0.02815022391963134,0.02531116753816605,False,True,16000,True,0.00011433768668211997,True,0.0027096886187791824,cpu,patch_nearest_normal,last2,14,0.05,False,,,0.00010216882947133854,0.00011476924591981,True,True
2026-08-14 22:42:09,bottle,monitor,C:/cira_batch_test/bottle/good_18.png,good_18.png,normal,False,0.01736295223236084,2.682209014892578e-07,0.02815022391963134,0.02815022391963134,0.02531116753816605,False,True,16000,True,0.00011570485366974026,True,0.0027140353340655565,cpu,patch_nearest_normal,last2,14,0.05,False,,,0.00010607526201056316,0.00011476924591981,True,True
2026-08-14 22:42:11,bottle,monitor,C:/cira_batch_test/bottle/good_19.png,good_19.png,normal,False,0.01668228581547737,3.039836826701503e-07,0.02815022391963134,0.02815022391963134,0.02531116753816605,False,True,16000,True,0.00011601730511756614,True,0.0027147294022142887,cpu,patch_nearest_normal,last2,14,0.05,True,C:\cira_ttl_checkpoints\bottle\patch_memory_bank_update_10.pt,C:\cira_ttl_checkpoints\bottle\patch_adapter_update_10.pt,0.0001033965454553254,0.00011476924591981,True,True
2026-08-14 22:42:12,bottle,monitor,C:/cira_batch_test/bottle/good_2.png,good_2.png,normal,False,0.0236057098954916,2.682209014892578e-07,0.02815022391963134,0.02815022391963134,0.02531116753816605,False,True,16000,True,0.00012416283425409347,True,0.0027098916471004486,cpu,patch_nearest_normal,last2,14,0.05,False,,,0.0001128945077653043,0.00011476924591981,True,True
2026-08-14 22:42:14,bottle,monitor,C:/cira_batch_test/bottle/good_20.png,good_20.png,normal,False,0.023490101099014282,3.159046286782541e-07,0.02815022391963134,0.02815022391963134,0.02531116753816605,False,True,16000,True,0.00011973231448791921,True,0.0027117652352899313,cpu,patch_nearest_normal,last2,14,0.05,False,,,0.00010507727711228654,0.00011476924591981,True,True
2026-08-14 22:42:16,bottle,monitor,C:/cira_batch_test/bottle/good_3.png,good_3.png,normal,False,0.021469390019774437,2.384185791015625e-07,0.02815022391963134,0.02815022391963134,0.02531116753816605,False,True,16000,True,0.0001139731757575646,True,0.002703597769141197,cpu,patch_nearest_normal,last2,14,0.05,False,,,9.425509051652625e-05,0.00011476924591981,True,True
2026-08-14 22:42:18,bottle,monitor,C:/cira_batch_test/bottle/good_4.png,good_4.png,normal,False,0.0180983729660511,2.682209014892578e-07,0.02815022391963134,0.02815022391963134,0.02531116753816605,False,True,16000,True,0.0001154427882283926,True,0.0027023099828511477,cpu,patch_nearest_normal,last2,14,0.05,False,,,0.0001045881726895459,0.00011476924591981,True,True
2026-08-14 22:42:19,bottle,monitor,C:/cira_batch_test/bottle/good_5.png,good_5.png,normal,False,0.013590293936431408,2.6226044269606064e-07,0.02815022391963134,0.02815022391963134,0.02531116753816605,False,True,16000,True,0.0001163000997621566,True,0.002696109237149358,cpu,patch_nearest_normal,last2,14,0.05,False,,,0.00010794364789035171,0.00011476924591981,True,True
2026-08-14 22:42:21,bottle,monitor,C:/cira_batch_test/bottle/good_6.png,good_6.png,normal,False,0.017028415575623512,3.099441414633475e-07,0.02815022391963134,0.02815022391963134,0.02531116753816605,False,True,16000,True,0.00011137043475173414,True,0.002693080110475421,cpu,patch_nearest_normal,last2,14,0.05,False,,,0.00010006217053160071,0.00011476924591981,True,True
2026-08-14 22:42:22,bottle,monitor,C:/cira_batch_test/bottle/good_7.png,good_7.png,anomaly,True,0.034609634429216385,0.034609634429216385,0.02815022391963134,0.02815022391963134,0.02531116753816605,False,False,16000,False,,False,0.0,cpu,patch_nearest_normal,last2,14,0.05,False,,,0.0001095807456295006,0.00011476924591981,False,True
2026-08-14 22:42:24,bottle,monitor,C:/cira_batch_test/bottle/good_8.png,good_8.png,normal,False,0.019993001595139503,2.384185791015625e-07,0.02815022391963134,0.02815022391963134,0.02531116753816605,False,True,16000,True,0.00011035839270334691,True,0.0026792038697749376,cpu,patch_nearest_normal,last2,14,0.05,False,,,9.934554691426456e-05,0.00011476924591981,True,True
2026-08-14 22:42:26,bottle,monitor,C:/cira_batch_test/bottle/good_9.png,good_9.png,normal,False,0.022942066192626953,2.5629998390286346e-07,0.02815022391963134,0.02815022391963134,0.02531116753816605,False,True,16000,True,0.00012147911184001714,True,0.0026714603882282972,cpu,patch_nearest_normal,last2,14,0.05,False,,,0.00010003221541410312,0.00011476924591981,True,True
2026-08-14 22:42:27,cable,monitor,C:/cira_batch_test/cable/bad_1.png,bad_1.png,anomaly,True,0.2560812830924988,0.2560812830924988,0.09852251798848576,0.09852251798848576,0.08661089912056923,False,False,16000,False,,False,0.0,cpu,patch_nearest_normal,last2,14,0.05,False,,,0.00015634862938895822,0.00019554235113892002,False,True
2026-08-14 22:42:29,cable,monitor,C:/cira_batch_test/cable/bad_10.png,bad_10.png,anomaly,True,0.11330725252628326,0.11330725252628326,0.09852251798848576,0.09852251798848576,0.08661089912056923,False,False,16000,False,,False,0.0,cpu,patch_nearest_normal,last2,14,0.05,False,,,0.0001793366391211748,0.00019554235113892002,False,True
2026-08-14 22:42:31,cable,monitor,C:/cira_batch_test/cable/bad_11.png,bad_11.png,anomaly,True,0.19220919907093048,0.19220919907093048,0.09852251798848576,0.09852251798848576,0.08661089912056923,False,False,16000,False,,False,0.0,cpu,patch_nearest_normal,last2,14,0.05,False,,,0.00017149826453533024,0.00019554235113892002,False,True
2026-08-14 22:42:32,cable,monitor,C:/cira_batch_test/cable/bad_12.png,bad_12.png,anomaly,True,0.10627879947423935,0.10627879947423935,0.09852251798848576,0.09852251798848576,0.08661089912056923,False,False,16000,False,,False,0.0,cpu,patch_nearest_normal,last2,14,0.05,False,,,0.00014841258234810084,0.00019554235113892002,False,True
2026-08-14 22:42:34,cable,monitor,C:/cira_batch_test/cable/bad_13.png,bad_13.png,anomaly,True,0.11107983440160751,0.11107983440160751,0.09852251798848576,0.09852251798848576,0.08661089912056923,False,False,16000,False,,False,0.0,cpu,patch_nearest_normal,last2,14,0.05,False,,,0.0001625024451641366,0.00019554235113892002,False,True
2026-08-14 22:42:35,cable,monitor,C:/cira_batch_test/cable/bad_14.png,bad_14.png,anomaly,True,0.10263369977474213,0.10263369977474213,0.09852251798848576,0.09852251798848576,0.08661089912056923,False,False,16000,False,,False,0.0,cpu,patch_nearest_normal,last2,14,0.05,False,,,0.0001945740805240348,0.00019554235113892002,False,True
2026-08-14 22:42:37,cable,monitor,C:/cira_batch_test/cable/bad_15.png,bad_15.png,anomaly,True,0.21952275931835175,0.21952275931835175,0.09852251798848576,0.09852251798848576,0.08661089912056923,False,False,16000,False,,False,0.0,cpu,patch_nearest_normal,last2,14,0.05,False,,,0.00017195114924106747,0.00019554235113892002,False,True
2026-08-14 22:42:38,cable,monitor,C:/cira_batch_test/cable/bad_16.png,bad_16.png,anomaly,True,0.2695935070514679,0.2695935070514679,0.09852251798848576,0.09852251798848576,0.08661089912056923,False,False,16000,False,,False,0.0,cpu,patch_nearest_normal,last2,14,0.05,False,,,0.0001759818842401728,0.00019554235113892002,False,True
2026-08-14 22:42:40,cable,monitor,C:/cira_batch_test/cable/bad_17.png,bad_17.png,anomaly,True,0.14945992827415466,0.14945992827415466,0.09852251798848576,0.09852251798848576,0.08661089912056923,False,False,16000,False,,False,0.0,cpu,patch_nearest_normal,last2,14,0.05,False,,,0.00018424203153699636,0.00019554235113892002,False,True
2026-08-14 22:42:41,cable,monitor,C:/cira_batch_test/cable/bad_18.png,bad_18.png,anomaly,True,0.24616484344005585,0.24616484344005585,0.09852251798848576,0.09852251798848576,0.08661089912056923,False,False,16000,False,,False,0.0,cpu,patch_nearest_normal,last2,14,0.05,False,,,0.00014892769104335457,0.00019554235113892002,False,True
2026-08-14 22:42:43,cable,monitor,C:/cira_batch_test/cable/bad_19.png,bad_19.png,normal,False,0.09412307292222977,0.09412307292222977,0.09852251798848576,0.09852251798848576,0.08661089912056923,False,False,16000,False,,False,0.0,cpu,patch_nearest_normal,last2,14,0.05,False,,,0.00015053586685098708,0.00019554235113892002,False,True
2026-08-14 22:42:44,cable,monitor,C:/cira_batch_test/cable/bad_2.png,bad_2.png,anomaly,True,0.29285189509391785,0.29285189509391785,0.09852251798848576,0.09852251798848576,0.08661089912056923,False,False,16000,False,,False,0.0,cpu,patch_nearest_normal,last2,14,0.05,False,,,0.00017444210243411362,0.00019554235113892002,False,True
2026-08-14 22:42:46,cable,monitor,C:/cira_batch_test/cable/bad_20.png,bad_20.png,anomaly,True,0.19632980227470398,0.19632980227470398,0.09852251798848576,0.09852251798848576,0.08661089912056923,False,False,16000,False,,False,0.0,cpu,patch_nearest_normal,last2,14,0.05,False,,,0.00018281961092725396,0.00019554235113892002,False,True
2026-08-14 22:42:47,cable,monitor,C:/cira_batch_test/cable/bad_3.png,bad_3.png,anomaly,True,0.15526704490184784,0.15526704490184784,0.09852251798848576,0.09852251798848576,0.08661089912056923,False,False,16000,False,,False,0.0,cpu,patch_nearest_normal,last2,14,0.05,False,,,0.00018289376748725772,0.00019554235113892002,False,True
2026-08-14 22:42:49,cable,monitor,C:/cira_batch_test/cable/bad_4.png,bad_4.png,anomaly,True,0.3760477304458618,0.3760477304458618,0.09852251798848576,0.09852251798848576,0.08661089912056923,False,False,16000,False,,False,0.0,cpu,patch_nearest_normal,last2,14,0.05,False,,,0.00016621319809928536,0.00019554235113892002,False,True
2026-08-14 22:42:50,cable,monitor,C:/cira_batch_test/cable/bad_5.png,bad_5.png,anomaly,True,0.13731804490089417,0.13731804490089417,0.09852251798848576,0.09852251798848576,0.08661089912056923,False,False,16000,False,,False,0.0,cpu,patch_nearest_normal,last2,14,0.05,False,,,0.0001856582675827667,0.00019554235113892002,False,True
2026-08-14 22:42:52,cable,monitor,C:/cira_batch_test/cable/bad_6.png,bad_6.png,anomaly,True,0.24352876842021942,0.24352876842021942,0.09852251798848576,0.09852251798848576,0.08661089912056923,False,False,16000,False,,False,0.0,cpu,patch_nearest_normal,last2,14,0.05,False,,,0.0001721700100461021,0.00019554235113892002,False,True
2026-08-14 22:42:54,cable,monitor,C:/cira_batch_test/cable/bad_7.png,bad_7.png,anomaly,True,0.1334688514471054,0.1334688514471054,0.09852251798848576,0.09852251798848576,0.08661089912056923,False,False,16000,False,,False,0.0,cpu,patch_nearest_normal,last2,14,0.05,False,,,0.00016593751206528395,0.00019554235113892002,False,True
2026-08-14 22:42:55,cable,monitor,C:/cira_batch_test/cable/bad_8.png,bad_8.png,anomaly,True,0.12718647718429565,0.12718647718429565,0.09852251798848576,0.09852251798848576,0.08661089912056923,False,False,16000,False,,False,0.0,cpu,patch_nearest_normal,last2,14,0.05,False,,,0.00017819397908169776,0.00019554235113892002,False,True
2026-08-14 22:42:57,cable,monitor,C:/cira_batch_test/cable/bad_9.png,bad_9.png,anomaly,True,0.15827807784080505,0.15827807784080505,0.09852251798848576,0.09852251798848576,0.08661089912056923,False,False,16000,False,,False,0.0,cpu,patch_nearest_normal,last2,14,0.05,False,,,0.00017747681704349816,0.00019554235113892002,False,True
2026-08-14 22:42:58,cable,monitor,C:/cira_batch_test/cable/good_1.png,good_1.png,normal,False,0.08960090577602386,0.08960090577602386,0.09852251798848576,0.09852251798848576,0.08661089912056923,False,False,16000,False,,False,0.0,cpu,patch_nearest_normal,last2,14,0.05,False,,,0.00015303213149309158,0.00019554235113892002,False,True
2026-08-14 22:43:00,cable,monitor,C:/cira_batch_test/cable/good_10.png,good_10.png,normal,False,0.08573716133832932,3.814697322468419e-07,0.09852251798848576,0.09852251798848576,0.08661089912056923,False,True,16000,True,0.00018808802997227758,True,0.0030007094610482454,cpu,patch_nearest_normal,last2,14,0.05,False,,,0.00017249725351575762,0.00019554235113892002,True,True
2026-08-14 22:43:02,cable,monitor,C:/cira_batch_test/cable/good_11.png,good_11.png,normal,False,0.07874155789613724,2.980232238769531e-07,0.09852251798848576,0.09852251798848576,0.08661089912056923,False,True,16000,True,0.00020152298384346068,True,0.002698820549994707,cpu,patch_nearest_normal,last2,14,0.05,False,,,0.00018137172446586192,0.00019554235113892002,True,True
2026-08-14 22:43:03,cable,monitor,C:/cira_batch_test/cable/good_12.png,good_12.png,normal,False,0.0794772282242775,2.682209014892578e-07,0.09852251798848576,0.09852251798848576,0.08661089912056923,False,True,16000,True,0.00018376423395238817,True,0.0025873081758618355,cpu,patch_nearest_normal,last2,14,0.05,False,,,0.0001587727601872757,0.00019554235113892002,True,True
2026-08-14 22:43:05,cable,monitor,C:/cira_batch_test/cable/good_13.png,good_13.png,normal,False,0.07496973872184753,3.635883274455409e-07,0.09852251798848576,0.09852251798848576,0.08661089912056923,False,True,16000,True,0.00018070614896714687,True,0.0025371788069605827,cpu,patch_nearest_normal,last2,14,0.05,False,,,0.0001793370902305469,0.00019554235113892002,True,True
2026-08-14 22:43:07,cable,monitor,C:/cira_batch_test/cable/good_14.png,good_14.png,normal,False,0.09584686905145645,0.09584686905145645,0.09852251798848576,0.09852251798848576,0.08661089912056923,False,False,16000,False,,False,0.0,cpu,patch_nearest_normal,last2,14,0.05,False,,,0.00017058762023225427,0.00019554235113892002,False,True
2026-08-14 22:43:08,cable,monitor,C:/cira_batch_test/cable/good_15.png,good_15.png,normal,False,0.07565831393003464,2.74181360282455e-07,0.09852251798848576,0.09852251798848576,0.08661089912056923,False,True,16000,True,0.00018842385907191783,True,0.0025243242271244526,cpu,patch_nearest_normal,last2,14,0.05,False,,,0.00017146393656730652,0.00019554235113892002,True,True
2026-08-14 22:43:10,cable,monitor,C:/cira_batch_test/cable/good_16.png,good_16.png,normal,False,0.07585351914167404,2.8014181907565217e-07,0.09852251798848576,0.09852251798848576,0.08661089912056923,False,True,16000,True,0.00017672839749138802,True,0.002513081766664982,cpu,patch_nearest_normal,last2,14,0.05,False,,,0.00016043835785239935,0.00019554235113892002,True,True
2026-08-14 22:43:12,cable,monitor,C:/cira_batch_test/cable/good_17.png,good_17.png,normal,False,0.08342116326093674,3.159046286782541e-07,0.09852251798848576,0.09852251798848576,0.08661089912056923,False,True,16000,True,0.00017739913892000914,True,0.0024978152941912413,cpu,patch_nearest_normal,last2,14,0.05,False,,,0.00016820190649013966,0.00019554235113892002,True,True
2026-08-14 22:43:14,cable,monitor,C:/cira_batch_test/cable/good_18.png,good_18.png,normal,False,0.06863491982221603,2.74181360282455e-07,0.09852251798848576,0.09852251798848576,0.08661089912056923,False,True,16000,True,0.00019031028205063194,True,0.002502202522009611,cpu,patch_nearest_normal,last2,14,0.05,False,,,0.00015955515846144408,0.00019554235113892002,True,True
2026-08-14 22:43:16,cable,monitor,C:/cira_batch_test/cable/good_19.png,good_19.png,normal,False,0.06704393774271011,2.8610230629055877e-07,0.09852251798848576,0.09852251798848576,0.08661089912056923,False,True,16000,True,0.0001775526616256684,True,0.002495645545423031,cpu,patch_nearest_normal,last2,14,0.05,False,,,0.0001515630428912118,0.00019554235113892002,True,True
2026-08-14 22:43:17,cable,monitor,C:/cira_batch_test/cable/good_2.png,good_2.png,normal,False,0.0858696773648262,3.099441414633475e-07,0.09852251798848576,0.09852251798848576,0.08661089912056923,False,True,16000,True,0.00019281808636151254,True,0.0024947514757514,cpu,patch_nearest_normal,last2,14,0.05,True,C:\cira_ttl_checkpoints\cable\patch_memory_bank_update_10.pt,C:\cira_ttl_checkpoints\cable\patch_adapter_update_10.pt,0.00016713746299501508,0.00019554235113892002,True,True
2026-08-14 22:43:19,cable,monitor,C:/cira_batch_test/cable/good_20.png,good_20.png,normal,False,0.08801400661468506,0.08801400661468506,0.09852251798848576,0.09852251798848576,0.08661089912056923,False,False,16000,False,,False,0.0,cpu,patch_nearest_normal,last2,14,0.05,False,,,0.00016412526019848883,0.00019554235113892002,False,True
2026-08-14 22:43:20,cable,monitor,C:/cira_batch_test/cable/good_3.png,good_3.png,anomaly,True,0.11416156589984894,0.11416156589984894,0.09852251798848576,0.09852251798848576,0.08661089912056923,False,False,16000,False,,False,0.0,cpu,patch_nearest_normal,last2,14,0.05,False,,,0.0001731386291794479,0.00019554235113892002,False,True
2026-08-14 22:43:22,cable,monitor,C:/cira_batch_test/cable/good_4.png,good_4.png,normal,False,0.07326377928256989,2.5629998390286346e-07,0.09852251798848576,0.09852251798848576,0.08661089912056923,False,True,16000,True,0.0001877903996501118,True,0.002485575620085001,cpu,patch_nearest_normal,last2,14,0.05,False,,,0.00017340321210213006,0.00019554235113892002,True,True
2026-08-14 22:43:24,cable,monitor,C:/cira_batch_test/cable/good_5.png,good_5.png,normal,False,0.08733700960874557,0.08733700960874557,0.09852251798848576,0.09852251798848576,0.08661089912056923,False,False,16000,False,,False,0.0,cpu,patch_nearest_normal,last2,14,0.05,False,,,0.00016029922699090093,0.00019554235113892002,False,True
2026-08-14 22:43:25,cable,monitor,C:/cira_batch_test/cable/good_6.png,good_6.png,anomaly,True,0.10318414866924286,0.10318414866924286,0.09852251798848576,0.09852251798848576,0.08661089912056923,False,False,16000,False,,False,0.0,cpu,patch_nearest_normal,last2,14,0.05,False,,,0.00015484844334423542,0.00019554235113892002,False,True
2026-08-14 22:43:27,cable,monitor,C:/cira_batch_test/cable/good_7.png,good_7.png,normal,False,0.08306709676980972,3.2782554626464844e-07,0.09852251798848576,0.09852251798848576,0.08661089912056923,False,True,16000,True,0.0001900151837617159,True,0.0024770672898739576,cpu,patch_nearest_normal,last2,14,0.05,False,,,0.0001696635881671682,0.00019554235113892002,True,True
2026-08-14 22:43:29,cable,monitor,C:/cira_batch_test/cable/good_8.png,good_8.png,normal,False,0.09598124027252197,0.09598124027252197,0.09852251798848576,0.09852251798848576,0.08661089912056923,False,False,16000,False,,False,0.0,cpu,patch_nearest_normal,last2,14,0.05,False,,,0.00016973497986327857,0.00019554235113892002,False,True
2026-08-14 22:43:30,cable,monitor,C:/cira_batch_test/cable/good_9.png,good_9.png,normal,False,0.08372102677822113,2.384185791015625e-07,0.09852251798848576,0.09852251798848576,0.08661089912056923,False,True,16000,True,0.000189002908882685,True,0.002472535241395235,cpu,patch_nearest_normal,last2,14,0.05,False,,,0.0001771948009263724,0.00019554235113892002,True,True
2026-08-14 22:43:32,capsule,monitor,C:/cira_batch_test/capsule/bad_1.png,bad_1.png,anomaly,True,0.1742943972349167,0.1742943972349167,0.04299485732503146,0.04299485732503146,0.031231427378952504,False,False,16000,False,,False,0.0,cpu,patch_nearest_normal,last2,14,0.05,False,,,0.00010311671940144151,0.0001107694308302,False,True
2026-08-14 22:43:34,capsule,monitor,C:/cira_batch_test/capsule/bad_10.png,bad_10.png,anomaly,True,0.06707195937633514,0.06707195937633514,0.04299485732503146,0.04299485732503146,0.031231427378952504,False,False,16000,False,,False,0.0,cpu,patch_nearest_normal,last2,14,0.05,False,,,9.357745148008689e-05,0.0001107694308302,False,True
2026-08-14 22:43:35,capsule,monitor,C:/cira_batch_test/capsule/bad_11.png,bad_11.png,anomaly,True,0.04561315104365349,0.04561315104365349,0.04299485732503146,0.04299485732503146,0.031231427378952504,False,False,16000,False,,False,0.0,cpu,patch_nearest_normal,last2,14,0.05,False,,,9.39631718210876e-05,0.0001107694308302,False,True
2026-08-14 22:43:38,capsule,monitor,C:/cira_batch_test/capsule/bad_12.png,bad_12.png,anomaly,True,0.049266327172517776,0.049266327172517776,0.04299485732503146,0.04299485732503146,0.031231427378952504,False,False,16000,False,,False,0.0,cpu,patch_nearest_normal,last2,14,0.05,False,,,9.219080675393343e-05,0.0001107694308302,False,True
2026-08-14 22:43:40,capsule,monitor,C:/cira_batch_test/capsule/bad_13.png,bad_13.png,anomaly,True,0.04362291842699051,0.04362291842699051,0.04299485732503146,0.04299485732503146,0.031231427378952504,False,False,16000,False,,False,0.0,cpu,patch_nearest_normal,last2,14,0.05,False,,,9.591105481376871e-05,0.0001107694308302,False,True
2026-08-14 22:43:41,capsule,monitor,C:/cira_batch_test/capsule/bad_14.png,bad_14.png,normal,False,0.03796813637018204,0.03796813637018204,0.04299485732503146,0.04299485732503146,0.031231427378952504,False,False,16000,False,,False,0.0,cpu,patch_nearest_normal,last2,14,0.05,False,,,9.621229401091114e-05,0.0001107694308302,False,True
2026-08-14 22:43:43,capsule,monitor,C:/cira_batch_test/capsule/bad_15.png,bad_15.png,anomaly,True,0.08053771406412125,0.08053771406412125,0.04299485732503146,0.04299485732503146,0.031231427378952504,False,False,16000,False,,False,0.0,cpu,patch_nearest_normal,last2,14,0.05,False,,,0.00010654369543772191,0.0001107694308302,False,True
2026-08-14 22:43:45,capsule,monitor,C:/cira_batch_test/capsule/bad_16.png,bad_16.png,anomaly,True,0.07358697801828384,0.07358697801828384,0.04299485732503146,0.04299485732503146,0.031231427378952504,False,False,16000,False,,False,0.0,cpu,patch_nearest_normal,last2,14,0.05,False,,,9.57371448748745e-05,0.0001107694308302,False,True
2026-08-14 22:43:46,capsule,monitor,C:/cira_batch_test/capsule/bad_17.png,bad_17.png,anomaly,True,0.056967444717884064,0.056967444717884064,0.04299485732503146,0.04299485732503146,0.031231427378952504,False,False,16000,False,,False,0.0,cpu,patch_nearest_normal,last2,14,0.05,False,,,9.650484571466222e-05,0.0001107694308302,False,True
2026-08-14 22:43:48,capsule,monitor,C:/cira_batch_test/capsule/bad_18.png,bad_18.png,anomaly,True,0.06038259342312813,0.06038259342312813,0.04299485732503146,0.04299485732503146,0.031231427378952504,False,False,16000,False,,False,0.0,cpu,patch_nearest_normal,last2,14,0.05,False,,,0.00010228734754491597,0.0001107694308302,False,True
2026-08-14 22:43:49,capsule,monitor,C:/cira_batch_test/capsule/bad_19.png,bad_19.png,anomaly,True,0.11658501625061035,0.11658501625061035,0.04299485732503146,0.04299485732503146,0.031231427378952504,False,False,16000,False,,False,0.0,cpu,patch_nearest_normal,last2,14,0.05,False,,,0.00011500644177431241,0.0001107694308302,False,False
2026-08-14 22:43:51,capsule,monitor,C:/cira_batch_test/capsule/bad_2.png,bad_2.png,anomaly,True,0.2662004828453064,0.2662004828453064,0.04299485732503146,0.04299485732503146,0.031231427378952504,False,False,16000,False,,False,0.0,cpu,patch_nearest_normal,last2,14,0.05,False,,,0.0001082507660612464,0.0001107694308302,False,True
2026-08-14 22:43:52,capsule,monitor,C:/cira_batch_test/capsule/bad_20.png,bad_20.png,anomaly,True,0.05234730988740921,0.05234730988740921,0.04299485732503146,0.04299485732503146,0.031231427378952504,False,False,16000,False,,False,0.0,cpu,patch_nearest_normal,last2,14,0.05,False,,,0.00010255735833197832,0.0001107694308302,False,True
2026-08-14 22:43:54,capsule,monitor,C:/cira_batch_test/capsule/bad_3.png,bad_3.png,anomaly,True,0.09466098248958588,0.09466098248958588,0.04299485732503146,0.04299485732503146,0.031231427378952504,False,False,16000,False,,False,0.0,cpu,patch_nearest_normal,last2,14,0.05,False,,,0.00010997699428116903,0.0001107694308302,False,True
2026-08-14 22:43:55,capsule,monitor,C:/cira_batch_test/capsule/bad_4.png,bad_4.png,normal,False,0.03701557591557503,0.03701557591557503,0.04299485732503146,0.04299485732503146,0.031231427378952504,False,False,16000,False,,False,0.0,cpu,patch_nearest_normal,last2,14,0.05,False,,,9.4030168838799e-05,0.0001107694308302,False,True
2026-08-14 22:43:57,capsule,monitor,C:/cira_batch_test/capsule/bad_5.png,bad_5.png,normal,False,0.041929371654987335,0.041929371654987335,0.04299485732503146,0.04299485732503146,0.031231427378952504,False,False,16000,False,,False,0.0,cpu,patch_nearest_normal,last2,14,0.05,False,,,9.626072278479114e-05,0.0001107694308302,False,True
2026-08-14 22:43:58,capsule,monitor,C:/cira_batch_test/capsule/bad_6.png,bad_6.png,anomaly,True,0.11989279091358185,0.11989279091358185,0.04299485732503146,0.04299485732503146,0.031231427378952504,False,False,16000,False,,False,0.0,cpu,patch_nearest_normal,last2,14,0.05,False,,,9.974197018891573e-05,0.0001107694308302,False,True
2026-08-14 22:44:00,capsule,monitor,C:/cira_batch_test/capsule/bad_7.png,bad_7.png,anomaly,True,0.07458113133907318,0.07458113133907318,0.04299485732503146,0.04299485732503146,0.031231427378952504,False,False,16000,False,,False,0.0,cpu,patch_nearest_normal,last2,14,0.05,False,,,9.828887414187193e-05,0.0001107694308302,False,True
2026-08-14 22:44:01,capsule,monitor,C:/cira_batch_test/capsule/bad_8.png,bad_8.png,anomaly,True,0.12507465481758118,0.12507465481758118,0.04299485732503146,0.04299485732503146,0.031231427378952504,False,False,16000,False,,False,0.0,cpu,patch_nearest_normal,last2,14,0.05,False,,,8.478778909193352e-05,0.0001107694308302,False,True
2026-08-14 22:44:03,capsule,monitor,C:/cira_batch_test/capsule/bad_9.png,bad_9.png,anomaly,True,0.17585599422454834,0.17585599422454834,0.04299485732503146,0.04299485732503146,0.031231427378952504,False,False,16000,False,,False,0.0,cpu,patch_nearest_normal,last2,14,0.05,False,,,0.00010097629274241626,0.0001107694308302,False,True
2026-08-14 22:44:04,capsule,monitor,C:/cira_batch_test/capsule/good_1.png,good_1.png,normal,False,0.024378538131713867,2.682209014892578e-07,0.04299485732503146,0.04299485732503146,0.031231427378952504,False,True,16000,True,0.00012100171443307772,True,0.0030144192278385162,cpu,patch_nearest_normal,last2,14,0.05,False,,,0.00010842361371032894,0.0001107694308302,True,True
2026-08-14 22:44:06,capsule,monitor,C:/cira_batch_test/capsule/good_10.png,good_10.png,normal,False,0.025620799511671066,3.159046286782541e-07,0.04299485732503146,0.04299485732503146,0.031231427378952504,False,True,16000,True,8.846016135066748e-05,True,0.002745270263403654,cpu,patch_nearest_normal,last2,14,0.05,False,,,9.03051914065145e-05,0.0001107694308302,True,True
2026-08-14 22:44:08,capsule,monitor,C:/cira_batch_test/capsule/good_11.png,good_11.png,normal,False,0.02680376172065735,2.6226044269606064e-07,0.04299485732503146,0.04299485732503146,0.031231427378952504,False,True,16000,True,0.00010061077773571014,True,0.0026970349717885256,cpu,patch_nearest_normal,last2,14,0.05,False,,,8.773794979788363e-05,0.0001107694308302,True,True
2026-08-14 22:44:10,capsule,monitor,C:/cira_batch_test/capsule/good_12.png,good_12.png,normal,False,0.03764355182647705,0.03764355182647705,0.04299485732503146,0.04299485732503146,0.031231427378952504,False,False,16000,False,,False,0.0,cpu,patch_nearest_normal,last2,14,0.05,False,,,0.0001091107478714548,0.0001107694308302,False,True
2026-08-14 22:44:11,capsule,monitor,C:/cira_batch_test/capsule/good_13.png,good_13.png,normal,False,0.025231147184967995,2.8610230629055877e-07,0.04299485732503146,0.04299485732503146,0.031231427378952504,False,True,16000,True,0.000105960265500471,True,0.0026399174239486456,cpu,patch_nearest_normal,last2,14,0.05,False,,,0.00010884302173508331,0.0001107694308302,True,True
2026-08-14 22:44:13,capsule,monitor,C:/cira_batch_test/capsule/good_14.png,good_14.png,normal,False,0.021951455622911453,2.8610230629055877e-07,0.04299485732503146,0.04299485732503146,0.031231427378952504,False,True,16000,True,0.00010470107372384518,True,0.002612438751384616,cpu,patch_nearest_normal,last2,14,0.05,False,,,0.00010021410707850009,0.0001107694308302,True,True
2026-08-14 22:44:15,capsule,monitor,C:/cira_batch_test/capsule/good_15.png,good_15.png,normal,False,0.025965744629502296,0.025965744629502296,0.04299485732503146,0.04299485732503146,0.031231427378952504,False,False,16000,False,,False,0.0,cpu,patch_nearest_normal,last2,14,0.05,False,,,0.00011357193579897285,0.0001107694308302,True,False
2026-08-14 22:44:16,capsule,monitor,C:/cira_batch_test/capsule/good_16.png,good_16.png,normal,False,0.02653149887919426,3.695487862387381e-07,0.04299485732503146,0.04299485732503146,0.031231427378952504,False,True,16000,True,0.00010353884135838598,True,0.0026099574752151966,cpu,patch_nearest_normal,last2,14,0.05,False,,,0.00010631608165567741,0.0001107694308302,True,True
2026-08-14 22:44:18,capsule,monitor,C:/cira_batch_test/capsule/good_17.png,good_17.png,normal,False,0.01961996592581272,2.443790378947597e-07,0.04299485732503146,0.04299485732503146,0.031231427378952504,False,True,16000,True,0.00011649382940959185,True,0.002608805662021041,cpu,patch_nearest_normal,last2,14,0.05,False,,,0.00010353104153182358,0.0001107694308302,True,True
2026-08-14 22:44:20,capsule,monitor,C:/cira_batch_test/capsule/good_18.png,good_18.png,normal,False,0.017216265201568604,3.039836826701503e-07,0.04299485732503146,0.04299485732503146,0.031231427378952504,False,True,16000,True,0.00011434808402555063,True,0.0026225487235933542,cpu,patch_nearest_normal,last2,14,0.05,False,,,9.832617070060223e-05,0.0001107694308302,True,True
2026-08-14 22:44:22,capsule,monitor,C:/cira_batch_test/capsule/good_19.png,good_19.png,normal,False,0.016799617558717728,3.099441414633475e-07,0.04299485732503146,0.04299485732503146,0.031231427378952504,False,True,16000,True,0.00010337214189348742,True,0.0026165649760514498,cpu,patch_nearest_normal,last2,14,0.05,False,,,0.00010365433990955353,0.0001107694308302,True,True
2026-08-14 22:44:24,capsule,monitor,C:/cira_batch_test/capsule/good_2.png,good_2.png,normal,False,0.017713939771056175,2.5033949668795685e-07,0.04299485732503146,0.04299485732503146,0.031231427378952504,False,True,16000,True,0.00010536014451645315,True,0.002623111242428422,cpu,patch_nearest_normal,last2,14,0.05,True,C:\cira_ttl_checkpoints\capsule\patch_memory_bank_update_10.pt,C:\cira_ttl_checkpoints\capsule\patch_adapter_update_10.pt,0.00010305028990842402,0.0001107694308302,True,True
2026-08-14 22:44:25,capsule,monitor,C:/cira_batch_test/capsule/good_20.png,good_20.png,normal,False,0.03213143348693848,0.03213143348693848,0.04299485732503146,0.04299485732503146,0.031231427378952504,False,False,16000,False,,False,0.0,cpu,patch_nearest_normal,last2,14,0.05,False,,,9.147834498435259e-05,0.0001107694308302,False,True
2026-08-14 22:44:27,capsule,monitor,C:/cira_batch_test/capsule/good_3.png,good_3.png,normal,False,0.03859797120094299,0.03859797120094299,0.04299485732503146,0.04299485732503146,0.031231427378952504,False,False,16000,False,,False,0.0,cpu,patch_nearest_normal,last2,14,0.05,False,,,0.00010706558532547206,0.0001107694308302,False,True
2026-08-14 22:44:28,capsule,monitor,C:/cira_batch_test/capsule/good_4.png,good_4.png,normal,False,0.018705565482378006,0.018705565482378006,0.04299485732503146,0.04299485732503146,0.031231427378952504,False,False,16000,False,,False,0.0,cpu,patch_nearest_normal,last2,14,0.05,False,,,0.00011549057671800256,0.0001107694308302,True,False
2026-08-14 22:44:30,capsule,monitor,C:/cira_batch_test/capsule/good_5.png,good_5.png,normal,False,0.02106609381735325,3.2782554626464844e-07,0.04299485732503146,0.04299485732503146,0.031231427378952504,False,True,16000,True,0.00010046931856777519,True,0.0026028798893094063,cpu,patch_nearest_normal,last2,14,0.05,False,,,8.541435818187892e-05,0.0001107694308302,True,True
2026-08-14 22:44:32,capsule,monitor,C:/cira_batch_test/capsule/good_6.png,good_6.png,normal,False,0.015360253863036633,2.980232238769531e-07,0.04299485732503146,0.04299485732503146,0.031231427378952504,False,True,16000,True,9.034301911015064e-05,True,0.0025966695975512266,cpu,patch_nearest_normal,last2,14,0.05,False,,,9.733681508805603e-05,0.0001107694308302,True,True
2026-08-14 22:44:33,capsule,monitor,C:/cira_batch_test/capsule/good_7.png,good_7.png,anomaly,True,0.06605507433414459,0.06605507433414459,0.04299485732503146,0.04299485732503146,0.031231427378952504,False,False,16000,False,,False,0.0,cpu,patch_nearest_normal,last2,14,0.05,False,,,9.686673729447648e-05,0.0001107694308302,False,True
2026-08-14 22:44:35,capsule,monitor,C:/cira_batch_test/capsule/good_8.png,good_8.png,normal,False,0.029669249430298805,2.74181360282455e-07,0.04299485732503146,0.04299485732503146,0.031231427378952504,False,True,16000,True,0.0001014040462905541,True,0.0025685846339911222,cpu,patch_nearest_normal,last2,14,0.05,False,,,9.878905984805897e-05,0.0001107694308302,True,True
2026-08-14 22:44:37,capsule,monitor,C:/cira_batch_test/capsule/good_9.png,good_9.png,normal,False,0.017788654193282127,3.2186508747145126e-07,0.04299485732503146,0.04299485732503146,0.031231427378952504,False,True,16000,True,0.0001065615942934528,True,0.0025818180292844772,cpu,patch_nearest_normal,last2,14,0.05,False,,,9.606403909856454e-05,0.0001107694308302,True,True
2026-08-14 22:44:38,carpet,monitor,C:/cira_batch_test/carpet/bad_1.png,bad_1.png,anomaly,True,0.06134674698114395,0.06134674698114395,0.0343417185988487,0.0343417185988487,0.03367696963250637,False,False,16000,False,,False,0.0,cpu,patch_nearest_normal,last2,14,0.05,False,,,5.408200740930624e-05,6.111156617407686e-05,False,True
2026-08-14 22:44:40,carpet,monitor,C:/cira_batch_test/carpet/bad_10.png,bad_10.png,anomaly,True,0.23354916274547577,0.23354916274547577,0.0343417185988487,0.0343417185988487,0.03367696963250637,False,False,16000,False,,False,0.0,cpu,patch_nearest_normal,last2,14,0.05,False,,,4.868760515819304e-05,6.111156617407686e-05,False,True
2026-08-14 22:44:41,carpet,monitor,C:/cira_batch_test/carpet/bad_11.png,bad_11.png,anomaly,True,0.08780645579099655,0.08780645579099655,0.0343417185988487,0.0343417185988487,0.03367696963250637,False,False,16000,False,,False,0.0,cpu,patch_nearest_normal,last2,14,0.05,False,,,5.362274168874137e-05,6.111156617407686e-05,False,True
2026-08-14 22:44:43,carpet,monitor,C:/cira_batch_test/carpet/bad_12.png,bad_12.png,normal,False,0.03406236320734024,0.03406236320734024,0.0343417185988487,0.0343417185988487,0.03367696963250637,False,False,16000,False,,False,0.0,cpu,patch_nearest_normal,last2,14,0.05,False,,,4.450378764886409e-05,6.111156617407686e-05,False,True
2026-08-14 22:44:45,carpet,monitor,C:/cira_batch_test/carpet/bad_13.png,bad_13.png,anomaly,True,0.03563273698091507,0.03563273698091507,0.0343417185988487,0.0343417185988487,0.03367696963250637,False,False,16000,False,,False,0.0,cpu,patch_nearest_normal,last2,14,0.05,False,,,4.961277591064572e-05,6.111156617407686e-05,False,True
2026-08-14 22:44:46,carpet,monitor,C:/cira_batch_test/carpet/bad_14.png,bad_14.png,anomaly,True,0.2166282832622528,0.2166282832622528,0.0343417185988487,0.0343417185988487,0.03367696963250637,False,False,16000,False,,False,0.0,cpu,patch_nearest_normal,last2,14,0.05,False,,,5.7054872740991414e-05,6.111156617407686e-05,False,True
2026-08-14 22:44:48,carpet,monitor,C:/cira_batch_test/carpet/bad_15.png,bad_15.png,anomaly,True,0.041060589253902435,0.041060589253902435,0.0343417185988487,0.0343417185988487,0.03367696963250637,False,False,16000,False,,False,0.0,cpu,patch_nearest_normal,last2,14,0.05,False,,,3.6695695598609746e-05,6.111156617407686e-05,False,True
2026-08-14 22:44:49,carpet,monitor,C:/cira_batch_test/carpet/bad_16.png,bad_16.png,anomaly,True,0.13159766793251038,0.13159766793251038,0.0343417185988487,0.0343417185988487,0.03367696963250637,False,False,16000,False,,False,0.0,cpu,patch_nearest_normal,last2,14,0.05,False,,,6.082096297177486e-05,6.111156617407686e-05,False,True
2026-08-14 22:44:51,carpet,monitor,C:/cira_batch_test/carpet/bad_17.png,bad_17.png,anomaly,True,0.05053531378507614,0.05053531378507614,0.0343417185988487,0.0343417185988487,0.03367696963250637,False,False,16000,False,,False,0.0,cpu,patch_nearest_normal,last2,14,0.05,False,,,5.076147135696374e-05,6.111156617407686e-05,False,True
2026-08-14 22:44:52,carpet,monitor,C:/cira_batch_test/carpet/bad_18.png,bad_18.png,anomaly,True,0.3318779766559601,0.3318779766559601,0.0343417185988487,0.0343417185988487,0.03367696963250637,False,False,16000,False,,False,0.0,cpu,patch_nearest_normal,last2,14,0.05,False,,,5.058439637650736e-05,6.111156617407686e-05,False,True
2026-08-14 22:44:54,carpet,monitor,C:/cira_batch_test/carpet/bad_19.png,bad_19.png,anomaly,True,0.11373408138751984,0.11373408138751984,0.0343417185988487,0.0343417185988487,0.03367696963250637,False,False,16000,False,,False,0.0,cpu,patch_nearest_normal,last2,14,0.05,False,,,4.610864198184572e-05,6.111156617407686e-05,False,True
2026-08-14 22:44:55,carpet,monitor,C:/cira_batch_test/carpet/bad_2.png,bad_2.png,anomaly,True,0.1550661027431488,0.1550661027431488,0.0343417185988487,0.0343417185988487,0.03367696963250637,False,False,16000,False,,False,0.0,cpu,patch_nearest_normal,last2,14,0.05,False,,,4.841151530854404e-05,6.111156617407686e-05,False,True
2026-08-14 22:44:57,carpet,monitor,C:/cira_batch_test/carpet/bad_20.png,bad_20.png,anomaly,True,0.13691040873527527,0.13691040873527527,0.0343417185988487,0.0343417185988487,0.03367696963250637,False,False,16000,False,,False,0.0,cpu,patch_nearest_normal,last2,14,0.05,False,,,5.184610199648887e-05,6.111156617407686e-05,False,True
2026-08-14 22:44:59,carpet,monitor,C:/cira_batch_test/carpet/bad_3.png,bad_3.png,anomaly,True,0.3548845648765564,0.3548845648765564,0.0343417185988487,0.0343417185988487,0.03367696963250637,False,False,16000,False,,False,0.0,cpu,patch_nearest_normal,last2,14,0.05,False,,,3.917016147170216e-05,6.111156617407686e-05,False,True
2026-08-14 22:45:00,carpet,monitor,C:/cira_batch_test/carpet/bad_4.png,bad_4.png,anomaly,True,0.2745632529258728,0.2745632529258728,0.0343417185988487,0.0343417185988487,0.03367696963250637,False,False,16000,False,,False,0.0,cpu,patch_nearest_normal,last2,14,0.05,False,,,6.489805673481897e-05,6.111156617407686e-05,False,False
2026-08-14 22:45:02,carpet,monitor,C:/cira_batch_test/carpet/bad_5.png,bad_5.png,anomaly,True,0.2340812236070633,0.2340812236070633,0.0343417185988487,0.0343417185988487,0.03367696963250637,False,False,16000,False,,False,0.0,cpu,patch_nearest_normal,last2,14,0.05,False,,,5.183415487408638e-05,6.111156617407686e-05,False,True
2026-08-14 22:45:03,carpet,monitor,C:/cira_batch_test/carpet/bad_6.png,bad_6.png,anomaly,True,0.1086384654045105,0.1086384654045105,0.0343417185988487,0.0343417185988487,0.03367696963250637,False,False,16000,False,,False,0.0,cpu,patch_nearest_normal,last2,14,0.05,False,,,4.262143556843512e-05,6.111156617407686e-05,False,True
2026-08-14 22:45:05,carpet,monitor,C:/cira_batch_test/carpet/bad_7.png,bad_7.png,anomaly,True,0.07340017706155777,0.07340017706155777,0.0343417185988487,0.0343417185988487,0.03367696963250637,False,False,16000,False,,False,0.0,cpu,patch_nearest_normal,last2,14,0.05,False,,,5.475184298120439e-05,6.111156617407686e-05,False,True
2026-08-14 22:45:06,carpet,monitor,C:/cira_batch_test/carpet/bad_8.png,bad_8.png,anomaly,True,0.2964455187320709,0.2964455187320709,0.0343417185988487,0.0343417185988487,0.03367696963250637,False,False,16000,False,,False,0.0,cpu,patch_nearest_normal,last2,14,0.05,False,,,5.574326860369183e-05,6.111156617407686e-05,False,True
2026-08-14 22:45:08,carpet,monitor,C:/cira_batch_test/carpet/bad_9.png,bad_9.png,anomaly,True,0.34894585609436035,0.34894585609436035,0.0343417185988487,0.0343417185988487,0.03367696963250637,False,False,16000,False,,False,0.0,cpu,patch_nearest_normal,last2,14,0.05,False,,,6.303315603872761e-05,6.111156617407686e-05,False,False
2026-08-14 22:45:10,carpet,monitor,C:/cira_batch_test/carpet/good_1.png,good_1.png,normal,False,0.02601250447332859,3.516674098591466e-07,0.0343417185988487,0.0343417185988487,0.03367696963250637,False,True,16000,True,4.463774530449882e-05,True,0.0028892282862216234,cpu,patch_nearest_normal,last2,14,0.05,False,,,4.4133779738331214e-05,6.111156617407686e-05,True,True
2026-08-14 22:45:11,carpet,monitor,C:/cira_batch_test/carpet/good_10.png,good_10.png,anomaly,True,0.03944403678178787,0.03944403678178787,0.0343417185988487,0.0343417185988487,0.03367696963250637,False,False,16000,False,,False,0.0,cpu,patch_nearest_normal,last2,14,0.05,False,,,3.4867640351876616e-05,6.111156617407686e-05,False,True
2026-08-14 22:45:13,carpet,monitor,C:/cira_batch_test/carpet/good_11.png,good_11.png,anomaly,True,0.040895748883485794,0.040895748883485794,0.0343417185988487,0.0343417185988487,0.03367696963250637,False,False,16000,False,,False,0.0,cpu,patch_nearest_normal,last2,14,0.05,False,,,4.907087713945657e-05,6.111156617407686e-05,False,True
2026-08-14 22:45:14,carpet,monitor,C:/cira_batch_test/carpet/good_12.png,good_12.png,normal,False,0.034138668328523636,0.034138668328523636,0.0343417185988487,0.0343417185988487,0.03367696963250637,False,False,16000,False,,False,0.0,cpu,patch_nearest_normal,last2,14,0.05,False,,,5.555797179113142e-05,6.111156617407686e-05,False,True
2026-08-14 22:45:16,carpet,monitor,C:/cira_batch_test/carpet/good_13.png,good_13.png,anomaly,True,0.03595290705561638,0.03595290705561638,0.0343417185988487,0.0343417185988487,0.03367696963250637,False,False,16000,False,,False,0.0,cpu,patch_nearest_normal,last2,14,0.05,False,,,3.244025356252678e-05,6.111156617407686e-05,False,True
2026-08-14 22:45:17,carpet,monitor,C:/cira_batch_test/carpet/good_14.png,good_14.png,anomaly,True,0.041100580245256424,0.041100580245256424,0.0343417185988487,0.0343417185988487,0.03367696963250637,False,False,16000,False,,False,0.0,cpu,patch_nearest_normal,last2,14,0.05,False,,,3.7564634112641215e-05,6.111156617407686e-05,False,True
2026-08-14 22:45:19,carpet,monitor,C:/cira_batch_test/carpet/good_15.png,good_15.png,anomaly,True,0.0406867079436779,0.0406867079436779,0.0343417185988487,0.0343417185988487,0.03367696963250637,False,False,16000,False,,False,0.0,cpu,patch_nearest_normal,last2,14,0.05,False,,,3.21013831126038e-05,6.111156617407686e-05,False,True
2026-08-14 22:45:21,carpet,monitor,C:/cira_batch_test/carpet/good_16.png,good_16.png,anomaly,True,0.036371905356645584,0.036371905356645584,0.0343417185988487,0.0343417185988487,0.03367696963250637,False,False,16000,False,,False,0.0,cpu,patch_nearest_normal,last2,14,0.05,False,,,3.785112494369969e-05,6.111156617407686e-05,False,True
2026-08-14 22:45:22,carpet,monitor,C:/cira_batch_test/carpet/good_17.png,good_17.png,normal,False,0.03195490688085556,3.635883274455409e-07,0.0343417185988487,0.0343417185988487,0.03367696963250637,False,True,16000,True,5.2943036280339584e-05,True,0.0027187159284949303,cpu,patch_nearest_normal,last2,14,0.05,False,,,4.349118535174057e-05,6.111156617407686e-05,True,True
2026-08-14 22:45:24,carpet,monitor,C:/cira_batch_test/carpet/good_18.png,good_18.png,normal,False,0.027241874486207962,3.039836826701503e-07,0.0343417185988487,0.0343417185988487,0.03367696963250637,False,True,16000,True,5.382703602663241e-05,True,0.0026871501468122005,cpu,patch_nearest_normal,last2,14,0.05,False,,,4.914102828479372e-05,6.111156617407686e-05,True,True
2026-08-14 22:45:26,carpet,monitor,C:/cira_batch_test/carpet/good_19.png,good_19.png,normal,False,0.03303898125886917,3.337860050578456e-07,0.0343417185988487,0.0343417185988487,0.03367696963250637,False,True,16000,True,5.4541749705094844e-05,True,0.0026660014409571886,cpu,patch_nearest_normal,last2,14,0.05,False,,,5.365610559238121e-05,6.111156617407686e-05,True,True
2026-08-14 22:45:28,carpet,monitor,C:/cira_batch_test/carpet/good_2.png,good_2.png,normal,False,0.032651375979185104,2.8610230629055877e-07,0.0343417185988487,0.0343417185988487,0.03367696963250637,False,True,16000,True,5.041222175350413e-05,True,0.002654140582308173,cpu,patch_nearest_normal,last2,14,0.05,False,,,4.357649595476687e-05,6.111156617407686e-05,True,True
2026-08-14 22:45:29,carpet,monitor,C:/cira_batch_test/carpet/good_20.png,good_20.png,anomaly,True,0.03449675440788269,0.03449675440788269,0.0343417185988487,0.0343417185988487,0.03367696963250637,False,False,16000,False,,False,0.0,cpu,patch_nearest_normal,last2,14,0.05,False,,,5.3391981055028737e-05,6.111156617407686e-05,False,True
2026-08-14 22:45:31,carpet,monitor,C:/cira_batch_test/carpet/good_3.png,good_3.png,normal,False,0.03378232568502426,0.03378232568502426,0.0343417185988487,0.0343417185988487,0.03367696963250637,False,False,16000,False,,False,0.0,cpu,patch_nearest_normal,last2,14,0.05,False,,,3.886088597937487e-05,6.111156617407686e-05,False,True
2026-08-14 22:45:35,carpet,monitor,C:/cira_batch_test/carpet/good_4.png,good_4.png,normal,False,0.032918065786361694,3.5762786865234375e-07,0.0343417185988487,0.0343417185988487,0.03367696963250637,False,True,16000,True,4.060487844981253e-05,True,0.0025867652148008347,cpu,patch_nearest_normal,last2,14,0.05,False,,,3.794664371525869e-05,6.111156617407686e-05,True,True
2026-08-14 22:45:36,carpet,monitor,C:/cira_batch_test/carpet/good_5.png,good_5.png,normal,False,0.034238867461681366,0.034238867461681366,0.0343417185988487,0.0343417185988487,0.03367696963250637,False,False,16000,False,,False,0.0,cpu,patch_nearest_normal,last2,14,0.05,False,,,3.9286751416511834e-05,6.111156617407686e-05,False,True
2026-08-14 22:45:38,carpet,monitor,C:/cira_batch_test/carpet/good_6.png,good_6.png,normal,False,0.03207111358642578,3.2782554626464844e-07,0.0343417185988487,0.0343417185988487,0.03367696963250637,False,True,16000,True,4.52527565357741e-05,True,0.002562960609793663,cpu,patch_nearest_normal,last2,14,0.05,False,,,3.7245892599457875e-05,6.111156617407686e-05,True,True
2026-08-14 22:45:40,carpet,monitor,C:/cira_batch_test/carpet/good_7.png,good_7.png,normal,False,0.03380047529935837,0.03380047529935837,0.0343417185988487,0.0343417185988487,0.03367696963250637,False,False,16000,False,,False,0.0,cpu,patch_nearest_normal,last2,14,0.05,False,,,3.4826513001462445e-05,6.111156617407686e-05,False,True
2026-08-14 22:45:42,carpet,monitor,C:/cira_batch_test/carpet/good_8.png,good_8.png,normal,False,0.028614353388547897,3.516674098591466e-07,0.0343417185988487,0.0343417185988487,0.03367696963250637,False,True,16000,True,4.234568405081518e-05,True,0.002561107510700822,cpu,patch_nearest_normal,last2,14,0.05,False,,,3.9581973396707326e-05,6.111156617407686e-05,True,True
2026-08-14 22:45:43,carpet,monitor,C:/cira_batch_test/carpet/good_9.png,good_9.png,anomaly,True,0.04505005478858948,0.04505005478858948,0.0343417185988487,0.0343417185988487,0.03367696963250637,False,False,16000,False,,False,0.0,cpu,patch_nearest_normal,last2,14,0.05,False,,,3.620318238972686e-05,6.111156617407686e-05,False,True
2026-08-14 22:45:45,grid,monitor,C:/cira_batch_test/grid/bad_1.png,bad_1.png,anomaly,True,0.08858604729175568,0.08858604729175568,0.053714152485093335,0.053714152485093335,0.04894002191722393,False,False,16000,False,,False,0.0,cpu,patch_nearest_normal,last2,14,0.05,False,,,0.00020505228894762695,0.00020260438468534505,False,False
2026-08-14 22:45:46,grid,monitor,C:/cira_batch_test/grid/bad_10.png,bad_10.png,anomaly,True,0.07286384701728821,0.07286384701728821,0.053714152485093335,0.053714152485093335,0.04894002191722393,False,False,16000,False,,False,0.0,cpu,patch_nearest_normal,last2,14,0.05,False,,,0.0001299808209296316,0.00020260438468534505,False,True
2026-08-14 22:45:48,grid,monitor,C:/cira_batch_test/grid/bad_11.png,bad_11.png,anomaly,True,0.05669742822647095,0.05669742822647095,0.053714152485093335,0.053714152485093335,0.04894002191722393,False,False,16000,False,,False,0.0,cpu,patch_nearest_normal,last2,14,0.05,False,,,0.00017944350838661194,0.00020260438468534505,False,True
2026-08-14 22:45:49,grid,monitor,C:/cira_batch_test/grid/bad_12.png,bad_12.png,anomaly,True,0.10632707923650742,0.10632707923650742,0.053714152485093335,0.053714152485093335,0.04894002191722393,False,False,16000,False,,False,0.0,cpu,patch_nearest_normal,last2,14,0.05,False,,,0.00019765117031056434,0.00020260438468534505,False,True
2026-08-14 22:45:51,grid,monitor,C:/cira_batch_test/grid/bad_13.png,bad_13.png,normal,False,0.04784206300973892,2.3245812030836532e-07,0.053714152485093335,0.053714152485093335,0.04894002191722393,False,True,16000,True,0.00012896928819827735,True,0.0029730643145740032,cpu,patch_nearest_normal,last2,14,0.05,False,,,0.00011140849528601393,0.00020260438468534505,True,True
2026-08-14 22:45:53,grid,monitor,C:/cira_batch_test/grid/bad_14.png,bad_14.png,normal,False,0.053377456963062286,0.053377456963062286,0.053714152485093335,0.053714152485093335,0.04894002191722393,False,False,16000,False,,False,0.0,cpu,patch_nearest_normal,last2,14,0.05,False,,,0.00010507811384741217,0.00020260438468534505,False,True
2026-08-14 22:45:54,grid,monitor,C:/cira_batch_test/grid/bad_15.png,bad_15.png,anomaly,True,0.06480708718299866,0.06480708718299866,0.053714152485093335,0.053714152485093335,0.04894002191722393,False,False,16000,False,,False,0.0,cpu,patch_nearest_normal,last2,14,0.05,False,,,0.0001526412961538881,0.00020260438468534505,False,True
2026-08-14 22:45:56,grid,monitor,C:/cira_batch_test/grid/bad_16.png,bad_16.png,anomaly,True,0.05898221209645271,0.05898221209645271,0.053714152485093335,0.053714152485093335,0.04894002191722393,False,False,16000,False,,False,0.0,cpu,patch_nearest_normal,last2,14,0.05,False,,,0.00012950329983141273,0.00020260438468534505,False,True
2026-08-14 22:45:57,grid,monitor,C:/cira_batch_test/grid/bad_17.png,bad_17.png,normal,False,0.05008687824010849,0.05008687824010849,0.053714152485093335,0.053714152485093335,0.04894002191722393,False,False,16000,False,,False,0.0,cpu,patch_nearest_normal,last2,14,0.05,False,,,8.685544889885932e-05,0.00020260438468534505,False,True
2026-08-14 22:45:59,grid,monitor,C:/cira_batch_test/grid/bad_18.png,bad_18.png,anomaly,True,0.061231862753629684,0.061231862753629684,0.053714152485093335,0.053714152485093335,0.04894002191722393,False,False,16000,False,,False,0.0,cpu,patch_nearest_normal,last2,14,0.05,False,,,0.00015960443124640733,0.00020260438468534505,False,True
2026-08-14 22:46:00,grid,monitor,C:/cira_batch_test/grid/bad_19.png,bad_19.png,anomaly,True,0.11036616563796997,0.11036616563796997,0.053714152485093335,0.053714152485093335,0.04894002191722393,False,False,16000,False,,False,0.0,cpu,patch_nearest_normal,last2,14,0.05,False,,,0.00014571317296940833,0.00020260438468534505,False,True
2026-08-14 22:46:02,grid,monitor,C:/cira_batch_test/grid/bad_2.png,bad_2.png,anomaly,True,0.05594775080680847,0.05594775080680847,0.053714152485093335,0.053714152485093335,0.04894002191722393,False,False,16000,False,,False,0.0,cpu,patch_nearest_normal,last2,14,0.05,False,,,0.00017926673172041774,0.00020260438468534505,False,True
2026-08-14 22:46:03,grid,monitor,C:/cira_batch_test/grid/bad_20.png,bad_20.png,normal,False,0.053412992507219315,0.053412992507219315,0.053714152485093335,0.053714152485093335,0.04894002191722393,False,False,16000,False,,False,0.0,cpu,patch_nearest_normal,last2,14,0.05,False,,,0.00011145498137921095,0.00020260438468534505,False,True
2026-08-14 22:46:05,grid,monitor,C:/cira_batch_test/grid/bad_3.png,bad_3.png,anomaly,True,0.06534843146800995,0.06534843146800995,0.053714152485093335,0.053714152485093335,0.04894002191722393,False,False,16000,False,,False,0.0,cpu,patch_nearest_normal,last2,14,0.05,False,,,0.00012170187255833298,0.00020260438468534505,False,True
2026-08-14 22:46:06,grid,monitor,C:/cira_batch_test/grid/bad_4.png,bad_4.png,anomaly,True,0.09616178274154663,0.09616178274154663,0.053714152485093335,0.053714152485093335,0.04894002191722393,False,False,16000,False,,False,0.0,cpu,patch_nearest_normal,last2,14,0.05,False,,,0.00011412615276640281,0.00020260438468534505,False,True
2026-08-14 22:46:08,grid,monitor,C:/cira_batch_test/grid/bad_5.png,bad_5.png,anomaly,True,0.06532225757837296,0.06532225757837296,0.053714152485093335,0.053714152485093335,0.04894002191722393,False,False,16000,False,,False,0.0,cpu,patch_nearest_normal,last2,14,0.05,False,,,0.00012315556523390114,0.00020260438468534505,False,True
2026-08-14 22:46:10,grid,monitor,C:/cira_batch_test/grid/bad_6.png,bad_6.png,normal,False,0.04634394124150276,2.384185791015625e-07,0.053714152485093335,0.053714152485093335,0.04894002191722393,False,True,16000,True,0.00012222566874697804,True,0.002604232868179679,cpu,patch_nearest_normal,last2,14,0.05,False,,,0.00011636126873781905,0.00020260438468534505,True,True
2026-08-14 22:46:11,grid,monitor,C:/cira_batch_test/grid/bad_7.png,bad_7.png,anomaly,True,0.11612142622470856,0.11612142622470856,0.053714152485093335,0.053714152485093335,0.04894002191722393,False,False,16000,False,,False,0.0,cpu,patch_nearest_normal,last2,14,0.05,False,,,0.00011985175660811365,0.00020260438468534505,False,True
2026-08-14 22:46:13,grid,monitor,C:/cira_batch_test/grid/bad_8.png,bad_8.png,normal,False,0.046728990972042084,2.682209014892578e-07,0.053714152485093335,0.053714152485093335,0.04894002191722393,False,True,16000,True,0.00016851266263984144,True,0.002370064612478018,cpu,patch_nearest_normal,last2,14,0.05,False,,,0.00015408758190460503,0.00020260438468534505,True,True
2026-08-14 22:46:14,grid,monitor,C:/cira_batch_test/grid/bad_9.png,bad_9.png,anomaly,True,0.06459563970565796,0.06459563970565796,0.053714152485093335,0.053714152485093335,0.04894002191722393,False,False,16000,False,,False,0.0,cpu,patch_nearest_normal,last2,14,0.05,False,,,0.00011538915714481845,0.00020260438468534505,False,True
2026-08-14 22:46:16,grid,monitor,C:/cira_batch_test/grid/good_1.png,good_1.png,anomaly,True,0.05818631127476692,0.05818631127476692,0.053714152485093335,0.053714152485093335,0.04894002191722393,False,False,16000,False,,False,0.0,cpu,patch_nearest_normal,last2,14,0.05,False,,,0.00020668681827373803,0.00020260438468534505,False,False
2026-08-14 22:46:18,grid,monitor,C:/cira_batch_test/grid/good_10.png,good_10.png,normal,False,0.045414529740810394,2.8014181907565217e-07,0.053714152485093335,0.053714152485093335,0.04894002191722393,False,True,16000,True,0.00013331728405319154,True,0.002252961276099086,cpu,patch_nearest_normal,last2,14,0.05,False,,,0.00012662517838180065,0.00020260438468534505,True,True
2026-08-14 22:46:19,grid,monitor,C:/cira_batch_test/grid/good_11.png,good_11.png,normal,False,0.044949837028980255,3.159046286782541e-07,0.053714152485093335,0.053714152485093335,0.04894002191722393,False,True,16000,True,0.00012127838272135705,True,0.0021991131361573935,cpu,patch_nearest_normal,last2,14,0.05,False,,,0.00011349217675160617,0.00020260438468534505,True,True
2026-08-14 22:46:21,grid,monitor,C:/cira_batch_test/grid/good_12.png,good_12.png,normal,False,0.03926035761833191,2.8610230629055877e-07,0.053714152485093335,0.053714152485093335,0.04894002191722393,False,True,16000,True,0.00016111211152747273,True,0.002218679990619421,cpu,patch_nearest_normal,last2,14,0.05,False,,,0.0001559511583764106,0.00020260438468534505,True,True
2026-08-14 22:46:23,grid,monitor,C:/cira_batch_test/grid/good_13.png,good_13.png,normal,False,0.0428239107131958,3.397464638510428e-07,0.053714152485093335,0.053714152485093335,0.04894002191722393,False,True,16000,True,0.00011489553435239941,True,0.0021727450657635927,cpu,patch_nearest_normal,last2,14,0.05,False,,,0.0001081547379726544,0.00020260438468534505,True,True
2026-08-14 22:46:24,grid,monitor,C:/cira_batch_test/grid/good_14.png,good_14.png,normal,False,0.049469441175460815,0.049469441175460815,0.053714152485093335,0.053714152485093335,0.04894002191722393,False,False,16000,False,,False,0.0,cpu,patch_nearest_normal,last2,14,0.05,False,,,0.0001619005051907152,0.00020260438468534505,False,True
2026-08-14 22:46:26,grid,monitor,C:/cira_batch_test/grid/good_15.png,good_15.png,normal,False,0.03775065392255783,2.443790378947597e-07,0.053714152485093335,0.053714152485093335,0.04894002191722393,False,True,16000,True,0.000139062394737266,True,0.002093444811180234,cpu,patch_nearest_normal,last2,14,0.05,False,,,0.0001306058984482661,0.00020260438468534505,True,True
2026-08-14 22:46:28,grid,monitor,C:/cira_batch_test/grid/good_16.png,good_16.png,anomaly,True,0.05552612990140915,0.05552612990140915,0.053714152485093335,0.053714152485093335,0.04894002191722393,False,False,16000,False,,False,0.0,cpu,patch_nearest_normal,last2,14,0.05,False,,,0.0001645072625251487,0.00020260438468534505,False,True
2026-08-14 22:46:29,grid,monitor,C:/cira_batch_test/grid/good_17.png,good_17.png,normal,False,0.04388081282377243,3.039836826701503e-07,0.053714152485093335,0.053714152485093335,0.04894002191722393,False,True,16000,True,0.00019735717796720564,True,0.002108112210407853,cpu,patch_nearest_normal,last2,14,0.05,False,,,0.00018368783639743924,0.00020260438468534505,True,True
2026-08-14 22:46:31,grid,monitor,C:/cira_batch_test/grid/good_18.png,good_18.png,anomaly,True,0.056089770048856735,0.056089770048856735,0.053714152485093335,0.053714152485093335,0.04894002191722393,False,False,16000,False,,False,0.0,cpu,patch_nearest_normal,last2,14,0.05,False,,,0.00011618820281000808,0.00020260438468534505,False,True
2026-08-14 22:46:33,grid,monitor,C:/cira_batch_test/grid/good_19.png,good_19.png,anomaly,True,0.06288998574018478,0.06288998574018478,0.053714152485093335,0.053714152485093335,0.04894002191722393,False,False,16000,False,,False,0.0,cpu,patch_nearest_normal,last2,14,0.05,False,,,0.00012376350059639663,0.00020260438468534505,False,True
2026-08-14 22:46:34,grid,monitor,C:/cira_batch_test/grid/good_2.png,good_2.png,normal,False,0.05161507800221443,0.05161507800221443,0.053714152485093335,0.053714152485093335,0.04894002191722393,False,False,16000,False,,False,0.0,cpu,patch_nearest_normal,last2,14,0.05,False,,,0.0001780566672096029,0.00020260438468534505,False,True
2026-08-14 22:46:36,grid,monitor,C:/cira_batch_test/grid/good_20.png,good_20.png,normal,False,0.04697660356760025,3.039836826701503e-07,0.053714152485093335,0.053714152485093335,0.04894002191722393,False,True,16000,True,0.00015062866441439837,True,0.002101691672578454,cpu,patch_nearest_normal,last2,14,0.05,True,C:\cira_ttl_checkpoints\grid\patch_memory_bank_update_10.pt,C:\cira_ttl_checkpoints\grid\patch_adapter_update_10.pt,0.0001430375996278599,0.00020260438468534505,True,True
2026-08-14 22:46:37,grid,monitor,C:/cira_batch_test/grid/good_3.png,good_3.png,normal,False,0.04863741248846054,0.04863741248846054,0.053714152485093335,0.053714152485093335,0.04894002191722393,False,False,16000,False,,False,0.0,cpu,patch_nearest_normal,last2,14,0.05,False,,,0.00021363609994295985,0.00020260438468534505,True,False
2026-08-14 22:46:39,grid,monitor,C:/cira_batch_test/grid/good_4.png,good_4.png,anomaly,True,0.05742495507001877,0.05742495507001877,0.053714152485093335,0.053714152485093335,0.04894002191722393,False,False,16000,False,,False,0.0,cpu,patch_nearest_normal,last2,14,0.05,False,,,0.0002276681479997933,0.00020260438468534505,False,False
2026-08-14 22:46:40,grid,monitor,C:/cira_batch_test/grid/good_5.png,good_5.png,anomaly,True,0.06419458985328674,0.06419458985328674,0.053714152485093335,0.053714152485093335,0.04894002191722393,False,False,16000,False,,False,0.0,cpu,patch_nearest_normal,last2,14,0.05,False,,,0.00012762016558554024,0.00020260438468534505,False,True
2026-08-14 22:46:42,grid,monitor,C:/cira_batch_test/grid/good_6.png,good_6.png,anomaly,True,0.06461384147405624,0.06461384147405624,0.053714152485093335,0.053714152485093335,0.04894002191722393,False,False,16000,False,,False,0.0,cpu,patch_nearest_normal,last2,14,0.05,False,,,0.00011042055120924488,0.00020260438468534505,False,True
2026-08-14 22:46:43,grid,monitor,C:/cira_batch_test/grid/good_7.png,good_7.png,anomaly,True,0.0544588565826416,0.0544588565826416,0.053714152485093335,0.053714152485093335,0.04894002191722393,False,False,16000,False,,False,0.0,cpu,patch_nearest_normal,last2,14,0.05,False,,,0.00011539978004293516,0.00020260438468534505,False,True
2026-08-14 22:46:45,grid,monitor,C:/cira_batch_test/grid/good_8.png,good_8.png,normal,False,0.0437004454433918,3.635883274455409e-07,0.053714152485093335,0.053714152485093335,0.04894002191722393,False,True,16000,True,0.00012460385914891958,True,0.002068320056423545,cpu,patch_nearest_normal,last2,14,0.05,False,,,0.00011388425627956167,0.00020260438468534505,True,True
2026-08-14 22:46:47,grid,monitor,C:/cira_batch_test/grid/good_9.png,good_9.png,normal,False,0.045856814831495285,3.039836826701503e-07,0.053714152485093335,0.053714152485093335,0.04894002191722393,False,True,16000,True,0.00012869307829532772,True,0.0020556719973683357,cpu,patch_nearest_normal,last2,14,0.05,False,,,0.00011854569311253726,0.00020260438468534505,True,True
2026-08-14 22:46:48,hazelnut,monitor,C:/cira_batch_test/hazelnut/bad_1.png,bad_1.png,anomaly,True,0.16086113452911377,0.16086113452911377,0.11622385221571559,0.11622385221571559,0.11048602908849717,False,False,16000,False,,False,0.0,cpu,patch_nearest_normal,last2,14,0.05,False,,,0.00014925184950698167,0.00018771860486589,False,True
2026-08-14 22:46:50,hazelnut,monitor,C:/cira_batch_test/hazelnut/bad_10.png,bad_10.png,anomaly,True,0.24062328040599823,0.24062328040599823,0.11622385221571559,0.11622385221571559,0.11048602908849717,False,False,16000,False,,False,0.0,cpu,patch_nearest_normal,last2,14,0.05,False,,,0.0001350510137854144,0.00018771860486589,False,True
2026-08-14 22:46:52,hazelnut,monitor,C:/cira_batch_test/hazelnut/bad_11.png,bad_11.png,anomaly,True,0.20693770051002502,0.20693770051002502,0.11622385221571559,0.11622385221571559,0.11048602908849717,False,False,16000,False,,False,0.0,cpu,patch_nearest_normal,last2,14,0.05,False,,,0.00016483181389048696,0.00018771860486589,False,True
2026-08-14 22:46:53,hazelnut,monitor,C:/cira_batch_test/hazelnut/bad_12.png,bad_12.png,anomaly,True,0.1289863884449005,0.1289863884449005,0.11622385221571559,0.11622385221571559,0.11048602908849717,False,False,16000,False,,False,0.0,cpu,patch_nearest_normal,last2,14,0.05,False,,,0.00015585793880745769,0.00018771860486589,False,True
2026-08-14 22:46:55,hazelnut,monitor,C:/cira_batch_test/hazelnut/bad_13.png,bad_13.png,anomaly,True,0.12652647495269775,0.12652647495269775,0.11622385221571559,0.11622385221571559,0.11048602908849717,False,False,16000,False,,False,0.0,cpu,patch_nearest_normal,last2,14,0.05,False,,,0.0001274331152671948,0.00018771860486589,False,True
2026-08-14 22:46:56,hazelnut,monitor,C:/cira_batch_test/hazelnut/bad_14.png,bad_14.png,anomaly,True,0.20721229910850525,0.20721229910850525,0.11622385221571559,0.11622385221571559,0.11048602908849717,False,False,16000,False,,False,0.0,cpu,patch_nearest_normal,last2,14,0.05,False,,,0.0001400423643644899,0.00018771860486589,False,True
2026-08-14 22:46:58,hazelnut,monitor,C:/cira_batch_test/hazelnut/bad_15.png,bad_15.png,anomaly,True,0.22609829902648926,0.22609829902648926,0.11622385221571559,0.11622385221571559,0.11048602908849717,False,False,16000,False,,False,0.0,cpu,patch_nearest_normal,last2,14,0.05,False,,,0.0001353538391413167,0.00018771860486589,False,True
2026-08-14 22:46:59,hazelnut,monitor,C:/cira_batch_test/hazelnut/bad_16.png,bad_16.png,anomaly,True,0.2441060096025467,0.2441060096025467,0.11622385221571559,0.11622385221571559,0.11048602908849717,False,False,16000,False,,False,0.0,cpu,patch_nearest_normal,last2,14,0.05,False,,,0.00011558213009266183,0.00018771860486589,False,True
2026-08-14 22:47:01,hazelnut,monitor,C:/cira_batch_test/hazelnut/bad_17.png,bad_17.png,anomaly,True,0.21741983294487,0.21741983294487,0.11622385221571559,0.11622385221571559,0.11048602908849717,False,False,16000,False,,False,0.0,cpu,patch_nearest_normal,last2,14,0.05,False,,,0.00012372156197670847,0.00018771860486589,False,True
2026-08-14 22:47:02,hazelnut,monitor,C:/cira_batch_test/hazelnut/bad_18.png,bad_18.png,anomaly,True,0.2222953587770462,0.2222953587770462,0.11622385221571559,0.11622385221571559,0.11048602908849717,False,False,16000,False,,False,0.0,cpu,patch_nearest_normal,last2,14,0.05,False,,,0.00014378868218045682,0.00018771860486589,False,True
2026-08-14 22:47:04,hazelnut,monitor,C:/cira_batch_test/hazelnut/bad_19.png,bad_19.png,anomaly,True,0.12652647495269775,0.12652647495269775,0.11622385221571559,0.11622385221571559,0.11048602908849717,False,False,16000,False,,False,0.0,cpu,patch_nearest_normal,last2,14,0.05,False,,,0.0001278277050005272,0.00018771860486589,False,True
2026-08-14 22:47:05,hazelnut,monitor,C:/cira_batch_test/hazelnut/bad_2.png,bad_2.png,anomaly,True,0.1989687979221344,0.1989687979221344,0.11622385221571559,0.11622385221571559,0.11048602908849717,False,False,16000,False,,False,0.0,cpu,patch_nearest_normal,last2,14,0.05,False,,,0.00016413783305324614,0.00018771860486589,False,True
2026-08-14 22:47:07,hazelnut,monitor,C:/cira_batch_test/hazelnut/bad_20.png,bad_20.png,anomaly,True,0.23149952292442322,0.23149952292442322,0.11622385221571559,0.11622385221571559,0.11048602908849717,False,False,16000,False,,False,0.0,cpu,patch_nearest_normal,last2,14,0.05,False,,,0.00014122339780442417,0.00018771860486589,False,True
2026-08-14 22:47:08,hazelnut,monitor,C:/cira_batch_test/hazelnut/bad_3.png,bad_3.png,anomaly,True,0.21309860050678253,0.21309860050678253,0.11622385221571559,0.11622385221571559,0.11048602908849717,False,False,16000,False,,False,0.0,cpu,patch_nearest_normal,last2,14,0.05,False,,,0.0001574790949234739,0.00018771860486589,False,True
2026-08-14 22:47:10,hazelnut,monitor,C:/cira_batch_test/hazelnut/bad_4.png,bad_4.png,anomaly,True,0.21018381416797638,0.21018381416797638,0.11622385221571559,0.11622385221571559,0.11048602908849717,False,False,16000,False,,False,0.0,cpu,patch_nearest_normal,last2,14,0.05,False,,,0.00013014076102990657,0.00018771860486589,False,True
2026-08-14 22:47:11,hazelnut,monitor,C:/cira_batch_test/hazelnut/bad_5.png,bad_5.png,anomaly,True,0.1668674498796463,0.1668674498796463,0.11622385221571559,0.11622385221571559,0.11048602908849717,False,False,16000,False,,False,0.0,cpu,patch_nearest_normal,last2,14,0.05,False,,,0.0001734281686367467,0.00018771860486589,False,True
2026-08-14 22:47:13,hazelnut,monitor,C:/cira_batch_test/hazelnut/bad_6.png,bad_6.png,anomaly,True,0.203285813331604,0.203285813331604,0.11622385221571559,0.11622385221571559,0.11048602908849717,False,False,16000,False,,False,0.0,cpu,patch_nearest_normal,last2,14,0.05,False,,,0.0001391453988617286,0.00018771860486589,False,True
2026-08-14 22:47:14,hazelnut,monitor,C:/cira_batch_test/hazelnut/bad_7.png,bad_7.png,anomaly,True,0.20399579405784607,0.20399579405784607,0.11622385221571559,0.11622385221571559,0.11048602908849717,False,False,16000,False,,False,0.0,cpu,patch_nearest_normal,last2,14,0.05,False,,,0.00013109066640026867,0.00018771860486589,False,True
2026-08-14 22:47:16,hazelnut,monitor,C:/cira_batch_test/hazelnut/bad_8.png,bad_8.png,anomaly,True,0.1674746572971344,0.1674746572971344,0.11622385221571559,0.11622385221571559,0.11048602908849717,False,False,16000,False,,False,0.0,cpu,patch_nearest_normal,last2,14,0.05,False,,,0.000158882889081724,0.00018771860486589,False,True
2026-08-14 22:47:17,hazelnut,monitor,C:/cira_batch_test/hazelnut/bad_9.png,bad_9.png,anomaly,True,0.15189433097839355,0.15189433097839355,0.11622385221571559,0.11622385221571559,0.11048602908849717,False,False,16000,False,,False,0.0,cpu,patch_nearest_normal,last2,14,0.05,False,,,0.00016386742936447263,0.00018771860486589,False,True
2026-08-14 22:47:19,hazelnut,monitor,C:/cira_batch_test/hazelnut/good_1.png,good_1.png,normal,False,0.10071440041065216,3.337860050578456e-07,0.11622385221571559,0.11622385221571559,0.11048602908849717,False,True,16000,True,0.00018683099187910557,True,0.003027632599696517,cpu,patch_nearest_normal,last2,14,0.05,False,,,0.00015087760402821004,0.00018771860486589,True,True
2026-08-14 22:47:21,hazelnut,monitor,C:/cira_batch_test/hazelnut/good_10.png,good_10.png,normal,False,0.1074654683470726,2.980232238769531e-07,0.11622385221571559,0.11622385221571559,0.11048602908849717,False,True,16000,True,0.00016659212997183204,True,0.002678429475054145,cpu,patch_nearest_normal,last2,14,0.05,False,,,0.00014364342496264726,0.00018771860486589,True,True
2026-08-14 22:47:23,hazelnut,monitor,C:/cira_batch_test/hazelnut/good_11.png,good_11.png,normal,False,0.0906556099653244,2.6226044269606064e-07,0.11622385221571559,0.11622385221571559,0.11048602908849717,False,True,16000,True,0.00016217264055740088,True,0.0025237693917006254,cpu,patch_nearest_normal,last2,14,0.05,False,,,0.00014792820729780942,0.00018771860486589,True,True
2026-08-14 22:47:25,hazelnut,monitor,C:/cira_batch_test/hazelnut/good_12.png,good_12.png,normal,False,0.09206677973270416,2.8014181907565217e-07,0.11622385221571559,0.11622385221571559,0.11048602908849717,False,True,16000,True,0.00016637174121569842,True,0.0024991014506667852,cpu,patch_nearest_normal,last2,14,0.05,False,,,0.0001511622394900769,0.00018771860486589,True,True
2026-08-14 22:47:26,hazelnut,monitor,C:/cira_batch_test/hazelnut/good_13.png,good_13.png,normal,False,0.09466278553009033,3.039836826701503e-07,0.11622385221571559,0.11622385221571559,0.11048602908849717,False,True,16000,True,0.0001583201956236735,True,0.002479872200638056,cpu,patch_nearest_normal,last2,14,0.05,False,,,0.0001518239441793412,0.00018771860486589,True,True
2026-08-14 22:47:28,hazelnut,monitor,C:/cira_batch_test/hazelnut/good_14.png,good_14.png,normal,False,0.09228803217411041,2.980232238769531e-07,0.11622385221571559,0.11622385221571559,0.11048602908849717,False,True,16000,True,0.00016053950821515173,True,0.0024622809141874313,cpu,patch_nearest_normal,last2,14,0.05,False,,,0.00014691079559270293,0.00018771860486589,True,True
2026-08-14 22:47:30,hazelnut,monitor,C:/cira_batch_test/hazelnut/good_15.png,good_15.png,normal,False,0.09788088500499725,2.682209014892578e-07,0.11622385221571559,0.11622385221571559,0.11048602908849717,False,True,16000,True,0.0001657428074395284,True,0.0024487082846462727,cpu,patch_nearest_normal,last2,14,0.05,False,,,0.00015178637113422155,0.00018771860486589,True,True
2026-08-14 22:47:32,hazelnut,monitor,C:/cira_batch_test/hazelnut/good_16.png,good_16.png,normal,False,0.09131818264722824,2.5033949668795685e-07,0.11622385221571559,0.11622385221571559,0.11048602908849717,False,True,16000,True,0.00016853645502123982,True,0.0024447713512927294,cpu,patch_nearest_normal,last2,14,0.05,False,,,0.0001540336525067687,0.00018771860486589,True,True
2026-08-14 22:47:33,hazelnut,monitor,C:/cira_batch_test/hazelnut/good_17.png,good_17.png,normal,False,0.11450798809528351,0.11450798809528351,0.11622385221571559,0.11622385221571559,0.11048602908849717,False,False,16000,False,,False,0.0,cpu,patch_nearest_normal,last2,14,0.05,False,,,0.00016460120968986303,0.00018771860486589,False,True
2026-08-14 22:47:35,hazelnut,monitor,C:/cira_batch_test/hazelnut/good_18.png,good_18.png,normal,False,0.0972205251455307,2.8014181907565217e-07,0.11622385221571559,0.11622385221571559,0.11048602908849717,False,True,16000,True,0.00016917247558012605,True,0.002418424468487501,cpu,patch_nearest_normal,last2,14,0.05,False,,,0.00015737222565803677,0.00018771860486589,True,True
2026-08-14 22:47:37,hazelnut,monitor,C:/cira_batch_test/hazelnut/good_19.png,good_19.png,normal,False,0.10422112792730331,2.74181360282455e-07,0.11622385221571559,0.11622385221571559,0.11048602908849717,False,True,16000,True,0.00014655289123766124,True,0.0024032529909163713,cpu,patch_nearest_normal,last2,14,0.05,True,C:\cira_ttl_checkpoints\hazelnut\patch_memory_bank_update_10.pt,C:\cira_ttl_checkpoints\hazelnut\patch_adapter_update_10.pt,0.00014203251339495182,0.00018771860486589,True,True
2026-08-14 22:47:39,hazelnut,monitor,C:/cira_batch_test/hazelnut/good_2.png,good_2.png,normal,False,0.1049843281507492,2.2053718851111626e-07,0.11622385221571559,0.11622385221571559,0.11048602908849717,False,True,16000,True,0.0001628879108466208,True,0.0023924708366394043,cpu,patch_nearest_normal,last2,14,0.05,False,,,0.00014380515494849533,0.00018771860486589,True,True
2026-08-14 22:47:40,hazelnut,monitor,C:/cira_batch_test/hazelnut/good_20.png,good_20.png,normal,False,0.10053794085979462,2.980232238769531e-07,0.11622385221571559,0.11622385221571559,0.11048602908849717,False,True,16000,True,0.00017613898671697825,True,0.0023874968755990267,cpu,patch_nearest_normal,last2,14,0.05,False,,,0.00015205387899186462,0.00018771860486589,True,True
2026-08-14 22:47:42,hazelnut,monitor,C:/cira_batch_test/hazelnut/good_3.png,good_3.png,normal,False,0.1073131337761879,2.8014181907565217e-07,0.11622385221571559,0.11622385221571559,0.11048602908849717,False,True,16000,True,0.0001524456893093884,True,0.0023833075538277626,cpu,patch_nearest_normal,last2,14,0.05,False,,,0.0001387159136356786,0.00018771860486589,True,True
2026-08-14 22:47:44,hazelnut,monitor,C:/cira_batch_test/hazelnut/good_4.png,good_4.png,normal,False,0.08859582990407944,2.8014181907565217e-07,0.11622385221571559,0.11622385221571559,0.11048602908849717,False,True,16000,True,0.00017300121544394642,True,0.0023982750717550516,cpu,patch_nearest_normal,last2,14,0.05,False,,,0.00014848644786980003,0.00018771860486589,True,True
2026-08-14 22:47:46,hazelnut,monitor,C:/cira_batch_test/hazelnut/good_5.png,good_5.png,normal,False,0.08144871890544891,3.2186508747145126e-07,0.11622385221571559,0.11622385221571559,0.11048602908849717,False,True,16000,True,0.00014923480921424925,True,0.0023994799703359604,cpu,patch_nearest_normal,last2,14,0.05,False,,,0.00013507556286640465,0.00018771860486589,True,True
2026-08-14 22:47:47,hazelnut,monitor,C:/cira_batch_test/hazelnut/good_6.png,good_6.png,anomaly,True,0.11924304813146591,0.11924304813146591,0.11622385221571559,0.11622385221571559,0.11048602908849717,False,False,16000,False,,False,0.0,cpu,patch_nearest_normal,last2,14,0.05,False,,,0.0001323601754847914,0.00018771860486589,False,True
2026-08-14 22:47:49,hazelnut,monitor,C:/cira_batch_test/hazelnut/good_7.png,good_7.png,normal,False,0.0978698879480362,2.74181360282455e-07,0.11622385221571559,0.11622385221571559,0.11048602908849717,False,True,16000,True,0.00015138419985305518,True,0.0023853115271776915,cpu,patch_nearest_normal,last2,14,0.05,False,,,0.0001397136365994811,0.00018771860486589,True,True
2026-08-14 22:47:51,hazelnut,monitor,C:/cira_batch_test/hazelnut/good_8.png,good_8.png,normal,False,0.10578256845474243,3.039836826701503e-07,0.11622385221571559,0.11622385221571559,0.11048602908849717,False,True,16000,True,0.00016368075739592314,True,0.002388798398897052,cpu,patch_nearest_normal,last2,14,0.05,False,,,0.0001341863680863753,0.00018771860486589,True,True
2026-08-14 22:47:53,hazelnut,monitor,C:/cira_batch_test/hazelnut/good_9.png,good_9.png,normal,False,0.09834666550159454,2.8610230629055877e-07,0.11622385221571559,0.11622385221571559,0.11048602908849717,False,True,16000,True,0.00015719991642981768,True,0.002393885049968958,cpu,patch_nearest_normal,last2,14,0.05,False,,,0.00014598395500797778,0.00018771860486589,True,True
2026-08-14 22:47:54,leather,monitor,C:/cira_batch_test/leather/bad_1.png,bad_1.png,anomaly,True,0.051475733518600464,0.051475733518600464,0.03417175290126485,0.03417175290126485,0.030724090337753297,False,False,16000,False,,False,0.0,cpu,patch_nearest_normal,last2,14,0.05,False,,,0.00015129188250284642,0.000215753776865275,False,True
2026-08-14 22:47:56,leather,monitor,C:/cira_batch_test/leather/bad_10.png,bad_10.png,anomaly,True,0.0820942223072052,0.0820942223072052,0.03417175290126485,0.03417175290126485,0.030724090337753297,False,False,16000,False,,False,0.0,cpu,patch_nearest_normal,last2,14,0.05,False,,,0.00012724020052701235,0.000215753776865275,False,True
2026-08-14 22:47:58,leather,monitor,C:/cira_batch_test/leather/bad_11.png,bad_11.png,anomaly,True,0.387601375579834,0.387601375579834,0.03417175290126485,0.03417175290126485,0.030724090337753297,False,False,16000,False,,False,0.0,cpu,patch_nearest_normal,last2,14,0.05,False,,,0.0001719364954624325,0.000215753776865275,False,True
2026-08-14 22:47:59,leather,monitor,C:/cira_batch_test/leather/bad_12.png,bad_12.png,anomaly,True,0.37309738993644714,0.37309738993644714,0.03417175290126485,0.03417175290126485,0.030724090337753297,False,False,16000,False,,False,0.0,cpu,patch_nearest_normal,last2,14,0.05,False,,,0.00012845671153627336,0.000215753776865275,False,True
2026-08-14 22:48:01,leather,monitor,C:/cira_batch_test/leather/bad_13.png,bad_13.png,anomaly,True,0.0342017225921154,0.0342017225921154,0.03417175290126485,0.03417175290126485,0.030724090337753297,False,False,16000,False,,False,0.0,cpu,patch_nearest_normal,last2,14,0.05,False,,,0.00012961341417394578,0.000215753776865275,False,True
2026-08-14 22:48:02,leather,monitor,C:/cira_batch_test/leather/bad_14.png,bad_14.png,anomaly,True,0.3577588200569153,0.3577588200569153,0.03417175290126485,0.03417175290126485,0.030724090337753297,False,False,16000,False,,False,0.0,cpu,patch_nearest_normal,last2,14,0.05,False,,,0.00011106568854302168,0.000215753776865275,False,True
2026-08-14 22:48:04,leather,monitor,C:/cira_batch_test/leather/bad_15.png,bad_15.png,anomaly,True,0.13468047976493835,0.13468047976493835,0.03417175290126485,0.03417175290126485,0.030724090337753297,False,False,16000,False,,False,0.0,cpu,patch_nearest_normal,last2,14,0.05,False,,,0.00012782563862856477,0.000215753776865275,False,True
2026-08-14 22:48:06,leather,monitor,C:/cira_batch_test/leather/bad_16.png,bad_16.png,anomaly,True,0.041029274463653564,0.041029274463653564,0.03417175290126485,0.03417175290126485,0.030724090337753297,False,False,16000,False,,False,0.0,cpu,patch_nearest_normal,last2,14,0.05,False,,,0.00012371402408462018,0.000215753776865275,False,True
2026-08-14 22:48:07,leather,monitor,C:/cira_batch_test/leather/bad_17.png,bad_17.png,anomaly,True,0.24229192733764648,0.24229192733764648,0.03417175290126485,0.03417175290126485,0.030724090337753297,False,False,16000,False,,False,0.0,cpu,patch_nearest_normal,last2,14,0.05,False,,,0.00017896383360493928,0.000215753776865275,False,True
2026-08-14 22:48:09,leather,monitor,C:/cira_batch_test/leather/bad_18.png,bad_18.png,anomaly,True,0.03640037775039673,0.03640037775039673,0.03417175290126485,0.03417175290126485,0.030724090337753297,False,False,16000,False,,False,0.0,cpu,patch_nearest_normal,last2,14,0.05,False,,,0.00011991759674856439,0.000215753776865275,False,True
2026-08-14 22:48:10,leather,monitor,C:/cira_batch_test/leather/bad_19.png,bad_19.png,normal,False,0.03212640434503555,0.03212640434503555,0.03417175290126485,0.03417175290126485,0.030724090337753297,False,False,16000,False,,False,0.0,cpu,patch_nearest_normal,last2,14,0.05,False,,,0.00018510135123506188,0.000215753776865275,False,True
2026-08-14 22:48:12,leather,monitor,C:/cira_batch_test/leather/bad_2.png,bad_2.png,anomaly,True,0.26926204562187195,0.26926204562187195,0.03417175290126485,0.03417175290126485,0.030724090337753297,False,False,16000,False,,False,0.0,cpu,patch_nearest_normal,last2,14,0.05,False,,,9.833198419073597e-05,0.000215753776865275,False,True
2026-08-14 22:48:14,leather,monitor,C:/cira_batch_test/leather/bad_20.png,bad_20.png,anomaly,True,0.10156619548797607,0.10156619548797607,0.03417175290126485,0.03417175290126485,0.030724090337753297,False,False,16000,False,,False,0.0,cpu,patch_nearest_normal,last2,14,0.05,False,,,0.00016690950724296272,0.000215753776865275,False,True
2026-08-14 22:48:15,leather,monitor,C:/cira_batch_test/leather/bad_3.png,bad_3.png,anomaly,True,0.375313937664032,0.375313937664032,0.03417175290126485,0.03417175290126485,0.030724090337753297,False,False,16000,False,,False,0.0,cpu,patch_nearest_normal,last2,14,0.05,False,,,0.0001710420910967514,0.000215753776865275,False,True
2026-08-14 22:48:17,leather,monitor,C:/cira_batch_test/leather/bad_4.png,bad_4.png,anomaly,True,0.07355661690235138,0.07355661690235138,0.03417175290126485,0.03417175290126485,0.030724090337753297,False,False,16000,False,,False,0.0,cpu,patch_nearest_normal,last2,14,0.05,False,,,0.00014742487110197544,0.000215753776865275,False,True
2026-08-14 22:48:18,leather,monitor,C:/cira_batch_test/leather/bad_5.png,bad_5.png,anomaly,True,0.04449773579835892,0.04449773579835892,0.03417175290126485,0.03417175290126485,0.030724090337753297,False,False,16000,False,,False,0.0,cpu,patch_nearest_normal,last2,14,0.05,False,,,0.00012715674529317766,0.000215753776865275,False,True
2026-08-14 22:48:20,leather,monitor,C:/cira_batch_test/leather/bad_6.png,bad_6.png,anomaly,True,0.03703952953219414,0.03703952953219414,0.03417175290126485,0.03417175290126485,0.030724090337753297,False,False,16000,False,,False,0.0,cpu,patch_nearest_normal,last2,14,0.05,False,,,0.00012932191020809114,0.000215753776865275,False,True
2026-08-14 22:48:21,leather,monitor,C:/cira_batch_test/leather/bad_7.png,bad_7.png,anomaly,True,0.18991155922412872,0.18991155922412872,0.03417175290126485,0.03417175290126485,0.030724090337753297,False,False,16000,False,,False,0.0,cpu,patch_nearest_normal,last2,14,0.05,False,,,0.00013143251999281347,0.000215753776865275,False,True
2026-08-14 22:48:23,leather,monitor,C:/cira_batch_test/leather/bad_8.png,bad_8.png,anomaly,True,0.04029615595936775,0.04029615595936775,0.03417175290126485,0.03417175290126485,0.030724090337753297,False,False,16000,False,,False,0.0,cpu,patch_nearest_normal,last2,14,0.05,False,,,0.0001611575426068157,0.000215753776865275,False,True
2026-08-14 22:48:24,leather,monitor,C:/cira_batch_test/leather/bad_9.png,bad_9.png,anomaly,True,0.03599574416875839,0.03599574416875839,0.03417175290126485,0.03417175290126485,0.030724090337753297,False,False,16000,False,,False,0.0,cpu,patch_nearest_normal,last2,14,0.05,False,,,0.00012669077841565013,0.000215753776865275,False,True
2026-08-14 22:48:26,leather,monitor,C:/cira_batch_test/leather/good_1.png,good_1.png,anomaly,True,0.035275984555482864,0.035275984555482864,0.03417175290126485,0.03417175290126485,0.030724090337753297,False,False,16000,False,,False,0.0,cpu,patch_nearest_normal,last2,14,0.05,False,,,0.00011800108040915802,0.000215753776865275,False,True
2026-08-14 22:48:28,leather,monitor,C:/cira_batch_test/leather/good_10.png,good_10.png,anomaly,True,0.034913837909698486,0.034913837909698486,0.03417175290126485,0.03417175290126485,0.030724090337753297,False,False,16000,False,,False,0.0,cpu,patch_nearest_normal,last2,14,0.05,False,,,0.00012113058619434014,0.000215753776865275,False,True
2026-08-14 22:48:29,leather,monitor,C:/cira_batch_test/leather/good_11.png,good_11.png,anomaly,True,0.04056365415453911,0.04056365415453911,0.03417175290126485,0.03417175290126485,0.030724090337753297,False,False,16000,False,,False,0.0,cpu,patch_nearest_normal,last2,14,0.05,False,,,0.00011258429731242359,0.000215753776865275,False,True
2026-08-14 22:48:31,leather,monitor,C:/cira_batch_test/leather/good_12.png,good_12.png,anomaly,True,0.04197729751467705,0.04197729751467705,0.03417175290126485,0.03417175290126485,0.030724090337753297,False,False,16000,False,,False,0.0,cpu,patch_nearest_normal,last2,14,0.05,False,,,0.00010743657185230404,0.000215753776865275,False,True
2026-08-14 22:48:32,leather,monitor,C:/cira_batch_test/leather/good_13.png,good_13.png,anomaly,True,0.04109293967485428,0.04109293967485428,0.03417175290126485,0.03417175290126485,0.030724090337753297,False,False,16000,False,,False,0.0,cpu,patch_nearest_normal,last2,14,0.05,False,,,0.0001260115677723661,0.000215753776865275,False,True
2026-08-14 22:48:34,leather,monitor,C:/cira_batch_test/leather/good_14.png,good_14.png,anomaly,True,0.04789183288812637,0.04789183288812637,0.03417175290126485,0.03417175290126485,0.030724090337753297,False,False,16000,False,,False,0.0,cpu,patch_nearest_normal,last2,14,0.05,False,,,0.00011754554725484923,0.000215753776865275,False,True
2026-08-14 22:48:36,leather,monitor,C:/cira_batch_test/leather/good_15.png,good_15.png,normal,False,0.027622688561677933,2.5629998390286346e-07,0.03417175290126485,0.03417175290126485,0.030724090337753297,False,True,16000,True,0.00016321035218425095,True,0.0030074436217546463,cpu,patch_nearest_normal,last2,14,0.05,False,,,0.00016056132153607905,0.000215753776865275,True,True
2026-08-14 22:48:37,leather,monitor,C:/cira_batch_test/leather/good_16.png,good_16.png,normal,False,0.03323556110262871,0.03323556110262871,0.03417175290126485,0.03417175290126485,0.030724090337753297,False,False,16000,False,,False,0.0,cpu,patch_nearest_normal,last2,14,0.05,False,,,0.00014289357932284474,0.000215753776865275,False,True
2026-08-14 22:48:39,leather,monitor,C:/cira_batch_test/leather/good_17.png,good_17.png,normal,False,0.029496287927031517,2.682209014892578e-07,0.03417175290126485,0.03417175290126485,0.030724090337753297,False,True,16000,True,0.0001415392180206254,True,0.0028723874129354954,cpu,patch_nearest_normal,last2,14,0.05,False,,,0.00012729098671115935,0.000215753776865275,True,True
2026-08-14 22:48:41,leather,monitor,C:/cira_batch_test/leather/good_18.png,good_18.png,normal,False,0.029354196041822433,3.9339064983323624e-07,0.03417175290126485,0.03417175290126485,0.030724090337753297,False,True,16000,True,0.00013491816935129464,True,0.0027959442231804132,cpu,patch_nearest_normal,last2,14,0.05,False,,,0.0001247752079507336,0.000215753776865275,True,True
2026-08-14 22:48:43,leather,monitor,C:/cira_batch_test/leather/good_19.png,good_19.png,normal,False,0.02542695961892605,3.635883274455409e-07,0.03417175290126485,0.03417175290126485,0.030724090337753297,False,True,16000,True,0.00014949636533856392,True,0.002799377078190446,cpu,patch_nearest_normal,last2,14,0.05,False,,,0.00014295033179223537,0.000215753776865275,True,True
2026-08-14 22:48:44,leather,monitor,C:/cira_batch_test/leather/good_2.png,good_2.png,normal,False,0.029417013749480247,3.2186508747145126e-07,0.03417175290126485,0.03417175290126485,0.030724090337753297,False,True,16000,True,0.00011163738963659853,True,0.0027227052487432957,cpu,patch_nearest_normal,last2,14,0.05,False,,,0.00011229135270696133,0.000215753776865275,True,True
2026-08-14 22:48:46,leather,monitor,C:/cira_batch_test/leather/good_20.png,good_20.png,normal,False,0.029279857873916626,3.337860050578456e-07,0.03417175290126485,0.03417175290126485,0.030724090337753297,False,True,16000,True,0.0001404827635269612,True,0.002726240549236536,cpu,patch_nearest_normal,last2,14,0.05,False,,,0.0001390641409670934,0.000215753776865275,True,True
2026-08-14 22:48:48,leather,monitor,C:/cira_batch_test/leather/good_3.png,good_3.png,normal,False,0.0321977362036705,0.0321977362036705,0.03417175290126485,0.03417175290126485,0.030724090337753297,False,False,16000,False,,False,0.0,cpu,patch_nearest_normal,last2,14,0.05,False,,,0.00013366242637857795,0.000215753776865275,False,True
2026-08-14 22:48:49,leather,monitor,C:/cira_batch_test/leather/good_4.png,good_4.png,normal,False,0.03359284996986389,0.03359284996986389,0.03417175290126485,0.03417175290126485,0.030724090337753297,False,False,16000,False,,False,0.0,cpu,patch_nearest_normal,last2,14,0.05,False,,,0.00011262088810326532,0.000215753776865275,False,True
2026-08-14 22:48:51,leather,monitor,C:/cira_batch_test/leather/good_5.png,good_5.png,normal,False,0.03194263577461243,0.03194263577461243,0.03417175290126485,0.03417175290126485,0.030724090337753297,False,False,16000,False,,False,0.0,cpu,patch_nearest_normal,last2,14,0.05,False,,,0.00011217554128961638,0.000215753776865275,False,True
2026-08-14 22:48:52,leather,monitor,C:/cira_batch_test/leather/good_6.png,good_6.png,normal,False,0.032795391976833344,0.032795391976833344,0.03417175290126485,0.03417175290126485,0.030724090337753297,False,False,16000,False,,False,0.0,cpu,patch_nearest_normal,last2,14,0.05,False,,,0.00013519353524316102,0.000215753776865275,False,True
2026-08-14 22:48:54,leather,monitor,C:/cira_batch_test/leather/good_7.png,good_7.png,normal,False,0.0331893265247345,0.0331893265247345,0.03417175290126485,0.03417175290126485,0.030724090337753297,False,False,16000,False,,False,0.0,cpu,patch_nearest_normal,last2,14,0.05,False,,,0.00011983810691162944,0.000215753776865275,False,True
2026-08-14 22:48:55,leather,monitor,C:/cira_batch_test/leather/good_8.png,good_8.png,normal,False,0.03133102133870125,0.03133102133870125,0.03417175290126485,0.03417175290126485,0.030724090337753297,False,False,16000,False,,False,0.0,cpu,patch_nearest_normal,last2,14,0.05,False,,,0.00012271635932847857,0.000215753776865275,False,True
2026-08-14 22:48:57,leather,monitor,C:/cira_batch_test/leather/good_9.png,good_9.png,normal,False,0.030240315943956375,3.9339064983323624e-07,0.03417175290126485,0.03417175290126485,0.030724090337753297,False,True,16000,True,0.000137207520310767,True,0.0027187936939299107,cpu,patch_nearest_normal,last2,14,0.05,False,,,0.0001301313313888386,0.000215753776865275,True,True
2026-08-14 22:48:59,metal_nut,monitor,C:/cira_batch_test/metal_nut/bad_1.png,bad_1.png,anomaly,True,0.120308056473732,0.120308056473732,0.07371339670893942,0.07371339670893942,0.06968219578266144,False,False,16000,False,,False,0.0,cpu,patch_nearest_normal,last2,14,0.05,False,,,9.885337203741074e-05,0.00010222778946618,False,True
2026-08-14 22:49:00,metal_nut,monitor,C:/cira_batch_test/metal_nut/bad_10.png,bad_10.png,anomaly,True,0.11286713927984238,0.11286713927984238,0.07371339670893942,0.07371339670893942,0.06968219578266144,False,False,16000,False,,False,0.0,cpu,patch_nearest_normal,last2,14,0.05,False,,,0.00010470422421349213,0.00010222778946618,False,False
2026-08-14 22:49:01,metal_nut,monitor,C:/cira_batch_test/metal_nut/bad_11.png,bad_11.png,anomaly,True,0.16214802861213684,0.16214802861213684,0.07371339670893942,0.07371339670893942,0.06968219578266144,False,False,16000,False,,False,0.0,cpu,patch_nearest_normal,last2,14,0.05,False,,,0.000131355642224662,0.00010222778946618,False,False
2026-08-14 22:49:03,metal_nut,monitor,C:/cira_batch_test/metal_nut/bad_12.png,bad_12.png,anomaly,True,0.11977102607488632,0.11977102607488632,0.07371339670893942,0.07371339670893942,0.06968219578266144,False,False,16000,False,,False,0.0,cpu,patch_nearest_normal,last2,14,0.05,False,,,9.833601507125422e-05,0.00010222778946618,False,True
2026-08-14 22:49:04,metal_nut,monitor,C:/cira_batch_test/metal_nut/bad_13.png,bad_13.png,anomaly,True,0.18745455145835876,0.18745455145835876,0.07371339670893942,0.07371339670893942,0.06968219578266144,False,False,16000,False,,False,0.0,cpu,patch_nearest_normal,last2,14,0.05,False,,,9.599884651834145e-05,0.00010222778946618,False,True
2026-08-14 22:49:06,metal_nut,monitor,C:/cira_batch_test/metal_nut/bad_14.png,bad_14.png,anomaly,True,0.1635027825832367,0.1635027825832367,0.07371339670893942,0.07371339670893942,0.06968219578266144,False,False,16000,False,,False,0.0,cpu,patch_nearest_normal,last2,14,0.05,False,,,0.00010605985153233632,0.00010222778946618,False,False
2026-08-14 22:49:07,metal_nut,monitor,C:/cira_batch_test/metal_nut/bad_15.png,bad_15.png,anomaly,True,0.16574899852275848,0.16574899852275848,0.07371339670893942,0.07371339670893942,0.06968219578266144,False,False,16000,False,,False,0.0,cpu,patch_nearest_normal,last2,14,0.05,False,,,0.00013815808051731437,0.00010222778946618,False,False
2026-08-14 22:49:09,metal_nut,monitor,C:/cira_batch_test/metal_nut/bad_16.png,bad_16.png,anomaly,True,0.18683616816997528,0.18683616816997528,0.07371339670893942,0.07371339670893942,0.06968219578266144,False,False,16000,False,,False,0.0,cpu,patch_nearest_normal,last2,14,0.05,False,,,0.00010898818436544389,0.00010222778946618,False,False
2026-08-14 22:49:10,metal_nut,monitor,C:/cira_batch_test/metal_nut/bad_17.png,bad_17.png,anomaly,True,0.15556561946868896,0.15556561946868896,0.07371339670893942,0.07371339670893942,0.06968219578266144,False,False,16000,False,,False,0.0,cpu,patch_nearest_normal,last2,14,0.05,False,,,0.00011217510473215953,0.00010222778946618,False,False
2026-08-14 22:49:12,metal_nut,monitor,C:/cira_batch_test/metal_nut/bad_18.png,bad_18.png,anomaly,True,0.12510395050048828,0.12510395050048828,0.07371339670893942,0.07371339670893942,0.06968219578266144,False,False,16000,False,,False,0.0,cpu,patch_nearest_normal,last2,14,0.05,False,,,0.00010252095671603456,0.00010222778946618,False,False
2026-08-14 22:49:13,metal_nut,monitor,C:/cira_batch_test/metal_nut/bad_19.png,bad_19.png,anomaly,True,0.15874633193016052,0.15874633193016052,0.07371339670893942,0.07371339670893942,0.06968219578266144,False,False,16000,False,,False,0.0,cpu,patch_nearest_normal,last2,14,0.05,False,,,0.00012572063133120537,0.00010222778946618,False,False
2026-08-14 22:49:14,metal_nut,monitor,C:/cira_batch_test/metal_nut/bad_2.png,bad_2.png,anomaly,True,0.078916534781456,0.078916534781456,0.07371339670893942,0.07371339670893942,0.06968219578266144,False,False,16000,False,,False,0.0,cpu,patch_nearest_normal,last2,14,0.05,False,,,0.00010385841596871614,0.00010222778946618,False,False
2026-08-14 22:49:16,metal_nut,monitor,C:/cira_batch_test/metal_nut/bad_20.png,bad_20.png,anomaly,True,0.1626330316066742,0.1626330316066742,0.07371339670893942,0.07371339670893942,0.06968219578266144,False,False,16000,False,,False,0.0,cpu,patch_nearest_normal,last2,14,0.05,False,,,0.0001118590371333994,0.00010222778946618,False,False
2026-08-14 22:49:17,metal_nut,monitor,C:/cira_batch_test/metal_nut/bad_3.png,bad_3.png,anomaly,True,0.14994709193706512,0.14994709193706512,0.07371339670893942,0.07371339670893942,0.06968219578266144,False,False,16000,False,,False,0.0,cpu,patch_nearest_normal,last2,14,0.05,False,,,0.00010922429646598175,0.00010222778946618,False,False
2026-08-14 22:49:19,metal_nut,monitor,C:/cira_batch_test/metal_nut/bad_4.png,bad_4.png,anomaly,True,0.20023484528064728,0.20023484528064728,0.07371339670893942,0.07371339670893942,0.06968219578266144,False,False,16000,False,,False,0.0,cpu,patch_nearest_normal,last2,14,0.05,False,,,0.00011559938866412267,0.00010222778946618,False,False
2026-08-14 22:49:20,metal_nut,monitor,C:/cira_batch_test/metal_nut/bad_5.png,bad_5.png,anomaly,True,0.1522161066532135,0.1522161066532135,0.07371339670893942,0.07371339670893942,0.06968219578266144,False,False,16000,False,,False,0.0,cpu,patch_nearest_normal,last2,14,0.05,False,,,0.00011693233682308346,0.00010222778946618,False,False
2026-08-14 22:49:22,metal_nut,monitor,C:/cira_batch_test/metal_nut/bad_6.png,bad_6.png,anomaly,True,0.15751172602176666,0.15751172602176666,0.07371339670893942,0.07371339670893942,0.06968219578266144,False,False,16000,False,,False,0.0,cpu,patch_nearest_normal,last2,14,0.05,False,,,0.00014321789785753936,0.00010222778946618,False,False
2026-08-14 22:49:23,metal_nut,monitor,C:/cira_batch_test/metal_nut/bad_7.png,bad_7.png,anomaly,True,0.1473463475704193,0.1473463475704193,0.07371339670893942,0.07371339670893942,0.06968219578266144,False,False,16000,False,,False,0.0,cpu,patch_nearest_normal,last2,14,0.05,False,,,0.00010784890037029982,0.00010222778946618,False,False
2026-08-14 22:49:24,metal_nut,monitor,C:/cira_batch_test/metal_nut/bad_8.png,bad_8.png,anomaly,True,0.16784417629241943,0.16784417629241943,0.07371339670893942,0.07371339670893942,0.06968219578266144,False,False,16000,False,,False,0.0,cpu,patch_nearest_normal,last2,14,0.05,False,,,0.0001300566509598866,0.00010222778946618,False,False
2026-08-14 22:49:26,metal_nut,monitor,C:/cira_batch_test/metal_nut/bad_9.png,bad_9.png,anomaly,True,0.15985605120658875,0.15985605120658875,0.07371339670893942,0.07371339670893942,0.06968219578266144,False,False,16000,False,,False,0.0,cpu,patch_nearest_normal,last2,14,0.05,False,,,0.00010897580068558455,0.00010222778946618,False,False
2026-08-14 22:49:28,metal_nut,monitor,C:/cira_batch_test/metal_nut/good_1.png,good_1.png,normal,False,0.05869795009493828,2.443790378947597e-07,0.07371339670893942,0.07371339670893942,0.06968219578266144,False,True,16000,True,9.913800749927759e-05,True,0.002991998102515936,cpu,patch_nearest_normal,last2,14,0.05,False,,,9.413458610652015e-05,0.00010222778946618,True,True
2026-08-14 22:49:29,metal_nut,monitor,C:/cira_batch_test/metal_nut/good_10.png,good_10.png,anomaly,True,0.07408986985683441,0.07408986985683441,0.07371339670893942,0.07371339670893942,0.06968219578266144,False,False,16000,False,,False,0.0,cpu,patch_nearest_normal,last2,14,0.05,False,,,8.18562984932214e-05,0.00010222778946618,False,True
2026-08-14 22:49:30,metal_nut,monitor,C:/cira_batch_test/metal_nut/good_11.png,good_11.png,anomaly,True,0.07572928071022034,0.07572928071022034,0.07371339670893942,0.07371339670893942,0.06968219578266144,False,False,16000,False,,False,0.0,cpu,patch_nearest_normal,last2,14,0.05,False,,,9.235407196683809e-05,0.00010222778946618,False,True
2026-08-14 22:49:32,metal_nut,monitor,C:/cira_batch_test/metal_nut/good_12.png,good_12.png,normal,False,0.07002075761556625,0.07002075761556625,0.07371339670893942,0.07371339670893942,0.06968219578266144,False,False,16000,False,,False,0.0,cpu,patch_nearest_normal,last2,14,0.05,False,,,9.853697702055797e-05,0.00010222778946618,False,True
2026-08-14 22:49:34,metal_nut,monitor,C:/cira_batch_test/metal_nut/good_13.png,good_13.png,normal,False,0.06873680651187897,2.682209014892578e-07,0.07371339670893942,0.07371339670893942,0.06968219578266144,False,True,16000,True,9.953446715371683e-05,True,0.0026698980946093798,cpu,patch_nearest_normal,last2,14,0.05,False,,,8.521291601937264e-05,0.00010222778946618,True,True
2026-08-14 22:49:35,metal_nut,monitor,C:/cira_batch_test/metal_nut/good_14.png,good_14.png,normal,False,0.0709248036146164,0.0709248036146164,0.07371339670893942,0.07371339670893942,0.06968219578266144,False,False,16000,False,,False,0.0,cpu,patch_nearest_normal,last2,14,0.05,False,,,9.059383592102677e-05,0.00010222778946618,False,True
2026-08-14 22:49:37,metal_nut,monitor,C:/cira_batch_test/metal_nut/good_15.png,good_15.png,normal,False,0.0603494830429554,2.5033949668795685e-07,0.07371339670893942,0.07371339670893942,0.06968219578266144,False,True,16000,True,0.0001087517011910677,True,0.0025886674411594868,cpu,patch_nearest_normal,last2,14,0.05,False,,,9.118588059209287e-05,0.00010222778946618,True,True
2026-08-14 22:49:38,metal_nut,monitor,C:/cira_batch_test/metal_nut/good_16.png,good_16.png,normal,False,0.06967608630657196,2.980232238769531e-07,0.07371339670893942,0.07371339670893942,0.06968219578266144,False,True,16000,True,9.904093167278916e-05,True,0.0025502489879727364,cpu,patch_nearest_normal,last2,14,0.05,False,,,8.878226071828976e-05,0.00010222778946618,True,True
2026-08-14 22:49:40,metal_nut,monitor,C:/cira_batch_test/metal_nut/good_17.png,good_17.png,anomaly,True,0.08906343579292297,0.08906343579292297,0.07371339670893942,0.07371339670893942,0.06968219578266144,False,False,16000,False,,False,0.0,cpu,patch_nearest_normal,last2,14,0.05,False,,,0.00010786719940369949,0.00010222778946618,False,False
2026-08-14 22:49:41,metal_nut,monitor,C:/cira_batch_test/metal_nut/good_18.png,good_18.png,normal,False,0.061136506497859955,0.061136506497859955,0.07371339670893942,0.07371339670893942,0.06968219578266144,False,False,16000,False,,False,0.0,cpu,patch_nearest_normal,last2,14,0.05,False,,,0.0001042720177792944,0.00010222778946618,True,False
2026-08-14 22:49:43,metal_nut,monitor,C:/cira_batch_test/metal_nut/good_19.png,good_19.png,normal,False,0.05355203151702881,0.05355203151702881,0.07371339670893942,0.07371339670893942,0.06968219578266144,False,False,16000,False,,False,0.0,cpu,patch_nearest_normal,last2,14,0.05,False,,,0.00011313095455989242,0.00010222778946618,True,False
2026-08-14 22:49:44,metal_nut,monitor,C:/cira_batch_test/metal_nut/good_2.png,good_2.png,normal,False,0.06021137908101082,3.159046286782541e-07,0.07371339670893942,0.07371339670893942,0.06968219578266144,False,True,16000,True,0.00010812035179696977,True,0.002537329914048314,cpu,patch_nearest_normal,last2,14,0.05,False,,,9.696940833237022e-05,0.00010222778946618,True,True
2026-08-14 22:49:46,metal_nut,monitor,C:/cira_batch_test/metal_nut/good_20.png,good_20.png,normal,False,0.060494840145111084,2.74181360282455e-07,0.07371339670893942,0.07371339670893942,0.06968219578266144,False,True,16000,True,0.00011703474592650309,True,0.0025212010368704796,cpu,patch_nearest_normal,last2,14,0.05,False,,,9.666169353295118e-05,0.00010222778946618,True,True
2026-08-14 22:49:48,metal_nut,monitor,C:/cira_batch_test/metal_nut/good_3.png,good_3.png,normal,False,0.062058258801698685,3.457069510659494e-07,0.07371339670893942,0.07371339670893942,0.06968219578266144,False,True,16000,True,0.0001115386767196469,True,0.002522276481613517,cpu,patch_nearest_normal,last2,14,0.05,False,,,9.49244131334126e-05,0.00010222778946618,True,True
2026-08-14 22:49:49,metal_nut,monitor,C:/cira_batch_test/metal_nut/good_4.png,good_4.png,normal,False,0.06028475612401962,2.6226044269606064e-07,0.07371339670893942,0.07371339670893942,0.06968219578266144,False,True,16000,True,0.00010861402552109212,True,0.002509462647140026,cpu,patch_nearest_normal,last2,14,0.05,False,,,9.32480106712319e-05,0.00010222778946618,True,True
2026-08-14 22:49:51,metal_nut,monitor,C:/cira_batch_test/metal_nut/good_5.png,good_5.png,normal,False,0.05924953892827034,3.039836826701503e-07,0.07371339670893942,0.07371339670893942,0.06968219578266144,False,True,16000,True,0.00010039048356702551,True,0.002508297562599182,cpu,patch_nearest_normal,last2,14,0.05,False,,,9.200222120853141e-05,0.00010222778946618,True,True
2026-08-14 22:49:53,metal_nut,monitor,C:/cira_batch_test/metal_nut/good_6.png,good_6.png,normal,False,0.0684283897280693,2.980232238769531e-07,0.07371339670893942,0.07371339670893942,0.06968219578266144,False,True,16000,True,0.00011745359370252118,True,0.0025149250868707895,cpu,patch_nearest_normal,last2,14,0.05,True,C:\cira_ttl_checkpoints\metal_nut\patch_memory_bank_update_10.pt,C:\cira_ttl_checkpoints\metal_nut\patch_adapter_update_10.pt,0.00010018917237175629,0.00010222778946618,True,True
2026-08-14 22:49:54,metal_nut,monitor,C:/cira_batch_test/metal_nut/good_7.png,good_7.png,normal,False,0.06298132240772247,2.8014181907565217e-07,0.07371339670893942,0.07371339670893942,0.06968219578266144,False,True,16000,True,0.00011232204269617796,True,0.002503428142517805,cpu,patch_nearest_normal,last2,14,0.05,False,,,9.990744001697749e-05,0.00010222778946618,True,True
2026-08-14 22:49:56,metal_nut,monitor,C:/cira_batch_test/metal_nut/good_8.png,good_8.png,anomaly,True,0.07609452307224274,0.07609452307224274,0.07371339670893942,0.07371339670893942,0.06968219578266144,False,False,16000,False,,False,0.0,cpu,patch_nearest_normal,last2,14,0.05,False,,,9.165440133074299e-05,0.00010222778946618,False,True
2026-08-14 22:49:57,metal_nut,monitor,C:/cira_batch_test/metal_nut/good_9.png,good_9.png,anomaly,True,0.07768453657627106,0.07768453657627106,0.07371339670893942,0.07371339670893942,0.06968219578266144,False,False,16000,False,,False,0.0,cpu,patch_nearest_normal,last2,14,0.05,False,,,8.975618402473629e-05,0.00010222778946618,False,True
2026-08-14 22:49:59,pill,monitor,C:/cira_batch_test/pill/bad_1.png,bad_1.png,anomaly,True,0.08221174031496048,0.08221174031496048,0.05881828558520522,0.05881828558520522,0.05084799118340016,False,False,16000,False,,False,0.0,cpu,patch_nearest_normal,last2,14,0.05,False,,,0.00015384407015517354,0.00015804108188598499,False,True
2026-08-14 22:50:00,pill,monitor,C:/cira_batch_test/pill/bad_10.png,bad_10.png,normal,False,0.046015601605176926,3.755092734536447e-07,0.05881828558520522,0.05881828558520522,0.05084799118340016,False,True,16000,True,0.00015447751502506435,True,0.0030050992500036955,cpu,patch_nearest_normal,last2,14,0.05,False,,,0.00014555390225723386,0.00015804108188598499,True,True
2026-08-14 22:50:02,pill,monitor,C:/cira_batch_test/pill/bad_11.png,bad_11.png,anomaly,True,0.09638343751430511,0.09638343751430511,0.05881828558520522,0.05881828558520522,0.05084799118340016,False,False,16000,False,,False,0.0,cpu,patch_nearest_normal,last2,14,0.05,False,,,0.00014927732991054654,0.00015804108188598499,False,True
2026-08-14 22:50:03,pill,monitor,C:/cira_batch_test/pill/bad_12.png,bad_12.png,anomaly,True,0.12155339866876602,0.12155339866876602,0.05881828558520522,0.05881828558520522,0.05084799118340016,False,False,16000,False,,False,0.0,cpu,patch_nearest_normal,last2,14,0.05,False,,,0.0001595500361872837,0.00015804108188598499,False,False
2026-08-14 22:50:05,pill,monitor,C:/cira_batch_test/pill/bad_13.png,bad_13.png,normal,False,0.05824887752532959,0.05824887752532959,0.05881828558520522,0.05881828558520522,0.05084799118340016,False,False,16000,False,,False,0.0,cpu,patch_nearest_normal,last2,14,0.05,False,,,0.00015994659042917192,0.00015804108188598499,False,False
2026-08-14 22:50:06,pill,monitor,C:/cira_batch_test/pill/bad_14.png,bad_14.png,anomaly,True,0.06948709487915039,0.06948709487915039,0.05881828558520522,0.05881828558520522,0.05084799118340016,False,False,16000,False,,False,0.0,cpu,patch_nearest_normal,last2,14,0.05,False,,,0.0001546703279018402,0.00015804108188598499,False,True
2026-08-14 22:50:08,pill,monitor,C:/cira_batch_test/pill/bad_15.png,bad_15.png,anomaly,True,0.07382704317569733,0.07382704317569733,0.05881828558520522,0.05881828558520522,0.05084799118340016,False,False,16000,False,,False,0.0,cpu,patch_nearest_normal,last2,14,0.05,False,,,0.000130763539345935,0.00015804108188598499,False,True
2026-08-14 22:50:09,pill,monitor,C:/cira_batch_test/pill/bad_16.png,bad_16.png,anomaly,True,0.07491133362054825,0.07491133362054825,0.05881828558520522,0.05881828558520522,0.05084799118340016,False,False,16000,False,,False,0.0,cpu,patch_nearest_normal,last2,14,0.05,False,,,0.0001545562845421955,0.00015804108188598499,False,True
2026-08-14 22:50:11,pill,monitor,C:/cira_batch_test/pill/bad_17.png,bad_17.png,anomaly,True,0.07879447937011719,0.07879447937011719,0.05881828558520522,0.05881828558520522,0.05084799118340016,False,False,16000,False,,False,0.0,cpu,patch_nearest_normal,last2,14,0.05,False,,,0.00016709098417777568,0.00015804108188598499,False,False
2026-08-14 22:50:12,pill,monitor,C:/cira_batch_test/pill/bad_18.png,bad_18.png,normal,False,0.055258799344301224,0.055258799344301224,0.05881828558520522,0.05881828558520522,0.05084799118340016,False,False,16000,False,,False,0.0,cpu,patch_nearest_normal,last2,14,0.05,False,,,0.0001412697893101722,0.00015804108188598499,False,True
2026-08-14 22:50:14,pill,monitor,C:/cira_batch_test/pill/bad_19.png,bad_19.png,anomaly,True,0.06612762063741684,0.06612762063741684,0.05881828558520522,0.05881828558520522,0.05084799118340016,False,False,16000,False,,False,0.0,cpu,patch_nearest_normal,last2,14,0.05,False,,,0.00014700771134812385,0.00015804108188598499,False,True
2026-08-14 22:50:15,pill,monitor,C:/cira_batch_test/pill/bad_2.png,bad_2.png,anomaly,True,0.0758247822523117,0.0758247822523117,0.05881828558520522,0.05881828558520522,0.05084799118340016,False,False,16000,False,,False,0.0,cpu,patch_nearest_normal,last2,14,0.05,False,,,0.00014278896560426801,0.00015804108188598499,False,True
2026-08-14 22:50:17,pill,monitor,C:/cira_batch_test/pill/bad_20.png,bad_20.png,anomaly,True,0.06297589838504791,0.06297589838504791,0.05881828558520522,0.05881828558520522,0.05084799118340016,False,False,16000,False,,False,0.0,cpu,patch_nearest_normal,last2,14,0.05,False,,,0.00014221033779904246,0.00015804108188598499,False,True
2026-08-14 22:50:18,pill,monitor,C:/cira_batch_test/pill/bad_3.png,bad_3.png,anomaly,True,0.06837152689695358,0.06837152689695358,0.05881828558520522,0.05881828558520522,0.05084799118340016,False,False,16000,False,,False,0.0,cpu,patch_nearest_normal,last2,14,0.05,False,,,0.00015534524573013186,0.00015804108188598499,False,True
2026-08-14 22:50:19,pill,monitor,C:/cira_batch_test/pill/bad_4.png,bad_4.png,anomaly,True,0.0693206638097763,0.0693206638097763,0.05881828558520522,0.05881828558520522,0.05084799118340016,False,False,16000,False,,False,0.0,cpu,patch_nearest_normal,last2,14,0.05,False,,,0.00015854653611313552,0.00015804108188598499,False,False
2026-08-14 22:50:21,pill,monitor,C:/cira_batch_test/pill/bad_5.png,bad_5.png,anomaly,True,0.18777792155742645,0.18777792155742645,0.05881828558520522,0.05881828558520522,0.05084799118340016,False,False,16000,False,,False,0.0,cpu,patch_nearest_normal,last2,14,0.05,False,,,0.00014250882668420672,0.00015804108188598499,False,True
2026-08-14 22:50:22,pill,monitor,C:/cira_batch_test/pill/bad_6.png,bad_6.png,anomaly,True,0.07828281819820404,0.07828281819820404,0.05881828558520522,0.05881828558520522,0.05084799118340016,False,False,16000,False,,False,0.0,cpu,patch_nearest_normal,last2,14,0.05,False,,,0.00017181396833620965,0.00015804108188598499,False,False
2026-08-14 22:50:24,pill,monitor,C:/cira_batch_test/pill/bad_7.png,bad_7.png,anomaly,True,0.07237444072961807,0.07237444072961807,0.05881828558520522,0.05881828558520522,0.05084799118340016,False,False,16000,False,,False,0.0,cpu,patch_nearest_normal,last2,14,0.05,False,,,0.00014301500050351024,0.00015804108188598499,False,True
2026-08-14 22:50:25,pill,monitor,C:/cira_batch_test/pill/bad_8.png,bad_8.png,anomaly,True,0.11689305305480957,0.11689305305480957,0.05881828558520522,0.05881828558520522,0.05084799118340016,False,False,16000,False,,False,0.0,cpu,patch_nearest_normal,last2,14,0.05,False,,,0.00014359489432536066,0.00015804108188598499,False,True
2026-08-14 22:50:27,pill,monitor,C:/cira_batch_test/pill/bad_9.png,bad_9.png,anomaly,True,0.061535365879535675,0.061535365879535675,0.05881828558520522,0.05881828558520522,0.05084799118340016,False,False,16000,False,,False,0.0,cpu,patch_nearest_normal,last2,14,0.05,False,,,0.00013689127808902413,0.00015804108188598499,False,True
2026-08-14 22:50:28,pill,monitor,C:/cira_batch_test/pill/good_1.png,good_1.png,normal,False,0.0471687912940979,3.039836826701503e-07,0.05881828558520522,0.05881828558520522,0.05084799118340016,False,True,16000,True,0.00016110441356431693,True,0.0027767429128289223,cpu,patch_nearest_normal,last2,14,0.05,False,,,0.00015556388825643808,0.00015804108188598499,True,True
2026-08-14 22:50:30,pill,monitor,C:/cira_batch_test/pill/good_10.png,good_10.png,normal,False,0.04481019824743271,3.635883274455409e-07,0.05881828558520522,0.05881828558520522,0.05084799118340016,False,True,16000,True,0.00014783546794205904,True,0.002699133940041065,cpu,patch_nearest_normal,last2,14,0.05,False,,,0.0001375803112750873,0.00015804108188598499,True,True
2026-08-14 22:50:32,pill,monitor,C:/cira_batch_test/pill/good_11.png,good_11.png,normal,False,0.04900231212377548,2.8610230629055877e-07,0.05881828558520522,0.05881828558520522,0.05084799118340016,False,True,16000,True,0.00012709907605312765,True,0.0026129544712603092,cpu,patch_nearest_normal,last2,14,0.05,False,,,0.00012298885849304497,0.00015804108188598499,True,True
2026-08-14 22:50:33,pill,monitor,C:/cira_batch_test/pill/good_12.png,good_12.png,normal,False,0.05322323366999626,0.05322323366999626,0.05881828558520522,0.05881828558520522,0.05084799118340016,False,False,16000,False,,False,0.0,cpu,patch_nearest_normal,last2,14,0.05,False,,,0.000137570925289765,0.00015804108188598499,False,True
2026-08-14 22:50:35,pill,monitor,C:/cira_batch_test/pill/good_13.png,good_13.png,normal,False,0.057751644402742386,0.057751644402742386,0.05881828558520522,0.05881828558520522,0.05084799118340016,False,False,16000,False,,False,0.0,cpu,patch_nearest_normal,last2,14,0.05,False,,,0.00013203515845816582,0.00015804108188598499,False,True
2026-08-14 22:50:36,pill,monitor,C:/cira_batch_test/pill/good_14.png,good_14.png,normal,False,0.047884248197078705,2.8610230629055877e-07,0.05881828558520522,0.05881828558520522,0.05084799118340016,False,True,16000,True,0.00012670976866502315,True,0.0025934388395398855,cpu,patch_nearest_normal,last2,14,0.05,False,,,0.00012743104889523238,0.00015804108188598499,True,True
2026-08-14 22:50:38,pill,monitor,C:/cira_batch_test/pill/good_15.png,good_15.png,normal,False,0.05011237412691116,2.74181360282455e-07,0.05881828558520522,0.05881828558520522,0.05084799118340016,False,True,16000,True,0.00014850076695438474,True,0.0025804422330111265,cpu,patch_nearest_normal,last2,14,0.05,False,,,0.00013663375284522772,0.00015804108188598499,True,True
2026-08-14 22:50:40,pill,monitor,C:/cira_batch_test/pill/good_16.png,good_16.png,normal,False,0.05058247968554497,2.5033949668795685e-07,0.05881828558520522,0.05881828558520522,0.05084799118340016,False,True,16000,True,0.00015081556921359152,True,0.0025630954187363386,cpu,patch_nearest_normal,last2,14,0.05,False,,,0.00013544621469918638,0.00015804108188598499,True,True
2026-08-14 22:50:42,pill,monitor,C:/cira_batch_test/pill/good_17.png,good_17.png,normal,False,0.05455077812075615,0.05455077812075615,0.05881828558520522,0.05881828558520522,0.05084799118340016,False,False,16000,False,,False,0.0,cpu,patch_nearest_normal,last2,14,0.05,False,,,0.00016459712060168386,0.00015804108188598499,False,False
2026-08-14 22:50:44,pill,monitor,C:/cira_batch_test/pill/good_18.png,good_18.png,normal,False,0.048601556569337845,3.099441414633475e-07,0.05881828558520522,0.05881828558520522,0.05084799118340016,False,True,16000,True,0.00017816387116909027,True,0.0025590909644961357,cpu,patch_nearest_normal,last2,14,0.05,False,,,0.0001563745317980647,0.00015804108188598499,True,True
2026-08-14 22:50:45,pill,monitor,C:/cira_batch_test/pill/good_19.png,good_19.png,normal,False,0.058092791587114334,0.058092791587114334,0.05881828558520522,0.05881828558520522,0.05084799118340016,False,False,16000,False,,False,0.0,cpu,patch_nearest_normal,last2,14,0.05,False,,,0.00014968311006668955,0.00015804108188598499,False,True
2026-08-14 22:50:47,pill,monitor,C:/cira_batch_test/pill/good_2.png,good_2.png,normal,False,0.04531613737344742,3.039836826701503e-07,0.05881828558520522,0.05881828558520522,0.05084799118340016,False,True,16000,True,0.00015414104564115405,True,0.002564087277278304,cpu,patch_nearest_normal,last2,14,0.05,False,,,0.0001267912011826411,0.00015804108188598499,True,True
2026-08-14 22:50:48,pill,monitor,C:/cira_batch_test/pill/good_20.png,good_20.png,normal,False,0.05070972442626953,2.980232238769531e-07,0.05881828558520522,0.05881828558520522,0.05084799118340016,False,True,16000,True,0.00014266726793721318,True,0.0025505581870675087,cpu,patch_nearest_normal,last2,14,0.05,True,C:\cira_ttl_checkpoints\pill\patch_memory_bank_update_10.pt,C:\cira_ttl_checkpoints\pill\patch_adapter_update_10.pt,0.00012024321040371433,0.00015804108188598499,True,True
2026-08-14 22:50:50,pill,monitor,C:/cira_batch_test/pill/good_3.png,good_3.png,normal,False,0.0414145290851593,3.2186508747145126e-07,0.05881828558520522,0.05881828558520522,0.05084799118340016,False,True,16000,True,0.0001398762542521581,True,0.0025505998637527227,cpu,patch_nearest_normal,last2,14,0.05,False,,,0.0001278464769711718,0.00015804108188598499,True,True
2026-08-14 22:50:52,pill,monitor,C:/cira_batch_test/pill/good_4.png,good_4.png,normal,False,0.04711947590112686,2.8610230629055877e-07,0.05881828558520522,0.05881828558520522,0.05084799118340016,False,True,16000,True,0.00016588883590884507,True,0.0025473148562014103,cpu,patch_nearest_normal,last2,14,0.05,False,,,0.0001392075646435842,0.00015804108188598499,True,True
2026-08-14 22:50:53,pill,monitor,C:/cira_batch_test/pill/good_5.png,good_5.png,normal,False,0.03986144810914993,2.980232238769531e-07,0.05881828558520522,0.05881828558520522,0.05084799118340016,False,True,16000,True,0.00014454191841650754,True,0.0025570199359208345,cpu,patch_nearest_normal,last2,14,0.05,False,,,0.00014038194785825908,0.00015804108188598499,True,True
2026-08-14 22:50:55,pill,monitor,C:/cira_batch_test/pill/good_6.png,good_6.png,normal,False,0.04547123983502388,3.457069510659494e-07,0.05881828558520522,0.05881828558520522,0.05084799118340016,False,True,16000,True,0.00016081935609690845,True,0.002553909085690975,cpu,patch_nearest_normal,last2,14,0.05,False,,,0.00013582786777988076,0.00015804108188598499,True,True
2026-08-14 22:50:57,pill,monitor,C:/cira_batch_test/pill/good_7.png,good_7.png,normal,False,0.04439331218600273,3.2186508747145126e-07,0.05881828558520522,0.05881828558520522,0.05084799118340016,False,True,16000,True,0.00016607693396508694,True,0.0025759709533303976,cpu,patch_nearest_normal,last2,14,0.05,False,,,0.00015089669614098966,0.00015804108188598499,True,True
2026-08-14 22:50:58,pill,monitor,C:/cira_batch_test/pill/good_8.png,good_8.png,anomaly,True,0.05906147509813309,0.05906147509813309,0.05881828558520522,0.05881828558520522,0.05084799118340016,False,False,16000,False,,False,0.0,cpu,patch_nearest_normal,last2,14,0.05,False,,,0.00012889725621789694,0.00015804108188598499,False,True
2026-08-14 22:51:00,pill,monitor,C:/cira_batch_test/pill/good_9.png,good_9.png,normal,False,0.04534659534692764,2.8610230629055877e-07,0.05881828558520522,0.05881828558520522,0.05084799118340016,False,True,16000,True,0.00013522084918804467,True,0.0025599158834666014,cpu,patch_nearest_normal,last2,14,0.05,False,,,0.00013530439173337072,0.00015804108188598499,True,True
2026-08-14 22:51:01,screw,monitor,C:/cira_batch_test/screw/bad_1.png,bad_1.png,anomaly,True,0.07485143095254898,0.07485143095254898,0.06300563204730296,0.06300563204730296,0.05946885421872139,False,False,16000,False,,False,0.0,cpu,patch_nearest_normal,last2,14,0.05,False,,,0.00012283642718102783,0.00012727336943498,False,True
2026-08-14 22:51:03,screw,monitor,C:/cira_batch_test/screw/bad_10.png,bad_10.png,anomaly,True,0.06733480095863342,0.06733480095863342,0.06300563204730296,0.06300563204730296,0.05946885421872139,False,False,16000,False,,False,0.0,cpu,patch_nearest_normal,last2,14,0.05,False,,,0.00010121406376129016,0.00012727336943498,False,True
2026-08-14 22:51:04,screw,monitor,C:/cira_batch_test/screw/bad_11.png,bad_11.png,anomaly,True,0.06845852732658386,0.06845852732658386,0.06300563204730296,0.06300563204730296,0.05946885421872139,False,False,16000,False,,False,0.0,cpu,patch_nearest_normal,last2,14,0.05,False,,,9.821824642131105e-05,0.00012727336943498,False,True
2026-08-14 22:51:06,screw,monitor,C:/cira_batch_test/screw/bad_12.png,bad_12.png,anomaly,True,0.0718311071395874,0.0718311071395874,0.06300563204730296,0.06300563204730296,0.05946885421872139,False,False,16000,False,,False,0.0,cpu,patch_nearest_normal,last2,14,0.05,False,,,0.00014066418225411326,0.00012727336943498,False,False
2026-08-14 22:51:07,screw,monitor,C:/cira_batch_test/screw/bad_13.png,bad_13.png,anomaly,True,0.08261307328939438,0.08261307328939438,0.06300563204730296,0.06300563204730296,0.05946885421872139,False,False,16000,False,,False,0.0,cpu,patch_nearest_normal,last2,14,0.05,False,,,9.471472003497183e-05,0.00012727336943498,False,True
2026-08-14 22:51:09,screw,monitor,C:/cira_batch_test/screw/bad_14.png,bad_14.png,anomaly,True,0.07650182396173477,0.07650182396173477,0.06300563204730296,0.06300563204730296,0.05946885421872139,False,False,16000,False,,False,0.0,cpu,patch_nearest_normal,last2,14,0.05,False,,,0.00011412880849093199,0.00012727336943498,False,True
2026-08-14 22:51:10,screw,monitor,C:/cira_batch_test/screw/bad_15.png,bad_15.png,anomaly,True,0.08340131491422653,0.08340131491422653,0.06300563204730296,0.06300563204730296,0.05946885421872139,False,False,16000,False,,False,0.0,cpu,patch_nearest_normal,last2,14,0.05,False,,,9.282032260671258e-05,0.00012727336943498,False,True
2026-08-14 22:51:12,screw,monitor,C:/cira_batch_test/screw/bad_16.png,bad_16.png,anomaly,True,0.06388070434331894,0.06388070434331894,0.06300563204730296,0.06300563204730296,0.05946885421872139,False,False,16000,False,,False,0.0,cpu,patch_nearest_normal,last2,14,0.05,False,,,9.673915337771177e-05,0.00012727336943498,False,True
2026-08-14 22:51:13,screw,monitor,C:/cira_batch_test/screw/bad_17.png,bad_17.png,anomaly,True,0.06555953621864319,0.06555953621864319,0.06300563204730296,0.06300563204730296,0.05946885421872139,False,False,16000,False,,False,0.0,cpu,patch_nearest_normal,last2,14,0.05,False,,,9.226839756593108e-05,0.00012727336943498,False,True
2026-08-14 22:51:15,screw,monitor,C:/cira_batch_test/screw/bad_18.png,bad_18.png,normal,False,0.06169591099023819,0.06169591099023819,0.06300563204730296,0.06300563204730296,0.05946885421872139,False,False,16000,False,,False,0.0,cpu,patch_nearest_normal,last2,14,0.05,False,,,0.00011640063166851178,0.00012727336943498,False,True
2026-08-14 22:51:16,screw,monitor,C:/cira_batch_test/screw/bad_19.png,bad_19.png,anomaly,True,0.06777573376893997,0.06777573376893997,0.06300563204730296,0.06300563204730296,0.05946885421872139,False,False,16000,False,,False,0.0,cpu,patch_nearest_normal,last2,14,0.05,False,,,8.722912753000855e-05,0.00012727336943498,False,True
2026-08-14 22:51:18,screw,monitor,C:/cira_batch_test/screw/bad_2.png,bad_2.png,anomaly,True,0.06379614770412445,0.06379614770412445,0.06300563204730296,0.06300563204730296,0.05946885421872139,False,False,16000,False,,False,0.0,cpu,patch_nearest_normal,last2,14,0.05,False,,,0.00010129363363375887,0.00012727336943498,False,True
2026-08-14 22:51:19,screw,monitor,C:/cira_batch_test/screw/bad_20.png,bad_20.png,anomaly,True,0.06558404117822647,0.06558404117822647,0.06300563204730296,0.06300563204730296,0.05946885421872139,False,False,16000,False,,False,0.0,cpu,patch_nearest_normal,last2,14,0.05,False,,,0.00015227787662297487,0.00012727336943498,False,False
2026-08-14 22:51:21,screw,monitor,C:/cira_batch_test/screw/bad_3.png,bad_3.png,anomaly,True,0.07039625942707062,0.07039625942707062,0.06300563204730296,0.06300563204730296,0.05946885421872139,False,False,16000,False,,False,0.0,cpu,patch_nearest_normal,last2,14,0.05,False,,,0.00010117493366124108,0.00012727336943498,False,True
2026-08-14 22:51:22,screw,monitor,C:/cira_batch_test/screw/bad_4.png,bad_4.png,normal,False,0.05716509371995926,2.74181360282455e-07,0.06300563204730296,0.06300563204730296,0.05946885421872139,False,True,16000,True,0.00010230435145786032,True,0.0030090175569057465,cpu,patch_nearest_normal,last2,14,0.05,False,,,8.433919720118865e-05,0.00012727336943498,True,True
2026-08-14 22:51:24,screw,monitor,C:/cira_batch_test/screw/bad_5.png,bad_5.png,anomaly,True,0.10252182185649872,0.10252182185649872,0.06300563204730296,0.06300563204730296,0.05946885421872139,False,False,16000,False,,False,0.0,cpu,patch_nearest_normal,last2,14,0.05,False,,,0.00011856996570713818,0.00012727336943498,False,True
2026-08-14 22:51:25,screw,monitor,C:/cira_batch_test/screw/bad_6.png,bad_6.png,anomaly,True,0.0673929899930954,0.0673929899930954,0.06300563204730296,0.06300563204730296,0.05946885421872139,False,False,16000,False,,False,0.0,cpu,patch_nearest_normal,last2,14,0.05,False,,,0.0001095234983949922,0.00012727336943498,False,True
2026-08-14 22:51:27,screw,monitor,C:/cira_batch_test/screw/bad_7.png,bad_7.png,anomaly,True,0.08283384144306183,0.08283384144306183,0.06300563204730296,0.06300563204730296,0.05946885421872139,False,False,16000,False,,False,0.0,cpu,patch_nearest_normal,last2,14,0.05,False,,,0.0001268302003154531,0.00012727336943498,False,True
2026-08-14 22:51:28,screw,monitor,C:/cira_batch_test/screw/bad_8.png,bad_8.png,anomaly,True,0.07156451046466827,0.07156451046466827,0.06300563204730296,0.06300563204730296,0.05946885421872139,False,False,16000,False,,False,0.0,cpu,patch_nearest_normal,last2,14,0.05,False,,,0.00013015281001571566,0.00012727336943498,False,False
2026-08-14 22:51:30,screw,monitor,C:/cira_batch_test/screw/bad_9.png,bad_9.png,anomaly,True,0.06730711460113525,0.06730711460113525,0.06300563204730296,0.06300563204730296,0.05946885421872139,False,False,16000,False,,False,0.0,cpu,patch_nearest_normal,last2,14,0.05,False,,,0.00011261604231549427,0.00012727336943498,False,True
2026-08-14 22:51:32,screw,monitor,C:/cira_batch_test/screw/good_1.png,good_1.png,normal,False,0.05391038581728935,2.8014181907565217e-07,0.06300563204730296,0.06300563204730296,0.05946885421872139,False,True,16000,True,0.00013059926277492195,True,0.0027273704763501883,cpu,patch_nearest_normal,last2,14,0.05,False,,,0.00012126226647524163,0.00012727336943498,True,True
2026-08-14 22:51:33,screw,monitor,C:/cira_batch_test/screw/good_10.png,good_10.png,normal,False,0.045303016901016235,3.2186508747145126e-07,0.06300563204730296,0.06300563204730296,0.05946885421872139,False,True,16000,True,0.00011888205335708335,True,0.002665919251739979,cpu,patch_nearest_normal,last2,14,0.05,False,,,0.00010303895396646112,0.00012727336943498,True,True
2026-08-14 22:51:36,screw,monitor,C:/cira_batch_test/screw/good_11.png,good_11.png,normal,False,0.050291918218135834,3.039836826701503e-07,0.06300563204730296,0.06300563204730296,0.05946885421872139,False,True,16000,True,0.0001157079532276839,True,0.0025423732586205006,cpu,patch_nearest_normal,last2,14,0.05,False,,,0.00010278000263497233,0.00012727336943498,True,True
2026-08-14 22:51:37,screw,monitor,C:/cira_batch_test/screw/good_12.png,good_12.png,normal,False,0.059582870453596115,0.059582870453596115,0.06300563204730296,0.06300563204730296,0.05946885421872139,False,False,16000,False,,False,0.0,cpu,patch_nearest_normal,last2,14,0.05,False,,,0.00010767575440695509,0.00012727336943498,False,True
2026-08-14 22:51:39,screw,monitor,C:/cira_batch_test/screw/good_13.png,good_13.png,normal,False,0.05803748220205307,3.2782554626464844e-07,0.06300563204730296,0.06300563204730296,0.05946885421872139,False,True,16000,True,0.0001300826552323997,True,0.0025317140389233828,cpu,patch_nearest_normal,last2,14,0.05,False,,,0.0001164585628430359,0.00012727336943498,True,True
2026-08-14 22:51:41,screw,monitor,C:/cira_batch_test/screw/good_14.png,good_14.png,normal,False,0.053924642503261566,2.682209014892578e-07,0.06300563204730296,0.06300563204730296,0.05946885421872139,False,True,16000,True,0.00011566425382625312,True,0.002528382232412696,cpu,patch_nearest_normal,last2,14,0.05,False,,,0.00010793619730975479,0.00012727336943498,True,True
2026-08-14 22:51:43,screw,monitor,C:/cira_batch_test/screw/good_15.png,good_15.png,normal,False,0.0498049333691597,2.9206276508375595e-07,0.06300563204730296,0.06300563204730296,0.05946885421872139,False,True,16000,True,0.00011358127812854946,True,0.0024882000871002674,cpu,patch_nearest_normal,last2,14,0.05,False,,,0.00010642490815371275,0.00012727336943498,True,True
2026-08-14 22:51:44,screw,monitor,C:/cira_batch_test/screw/good_16.png,good_16.png,normal,False,0.0609746091067791,0.0609746091067791,0.06300563204730296,0.06300563204730296,0.05946885421872139,False,False,16000,False,,False,0.0,cpu,patch_nearest_normal,last2,14,0.05,False,,,0.00013062183279544115,0.00012727336943498,False,False
2026-08-14 22:51:46,screw,monitor,C:/cira_batch_test/screw/good_17.png,good_17.png,normal,False,0.05771384760737419,2.8610230629055877e-07,0.06300563204730296,0.06300563204730296,0.05946885421872139,False,True,16000,True,0.00012619243352673948,True,0.0024623642675578594,cpu,patch_nearest_normal,last2,14,0.05,False,,,0.00011400494258850813,0.00012727336943498,True,True
2026-08-14 22:51:47,screw,monitor,C:/cira_batch_test/screw/good_18.png,good_18.png,anomaly,True,0.06702656298875809,0.06702656298875809,0.06300563204730296,0.06300563204730296,0.05946885421872139,False,False,16000,False,,False,0.0,cpu,patch_nearest_normal,last2,14,0.05,False,,,0.00010904925147769973,0.00012727336943498,False,True
2026-08-14 22:51:49,screw,monitor,C:/cira_batch_test/screw/good_19.png,good_19.png,normal,False,0.04764769598841667,2.8610230629055877e-07,0.06300563204730296,0.06300563204730296,0.05946885421872139,False,True,16000,True,9.57447846303694e-05,True,0.0024357177317142487,cpu,patch_nearest_normal,last2,14,0.05,False,,,8.939814870245755e-05,0.00012727336943498,True,True
2026-08-14 22:51:51,screw,monitor,C:/cira_batch_test/screw/good_2.png,good_2.png,anomaly,True,0.06530721485614777,0.06530721485614777,0.06300563204730296,0.06300563204730296,0.05946885421872139,False,False,16000,False,,False,0.0,cpu,patch_nearest_normal,last2,14,0.05,False,,,0.00011602944869082421,0.00012727336943498,False,True
2026-08-14 22:51:52,screw,monitor,C:/cira_batch_test/screw/good_20.png,good_20.png,anomaly,True,0.06896444410085678,0.06896444410085678,0.06300563204730296,0.06300563204730296,0.05946885421872139,False,False,16000,False,,False,0.0,cpu,patch_nearest_normal,last2,14,0.05,False,,,0.00010369975643698126,0.00012727336943498,False,True
2026-08-14 22:51:54,screw,monitor,C:/cira_batch_test/screw/good_3.png,good_3.png,anomaly,True,0.07108251750469208,0.07108251750469208,0.06300563204730296,0.06300563204730296,0.05946885421872139,False,False,16000,False,,False,0.0,cpu,patch_nearest_normal,last2,14,0.05,False,,,9.715435589896515e-05,0.00012727336943498,False,True
2026-08-14 22:51:55,screw,monitor,C:/cira_batch_test/screw/good_4.png,good_4.png,normal,False,0.04157537966966629,3.039836826701503e-07,0.06300563204730296,0.06300563204730296,0.05946885421872139,False,True,16000,True,0.00012732489267364144,True,0.002441853517666459,cpu,patch_nearest_normal,last2,14,0.05,True,C:\cira_ttl_checkpoints\screw\patch_memory_bank_update_10.pt,C:\cira_ttl_checkpoints\screw\patch_adapter_update_10.pt,0.00012024526222376153,0.00012727336943498,True,True
2026-08-14 22:51:57,screw,monitor,C:/cira_batch_test/screw/good_5.png,good_5.png,normal,False,0.04449842497706413,2.980232238769531e-07,0.06300563204730296,0.06300563204730296,0.05946885421872139,False,True,16000,True,0.00011913750495295972,True,0.0024490253999829292,cpu,patch_nearest_normal,last2,14,0.05,False,,,0.0001097075582947582,0.00012727336943498,True,True
2026-08-14 22:51:58,screw,monitor,C:/cira_batch_test/screw/good_6.png,good_6.png,anomaly,True,0.07931771129369736,0.07931771129369736,0.06300563204730296,0.06300563204730296,0.05946885421872139,False,False,16000,False,,False,0.0,cpu,patch_nearest_normal,last2,14,0.05,False,,,0.00012042880553053692,0.00012727336943498,False,True
2026-08-14 22:52:00,screw,monitor,C:/cira_batch_test/screw/good_7.png,good_7.png,normal,False,0.04498209431767464,3.5762786865234375e-07,0.06300563204730296,0.06300563204730296,0.05946885421872139,False,True,16000,True,0.00012201466597616673,True,0.002420965814962983,cpu,patch_nearest_normal,last2,14,0.05,False,,,0.00010567378194537014,0.00012727336943498,True,True
2026-08-14 22:52:02,screw,monitor,C:/cira_batch_test/screw/good_8.png,good_8.png,normal,False,0.053787410259246826,2.9206276508375595e-07,0.06300563204730296,0.06300563204730296,0.05946885421872139,False,True,16000,True,0.0001134248377638869,True,0.0024064569734036922,cpu,patch_nearest_normal,last2,14,0.05,False,,,0.00010468356776982546,0.00012727336943498,True,True
2026-08-14 22:52:04,screw,monitor,C:/cira_batch_test/screw/good_9.png,good_9.png,normal,False,0.04859467223286629,3.039836826701503e-07,0.06300563204730296,0.06300563204730296,0.05946885421872139,False,True,16000,True,0.00011333149450365454,True,0.0023993796203285456,cpu,patch_nearest_normal,last2,14,0.05,False,,,0.00010495667083887383,0.00012727336943498,True,True
2026-08-14 22:52:05,tile,monitor,C:/cira_batch_test/tile/bad_1.png,bad_1.png,anomaly,True,0.4234733581542969,0.4234733581542969,0.06531576363636363,0.06531576363636363,0.05311408117413522,False,False,16000,False,,False,0.0,cpu,patch_nearest_normal,last2,14,0.05,False,,,0.00019123473612125963,0.000230512705456835,False,True
2026-08-14 22:52:07,tile,monitor,C:/cira_batch_test/tile/bad_10.png,bad_10.png,anomaly,True,0.09991627186536789,0.09991627186536789,0.06531576363636363,0.06531576363636363,0.05311408117413522,False,False,16000,False,,False,0.0,cpu,patch_nearest_normal,last2,14,0.05,False,,,0.00018302220269106328,0.000230512705456835,False,True
2026-08-14 22:52:08,tile,monitor,C:/cira_batch_test/tile/bad_11.png,bad_11.png,anomaly,True,0.14983364939689636,0.14983364939689636,0.06531576363636363,0.06531576363636363,0.05311408117413522,False,False,16000,False,,False,0.0,cpu,patch_nearest_normal,last2,14,0.05,False,,,0.00013860236504115164,0.000230512705456835,False,True
2026-08-14 22:52:10,tile,monitor,C:/cira_batch_test/tile/bad_12.png,bad_12.png,normal,False,0.054269999265670776,0.054269999265670776,0.06531576363636363,0.06531576363636363,0.05311408117413522,False,False,16000,False,,False,0.0,cpu,patch_nearest_normal,last2,14,0.05,False,,,0.00018580823962111026,0.000230512705456835,False,True
2026-08-14 22:52:11,tile,monitor,C:/cira_batch_test/tile/bad_13.png,bad_13.png,anomaly,True,0.15737123787403107,0.15737123787403107,0.06531576363636363,0.06531576363636363,0.05311408117413522,False,False,16000,False,,False,0.0,cpu,patch_nearest_normal,last2,14,0.05,False,,,0.00017882065731100738,0.000230512705456835,False,True
2026-08-14 22:52:13,tile,monitor,C:/cira_batch_test/tile/bad_14.png,bad_14.png,anomaly,True,0.1604515016078949,0.1604515016078949,0.06531576363636363,0.06531576363636363,0.05311408117413522,False,False,16000,False,,False,0.0,cpu,patch_nearest_normal,last2,14,0.05,False,,,0.00020456980564631522,0.000230512705456835,False,True
2026-08-14 22:52:15,tile,monitor,C:/cira_batch_test/tile/bad_15.png,bad_15.png,anomaly,True,0.17708763480186462,0.17708763480186462,0.06531576363636363,0.06531576363636363,0.05311408117413522,False,False,16000,False,,False,0.0,cpu,patch_nearest_normal,last2,14,0.05,False,,,0.00023095998039934784,0.000230512705456835,False,False
2026-08-14 22:52:16,tile,monitor,C:/cira_batch_test/tile/bad_16.png,bad_16.png,anomaly,True,0.0826697126030922,0.0826697126030922,0.06531576363636363,0.06531576363636363,0.05311408117413522,False,False,16000,False,,False,0.0,cpu,patch_nearest_normal,last2,14,0.05,False,,,0.00021657085744664073,0.000230512705456835,False,True
2026-08-14 22:52:18,tile,monitor,C:/cira_batch_test/tile/bad_17.png,bad_17.png,anomaly,True,0.38908523321151733,0.38908523321151733,0.06531576363636363,0.06531576363636363,0.05311408117413522,False,False,16000,False,,False,0.0,cpu,patch_nearest_normal,last2,14,0.05,False,,,0.0002246234507765621,0.000230512705456835,False,True
2026-08-14 22:52:20,tile,monitor,C:/cira_batch_test/tile/bad_18.png,bad_18.png,anomaly,True,0.07149763405323029,0.07149763405323029,0.06531576363636363,0.06531576363636363,0.05311408117413522,False,False,16000,False,,False,0.0,cpu,patch_nearest_normal,last2,14,0.05,False,,,0.00018632313003763556,0.000230512705456835,False,True
2026-08-14 22:52:21,tile,monitor,C:/cira_batch_test/tile/bad_19.png,bad_19.png,anomaly,True,0.09878449141979218,0.09878449141979218,0.06531576363636363,0.06531576363636363,0.05311408117413522,False,False,16000,False,,False,0.0,cpu,patch_nearest_normal,last2,14,0.05,False,,,0.0001958357315743342,0.000230512705456835,False,True
2026-08-14 22:52:22,tile,monitor,C:/cira_batch_test/tile/bad_2.png,bad_2.png,anomaly,True,0.43867287039756775,0.43867287039756775,0.06531576363636363,0.06531576363636363,0.05311408117413522,False,False,16000,False,,False,0.0,cpu,patch_nearest_normal,last2,14,0.05,False,,,0.00011149042984470725,0.000230512705456835,False,True
2026-08-14 22:52:24,tile,monitor,C:/cira_batch_test/tile/bad_20.png,bad_20.png,anomaly,True,0.11427193880081177,0.11427193880081177,0.06531576363636363,0.06531576363636363,0.05311408117413522,False,False,16000,False,,False,0.0,cpu,patch_nearest_normal,last2,14,0.05,False,,,0.000218744738958776,0.000230512705456835,False,True
2026-08-14 22:52:25,tile,monitor,C:/cira_batch_test/tile/bad_3.png,bad_3.png,anomaly,True,0.3856334686279297,0.3856334686279297,0.06531576363636363,0.06531576363636363,0.05311408117413522,False,False,16000,False,,False,0.0,cpu,patch_nearest_normal,last2,14,0.05,False,,,0.00021286890842020512,0.000230512705456835,False,True
2026-08-14 22:52:27,tile,monitor,C:/cira_batch_test/tile/bad_4.png,bad_4.png,anomaly,True,0.11496512591838837,0.11496512591838837,0.06531576363636363,0.06531576363636363,0.05311408117413522,False,False,16000,False,,False,0.0,cpu,patch_nearest_normal,last2,14,0.05,False,,,0.00013518780178856105,0.000230512705456835,False,True
2026-08-14 22:52:28,tile,monitor,C:/cira_batch_test/tile/bad_5.png,bad_5.png,anomaly,True,0.15819355845451355,0.15819355845451355,0.06531576363636363,0.06531576363636363,0.05311408117413522,False,False,16000,False,,False,0.0,cpu,patch_nearest_normal,last2,14,0.05,False,,,0.00012211028661113232,0.000230512705456835,False,True
2026-08-14 22:52:30,tile,monitor,C:/cira_batch_test/tile/bad_6.png,bad_6.png,anomaly,True,0.23019735515117645,0.23019735515117645,0.06531576363636363,0.06531576363636363,0.05311408117413522,False,False,16000,False,,False,0.0,cpu,patch_nearest_normal,last2,14,0.05,False,,,0.00020328350365161896,0.000230512705456835,False,True
2026-08-14 22:52:31,tile,monitor,C:/cira_batch_test/tile/bad_7.png,bad_7.png,anomaly,True,0.21303215622901917,0.21303215622901917,0.06531576363636363,0.06531576363636363,0.05311408117413522,False,False,16000,False,,False,0.0,cpu,patch_nearest_normal,last2,14,0.05,False,,,0.00017983379075303674,0.000230512705456835,False,True
2026-08-14 22:52:33,tile,monitor,C:/cira_batch_test/tile/bad_8.png,bad_8.png,anomaly,True,0.16966792941093445,0.16966792941093445,0.06531576363636363,0.06531576363636363,0.05311408117413522,False,False,16000,False,,False,0.0,cpu,patch_nearest_normal,last2,14,0.05,False,,,0.000190429127542302,0.000230512705456835,False,True
2026-08-14 22:52:34,tile,monitor,C:/cira_batch_test/tile/bad_9.png,bad_9.png,anomaly,True,0.32023322582244873,0.32023322582244873,0.06531576363636363,0.06531576363636363,0.05311408117413522,False,False,16000,False,,False,0.0,cpu,patch_nearest_normal,last2,14,0.05,False,,,0.00021430899505503476,0.000230512705456835,False,True
2026-08-14 22:52:36,tile,monitor,C:/cira_batch_test/tile/good_1.png,good_1.png,normal,False,0.04876633360981941,2.74181360282455e-07,0.06531576363636363,0.06531576363636363,0.05311408117413522,False,True,16000,True,0.000217845052247867,True,0.003004593774676323,cpu,patch_nearest_normal,last2,14,0.05,False,,,0.000187607976840809,0.000230512705456835,True,True
2026-08-14 22:52:38,tile,monitor,C:/cira_batch_test/tile/good_10.png,good_10.png,normal,False,0.05165556073188782,4.112720546345372e-07,0.06531576363636363,0.06531576363636363,0.05311408117413522,False,True,16000,True,0.00017624461906962097,True,0.0026959977112710476,cpu,patch_nearest_normal,last2,14,0.05,False,,,0.00015625252854079008,0.000230512705456835,True,True
2026-08-14 22:52:39,tile,monitor,C:/cira_batch_test/tile/good_11.png,good_11.png,normal,False,0.03946199268102646,2.980232238769531e-07,0.06531576363636363,0.06531576363636363,0.05311408117413522,False,True,16000,True,0.00017484879936091602,True,0.002672239439561963,cpu,patch_nearest_normal,last2,14,0.05,False,,,0.00016413695993833244,0.000230512705456835,True,True
2026-08-14 22:52:41,tile,monitor,C:/cira_batch_test/tile/good_12.png,good_12.png,normal,False,0.04087614268064499,3.397464638510428e-07,0.06531576363636363,0.06531576363636363,0.05311408117413522,False,True,16000,True,0.00022383876785170287,True,0.002687343629077077,cpu,patch_nearest_normal,last2,14,0.05,False,,,0.0002122763980878517,0.000230512705456835,True,True
2026-08-14 22:52:43,tile,monitor,C:/cira_batch_test/tile/good_13.png,good_13.png,normal,False,0.048453740775585175,3.337860050578456e-07,0.06531576363636363,0.06531576363636363,0.05311408117413522,False,True,16000,True,0.0001653236977290362,True,0.002537840511649847,cpu,patch_nearest_normal,last2,14,0.05,False,,,0.0001535082410555333,0.000230512705456835,True,True
2026-08-14 22:52:44,tile,monitor,C:/cira_batch_test/tile/good_14.png,good_14.png,normal,False,0.04199172183871269,3.5762786865234375e-07,0.06531576363636363,0.06531576363636363,0.05311408117413522,False,True,16000,True,0.0001776579301804304,True,0.0025450268294662237,cpu,patch_nearest_normal,last2,14,0.05,False,,,0.0001719867723295465,0.000230512705456835,True,True
2026-08-14 22:52:46,tile,monitor,C:/cira_batch_test/tile/good_15.png,good_15.png,normal,False,0.04044175148010254,3.457069510659494e-07,0.06531576363636363,0.06531576363636363,0.05311408117413522,False,True,16000,True,0.00016378592408727854,True,0.0025554364547133446,cpu,patch_nearest_normal,last2,14,0.05,False,,,0.00016218902601394802,0.000230512705456835,True,True
2026-08-14 22:52:48,tile,monitor,C:/cira_batch_test/tile/good_16.png,good_16.png,normal,False,0.03744320198893547,2.980232238769531e-07,0.06531576363636363,0.06531576363636363,0.05311408117413522,False,True,16000,True,0.00022495926532428712,True,0.0025666169822216034,cpu,patch_nearest_normal,last2,14,0.05,False,,,0.00022785316105000675,0.000230512705456835,True,True
2026-08-14 22:52:50,tile,monitor,C:/cira_batch_test/tile/good_17.png,good_17.png,normal,False,0.04493130370974541,3.457069510659494e-07,0.06531576363636363,0.06531576363636363,0.05311408117413522,False,True,16000,True,0.00019959142082370818,True,0.002577782142907381,cpu,patch_nearest_normal,last2,14,0.05,False,,,0.00019581262313295156,0.000230512705456835,True,True
2026-08-14 22:52:51,tile,monitor,C:/cira_batch_test/tile/good_18.png,good_18.png,anomaly,True,0.06639498472213745,0.06639498472213745,0.06531576363636363,0.06531576363636363,0.05311408117413522,False,False,16000,False,,False,0.0,cpu,patch_nearest_normal,last2,14,0.05,False,,,0.0002328319678781554,0.000230512705456835,False,False
2026-08-14 22:52:53,tile,monitor,C:/cira_batch_test/tile/good_19.png,good_19.png,normal,False,0.050105489790439606,3.755092734536447e-07,0.06531576363636363,0.06531576363636363,0.05311408117413522,False,True,16000,True,0.00019267173775006086,True,0.002594512887299061,cpu,patch_nearest_normal,last2,14,0.05,True,C:\cira_ttl_checkpoints\tile\patch_memory_bank_update_10.pt,C:\cira_ttl_checkpoints\tile\patch_adapter_update_10.pt,0.00018914604152087122,0.000230512705456835,True,True
2026-08-14 22:52:54,tile,monitor,C:/cira_batch_test/tile/good_2.png,good_2.png,normal,False,0.048035286366939545,0.048035286366939545,0.06531576363636363,0.06531576363636363,0.05311408117413522,False,False,16000,False,,False,0.0,cpu,patch_nearest_normal,last2,14,0.05,False,,,0.00023381662322208285,0.000230512705456835,True,False
2026-08-14 22:52:56,tile,monitor,C:/cira_batch_test/tile/good_20.png,good_20.png,normal,False,0.04120798781514168,3.814697322468419e-07,0.06531576363636363,0.06531576363636363,0.05311408117413522,False,True,16000,True,0.0001760531304171309,True,0.0025810205843299627,cpu,patch_nearest_normal,last2,14,0.05,False,,,0.00016455956210847944,0.000230512705456835,True,True
2026-08-14 22:52:58,tile,monitor,C:/cira_batch_test/tile/good_3.png,good_3.png,normal,False,0.038872070610523224,3.695487862387381e-07,0.06531576363636363,0.06531576363636363,0.05311408117413522,False,True,16000,True,0.00020783880609087646,True,0.0026005636900663376,cpu,patch_nearest_normal,last2,14,0.05,False,,,0.00020738286548294127,0.000230512705456835,True,True
2026-08-14 22:52:59,tile,monitor,C:/cira_batch_test/tile/good_4.png,good_4.png,normal,False,0.036418117582798004,3.5762786865234375e-07,0.06531576363636363,0.06531576363636363,0.05311408117413522,False,True,16000,True,0.00022385167540051043,True,0.0026242907624691725,cpu,patch_nearest_normal,last2,14,0.05,False,,,0.00020922423573210835,0.000230512705456835,True,True
2026-08-14 22:53:01,tile,monitor,C:/cira_batch_test/tile/good_5.png,good_5.png,normal,False,0.044811151921749115,2.9206276508375595e-07,0.06531576363636363,0.06531576363636363,0.05311408117413522,False,True,16000,True,0.00023983042046893388,True,0.00263852602802217,cpu,patch_nearest_normal,last2,14,0.05,False,,,0.0002049367903964594,0.000230512705456835,True,True
2026-08-14 22:53:03,tile,monitor,C:/cira_batch_test/tile/good_6.png,good_6.png,normal,False,0.04408759996294975,3.2782554626464844e-07,0.06531576363636363,0.06531576363636363,0.05311408117413522,False,True,16000,True,0.00017536057566758245,True,0.002609551651403308,cpu,patch_nearest_normal,last2,14,0.05,False,,,0.00017163215670734644,0.000230512705456835,True,True
2026-08-14 22:53:04,tile,monitor,C:/cira_batch_test/tile/good_7.png,good_7.png,normal,False,0.04260837286710739,3.755092734536447e-07,0.06531576363636363,0.06531576363636363,0.05311408117413522,False,True,16000,True,0.00021024730813223869,True,0.002620788523927331,cpu,patch_nearest_normal,last2,14,0.05,False,,,0.0001908452104544267,0.000230512705456835,True,True
2026-08-14 22:53:06,tile,monitor,C:/cira_batch_test/tile/good_8.png,good_8.png,normal,False,0.03852701187133789,3.337860050578456e-07,0.06531576363636363,0.06531576363636363,0.05311408117413522,False,True,16000,True,0.00022237884695641696,True,0.0026376668829470873,cpu,patch_nearest_normal,last2,14,0.05,False,,,0.00021682660735677928,0.000230512705456835,True,True
2026-08-14 22:53:08,tile,monitor,C:/cira_batch_test/tile/good_9.png,good_9.png,normal,False,0.036198459565639496,3.2782554626464844e-07,0.06531576363636363,0.06531576363636363,0.05311408117413522,False,True,16000,True,0.0002061064587906003,True,0.0026428867131471634,cpu,patch_nearest_normal,last2,14,0.05,False,,,0.00020343642972875386,0.000230512705456835,True,True
2026-08-14 22:53:09,toothbrush,monitor,C:/cira_batch_test/toothbrush/bad_1.png,bad_1.png,anomaly,True,0.2982991635799408,0.2982991635799408,0.0701888715806552,0.0701888715806552,0.0501871842890978,False,False,9408,False,,False,0.0,cpu,patch_nearest_normal,last2,14,0.05,False,,,0.00011603274469962344,0.00012676088372241001,False,True
2026-08-14 22:53:11,toothbrush,monitor,C:/cira_batch_test/toothbrush/bad_10.png,bad_10.png,anomaly,True,0.14204305410385132,0.14204305410385132,0.0701888715806552,0.0701888715806552,0.0501871842890978,False,False,9408,False,,False,0.0,cpu,patch_nearest_normal,last2,14,0.05,False,,,0.00012271148443687707,0.00012676088372241001,False,True
2026-08-14 22:53:12,toothbrush,monitor,C:/cira_batch_test/toothbrush/bad_11.png,bad_11.png,anomaly,True,0.2811519205570221,0.2811519205570221,0.0701888715806552,0.0701888715806552,0.0501871842890978,False,False,9408,False,,False,0.0,cpu,patch_nearest_normal,last2,14,0.05,False,,,0.00012444240564946085,0.00012676088372241001,False,True
2026-08-14 22:53:14,toothbrush,monitor,C:/cira_batch_test/toothbrush/bad_12.png,bad_12.png,anomaly,True,0.3752124011516571,0.3752124011516571,0.0701888715806552,0.0701888715806552,0.0501871842890978,False,False,9408,False,,False,0.0,cpu,patch_nearest_normal,last2,14,0.05,False,,,0.00011833798635052517,0.00012676088372241001,False,True
2026-08-14 22:53:15,toothbrush,monitor,C:/cira_batch_test/toothbrush/bad_13.png,bad_13.png,normal,False,0.05651075765490532,0.05651075765490532,0.0701888715806552,0.0701888715806552,0.0501871842890978,False,False,9408,False,,False,0.0,cpu,patch_nearest_normal,last2,14,0.05,False,,,0.00011450939200585708,0.00012676088372241001,False,True
2026-08-14 22:53:17,toothbrush,monitor,C:/cira_batch_test/toothbrush/bad_14.png,bad_14.png,anomaly,True,0.25978079438209534,0.25978079438209534,0.0701888715806552,0.0701888715806552,0.0501871842890978,False,False,9408,False,,False,0.0,cpu,patch_nearest_normal,last2,14,0.05,False,,,0.00011904001439688727,0.00012676088372241001,False,True
2026-08-14 22:53:18,toothbrush,monitor,C:/cira_batch_test/toothbrush/bad_15.png,bad_15.png,normal,False,0.0645475760102272,0.0645475760102272,0.0701888715806552,0.0701888715806552,0.0501871842890978,False,False,9408,False,,False,0.0,cpu,patch_nearest_normal,last2,14,0.05,False,,,0.00012095706188119948,0.00012676088372241001,False,True
2026-08-14 22:53:20,toothbrush,monitor,C:/cira_batch_test/toothbrush/bad_16.png,bad_16.png,anomaly,True,0.3498750329017639,0.3498750329017639,0.0701888715806552,0.0701888715806552,0.0501871842890978,False,False,9408,False,,False,0.0,cpu,patch_nearest_normal,last2,14,0.05,False,,,0.00011639603326329961,0.00012676088372241001,False,True
2026-08-14 22:53:21,toothbrush,monitor,C:/cira_batch_test/toothbrush/bad_17.png,bad_17.png,anomaly,True,0.26540815830230713,0.26540815830230713,0.0701888715806552,0.0701888715806552,0.0501871842890978,False,False,9408,False,,False,0.0,cpu,patch_nearest_normal,last2,14,0.05,False,,,0.00012179530313005671,0.00012676088372241001,False,True
2026-08-14 22:53:23,toothbrush,monitor,C:/cira_batch_test/toothbrush/bad_18.png,bad_18.png,anomaly,True,0.2717684209346771,0.2717684209346771,0.0701888715806552,0.0701888715806552,0.0501871842890978,False,False,9408,False,,False,0.0,cpu,patch_nearest_normal,last2,14,0.05,False,,,0.00011355174501659349,0.00012676088372241001,False,True
2026-08-14 22:53:24,toothbrush,monitor,C:/cira_batch_test/toothbrush/bad_19.png,bad_19.png,anomaly,True,0.07885079085826874,0.07885079085826874,0.0701888715806552,0.0701888715806552,0.0501871842890978,False,False,9408,False,,False,0.0,cpu,patch_nearest_normal,last2,14,0.05,False,,,0.00012244627578184009,0.00012676088372241001,False,True
2026-08-14 22:53:26,toothbrush,monitor,C:/cira_batch_test/toothbrush/bad_2.png,bad_2.png,normal,False,0.06783543527126312,0.06783543527126312,0.0701888715806552,0.0701888715806552,0.0501871842890978,False,False,9408,False,,False,0.0,cpu,patch_nearest_normal,last2,14,0.05,False,,,0.00010450174886500463,0.00012676088372241001,False,True
2026-08-14 22:53:27,toothbrush,monitor,C:/cira_batch_test/toothbrush/bad_20.png,bad_20.png,anomaly,True,0.3277304172515869,0.3277304172515869,0.0701888715806552,0.0701888715806552,0.0501871842890978,False,False,9408,False,,False,0.0,cpu,patch_nearest_normal,last2,14,0.05,False,,,0.00012416098616085947,0.00012676088372241001,False,True
2026-08-14 22:53:29,toothbrush,monitor,C:/cira_batch_test/toothbrush/bad_3.png,bad_3.png,anomaly,True,0.13640563189983368,0.13640563189983368,0.0701888715806552,0.0701888715806552,0.0501871842890978,False,False,9408,False,,False,0.0,cpu,patch_nearest_normal,last2,14,0.05,False,,,0.00011146878387080505,0.00012676088372241001,False,True
2026-08-14 22:53:30,toothbrush,monitor,C:/cira_batch_test/toothbrush/bad_4.png,bad_4.png,anomaly,True,0.07385025918483734,0.07385025918483734,0.0701888715806552,0.0701888715806552,0.0501871842890978,False,False,9408,False,,False,0.0,cpu,patch_nearest_normal,last2,14,0.05,False,,,0.00010588851728243753,0.00012676088372241001,False,True
2026-08-14 22:53:32,toothbrush,monitor,C:/cira_batch_test/toothbrush/bad_5.png,bad_5.png,normal,False,0.05627362057566643,0.05627362057566643,0.0701888715806552,0.0701888715806552,0.0501871842890978,False,False,9408,False,,False,0.0,cpu,patch_nearest_normal,last2,14,0.05,False,,,0.00012167155364295468,0.00012676088372241001,False,True
2026-08-14 22:53:33,toothbrush,monitor,C:/cira_batch_test/toothbrush/bad_6.png,bad_6.png,normal,False,0.056570012122392654,0.056570012122392654,0.0701888715806552,0.0701888715806552,0.0501871842890978,False,False,9408,False,,False,0.0,cpu,patch_nearest_normal,last2,14,0.05,False,,,0.00011278101737843826,0.00012676088372241001,False,True
2026-08-14 22:53:35,toothbrush,monitor,C:/cira_batch_test/toothbrush/bad_7.png,bad_7.png,anomaly,True,0.1375305950641632,0.1375305950641632,0.0701888715806552,0.0701888715806552,0.0501871842890978,False,False,9408,False,,False,0.0,cpu,patch_nearest_normal,last2,14,0.05,False,,,0.00010735203250078484,0.00012676088372241001,False,True
2026-08-14 22:53:36,toothbrush,monitor,C:/cira_batch_test/toothbrush/bad_8.png,bad_8.png,anomaly,True,0.3563154339790344,0.3563154339790344,0.0701888715806552,0.0701888715806552,0.0501871842890978,False,False,9408,False,,False,0.0,cpu,patch_nearest_normal,last2,14,0.05,False,,,0.00011883749539265409,0.00012676088372241001,False,True
2026-08-14 22:53:38,toothbrush,monitor,C:/cira_batch_test/toothbrush/bad_9.png,bad_9.png,normal,False,0.049431800842285156,2.8014181907565217e-07,0.0701888715806552,0.0701888715806552,0.0501871842890978,False,True,9604,True,0.00012422639701981097,True,0.0030303322710096836,cpu,patch_nearest_normal,last2,14,0.05,False,,,0.00010859419853659347,0.00012676088372241001,True,True
2026-08-14 22:53:39,toothbrush,monitor,C:/cira_batch_test/toothbrush/good_1.png,good_1.png,normal,False,0.05097814276814461,0.05097814276814461,0.0701888715806552,0.0701888715806552,0.0501871842890978,False,False,9604,False,,False,0.0,cpu,patch_nearest_normal,last2,14,0.05,False,,,0.00011815485049737617,0.00012676088372241001,False,True
2026-08-14 22:53:41,toothbrush,monitor,C:/cira_batch_test/toothbrush/good_10.png,good_10.png,anomaly,True,0.07830560207366943,0.07830560207366943,0.0701888715806552,0.0701888715806552,0.0501871842890978,False,False,9604,False,,False,0.0,cpu,patch_nearest_normal,last2,14,0.05,False,,,0.0001254096714546904,0.00012676088372241001,False,True
2026-08-14 22:53:43,toothbrush,monitor,C:/cira_batch_test/toothbrush/good_11.png,good_11.png,normal,False,0.05367155745625496,0.05367155745625496,0.0701888715806552,0.0701888715806552,0.0501871842890978,False,False,9604,False,,False,0.0,cpu,patch_nearest_normal,last2,14,0.05,False,,,0.00011949037434533238,0.00012676088372241001,False,True
2026-08-14 22:53:45,toothbrush,monitor,C:/cira_batch_test/toothbrush/good_12.png,good_12.png,normal,False,0.060155827552080154,0.060155827552080154,0.0701888715806552,0.0701888715806552,0.0501871842890978,False,False,9604,False,,False,0.0,cpu,patch_nearest_normal,last2,14,0.05,False,,,0.0001167931332020089,0.00012676088372241001,False,True
2026-08-14 22:53:46,toothbrush,monitor,C:/cira_batch_test/toothbrush/good_13.png,good_13.png,normal,False,0.056522440165281296,0.056522440165281296,0.0701888715806552,0.0701888715806552,0.0501871842890978,False,False,9604,False,,False,0.0,cpu,patch_nearest_normal,last2,14,0.05,False,,,0.00012338814849499613,0.00012676088372241001,False,True
2026-08-14 22:53:48,toothbrush,monitor,C:/cira_batch_test/toothbrush/good_14.png,good_14.png,normal,False,0.06938362866640091,0.06938362866640091,0.0701888715806552,0.0701888715806552,0.0501871842890978,False,False,9604,False,,False,0.0,cpu,patch_nearest_normal,last2,14,0.05,False,,,0.0001152094773715362,0.00012676088372241001,False,True
2026-08-14 22:53:49,toothbrush,monitor,C:/cira_batch_test/toothbrush/good_15.png,good_15.png,normal,False,0.05053228884935379,0.05053228884935379,0.0701888715806552,0.0701888715806552,0.0501871842890978,False,False,9604,False,,False,0.0,cpu,patch_nearest_normal,last2,14,0.05,False,,,0.00012311575119383633,0.00012676088372241001,False,True
2026-08-14 22:53:51,toothbrush,monitor,C:/cira_batch_test/toothbrush/good_16.png,good_16.png,normal,False,0.04477768391370773,3.2782554626464844e-07,0.0701888715806552,0.0701888715806552,0.0501871842890978,False,True,9800,True,0.0001244319719262421,True,0.00265873852185905,cpu,patch_nearest_normal,last2,14,0.05,False,,,0.00011330409324727952,0.00012676088372241001,True,True
2026-08-14 22:53:53,toothbrush,monitor,C:/cira_batch_test/toothbrush/good_17.png,good_17.png,normal,False,0.019719088450074196,3.337860050578456e-07,0.0701888715806552,0.0701888715806552,0.0501871842890978,False,True,9996,True,0.0001285923644900322,True,0.0026143386494368315,cpu,patch_nearest_normal,last2,14,0.05,False,,,0.00011769826960517094,0.00012676088372241001,True,True
2026-08-14 22:53:54,toothbrush,monitor,C:/cira_batch_test/toothbrush/good_18.png,good_18.png,normal,False,0.04541327804327011,3.099441414633475e-07,0.0701888715806552,0.0701888715806552,0.0501871842890978,False,True,10192,True,0.0001270938228117302,True,0.00261327950283885,cpu,patch_nearest_normal,last2,14,0.05,False,,,0.0001141286120400764,0.00012676088372241001,True,True
2026-08-14 22:53:56,toothbrush,monitor,C:/cira_batch_test/toothbrush/good_19.png,good_19.png,normal,False,0.018565356731414795,3.2782554626464844e-07,0.0701888715806552,0.0701888715806552,0.0501871842890978,False,True,10388,True,0.0001259724813280627,True,0.0025858432054519653,cpu,patch_nearest_normal,last2,14,0.05,False,,,0.00012340953981038183,0.00012676088372241001,True,True
2026-08-14 22:53:58,toothbrush,monitor,C:/cira_batch_test/toothbrush/good_2.png,good_2.png,normal,False,0.054853569716215134,0.054853569716215134,0.0701888715806552,0.0701888715806552,0.0501871842890978,False,False,10388,False,,False,0.0,cpu,patch_nearest_normal,last2,14,0.05,False,,,0.00011134567466797307,0.00012676088372241001,False,True
2026-08-14 22:53:59,toothbrush,monitor,C:/cira_batch_test/toothbrush/good_20.png,good_20.png,normal,False,0.018388081341981888,2.5033949668795685e-07,0.0701888715806552,0.0701888715806552,0.0501871842890978,False,True,10584,True,0.00012068300566170365,True,0.0025628074072301388,cpu,patch_nearest_normal,last2,14,0.05,False,,,0.00011525818263180554,0.00012676088372241001,True,True
2026-08-14 22:54:01,toothbrush,monitor,C:/cira_batch_test/toothbrush/good_3.png,good_3.png,normal,False,0.03876220062375069,2.6226044269606064e-07,0.0701888715806552,0.0701888715806552,0.0501871842890978,False,True,10780,True,0.00012482292368076742,True,0.0025542553048580885,cpu,patch_nearest_normal,last2,14,0.05,False,,,0.00011653944238787517,0.00012676088372241001,True,True
2026-08-14 22:54:03,toothbrush,monitor,C:/cira_batch_test/toothbrush/good_4.png,good_4.png,normal,False,0.041292957961559296,2.9206276508375595e-07,0.0701888715806552,0.0701888715806552,0.0501871842890978,False,True,10976,True,0.00011943808203795925,True,0.00254045776091516,cpu,patch_nearest_normal,last2,14,0.05,False,,,0.00010861522605409846,0.00012676088372241001,True,True
2026-08-14 22:54:04,toothbrush,monitor,C:/cira_batch_test/toothbrush/good_5.png,good_5.png,normal,False,0.018060941249132156,2.682209014892578e-07,0.0701888715806552,0.0701888715806552,0.0501871842890978,False,True,11172,True,0.00012029081699438393,True,0.0025411962997168303,cpu,patch_nearest_normal,last2,14,0.05,False,,,0.00011515034566400573,0.00012676088372241001,True,True
2026-08-14 22:54:06,toothbrush,monitor,C:/cira_batch_test/toothbrush/good_6.png,good_6.png,normal,False,0.043839484453201294,3.159046286782541e-07,0.0701888715806552,0.0701888715806552,0.0501871842890978,False,True,11368,True,0.0001210012414958328,True,0.00253043114207685,cpu,patch_nearest_normal,last2,14,0.05,True,C:\cira_ttl_checkpoints\toothbrush\patch_memory_bank_update_10.pt,C:\cira_ttl_checkpoints\toothbrush\patch_adapter_update_10.pt,0.00012177255848655477,0.00012676088372241001,True,True
2026-08-14 22:54:08,toothbrush,monitor,C:/cira_batch_test/toothbrush/good_7.png,good_7.png,normal,False,0.05900527909398079,0.05900527909398079,0.0701888715806552,0.0701888715806552,0.0501871842890978,False,False,11368,False,,False,0.0,cpu,patch_nearest_normal,last2,14,0.05,False,,,0.00012580766633618623,0.00012676088372241001,False,True
2026-08-14 22:54:09,toothbrush,monitor,C:/cira_batch_test/toothbrush/good_8.png,good_8.png,anomaly,True,0.07525734603404999,0.07525734603404999,0.0701888715806552,0.0701888715806552,0.0501871842890978,False,False,11368,False,,False,0.0,cpu,patch_nearest_normal,last2,14,0.05,False,,,0.00013275966921355575,0.00012676088372241001,False,False
2026-08-14 22:54:11,toothbrush,monitor,C:/cira_batch_test/toothbrush/good_9.png,good_9.png,normal,False,0.043035008013248444,3.635883274455409e-07,0.0701888715806552,0.0701888715806552,0.0501871842890978,False,True,11564,True,0.00012744436389766634,True,0.0025290134362876415,cpu,patch_nearest_normal,last2,14,0.05,False,,,0.00011579823330976069,0.00012676088372241001,True,True
2026-08-14 22:54:12,transistor,monitor,C:/cira_batch_test/transistor/bad_1.png,bad_1.png,anomaly,True,0.12229273468255997,0.12229273468255997,0.08374595860198465,0.08374595860198465,0.075458013266325,False,False,16000,False,,False,0.0,cpu,patch_nearest_normal,last2,14,0.05,False,,,0.00016833594418130815,0.000183458399987945,False,True
2026-08-14 22:54:14,transistor,monitor,C:/cira_batch_test/transistor/bad_10.png,bad_10.png,anomaly,True,0.1326681673526764,0.1326681673526764,0.08374595860198465,0.08374595860198465,0.075458013266325,False,False,16000,False,,False,0.0,cpu,patch_nearest_normal,last2,14,0.05,False,,,0.00018930576334241778,0.000183458399987945,False,False
2026-08-14 22:54:15,transistor,monitor,C:/cira_batch_test/transistor/bad_11.png,bad_11.png,normal,False,0.0766322985291481,0.0766322985291481,0.08374595860198465,0.08374595860198465,0.075458013266325,False,False,16000,False,,False,0.0,cpu,patch_nearest_normal,last2,14,0.05,False,,,0.00017389332060702145,0.000183458399987945,False,True
2026-08-14 22:54:17,transistor,monitor,C:/cira_batch_test/transistor/bad_12.png,bad_12.png,anomaly,True,0.25258898735046387,0.25258898735046387,0.08374595860198465,0.08374595860198465,0.075458013266325,False,False,16000,False,,False,0.0,cpu,patch_nearest_normal,last2,14,0.05,False,,,0.0001499949867138639,0.000183458399987945,False,True
2026-08-14 22:54:18,transistor,monitor,C:/cira_batch_test/transistor/bad_13.png,bad_13.png,anomaly,True,0.10995545238256454,0.10995545238256454,0.08374595860198465,0.08374595860198465,0.075458013266325,False,False,16000,False,,False,0.0,cpu,patch_nearest_normal,last2,14,0.05,False,,,0.00017152157670352608,0.000183458399987945,False,True
2026-08-14 22:54:20,transistor,monitor,C:/cira_batch_test/transistor/bad_14.png,bad_14.png,anomaly,True,0.10494744777679443,0.10494744777679443,0.08374595860198465,0.08374595860198465,0.075458013266325,False,False,16000,False,,False,0.0,cpu,patch_nearest_normal,last2,14,0.05,False,,,0.00016713283548597246,0.000183458399987945,False,True
2026-08-14 22:54:21,transistor,monitor,C:/cira_batch_test/transistor/bad_15.png,bad_15.png,anomaly,True,0.09790393710136414,0.09790393710136414,0.08374595860198465,0.08374595860198465,0.075458013266325,False,False,16000,False,,False,0.0,cpu,patch_nearest_normal,last2,14,0.05,False,,,0.00016574923938605934,0.000183458399987945,False,True
2026-08-14 22:54:23,transistor,monitor,C:/cira_batch_test/transistor/bad_16.png,bad_16.png,anomaly,True,0.18024460971355438,0.18024460971355438,0.08374595860198465,0.08374595860198465,0.075458013266325,False,False,16000,False,,False,0.0,cpu,patch_nearest_normal,last2,14,0.05,False,,,0.0001773452531779185,0.000183458399987945,False,True
2026-08-14 22:54:24,transistor,monitor,C:/cira_batch_test/transistor/bad_17.png,bad_17.png,anomaly,True,0.20765089988708496,0.20765089988708496,0.08374595860198465,0.08374595860198465,0.075458013266325,False,False,16000,False,,False,0.0,cpu,patch_nearest_normal,last2,14,0.05,False,,,0.00016344556934200227,0.000183458399987945,False,True
2026-08-14 22:54:26,transistor,monitor,C:/cira_batch_test/transistor/bad_18.png,bad_18.png,anomaly,True,0.14879867434501648,0.14879867434501648,0.08374595860198465,0.08374595860198465,0.075458013266325,False,False,16000,False,,False,0.0,cpu,patch_nearest_normal,last2,14,0.05,False,,,0.00017427197599317878,0.000183458399987945,False,True
2026-08-14 22:54:27,transistor,monitor,C:/cira_batch_test/transistor/bad_19.png,bad_19.png,anomaly,True,0.0999908596277237,0.0999908596277237,0.08374595860198465,0.08374595860198465,0.075458013266325,False,False,16000,False,,False,0.0,cpu,patch_nearest_normal,last2,14,0.05,False,,,0.00016212253831326962,0.000183458399987945,False,True
2026-08-14 22:54:29,transistor,monitor,C:/cira_batch_test/transistor/bad_2.png,bad_2.png,anomaly,True,0.20691590011119843,0.20691590011119843,0.08374595860198465,0.08374595860198465,0.075458013266325,False,False,16000,False,,False,0.0,cpu,patch_nearest_normal,last2,14,0.05,False,,,0.00017233466496691108,0.000183458399987945,False,True
2026-08-14 22:54:30,transistor,monitor,C:/cira_batch_test/transistor/bad_20.png,bad_20.png,anomaly,True,0.29301589727401733,0.29301589727401733,0.08374595860198465,0.08374595860198465,0.075458013266325,False,False,16000,False,,False,0.0,cpu,patch_nearest_normal,last2,14,0.05,False,,,0.00019069050904363394,0.000183458399987945,False,False
2026-08-14 22:54:32,transistor,monitor,C:/cira_batch_test/transistor/bad_3.png,bad_3.png,anomaly,True,0.10247717052698135,0.10247717052698135,0.08374595860198465,0.08374595860198465,0.075458013266325,False,False,16000,False,,False,0.0,cpu,patch_nearest_normal,last2,14,0.05,False,,,0.00016821605095174164,0.000183458399987945,False,True
2026-08-14 22:54:34,transistor,monitor,C:/cira_batch_test/transistor/bad_4.png,bad_4.png,anomaly,True,0.09207843989133835,0.09207843989133835,0.08374595860198465,0.08374595860198465,0.075458013266325,False,False,16000,False,,False,0.0,cpu,patch_nearest_normal,last2,14,0.05,False,,,0.00012637062172871083,0.000183458399987945,False,True
2026-08-14 22:54:35,transistor,monitor,C:/cira_batch_test/transistor/bad_5.png,bad_5.png,anomaly,True,0.11719455569982529,0.11719455569982529,0.08374595860198465,0.08374595860198465,0.075458013266325,False,False,16000,False,,False,0.0,cpu,patch_nearest_normal,last2,14,0.05,False,,,0.00017897298675961792,0.000183458399987945,False,True
2026-08-14 22:54:37,transistor,monitor,C:/cira_batch_test/transistor/bad_6.png,bad_6.png,anomaly,True,0.09266278147697449,0.09266278147697449,0.08374595860198465,0.08374595860198465,0.075458013266325,False,False,16000,False,,False,0.0,cpu,patch_nearest_normal,last2,14,0.05,False,,,0.00017149251652881503,0.000183458399987945,False,True
2026-08-14 22:54:38,transistor,monitor,C:/cira_batch_test/transistor/bad_7.png,bad_7.png,anomaly,True,0.13377633690834045,0.13377633690834045,0.08374595860198465,0.08374595860198465,0.075458013266325,False,False,16000,False,,False,0.0,cpu,patch_nearest_normal,last2,14,0.05,False,,,0.00018081018060911447,0.000183458399987945,False,True
2026-08-14 22:54:40,transistor,monitor,C:/cira_batch_test/transistor/bad_8.png,bad_8.png,anomaly,True,0.1737663298845291,0.1737663298845291,0.08374595860198465,0.08374595860198465,0.075458013266325,False,False,16000,False,,False,0.0,cpu,patch_nearest_normal,last2,14,0.05,False,,,0.00016980232612695545,0.000183458399987945,False,True
2026-08-14 22:54:41,transistor,monitor,C:/cira_batch_test/transistor/bad_9.png,bad_9.png,anomaly,True,0.13217215240001678,0.13217215240001678,0.08374595860198465,0.08374595860198465,0.075458013266325,False,False,16000,False,,False,0.0,cpu,patch_nearest_normal,last2,14,0.05,False,,,0.0001813753042370081,0.000183458399987945,False,True
2026-08-14 22:54:43,transistor,monitor,C:/cira_batch_test/transistor/good_1.png,good_1.png,normal,False,0.05782352015376091,3.2782554626464844e-07,0.08374595860198465,0.08374595860198465,0.075458013266325,False,True,16000,True,0.00018292831373400986,True,0.0030177226290106773,cpu,patch_nearest_normal,last2,14,0.05,False,,,0.0001700033899396658,0.000183458399987945,True,True
2026-08-14 22:54:45,transistor,monitor,C:/cira_batch_test/transistor/good_10.png,good_10.png,normal,False,0.07441137731075287,2.5033949668795685e-07,0.08374595860198465,0.08374595860198465,0.075458013266325,False,True,16000,True,0.00018271249427925795,True,0.002747130813077092,cpu,patch_nearest_normal,last2,14,0.05,False,,,0.0001794407144188881,0.000183458399987945,True,True
2026-08-14 22:54:46,transistor,monitor,C:/cira_batch_test/transistor/good_11.png,good_11.png,normal,False,0.06651286780834198,2.74181360282455e-07,0.08374595860198465,0.08374595860198465,0.075458013266325,False,True,16000,True,0.00020274556300137192,True,0.002677144715562463,cpu,patch_nearest_normal,last2,14,0.05,False,,,0.000171701904037036,0.000183458399987945,True,True
2026-08-14 22:54:48,transistor,monitor,C:/cira_batch_test/transistor/good_12.png,good_12.png,normal,False,0.05841604992747307,0.05841604992747307,0.08374595860198465,0.08374595860198465,0.075458013266325,False,False,16000,False,,False,0.0,cpu,patch_nearest_normal,last2,14,0.05,False,,,0.00019064595107920468,0.000183458399987945,True,False
2026-08-14 22:54:50,transistor,monitor,C:/cira_batch_test/transistor/good_13.png,good_13.png,normal,False,0.056074779480695724,2.8014181907565217e-07,0.08374595860198465,0.08374595860198465,0.075458013266325,False,True,16000,True,0.00019297926337458193,True,0.002631200710311532,cpu,patch_nearest_normal,last2,14,0.05,False,,,0.0001790575624909252,0.000183458399987945,True,True
2026-08-14 22:54:51,transistor,monitor,C:/cira_batch_test/transistor/good_14.png,good_14.png,normal,False,0.06225398927927017,2.6226044269606064e-07,0.08374595860198465,0.08374595860198465,0.075458013266325,False,True,16000,True,0.00019472153508104384,True,0.0026056922506541014,cpu,patch_nearest_normal,last2,14,0.05,False,,,0.00017995978123508394,0.000183458399987945,True,True
2026-08-14 22:54:53,transistor,monitor,C:/cira_batch_test/transistor/good_15.png,good_15.png,normal,False,0.0698222666978836,2.2649764730431343e-07,0.08374595860198465,0.08374595860198465,0.075458013266325,False,True,16000,True,0.00018058651767205447,True,0.002604094333946705,cpu,patch_nearest_normal,last2,14,0.05,False,,,0.0001701896544545889,0.000183458399987945,True,True
2026-08-14 22:54:55,transistor,monitor,C:/cira_batch_test/transistor/good_16.png,good_16.png,normal,False,0.07479996979236603,0.07479996979236603,0.08374595860198465,0.08374595860198465,0.075458013266325,False,False,16000,False,,False,0.0,cpu,patch_nearest_normal,last2,14,0.05,False,,,0.0001856329763540998,0.000183458399987945,True,False
2026-08-14 22:54:56,transistor,monitor,C:/cira_batch_test/transistor/good_17.png,good_17.png,normal,False,0.05492345616221428,2.9206276508375595e-07,0.08374595860198465,0.08374595860198465,0.075458013266325,False,True,16000,True,0.0001918683701660484,True,0.0026008179411292076,cpu,patch_nearest_normal,last2,14,0.05,False,,,0.00016860022151377052,0.000183458399987945,True,True
2026-08-14 22:54:58,transistor,monitor,C:/cira_batch_test/transistor/good_18.png,good_18.png,normal,False,0.06398554891347885,2.8610230629055877e-07,0.08374595860198465,0.08374595860198465,0.075458013266325,False,True,16000,True,0.00019652288756333292,True,0.002592572243884206,cpu,patch_nearest_normal,last2,14,0.05,False,,,0.00017753368592821062,0.000183458399987945,True,True
2026-08-14 22:55:00,transistor,monitor,C:/cira_batch_test/transistor/good_19.png,good_19.png,normal,False,0.0719539076089859,2.5629998390286346e-07,0.08374595860198465,0.08374595860198465,0.075458013266325,False,True,16000,True,0.0001833497517509386,True,0.0025694617070257664,cpu,patch_nearest_normal,last2,14,0.05,False,,,0.00017580667918082327,0.000183458399987945,True,True
2026-08-14 22:55:01,transistor,monitor,C:/cira_batch_test/transistor/good_2.png,good_2.png,normal,False,0.0832456648349762,0.0832456648349762,0.08374595860198465,0.08374595860198465,0.075458013266325,False,False,16000,False,,False,0.0,cpu,patch_nearest_normal,last2,14,0.05,False,,,0.0001650301128393039,0.000183458399987945,False,True
2026-08-14 22:55:03,transistor,monitor,C:/cira_batch_test/transistor/good_20.png,good_20.png,normal,False,0.06748556345701218,2.1457671550706436e-07,0.08374595860198465,0.08374595860198465,0.075458013266325,False,True,16000,True,0.00018145561625715345,True,0.0025730791967362165,cpu,patch_nearest_normal,last2,14,0.05,True,C:\cira_ttl_checkpoints\transistor\patch_memory_bank_update_10.pt,C:\cira_ttl_checkpoints\transistor\patch_adapter_update_10.pt,0.00017456401837989688,0.000183458399987945,True,True
2026-08-14 22:55:05,transistor,monitor,C:/cira_batch_test/transistor/good_3.png,good_3.png,normal,False,0.07900087535381317,0.07900087535381317,0.08374595860198465,0.08374595860198465,0.075458013266325,False,False,16000,False,,False,0.0,cpu,patch_nearest_normal,last2,14,0.05,False,,,0.00016062782378867269,0.000183458399987945,False,True
2026-08-14 22:55:06,transistor,monitor,C:/cira_batch_test/transistor/good_4.png,good_4.png,normal,False,0.05915271118283272,2.980232238769531e-07,0.08374595860198465,0.08374595860198465,0.075458013266325,False,True,16000,True,0.00018468470079824328,True,0.002560857916250825,cpu,patch_nearest_normal,last2,14,0.05,False,,,0.00015770956815686077,0.000183458399987945,True,True
2026-08-14 22:55:08,transistor,monitor,C:/cira_batch_test/transistor/good_5.png,good_5.png,normal,False,0.06911786645650864,2.9206276508375595e-07,0.08374595860198465,0.08374595860198465,0.075458013266325,False,True,16000,True,0.00020464343833737075,True,0.0025445250794291496,cpu,patch_nearest_normal,last2,14,0.05,False,,,0.00017518296954222023,0.000183458399987945,True,True
2026-08-14 22:55:10,transistor,monitor,C:/cira_batch_test/transistor/good_6.png,good_6.png,normal,False,0.061664264649152756,2.8610230629055877e-07,0.08374595860198465,0.08374595860198465,0.075458013266325,False,True,16000,True,0.00019441323820501566,True,0.002544417744502425,cpu,patch_nearest_normal,last2,14,0.05,False,,,0.0001740508887451142,0.000183458399987945,True,True
2026-08-14 22:55:11,transistor,monitor,C:/cira_batch_test/transistor/good_7.png,good_7.png,normal,False,0.06717398017644882,2.8610230629055877e-07,0.08374595860198465,0.08374595860198465,0.075458013266325,False,True,16000,True,0.00018891175568569452,True,0.002545831026509404,cpu,patch_nearest_normal,last2,14,0.05,False,,,0.0001663404837017879,0.000183458399987945,True,True
2026-08-14 22:55:13,transistor,monitor,C:/cira_batch_test/transistor/good_8.png,good_8.png,normal,False,0.058040864765644073,2.980232238769531e-07,0.08374595860198465,0.08374595860198465,0.075458013266325,False,True,16000,True,0.00018107493815477937,True,0.0025431078393012285,cpu,patch_nearest_normal,last2,14,0.05,False,,,0.0001595546054886654,0.000183458399987945,True,True
2026-08-14 22:55:15,transistor,monitor,C:/cira_batch_test/transistor/good_9.png,good_9.png,normal,False,0.06370517611503601,0.06370517611503601,0.08374595860198465,0.08374595860198465,0.075458013266325,False,False,16000,False,,False,0.0,cpu,patch_nearest_normal,last2,14,0.05,False,,,0.00020146886527072638,0.000183458399987945,True,False
2026-08-14 22:55:16,wood,monitor,C:/cira_batch_test/wood/bad_1.png,bad_1.png,anomaly,True,0.34858831763267517,0.34858831763267517,0.04761727861349719,0.04761727861349719,0.037343646213412296,False,False,16000,False,,False,0.0,cpu,patch_nearest_normal,last2,14,0.05,False,,,8.610818622400984e-05,0.00010775983100752,False,True
2026-08-14 22:55:18,wood,monitor,C:/cira_batch_test/wood/bad_10.png,bad_10.png,anomaly,True,0.2777043879032135,0.2777043879032135,0.04761727861349719,0.04761727861349719,0.037343646213412296,False,False,16000,False,,False,0.0,cpu,patch_nearest_normal,last2,14,0.05,False,,,8.144102321239188e-05,0.00010775983100752,False,True
2026-08-14 22:55:19,wood,monitor,C:/cira_batch_test/wood/bad_11.png,bad_11.png,anomaly,True,0.08606530725955963,0.08606530725955963,0.04761727861349719,0.04761727861349719,0.037343646213412296,False,False,16000,False,,False,0.0,cpu,patch_nearest_normal,last2,14,0.05,False,,,7.227715832414106e-05,0.00010775983100752,False,True
2026-08-14 22:55:21,wood,monitor,C:/cira_batch_test/wood/bad_12.png,bad_12.png,anomaly,True,0.18334026634693146,0.18334026634693146,0.04761727861349719,0.04761727861349719,0.037343646213412296,False,False,16000,False,,False,0.0,cpu,patch_nearest_normal,last2,14,0.05,False,,,0.00013529193529393524,0.00010775983100752,False,False
2026-08-14 22:55:23,wood,monitor,C:/cira_batch_test/wood/bad_13.png,bad_13.png,anomaly,True,0.3154454231262207,0.3154454231262207,0.04761727861349719,0.04761727861349719,0.037343646213412296,False,False,16000,False,,False,0.0,cpu,patch_nearest_normal,last2,14,0.05,False,,,8.904639253159985e-05,0.00010775983100752,False,True
2026-08-14 22:55:24,wood,monitor,C:/cira_batch_test/wood/bad_14.png,bad_14.png,anomaly,True,0.23999524116516113,0.23999524116516113,0.04761727861349719,0.04761727861349719,0.037343646213412296,False,False,16000,False,,False,0.0,cpu,patch_nearest_normal,last2,14,0.05,False,,,8.366794645553455e-05,0.00010775983100752,False,True
2026-08-14 22:55:26,wood,monitor,C:/cira_batch_test/wood/bad_15.png,bad_15.png,anomaly,True,0.214952751994133,0.214952751994133,0.04761727861349719,0.04761727861349719,0.037343646213412296,False,False,16000,False,,False,0.0,cpu,patch_nearest_normal,last2,14,0.05,False,,,0.00010683564323699102,0.00010775983100752,False,True
2026-08-14 22:55:27,wood,monitor,C:/cira_batch_test/wood/bad_16.png,bad_16.png,anomaly,True,0.2178620994091034,0.2178620994091034,0.04761727861349719,0.04761727861349719,0.037343646213412296,False,False,16000,False,,False,0.0,cpu,patch_nearest_normal,last2,14,0.05,False,,,7.778748113196343e-05,0.00010775983100752,False,True
2026-08-14 22:55:29,wood,monitor,C:/cira_batch_test/wood/bad_17.png,bad_17.png,anomaly,True,0.3650740683078766,0.3650740683078766,0.04761727861349719,0.04761727861349719,0.037343646213412296,False,False,16000,False,,False,0.0,cpu,patch_nearest_normal,last2,14,0.05,False,,,8.57891864143312e-05,0.00010775983100752,False,True
2026-08-14 22:55:30,wood,monitor,C:/cira_batch_test/wood/bad_18.png,bad_18.png,anomaly,True,0.3986118733882904,0.3986118733882904,0.04761727861349719,0.04761727861349719,0.037343646213412296,False,False,16000,False,,False,0.0,cpu,patch_nearest_normal,last2,14,0.05,False,,,7.844848005333915e-05,0.00010775983100752,False,True
2026-08-14 22:55:34,wood,monitor,C:/cira_batch_test/wood/bad_19.png,bad_19.png,anomaly,True,0.21836884319782257,0.21836884319782257,0.04761727861349719,0.04761727861349719,0.037343646213412296,False,False,16000,False,,False,0.0,cpu,patch_nearest_normal,last2,14,0.05,False,,,9.246091940440238e-05,0.00010775983100752,False,True
2026-08-14 22:55:35,wood,monitor,C:/cira_batch_test/wood/bad_2.png,bad_2.png,anomaly,True,0.2760295271873474,0.2760295271873474,0.04761727861349719,0.04761727861349719,0.037343646213412296,False,False,16000,False,,False,0.0,cpu,patch_nearest_normal,last2,14,0.05,False,,,9.737558866618201e-05,0.00010775983100752,False,True
2026-08-14 22:55:37,wood,monitor,C:/cira_batch_test/wood/bad_20.png,bad_20.png,anomaly,True,0.1708804816007614,0.1708804816007614,0.04761727861349719,0.04761727861349719,0.037343646213412296,False,False,16000,False,,False,0.0,cpu,patch_nearest_normal,last2,14,0.05,False,,,8.274542778963223e-05,0.00010775983100752,False,True
2026-08-14 22:55:39,wood,monitor,C:/cira_batch_test/wood/bad_3.png,bad_3.png,anomaly,True,0.25414711236953735,0.25414711236953735,0.04761727861349719,0.04761727861349719,0.037343646213412296,False,False,16000,False,,False,0.0,cpu,patch_nearest_normal,last2,14,0.05,False,,,0.00014778095646761358,0.00010775983100752,False,False
2026-08-14 22:55:40,wood,monitor,C:/cira_batch_test/wood/bad_4.png,bad_4.png,anomaly,True,0.3489580750465393,0.3489580750465393,0.04761727861349719,0.04761727861349719,0.037343646213412296,False,False,16000,False,,False,0.0,cpu,patch_nearest_normal,last2,14,0.05,False,,,8.442939724773169e-05,0.00010775983100752,False,True
2026-08-14 22:55:42,wood,monitor,C:/cira_batch_test/wood/bad_5.png,bad_5.png,anomaly,True,0.24019880592823029,0.24019880592823029,0.04761727861349719,0.04761727861349719,0.037343646213412296,False,False,16000,False,,False,0.0,cpu,patch_nearest_normal,last2,14,0.05,False,,,9.477772255195305e-05,0.00010775983100752,False,True
2026-08-14 22:55:43,wood,monitor,C:/cira_batch_test/wood/bad_6.png,bad_6.png,anomaly,True,0.22265997529029846,0.22265997529029846,0.04761727861349719,0.04761727861349719,0.037343646213412296,False,False,16000,False,,False,0.0,cpu,patch_nearest_normal,last2,14,0.05,False,,,0.00013380622840486467,0.00010775983100752,False,False
2026-08-14 22:55:45,wood,monitor,C:/cira_batch_test/wood/bad_7.png,bad_7.png,anomaly,True,0.09873811155557632,0.09873811155557632,0.04761727861349719,0.04761727861349719,0.037343646213412296,False,False,16000,False,,False,0.0,cpu,patch_nearest_normal,last2,14,0.05,False,,,0.00010312442464055493,0.00010775983100752,False,True
2026-08-14 22:55:46,wood,monitor,C:/cira_batch_test/wood/bad_8.png,bad_8.png,anomaly,True,0.22193972766399384,0.22193972766399384,0.04761727861349719,0.04761727861349719,0.037343646213412296,False,False,16000,False,,False,0.0,cpu,patch_nearest_normal,last2,14,0.05,False,,,8.103300933726132e-05,0.00010775983100752,False,True
2026-08-14 22:55:48,wood,monitor,C:/cira_batch_test/wood/bad_9.png,bad_9.png,anomaly,True,0.21411867439746857,0.21411867439746857,0.04761727861349719,0.04761727861349719,0.037343646213412296,False,False,16000,False,,False,0.0,cpu,patch_nearest_normal,last2,14,0.05,False,,,7.694254600210115e-05,0.00010775983100752,False,True
2026-08-14 22:55:50,wood,monitor,C:/cira_batch_test/wood/good_1.png,good_1.png,normal,False,0.035984765738248825,2.8014181907565217e-07,0.04761727861349719,0.04761727861349719,0.037343646213412296,False,True,16000,True,9.484286420047283e-05,True,0.0029635936953127384,cpu,patch_nearest_normal,last2,14,0.05,False,,,8.18790213088505e-05,0.00010775983100752,True,True
2026-08-14 22:55:51,wood,monitor,C:/cira_batch_test/wood/good_10.png,good_10.png,anomaly,True,0.08994664251804352,0.08994664251804352,0.04761727861349719,0.04761727861349719,0.037343646213412296,False,False,16000,False,,False,0.0,cpu,patch_nearest_normal,last2,14,0.05,False,,,0.00011018065561074764,0.00010775983100752,False,False
2026-08-14 22:55:53,wood,monitor,C:/cira_batch_test/wood/good_11.png,good_11.png,normal,False,0.036084406077861786,3.039836826701503e-07,0.04761727861349719,0.04761727861349719,0.037343646213412296,False,True,16000,True,0.00010930781718343496,True,0.002620271872729063,cpu,patch_nearest_normal,last2,14,0.05,False,,,0.00010511864820728078,0.00010775983100752,True,True
2026-08-14 22:55:55,wood,monitor,C:/cira_batch_test/wood/good_12.png,good_12.png,normal,False,0.026543116196990013,2.682209014892578e-07,0.04761727861349719,0.04761727861349719,0.037343646213412296,False,True,16000,True,0.00010652774653863162,True,0.0026035853661596775,cpu,patch_nearest_normal,last2,14,0.05,False,,,0.00010225229925708845,0.00010775983100752,True,True
2026-08-14 22:55:56,wood,monitor,C:/cira_batch_test/wood/good_13.png,good_13.png,normal,False,0.027216535061597824,0.027216535061597824,0.04761727861349719,0.04761727861349719,0.037343646213412296,False,False,16000,False,,False,0.0,cpu,patch_nearest_normal,last2,14,0.05,False,,,0.00010829800885403529,0.00010775983100752,True,False
2026-08-14 22:55:58,wood,monitor,C:/cira_batch_test/wood/good_14.png,good_14.png,normal,False,0.027257150039076805,0.027257150039076805,0.04761727861349719,0.04761727861349719,0.037343646213412296,False,False,16000,False,,False,0.0,cpu,patch_nearest_normal,last2,14,0.05,False,,,0.00011435294436523691,0.00010775983100752,True,False
2026-08-14 22:55:59,wood,monitor,C:/cira_batch_test/wood/good_15.png,good_15.png,anomaly,True,0.051830947399139404,0.051830947399139404,0.04761727861349719,0.04761727861349719,0.037343646213412296,False,False,16000,False,,False,0.0,cpu,patch_nearest_normal,last2,14,0.05,False,,,9.071295062312856e-05,0.00010775983100752,False,True
2026-08-14 22:56:01,wood,monitor,C:/cira_batch_test/wood/good_16.png,good_16.png,normal,False,0.03691704198718071,0.03691704198718071,0.04761727861349719,0.04761727861349719,0.037343646213412296,False,False,16000,False,,False,0.0,cpu,patch_nearest_normal,last2,14,0.05,False,,,0.0001077700944733806,0.00010775983100752,True,False
2026-08-14 22:56:02,wood,monitor,C:/cira_batch_test/wood/good_17.png,good_17.png,normal,False,0.04059641435742378,0.04059641435742378,0.04761727861349719,0.04761727861349719,0.037343646213412296,False,False,16000,False,,False,0.0,cpu,patch_nearest_normal,last2,14,0.05,False,,,0.00010088825365528464,0.00010775983100752,False,True
2026-08-14 22:56:04,wood,monitor,C:/cira_batch_test/wood/good_18.png,good_18.png,normal,False,0.03966270759701729,0.03966270759701729,0.04761727861349719,0.04761727861349719,0.037343646213412296,False,False,16000,False,,False,0.0,cpu,patch_nearest_normal,last2,14,0.05,False,,,9.625477105146274e-05,0.00010775983100752,False,True
2026-08-14 22:56:06,wood,monitor,C:/cira_batch_test/wood/good_19.png,good_19.png,anomaly,True,0.05211295560002327,0.05211295560002327,0.04761727861349719,0.04761727861349719,0.037343646213412296,False,False,16000,False,,False,0.0,cpu,patch_nearest_normal,last2,14,0.05,False,,,9.561437764205039e-05,0.00010775983100752,False,True
2026-08-14 22:56:07,wood,monitor,C:/cira_batch_test/wood/good_2.png,good_2.png,normal,False,0.02469298243522644,2.74181360282455e-07,0.04761727861349719,0.04761727861349719,0.037343646213412296,False,True,16000,True,8.854733459884301e-05,True,0.002527852077037096,cpu,patch_nearest_normal,last2,14,0.05,False,,,8.546120079699904e-05,0.00010775983100752,True,True
2026-08-14 22:56:09,wood,monitor,C:/cira_batch_test/wood/good_20.png,good_20.png,normal,False,0.02647991105914116,3.2186508747145126e-07,0.04761727861349719,0.04761727861349719,0.037343646213412296,False,True,16000,True,9.796840458875522e-05,True,0.0024732996243983507,cpu,patch_nearest_normal,last2,14,0.05,False,,,9.350516484118998e-05,0.00010775983100752,True,True
2026-08-14 22:56:11,wood,monitor,C:/cira_batch_test/wood/good_3.png,good_3.png,normal,False,0.023063695058226585,3.635883274455409e-07,0.04761727861349719,0.04761727861349719,0.037343646213412296,False,True,16000,True,8.386117406189442e-05,True,0.00247032823972404,cpu,patch_nearest_normal,last2,14,0.05,False,,,8.23207592475228e-05,0.00010775983100752,True,True
2026-08-14 22:56:13,wood,monitor,C:/cira_batch_test/wood/good_4.png,good_4.png,normal,False,0.017507940530776978,3.337860050578456e-07,0.04761727861349719,0.04761727861349719,0.037343646213412296,False,True,16000,True,8.083289139904082e-05,True,0.0024701335933059454,cpu,patch_nearest_normal,last2,14,0.05,False,,,7.738639396848157e-05,0.00010775983100752,True,True
2026-08-14 22:56:14,wood,monitor,C:/cira_batch_test/wood/good_5.png,good_5.png,normal,False,0.020099032670259476,2.8014181907565217e-07,0.04761727861349719,0.04761727861349719,0.037343646213412296,False,True,16000,True,7.89408732089214e-05,True,0.0024727515410631895,cpu,patch_nearest_normal,last2,14,0.05,False,,,7.447374082403257e-05,0.00010775983100752,True,True
2026-08-14 22:56:16,wood,monitor,C:/cira_batch_test/wood/good_6.png,good_6.png,normal,False,0.020438367500901222,2.9206276508375595e-07,0.04761727861349719,0.04761727861349719,0.037343646213412296,False,True,16000,True,7.829540118109435e-05,True,0.002473014872521162,cpu,patch_nearest_normal,last2,14,0.05,False,,,7.717844709986821e-05,0.00010775983100752,True,True
2026-08-14 22:56:18,wood,monitor,C:/cira_batch_test/wood/good_7.png,good_7.png,normal,False,0.01854906603693962,2.5629998390286346e-07,0.04761727861349719,0.04761727861349719,0.037343646213412296,False,True,16000,True,9.2193869932089e-05,True,0.0024919260758906603,cpu,patch_nearest_normal,last2,14,0.05,True,C:\cira_ttl_checkpoints\wood\patch_memory_bank_update_10.pt,C:\cira_ttl_checkpoints\wood\patch_adapter_update_10.pt,9.527170186629519e-05,0.00010775983100752,True,True
2026-08-14 22:56:19,wood,monitor,C:/cira_batch_test/wood/good_8.png,good_8.png,normal,False,0.03351762145757675,0.03351762145757675,0.04761727861349719,0.04761727861349719,0.037343646213412296,False,False,16000,False,,False,0.0,cpu,patch_nearest_normal,last2,14,0.05,False,,,0.00012769701424986124,0.00010775983100752,True,False
2026-08-14 22:56:21,wood,monitor,C:/cira_batch_test/wood/good_9.png,good_9.png,normal,False,0.033675145357847214,0.033675145357847214,0.04761727861349719,0.04761727861349719,0.037343646213412296,False,False,16000,False,,False,0.0,cpu,patch_nearest_normal,last2,14,0.05,False,,,0.00012043866445310414,0.00010775983100752,True,False
2026-08-14 22:56:23,zipper,monitor,C:/cira_batch_test/zipper/bad_1.png,bad_1.png,anomaly,True,0.032704222947359085,0.032704222947359085,0.026937197228883013,0.026937197228883013,0.026275477930903436,False,False,16000,False,,False,0.0,cpu,patch_nearest_normal,last2,14,0.05,False,,,0.00011851858289446682,0.00012004206546407001,False,True
2026-08-14 22:56:24,zipper,monitor,C:/cira_batch_test/zipper/bad_10.png,bad_10.png,normal,False,0.024993807077407837,2.9206276508375595e-07,0.026937197228883013,0.026937197228883013,0.026275477930903436,False,True,16000,True,0.0001208160538226366,True,0.0029813223518431187,cpu,patch_nearest_normal,last2,14,0.05,False,,,0.00011818552593467757,0.00012004206546407001,True,True
2026-08-14 22:56:26,zipper,monitor,C:/cira_batch_test/zipper/bad_11.png,bad_11.png,anomaly,True,0.03433438390493393,0.03433438390493393,0.026937197228883013,0.026937197228883013,0.026275477930903436,False,False,16000,False,,False,0.0,cpu,patch_nearest_normal,last2,14,0.05,False,,,0.00011098590039182454,0.00012004206546407001,False,True
2026-08-14 22:56:27,zipper,monitor,C:/cira_batch_test/zipper/bad_12.png,bad_12.png,normal,False,0.024088293313980103,2.682209014892578e-07,0.026937197228883013,0.026937197228883013,0.026275477930903436,False,True,16000,True,0.00010383581684436649,True,0.002782047726213932,cpu,patch_nearest_normal,last2,14,0.05,False,,,9.436107211513445e-05,0.00012004206546407001,True,True
2026-08-14 22:56:29,zipper,monitor,C:/cira_batch_test/zipper/bad_13.png,bad_13.png,anomaly,True,0.04004810377955437,0.04004810377955437,0.026937197228883013,0.026937197228883013,0.026275477930903436,False,False,16000,False,,False,0.0,cpu,patch_nearest_normal,last2,14,0.05,False,,,0.00012434074596967548,0.00012004206546407001,False,False
2026-08-14 22:56:30,zipper,monitor,C:/cira_batch_test/zipper/bad_14.png,bad_14.png,anomaly,True,0.04738403484225273,0.04738403484225273,0.026937197228883013,0.026937197228883013,0.026275477930903436,False,False,16000,False,,False,0.0,cpu,patch_nearest_normal,last2,14,0.05,False,,,0.00012123077613068745,0.00012004206546407001,False,False
2026-08-14 22:56:32,zipper,monitor,C:/cira_batch_test/zipper/bad_15.png,bad_15.png,anomaly,True,0.07040386646986008,0.07040386646986008,0.026937197228883013,0.026937197228883013,0.026275477930903436,False,False,16000,False,,False,0.0,cpu,patch_nearest_normal,last2,14,0.05,False,,,0.00011172557424288243,0.00012004206546407001,False,True
2026-08-14 22:56:33,zipper,monitor,C:/cira_batch_test/zipper/bad_16.png,bad_16.png,anomaly,True,0.04837406799197197,0.04837406799197197,0.026937197228883013,0.026937197228883013,0.026275477930903436,False,False,16000,False,,False,0.0,cpu,patch_nearest_normal,last2,14,0.05,False,,,0.00012515406706370413,0.00012004206546407001,False,False
2026-08-14 22:56:35,zipper,monitor,C:/cira_batch_test/zipper/bad_17.png,bad_17.png,anomaly,True,0.05502043291926384,0.05502043291926384,0.026937197228883013,0.026937197228883013,0.026275477930903436,False,False,16000,False,,False,0.0,cpu,patch_nearest_normal,last2,14,0.05,False,,,0.00010920005297521129,0.00012004206546407001,False,True
2026-08-14 22:56:36,zipper,monitor,C:/cira_batch_test/zipper/bad_18.png,bad_18.png,anomaly,True,0.06966106593608856,0.06966106593608856,0.026937197228883013,0.026937197228883013,0.026275477930903436,False,False,16000,False,,False,0.0,cpu,patch_nearest_normal,last2,14,0.05,False,,,0.0001082729795598425,0.00012004206546407001,False,True
2026-08-14 22:56:38,zipper,monitor,C:/cira_batch_test/zipper/bad_19.png,bad_19.png,anomaly,True,0.0540245845913887,0.0540245845913887,0.026937197228883013,0.026937197228883013,0.026275477930903436,False,False,16000,False,,False,0.0,cpu,patch_nearest_normal,last2,14,0.05,False,,,0.00011286298104096204,0.00012004206546407001,False,True
2026-08-14 22:56:39,zipper,monitor,C:/cira_batch_test/zipper/bad_2.png,bad_2.png,anomaly,True,0.04656215384602547,0.04656215384602547,0.026937197228883013,0.026937197228883013,0.026275477930903436,False,False,16000,False,,False,0.0,cpu,patch_nearest_normal,last2,14,0.05,False,,,0.0001301592419622466,0.00012004206546407001,False,False
2026-08-14 22:56:41,zipper,monitor,C:/cira_batch_test/zipper/bad_20.png,bad_20.png,anomaly,True,0.04794511944055557,0.04794511944055557,0.026937197228883013,0.026937197228883013,0.026275477930903436,False,False,16000,False,,False,0.0,cpu,patch_nearest_normal,last2,14,0.05,False,,,0.00010953499440802261,0.00012004206546407001,False,True
2026-08-14 22:56:42,zipper,monitor,C:/cira_batch_test/zipper/bad_3.png,bad_3.png,anomaly,True,0.0291043221950531,0.0291043221950531,0.026937197228883013,0.026937197228883013,0.026275477930903436,False,False,16000,False,,False,0.0,cpu,patch_nearest_normal,last2,14,0.05,False,,,0.0001226725144078955,0.00012004206546407001,False,False
2026-08-14 22:56:44,zipper,monitor,C:/cira_batch_test/zipper/bad_4.png,bad_4.png,anomaly,True,0.10013516247272491,0.10013516247272491,0.026937197228883013,0.026937197228883013,0.026275477930903436,False,False,16000,False,,False,0.0,cpu,patch_nearest_normal,last2,14,0.05,False,,,0.00011482349509606138,0.00012004206546407001,False,True
2026-08-14 22:56:45,zipper,monitor,C:/cira_batch_test/zipper/bad_5.png,bad_5.png,anomaly,True,0.04063596576452255,0.04063596576452255,0.026937197228883013,0.026937197228883013,0.026275477930903436,False,False,16000,False,,False,0.0,cpu,patch_nearest_normal,last2,14,0.05,False,,,0.00011187358177267015,0.00012004206546407001,False,True
2026-08-14 22:56:47,zipper,monitor,C:/cira_batch_test/zipper/bad_6.png,bad_6.png,anomaly,True,0.0813126415014267,0.0813126415014267,0.026937197228883013,0.026937197228883013,0.026275477930903436,False,False,16000,False,,False,0.0,cpu,patch_nearest_normal,last2,14,0.05,False,,,0.00010449007822899148,0.00012004206546407001,False,True
2026-08-14 22:56:48,zipper,monitor,C:/cira_batch_test/zipper/bad_7.png,bad_7.png,anomaly,True,0.08877722918987274,0.08877722918987274,0.026937197228883013,0.026937197228883013,0.026275477930903436,False,False,16000,False,,False,0.0,cpu,patch_nearest_normal,last2,14,0.05,False,,,0.00010050566925201565,0.00012004206546407001,False,True
2026-08-14 22:56:50,zipper,monitor,C:/cira_batch_test/zipper/bad_8.png,bad_8.png,anomaly,True,0.14938730001449585,0.14938730001449585,0.026937197228883013,0.026937197228883013,0.026275477930903436,False,False,16000,False,,False,0.0,cpu,patch_nearest_normal,last2,14,0.05,False,,,0.00011845290282508358,0.00012004206546407001,False,True
2026-08-14 22:56:51,zipper,monitor,C:/cira_batch_test/zipper/bad_9.png,bad_9.png,anomaly,True,0.13843564689159393,0.13843564689159393,0.026937197228883013,0.026937197228883013,0.026275477930903436,False,False,16000,False,,False,0.0,cpu,patch_nearest_normal,last2,14,0.05,False,,,0.00011425073898863047,0.00012004206546407001,False,True
2026-08-14 22:56:53,zipper,monitor,C:/cira_batch_test/zipper/good_1.png,good_1.png,normal,False,0.022282999008893967,2.682209014892578e-07,0.026937197228883013,0.026937197228883013,0.026275477930903436,False,True,16000,True,0.00012811247142963111,True,0.002712602261453867,cpu,patch_nearest_normal,last2,14,0.05,False,,,0.00011030971654690802,0.00012004206546407001,True,True
2026-08-14 22:56:55,zipper,monitor,C:/cira_batch_test/zipper/good_10.png,good_10.png,normal,False,0.023172378540039062,2.980232238769531e-07,0.026937197228883013,0.026937197228883013,0.026275477930903436,False,True,16000,True,0.00011627550702542067,True,0.0026732420083135366,cpu,patch_nearest_normal,last2,14,0.05,False,,,0.00010774657130241394,0.00012004206546407001,True,True
2026-08-14 22:56:56,zipper,monitor,C:/cira_batch_test/zipper/good_11.png,good_11.png,normal,False,0.01874040998518467,3.457069510659494e-07,0.026937197228883013,0.026937197228883013,0.026275477930903436,False,True,16000,True,0.00011232248652959242,True,0.0026615329552441835,cpu,patch_nearest_normal,last2,14,0.05,False,,,9.770964970812201e-05,0.00012004206546407001,True,True
2026-08-14 22:56:58,zipper,monitor,C:/cira_batch_test/zipper/good_12.png,good_12.png,normal,False,0.022385209798812866,3.099441414633475e-07,0.026937197228883013,0.026937197228883013,0.026275477930903436,False,True,16000,True,0.00011120788985863328,True,0.0026553894858807325,cpu,patch_nearest_normal,last2,14,0.05,False,,,0.00010369779192842543,0.00012004206546407001,True,True
2026-08-14 22:57:00,zipper,monitor,C:/cira_batch_test/zipper/good_13.png,good_13.png,normal,False,0.024333924055099487,2.8014181907565217e-07,0.026937197228883013,0.026937197228883013,0.026275477930903436,False,True,16000,True,0.00011159370478708297,True,0.002636177930980921,cpu,patch_nearest_normal,last2,14,0.05,False,,,0.00010930744610959664,0.00012004206546407001,True,True
2026-08-14 22:57:01,zipper,monitor,C:/cira_batch_test/zipper/good_14.png,good_14.png,normal,False,0.019816666841506958,2.8610230629055877e-07,0.026937197228883013,0.026937197228883013,0.026275477930903436,False,True,16000,True,0.0001174763310700655,True,0.002648902591317892,cpu,patch_nearest_normal,last2,14,0.05,False,,,0.00010273786028847098,0.00012004206546407001,True,True
2026-08-14 22:57:03,zipper,monitor,C:/cira_batch_test/zipper/good_15.png,good_15.png,normal,False,0.018504148349165916,3.5762786865234375e-07,0.026937197228883013,0.026937197228883013,0.026275477930903436,False,True,16000,True,0.00011080475815106183,True,0.0026502942200750113,cpu,patch_nearest_normal,last2,14,0.05,False,,,0.00010313385428162292,0.00012004206546407001,True,True
2026-08-14 22:57:05,zipper,monitor,C:/cira_batch_test/zipper/good_16.png,good_16.png,normal,False,0.0222785584628582,3.159046286782541e-07,0.026937197228883013,0.026937197228883013,0.026275477930903436,False,True,16000,True,0.00012928128126077354,True,0.0026617893017828465,cpu,patch_nearest_normal,last2,14,0.05,True,C:\cira_ttl_checkpoints\zipper\patch_memory_bank_update_10.pt,C:\cira_ttl_checkpoints\zipper\patch_adapter_update_10.pt,0.00011426195123931393,0.00012004206546407001,True,True
2026-08-14 22:57:07,zipper,monitor,C:/cira_batch_test/zipper/good_17.png,good_17.png,normal,False,0.022819077596068382,3.039836826701503e-07,0.026937197228883013,0.026937197228883013,0.026275477930903436,False,True,16000,True,0.00011794947204180062,True,0.002662813989445567,cpu,patch_nearest_normal,last2,14,0.05,False,,,0.00011502048437250778,0.00012004206546407001,True,True
2026-08-14 22:57:08,zipper,monitor,C:/cira_batch_test/zipper/good_18.png,good_18.png,normal,False,0.01900535821914673,2.74181360282455e-07,0.026937197228883013,0.026937197228883013,0.026275477930903436,False,True,16000,True,0.0001222964929183945,True,0.002668439643457532,cpu,patch_nearest_normal,last2,14,0.05,False,,,0.00011708254896802828,0.00012004206546407001,True,True
2026-08-14 22:57:10,zipper,monitor,C:/cira_batch_test/zipper/good_19.png,good_19.png,normal,False,0.020656710490584373,2.8014181907565217e-07,0.026937197228883013,0.026937197228883013,0.026275477930903436,False,True,16000,True,0.00012587702076416463,True,0.0026716236025094986,cpu,patch_nearest_normal,last2,14,0.05,False,,,0.00011799406638601795,0.00012004206546407001,True,True
2026-08-14 22:57:12,zipper,monitor,C:/cira_batch_test/zipper/good_2.png,good_2.png,normal,False,0.026174580678343773,2.6226044269606064e-07,0.026937197228883013,0.026937197228883013,0.026275477930903436,False,True,16000,True,0.00011236879072384909,True,0.0026615785900503397,cpu,patch_nearest_normal,last2,14,0.05,False,,,0.00010062080400530249,0.00012004206546407001,True,True
2026-08-14 22:57:13,zipper,monitor,C:/cira_batch_test/zipper/good_20.png,good_20.png,normal,False,0.02046039141714573,3.099441414633475e-07,0.026937197228883013,0.026937197228883013,0.026275477930903436,False,True,16000,True,0.00011371161235729232,True,0.002650155685842037,cpu,patch_nearest_normal,last2,14,0.05,False,,,0.00010369292431278154,0.00012004206546407001,True,True
2026-08-14 22:57:15,zipper,monitor,C:/cira_batch_test/zipper/good_3.png,good_3.png,normal,False,0.021627670153975487,3.2186508747145126e-07,0.026937197228883013,0.026937197228883013,0.026275477930903436,False,True,16000,True,0.00010917741019511595,True,0.002642960287630558,cpu,patch_nearest_normal,last2,14,0.05,False,,,0.00010388394730398431,0.00012004206546407001,True,True
2026-08-14 22:57:17,zipper,monitor,C:/cira_batch_test/zipper/good_4.png,good_4.png,normal,False,0.025423437356948853,2.6226044269606064e-07,0.026937197228883013,0.026937197228883013,0.026275477930903436,False,True,16000,True,0.00011911009642062709,True,0.002648422261700034,cpu,patch_nearest_normal,last2,14,0.05,False,,,0.00010770266817416996,0.00012004206546407001,True,True
2026-08-14 22:57:18,zipper,monitor,C:/cira_batch_test/zipper/good_5.png,good_5.png,anomaly,True,0.02749781683087349,0.02749781683087349,0.026937197228883013,0.026937197228883013,0.026275477930903436,False,False,16000,False,,False,0.0,cpu,patch_nearest_normal,last2,14,0.05,False,,,9.228423732565716e-05,0.00012004206546407001,False,True
2026-08-14 22:57:20,zipper,monitor,C:/cira_batch_test/zipper/good_6.png,good_6.png,normal,False,0.019575268030166626,3.039836826701503e-07,0.026937197228883013,0.026937197228883013,0.026275477930903436,False,True,16000,True,0.00012180787598481402,True,0.0026529126334935427,cpu,patch_nearest_normal,last2,14,0.05,False,,,0.00011735856969607994,0.00012004206546407001,True,True
2026-08-14 22:57:22,zipper,monitor,C:/cira_batch_test/zipper/good_7.png,good_7.png,normal,False,0.019573282450437546,2.8610230629055877e-07,0.026937197228883013,0.026937197228883013,0.026275477930903436,False,True,16000,True,0.00011759162589441985,True,0.002645135624334216,cpu,patch_nearest_normal,last2,14,0.05,False,,,0.00011131872452097014,0.00012004206546407001,True,True
2026-08-14 22:57:23,zipper,monitor,C:/cira_batch_test/zipper/good_8.png,good_8.png,normal,False,0.026516061276197433,0.026516061276197433,0.026937197228883013,0.026937197228883013,0.026275477930903436,False,False,16000,False,,False,0.0,cpu,patch_nearest_normal,last2,14,0.05,False,,,0.00011400604853406549,0.00012004206546407001,False,True
2026-08-14 22:57:25,zipper,monitor,C:/cira_batch_test/zipper/good_9.png,good_9.png,normal,False,0.01986582949757576,3.039836826701503e-07,0.026937197228883013,0.026937197228883013,0.026275477930903436,False,True,16000,True,0.00013202728587202728,True,0.002656906843185425,cpu,patch_nearest_normal,last2,14,0.05,True,C:\cira_ttl_checkpoints\zipper\patch_memory_bank_update_20.pt,C:\cira_ttl_checkpoints\zipper\patch_adapter_update_20.pt,0.00011487575102364644,0.00012004206546407001,True,True
