timestamp,category,mode,image_path,file_name,label,is_anomaly,score_before,anomaly_score,threshold,anomaly_threshold,update_threshold,threshold_reloaded,updated_memory,memory_size,update_allowed,update_loss,adapter_updated,adapter_delta_norm,device,score_method,feature_choice,patch_grid,patch_top_fraction,checkpoint_saved,checkpoint_memory_path,checkpoint_adapter_path,consistency_error,consistency_threshold,score_gate_pass,consistency_gate_pass
2026-08-15 15:49:41,bottle,monitor,C:/cira_batch_test/bottle/good_1.png,good_1.png,normal,False,0.0006063878536224365,2.8610230629055877e-07,0.02815022391963134,0.02815022391963134,0.02531116753816605,False,True,16000,True,0.0001088202407117933,True,0.0026612624060362577,cpu,patch_nearest_normal,last2,14,0.05,False,,,0.00010857135930564255,0.00011476924591981,True,True
2026-08-15 15:49:42,bottle,monitor,C:/cira_batch_test/bottle/good_7.png,good_7.png,anomaly,True,0.0345219187438488,0.0345219187438488,0.02815022391963134,0.02815022391963134,0.02531116753816605,False,False,16000,False,,False,0.0,cpu,patch_nearest_normal,last2,14,0.05,False,,,0.00011845364497276023,0.00011476924591981,False,False
2026-08-15 15:49:44,bottle,monitor,C:/cira_batch_test/bottle/good_9.png,good_9.png,normal,False,0.0006057381397113204,3.099441414633475e-07,0.02815022391963134,0.02815022391963134,0.02531116753816605,False,True,16000,True,0.00010844039934454486,True,0.002638422418385744,cpu,patch_nearest_normal,last2,14,0.05,True,C:\cira_ttl_checkpoints\bottle\patch_memory_bank_update_20.pt,C:\cira_ttl_checkpoints\bottle\patch_adapter_update_20.pt,0.0001031214342219755,0.00011476924591981,True,True
2026-08-15 15:49:46,bottle,monitor,C:/cira_batch_test/bottle/bad_8.png,bad_8.png,anomaly,True,0.2756268382072449,0.2756268382072449,0.02815022391963134,0.02815022391963134,0.02531116753816605,False,False,16000,False,,False,0.0,cpu,patch_nearest_normal,last2,14,0.05,False,,,0.00013022168423049152,0.00011476924591981,False,False
2026-08-15 15:49:47,bottle,monitor,C:/cira_batch_test/bottle/bad_1.png,bad_1.png,anomaly,True,0.05542910099029541,0.05542910099029541,0.02815022391963134,0.02815022391963134,0.02531116753816605,False,False,16000,False,,False,0.0,cpu,patch_nearest_normal,last2,14,0.05,False,,,0.00010805850615724921,0.00011476924591981,False,True
2026-08-15 15:49:49,bottle,monitor,C:/cira_batch_test/bottle/bad_14.png,bad_14.png,anomaly,True,0.17324185371398926,0.17324185371398926,0.02815022391963134,0.02815022391963134,0.02531116753816605,False,False,16000,False,,False,0.0,cpu,patch_nearest_normal,last2,14,0.05,False,,,0.00011124676530016586,0.00011476924591981,False,True
2026-08-15 15:49:51,bottle,monitor,C:/cira_batch_test/bottle/bad_15.png,bad_15.png,anomaly,True,0.4204043447971344,0.4204043447971344,0.02815022391963134,0.02815022391963134,0.02531116753816605,False,False,16000,False,,False,0.0,cpu,patch_nearest_normal,last2,14,0.05,False,,,0.00012863878509961069,0.00011476924591981,False,False
2026-08-15 15:49:53,bottle,monitor,C:/cira_batch_test/bottle/good_19.png,good_19.png,normal,False,0.0006017386913299561,3.099441414633475e-07,0.02815022391963134,0.02815022391963134,0.02531116753816605,False,True,16000,True,0.00011300002370262519,True,0.002632043557241559,cpu,patch_nearest_normal,last2,14,0.05,False,,,0.0001044925520545803,0.00011476924591981,True,True
2026-08-15 15:49:54,bottle,monitor,C:/cira_batch_test/bottle/bad_3.png,bad_3.png,anomaly,True,0.18653348088264465,0.18653348088264465,0.02815022391963134,0.02815022391963134,0.02531116753816605,False,False,16000,False,,False,0.0,cpu,patch_nearest_normal,last2,14,0.05,False,,,0.00011441312381066382,0.00011476924591981,False,True
2026-08-15 15:49:56,bottle,monitor,C:/cira_batch_test/bottle/good_5.png,good_5.png,normal,False,0.0005988061311654747,2.8014181907565217e-07,0.02815022391963134,0.02815022391963134,0.02531116753816605,False,True,16000,True,0.00011679824820021167,True,0.002632980467751622,cpu,patch_nearest_normal,last2,14,0.05,False,,,0.00011055880167987198,0.00011476924591981,True,True
2026-08-15 15:49:58,bottle,monitor,C:/cira_batch_test/bottle/good_16.png,good_16.png,normal,False,0.022549141198396683,3.039836826701503e-07,0.02815022391963134,0.02815022391963134,0.02531116753816605,False,True,16000,True,0.00011437329521868378,True,0.0026344687212258577,cpu,patch_nearest_normal,last2,14,0.05,False,,,0.00010455428855493665,0.00011476924591981,True,True
2026-08-15 15:50:00,bottle,monitor,C:/cira_batch_test/bottle/good_14.png,good_14.png,normal,False,0.0006676614284515381,3.2186508747145126e-07,0.02815022391963134,0.02815022391963134,0.02531116753816605,False,True,16000,True,0.00010392630065325648,True,0.0026237894780933857,cpu,patch_nearest_normal,last2,14,0.05,False,,,0.00010113102325703949,0.00011476924591981,True,True
2026-08-15 15:50:02,bottle,monitor,C:/cira_batch_test/bottle/good_2.png,good_2.png,normal,False,0.0006649911520071328,3.039836826701503e-07,0.02815022391963134,0.02815022391963134,0.02531116753816605,False,True,16000,True,0.00011949909094255418,True,0.002622519852593541,cpu,patch_nearest_normal,last2,14,0.05,False,,,0.00010869497054954991,0.00011476924591981,True,True
2026-08-15 15:50:03,bottle,monitor,C:/cira_batch_test/bottle/bad_13.png,bad_13.png,anomaly,True,0.259036660194397,0.259036660194397,0.02815022391963134,0.02815022391963134,0.02531116753816605,False,False,16000,False,,False,0.0,cpu,patch_nearest_normal,last2,14,0.05,False,,,0.00010967627167701721,0.00011476924591981,False,True
2026-08-15 15:50:05,bottle,monitor,C:/cira_batch_test/bottle/good_10.png,good_10.png,normal,False,0.0006619155174121261,2.74181360282455e-07,0.02815022391963134,0.02815022391963134,0.02531116753816605,False,True,16000,True,0.00011562024155864492,True,0.0026225904002785683,cpu,patch_nearest_normal,last2,14,0.05,False,,,0.00010399532038718462,0.00011476924591981,True,True
2026-08-15 15:50:06,bottle,monitor,C:/cira_batch_test/bottle/bad_19.png,bad_19.png,anomaly,True,0.1978122442960739,0.1978122442960739,0.02815022391963134,0.02815022391963134,0.02531116753816605,False,False,16000,False,,False,0.0,cpu,patch_nearest_normal,last2,14,0.05,False,,,0.00011872179311467335,0.00011476924591981,False,False
2026-08-15 15:50:08,bottle,monitor,C:/cira_batch_test/bottle/good_4.png,good_4.png,normal,False,0.0006595492595806718,3.039836826701503e-07,0.02815022391963134,0.02815022391963134,0.02531116753816605,False,True,16000,True,0.00011384203389752656,True,0.0026187014300376177,cpu,patch_nearest_normal,last2,14,0.05,False,,,0.00010069151903735474,0.00011476924591981,True,True
2026-08-15 15:50:09,bottle,monitor,C:/cira_batch_test/bottle/bad_12.png,bad_12.png,anomaly,True,0.22659508883953094,0.22659508883953094,0.02815022391963134,0.02815022391963134,0.02531116753816605,False,False,16000,False,,False,0.0,cpu,patch_nearest_normal,last2,14,0.05,False,,,0.00011263985652476549,0.00011476924591981,False,True
2026-08-15 15:50:11,bottle,monitor,C:/cira_batch_test/bottle/good_18.png,good_18.png,normal,False,0.0006566345691680908,2.5033949668795685e-07,0.02815022391963134,0.02815022391963134,0.02531116753816605,False,True,16000,True,0.00011232980614295229,True,0.0026186646427959204,cpu,patch_nearest_normal,last2,14,0.05,False,,,0.00010005697549786419,0.00011476924591981,True,True
2026-08-15 15:50:13,bottle,monitor,C:/cira_batch_test/bottle/bad_16.png,bad_16.png,anomaly,True,0.3036613464355469,0.3036613464355469,0.02815022391963134,0.02815022391963134,0.02531116753816605,False,False,16000,False,,False,0.0,cpu,patch_nearest_normal,last2,14,0.05,False,,,0.0001064171374309808,0.00011476924591981,False,True
2026-08-15 15:50:15,bottle,monitor,C:/cira_batch_test/bottle/good_6.png,good_6.png,normal,False,0.0006544768693856895,2.8610230629055877e-07,0.02815022391963134,0.02815022391963134,0.02531116753816605,False,True,16000,True,0.00010853710409719497,True,0.0026108724996447563,cpu,patch_nearest_normal,last2,14,0.05,False,,,9.794763172976673e-05,0.00011476924591981,True,True
2026-08-15 15:50:17,bottle,monitor,C:/cira_batch_test/bottle/good_13.png,good_13.png,normal,False,0.0006517171859741211,2.980232238769531e-07,0.02815022391963134,0.02815022391963134,0.02531116753816605,False,True,16000,True,0.000110728717118036,True,0.002611559582874179,cpu,patch_nearest_normal,last2,14,0.05,True,C:\cira_ttl_checkpoints\bottle\patch_memory_bank_update_30.pt,C:\cira_ttl_checkpoints\bottle\patch_adapter_update_30.pt,0.00010047837713500485,0.00011476924591981,True,True
2026-08-15 15:50:18,bottle,monitor,C:/cira_batch_test/bottle/good_15.png,good_15.png,normal,False,0.0006485104677267373,2.6226044269606064e-07,0.02815022391963134,0.02815022391963134,0.02531116753816605,False,True,16000,True,0.00011206812632735819,True,0.002616861369460821,cpu,patch_nearest_normal,last2,14,0.05,False,,,9.920978482114151e-05,0.00011476924591981,True,True
2026-08-15 15:50:20,bottle,monitor,C:/cira_batch_test/bottle/good_20.png,good_20.png,normal,False,0.0006458997959271073,3.2782554626464844e-07,0.02815022391963134,0.02815022391963134,0.02531116753816605,False,True,16000,True,0.00011753216676879674,True,0.0026224113535135984,cpu,patch_nearest_normal,last2,14,0.05,False,,,0.00010744063911261037,0.00011476924591981,True,True
2026-08-15 15:50:21,bottle,monitor,C:/cira_batch_test/bottle/bad_17.png,bad_17.png,anomaly,True,0.1869821846485138,0.1869821846485138,0.02815022391963134,0.02815022391963134,0.02531116753816605,False,False,16000,False,,False,0.0,cpu,patch_nearest_normal,last2,14,0.05,False,,,0.00010816502617672086,0.00011476924591981,False,True
2026-08-15 15:50:23,bottle,monitor,C:/cira_batch_test/bottle/good_11.png,good_11.png,normal,False,0.0006438076379708946,2.8610230629055877e-07,0.02815022391963134,0.02815022391963134,0.02531116753816605,False,True,16000,True,0.00011611427908064798,True,0.0026189349591732025,cpu,patch_nearest_normal,last2,14,0.05,False,,,0.00010524855315452442,0.00011476924591981,True,True
2026-08-15 15:50:25,bottle,monitor,C:/cira_batch_test/bottle/bad_20.png,bad_20.png,anomaly,True,0.20876213908195496,0.20876213908195496,0.02815022391963134,0.02815022391963134,0.02531116753816605,False,False,16000,False,,False,0.0,cpu,patch_nearest_normal,last2,14,0.05,False,,,0.00010737906268332154,0.00011476924591981,False,True
2026-08-15 15:50:26,bottle,monitor,C:/cira_batch_test/bottle/good_8.png,good_8.png,normal,False,0.0006426572799682617,2.443790378947597e-07,0.02815022391963134,0.02815022391963134,0.02531116753816605,False,True,16000,True,0.00011013448238372803,True,0.002613923279568553,cpu,patch_nearest_normal,last2,14,0.05,False,,,9.60648394539021e-05,0.00011476924591981,True,True
2026-08-15 15:50:28,bottle,monitor,C:/cira_batch_test/bottle/bad_10.png,bad_10.png,anomaly,True,0.17047174274921417,0.17047174274921417,0.02815022391963134,0.02815022391963134,0.02531116753816605,False,False,16000,False,,False,0.0,cpu,patch_nearest_normal,last2,14,0.05,False,,,0.00012346632138360292,0.00011476924591981,False,False
2026-08-15 15:50:30,bottle,monitor,C:/cira_batch_test/bottle/good_3.png,good_3.png,normal,False,0.0006417810800485313,2.8014181907565217e-07,0.02815022391963134,0.02815022391963134,0.02531116753816605,False,True,16000,True,0.00010842297342605889,True,0.0026064938865602016,cpu,patch_nearest_normal,last2,14,0.05,False,,,0.00010004378418670967,0.00011476924591981,True,True
2026-08-15 15:50:31,bottle,monitor,C:/cira_batch_test/bottle/bad_11.png,bad_11.png,anomaly,True,0.05325355380773544,0.05325355380773544,0.02815022391963134,0.02815022391963134,0.02531116753816605,False,False,16000,False,,False,0.0,cpu,patch_nearest_normal,last2,14,0.05,False,,,9.599179611541331e-05,0.00011476924591981,False,True
2026-08-15 15:50:33,bottle,monitor,C:/cira_batch_test/bottle/bad_18.png,bad_18.png,anomaly,True,0.17991143465042114,0.17991143465042114,0.02815022391963134,0.02815022391963134,0.02531116753816605,False,False,16000,False,,False,0.0,cpu,patch_nearest_normal,last2,14,0.05,False,,,0.00012172760762041435,0.00011476924591981,False,False
2026-08-15 15:50:34,bottle,monitor,C:/cira_batch_test/bottle/good_12.png,good_12.png,normal,False,0.0006387591129168868,2.5629998390286346e-07,0.02815022391963134,0.02815022391963134,0.02531116753816605,False,True,16000,True,0.00011163403542013839,True,0.0026063090190291405,cpu,patch_nearest_normal,last2,14,0.05,False,,,9.673668682808056e-05,0.00011476924591981,True,True
2026-08-15 15:50:36,bottle,monitor,C:/cira_batch_test/bottle/good_17.png,good_17.png,normal,False,0.0006360232946462929,2.8610230629055877e-07,0.02815022391963134,0.02815022391963134,0.02531116753816605,False,True,16000,True,0.00011482215631986037,True,0.00260896235704422,cpu,patch_nearest_normal,last2,14,0.05,False,,,9.994503488996997e-05,0.00011476924591981,True,True
2026-08-15 15:50:38,bottle,monitor,C:/cira_batch_test/bottle/bad_5.png,bad_5.png,anomaly,True,0.30245718359947205,0.30245718359947205,0.02815022391963134,0.02815022391963134,0.02531116753816605,False,False,16000,False,,False,0.0,cpu,patch_nearest_normal,last2,14,0.05,False,,,0.00013687227328773588,0.00011476924591981,False,False
2026-08-15 15:50:39,bottle,monitor,C:/cira_batch_test/bottle/bad_6.png,bad_6.png,anomaly,True,0.2233220636844635,0.2233220636844635,0.02815022391963134,0.02815022391963134,0.02531116753816605,False,False,16000,False,,False,0.0,cpu,patch_nearest_normal,last2,14,0.05,False,,,0.00011845854896819219,0.00011476924591981,False,False
2026-08-15 15:50:41,bottle,monitor,C:/cira_batch_test/bottle/bad_7.png,bad_7.png,anomaly,True,0.32001233100891113,0.32001233100891113,0.02815022391963134,0.02815022391963134,0.02531116753816605,False,False,16000,False,,False,0.0,cpu,patch_nearest_normal,last2,14,0.05,False,,,0.00011203475878573954,0.00011476924591981,False,True
2026-08-15 15:50:42,bottle,monitor,C:/cira_batch_test/bottle/bad_9.png,bad_9.png,anomaly,True,0.31601905822753906,0.31601905822753906,0.02815022391963134,0.02815022391963134,0.02531116753816605,False,False,16000,False,,False,0.0,cpu,patch_nearest_normal,last2,14,0.05,False,,,0.00014183548046275973,0.00011476924591981,False,False
2026-08-15 15:50:44,bottle,monitor,C:/cira_batch_test/bottle/bad_4.png,bad_4.png,anomaly,True,0.20119714736938477,0.20119714736938477,0.02815022391963134,0.02815022391963134,0.02531116753816605,False,False,16000,False,,False,0.0,cpu,patch_nearest_normal,last2,14,0.05,False,,,0.00011319265468046069,0.00011476924591981,False,True
2026-08-15 15:50:45,bottle,monitor,C:/cira_batch_test/bottle/bad_2.png,bad_2.png,anomaly,True,0.08447428792715073,0.08447428792715073,0.02815022391963134,0.02815022391963134,0.02531116753816605,False,False,16000,False,,False,0.0,cpu,patch_nearest_normal,last2,14,0.05,False,,,0.00010378282604506239,0.00011476924591981,False,True
2026-08-15 15:50:47,cable,monitor,C:/cira_batch_test/cable/good_1.png,good_1.png,normal,False,0.08062129467725754,3.457069510659494e-07,0.09852251798848576,0.09852251798848576,0.08661089912056923,False,True,16000,True,0.0001750796800479293,True,0.002487210324034095,cpu,patch_nearest_normal,last2,14,0.05,False,,,0.00015633534349035472,0.00019554235113892002,True,True
2026-08-15 15:50:49,cable,monitor,C:/cira_batch_test/cable/good_7.png,good_7.png,normal,False,0.00018184780492447317,2.8610230629055877e-07,0.09852251798848576,0.09852251798848576,0.08661089912056923,False,True,16000,True,0.00018592341803014278,True,0.0024848314933478832,cpu,patch_nearest_normal,last2,14,0.05,False,,,0.00015824491856619716,0.00019554235113892002,True,True
2026-08-15 15:50:50,cable,monitor,C:/cira_batch_test/cable/good_9.png,good_9.png,normal,False,0.087772436439991,0.087772436439991,0.09852251798848576,0.09852251798848576,0.08661089912056923,False,False,16000,False,,False,0.0,cpu,patch_nearest_normal,last2,14,0.05,False,,,0.000171468491316773,0.00019554235113892002,False,True
2026-08-15 15:50:52,cable,monitor,C:/cira_batch_test/cable/bad_8.png,bad_8.png,anomaly,True,0.12625253200531006,0.12625253200531006,0.09852251798848576,0.09852251798848576,0.08661089912056923,False,False,16000,False,,False,0.0,cpu,patch_nearest_normal,last2,14,0.05,False,,,0.00017540404223836958,0.00019554235113892002,False,True
2026-08-15 15:50:54,cable,monitor,C:/cira_batch_test/cable/bad_1.png,bad_1.png,anomaly,True,0.2540787160396576,0.2540787160396576,0.09852251798848576,0.09852251798848576,0.08661089912056923,False,False,16000,False,,False,0.0,cpu,patch_nearest_normal,last2,14,0.05,False,,,0.00015787739539518952,0.00019554235113892002,False,True
2026-08-15 15:50:55,cable,monitor,C:/cira_batch_test/cable/bad_14.png,bad_14.png,anomaly,True,0.10131990909576416,0.10131990909576416,0.09852251798848576,0.09852251798848576,0.08661089912056923,False,False,16000,False,,False,0.0,cpu,patch_nearest_normal,last2,14,0.05,False,,,0.00018779782112687826,0.00019554235113892002,False,True
2026-08-15 15:50:57,cable,monitor,C:/cira_batch_test/cable/bad_15.png,bad_15.png,anomaly,True,0.2184285670518875,0.2184285670518875,0.09852251798848576,0.09852251798848576,0.08661089912056923,False,False,16000,False,,False,0.0,cpu,patch_nearest_normal,last2,14,0.05,False,,,0.00017484543786849827,0.00019554235113892002,False,True
2026-08-15 15:50:58,cable,monitor,C:/cira_batch_test/cable/good_19.png,good_19.png,normal,False,0.00017868875875137746,2.5629998390286346e-07,0.09852251798848576,0.09852251798848576,0.08661089912056923,False,True,16000,True,0.00016619234520476311,True,0.0024734551552683115,cpu,patch_nearest_normal,last2,14,0.05,False,,,0.00015010956849437207,0.00019554235113892002,True,True
2026-08-15 15:51:01,cable,monitor,C:/cira_batch_test/cable/bad_3.png,bad_3.png,anomaly,True,0.15670517086982727,0.15670517086982727,0.09852251798848576,0.09852251798848576,0.08661089912056923,False,False,16000,False,,False,0.0,cpu,patch_nearest_normal,last2,14,0.05,False,,,0.0001845431252149865,0.00019554235113892002,False,True
2026-08-15 15:51:03,cable,monitor,C:/cira_batch_test/cable/good_5.png,good_5.png,normal,False,0.08671291172504425,0.08671291172504425,0.09852251798848576,0.09852251798848576,0.08661089912056923,False,False,16000,False,,False,0.0,cpu,patch_nearest_normal,last2,14,0.05,False,,,0.00016768644854892045,0.00019554235113892002,False,True
2026-08-15 15:51:05,cable,monitor,C:/cira_batch_test/cable/good_16.png,good_16.png,normal,False,0.00017671585374046117,3.2186508747145126e-07,0.09852251798848576,0.09852251798848576,0.08661089912056923,False,True,16000,True,0.0001691907091299072,True,0.0024666066747158766,cpu,patch_nearest_normal,last2,14,0.05,False,,,0.00016502925427630544,0.00019554235113892002,True,True
2026-08-15 15:51:06,cable,monitor,C:/cira_batch_test/cable/good_14.png,good_14.png,normal,False,0.09568080306053162,0.09568080306053162,0.09852251798848576,0.09852251798848576,0.08661089912056923,False,False,16000,False,,False,0.0,cpu,patch_nearest_normal,last2,14,0.05,False,,,0.00017216619744431227,0.00019554235113892002,False,True
2026-08-15 15:51:08,cable,monitor,C:/cira_batch_test/cable/good_2.png,good_2.png,normal,False,0.0859266072511673,3.099441414633475e-07,0.09852251798848576,0.09852251798848576,0.08661089912056923,False,True,16000,True,0.00018193009600508958,True,0.0024665524251759052,cpu,patch_nearest_normal,last2,14,0.05,False,,,0.00016417268489021808,0.00019554235113892002,True,True
2026-08-15 15:51:09,cable,monitor,C:/cira_batch_test/cable/bad_13.png,bad_13.png,anomaly,True,0.11111088842153549,0.11111088842153549,0.09852251798848576,0.09852251798848576,0.08661089912056923,False,False,16000,False,,False,0.0,cpu,patch_nearest_normal,last2,14,0.05,False,,,0.0001623658899916336,0.00019554235113892002,False,True
2026-08-15 15:51:11,cable,monitor,C:/cira_batch_test/cable/good_10.png,good_10.png,normal,False,0.000212872022530064,2.74181360282455e-07,0.09852251798848576,0.09852251798848576,0.08661089912056923,False,True,16000,True,0.0001675052335485816,True,0.0024476300459355116,cpu,patch_nearest_normal,last2,14,0.05,False,,,0.00016226450679823756,0.00019554235113892002,True,True
2026-08-15 15:51:13,cable,monitor,C:/cira_batch_test/cable/bad_19.png,bad_19.png,normal,False,0.09302638471126556,0.09302638471126556,0.09852251798848576,0.09852251798848576,0.08661089912056923,False,False,16000,False,,False,0.0,cpu,patch_nearest_normal,last2,14,0.05,False,,,0.00015777251974213868,0.00019554235113892002,False,True
2026-08-15 15:51:14,cable,monitor,C:/cira_batch_test/cable/good_4.png,good_4.png,normal,False,0.0002099990815622732,3.039836826701503e-07,0.09852251798848576,0.09852251798848576,0.08661089912056923,False,True,16000,True,0.00017747326637618244,True,0.002447686390951276,cpu,patch_nearest_normal,last2,14,0.05,False,,,0.0001749299408402294,0.00019554235113892002,True,True
2026-08-15 15:51:16,cable,monitor,C:/cira_batch_test/cable/bad_12.png,bad_12.png,anomaly,True,0.10253667831420898,0.10253667831420898,0.09852251798848576,0.09852251798848576,0.08661089912056923,False,False,16000,False,,False,0.0,cpu,patch_nearest_normal,last2,14,0.05,False,,,0.00014446220302488655,0.00019554235113892002,False,True
2026-08-15 15:51:18,cable,monitor,C:/cira_batch_test/cable/good_18.png,good_18.png,normal,False,0.00020901560492347926,2.74181360282455e-07,0.09852251798848576,0.09852251798848576,0.08661089912056923,False,True,16000,True,0.00017006784037221223,True,0.002445508725941181,cpu,patch_nearest_normal,last2,14,0.05,False,,,0.0001677416148595512,0.00019554235113892002,True,True
2026-08-15 15:51:19,cable,monitor,C:/cira_batch_test/cable/bad_16.png,bad_16.png,anomaly,True,0.26881006360054016,0.26881006360054016,0.09852251798848576,0.09852251798848576,0.08661089912056923,False,False,16000,False,,False,0.0,cpu,patch_nearest_normal,last2,14,0.05,False,,,0.00016156738274730742,0.00019554235113892002,False,True
2026-08-15 15:51:21,cable,monitor,C:/cira_batch_test/cable/good_6.png,good_6.png,anomaly,True,0.1049257144331932,0.1049257144331932,0.09852251798848576,0.09852251798848576,0.08661089912056923,False,False,16000,False,,False,0.0,cpu,patch_nearest_normal,last2,14,0.05,False,,,0.00016417769074905664,0.00019554235113892002,False,True
2026-08-15 15:51:22,cable,monitor,C:/cira_batch_test/cable/good_13.png,good_13.png,normal,False,0.07448270171880722,3.2186508747145126e-07,0.09852251798848576,0.09852251798848576,0.08661089912056923,False,True,16000,True,0.00018811349582392722,True,0.0024411201011389494,cpu,patch_nearest_normal,last2,14,0.05,False,,,0.0001765306224115193,0.00019554235113892002,True,True
2026-08-15 15:51:24,cable,monitor,C:/cira_batch_test/cable/good_15.png,good_15.png,normal,False,0.00024773477343842387,3.159046286782541e-07,0.09852251798848576,0.09852251798848576,0.08661089912056923,False,True,16000,True,0.00017401074001099914,True,0.0024438146501779556,cpu,patch_nearest_normal,last2,14,0.05,True,C:\cira_ttl_checkpoints\cable\patch_memory_bank_update_20.pt,C:\cira_ttl_checkpoints\cable\patch_adapter_update_20.pt,0.00016437270096503198,0.00019554235113892002,True,True
2026-08-15 15:51:26,cable,monitor,C:/cira_batch_test/cable/good_20.png,good_20.png,normal,False,0.08810335397720337,0.08810335397720337,0.09852251798848576,0.09852251798848576,0.08661089912056923,False,False,16000,False,,False,0.0,cpu,patch_nearest_normal,last2,14,0.05,False,,,0.00016029429389163852,0.00019554235113892002,False,True
2026-08-15 15:51:27,cable,monitor,C:/cira_batch_test/cable/bad_17.png,bad_17.png,anomaly,True,0.14783699810504913,0.14783699810504913,0.09852251798848576,0.09852251798848576,0.08661089912056923,False,False,16000,False,,False,0.0,cpu,patch_nearest_normal,last2,14,0.05,False,,,0.00017602628213353455,0.00019554235113892002,False,True
2026-08-15 15:51:29,cable,monitor,C:/cira_batch_test/cable/good_11.png,good_11.png,normal,False,0.0002459108945913613,3.5762786865234375e-07,0.09852251798848576,0.09852251798848576,0.08661089912056923,False,True,16000,True,0.00018105398339685053,True,0.0024328106082975864,cpu,patch_nearest_normal,last2,14,0.05,False,,,0.00018148227536585182,0.00019554235113892002,True,True
2026-08-15 15:51:30,cable,monitor,C:/cira_batch_test/cable/bad_20.png,bad_20.png,anomaly,True,0.1978515088558197,0.1978515088558197,0.09852251798848576,0.09852251798848576,0.08661089912056923,False,False,16000,False,,False,0.0,cpu,patch_nearest_normal,last2,14,0.05,False,,,0.0001731699740048498,0.00019554235113892002,False,True
2026-08-15 15:51:32,cable,monitor,C:/cira_batch_test/cable/good_8.png,good_8.png,normal,False,0.09730961173772812,0.09730961173772812,0.09852251798848576,0.09852251798848576,0.08661089912056923,False,False,16000,False,,False,0.0,cpu,patch_nearest_normal,last2,14,0.05,False,,,0.00017387527623213828,0.00019554235113892002,False,True
2026-08-15 15:51:33,cable,monitor,C:/cira_batch_test/cable/bad_10.png,bad_10.png,anomaly,True,0.10482342541217804,0.10482342541217804,0.09852251798848576,0.09852251798848576,0.08661089912056923,False,False,16000,False,,False,0.0,cpu,patch_nearest_normal,last2,14,0.05,False,,,0.00017423203098587692,0.00019554235113892002,False,True
2026-08-15 15:51:35,cable,monitor,C:/cira_batch_test/cable/good_3.png,good_3.png,anomaly,True,0.11439494043588638,0.11439494043588638,0.09852251798848576,0.09852251798848576,0.08661089912056923,False,False,16000,False,,False,0.0,cpu,patch_nearest_normal,last2,14,0.05,False,,,0.0001714959944365546,0.00019554235113892002,False,True
2026-08-15 15:51:36,cable,monitor,C:/cira_batch_test/cable/bad_11.png,bad_11.png,anomaly,True,0.19344711303710938,0.19344711303710938,0.09852251798848576,0.09852251798848576,0.08661089912056923,False,False,16000,False,,False,0.0,cpu,patch_nearest_normal,last2,14,0.05,False,,,0.00016709428746253252,0.00019554235113892002,False,True
2026-08-15 15:51:38,cable,monitor,C:/cira_batch_test/cable/bad_18.png,bad_18.png,anomaly,True,0.24354276061058044,0.24354276061058044,0.09852251798848576,0.09852251798848576,0.08661089912056923,False,False,16000,False,,False,0.0,cpu,patch_nearest_normal,last2,14,0.05,False,,,0.000154516936163418,0.00019554235113892002,False,True
2026-08-15 15:51:40,cable,monitor,C:/cira_batch_test/cable/good_12.png,good_12.png,normal,False,0.0002454578934703022,2.9206276508375595e-07,0.09852251798848576,0.09852251798848576,0.08661089912056923,False,True,16000,True,0.00016682258865330368,True,0.0024384416174143553,cpu,patch_nearest_normal,last2,14,0.05,False,,,0.00016039639012888074,0.00019554235113892002,True,True
2026-08-15 15:51:41,cable,monitor,C:/cira_batch_test/cable/good_17.png,good_17.png,normal,False,0.0002452433109283447,1.9073486612342094e-07,0.09852251798848576,0.09852251798848576,0.08661089912056923,False,True,16000,True,0.00016187482106033713,True,0.0024336492642760277,cpu,patch_nearest_normal,last2,14,0.05,False,,,0.0001687738549662754,0.00019554235113892002,True,True
2026-08-15 15:51:43,cable,monitor,C:/cira_batch_test/cable/bad_5.png,bad_5.png,anomaly,True,0.1358143389225006,0.1358143389225006,0.09852251798848576,0.09852251798848576,0.08661089912056923,False,False,16000,False,,False,0.0,cpu,patch_nearest_normal,last2,14,0.05,False,,,0.00017560954438522458,0.00019554235113892002,False,True
2026-08-15 15:51:45,cable,monitor,C:/cira_batch_test/cable/bad_6.png,bad_6.png,anomaly,True,0.24048614501953125,0.24048614501953125,0.09852251798848576,0.09852251798848576,0.08661089912056923,False,False,16000,False,,False,0.0,cpu,patch_nearest_normal,last2,14,0.05,False,,,0.00016938625776674598,0.00019554235113892002,False,True
2026-08-15 15:51:46,cable,monitor,C:/cira_batch_test/cable/bad_7.png,bad_7.png,anomaly,True,0.13048267364501953,0.13048267364501953,0.09852251798848576,0.09852251798848576,0.08661089912056923,False,False,16000,False,,False,0.0,cpu,patch_nearest_normal,last2,14,0.05,False,,,0.00016172743926290423,0.00019554235113892002,False,True
2026-08-15 15:51:48,cable,monitor,C:/cira_batch_test/cable/bad_9.png,bad_9.png,anomaly,True,0.15714779496192932,0.15714779496192932,0.09852251798848576,0.09852251798848576,0.08661089912056923,False,False,16000,False,,False,0.0,cpu,patch_nearest_normal,last2,14,0.05,False,,,0.00017305724031757563,0.00019554235113892002,False,True
2026-08-15 15:51:49,cable,monitor,C:/cira_batch_test/cable/bad_4.png,bad_4.png,anomaly,True,0.37511759996414185,0.37511759996414185,0.09852251798848576,0.09852251798848576,0.08661089912056923,False,False,16000,False,,False,0.0,cpu,patch_nearest_normal,last2,14,0.05,False,,,0.00017833232413977385,0.00019554235113892002,False,True
2026-08-15 15:51:51,cable,monitor,C:/cira_batch_test/cable/bad_2.png,bad_2.png,anomaly,True,0.29289510846138,0.29289510846138,0.09852251798848576,0.09852251798848576,0.08661089912056923,False,False,16000,False,,False,0.0,cpu,patch_nearest_normal,last2,14,0.05,False,,,0.00017352202848996967,0.00019554235113892002,False,True
2026-08-15 15:51:52,capsule,monitor,C:/cira_batch_test/capsule/good_1.png,good_1.png,normal,False,0.027074038982391357,0.027074038982391357,0.04299485732503146,0.04299485732503146,0.031231427378952504,False,False,16000,False,,False,0.0,cpu,patch_nearest_normal,last2,14,0.05,False,,,0.0001110191224142909,0.0001107694308302,True,False
2026-08-15 15:51:54,capsule,monitor,C:/cira_batch_test/capsule/good_7.png,good_7.png,anomaly,True,0.06589682400226593,0.06589682400226593,0.04299485732503146,0.04299485732503146,0.031231427378952504,False,False,16000,False,,False,0.0,cpu,patch_nearest_normal,last2,14,0.05,False,,,9.501114254817367e-05,0.0001107694308302,False,True
2026-08-15 15:51:55,capsule,monitor,C:/cira_batch_test/capsule/good_9.png,good_9.png,normal,False,0.0002859830856323242,2.8610230629055877e-07,0.04299485732503146,0.04299485732503146,0.031231427378952504,False,True,16000,True,9.999611211242154e-05,True,0.0025882436893880367,cpu,patch_nearest_normal,last2,14,0.05,False,,,0.00010855482832994312,0.0001107694308302,True,True
2026-08-15 15:51:57,capsule,monitor,C:/cira_batch_test/capsule/bad_8.png,bad_8.png,anomaly,True,0.12342275679111481,0.12342275679111481,0.04299485732503146,0.04299485732503146,0.031231427378952504,False,False,16000,False,,False,0.0,cpu,patch_nearest_normal,last2,14,0.05,False,,,8.46582479425706e-05,0.0001107694308302,False,True
2026-08-15 15:51:59,capsule,monitor,C:/cira_batch_test/capsule/bad_1.png,bad_1.png,anomaly,True,0.17124028503894806,0.17124028503894806,0.04299485732503146,0.04299485732503146,0.031231427378952504,False,False,16000,False,,False,0.0,cpu,patch_nearest_normal,last2,14,0.05,False,,,0.00010921283683273941,0.0001107694308302,False,True
2026-08-15 15:52:00,capsule,monitor,C:/cira_batch_test/capsule/bad_14.png,bad_14.png,normal,False,0.035288017243146896,0.035288017243146896,0.04299485732503146,0.04299485732503146,0.031231427378952504,False,False,16000,False,,False,0.0,cpu,patch_nearest_normal,last2,14,0.05,False,,,9.980913455365226e-05,0.0001107694308302,False,True
2026-08-15 15:52:02,capsule,monitor,C:/cira_batch_test/capsule/bad_15.png,bad_15.png,anomaly,True,0.07924525439739227,0.07924525439739227,0.04299485732503146,0.04299485732503146,0.031231427378952504,False,False,16000,False,,False,0.0,cpu,patch_nearest_normal,last2,14,0.05,False,,,0.00010679109254851937,0.0001107694308302,False,True
2026-08-15 15:52:03,capsule,monitor,C:/cira_batch_test/capsule/good_19.png,good_19.png,normal,False,0.00028287171153351665,3.516674098591466e-07,0.04299485732503146,0.04299485732503146,0.031231427378952504,False,True,16000,True,0.0001010858322842978,True,0.0025724265724420547,cpu,patch_nearest_normal,last2,14,0.05,False,,,9.44745188462548e-05,0.0001107694308302,True,True
2026-08-15 15:52:05,capsule,monitor,C:/cira_batch_test/capsule/bad_3.png,bad_3.png,anomaly,True,0.09371887147426605,0.09371887147426605,0.04299485732503146,0.04299485732503146,0.031231427378952504,False,False,16000,False,,False,0.0,cpu,patch_nearest_normal,last2,14,0.05,False,,,0.00010393239062977955,0.0001107694308302,False,True
2026-08-15 15:52:07,capsule,monitor,C:/cira_batch_test/capsule/good_5.png,good_5.png,normal,False,0.00028104783268645406,2.6226044269606064e-07,0.04299485732503146,0.04299485732503146,0.031231427378952504,False,True,16000,True,9.668297570897266e-05,True,0.00255697057582438,cpu,patch_nearest_normal,last2,14,0.05,False,,,9.59482931648381e-05,0.0001107694308302,True,True
2026-08-15 15:52:08,capsule,monitor,C:/cira_batch_test/capsule/good_16.png,good_16.png,normal,False,0.00027904511080123484,3.337860050578456e-07,0.04299485732503146,0.04299485732503146,0.031231427378952504,False,True,16000,True,0.00010148347064387053,True,0.002550740959122777,cpu,patch_nearest_normal,last2,14,0.05,False,,,0.00010415727592771873,0.0001107694308302,True,True
2026-08-15 15:52:10,capsule,monitor,C:/cira_batch_test/capsule/good_14.png,good_14.png,normal,False,0.0002775370958261192,2.980232238769531e-07,0.04299485732503146,0.04299485732503146,0.031231427378952504,False,True,16000,True,0.00010953548189718276,True,0.002558089094236493,cpu,patch_nearest_normal,last2,14,0.05,False,,,0.0001039978233166039,0.0001107694308302,True,True
2026-08-15 15:52:12,capsule,monitor,C:/cira_batch_test/capsule/good_2.png,good_2.png,normal,False,0.00027599334134720266,2.5033949668795685e-07,0.04299485732503146,0.04299485732503146,0.031231427378952504,False,True,16000,True,0.00010723077866714448,True,0.0025533714797347784,cpu,patch_nearest_normal,last2,14,0.05,False,,,0.00010419423779239878,0.0001107694308302,True,True
2026-08-15 15:52:13,capsule,monitor,C:/cira_batch_test/capsule/bad_13.png,bad_13.png,normal,False,0.04244915768504143,0.04244915768504143,0.04299485732503146,0.04299485732503146,0.031231427378952504,False,False,16000,False,,False,0.0,cpu,patch_nearest_normal,last2,14,0.05,False,,,9.59084791247733e-05,0.0001107694308302,False,True
2026-08-15 15:52:15,capsule,monitor,C:/cira_batch_test/capsule/good_10.png,good_10.png,normal,False,0.0002749085542745888,2.74181360282455e-07,0.04299485732503146,0.04299485732503146,0.031231427378952504,False,True,16000,True,9.25066415220499e-05,True,0.0025437381118535995,cpu,patch_nearest_normal,last2,14,0.05,True,C:\cira_ttl_checkpoints\capsule\patch_memory_bank_update_20.pt,C:\cira_ttl_checkpoints\capsule\patch_adapter_update_20.pt,9.628252155380324e-05,0.0001107694308302,True,True
2026-08-15 15:52:17,capsule,monitor,C:/cira_batch_test/capsule/bad_19.png,bad_19.png,anomaly,True,0.11053955554962158,0.11053955554962158,0.04299485732503146,0.04299485732503146,0.031231427378952504,False,False,16000,False,,False,0.0,cpu,patch_nearest_normal,last2,14,0.05,False,,,0.00010281965660396963,0.0001107694308302,False,True
2026-08-15 15:52:18,capsule,monitor,C:/cira_batch_test/capsule/good_4.png,good_4.png,normal,False,0.0002728760300669819,2.8610230629055877e-07,0.04299485732503146,0.04299485732503146,0.031231427378952504,False,True,16000,True,0.00011012385948561132,True,0.0025499004404991865,cpu,patch_nearest_normal,last2,14,0.05,False,,,0.00010615589417284355,0.0001107694308302,True,True
2026-08-15 15:52:20,capsule,monitor,C:/cira_batch_test/capsule/bad_12.png,bad_12.png,anomaly,True,0.044379912316799164,0.044379912316799164,0.04299485732503146,0.04299485732503146,0.031231427378952504,False,False,16000,False,,False,0.0,cpu,patch_nearest_normal,last2,14,0.05,False,,,0.00010803913755808026,0.0001107694308302,False,True
2026-08-15 15:52:22,capsule,monitor,C:/cira_batch_test/capsule/good_18.png,good_18.png,normal,False,0.00027148128720000386,2.74181360282455e-07,0.04299485732503146,0.04299485732503146,0.031231427378952504,False,True,16000,True,9.72037814790383e-05,True,0.002543926239013672,cpu,patch_nearest_normal,last2,14,0.05,False,,,0.00010469941480550915,0.0001107694308302,True,True
2026-08-15 15:52:23,capsule,monitor,C:/cira_batch_test/capsule/bad_16.png,bad_16.png,anomaly,True,0.07175067067146301,0.07175067067146301,0.04299485732503146,0.04299485732503146,0.031231427378952504,False,False,16000,False,,False,0.0,cpu,patch_nearest_normal,last2,14,0.05,False,,,9.183507063426077e-05,0.0001107694308302,False,True
2026-08-15 15:52:25,capsule,monitor,C:/cira_batch_test/capsule/good_6.png,good_6.png,normal,False,0.00027004480944015086,2.443790378947597e-07,0.04299485732503146,0.04299485732503146,0.031231427378952504,False,True,16000,True,9.930323722073808e-05,True,0.002550568664446473,cpu,patch_nearest_normal,last2,14,0.05,False,,,9.465456969337538e-05,0.0001107694308302,True,True
2026-08-15 15:52:27,capsule,monitor,C:/cira_batch_test/capsule/good_13.png,good_13.png,normal,False,0.00026860833168029785,3.159046286782541e-07,0.04299485732503146,0.04299485732503146,0.031231427378952504,False,True,16000,True,0.00010094136814586818,True,0.0025467814411967993,cpu,patch_nearest_normal,last2,14,0.05,False,,,0.0001022356518660672,0.0001107694308302,True,True
2026-08-15 15:52:28,capsule,monitor,C:/cira_batch_test/capsule/good_15.png,good_15.png,normal,False,0.028077900409698486,0.028077900409698486,0.04299485732503146,0.04299485732503146,0.031231427378952504,False,False,16000,False,,False,0.0,cpu,patch_nearest_normal,last2,14,0.05,False,,,0.00011276260192971677,0.0001107694308302,True,False
2026-08-15 15:52:30,capsule,monitor,C:/cira_batch_test/capsule/good_20.png,good_20.png,normal,False,0.02804279327392578,2.5033949668795685e-07,0.04299485732503146,0.04299485732503146,0.031231427378952504,False,True,16000,True,9.788270108401775e-05,True,0.002529630670323968,cpu,patch_nearest_normal,last2,14,0.05,False,,,9.888910426525399e-05,0.0001107694308302,True,True
2026-08-15 15:52:31,capsule,monitor,C:/cira_batch_test/capsule/bad_17.png,bad_17.png,anomaly,True,0.05226566642522812,0.05226566642522812,0.04299485732503146,0.04299485732503146,0.031231427378952504,False,False,16000,False,,False,0.0,cpu,patch_nearest_normal,last2,14,0.05,False,,,0.0001032951840898022,0.0001107694308302,False,True
2026-08-15 15:52:33,capsule,monitor,C:/cira_batch_test/capsule/good_11.png,good_11.png,normal,False,0.00031285881414078176,3.457069510659494e-07,0.04299485732503146,0.04299485732503146,0.031231427378952504,False,True,16000,True,9.877136471914127e-05,True,0.00252598081715405,cpu,patch_nearest_normal,last2,14,0.05,False,,,9.376876550959423e-05,0.0001107694308302,True,True
2026-08-15 15:52:35,capsule,monitor,C:/cira_batch_test/capsule/bad_20.png,bad_20.png,anomaly,True,0.04977428913116455,0.04977428913116455,0.04299485732503146,0.04299485732503146,0.031231427378952504,False,False,16000,False,,False,0.0,cpu,patch_nearest_normal,last2,14,0.05,False,,,0.00010046164970844984,0.0001107694308302,False,True
2026-08-15 15:52:36,capsule,monitor,C:/cira_batch_test/capsule/good_8.png,good_8.png,normal,False,0.0003119528410024941,2.443790378947597e-07,0.04299485732503146,0.04299485732503146,0.031231427378952504,False,True,16000,True,9.491480159340426e-05,True,0.002525140531361103,cpu,patch_nearest_normal,last2,14,0.05,False,,,8.896952931536362e-05,0.0001107694308302,True,True
2026-08-15 15:52:38,capsule,monitor,C:/cira_batch_test/capsule/bad_10.png,bad_10.png,anomaly,True,0.07193593680858612,0.07193593680858612,0.04299485732503146,0.04299485732503146,0.031231427378952504,False,False,16000,False,,False,0.0,cpu,patch_nearest_normal,last2,14,0.05,False,,,0.00010494207526789978,0.0001107694308302,False,True
2026-08-15 15:52:39,capsule,monitor,C:/cira_batch_test/capsule/good_3.png,good_3.png,anomaly,True,0.04420730471611023,0.04420730471611023,0.04299485732503146,0.04299485732503146,0.031231427378952504,False,False,16000,False,,False,0.0,cpu,patch_nearest_normal,last2,14,0.05,False,,,9.457679698243737e-05,0.0001107694308302,False,True
2026-08-15 15:52:41,capsule,monitor,C:/cira_batch_test/capsule/bad_11.png,bad_11.png,anomaly,True,0.043530531227588654,0.043530531227588654,0.04299485732503146,0.04299485732503146,0.031231427378952504,False,False,16000,False,,False,0.0,cpu,patch_nearest_normal,last2,14,0.05,False,,,9.743496775627136e-05,0.0001107694308302,False,True
2026-08-15 15:52:42,capsule,monitor,C:/cira_batch_test/capsule/bad_18.png,bad_18.png,anomaly,True,0.057446084916591644,0.057446084916591644,0.04299485732503146,0.04299485732503146,0.031231427378952504,False,False,16000,False,,False,0.0,cpu,patch_nearest_normal,last2,14,0.05,False,,,0.00010591217142064124,0.0001107694308302,False,True
2026-08-15 15:52:44,capsule,monitor,C:/cira_batch_test/capsule/good_12.png,good_12.png,normal,False,0.038157910108566284,0.038157910108566284,0.04299485732503146,0.04299485732503146,0.031231427378952504,False,False,16000,False,,False,0.0,cpu,patch_nearest_normal,last2,14,0.05,False,,,0.00011263763008173555,0.0001107694308302,False,False
2026-08-15 15:52:45,capsule,monitor,C:/cira_batch_test/capsule/good_17.png,good_17.png,normal,False,0.01843550242483616,0.01843550242483616,0.04299485732503146,0.04299485732503146,0.031231427378952504,False,False,16000,False,,False,0.0,cpu,patch_nearest_normal,last2,14,0.05,False,,,0.00011390227155061439,0.0001107694308302,True,False
2026-08-15 15:52:47,capsule,monitor,C:/cira_batch_test/capsule/bad_5.png,bad_5.png,anomaly,True,0.04395214468240738,0.04395214468240738,0.04299485732503146,0.04299485732503146,0.031231427378952504,False,False,16000,False,,False,0.0,cpu,patch_nearest_normal,last2,14,0.05,False,,,9.562542982166633e-05,0.0001107694308302,False,True
2026-08-15 15:52:49,capsule,monitor,C:/cira_batch_test/capsule/bad_6.png,bad_6.png,anomaly,True,0.12394358962774277,0.12394358962774277,0.04299485732503146,0.04299485732503146,0.031231427378952504,False,False,16000,False,,False,0.0,cpu,patch_nearest_normal,last2,14,0.05,False,,,9.729315934237093e-05,0.0001107694308302,False,True
2026-08-15 15:52:50,capsule,monitor,C:/cira_batch_test/capsule/bad_7.png,bad_7.png,anomaly,True,0.08230925351381302,0.08230925351381302,0.04299485732503146,0.04299485732503146,0.031231427378952504,False,False,16000,False,,False,0.0,cpu,patch_nearest_normal,last2,14,0.05,False,,,9.415781823918223e-05,0.0001107694308302,False,True
2026-08-15 15:52:52,capsule,monitor,C:/cira_batch_test/capsule/bad_9.png,bad_9.png,anomaly,True,0.17438267171382904,0.17438267171382904,0.04299485732503146,0.04299485732503146,0.031231427378952504,False,False,16000,False,,False,0.0,cpu,patch_nearest_normal,last2,14,0.05,False,,,0.00010266321623930708,0.0001107694308302,False,True
2026-08-15 15:52:53,capsule,monitor,C:/cira_batch_test/capsule/bad_4.png,bad_4.png,normal,False,0.03734275698661804,0.03734275698661804,0.04299485732503146,0.04299485732503146,0.031231427378952504,False,False,16000,False,,False,0.0,cpu,patch_nearest_normal,last2,14,0.05,False,,,0.00011033592454623431,0.0001107694308302,False,True
2026-08-15 15:52:55,capsule,monitor,C:/cira_batch_test/capsule/bad_2.png,bad_2.png,anomaly,True,0.26113206148147583,0.26113206148147583,0.04299485732503146,0.04299485732503146,0.031231427378952504,False,False,16000,False,,False,0.0,cpu,patch_nearest_normal,last2,14,0.05,False,,,0.00010737077536759898,0.0001107694308302,False,True
2026-08-15 15:52:56,carpet,monitor,C:/cira_batch_test/carpet/good_1.png,good_1.png,normal,False,0.00019778609566856176,3.159046286782541e-07,0.0343417185988487,0.0343417185988487,0.03367696963250637,False,True,16000,True,4.636725134332664e-05,True,0.002512092934921384,cpu,patch_nearest_normal,last2,14,0.05,False,,,4.542346141533926e-05,6.111156617407686e-05,True,True
2026-08-15 15:52:58,carpet,monitor,C:/cira_batch_test/carpet/good_7.png,good_7.png,normal,False,0.03156353905797005,2.8014181907565217e-07,0.0343417185988487,0.0343417185988487,0.03367696963250637,False,True,16000,True,4.6965666115283966e-05,True,0.0025204599369317293,cpu,patch_nearest_normal,last2,14,0.05,False,,,4.0580118366051465e-05,6.111156617407686e-05,True,True
2026-08-15 15:53:00,carpet,monitor,C:/cira_batch_test/carpet/good_9.png,good_9.png,anomaly,True,0.041266798973083496,0.041266798973083496,0.0343417185988487,0.0343417185988487,0.03367696963250637,False,False,16000,False,,False,0.0,cpu,patch_nearest_normal,last2,14,0.05,False,,,3.3132728276541457e-05,6.111156617407686e-05,False,True
2026-08-15 15:53:01,carpet,monitor,C:/cira_batch_test/carpet/bad_8.png,bad_8.png,anomaly,True,0.28938302397727966,0.28938302397727966,0.0343417185988487,0.0343417185988487,0.03367696963250637,False,False,16000,False,,False,0.0,cpu,patch_nearest_normal,last2,14,0.05,False,,,5.988886914565228e-05,6.111156617407686e-05,False,True
2026-08-15 15:53:03,carpet,monitor,C:/cira_batch_test/carpet/bad_1.png,bad_1.png,anomaly,True,0.05788376182317734,0.05788376182317734,0.0343417185988487,0.0343417185988487,0.03367696963250637,False,False,16000,False,,False,0.0,cpu,patch_nearest_normal,last2,14,0.05,False,,,4.8116220568772405e-05,6.111156617407686e-05,False,True
2026-08-15 15:53:04,carpet,monitor,C:/cira_batch_test/carpet/bad_14.png,bad_14.png,anomaly,True,0.21726587414741516,0.21726587414741516,0.0343417185988487,0.0343417185988487,0.03367696963250637,False,False,16000,False,,False,0.0,cpu,patch_nearest_normal,last2,14,0.05,False,,,5.9697849792428315e-05,6.111156617407686e-05,False,True
2026-08-15 15:53:06,carpet,monitor,C:/cira_batch_test/carpet/bad_15.png,bad_15.png,anomaly,True,0.03514348343014717,0.03514348343014717,0.0343417185988487,0.0343417185988487,0.03367696963250637,False,False,16000,False,,False,0.0,cpu,patch_nearest_normal,last2,14,0.05,False,,,3.869926149491221e-05,6.111156617407686e-05,False,True
2026-08-15 15:53:08,carpet,monitor,C:/cira_batch_test/carpet/good_19.png,good_19.png,normal,False,0.031832002103328705,3.5762786865234375e-07,0.0343417185988487,0.0343417185988487,0.03367696963250637,False,True,16000,True,5.51489538338501e-05,True,0.0025410528760403395,cpu,patch_nearest_normal,last2,14,0.05,False,,,5.095943561173044e-05,6.111156617407686e-05,True,True
2026-08-15 15:53:09,carpet,monitor,C:/cira_batch_test/carpet/bad_3.png,bad_3.png,anomaly,True,0.35705575346946716,0.35705575346946716,0.0343417185988487,0.0343417185988487,0.03367696963250637,False,False,16000,False,,False,0.0,cpu,patch_nearest_normal,last2,14,0.05,False,,,5.0720009312499315e-05,6.111156617407686e-05,False,True
2026-08-15 15:53:11,carpet,monitor,C:/cira_batch_test/carpet/good_5.png,good_5.png,normal,False,0.030824298039078712,3.2186508747145126e-07,0.0343417185988487,0.0343417185988487,0.03367696963250637,False,True,16000,True,4.539304063655436e-05,True,0.0025478850584477186,cpu,patch_nearest_normal,last2,14,0.05,False,,,4.156019349466078e-05,6.111156617407686e-05,True,True
2026-08-15 15:53:13,carpet,monitor,C:/cira_batch_test/carpet/good_16.png,good_16.png,normal,False,0.029868602752685547,3.2782554626464844e-07,0.0343417185988487,0.0343417185988487,0.03367696963250637,False,True,16000,True,4.15954964410048e-05,True,0.0025348553899675608,cpu,patch_nearest_normal,last2,14,0.05,False,,,3.6913013900630176e-05,6.111156617407686e-05,True,True
2026-08-15 15:53:14,carpet,monitor,C:/cira_batch_test/carpet/good_14.png,good_14.png,normal,False,0.03377692028880119,0.03377692028880119,0.0343417185988487,0.0343417185988487,0.03367696963250637,False,False,16000,False,,False,0.0,cpu,patch_nearest_normal,last2,14,0.05,False,,,3.4093296562787145e-05,6.111156617407686e-05,False,True
2026-08-15 15:53:16,carpet,monitor,C:/cira_batch_test/carpet/good_2.png,good_2.png,normal,False,0.00038191676139831543,3.5762786865234375e-07,0.0343417185988487,0.0343417185988487,0.03367696963250637,False,True,16000,True,4.9301201215712354e-05,True,0.00253723980858922,cpu,patch_nearest_normal,last2,14,0.05,False,,,4.599451494868845e-05,6.111156617407686e-05,True,True
2026-08-15 15:53:18,carpet,monitor,C:/cira_batch_test/carpet/bad_13.png,bad_13.png,normal,False,0.030589694157242775,3.099441414633475e-07,0.0343417185988487,0.0343417185988487,0.03367696963250637,False,True,16000,True,5.736335151595995e-05,True,0.0025564648676663637,cpu,patch_nearest_normal,last2,14,0.05,False,,,4.6773289795964956e-05,6.111156617407686e-05,True,True
2026-08-15 15:53:20,carpet,monitor,C:/cira_batch_test/carpet/good_10.png,good_10.png,normal,False,0.02919812873005867,3.2782554626464844e-07,0.0343417185988487,0.0343417185988487,0.03367696963250637,False,True,16000,True,3.904325421899557e-05,True,0.002546370029449463,cpu,patch_nearest_normal,last2,14,0.05,False,,,3.589288826333359e-05,6.111156617407686e-05,True,True
2026-08-15 15:53:21,carpet,monitor,C:/cira_batch_test/carpet/bad_19.png,bad_19.png,anomaly,True,0.11052584648132324,0.11052584648132324,0.0343417185988487,0.0343417185988487,0.03367696963250637,False,False,16000,False,,False,0.0,cpu,patch_nearest_normal,last2,14,0.05,False,,,5.891167529625818e-05,6.111156617407686e-05,False,True
2026-08-15 15:53:23,carpet,monitor,C:/cira_batch_test/carpet/good_4.png,good_4.png,normal,False,0.000497239816468209,2.980232238769531e-07,0.0343417185988487,0.0343417185988487,0.03367696963250637,False,True,16000,True,3.653852400020696e-05,True,0.0025124135427176952,cpu,patch_nearest_normal,last2,14,0.05,True,C:\cira_ttl_checkpoints\carpet\patch_memory_bank_update_20.pt,C:\cira_ttl_checkpoints\carpet\patch_adapter_update_20.pt,3.7945934309391305e-05,6.111156617407686e-05,True,True
2026-08-15 15:53:25,carpet,monitor,C:/cira_batch_test/carpet/bad_12.png,bad_12.png,normal,False,0.0004955470794811845,2.9206276508375595e-07,0.0343417185988487,0.0343417185988487,0.03367696963250637,False,True,16000,True,4.18005911342334e-05,True,0.0025139874778687954,cpu,patch_nearest_normal,last2,14,0.05,False,,,4.138184885960072e-05,6.111156617407686e-05,True,True
2026-08-15 15:53:26,carpet,monitor,C:/cira_batch_test/carpet/good_18.png,good_18.png,normal,False,0.0004937768098898232,3.039836826701503e-07,0.0343417185988487,0.0343417185988487,0.03367696963250637,False,True,16000,True,5.0408460083417594e-05,True,0.0025154156610369682,cpu,patch_nearest_normal,last2,14,0.05,False,,,4.7487854317296296e-05,6.111156617407686e-05,True,True
2026-08-15 15:53:28,carpet,monitor,C:/cira_batch_test/carpet/bad_16.png,bad_16.png,anomaly,True,0.12604501843452454,0.12604501843452454,0.0343417185988487,0.0343417185988487,0.03367696963250637,False,False,16000,False,,False,0.0,cpu,patch_nearest_normal,last2,14,0.05,False,,,5.536861135624349e-05,6.111156617407686e-05,False,True
2026-08-15 15:53:30,carpet,monitor,C:/cira_batch_test/carpet/good_6.png,good_6.png,normal,False,0.0004921614890918136,3.5762786865234375e-07,0.0343417185988487,0.0343417185988487,0.03367696963250637,False,True,16000,True,3.8937821955187246e-05,True,0.002505708020180464,cpu,patch_nearest_normal,last2,14,0.05,False,,,3.7356123357312754e-05,6.111156617407686e-05,True,True
2026-08-15 15:53:32,carpet,monitor,C:/cira_batch_test/carpet/good_13.png,good_13.png,normal,False,0.0004918157937936485,3.039836826701503e-07,0.0343417185988487,0.0343417185988487,0.03367696963250637,False,True,16000,True,3.1266950827557594e-05,True,0.0024669687263667583,cpu,patch_nearest_normal,last2,14,0.05,False,,,3.277286305092275e-05,6.111156617407686e-05,True,True
2026-08-15 15:53:33,carpet,monitor,C:/cira_batch_test/carpet/good_15.png,good_15.png,normal,False,0.033152151852846146,2.5033949668795685e-07,0.0343417185988487,0.0343417185988487,0.03367696963250637,False,True,16000,True,4.343916225479916e-05,True,0.002474171807989478,cpu,patch_nearest_normal,last2,14,0.05,False,,,3.452802047831938e-05,6.111156617407686e-05,True,True
2026-08-15 15:53:35,carpet,monitor,C:/cira_batch_test/carpet/good_20.png,good_20.png,normal,False,0.03378082439303398,0.03378082439303398,0.0343417185988487,0.0343417185988487,0.03367696963250637,False,False,16000,False,,False,0.0,cpu,patch_nearest_normal,last2,14,0.05,False,,,4.9165537348017097e-05,6.111156617407686e-05,False,True
2026-08-15 15:53:37,carpet,monitor,C:/cira_batch_test/carpet/bad_17.png,bad_17.png,anomaly,True,0.05053440481424332,0.05053440481424332,0.0343417185988487,0.0343417185988487,0.03367696963250637,False,False,16000,False,,False,0.0,cpu,patch_nearest_normal,last2,14,0.05,False,,,4.9229121941607445e-05,6.111156617407686e-05,False,True
2026-08-15 15:53:39,carpet,monitor,C:/cira_batch_test/carpet/good_11.png,good_11.png,normal,False,0.030553698539733887,3.2782554626464844e-07,0.0343417185988487,0.0343417185988487,0.03367696963250637,False,True,16000,True,5.5134576541604474e-05,True,0.0024806626606732607,cpu,patch_nearest_normal,last2,14,0.05,False,,,5.0540005759103224e-05,6.111156617407686e-05,True,True
2026-08-15 15:53:40,carpet,monitor,C:/cira_batch_test/carpet/bad_20.png,bad_20.png,anomaly,True,0.138286754488945,0.138286754488945,0.0343417185988487,0.0343417185988487,0.03367696963250637,False,False,16000,False,,False,0.0,cpu,patch_nearest_normal,last2,14,0.05,False,,,4.782708128914237e-05,6.111156617407686e-05,False,True
2026-08-15 15:53:42,carpet,monitor,C:/cira_batch_test/carpet/good_8.png,good_8.png,normal,False,0.0006177782779559493,3.039836826701503e-07,0.0343417185988487,0.0343417185988487,0.03367696963250637,False,True,16000,True,4.397267912281677e-05,True,0.002471833722665906,cpu,patch_nearest_normal,last2,14,0.05,False,,,3.8934220356168225e-05,6.111156617407686e-05,True,True
2026-08-15 15:53:43,carpet,monitor,C:/cira_batch_test/carpet/bad_10.png,bad_10.png,anomaly,True,0.23304013907909393,0.23304013907909393,0.0343417185988487,0.0343417185988487,0.03367696963250637,False,False,16000,False,,False,0.0,cpu,patch_nearest_normal,last2,14,0.05,False,,,5.2755138312932104e-05,6.111156617407686e-05,False,True
2026-08-15 15:53:45,carpet,monitor,C:/cira_batch_test/carpet/good_3.png,good_3.png,normal,False,0.0006163239595480263,3.635883274455409e-07,0.0343417185988487,0.0343417185988487,0.03367696963250637,False,True,16000,True,3.814572482951917e-05,True,0.002470283070579171,cpu,patch_nearest_normal,last2,14,0.05,False,,,3.568843749235384e-05,6.111156617407686e-05,True,True
2026-08-15 15:53:47,carpet,monitor,C:/cira_batch_test/carpet/bad_11.png,bad_11.png,anomaly,True,0.08247719705104828,0.08247719705104828,0.0343417185988487,0.0343417185988487,0.03367696963250637,False,False,16000,False,,False,0.0,cpu,patch_nearest_normal,last2,14,0.05,False,,,6.132241105660796e-05,6.111156617407686e-05,False,False
2026-08-15 15:53:48,carpet,monitor,C:/cira_batch_test/carpet/bad_18.png,bad_18.png,anomaly,True,0.33902841806411743,0.33902841806411743,0.0343417185988487,0.0343417185988487,0.03367696963250637,False,False,16000,False,,False,0.0,cpu,patch_nearest_normal,last2,14,0.05,False,,,5.686553049599752e-05,6.111156617407686e-05,False,True
2026-08-15 15:53:50,carpet,monitor,C:/cira_batch_test/carpet/good_12.png,good_12.png,normal,False,0.0006127357482910156,3.695487862387381e-07,0.0343417185988487,0.0343417185988487,0.03367696963250637,False,True,16000,True,5.646804129355587e-05,True,0.0024737524800002575,cpu,patch_nearest_normal,last2,14,0.05,False,,,5.2198462071828544e-05,6.111156617407686e-05,True,True
2026-08-15 15:53:52,carpet,monitor,C:/cira_batch_test/carpet/good_17.png,good_17.png,normal,False,0.0006132543203420937,3.397464638510428e-07,0.0343417185988487,0.0343417185988487,0.03367696963250637,False,True,16000,True,4.410526526044123e-05,True,0.002464279066771269,cpu,patch_nearest_normal,last2,14,0.05,True,C:\cira_ttl_checkpoints\carpet\patch_memory_bank_update_30.pt,C:\cira_ttl_checkpoints\carpet\patch_adapter_update_30.pt,4.576679566525854e-05,6.111156617407686e-05,True,True
2026-08-15 15:53:53,carpet,monitor,C:/cira_batch_test/carpet/bad_5.png,bad_5.png,anomaly,True,0.23586693406105042,0.23586693406105042,0.0343417185988487,0.0343417185988487,0.03367696963250637,False,False,16000,False,,False,0.0,cpu,patch_nearest_normal,last2,14,0.05,False,,,5.815119584440254e-05,6.111156617407686e-05,False,True
2026-08-15 15:53:55,carpet,monitor,C:/cira_batch_test/carpet/bad_6.png,bad_6.png,anomaly,True,0.09373582154512405,0.09373582154512405,0.0343417185988487,0.0343417185988487,0.03367696963250637,False,False,16000,False,,False,0.0,cpu,patch_nearest_normal,last2,14,0.05,False,,,4.3990399717586115e-05,6.111156617407686e-05,False,True
2026-08-15 15:53:57,carpet,monitor,C:/cira_batch_test/carpet/bad_7.png,bad_7.png,anomaly,True,0.06708115339279175,0.06708115339279175,0.0343417185988487,0.0343417185988487,0.03367696963250637,False,False,16000,False,,False,0.0,cpu,patch_nearest_normal,last2,14,0.05,False,,,5.339538256521337e-05,6.111156617407686e-05,False,True
2026-08-15 15:53:58,carpet,monitor,C:/cira_batch_test/carpet/bad_9.png,bad_9.png,anomaly,True,0.35303744673728943,0.35303744673728943,0.0343417185988487,0.0343417185988487,0.03367696963250637,False,False,16000,False,,False,0.0,cpu,patch_nearest_normal,last2,14,0.05,False,,,6.775299698347226e-05,6.111156617407686e-05,False,False
2026-08-15 15:54:00,carpet,monitor,C:/cira_batch_test/carpet/bad_4.png,bad_4.png,anomaly,True,0.2789765000343323,0.2789765000343323,0.0343417185988487,0.0343417185988487,0.03367696963250637,False,False,16000,False,,False,0.0,cpu,patch_nearest_normal,last2,14,0.05,False,,,5.8006029576063156e-05,6.111156617407686e-05,False,True
2026-08-15 15:54:01,carpet,monitor,C:/cira_batch_test/carpet/bad_2.png,bad_2.png,anomaly,True,0.15160992741584778,0.15160992741584778,0.0343417185988487,0.0343417185988487,0.03367696963250637,False,False,16000,False,,False,0.0,cpu,patch_nearest_normal,last2,14,0.05,False,,,5.616320049739443e-05,6.111156617407686e-05,False,True
2026-08-15 15:54:03,grid,monitor,C:/cira_batch_test/grid/good_1.png,good_1.png,anomaly,True,0.05844271183013916,0.05844271183013916,0.053714152485093335,0.053714152485093335,0.04894002191722393,False,False,16000,False,,False,0.0,cpu,patch_nearest_normal,last2,14,0.05,False,,,0.00019511149730533361,0.00020260438468534505,False,True
2026-08-15 15:54:04,grid,monitor,C:/cira_batch_test/grid/good_7.png,good_7.png,anomaly,True,0.05435337498784065,0.05435337498784065,0.053714152485093335,0.053714152485093335,0.04894002191722393,False,False,16000,False,,False,0.0,cpu,patch_nearest_normal,last2,14,0.05,False,,,0.00011769175034714863,0.00020260438468534505,False,True
2026-08-15 15:54:06,grid,monitor,C:/cira_batch_test/grid/good_9.png,good_9.png,normal,False,0.00015702247037552297,2.384185791015625e-07,0.053714152485093335,0.053714152485093335,0.04894002191722393,False,True,16000,True,0.00013211288023740053,True,0.0020446551498025656,cpu,patch_nearest_normal,last2,14,0.05,False,,,0.00011644991172943264,0.00020260438468534505,True,True
2026-08-15 15:54:08,grid,monitor,C:/cira_batch_test/grid/bad_8.png,bad_8.png,normal,False,0.00014896989159751683,2.74181360282455e-07,0.053714152485093335,0.053714152485093335,0.04894002191722393,False,True,16000,True,0.00015695321781095117,True,0.0020647684577852488,cpu,patch_nearest_normal,last2,14,0.05,False,,,0.00014257065777201205,0.00020260438468534505,True,True
2026-08-15 15:54:09,grid,monitor,C:/cira_batch_test/grid/bad_1.png,bad_1.png,anomaly,True,0.08912687003612518,0.08912687003612518,0.053714152485093335,0.053714152485093335,0.04894002191722393,False,False,16000,False,,False,0.0,cpu,patch_nearest_normal,last2,14,0.05,False,,,0.00020192575175315142,0.00020260438468534505,False,True
2026-08-15 15:54:11,grid,monitor,C:/cira_batch_test/grid/bad_14.png,bad_14.png,normal,False,0.05356623977422714,0.05356623977422714,0.053714152485093335,0.053714152485093335,0.04894002191722393,False,False,16000,False,,False,0.0,cpu,patch_nearest_normal,last2,14,0.05,False,,,0.00010769705841084942,0.00020260438468534505,False,True
2026-08-15 15:54:12,grid,monitor,C:/cira_batch_test/grid/bad_15.png,bad_15.png,anomaly,True,0.0598091259598732,0.0598091259598732,0.053714152485093335,0.053714152485093335,0.04894002191722393,False,False,16000,False,,False,0.0,cpu,patch_nearest_normal,last2,14,0.05,False,,,0.0001571203174535185,0.00020260438468534505,False,True
2026-08-15 15:54:14,grid,monitor,C:/cira_batch_test/grid/good_19.png,good_19.png,anomaly,True,0.06212083622813225,0.06212083622813225,0.053714152485093335,0.053714152485093335,0.04894002191722393,False,False,16000,False,,False,0.0,cpu,patch_nearest_normal,last2,14,0.05,False,,,0.00012242060620337725,0.00020260438468534505,False,True
2026-08-15 15:54:15,grid,monitor,C:/cira_batch_test/grid/bad_3.png,bad_3.png,anomaly,True,0.0631471648812294,0.0631471648812294,0.053714152485093335,0.053714152485093335,0.04894002191722393,False,False,16000,False,,False,0.0,cpu,patch_nearest_normal,last2,14,0.05,False,,,0.00012233700545039028,0.00020260438468534505,False,True
2026-08-15 15:54:17,grid,monitor,C:/cira_batch_test/grid/good_5.png,good_5.png,anomaly,True,0.0641881674528122,0.0641881674528122,0.053714152485093335,0.053714152485093335,0.04894002191722393,False,False,16000,False,,False,0.0,cpu,patch_nearest_normal,last2,14,0.05,False,,,0.00012441060971468687,0.00020260438468534505,False,True
2026-08-15 15:54:18,grid,monitor,C:/cira_batch_test/grid/good_16.png,good_16.png,anomaly,True,0.05557741969823837,0.05557741969823837,0.053714152485093335,0.053714152485093335,0.04894002191722393,False,False,16000,False,,False,0.0,cpu,patch_nearest_normal,last2,14,0.05,False,,,0.00015739347145427018,0.00020260438468534505,False,True
2026-08-15 15:54:20,grid,monitor,C:/cira_batch_test/grid/good_14.png,good_14.png,normal,False,0.0499332956969738,0.0499332956969738,0.053714152485093335,0.053714152485093335,0.04894002191722393,False,False,16000,False,,False,0.0,cpu,patch_nearest_normal,last2,14,0.05,False,,,0.0001652751670917496,0.00020260438468534505,False,True
2026-08-15 15:54:21,grid,monitor,C:/cira_batch_test/grid/good_2.png,good_2.png,normal,False,0.05281440541148186,0.05281440541148186,0.053714152485093335,0.053714152485093335,0.04894002191722393,False,False,16000,False,,False,0.0,cpu,patch_nearest_normal,last2,14,0.05,False,,,0.00017841023509390652,0.00020260438468534505,False,True
2026-08-15 15:54:23,grid,monitor,C:/cira_batch_test/grid/bad_13.png,bad_13.png,normal,False,0.00014854669279884547,2.9206276508375595e-07,0.053714152485093335,0.053714152485093335,0.04894002191722393,False,True,16000,True,0.00012348851305432618,True,0.0020600738935172558,cpu,patch_nearest_normal,last2,14,0.05,False,,,0.00011370421998435631,0.00020260438468534505,True,True
2026-08-15 15:54:25,grid,monitor,C:/cira_batch_test/grid/good_10.png,good_10.png,normal,False,0.0001463651715312153,3.516674098591466e-07,0.053714152485093335,0.053714152485093335,0.04894002191722393,False,True,16000,True,0.00013319385470822453,True,0.002048649825155735,cpu,patch_nearest_normal,last2,14,0.05,False,,,0.00012803661229554564,0.00020260438468534505,True,True
2026-08-15 15:54:26,grid,monitor,C:/cira_batch_test/grid/bad_19.png,bad_19.png,anomaly,True,0.09570975601673126,0.09570975601673126,0.053714152485093335,0.053714152485093335,0.04894002191722393,False,False,16000,False,,False,0.0,cpu,patch_nearest_normal,last2,14,0.05,False,,,0.0001493865711381659,0.00020260438468534505,False,True
2026-08-15 15:54:27,grid,monitor,C:/cira_batch_test/grid/good_4.png,good_4.png,anomaly,True,0.0574185736477375,0.0574185736477375,0.053714152485093335,0.053714152485093335,0.04894002191722393,False,False,16000,False,,False,0.0,cpu,patch_nearest_normal,last2,14,0.05,False,,,0.000212373401154764,0.00020260438468534505,False,False
2026-08-15 15:54:29,grid,monitor,C:/cira_batch_test/grid/bad_12.png,bad_12.png,anomaly,True,0.09386128187179565,0.09386128187179565,0.053714152485093335,0.053714152485093335,0.04894002191722393,False,False,16000,False,,False,0.0,cpu,patch_nearest_normal,last2,14,0.05,False,,,0.0002035114448517561,0.00020260438468534505,False,False
2026-08-15 15:54:30,grid,monitor,C:/cira_batch_test/grid/good_18.png,good_18.png,anomaly,True,0.05592518299818039,0.05592518299818039,0.053714152485093335,0.053714152485093335,0.04894002191722393,False,False,16000,False,,False,0.0,cpu,patch_nearest_normal,last2,14,0.05,False,,,0.00011975511006312445,0.00020260438468534505,False,True
2026-08-15 15:54:32,grid,monitor,C:/cira_batch_test/grid/bad_16.png,bad_16.png,anomaly,True,0.05932999402284622,0.05932999402284622,0.053714152485093335,0.053714152485093335,0.04894002191722393,False,False,16000,False,,False,0.0,cpu,patch_nearest_normal,last2,14,0.05,False,,,0.00013299995043780655,0.00020260438468534505,False,True
2026-08-15 15:54:33,grid,monitor,C:/cira_batch_test/grid/good_6.png,good_6.png,anomaly,True,0.06455475091934204,0.06455475091934204,0.053714152485093335,0.053714152485093335,0.04894002191722393,False,False,16000,False,,False,0.0,cpu,patch_nearest_normal,last2,14,0.05,False,,,0.00010900219058385119,0.00020260438468534505,False,True
2026-08-15 15:54:35,grid,monitor,C:/cira_batch_test/grid/good_13.png,good_13.png,normal,False,0.0001449286937713623,3.2186508747145126e-07,0.053714152485093335,0.053714152485093335,0.04894002191722393,False,True,16000,True,0.00010661138367140666,True,0.0020265306811779737,cpu,patch_nearest_normal,last2,14,0.05,False,,,0.00010663035936886445,0.00020260438468534505,True,True
2026-08-15 15:54:37,grid,monitor,C:/cira_batch_test/grid/good_15.png,good_15.png,normal,False,0.00014683007611893117,2.74181360282455e-07,0.053714152485093335,0.053714152485093335,0.04894002191722393,False,True,16000,True,0.0001239325210917741,True,0.0020081615075469017,cpu,patch_nearest_normal,last2,14,0.05,False,,,0.00012614676961675286,0.00020260438468534505,True,True
2026-08-15 15:54:38,grid,monitor,C:/cira_batch_test/grid/good_20.png,good_20.png,normal,False,0.00014125109009910375,3.397464638510428e-07,0.053714152485093335,0.053714152485093335,0.04894002191722393,False,True,16000,True,0.0001499524514656514,True,0.0020206840708851814,cpu,patch_nearest_normal,last2,14,0.05,False,,,0.00013346307969186455,0.00020260438468534505,True,True
2026-08-15 15:54:40,grid,monitor,C:/cira_batch_test/grid/bad_17.png,bad_17.png,normal,False,0.046316057443618774,3.337860050578456e-07,0.053714152485093335,0.053714152485093335,0.04894002191722393,False,True,16000,True,0.00010044627561001107,True,0.001953832106664777,cpu,patch_nearest_normal,last2,14,0.05,True,C:\cira_ttl_checkpoints\grid\patch_memory_bank_update_20.pt,C:\cira_ttl_checkpoints\grid\patch_adapter_update_20.pt,9.130715625360608e-05,0.00020260438468534505,True,True
2026-08-15 15:54:42,grid,monitor,C:/cira_batch_test/grid/good_11.png,good_11.png,normal,False,0.00017174481763504446,2.8610230629055877e-07,0.053714152485093335,0.053714152485093335,0.04894002191722393,False,True,16000,True,0.00010732906957855448,True,0.0019507043762132525,cpu,patch_nearest_normal,last2,14,0.05,False,,,0.00011328742402838543,0.00020260438468534505,True,True
2026-08-15 15:54:43,grid,monitor,C:/cira_batch_test/grid/bad_20.png,bad_20.png,normal,False,0.04987586662173271,0.04987586662173271,0.053714152485093335,0.053714152485093335,0.04894002191722393,False,False,16000,False,,False,0.0,cpu,patch_nearest_normal,last2,14,0.05,False,,,0.00011235463171033189,0.00020260438468534505,False,True
2026-08-15 15:54:45,grid,monitor,C:/cira_batch_test/grid/good_8.png,good_8.png,normal,False,0.00017077922530006617,2.6226044269606064e-07,0.053714152485093335,0.053714152485093335,0.04894002191722393,False,True,16000,True,0.00011809763236669824,True,0.001952801481820643,cpu,patch_nearest_normal,last2,14,0.05,False,,,0.00011444216943345964,0.00020260438468534505,True,True
2026-08-15 15:54:47,grid,monitor,C:/cira_batch_test/grid/bad_10.png,bad_10.png,anomaly,True,0.06919211894273758,0.06919211894273758,0.053714152485093335,0.053714152485093335,0.04894002191722393,False,False,16000,False,,False,0.0,cpu,patch_nearest_normal,last2,14,0.05,False,,,0.00012621072528418154,0.00020260438468534505,False,True
2026-08-15 15:54:48,grid,monitor,C:/cira_batch_test/grid/good_3.png,good_3.png,normal,False,0.051595866680145264,0.051595866680145264,0.053714152485093335,0.053714152485093335,0.04894002191722393,False,False,16000,False,,False,0.0,cpu,patch_nearest_normal,last2,14,0.05,False,,,0.00021600164473056793,0.00020260438468534505,False,False
2026-08-15 15:54:50,grid,monitor,C:/cira_batch_test/grid/bad_11.png,bad_11.png,anomaly,True,0.05767384171485901,0.05767384171485901,0.053714152485093335,0.053714152485093335,0.04894002191722393,False,False,16000,False,,False,0.0,cpu,patch_nearest_normal,last2,14,0.05,False,,,0.00016932972357608378,0.00020260438468534505,False,True
2026-08-15 15:54:51,grid,monitor,C:/cira_batch_test/grid/bad_18.png,bad_18.png,anomaly,True,0.06271161139011383,0.06271161139011383,0.053714152485093335,0.053714152485093335,0.04894002191722393,False,False,16000,False,,False,0.0,cpu,patch_nearest_normal,last2,14,0.05,False,,,0.0001646539894863963,0.00020260438468534505,False,True
2026-08-15 15:54:53,grid,monitor,C:/cira_batch_test/grid/good_12.png,good_12.png,normal,False,0.00016514658636879176,3.5762786865234375e-07,0.053714152485093335,0.053714152485093335,0.04894002191722393,False,True,16000,True,0.00014343523071147501,True,0.0019623141270130873,cpu,patch_nearest_normal,last2,14,0.05,False,,,0.00014374406600836664,0.00020260438468534505,True,True
2026-08-15 15:54:55,grid,monitor,C:/cira_batch_test/grid/good_17.png,good_17.png,normal,False,0.0001637816458242014,2.384185791015625e-07,0.053714152485093335,0.053714152485093335,0.04894002191722393,False,True,16000,True,0.00019149738363921642,True,0.0019995004404336214,cpu,patch_nearest_normal,last2,14,0.05,False,,,0.0001860165357356891,0.00020260438468534505,True,True
2026-08-15 15:54:56,grid,monitor,C:/cira_batch_test/grid/bad_5.png,bad_5.png,anomaly,True,0.06305009871721268,0.06305009871721268,0.053714152485093335,0.053714152485093335,0.04894002191722393,False,False,16000,False,,False,0.0,cpu,patch_nearest_normal,last2,14,0.05,False,,,0.00012952261022292078,0.00020260438468534505,False,True
2026-08-15 15:54:58,grid,monitor,C:/cira_batch_test/grid/bad_6.png,bad_6.png,normal,False,0.0001646280288696289,2.74181360282455e-07,0.053714152485093335,0.053714152485093335,0.04894002191722393,False,True,16000,True,0.00011499741958687082,True,0.0019775074906647205,cpu,patch_nearest_normal,last2,14,0.05,False,,,0.00010731606016634032,0.00020260438468534505,True,True
2026-08-15 15:54:59,grid,monitor,C:/cira_batch_test/grid/bad_7.png,bad_7.png,anomaly,True,0.11506311595439911,0.11506311595439911,0.053714152485093335,0.053714152485093335,0.04894002191722393,False,False,16000,False,,False,0.0,cpu,patch_nearest_normal,last2,14,0.05,False,,,0.00011683512275340036,0.00020260438468534505,False,True
2026-08-15 15:55:01,grid,monitor,C:/cira_batch_test/grid/bad_9.png,bad_9.png,anomaly,True,0.06338496506214142,0.06338496506214142,0.053714152485093335,0.053714152485093335,0.04894002191722393,False,False,16000,False,,False,0.0,cpu,patch_nearest_normal,last2,14,0.05,False,,,0.00011330497363815084,0.00020260438468534505,False,True
2026-08-15 15:55:02,grid,monitor,C:/cira_batch_test/grid/bad_4.png,bad_4.png,anomaly,True,0.09568272531032562,0.09568272531032562,0.053714152485093335,0.053714152485093335,0.04894002191722393,False,False,16000,False,,False,0.0,cpu,patch_nearest_normal,last2,14,0.05,False,,,0.00011347181862220168,0.00020260438468534505,False,True
2026-08-15 15:55:04,grid,monitor,C:/cira_batch_test/grid/bad_2.png,bad_2.png,anomaly,True,0.05491320416331291,0.05491320416331291,0.053714152485093335,0.053714152485093335,0.04894002191722393,False,False,16000,False,,False,0.0,cpu,patch_nearest_normal,last2,14,0.05,False,,,0.00018282074597664177,0.00020260438468534505,False,True
2026-08-15 15:55:06,hazelnut,monitor,C:/cira_batch_test/hazelnut/good_1.png,good_1.png,normal,False,0.0005469500902108848,2.8014181907565217e-07,0.11622385221571559,0.11622385221571559,0.11048602908849717,False,True,16000,True,0.00015596083540003747,True,0.0024222463835030794,cpu,patch_nearest_normal,last2,14,0.05,True,C:\cira_ttl_checkpoints\hazelnut\patch_memory_bank_update_20.pt,C:\cira_ttl_checkpoints\hazelnut\patch_adapter_update_20.pt,0.00015949757653288543,0.00018771860486589,True,True
2026-08-15 15:55:08,hazelnut,monitor,C:/cira_batch_test/hazelnut/good_7.png,good_7.png,normal,False,0.0005451738834381104,2.9206276508375595e-07,0.11622385221571559,0.11622385221571559,0.11048602908849717,False,True,16000,True,0.00014621001901105046,True,0.0024012888316065073,cpu,patch_nearest_normal,last2,14,0.05,False,,,0.00014297451707534492,0.00018771860486589,True,True
2026-08-15 15:55:10,hazelnut,monitor,C:/cira_batch_test/hazelnut/good_9.png,good_9.png,normal,False,0.0005421936511993408,2.384185791015625e-07,0.11622385221571559,0.11622385221571559,0.11048602908849717,False,True,16000,True,0.00014439063670579344,True,0.002392600290477276,cpu,patch_nearest_normal,last2,14,0.05,False,,,0.0001458239130442962,0.00018771860486589,True,True
2026-08-15 15:55:11,hazelnut,monitor,C:/cira_batch_test/hazelnut/bad_8.png,bad_8.png,anomaly,True,0.1609194576740265,0.1609194576740265,0.11622385221571559,0.11622385221571559,0.11048602908849717,False,False,16000,False,,False,0.0,cpu,patch_nearest_normal,last2,14,0.05,False,,,0.00016432580014225096,0.00018771860486589,False,True
2026-08-15 15:55:13,hazelnut,monitor,C:/cira_batch_test/hazelnut/bad_1.png,bad_1.png,anomaly,True,0.1566629409790039,0.1566629409790039,0.11622385221571559,0.11622385221571559,0.11048602908849717,False,False,16000,False,,False,0.0,cpu,patch_nearest_normal,last2,14,0.05,False,,,0.00016181127284653485,0.00018771860486589,False,True
2026-08-15 15:55:14,hazelnut,monitor,C:/cira_batch_test/hazelnut/bad_14.png,bad_14.png,anomaly,True,0.20915643870830536,0.20915643870830536,0.11622385221571559,0.11622385221571559,0.11048602908849717,False,False,16000,False,,False,0.0,cpu,patch_nearest_normal,last2,14,0.05,False,,,0.00013138013309799135,0.00018771860486589,False,True
2026-08-15 15:55:16,hazelnut,monitor,C:/cira_batch_test/hazelnut/bad_15.png,bad_15.png,anomaly,True,0.2238047569990158,0.2238047569990158,0.11622385221571559,0.11622385221571559,0.11048602908849717,False,False,16000,False,,False,0.0,cpu,patch_nearest_normal,last2,14,0.05,False,,,0.0001364260824630037,0.00018771860486589,False,True
2026-08-15 15:55:18,hazelnut,monitor,C:/cira_batch_test/hazelnut/good_19.png,good_19.png,normal,False,0.0005392134189605713,2.74181360282455e-07,0.11622385221571559,0.11622385221571559,0.11048602908849717,False,True,16000,True,0.0001285407633986324,True,0.002375844167545438,cpu,patch_nearest_normal,last2,14,0.05,False,,,0.00013986513658892363,0.00018771860486589,True,True
2026-08-15 15:55:19,hazelnut,monitor,C:/cira_batch_test/hazelnut/bad_3.png,bad_3.png,anomaly,True,0.2095690220594406,0.2095690220594406,0.11622385221571559,0.11622385221571559,0.11048602908849717,False,False,16000,False,,False,0.0,cpu,patch_nearest_normal,last2,14,0.05,False,,,0.00015561096370220184,0.00018771860486589,False,True
2026-08-15 15:55:21,hazelnut,monitor,C:/cira_batch_test/hazelnut/good_5.png,good_5.png,normal,False,0.0005357980844564736,2.5033949668795685e-07,0.11622385221571559,0.11622385221571559,0.11048602908849717,False,True,16000,True,0.00014621138689108193,True,0.002367336768656969,cpu,patch_nearest_normal,last2,14,0.05,False,,,0.00013647705782204866,0.00018771860486589,True,True
2026-08-15 15:55:22,hazelnut,monitor,C:/cira_batch_test/hazelnut/good_16.png,good_16.png,normal,False,0.000533545040525496,2.8610230629055877e-07,0.11622385221571559,0.11622385221571559,0.11048602908849717,False,True,16000,True,0.00015768867160659283,True,0.0023561061825603247,cpu,patch_nearest_normal,last2,14,0.05,False,,,0.00015670072752982378,0.00018771860486589,True,True
2026-08-15 15:55:24,hazelnut,monitor,C:/cira_batch_test/hazelnut/good_14.png,good_14.png,normal,False,0.0005327820545062423,2.384185791015625e-07,0.11622385221571559,0.11622385221571559,0.11048602908849717,False,True,16000,True,0.00014771260612178594,True,0.002358126686885953,cpu,patch_nearest_normal,last2,14,0.05,False,,,0.00013646837032865733,0.00018771860486589,True,True
2026-08-15 15:55:26,hazelnut,monitor,C:/cira_batch_test/hazelnut/good_2.png,good_2.png,normal,False,0.0005297601455822587,2.682209014892578e-07,0.11622385221571559,0.11622385221571559,0.11048602908849717,False,True,16000,True,0.00014573370572179556,True,0.0023499540984630585,cpu,patch_nearest_normal,last2,14,0.05,False,,,0.00013808821677230299,0.00018771860486589,True,True
2026-08-15 15:55:27,hazelnut,monitor,C:/cira_batch_test/hazelnut/bad_13.png,bad_13.png,anomaly,True,0.1203291192650795,0.1203291192650795,0.11622385221571559,0.11622385221571559,0.11048602908849717,False,False,16000,False,,False,0.0,cpu,patch_nearest_normal,last2,14,0.05,False,,,0.00011684169294312596,0.00018771860486589,False,True
2026-08-15 15:55:29,hazelnut,monitor,C:/cira_batch_test/hazelnut/good_10.png,good_10.png,normal,False,0.0005281806224957108,2.6226044269606064e-07,0.11622385221571559,0.11622385221571559,0.11048602908849717,False,True,16000,True,0.00015317117504309863,True,0.0023428858257830143,cpu,patch_nearest_normal,last2,14,0.05,False,,,0.00015365221770480275,0.00018771860486589,True,True
2026-08-15 15:55:31,hazelnut,monitor,C:/cira_batch_test/hazelnut/bad_19.png,bad_19.png,anomaly,True,0.12029895931482315,0.12029895931482315,0.11622385221571559,0.11622385221571559,0.11048602908849717,False,False,16000,False,,False,0.0,cpu,patch_nearest_normal,last2,14,0.05,False,,,0.00012695672921836376,0.00018771860486589,False,True
2026-08-15 15:55:32,hazelnut,monitor,C:/cira_batch_test/hazelnut/good_4.png,good_4.png,normal,False,0.0005254686111584306,2.6226044269606064e-07,0.11622385221571559,0.11622385221571559,0.11048602908849717,False,True,16000,True,0.00016186975699383765,True,0.0023558326065540314,cpu,patch_nearest_normal,last2,14,0.05,False,,,0.00015428631741087884,0.00018771860486589,True,True
2026-08-15 15:55:34,hazelnut,monitor,C:/cira_batch_test/hazelnut/bad_12.png,bad_12.png,anomaly,True,0.12485158443450928,0.12485158443450928,0.11622385221571559,0.11622385221571559,0.11048602908849717,False,False,16000,False,,False,0.0,cpu,patch_nearest_normal,last2,14,0.05,False,,,0.00015063953469507396,0.00018771860486589,False,True
2026-08-15 15:55:36,hazelnut,monitor,C:/cira_batch_test/hazelnut/good_18.png,good_18.png,normal,False,0.0005234181880950928,2.9206276508375595e-07,0.11622385221571559,0.11622385221571559,0.11048602908849717,False,True,16000,True,0.00014899791858624667,True,0.0023551408667117357,cpu,patch_nearest_normal,last2,14,0.05,True,C:\cira_ttl_checkpoints\hazelnut\patch_memory_bank_update_30.pt,C:\cira_ttl_checkpoints\hazelnut\patch_adapter_update_30.pt,0.00015479529974982142,0.00018771860486589,True,True
2026-08-15 15:55:37,hazelnut,monitor,C:/cira_batch_test/hazelnut/bad_16.png,bad_16.png,anomaly,True,0.2376958578824997,0.2376958578824997,0.11622385221571559,0.11622385221571559,0.11048602908849717,False,False,16000,False,,False,0.0,cpu,patch_nearest_normal,last2,14,0.05,False,,,0.00012183850776636973,0.00018771860486589,False,True
2026-08-15 15:55:39,hazelnut,monitor,C:/cira_batch_test/hazelnut/good_6.png,good_6.png,anomaly,True,0.12766024470329285,0.12766024470329285,0.11622385221571559,0.11622385221571559,0.11048602908849717,False,False,16000,False,,False,0.0,cpu,patch_nearest_normal,last2,14,0.05,False,,,0.0001302095624851063,0.00018771860486589,False,True
2026-08-15 15:55:40,hazelnut,monitor,C:/cira_batch_test/hazelnut/good_13.png,good_13.png,normal,False,0.0005214273696765304,3.2782554626464844e-07,0.11622385221571559,0.11622385221571559,0.11048602908849717,False,True,16000,True,0.00013842845510225743,True,0.002352074719965458,cpu,patch_nearest_normal,last2,14,0.05,False,,,0.0001514804025646299,0.00018771860486589,True,True
2026-08-15 15:55:42,hazelnut,monitor,C:/cira_batch_test/hazelnut/good_15.png,good_15.png,normal,False,0.000519013381563127,3.099441414633475e-07,0.11622385221571559,0.11622385221571559,0.11048602908849717,False,True,16000,True,0.00015745511336717755,True,0.002359748585149646,cpu,patch_nearest_normal,last2,14,0.05,False,,,0.0001481182116549462,0.00018771860486589,True,True
2026-08-15 15:55:44,hazelnut,monitor,C:/cira_batch_test/hazelnut/good_20.png,good_20.png,normal,False,0.0005167305353097618,2.682209014892578e-07,0.11622385221571559,0.11622385221571559,0.11048602908849717,False,True,16000,True,0.00015587970847263932,True,0.002354847267270088,cpu,patch_nearest_normal,last2,14,0.05,False,,,0.00015460842405445874,0.00018771860486589,True,True
2026-08-15 15:55:45,hazelnut,monitor,C:/cira_batch_test/hazelnut/bad_17.png,bad_17.png,anomaly,True,0.21924090385437012,0.21924090385437012,0.11622385221571559,0.11622385221571559,0.11048602908849717,False,False,16000,False,,False,0.0,cpu,patch_nearest_normal,last2,14,0.05,False,,,0.0001309067156398669,0.00018771860486589,False,True
2026-08-15 15:55:47,hazelnut,monitor,C:/cira_batch_test/hazelnut/good_11.png,good_11.png,normal,False,0.0005174338584765792,3.397464638510428e-07,0.11622385221571559,0.11622385221571559,0.11048602908849717,False,True,16000,True,0.00014681412721984088,True,0.0023550435435026884,cpu,patch_nearest_normal,last2,14,0.05,False,,,0.00014648081560153514,0.00018771860486589,True,True
2026-08-15 15:55:49,hazelnut,monitor,C:/cira_batch_test/hazelnut/bad_20.png,bad_20.png,anomaly,True,0.23010548949241638,0.23010548949241638,0.11622385221571559,0.11622385221571559,0.11048602908849717,False,False,16000,False,,False,0.0,cpu,patch_nearest_normal,last2,14,0.05,False,,,0.0001420029002474621,0.00018771860486589,False,True
2026-08-15 15:55:50,hazelnut,monitor,C:/cira_batch_test/hazelnut/good_8.png,good_8.png,normal,False,0.0005157291889190674,2.74181360282455e-07,0.11622385221571559,0.11622385221571559,0.11048602908849717,False,True,16000,True,0.0001381438341923058,True,0.002357662422582507,cpu,patch_nearest_normal,last2,14,0.05,False,,,0.00014347521937452257,0.00018771860486589,True,True
2026-08-15 15:55:52,hazelnut,monitor,C:/cira_batch_test/hazelnut/bad_10.png,bad_10.png,anomaly,True,0.23736563324928284,0.23736563324928284,0.11622385221571559,0.11622385221571559,0.11048602908849717,False,False,16000,False,,False,0.0,cpu,patch_nearest_normal,last2,14,0.05,False,,,0.00012802923447452486,0.00018771860486589,False,True
2026-08-15 15:55:54,hazelnut,monitor,C:/cira_batch_test/hazelnut/good_3.png,good_3.png,normal,False,0.0005155146354809403,2.74181360282455e-07,0.11622385221571559,0.11622385221571559,0.11048602908849717,False,True,16000,True,0.0001386540534440428,True,0.0023512195330113173,cpu,patch_nearest_normal,last2,14,0.05,False,,,0.00013226010196376592,0.00018771860486589,True,True
2026-08-15 15:55:55,hazelnut,monitor,C:/cira_batch_test/hazelnut/bad_11.png,bad_11.png,anomaly,True,0.20412154495716095,0.20412154495716095,0.11622385221571559,0.11622385221571559,0.11048602908849717,False,False,16000,False,,False,0.0,cpu,patch_nearest_normal,last2,14,0.05,False,,,0.0001614999200683087,0.00018771860486589,False,True
2026-08-15 15:55:57,hazelnut,monitor,C:/cira_batch_test/hazelnut/bad_18.png,bad_18.png,anomaly,True,0.22105379402637482,0.22105379402637482,0.11622385221571559,0.11622385221571559,0.11048602908849717,False,False,16000,False,,False,0.0,cpu,patch_nearest_normal,last2,14,0.05,False,,,0.00013571762247011065,0.00018771860486589,False,True
2026-08-15 15:55:59,hazelnut,monitor,C:/cira_batch_test/hazelnut/good_12.png,good_12.png,normal,False,0.0005121767753735185,2.8014181907565217e-07,0.11622385221571559,0.11622385221571559,0.11048602908849717,False,True,16000,True,0.00016508546832483262,True,0.0023576084058731794,cpu,patch_nearest_normal,last2,14,0.05,False,,,0.0001576611102791503,0.00018771860486589,True,True
2026-08-15 15:56:00,hazelnut,monitor,C:/cira_batch_test/hazelnut/good_17.png,good_17.png,normal,False,0.0005101442220620811,2.74181360282455e-07,0.11622385221571559,0.11622385221571559,0.11048602908849717,False,True,16000,True,0.0001705960457911715,True,0.0023767980746924877,cpu,patch_nearest_normal,last2,14,0.05,False,,,0.00015554091078229249,0.00018771860486589,True,True
2026-08-15 15:56:02,hazelnut,monitor,C:/cira_batch_test/hazelnut/bad_5.png,bad_5.png,anomaly,True,0.16259121894836426,0.16259121894836426,0.11622385221571559,0.11622385221571559,0.11048602908849717,False,False,16000,False,,False,0.0,cpu,patch_nearest_normal,last2,14,0.05,False,,,0.00013683235738426447,0.00018771860486589,False,True
2026-08-15 15:56:03,hazelnut,monitor,C:/cira_batch_test/hazelnut/bad_6.png,bad_6.png,anomaly,True,0.21430882811546326,0.21430882811546326,0.11622385221571559,0.11622385221571559,0.11048602908849717,False,False,16000,False,,False,0.0,cpu,patch_nearest_normal,last2,14,0.05,False,,,0.00014263302728068084,0.00018771860486589,False,True
2026-08-15 15:56:05,hazelnut,monitor,C:/cira_batch_test/hazelnut/bad_7.png,bad_7.png,anomaly,True,0.20429079234600067,0.20429079234600067,0.11622385221571559,0.11622385221571559,0.11048602908849717,False,False,16000,False,,False,0.0,cpu,patch_nearest_normal,last2,14,0.05,False,,,0.00013089310959912837,0.00018771860486589,False,True
2026-08-15 15:56:06,hazelnut,monitor,C:/cira_batch_test/hazelnut/bad_9.png,bad_9.png,anomaly,True,0.15366244316101074,0.15366244316101074,0.11622385221571559,0.11622385221571559,0.11048602908849717,False,False,16000,False,,False,0.0,cpu,patch_nearest_normal,last2,14,0.05,False,,,0.00014473572082351893,0.00018771860486589,False,True
2026-08-15 15:56:08,hazelnut,monitor,C:/cira_batch_test/hazelnut/bad_4.png,bad_4.png,anomaly,True,0.21554946899414062,0.21554946899414062,0.11622385221571559,0.11622385221571559,0.11048602908849717,False,False,16000,False,,False,0.0,cpu,patch_nearest_normal,last2,14,0.05,False,,,0.00013242790009826422,0.00018771860486589,False,True
2026-08-15 15:56:09,hazelnut,monitor,C:/cira_batch_test/hazelnut/bad_2.png,bad_2.png,anomaly,True,0.1916888952255249,0.1916888952255249,0.11622385221571559,0.11622385221571559,0.11048602908849717,False,False,16000,False,,False,0.0,cpu,patch_nearest_normal,last2,14,0.05,False,,,0.000170431230799295,0.00018771860486589,False,True
2026-08-15 15:56:11,leather,monitor,C:/cira_batch_test/leather/good_1.png,good_1.png,anomaly,True,0.034685857594013214,0.034685857594013214,0.03417175290126485,0.03417175290126485,0.030724090337753297,False,False,16000,False,,False,0.0,cpu,patch_nearest_normal,last2,14,0.05,False,,,0.00012110623356420547,0.000215753776865275,False,True
2026-08-15 15:56:13,leather,monitor,C:/cira_batch_test/leather/good_7.png,good_7.png,anomaly,True,0.03532456234097481,0.03532456234097481,0.03417175290126485,0.03417175290126485,0.030724090337753297,False,False,16000,False,,False,0.0,cpu,patch_nearest_normal,last2,14,0.05,False,,,0.0001144209600170143,0.000215753776865275,False,True
2026-08-15 15:56:14,leather,monitor,C:/cira_batch_test/leather/good_9.png,good_9.png,normal,False,0.033203817903995514,0.033203817903995514,0.03417175290126485,0.03417175290126485,0.030724090337753297,False,False,16000,False,,False,0.0,cpu,patch_nearest_normal,last2,14,0.05,False,,,0.00012626948591787368,0.000215753776865275,False,True
2026-08-15 15:56:16,leather,monitor,C:/cira_batch_test/leather/bad_8.png,bad_8.png,anomaly,True,0.03939108923077583,0.03939108923077583,0.03417175290126485,0.03417175290126485,0.030724090337753297,False,False,16000,False,,False,0.0,cpu,patch_nearest_normal,last2,14,0.05,False,,,0.0001673626247793436,0.000215753776865275,False,True
2026-08-15 15:56:17,leather,monitor,C:/cira_batch_test/leather/bad_1.png,bad_1.png,anomaly,True,0.050502605736255646,0.050502605736255646,0.03417175290126485,0.03417175290126485,0.030724090337753297,False,False,16000,False,,False,0.0,cpu,patch_nearest_normal,last2,14,0.05,False,,,0.00014131232455838472,0.000215753776865275,False,True
2026-08-15 15:56:19,leather,monitor,C:/cira_batch_test/leather/bad_14.png,bad_14.png,anomaly,True,0.357088178396225,0.357088178396225,0.03417175290126485,0.03417175290126485,0.030724090337753297,False,False,16000,False,,False,0.0,cpu,patch_nearest_normal,last2,14,0.05,False,,,0.00010601133544696495,0.000215753776865275,False,True
2026-08-15 15:56:20,leather,monitor,C:/cira_batch_test/leather/bad_15.png,bad_15.png,anomaly,True,0.13450615108013153,0.13450615108013153,0.03417175290126485,0.03417175290126485,0.030724090337753297,False,False,16000,False,,False,0.0,cpu,patch_nearest_normal,last2,14,0.05,False,,,0.00013430858962237835,0.000215753776865275,False,True
2026-08-15 15:56:22,leather,monitor,C:/cira_batch_test/leather/good_19.png,good_19.png,normal,False,0.025554662570357323,3.516674098591466e-07,0.03417175290126485,0.03417175290126485,0.030724090337753297,False,True,16000,True,0.00015259408974088728,True,0.0028387298807501793,cpu,patch_nearest_normal,last2,14,0.05,False,,,0.00014187725901138037,0.000215753776865275,True,True
2026-08-15 15:56:23,leather,monitor,C:/cira_batch_test/leather/bad_3.png,bad_3.png,anomaly,True,0.3750404417514801,0.3750404417514801,0.03417175290126485,0.03417175290126485,0.030724090337753297,False,False,16000,False,,False,0.0,cpu,patch_nearest_normal,last2,14,0.05,False,,,0.00017148318875115365,0.000215753776865275,False,True
2026-08-15 15:56:25,leather,monitor,C:/cira_batch_test/leather/good_5.png,good_5.png,normal,False,0.03414687514305115,0.03414687514305115,0.03417175290126485,0.03417175290126485,0.030724090337753297,False,False,16000,False,,False,0.0,cpu,patch_nearest_normal,last2,14,0.05,False,,,0.00012048408098053187,0.000215753776865275,False,True
2026-08-15 15:56:27,leather,monitor,C:/cira_batch_test/leather/good_16.png,good_16.png,normal,False,0.031558889895677567,0.031558889895677567,0.03417175290126485,0.03417175290126485,0.030724090337753297,False,False,16000,False,,False,0.0,cpu,patch_nearest_normal,last2,14,0.05,False,,,0.0001466286339564249,0.000215753776865275,False,True
2026-08-15 15:56:28,leather,monitor,C:/cira_batch_test/leather/good_14.png,good_14.png,anomaly,True,0.046517182141542435,0.046517182141542435,0.03417175290126485,0.03417175290126485,0.030724090337753297,False,False,16000,False,,False,0.0,cpu,patch_nearest_normal,last2,14,0.05,False,,,0.00011289684334769845,0.000215753776865275,False,True
2026-08-15 15:56:30,leather,monitor,C:/cira_batch_test/leather/good_2.png,good_2.png,normal,False,0.031007295474410057,0.031007295474410057,0.03417175290126485,0.03417175290126485,0.030724090337753297,False,False,16000,False,,False,0.0,cpu,patch_nearest_normal,last2,14,0.05,False,,,0.00010486950486665592,0.000215753776865275,False,True
2026-08-15 15:56:31,leather,monitor,C:/cira_batch_test/leather/bad_13.png,bad_13.png,normal,False,0.03138935565948486,0.03138935565948486,0.03417175290126485,0.03417175290126485,0.030724090337753297,False,False,16000,False,,False,0.0,cpu,patch_nearest_normal,last2,14,0.05,False,,,0.000131780092488043,0.000215753776865275,False,True
2026-08-15 15:56:33,leather,monitor,C:/cira_batch_test/leather/good_10.png,good_10.png,normal,False,0.03064779005944729,2.6226044269606064e-07,0.03417175290126485,0.03417175290126485,0.030724090337753297,False,True,16000,True,0.0001319910224992782,True,0.0027905371971428394,cpu,patch_nearest_normal,last2,14,0.05,False,,,0.00012531176616903394,0.000215753776865275,True,True
2026-08-15 15:56:34,leather,monitor,C:/cira_batch_test/leather/bad_19.png,bad_19.png,normal,False,0.031832627952098846,0.031832627952098846,0.03417175290126485,0.03417175290126485,0.030724090337753297,False,False,16000,False,,False,0.0,cpu,patch_nearest_normal,last2,14,0.05,False,,,0.00018221109348814934,0.000215753776865275,False,True
2026-08-15 15:56:36,leather,monitor,C:/cira_batch_test/leather/good_4.png,good_4.png,anomaly,True,0.03419782966375351,0.03419782966375351,0.03417175290126485,0.03417175290126485,0.030724090337753297,False,False,16000,False,,False,0.0,cpu,patch_nearest_normal,last2,14,0.05,False,,,0.00011279789032414556,0.000215753776865275,False,True
2026-08-15 15:56:37,leather,monitor,C:/cira_batch_test/leather/bad_12.png,bad_12.png,anomaly,True,0.37392210960388184,0.37392210960388184,0.03417175290126485,0.03417175290126485,0.030724090337753297,False,False,16000,False,,False,0.0,cpu,patch_nearest_normal,last2,14,0.05,False,,,0.00011922177509404719,0.000215753776865275,False,True
2026-08-15 15:56:39,leather,monitor,C:/cira_batch_test/leather/good_18.png,good_18.png,normal,False,0.02688531205058098,2.8610230629055877e-07,0.03417175290126485,0.03417175290126485,0.030724090337753297,False,True,16000,True,0.00012714130571112037,True,0.00275632506236434,cpu,patch_nearest_normal,last2,14,0.05,False,,,0.00013217219384387136,0.000215753776865275,True,True
2026-08-15 15:56:41,leather,monitor,C:/cira_batch_test/leather/bad_16.png,bad_16.png,anomaly,True,0.03731539845466614,0.03731539845466614,0.03417175290126485,0.03417175290126485,0.030724090337753297,False,False,16000,False,,False,0.0,cpu,patch_nearest_normal,last2,14,0.05,False,,,0.00012173437426099554,0.000215753776865275,False,True
2026-08-15 15:56:42,leather,monitor,C:/cira_batch_test/leather/good_6.png,good_6.png,normal,False,0.033265989273786545,0.033265989273786545,0.03417175290126485,0.03417175290126485,0.030724090337753297,False,False,16000,False,,False,0.0,cpu,patch_nearest_normal,last2,14,0.05,False,,,0.00013038713950663805,0.000215753776865275,False,True
2026-08-15 15:56:44,leather,monitor,C:/cira_batch_test/leather/good_13.png,good_13.png,anomaly,True,0.03681474179029465,0.03681474179029465,0.03417175290126485,0.03417175290126485,0.030724090337753297,False,False,16000,False,,False,0.0,cpu,patch_nearest_normal,last2,14,0.05,False,,,0.00012153678108006716,0.000215753776865275,False,True
2026-08-15 15:56:45,leather,monitor,C:/cira_batch_test/leather/good_15.png,good_15.png,normal,False,3.610849307733588e-05,3.337860050578456e-07,0.03417175290126485,0.03417175290126485,0.030724090337753297,False,True,16000,True,0.00016273344226647168,True,0.002777127316221595,cpu,patch_nearest_normal,last2,14,0.05,False,,,0.00016236280498560518,0.000215753776865275,True,True
2026-08-15 15:56:47,leather,monitor,C:/cira_batch_test/leather/good_20.png,good_20.png,normal,False,0.028720248490571976,3.5762786865234375e-07,0.03417175290126485,0.03417175290126485,0.030724090337753297,False,True,16000,True,0.00012940599117428064,True,0.002765566809102893,cpu,patch_nearest_normal,last2,14,0.05,False,,,0.0001312114909524098,0.000215753776865275,True,True
2026-08-15 15:56:49,leather,monitor,C:/cira_batch_test/leather/bad_17.png,bad_17.png,anomaly,True,0.23965966701507568,0.23965966701507568,0.03417175290126485,0.03417175290126485,0.030724090337753297,False,False,16000,False,,False,0.0,cpu,patch_nearest_normal,last2,14,0.05,False,,,0.00018227707187179476,0.000215753776865275,False,True
2026-08-15 15:56:50,leather,monitor,C:/cira_batch_test/leather/good_11.png,good_11.png,anomaly,True,0.03770390897989273,0.03770390897989273,0.03417175290126485,0.03417175290126485,0.030724090337753297,False,False,16000,False,,False,0.0,cpu,patch_nearest_normal,last2,14,0.05,False,,,0.00011072870256612077,0.000215753776865275,False,True
2026-08-15 15:56:52,leather,monitor,C:/cira_batch_test/leather/bad_20.png,bad_20.png,anomaly,True,0.0998106449842453,0.0998106449842453,0.03417175290126485,0.03417175290126485,0.030724090337753297,False,False,16000,False,,False,0.0,cpu,patch_nearest_normal,last2,14,0.05,False,,,0.00016930988931562752,0.000215753776865275,False,True
2026-08-15 15:56:54,leather,monitor,C:/cira_batch_test/leather/good_8.png,good_8.png,normal,False,0.030519241467118263,3.457069510659494e-07,0.03417175290126485,0.03417175290126485,0.030724090337753297,False,True,16000,True,0.00012023270392091945,True,0.002734151668846607,cpu,patch_nearest_normal,last2,14,0.05,False,,,0.00011847817222587764,0.000215753776865275,True,True
2026-08-15 15:56:55,leather,monitor,C:/cira_batch_test/leather/bad_10.png,bad_10.png,anomaly,True,0.08023355901241302,0.08023355901241302,0.03417175290126485,0.03417175290126485,0.030724090337753297,False,False,16000,False,,False,0.0,cpu,patch_nearest_normal,last2,14,0.05,False,,,0.0001289375068154186,0.000215753776865275,False,True
2026-08-15 15:56:57,leather,monitor,C:/cira_batch_test/leather/good_3.png,good_3.png,normal,False,0.03126290440559387,0.03126290440559387,0.03417175290126485,0.03417175290126485,0.030724090337753297,False,False,16000,False,,False,0.0,cpu,patch_nearest_normal,last2,14,0.05,False,,,0.00014200093573890626,0.000215753776865275,False,True
2026-08-15 15:56:58,leather,monitor,C:/cira_batch_test/leather/bad_11.png,bad_11.png,anomaly,True,0.38776320219039917,0.38776320219039917,0.03417175290126485,0.03417175290126485,0.030724090337753297,False,False,16000,False,,False,0.0,cpu,patch_nearest_normal,last2,14,0.05,False,,,0.00017499444948043674,0.000215753776865275,False,True
2026-08-15 15:57:00,leather,monitor,C:/cira_batch_test/leather/bad_18.png,bad_18.png,normal,False,0.03281988948583603,0.03281988948583603,0.03417175290126485,0.03417175290126485,0.030724090337753297,False,False,16000,False,,False,0.0,cpu,patch_nearest_normal,last2,14,0.05,False,,,0.00011321694910293445,0.000215753776865275,False,True
2026-08-15 15:57:01,leather,monitor,C:/cira_batch_test/leather/good_12.png,good_12.png,anomaly,True,0.03605378419160843,0.03605378419160843,0.03417175290126485,0.03417175290126485,0.030724090337753297,False,False,16000,False,,False,0.0,cpu,patch_nearest_normal,last2,14,0.05,False,,,0.00010712597577366978,0.000215753776865275,False,True
2026-08-15 15:57:03,leather,monitor,C:/cira_batch_test/leather/good_17.png,good_17.png,normal,False,7.914900925243273e-05,2.9206276508375595e-07,0.03417175290126485,0.03417175290126485,0.030724090337753297,False,True,16000,True,0.00014837468916084617,True,0.002737262984737754,cpu,patch_nearest_normal,last2,14,0.05,False,,,0.0001366676006000489,0.000215753776865275,True,True
2026-08-15 15:57:04,leather,monitor,C:/cira_batch_test/leather/bad_5.png,bad_5.png,anomaly,True,0.04186549782752991,0.04186549782752991,0.03417175290126485,0.03417175290126485,0.030724090337753297,False,False,16000,False,,False,0.0,cpu,patch_nearest_normal,last2,14,0.05,False,,,0.00012774940114468336,0.000215753776865275,False,True
2026-08-15 15:57:06,leather,monitor,C:/cira_batch_test/leather/bad_6.png,bad_6.png,anomaly,True,0.03457013517618179,0.03457013517618179,0.03417175290126485,0.03417175290126485,0.030724090337753297,False,False,16000,False,,False,0.0,cpu,patch_nearest_normal,last2,14,0.05,False,,,0.00011945168080274016,0.000215753776865275,False,True
2026-08-15 15:57:08,leather,monitor,C:/cira_batch_test/leather/bad_7.png,bad_7.png,anomaly,True,0.1860504448413849,0.1860504448413849,0.03417175290126485,0.03417175290126485,0.030724090337753297,False,False,16000,False,,False,0.0,cpu,patch_nearest_normal,last2,14,0.05,False,,,0.0001357546861981973,0.000215753776865275,False,True
2026-08-15 15:57:09,leather,monitor,C:/cira_batch_test/leather/bad_9.png,bad_9.png,normal,False,0.03132056072354317,0.03132056072354317,0.03417175290126485,0.03417175290126485,0.030724090337753297,False,False,16000,False,,False,0.0,cpu,patch_nearest_normal,last2,14,0.05,False,,,0.0001291111548198387,0.000215753776865275,False,True
2026-08-15 15:57:11,leather,monitor,C:/cira_batch_test/leather/bad_4.png,bad_4.png,anomaly,True,0.07258827984333038,0.07258827984333038,0.03417175290126485,0.03417175290126485,0.030724090337753297,False,False,16000,False,,False,0.0,cpu,patch_nearest_normal,last2,14,0.05,False,,,0.00015090224042069167,0.000215753776865275,False,True
2026-08-15 15:57:12,leather,monitor,C:/cira_batch_test/leather/bad_2.png,bad_2.png,anomaly,True,0.26733487844467163,0.26733487844467163,0.03417175290126485,0.03417175290126485,0.030724090337753297,False,False,16000,False,,False,0.0,cpu,patch_nearest_normal,last2,14,0.05,False,,,0.0001049564452841878,0.000215753776865275,False,True
2026-08-15 15:57:14,metal_nut,monitor,C:/cira_batch_test/metal_nut/good_1.png,good_1.png,normal,False,0.00025562645168974996,3.2782554626464844e-07,0.07371339670893942,0.07371339670893942,0.06968219578266144,False,True,16000,True,9.285577107220888e-05,True,0.0024359377566725016,cpu,patch_nearest_normal,last2,14,0.05,False,,,8.814741886453703e-05,0.00010222778946618,True,True
2026-08-15 15:57:15,metal_nut,monitor,C:/cira_batch_test/metal_nut/good_7.png,good_7.png,normal,False,0.00025365353212691844,0.00025365353212691844,0.07371339670893942,0.07371339670893942,0.06968219578266144,False,False,16000,False,,False,0.0,cpu,patch_nearest_normal,last2,14,0.05,False,,,0.00010359442967455834,0.00010222778946618,True,False
2026-08-15 15:57:17,metal_nut,monitor,C:/cira_batch_test/metal_nut/good_9.png,good_9.png,anomaly,True,0.07399020344018936,0.07399020344018936,0.07371339670893942,0.07371339670893942,0.06968219578266144,False,False,16000,False,,False,0.0,cpu,patch_nearest_normal,last2,14,0.05,False,,,0.00010147828288609162,0.00010222778946618,False,True
2026-08-15 15:57:18,metal_nut,monitor,C:/cira_batch_test/metal_nut/bad_8.png,bad_8.png,anomaly,True,0.1649916023015976,0.1649916023015976,0.07371339670893942,0.07371339670893942,0.06968219578266144,False,False,16000,False,,False,0.0,cpu,patch_nearest_normal,last2,14,0.05,False,,,0.00011925210856134072,0.00010222778946618,False,False
2026-08-15 15:57:20,metal_nut,monitor,C:/cira_batch_test/metal_nut/bad_1.png,bad_1.png,anomaly,True,0.12108609825372696,0.12108609825372696,0.07371339670893942,0.07371339670893942,0.06968219578266144,False,False,16000,False,,False,0.0,cpu,patch_nearest_normal,last2,14,0.05,False,,,0.00010234249930363148,0.00010222778946618,False,False
2026-08-15 15:57:21,metal_nut,monitor,C:/cira_batch_test/metal_nut/bad_14.png,bad_14.png,anomaly,True,0.1619861125946045,0.1619861125946045,0.07371339670893942,0.07371339670893942,0.06968219578266144,False,False,16000,False,,False,0.0,cpu,patch_nearest_normal,last2,14,0.05,False,,,9.994172432925552e-05,0.00010222778946618,False,True
2026-08-15 15:57:23,metal_nut,monitor,C:/cira_batch_test/metal_nut/bad_15.png,bad_15.png,anomaly,True,0.1620163917541504,0.1620163917541504,0.07371339670893942,0.07371339670893942,0.06968219578266144,False,False,16000,False,,False,0.0,cpu,patch_nearest_normal,last2,14,0.05,False,,,0.00012656849867198616,0.00010222778946618,False,False
2026-08-15 15:57:24,metal_nut,monitor,C:/cira_batch_test/metal_nut/good_19.png,good_19.png,normal,False,0.0544997937977314,0.0544997937977314,0.07371339670893942,0.07371339670893942,0.06968219578266144,False,False,16000,False,,False,0.0,cpu,patch_nearest_normal,last2,14,0.05,False,,,0.0001085685144062154,0.00010222778946618,True,False
2026-08-15 15:57:25,metal_nut,monitor,C:/cira_batch_test/metal_nut/bad_3.png,bad_3.png,anomaly,True,0.1520991325378418,0.1520991325378418,0.07371339670893942,0.07371339670893942,0.06968219578266144,False,False,16000,False,,False,0.0,cpu,patch_nearest_normal,last2,14,0.05,False,,,0.00010284082236466929,0.00010222778946618,False,False
2026-08-15 15:57:27,metal_nut,monitor,C:/cira_batch_test/metal_nut/good_5.png,good_5.png,normal,False,0.00021227597608231008,2.5629998390286346e-07,0.07371339670893942,0.07371339670893942,0.06968219578266144,False,True,16000,True,0.00010096418554894626,True,0.0024418628308922052,cpu,patch_nearest_normal,last2,14,0.05,False,,,9.016015246743336e-05,0.00010222778946618,True,True
2026-08-15 15:57:28,metal_nut,monitor,C:/cira_batch_test/metal_nut/good_16.png,good_16.png,normal,False,0.06970025599002838,0.06970025599002838,0.07371339670893942,0.07371339670893942,0.06968219578266144,False,False,16000,False,,False,0.0,cpu,patch_nearest_normal,last2,14,0.05,False,,,9.215300087817013e-05,0.00010222778946618,False,True
2026-08-15 15:57:30,metal_nut,monitor,C:/cira_batch_test/metal_nut/good_14.png,good_14.png,normal,False,0.00021116137213539332,2.6226044269606064e-07,0.07371339670893942,0.07371339670893942,0.06968219578266144,False,True,16000,True,9.467723430134356e-05,True,0.002422100631520152,cpu,patch_nearest_normal,last2,14,0.05,False,,,9.041876182891428e-05,0.00010222778946618,True,True
2026-08-15 15:57:32,metal_nut,monitor,C:/cira_batch_test/metal_nut/good_2.png,good_2.png,normal,False,0.0002108097105519846,2.980232238769531e-07,0.07371339670893942,0.07371339670893942,0.06968219578266144,False,True,16000,True,0.00010063798981718719,True,0.002419873606413603,cpu,patch_nearest_normal,last2,14,0.05,False,,,9.736139327287674e-05,0.00010222778946618,True,True
2026-08-15 15:57:33,metal_nut,monitor,C:/cira_batch_test/metal_nut/bad_13.png,bad_13.png,anomaly,True,0.1837732493877411,0.1837732493877411,0.07371339670893942,0.07371339670893942,0.06968219578266144,False,False,16000,False,,False,0.0,cpu,patch_nearest_normal,last2,14,0.05,False,,,0.00010045211092801765,0.00010222778946618,False,True
2026-08-15 15:57:35,metal_nut,monitor,C:/cira_batch_test/metal_nut/good_10.png,good_10.png,normal,False,0.07294289767742157,0.07294289767742157,0.07371339670893942,0.07371339670893942,0.06968219578266144,False,False,16000,False,,False,0.0,cpu,patch_nearest_normal,last2,14,0.05,False,,,8.835858898237348e-05,0.00010222778946618,False,True
2026-08-15 15:57:36,metal_nut,monitor,C:/cira_batch_test/metal_nut/bad_19.png,bad_19.png,anomaly,True,0.15598610043525696,0.15598610043525696,0.07371339670893942,0.07371339670893942,0.06968219578266144,False,False,16000,False,,False,0.0,cpu,patch_nearest_normal,last2,14,0.05,False,,,0.000115292685222812,0.00010222778946618,False,False
2026-08-15 15:57:38,metal_nut,monitor,C:/cira_batch_test/metal_nut/good_4.png,good_4.png,normal,False,0.0002100825367961079,2.5033949668795685e-07,0.07371339670893942,0.07371339670893942,0.06968219578266144,False,True,16000,True,9.483651228947565e-05,True,0.002412277739495039,cpu,patch_nearest_normal,last2,14,0.05,False,,,9.069707448361441e-05,0.00010222778946618,True,True
2026-08-15 15:57:39,metal_nut,monitor,C:/cira_batch_test/metal_nut/bad_12.png,bad_12.png,anomaly,True,0.11798248440027237,0.11798248440027237,0.07371339670893942,0.07371339670893942,0.06968219578266144,False,False,16000,False,,False,0.0,cpu,patch_nearest_normal,last2,14,0.05,False,,,9.669722930993885e-05,0.00010222778946618,False,True
2026-08-15 15:57:41,metal_nut,monitor,C:/cira_batch_test/metal_nut/good_18.png,good_18.png,normal,False,0.00020949840836692601,2.5629998390286346e-07,0.07371339670893942,0.07371339670893942,0.06968219578266144,False,True,16000,True,0.00010248502803733572,True,0.0024164824280887842,cpu,patch_nearest_normal,last2,14,0.05,False,,,9.84955913736485e-05,0.00010222778946618,True,True
2026-08-15 15:57:42,metal_nut,monitor,C:/cira_batch_test/metal_nut/bad_16.png,bad_16.png,anomaly,True,0.18178880214691162,0.18178880214691162,0.07371339670893942,0.07371339670893942,0.06968219578266144,False,False,16000,False,,False,0.0,cpu,patch_nearest_normal,last2,14,0.05,False,,,0.00010422474588267505,0.00010222778946618,False,False
2026-08-15 15:57:44,metal_nut,monitor,C:/cira_batch_test/metal_nut/good_6.png,good_6.png,normal,False,0.00020841360674239695,2.8014181907565217e-07,0.07371339670893942,0.07371339670893942,0.06968219578266144,False,True,16000,True,0.00010302625014446676,True,0.0024306003469973803,cpu,patch_nearest_normal,last2,14,0.05,True,C:\cira_ttl_checkpoints\metal_nut\patch_memory_bank_update_20.pt,C:\cira_ttl_checkpoints\metal_nut\patch_adapter_update_20.pt,9.576858428772539e-05,0.00010222778946618,True,True
2026-08-15 15:57:46,metal_nut,monitor,C:/cira_batch_test/metal_nut/good_13.png,good_13.png,normal,False,0.00020778179168701172,2.8610230629055877e-07,0.07371339670893942,0.07371339670893942,0.06968219578266144,False,True,16000,True,9.046307241078466e-05,True,0.002416570670902729,cpu,patch_nearest_normal,last2,14,0.05,False,,,9.324901475338265e-05,0.00010222778946618,True,True
2026-08-15 15:57:47,metal_nut,monitor,C:/cira_batch_test/metal_nut/good_15.png,good_15.png,normal,False,0.00020692349062301219,2.980232238769531e-07,0.07371339670893942,0.07371339670893942,0.06968219578266144,False,True,16000,True,9.717706416267902e-05,True,0.002413161564618349,cpu,patch_nearest_normal,last2,14,0.05,False,,,0.00010065935930470005,0.00010222778946618,True,True
2026-08-15 15:57:49,metal_nut,monitor,C:/cira_batch_test/metal_nut/good_20.png,good_20.png,normal,False,0.0002067089080810547,2.9206276508375595e-07,0.07371339670893942,0.07371339670893942,0.06968219578266144,False,True,16000,True,0.00010358674626331776,True,0.0024224973749369383,cpu,patch_nearest_normal,last2,14,0.05,False,,,9.850216883933172e-05,0.00010222778946618,True,True
2026-08-15 15:57:50,metal_nut,monitor,C:/cira_batch_test/metal_nut/bad_17.png,bad_17.png,anomaly,True,0.14681784808635712,0.14681784808635712,0.07371339670893942,0.07371339670893942,0.06968219578266144,False,False,16000,False,,False,0.0,cpu,patch_nearest_normal,last2,14,0.05,False,,,0.00010602276597637683,0.00010222778946618,False,False
2026-08-15 15:57:52,metal_nut,monitor,C:/cira_batch_test/metal_nut/good_11.png,good_11.png,anomaly,True,0.07567337900400162,0.07567337900400162,0.07371339670893942,0.07371339670893942,0.06968219578266144,False,False,16000,False,,False,0.0,cpu,patch_nearest_normal,last2,14,0.05,False,,,8.960418199421838e-05,0.00010222778946618,False,True
2026-08-15 15:57:53,metal_nut,monitor,C:/cira_batch_test/metal_nut/bad_20.png,bad_20.png,anomaly,True,0.16635112464427948,0.16635112464427948,0.07371339670893942,0.07371339670893942,0.06968219578266144,False,False,16000,False,,False,0.0,cpu,patch_nearest_normal,last2,14,0.05,False,,,0.00010689548798836768,0.00010222778946618,False,False
2026-08-15 15:57:55,metal_nut,monitor,C:/cira_batch_test/metal_nut/good_8.png,good_8.png,anomaly,True,0.07628345489501953,0.07628345489501953,0.07371339670893942,0.07371339670893942,0.06968219578266144,False,False,16000,False,,False,0.0,cpu,patch_nearest_normal,last2,14,0.05,False,,,9.634354501031339e-05,0.00010222778946618,False,True
2026-08-15 15:57:56,metal_nut,monitor,C:/cira_batch_test/metal_nut/bad_10.png,bad_10.png,anomaly,True,0.11466667801141739,0.11466667801141739,0.07371339670893942,0.07371339670893942,0.06968219578266144,False,False,16000,False,,False,0.0,cpu,patch_nearest_normal,last2,14,0.05,False,,,0.00010847836529137567,0.00010222778946618,False,False
2026-08-15 15:57:58,metal_nut,monitor,C:/cira_batch_test/metal_nut/good_3.png,good_3.png,normal,False,0.0002062439889414236,2.8014181907565217e-07,0.07371339670893942,0.07371339670893942,0.06968219578266144,False,True,16000,True,0.00010015370207838714,True,0.002418307587504387,cpu,patch_nearest_normal,last2,14,0.05,False,,,9.826666064327583e-05,0.00010222778946618,True,True
2026-08-15 15:57:59,metal_nut,monitor,C:/cira_batch_test/metal_nut/bad_11.png,bad_11.png,anomaly,True,0.1608535796403885,0.1608535796403885,0.07371339670893942,0.07371339670893942,0.06968219578266144,False,False,16000,False,,False,0.0,cpu,patch_nearest_normal,last2,14,0.05,False,,,0.000139598676469177,0.00010222778946618,False,False
2026-08-15 15:58:01,metal_nut,monitor,C:/cira_batch_test/metal_nut/bad_18.png,bad_18.png,anomaly,True,0.12625224888324738,0.12625224888324738,0.07371339670893942,0.07371339670893942,0.06968219578266144,False,False,16000,False,,False,0.0,cpu,patch_nearest_normal,last2,14,0.05,False,,,0.00010272968938807026,0.00010222778946618,False,False
2026-08-15 15:58:02,metal_nut,monitor,C:/cira_batch_test/metal_nut/good_12.png,good_12.png,normal,False,0.00020588040933944285,2.6226044269606064e-07,0.07371339670893942,0.07371339670893942,0.06968219578266144,False,True,16000,True,0.00010648381430655718,True,0.0024240619968622923,cpu,patch_nearest_normal,last2,14,0.05,False,,,9.83514473773539e-05,0.00010222778946618,True,True
2026-08-15 15:58:04,metal_nut,monitor,C:/cira_batch_test/metal_nut/good_17.png,good_17.png,anomaly,True,0.08387401700019836,0.08387401700019836,0.07371339670893942,0.07371339670893942,0.06968219578266144,False,False,16000,False,,False,0.0,cpu,patch_nearest_normal,last2,14,0.05,False,,,0.00010885853407671675,0.00010222778946618,False,False
2026-08-15 15:58:05,metal_nut,monitor,C:/cira_batch_test/metal_nut/bad_5.png,bad_5.png,anomaly,True,0.15130189061164856,0.15130189061164856,0.07371339670893942,0.07371339670893942,0.06968219578266144,False,False,16000,False,,False,0.0,cpu,patch_nearest_normal,last2,14,0.05,False,,,0.00011785604147007689,0.00010222778946618,False,False
2026-08-15 15:58:07,metal_nut,monitor,C:/cira_batch_test/metal_nut/bad_6.png,bad_6.png,anomaly,True,0.15520843863487244,0.15520843863487244,0.07371339670893942,0.07371339670893942,0.06968219578266144,False,False,16000,False,,False,0.0,cpu,patch_nearest_normal,last2,14,0.05,False,,,0.00013768504140898585,0.00010222778946618,False,False
2026-08-15 15:58:08,metal_nut,monitor,C:/cira_batch_test/metal_nut/bad_7.png,bad_7.png,anomaly,True,0.14305831491947174,0.14305831491947174,0.07371339670893942,0.07371339670893942,0.06968219578266144,False,False,16000,False,,False,0.0,cpu,patch_nearest_normal,last2,14,0.05,False,,,0.00011524117144290358,0.00010222778946618,False,False
2026-08-15 15:58:10,metal_nut,monitor,C:/cira_batch_test/metal_nut/bad_9.png,bad_9.png,anomaly,True,0.16212905943393707,0.16212905943393707,0.07371339670893942,0.07371339670893942,0.06968219578266144,False,False,16000,False,,False,0.0,cpu,patch_nearest_normal,last2,14,0.05,False,,,0.00010861210466828197,0.00010222778946618,False,False
2026-08-15 15:58:11,metal_nut,monitor,C:/cira_batch_test/metal_nut/bad_4.png,bad_4.png,anomaly,True,0.19445055723190308,0.19445055723190308,0.07371339670893942,0.07371339670893942,0.06968219578266144,False,False,16000,False,,False,0.0,cpu,patch_nearest_normal,last2,14,0.05,False,,,0.00011999042908428237,0.00010222778946618,False,False
2026-08-15 15:58:12,metal_nut,monitor,C:/cira_batch_test/metal_nut/bad_2.png,bad_2.png,anomaly,True,0.07829950004816055,0.07829950004816055,0.07371339670893942,0.07371339670893942,0.06968219578266144,False,False,16000,False,,False,0.0,cpu,patch_nearest_normal,last2,14,0.05,False,,,0.00010500743519514799,0.00010222778946618,False,False
2026-08-15 15:58:14,pill,monitor,C:/cira_batch_test/pill/good_1.png,good_1.png,normal,False,0.0003269791486673057,2.74181360282455e-07,0.05881828558520522,0.05881828558520522,0.05084799118340016,False,True,16000,True,0.00015937820717226714,True,0.0025632709730416536,cpu,patch_nearest_normal,last2,14,0.05,False,,,0.00013981327356304973,0.00015804108188598499,True,True
2026-08-15 15:58:16,pill,monitor,C:/cira_batch_test/pill/good_7.png,good_7.png,normal,False,0.00032317041768692434,2.9206276508375595e-07,0.05881828558520522,0.05881828558520522,0.05084799118340016,False,True,16000,True,0.0001514695177320391,True,0.002569733187556267,cpu,patch_nearest_normal,last2,14,0.05,False,,,0.00015054672257974744,0.00015804108188598499,True,True
2026-08-15 15:58:17,pill,monitor,C:/cira_batch_test/pill/good_9.png,good_9.png,normal,False,0.00032216310501098633,3.2186508747145126e-07,0.05881828558520522,0.05881828558520522,0.05084799118340016,False,True,16000,True,0.00014031764294486493,True,0.002565826755017042,cpu,patch_nearest_normal,last2,14,0.05,False,,,0.000130096756038256,0.00015804108188598499,True,True
2026-08-15 15:58:19,pill,monitor,C:/cira_batch_test/pill/bad_8.png,bad_8.png,anomaly,True,0.11712785065174103,0.11712785065174103,0.05881828558520522,0.05881828558520522,0.05084799118340016,False,False,16000,False,,False,0.0,cpu,patch_nearest_normal,last2,14,0.05,False,,,0.00014154847303871065,0.00015804108188598499,False,True
2026-08-15 15:58:20,pill,monitor,C:/cira_batch_test/pill/bad_1.png,bad_1.png,anomaly,True,0.08057454228401184,0.08057454228401184,0.05881828558520522,0.05881828558520522,0.05084799118340016,False,False,16000,False,,False,0.0,cpu,patch_nearest_normal,last2,14,0.05,False,,,0.00014425950939767063,0.00015804108188598499,False,True
2026-08-15 15:58:22,pill,monitor,C:/cira_batch_test/pill/bad_14.png,bad_14.png,anomaly,True,0.06769882142543793,0.06769882142543793,0.05881828558520522,0.05881828558520522,0.05084799118340016,False,False,16000,False,,False,0.0,cpu,patch_nearest_normal,last2,14,0.05,False,,,0.000145824727951549,0.00015804108188598499,False,True
2026-08-15 15:58:23,pill,monitor,C:/cira_batch_test/pill/bad_15.png,bad_15.png,anomaly,True,0.07099225372076035,0.07099225372076035,0.05881828558520522,0.05881828558520522,0.05084799118340016,False,False,16000,False,,False,0.0,cpu,patch_nearest_normal,last2,14,0.05,False,,,0.00013814936392009258,0.00015804108188598499,False,True
2026-08-15 15:58:25,pill,monitor,C:/cira_batch_test/pill/good_19.png,good_19.png,normal,False,0.05803919956088066,0.05803919956088066,0.05881828558520522,0.05881828558520522,0.05084799118340016,False,False,16000,False,,False,0.0,cpu,patch_nearest_normal,last2,14,0.05,False,,,0.00014573651424143463,0.00015804108188598499,False,True
2026-08-15 15:58:26,pill,monitor,C:/cira_batch_test/pill/bad_3.png,bad_3.png,anomaly,True,0.06809473782777786,0.06809473782777786,0.05881828558520522,0.05881828558520522,0.05084799118340016,False,False,16000,False,,False,0.0,cpu,patch_nearest_normal,last2,14,0.05,False,,,0.00015511680976487696,0.00015804108188598499,False,True
2026-08-15 15:58:28,pill,monitor,C:/cira_batch_test/pill/good_5.png,good_5.png,normal,False,0.00031996966572478414,2.980232238769531e-07,0.05881828558520522,0.05881828558520522,0.05084799118340016,False,True,16000,True,0.00014628593635279685,True,0.0025660041719675064,cpu,patch_nearest_normal,last2,14,0.05,False,,,0.0001343971525784582,0.00015804108188598499,True,True
2026-08-15 15:58:30,pill,monitor,C:/cira_batch_test/pill/good_16.png,good_16.png,normal,False,0.04877553507685661,3.039836826701503e-07,0.05881828558520522,0.05881828558520522,0.05084799118340016,False,True,16000,True,0.00016114755999296904,True,0.002565122442319989,cpu,patch_nearest_normal,last2,14,0.05,False,,,0.00013855527504347265,0.00015804108188598499,True,True
2026-08-15 15:58:31,pill,monitor,C:/cira_batch_test/pill/good_14.png,good_14.png,normal,False,0.0003720998647622764,3.099441414633475e-07,0.05881828558520522,0.05881828558520522,0.05084799118340016,False,True,16000,True,0.00011358213669154793,True,0.0025220541283488274,cpu,patch_nearest_normal,last2,14,0.05,True,C:\cira_ttl_checkpoints\pill\patch_memory_bank_update_20.pt,C:\cira_ttl_checkpoints\pill\patch_adapter_update_20.pt,0.00012132111442042515,0.00015804108188598499,True,True
2026-08-15 15:58:33,pill,monitor,C:/cira_batch_test/pill/good_2.png,good_2.png,normal,False,0.0003675222396850586,3.099441414633475e-07,0.05881828558520522,0.05881828558520522,0.05084799118340016,False,True,16000,True,0.0001492221053922549,True,0.0025254373904317617,cpu,patch_nearest_normal,last2,14,0.05,False,,,0.00013930680870544165,0.00015804108188598499,True,True
2026-08-15 15:58:34,pill,monitor,C:/cira_batch_test/pill/bad_13.png,bad_13.png,normal,False,0.05655824393033981,0.05655824393033981,0.05881828558520522,0.05881828558520522,0.05084799118340016,False,False,16000,False,,False,0.0,cpu,patch_nearest_normal,last2,14,0.05,False,,,0.00016704817244317383,0.00015804108188598499,False,False
2026-08-15 15:58:36,pill,monitor,C:/cira_batch_test/pill/good_10.png,good_10.png,normal,False,0.00036750436993315816,2.682209014892578e-07,0.05881828558520522,0.05881828558520522,0.05084799118340016,False,True,16000,True,0.00014572302461601794,True,0.0025316597893834114,cpu,patch_nearest_normal,last2,14,0.05,False,,,0.0001309905928792432,0.00015804108188598499,True,True
2026-08-15 15:58:38,pill,monitor,C:/cira_batch_test/pill/bad_19.png,bad_19.png,anomaly,True,0.06065835431218147,0.06065835431218147,0.05881828558520522,0.05881828558520522,0.05084799118340016,False,False,16000,False,,False,0.0,cpu,patch_nearest_normal,last2,14,0.05,False,,,0.00014273932902142406,0.00015804108188598499,False,True
2026-08-15 15:58:39,pill,monitor,C:/cira_batch_test/pill/good_4.png,good_4.png,normal,False,0.0003645479737315327,2.8014181907565217e-07,0.05881828558520522,0.05881828558520522,0.05084799118340016,False,True,16000,True,0.0001509236026322469,True,0.0025229575112462044,cpu,patch_nearest_normal,last2,14,0.05,False,,,0.00014459082740359008,0.00015804108188598499,True,True
2026-08-15 15:58:41,pill,monitor,C:/cira_batch_test/pill/bad_12.png,bad_12.png,anomaly,True,0.1196126714348793,0.1196126714348793,0.05881828558520522,0.05881828558520522,0.05084799118340016,False,False,16000,False,,False,0.0,cpu,patch_nearest_normal,last2,14,0.05,False,,,0.00016992961172945797,0.00015804108188598499,False,False
2026-08-15 15:58:42,pill,monitor,C:/cira_batch_test/pill/good_18.png,good_18.png,normal,False,0.05077601596713066,2.682209014892578e-07,0.05881828558520522,0.05881828558520522,0.05084799118340016,False,True,16000,True,0.00017493401537649333,True,0.002528068609535694,cpu,patch_nearest_normal,last2,14,0.05,False,,,0.00015526269271504134,0.00015804108188598499,True,True
2026-08-15 15:58:44,pill,monitor,C:/cira_batch_test/pill/bad_16.png,bad_16.png,anomaly,True,0.07200930267572403,0.07200930267572403,0.05881828558520522,0.05881828558520522,0.05084799118340016,False,False,16000,False,,False,0.0,cpu,patch_nearest_normal,last2,14,0.05,False,,,0.00014957711391616613,0.00015804108188598499,False,True
2026-08-15 15:58:45,pill,monitor,C:/cira_batch_test/pill/good_6.png,good_6.png,normal,False,0.00041447876719757915,3.039836826701503e-07,0.05881828558520522,0.05881828558520522,0.05084799118340016,False,True,16000,True,0.00016084832896012813,True,0.002533677266910672,cpu,patch_nearest_normal,last2,14,0.05,False,,,0.00014305835065897554,0.00015804108188598499,True,True
2026-08-15 15:58:47,pill,monitor,C:/cira_batch_test/pill/good_13.png,good_13.png,normal,False,0.054711371660232544,0.054711371660232544,0.05881828558520522,0.05881828558520522,0.05084799118340016,False,False,16000,False,,False,0.0,cpu,patch_nearest_normal,last2,14,0.05,False,,,0.00013953936286270618,0.00015804108188598499,False,True
2026-08-15 15:58:49,pill,monitor,C:/cira_batch_test/pill/good_15.png,good_15.png,normal,False,0.0004142761172261089,2.682209014892578e-07,0.05881828558520522,0.05881828558520522,0.05084799118340016,False,True,16000,True,0.0001410325348842889,True,0.002529412740841508,cpu,patch_nearest_normal,last2,14,0.05,False,,,0.0001337956200586632,0.00015804108188598499,True,True
2026-08-15 15:58:50,pill,monitor,C:/cira_batch_test/pill/good_20.png,good_20.png,normal,False,0.05180967599153519,0.05180967599153519,0.05881828558520522,0.05881828558520522,0.05084799118340016,False,False,16000,False,,False,0.0,cpu,patch_nearest_normal,last2,14,0.05,False,,,0.0001246403408003971,0.00015804108188598499,False,True
2026-08-15 15:58:51,pill,monitor,C:/cira_batch_test/pill/bad_17.png,bad_17.png,anomaly,True,0.07656930387020111,0.07656930387020111,0.05881828558520522,0.05881828558520522,0.05084799118340016,False,False,16000,False,,False,0.0,cpu,patch_nearest_normal,last2,14,0.05,False,,,0.00016716202662792057,0.00015804108188598499,False,False
2026-08-15 15:58:53,pill,monitor,C:/cira_batch_test/pill/good_11.png,good_11.png,normal,False,0.0004164278507232666,2.8610230629055877e-07,0.05881828558520522,0.05881828558520522,0.05084799118340016,False,True,16000,True,0.00012133256677770987,True,0.0024875204544514418,cpu,patch_nearest_normal,last2,14,0.05,False,,,0.00011852072202600539,0.00015804108188598499,True,True
2026-08-15 15:58:55,pill,monitor,C:/cira_batch_test/pill/bad_20.png,bad_20.png,anomaly,True,0.061061929911375046,0.061061929911375046,0.05881828558520522,0.05881828558520522,0.05084799118340016,False,False,16000,False,,False,0.0,cpu,patch_nearest_normal,last2,14,0.05,False,,,0.00013731182843912393,0.00015804108188598499,False,True
2026-08-15 15:58:56,pill,monitor,C:/cira_batch_test/pill/good_8.png,good_8.png,anomaly,True,0.05944307893514633,0.05944307893514633,0.05881828558520522,0.05881828558520522,0.05084799118340016,False,False,16000,False,,False,0.0,cpu,patch_nearest_normal,last2,14,0.05,False,,,0.00014146268949843943,0.00015804108188598499,False,True
2026-08-15 15:58:58,pill,monitor,C:/cira_batch_test/pill/bad_10.png,bad_10.png,normal,False,0.00040987133979797363,2.8610230629055877e-07,0.05881828558520522,0.05881828558520522,0.05084799118340016,False,True,16000,True,0.00013952609151601791,True,0.0024860070552676916,cpu,patch_nearest_normal,last2,14,0.05,False,,,0.00014975455997046083,0.00015804108188598499,True,True
2026-08-15 15:58:59,pill,monitor,C:/cira_batch_test/pill/good_3.png,good_3.png,normal,False,0.0004077732446603477,2.8610230629055877e-07,0.05881828558520522,0.05881828558520522,0.05084799118340016,False,True,16000,True,0.00012930030061397702,True,0.002478409791365266,cpu,patch_nearest_normal,last2,14,0.05,False,,,0.0001427799870725721,0.00015804108188598499,True,True
2026-08-15 15:59:01,pill,monitor,C:/cira_batch_test/pill/bad_11.png,bad_11.png,anomaly,True,0.09762267768383026,0.09762267768383026,0.05881828558520522,0.05881828558520522,0.05084799118340016,False,False,16000,False,,False,0.0,cpu,patch_nearest_normal,last2,14,0.05,False,,,0.00015494444232899696,0.00015804108188598499,False,True
2026-08-15 15:59:02,pill,monitor,C:/cira_batch_test/pill/bad_18.png,bad_18.png,normal,False,0.0538385808467865,0.0538385808467865,0.05881828558520522,0.05881828558520522,0.05084799118340016,False,False,16000,False,,False,0.0,cpu,patch_nearest_normal,last2,14,0.05,False,,,0.00012659051571972668,0.00015804108188598499,False,True
2026-08-15 15:59:04,pill,monitor,C:/cira_batch_test/pill/good_12.png,good_12.png,normal,False,0.00040648580761626363,3.457069510659494e-07,0.05881828558520522,0.05881828558520522,0.05084799118340016,False,True,16000,True,0.00013772858073934913,True,0.0024757885839790106,cpu,patch_nearest_normal,last2,14,0.05,True,C:\cira_ttl_checkpoints\pill\patch_memory_bank_update_30.pt,C:\cira_ttl_checkpoints\pill\patch_adapter_update_30.pt,0.00014048616867512465,0.00015804108188598499,True,True
2026-08-15 15:59:05,pill,monitor,C:/cira_batch_test/pill/good_17.png,good_17.png,normal,False,0.053477413952350616,0.053477413952350616,0.05881828558520522,0.05881828558520522,0.05084799118340016,False,False,16000,False,,False,0.0,cpu,patch_nearest_normal,last2,14,0.05,False,,,0.00016072741709649563,0.00015804108188598499,False,False
2026-08-15 15:59:07,pill,monitor,C:/cira_batch_test/pill/bad_5.png,bad_5.png,anomaly,True,0.18438735604286194,0.18438735604286194,0.05881828558520522,0.05881828558520522,0.05084799118340016,False,False,16000,False,,False,0.0,cpu,patch_nearest_normal,last2,14,0.05,False,,,0.00013414659770205617,0.00015804108188598499,False,True
2026-08-15 15:59:08,pill,monitor,C:/cira_batch_test/pill/bad_6.png,bad_6.png,anomaly,True,0.07973163574934006,0.07973163574934006,0.05881828558520522,0.05881828558520522,0.05084799118340016,False,False,16000,False,,False,0.0,cpu,patch_nearest_normal,last2,14,0.05,False,,,0.000164615863468498,0.00015804108188598499,False,False
2026-08-15 15:59:10,pill,monitor,C:/cira_batch_test/pill/bad_7.png,bad_7.png,anomaly,True,0.0713224709033966,0.0713224709033966,0.05881828558520522,0.05881828558520522,0.05084799118340016,False,False,16000,False,,False,0.0,cpu,patch_nearest_normal,last2,14,0.05,False,,,0.00013851553376298398,0.00015804108188598499,False,True
2026-08-15 15:59:11,pill,monitor,C:/cira_batch_test/pill/bad_9.png,bad_9.png,anomaly,True,0.06122429296374321,0.06122429296374321,0.05881828558520522,0.05881828558520522,0.05084799118340016,False,False,16000,False,,False,0.0,cpu,patch_nearest_normal,last2,14,0.05,False,,,0.00013558582577388734,0.00015804108188598499,False,True
2026-08-15 15:59:13,pill,monitor,C:/cira_batch_test/pill/bad_4.png,bad_4.png,anomaly,True,0.0705358237028122,0.0705358237028122,0.05881828558520522,0.05881828558520522,0.05084799118340016,False,False,16000,False,,False,0.0,cpu,patch_nearest_normal,last2,14,0.05,False,,,0.00016552978195250034,0.00015804108188598499,False,False
2026-08-15 15:59:14,pill,monitor,C:/cira_batch_test/pill/bad_2.png,bad_2.png,anomaly,True,0.07373189181089401,0.07373189181089401,0.05881828558520522,0.05881828558520522,0.05084799118340016,False,False,16000,False,,False,0.0,cpu,patch_nearest_normal,last2,14,0.05,False,,,0.00014706690853927284,0.00015804108188598499,False,True
2026-08-15 15:59:16,screw,monitor,C:/cira_batch_test/screw/good_1.png,good_1.png,normal,False,0.05311478301882744,3.099441414633475e-07,0.06300563204730296,0.06300563204730296,0.05946885421872139,False,True,16000,True,0.00013123988173902035,True,0.0024360320530831814,cpu,patch_nearest_normal,last2,14,0.05,False,,,0.00011495182116050273,0.00012727336943498,True,True
2026-08-15 15:59:18,screw,monitor,C:/cira_batch_test/screw/good_7.png,good_7.png,normal,False,0.00020979046530555934,2.8014181907565217e-07,0.06300563204730296,0.06300563204730296,0.05946885421872139,False,True,16000,True,0.00010466485400684178,True,0.0024103866890072823,cpu,patch_nearest_normal,last2,14,0.05,False,,,0.0001010654159472324,0.00012727336943498,True,True
2026-08-15 15:59:19,screw,monitor,C:/cira_batch_test/screw/good_9.png,good_9.png,normal,False,0.00020722746558021754,3.397464638510428e-07,0.06300563204730296,0.06300563204730296,0.05946885421872139,False,True,16000,True,0.00010776714043458924,True,0.002402843674644828,cpu,patch_nearest_normal,last2,14,0.05,False,,,0.00010739528806880116,0.00012727336943498,True,True
2026-08-15 15:59:21,screw,monitor,C:/cira_batch_test/screw/bad_8.png,bad_8.png,normal,False,0.05885586142539978,2.74181360282455e-07,0.06300563204730296,0.06300563204730296,0.05946885421872139,False,True,16000,True,0.00013366744678933173,True,0.002410951303318143,cpu,patch_nearest_normal,last2,14,0.05,False,,,0.00012318944209255278,0.00012727336943498,True,True
2026-08-15 15:59:22,screw,monitor,C:/cira_batch_test/screw/bad_1.png,bad_1.png,anomaly,True,0.07210449874401093,0.07210449874401093,0.06300563204730296,0.06300563204730296,0.05946885421872139,False,False,16000,False,,False,0.0,cpu,patch_nearest_normal,last2,14,0.05,False,,,0.00012552522821351886,0.00012727336943498,False,True
2026-08-15 15:59:24,screw,monitor,C:/cira_batch_test/screw/bad_14.png,bad_14.png,anomaly,True,0.07227758318185806,0.07227758318185806,0.06300563204730296,0.06300563204730296,0.05946885421872139,False,False,16000,False,,False,0.0,cpu,patch_nearest_normal,last2,14,0.05,False,,,0.00011050352622987702,0.00012727336943498,False,True
2026-08-15 15:59:25,screw,monitor,C:/cira_batch_test/screw/bad_15.png,bad_15.png,anomaly,True,0.08352099359035492,0.08352099359035492,0.06300563204730296,0.06300563204730296,0.05946885421872139,False,False,16000,False,,False,0.0,cpu,patch_nearest_normal,last2,14,0.05,False,,,9.859692363534123e-05,0.00012727336943498,False,True
2026-08-15 15:59:27,screw,monitor,C:/cira_batch_test/screw/good_19.png,good_19.png,normal,False,0.0002434253692626953,2.980232238769531e-07,0.06300563204730296,0.06300563204730296,0.05946885421872139,False,True,16000,True,9.407909965375438e-05,True,0.0023935299832373857,cpu,patch_nearest_normal,last2,14,0.05,False,,,8.979736594483256e-05,0.00012727336943498,True,True
2026-08-15 15:59:29,screw,monitor,C:/cira_batch_test/screw/bad_3.png,bad_3.png,normal,False,0.00024161339388228953,2.9206276508375595e-07,0.06300563204730296,0.06300563204730296,0.05946885421872139,False,True,16000,True,0.00011062120029237121,True,0.0023896927013993263,cpu,patch_nearest_normal,last2,14,0.05,False,,,0.0001065722681232728,0.00012727336943498,True,True
2026-08-15 15:59:31,screw,monitor,C:/cira_batch_test/screw/good_5.png,good_5.png,normal,False,0.000239318615058437,3.159046286782541e-07,0.06300563204730296,0.06300563204730296,0.05946885421872139,False,True,16000,True,0.00010760880832094699,True,0.002395197981968522,cpu,patch_nearest_normal,last2,14,0.05,False,,,0.00010605184797896072,0.00012727336943498,True,True
2026-08-15 15:59:32,screw,monitor,C:/cira_batch_test/screw/good_16.png,good_16.png,anomaly,True,0.06460932642221451,0.06460932642221451,0.06300563204730296,0.06300563204730296,0.05946885421872139,False,False,16000,False,,False,0.0,cpu,patch_nearest_normal,last2,14,0.05,False,,,0.00012355476792436093,0.00012727336943498,False,True
2026-08-15 15:59:34,screw,monitor,C:/cira_batch_test/screw/good_14.png,good_14.png,normal,False,0.05508080869913101,3.2186508747145126e-07,0.06300563204730296,0.06300563204730296,0.05946885421872139,False,True,16000,True,0.0001189889371744357,True,0.0023974692448973656,cpu,patch_nearest_normal,last2,14,0.05,False,,,0.00010731357906479388,0.00012727336943498,True,True
2026-08-15 15:59:35,screw,monitor,C:/cira_batch_test/screw/good_2.png,good_2.png,anomaly,True,0.06946498155593872,0.06946498155593872,0.06300563204730296,0.06300563204730296,0.05946885421872139,False,False,16000,False,,False,0.0,cpu,patch_nearest_normal,last2,14,0.05,False,,,0.00012383096327539533,0.00012727336943498,False,True
2026-08-15 15:59:37,screw,monitor,C:/cira_batch_test/screw/bad_13.png,bad_13.png,anomaly,True,0.07425396144390106,0.07425396144390106,0.06300563204730296,0.06300563204730296,0.05946885421872139,False,False,16000,False,,False,0.0,cpu,patch_nearest_normal,last2,14,0.05,False,,,9.216691978508607e-05,0.00012727336943498,False,True
2026-08-15 15:59:39,screw,monitor,C:/cira_batch_test/screw/good_10.png,good_10.png,normal,False,0.0002797901688609272,2.9206276508375595e-07,0.06300563204730296,0.06300563204730296,0.05946885421872139,False,True,16000,True,0.00011407793499529362,True,0.002390917157754302,cpu,patch_nearest_normal,last2,14,0.05,True,C:\cira_ttl_checkpoints\screw\patch_memory_bank_update_20.pt,C:\cira_ttl_checkpoints\screw\patch_adapter_update_20.pt,9.830394992604852e-05,0.00012727336943498,True,True
2026-08-15 15:59:40,screw,monitor,C:/cira_batch_test/screw/bad_19.png,bad_19.png,normal,False,0.06106690689921379,0.06106690689921379,0.06300563204730296,0.06300563204730296,0.05946885421872139,False,False,16000,False,,False,0.0,cpu,patch_nearest_normal,last2,14,0.05,False,,,8.691139373695478e-05,0.00012727336943498,False,True
2026-08-15 15:59:42,screw,monitor,C:/cira_batch_test/screw/good_4.png,good_4.png,normal,False,0.04152069240808487,2.5629998390286346e-07,0.06300563204730296,0.06300563204730296,0.05946885421872139,False,True,16000,True,0.00011658819857984781,True,0.00240525440312922,cpu,patch_nearest_normal,last2,14,0.05,False,,,0.00012183997023385018,0.00012727336943498,True,True
2026-08-15 15:59:43,screw,monitor,C:/cira_batch_test/screw/bad_12.png,bad_12.png,anomaly,True,0.06806044280529022,0.06806044280529022,0.06300563204730296,0.06300563204730296,0.05946885421872139,False,False,16000,False,,False,0.0,cpu,patch_nearest_normal,last2,14,0.05,False,,,0.00012499911827035248,0.00012727336943498,False,True
2026-08-15 15:59:45,screw,monitor,C:/cira_batch_test/screw/good_18.png,good_18.png,anomaly,True,0.06873376667499542,0.06873376667499542,0.06300563204730296,0.06300563204730296,0.05946885421872139,False,False,16000,False,,False,0.0,cpu,patch_nearest_normal,last2,14,0.05,False,,,0.0001070727375918068,0.00012727336943498,False,True
2026-08-15 15:59:46,screw,monitor,C:/cira_batch_test/screw/bad_16.png,bad_16.png,anomaly,True,0.06778425723314285,0.06778425723314285,0.06300563204730296,0.06300563204730296,0.05946885421872139,False,False,16000,False,,False,0.0,cpu,patch_nearest_normal,last2,14,0.05,False,,,9.990730904974043e-05,0.00012727336943498,False,True
2026-08-15 15:59:48,screw,monitor,C:/cira_batch_test/screw/good_6.png,good_6.png,anomaly,True,0.07805580645799637,0.07805580645799637,0.06300563204730296,0.06300563204730296,0.05946885421872139,False,False,16000,False,,False,0.0,cpu,patch_nearest_normal,last2,14,0.05,False,,,0.00011500252730911598,0.00012727336943498,False,True
2026-08-15 15:59:49,screw,monitor,C:/cira_batch_test/screw/good_13.png,good_13.png,normal,False,0.00032110809115692973,3.099441414633475e-07,0.06300563204730296,0.06300563204730296,0.05946885421872139,False,True,16000,True,0.00011493563215481117,True,0.002416643314063549,cpu,patch_nearest_normal,last2,14,0.05,False,,,0.00010311054211342707,0.00012727336943498,True,True
2026-08-15 15:59:51,screw,monitor,C:/cira_batch_test/screw/good_15.png,good_15.png,normal,False,0.0003223121166229248,3.159046286782541e-07,0.06300563204730296,0.06300563204730296,0.05946885421872139,False,True,16000,True,0.00010932318400591612,True,0.002411874011158943,cpu,patch_nearest_normal,last2,14,0.05,False,,,0.00010063371883006766,0.00012727336943498,True,True
2026-08-15 15:59:53,screw,monitor,C:/cira_batch_test/screw/good_20.png,good_20.png,anomaly,True,0.07354941964149475,0.07354941964149475,0.06300563204730296,0.06300563204730296,0.05946885421872139,False,False,16000,False,,False,0.0,cpu,patch_nearest_normal,last2,14,0.05,False,,,9.67353189480491e-05,0.00012727336943498,False,True
2026-08-15 15:59:54,screw,monitor,C:/cira_batch_test/screw/bad_17.png,bad_17.png,anomaly,True,0.06470459699630737,0.06470459699630737,0.06300563204730296,0.06300563204730296,0.05946885421872139,False,False,16000,False,,False,0.0,cpu,patch_nearest_normal,last2,14,0.05,False,,,9.836315439315513e-05,0.00012727336943498,False,True
2026-08-15 15:59:56,screw,monitor,C:/cira_batch_test/screw/good_11.png,good_11.png,normal,False,0.0003202795924153179,2.74181360282455e-07,0.06300563204730296,0.06300563204730296,0.05946885421872139,False,True,16000,True,9.414464147994295e-05,True,0.002394353272393346,cpu,patch_nearest_normal,last2,14,0.05,False,,,0.00010172677866648883,0.00012727336943498,True,True
2026-08-15 15:59:57,screw,monitor,C:/cira_batch_test/screw/bad_20.png,bad_20.png,anomaly,True,0.06717894971370697,0.06717894971370697,0.06300563204730296,0.06300563204730296,0.05946885421872139,False,False,16000,False,,False,0.0,cpu,patch_nearest_normal,last2,14,0.05,False,,,0.0001297769631491974,0.00012727336943498,False,False
2026-08-15 15:59:59,screw,monitor,C:/cira_batch_test/screw/good_8.png,good_8.png,normal,False,0.0003202199877705425,3.397464638510428e-07,0.06300563204730296,0.06300563204730296,0.05946885421872139,False,True,16000,True,0.00010502597433514893,True,0.00237790634855628,cpu,patch_nearest_normal,last2,14,0.05,False,,,9.51778783928603e-05,0.00012727336943498,True,True
2026-08-15 16:00:00,screw,monitor,C:/cira_batch_test/screw/bad_10.png,bad_10.png,anomaly,True,0.06575938314199448,0.06575938314199448,0.06300563204730296,0.06300563204730296,0.05946885421872139,False,False,16000,False,,False,0.0,cpu,patch_nearest_normal,last2,14,0.05,False,,,9.731949103297666e-05,0.00012727336943498,False,True
2026-08-15 16:00:02,screw,monitor,C:/cira_batch_test/screw/good_3.png,good_3.png,anomaly,True,0.06978566944599152,0.06978566944599152,0.06300563204730296,0.06300563204730296,0.05946885421872139,False,False,16000,False,,False,0.0,cpu,patch_nearest_normal,last2,14,0.05,False,,,0.0001022160067805089,0.00012727336943498,False,True
2026-08-15 16:00:03,screw,monitor,C:/cira_batch_test/screw/bad_11.png,bad_11.png,anomaly,True,0.07861228287220001,0.07861228287220001,0.06300563204730296,0.06300563204730296,0.05946885421872139,False,False,16000,False,,False,0.0,cpu,patch_nearest_normal,last2,14,0.05,False,,,0.00010789303632918745,0.00012727336943498,False,True
2026-08-15 16:00:05,screw,monitor,C:/cira_batch_test/screw/bad_18.png,bad_18.png,normal,False,0.05378950759768486,3.2782554626464844e-07,0.06300563204730296,0.06300563204730296,0.05946885421872139,False,True,16000,True,0.00012211197463329881,True,0.0023745002690702677,cpu,patch_nearest_normal,last2,14,0.05,False,,,0.000116210117994342,0.00012727336943498,True,True
2026-08-15 16:00:07,screw,monitor,C:/cira_batch_test/screw/good_12.png,good_12.png,normal,False,0.061623167246580124,0.061623167246580124,0.06300563204730296,0.06300563204730296,0.05946885421872139,False,False,16000,False,,False,0.0,cpu,patch_nearest_normal,last2,14,0.05,False,,,0.00011160547728650272,0.00012727336943498,False,True
2026-08-15 16:00:08,screw,monitor,C:/cira_batch_test/screw/good_17.png,good_17.png,normal,False,0.0003648340643849224,2.5629998390286346e-07,0.06300563204730296,0.06300563204730296,0.05946885421872139,False,True,16000,True,0.00010895237937802449,True,0.0023737133014947176,cpu,patch_nearest_normal,last2,14,0.05,False,,,0.00010586452117422596,0.00012727336943498,True,True
2026-08-15 16:00:10,screw,monitor,C:/cira_batch_test/screw/bad_5.png,bad_5.png,anomaly,True,0.09366773068904877,0.09366773068904877,0.06300563204730296,0.06300563204730296,0.05946885421872139,False,False,16000,False,,False,0.0,cpu,patch_nearest_normal,last2,14,0.05,False,,,0.00012289942242205143,0.00012727336943498,False,True
2026-08-15 16:00:11,screw,monitor,C:/cira_batch_test/screw/bad_6.png,bad_6.png,normal,False,0.06203337386250496,0.06203337386250496,0.06300563204730296,0.06300563204730296,0.05946885421872139,False,False,16000,False,,False,0.0,cpu,patch_nearest_normal,last2,14,0.05,False,,,0.00011145965981995687,0.00012727336943498,False,True
2026-08-15 16:00:13,screw,monitor,C:/cira_batch_test/screw/bad_7.png,bad_7.png,anomaly,True,0.08552806824445724,0.08552806824445724,0.06300563204730296,0.06300563204730296,0.05946885421872139,False,False,16000,False,,False,0.0,cpu,patch_nearest_normal,last2,14,0.05,False,,,0.00011563971929717809,0.00012727336943498,False,True
2026-08-15 16:00:14,screw,monitor,C:/cira_batch_test/screw/bad_9.png,bad_9.png,anomaly,True,0.07409349083900452,0.07409349083900452,0.06300563204730296,0.06300563204730296,0.05946885421872139,False,False,16000,False,,False,0.0,cpu,patch_nearest_normal,last2,14,0.05,False,,,0.00012389692710712552,0.00012727336943498,False,True
2026-08-15 16:00:16,screw,monitor,C:/cira_batch_test/screw/bad_4.png,bad_4.png,normal,False,0.06031592935323715,0.06031592935323715,0.06300563204730296,0.06300563204730296,0.05946885421872139,False,False,16000,False,,False,0.0,cpu,patch_nearest_normal,last2,14,0.05,False,,,8.877646178007126e-05,0.00012727336943498,False,True
2026-08-15 16:00:17,screw,monitor,C:/cira_batch_test/screw/bad_2.png,bad_2.png,normal,False,0.059724241495132446,0.059724241495132446,0.06300563204730296,0.06300563204730296,0.05946885421872139,False,False,16000,False,,False,0.0,cpu,patch_nearest_normal,last2,14,0.05,False,,,0.00010598842345643789,0.00012727336943498,False,True
2026-08-15 16:00:19,tile,monitor,C:/cira_batch_test/tile/good_1.png,good_1.png,normal,False,0.0006378293037414551,3.2186508747145126e-07,0.06531576363636363,0.06531576363636363,0.05311408117413522,False,True,16000,True,0.00020277604926377535,True,0.002610050141811371,cpu,patch_nearest_normal,last2,14,0.05,True,C:\cira_ttl_checkpoints\tile\patch_memory_bank_update_20.pt,C:\cira_ttl_checkpoints\tile\patch_adapter_update_20.pt,0.00020369107369333506,0.000230512705456835,True,True
2026-08-15 16:00:21,tile,monitor,C:/cira_batch_test/tile/good_7.png,good_7.png,normal,False,0.0006329953903332353,3.516674098591466e-07,0.06531576363636363,0.06531576363636363,0.05311408117413522,False,True,16000,True,0.00020038661023136228,True,0.0026129831094294786,cpu,patch_nearest_normal,last2,14,0.05,False,,,0.0002041463303612545,0.000230512705456835,True,True
2026-08-15 16:00:23,tile,monitor,C:/cira_batch_test/tile/good_9.png,good_9.png,normal,False,0.000629425048828125,3.2782554626464844e-07,0.06531576363636363,0.06531576363636363,0.05311408117413522,False,True,16000,True,0.0002131144137820229,True,0.0026160706765949726,cpu,patch_nearest_normal,last2,14,0.05,False,,,0.0001974031765712425,0.000230512705456835,True,True
2026-08-15 16:00:24,tile,monitor,C:/cira_batch_test/tile/bad_8.png,bad_8.png,anomaly,True,0.16674211621284485,0.16674211621284485,0.06531576363636363,0.06531576363636363,0.05311408117413522,False,False,16000,False,,False,0.0,cpu,patch_nearest_normal,last2,14,0.05,False,,,0.00020330904226284474,0.000230512705456835,False,True
2026-08-15 16:00:25,tile,monitor,C:/cira_batch_test/tile/bad_1.png,bad_1.png,anomaly,True,0.41892337799072266,0.41892337799072266,0.06531576363636363,0.06531576363636363,0.05311408117413522,False,False,16000,False,,False,0.0,cpu,patch_nearest_normal,last2,14,0.05,False,,,0.00016747767222113907,0.000230512705456835,False,True
2026-08-15 16:00:27,tile,monitor,C:/cira_batch_test/tile/bad_14.png,bad_14.png,anomaly,True,0.1588861346244812,0.1588861346244812,0.06531576363636363,0.06531576363636363,0.05311408117413522,False,False,16000,False,,False,0.0,cpu,patch_nearest_normal,last2,14,0.05,False,,,0.0002085475716739893,0.000230512705456835,False,True
2026-08-15 16:00:28,tile,monitor,C:/cira_batch_test/tile/bad_15.png,bad_15.png,anomaly,True,0.17667174339294434,0.17667174339294434,0.06531576363636363,0.06531576363636363,0.05311408117413522,False,False,16000,False,,False,0.0,cpu,patch_nearest_normal,last2,14,0.05,False,,,0.00021607105736620724,0.000230512705456835,False,True
2026-08-15 16:00:30,tile,monitor,C:/cira_batch_test/tile/good_19.png,good_19.png,normal,False,0.0006250798469409347,3.337860050578456e-07,0.06531576363636363,0.06531576363636363,0.05311408117413522,False,True,16000,True,0.00018999514577444643,True,0.0026177300605922937,cpu,patch_nearest_normal,last2,14,0.05,False,,,0.0001997118815779686,0.000230512705456835,True,True
2026-08-15 16:00:32,tile,monitor,C:/cira_batch_test/tile/bad_3.png,bad_3.png,anomaly,True,0.3814641535282135,0.3814641535282135,0.06531576363636363,0.06531576363636363,0.05311408117413522,False,False,16000,False,,False,0.0,cpu,patch_nearest_normal,last2,14,0.05,False,,,0.00019617131329141557,0.000230512705456835,False,True
2026-08-15 16:00:33,tile,monitor,C:/cira_batch_test/tile/good_5.png,good_5.png,normal,False,0.0006239950889721513,3.2782554626464844e-07,0.06531576363636363,0.06531576363636363,0.05311408117413522,False,True,16000,True,0.00021139888849575073,True,0.002632270334288478,cpu,patch_nearest_normal,last2,14,0.05,False,,,0.00021345772256609052,0.000230512705456835,True,True
2026-08-15 16:00:35,tile,monitor,C:/cira_batch_test/tile/good_16.png,good_16.png,normal,False,0.0006214022869244218,3.099441414633475e-07,0.06531576363636363,0.06531576363636363,0.05311408117413522,False,True,16000,True,0.00021438839030452073,True,0.0026343753561377525,cpu,patch_nearest_normal,last2,14,0.05,False,,,0.00021165658836252987,0.000230512705456835,True,True
2026-08-15 16:00:37,tile,monitor,C:/cira_batch_test/tile/good_14.png,good_14.png,normal,False,0.0006198406335897744,3.337860050578456e-07,0.06531576363636363,0.06531576363636363,0.05311408117413522,False,True,16000,True,0.00016512515139766037,True,0.002624606480821967,cpu,patch_nearest_normal,last2,14,0.05,False,,,0.00017436126654502004,0.000230512705456835,True,True
2026-08-15 16:00:38,tile,monitor,C:/cira_batch_test/tile/good_2.png,good_2.png,normal,False,0.0006161391502246261,3.2782554626464844e-07,0.06531576363636363,0.06531576363636363,0.05311408117413522,False,True,16000,True,0.0002281180495629087,True,0.002640657825395465,cpu,patch_nearest_normal,last2,14,0.05,False,,,0.00022419106971938163,0.000230512705456835,True,True
2026-08-15 16:00:40,tile,monitor,C:/cira_batch_test/tile/bad_13.png,bad_13.png,anomaly,True,0.16138263046741486,0.16138263046741486,0.06531576363636363,0.06531576363636363,0.05311408117413522,False,False,16000,False,,False,0.0,cpu,patch_nearest_normal,last2,14,0.05,False,,,0.00017274536367040128,0.000230512705456835,False,True
2026-08-15 16:00:42,tile,monitor,C:/cira_batch_test/tile/good_10.png,good_10.png,normal,False,0.0006217062473297119,3.397464638510428e-07,0.06531576363636363,0.06531576363636363,0.05311408117413522,False,True,16000,True,0.0001624158030608669,True,0.0025906069204211235,cpu,patch_nearest_normal,last2,14,0.05,False,,,0.00018379962421022356,0.000230512705456835,True,True
2026-08-15 16:00:43,tile,monitor,C:/cira_batch_test/tile/bad_19.png,bad_19.png,anomaly,True,0.09813063591718674,0.09813063591718674,0.06531576363636363,0.06531576363636363,0.05311408117413522,False,False,16000,False,,False,0.0,cpu,patch_nearest_normal,last2,14,0.05,False,,,0.0001990828604903072,0.000230512705456835,False,True
2026-08-15 16:00:45,tile,monitor,C:/cira_batch_test/tile/good_4.png,good_4.png,normal,False,0.0006158351898193359,3.159046286782541e-07,0.06531576363636363,0.06531576363636363,0.05311408117413522,False,True,16000,True,0.0002085099258692935,True,0.0026094396598637104,cpu,patch_nearest_normal,last2,14,0.05,False,,,0.00020396416948642582,0.000230512705456835,True,True
2026-08-15 16:00:46,tile,monitor,C:/cira_batch_test/tile/bad_12.png,bad_12.png,normal,False,0.055997662246227264,0.055997662246227264,0.06531576363636363,0.06531576363636363,0.05311408117413522,False,False,16000,False,,False,0.0,cpu,patch_nearest_normal,last2,14,0.05,False,,,0.00021398196986410767,0.000230512705456835,False,True
2026-08-15 16:00:48,tile,monitor,C:/cira_batch_test/tile/good_18.png,good_18.png,anomaly,True,0.0695505142211914,0.0695505142211914,0.06531576363636363,0.06531576363636363,0.05311408117413522,False,False,16000,False,,False,0.0,cpu,patch_nearest_normal,last2,14,0.05,False,,,0.00023733470879960805,0.000230512705456835,False,False
2026-08-15 16:00:49,tile,monitor,C:/cira_batch_test/tile/bad_16.png,bad_16.png,anomaly,True,0.08148512989282608,0.08148512989282608,0.06531576363636363,0.06531576363636363,0.05311408117413522,False,False,16000,False,,False,0.0,cpu,patch_nearest_normal,last2,14,0.05,False,,,0.00021353167539928108,0.000230512705456835,False,True
2026-08-15 16:00:51,tile,monitor,C:/cira_batch_test/tile/good_6.png,good_6.png,normal,False,0.0006192087894305587,3.099441414633475e-07,0.06531576363636363,0.06531576363636363,0.05311408117413522,False,True,16000,True,0.00017074098286684602,True,0.002592245116829872,cpu,patch_nearest_normal,last2,14,0.05,True,C:\cira_ttl_checkpoints\tile\patch_memory_bank_update_30.pt,C:\cira_ttl_checkpoints\tile\patch_adapter_update_30.pt,0.00015548440569546074,0.000230512705456835,True,True
2026-08-15 16:00:53,tile,monitor,C:/cira_batch_test/tile/good_13.png,good_13.png,normal,False,0.000612151634413749,3.2186508747145126e-07,0.06531576363636363,0.06531576363636363,0.05311408117413522,False,True,16000,True,0.0001522835373179987,True,0.0025481742341071367,cpu,patch_nearest_normal,last2,14,0.05,False,,,0.00015797909873072058,0.000230512705456835,True,True
2026-08-15 16:00:54,tile,monitor,C:/cira_batch_test/tile/good_15.png,good_15.png,normal,False,0.0006183445220813155,3.397464638510428e-07,0.06531576363636363,0.06531576363636363,0.05311408117413522,False,True,16000,True,0.00017652531096246094,True,0.0025558462366461754,cpu,patch_nearest_normal,last2,14,0.05,False,,,0.00015930968220345676,0.000230512705456835,True,True
2026-08-15 16:00:56,tile,monitor,C:/cira_batch_test/tile/good_20.png,good_20.png,normal,False,0.0006117761367931962,3.8743019104003906e-07,0.06531576363636363,0.06531576363636363,0.05311408117413522,False,True,16000,True,0.00018376730440650135,True,0.002560747554525733,cpu,patch_nearest_normal,last2,14,0.05,False,,,0.0001935160398716107,0.000230512705456835,True,True
2026-08-15 16:00:57,tile,monitor,C:/cira_batch_test/tile/bad_17.png,bad_17.png,anomaly,True,0.38148364424705505,0.38148364424705505,0.06531576363636363,0.06531576363636363,0.05311408117413522,False,False,16000,False,,False,0.0,cpu,patch_nearest_normal,last2,14,0.05,False,,,0.00021092405950184911,0.000230512705456835,False,True
2026-08-15 16:00:59,tile,monitor,C:/cira_batch_test/tile/good_11.png,good_11.png,normal,False,0.0006235778564587235,3.516674098591466e-07,0.06531576363636363,0.06531576363636363,0.05311408117413522,False,True,16000,True,0.00015952116518747061,True,0.0025266024749726057,cpu,patch_nearest_normal,last2,14,0.05,False,,,0.00015252488083206117,0.000230512705456835,True,True
2026-08-15 16:01:01,tile,monitor,C:/cira_batch_test/tile/bad_20.png,bad_20.png,anomaly,True,0.11675415188074112,0.11675415188074112,0.06531576363636363,0.06531576363636363,0.05311408117413522,False,False,16000,False,,False,0.0,cpu,patch_nearest_normal,last2,14,0.05,False,,,0.00020181279978714883,0.000230512705456835,False,True
2026-08-15 16:01:02,tile,monitor,C:/cira_batch_test/tile/good_8.png,good_8.png,normal,False,0.000619524740613997,0.000619524740613997,0.06531576363636363,0.06531576363636363,0.05311408117413522,False,False,16000,False,,False,0.0,cpu,patch_nearest_normal,last2,14,0.05,False,,,0.00023573047656100243,0.000230512705456835,True,False
2026-08-15 16:01:04,tile,monitor,C:/cira_batch_test/tile/bad_10.png,bad_10.png,anomaly,True,0.10620417445898056,0.10620417445898056,0.06531576363636363,0.06531576363636363,0.05311408117413522,False,False,16000,False,,False,0.0,cpu,patch_nearest_normal,last2,14,0.05,False,,,0.00020050143939442933,0.000230512705456835,False,True
2026-08-15 16:01:05,tile,monitor,C:/cira_batch_test/tile/good_3.png,good_3.png,normal,False,0.0005511402850970626,3.635883274455409e-07,0.06531576363636363,0.06531576363636363,0.05311408117413522,False,True,16000,True,0.00017557834507897496,True,0.0025372595991939306,cpu,patch_nearest_normal,last2,14,0.05,False,,,0.00018667620315682143,0.000230512705456835,True,True
2026-08-15 16:01:07,tile,monitor,C:/cira_batch_test/tile/bad_11.png,bad_11.png,anomaly,True,0.1516183316707611,0.1516183316707611,0.06531576363636363,0.06531576363636363,0.05311408117413522,False,False,16000,False,,False,0.0,cpu,patch_nearest_normal,last2,14,0.05,False,,,0.0001467007678002119,0.000230512705456835,False,True
2026-08-15 16:01:08,tile,monitor,C:/cira_batch_test/tile/bad_18.png,bad_18.png,anomaly,True,0.07431141287088394,0.07431141287088394,0.06531576363636363,0.06531576363636363,0.05311408117413522,False,False,16000,False,,False,0.0,cpu,patch_nearest_normal,last2,14,0.05,False,,,0.00018939361325465143,0.000230512705456835,False,True
2026-08-15 16:01:10,tile,monitor,C:/cira_batch_test/tile/good_12.png,good_12.png,normal,False,0.0005525231244973838,3.337860050578456e-07,0.06531576363636363,0.06531576363636363,0.05311408117413522,False,True,16000,True,0.00019690037879627198,True,0.002555769868195057,cpu,patch_nearest_normal,last2,14,0.05,False,,,0.00019537565822247416,0.000230512705456835,True,True
2026-08-15 16:01:12,tile,monitor,C:/cira_batch_test/tile/good_17.png,good_17.png,normal,False,0.0005483507993631065,3.337860050578456e-07,0.06531576363636363,0.06531576363636363,0.05311408117413522,False,True,16000,True,0.0001835942966863513,True,0.002567760180681944,cpu,patch_nearest_normal,last2,14,0.05,False,,,0.00019347789930179715,0.000230512705456835,True,True
2026-08-15 16:01:13,tile,monitor,C:/cira_batch_test/tile/bad_5.png,bad_5.png,anomaly,True,0.1545362025499344,0.1545362025499344,0.06531576363636363,0.06531576363636363,0.05311408117413522,False,False,16000,False,,False,0.0,cpu,patch_nearest_normal,last2,14,0.05,False,,,0.00010974184260703623,0.000230512705456835,False,True
2026-08-15 16:01:14,tile,monitor,C:/cira_batch_test/tile/bad_6.png,bad_6.png,anomaly,True,0.22963182628154755,0.22963182628154755,0.06531576363636363,0.06531576363636363,0.05311408117413522,False,False,16000,False,,False,0.0,cpu,patch_nearest_normal,last2,14,0.05,False,,,0.00020180342835374177,0.000230512705456835,False,True
2026-08-15 16:01:16,tile,monitor,C:/cira_batch_test/tile/bad_7.png,bad_7.png,anomaly,True,0.2102380096912384,0.2102380096912384,0.06531576363636363,0.06531576363636363,0.05311408117413522,False,False,16000,False,,False,0.0,cpu,patch_nearest_normal,last2,14,0.05,False,,,0.0001942805538419634,0.000230512705456835,False,True
2026-08-15 16:01:17,tile,monitor,C:/cira_batch_test/tile/bad_9.png,bad_9.png,anomaly,True,0.3212845027446747,0.3212845027446747,0.06531576363636363,0.06531576363636363,0.05311408117413522,False,False,16000,False,,False,0.0,cpu,patch_nearest_normal,last2,14,0.05,False,,,0.0002320417552255094,0.000230512705456835,False,False
2026-08-15 16:01:19,tile,monitor,C:/cira_batch_test/tile/bad_4.png,bad_4.png,anomaly,True,0.11621791124343872,0.11621791124343872,0.06531576363636363,0.06531576363636363,0.05311408117413522,False,False,16000,False,,False,0.0,cpu,patch_nearest_normal,last2,14,0.05,False,,,0.00013332570961210877,0.000230512705456835,False,True
2026-08-15 16:01:20,tile,monitor,C:/cira_batch_test/tile/bad_2.png,bad_2.png,anomaly,True,0.435084730386734,0.435084730386734,0.06531576363636363,0.06531576363636363,0.05311408117413522,False,False,16000,False,,False,0.0,cpu,patch_nearest_normal,last2,14,0.05,False,,,0.000113937261630781,0.000230512705456835,False,True
2026-08-15 16:01:22,toothbrush,monitor,C:/cira_batch_test/toothbrush/good_1.png,good_1.png,normal,False,0.04151291772723198,3.159046286782541e-07,0.0701888715806552,0.0701888715806552,0.0501871842890978,False,True,12152,True,0.00012912056990899146,True,0.002509927609935403,cpu,patch_nearest_normal,last2,14,0.05,False,,,0.0001122973917517811,0.00012676088372241001,True,True
2026-08-15 16:01:24,toothbrush,monitor,C:/cira_batch_test/toothbrush/good_7.png,good_7.png,normal,False,0.05886148288846016,0.05886148288846016,0.0701888715806552,0.0701888715806552,0.0501871842890978,False,False,12152,False,,False,0.0,cpu,patch_nearest_normal,last2,14,0.05,False,,,0.00012931202945765108,0.00012676088372241001,False,False
2026-08-15 16:01:25,toothbrush,monitor,C:/cira_batch_test/toothbrush/good_9.png,good_9.png,normal,False,0.0003025472105946392,2.682209014892578e-07,0.0701888715806552,0.0701888715806552,0.0501871842890978,False,True,12348,True,0.0001323866017628461,True,0.0025205661077052355,cpu,patch_nearest_normal,last2,14,0.05,False,,,0.0001180372855742462,0.00012676088372241001,True,True
2026-08-15 16:01:27,toothbrush,monitor,C:/cira_batch_test/toothbrush/bad_8.png,bad_8.png,anomaly,True,0.3478243947029114,0.3478243947029114,0.0701888715806552,0.0701888715806552,0.0501871842890978,False,False,12348,False,,False,0.0,cpu,patch_nearest_normal,last2,14,0.05,False,,,0.00011440965317888185,0.00012676088372241001,False,True
2026-08-15 16:01:28,toothbrush,monitor,C:/cira_batch_test/toothbrush/bad_1.png,bad_1.png,anomaly,True,0.2901153266429901,0.2901153266429901,0.0701888715806552,0.0701888715806552,0.0501871842890978,False,False,12348,False,,False,0.0,cpu,patch_nearest_normal,last2,14,0.05,False,,,0.00011081447883043438,0.00012676088372241001,False,True
2026-08-15 16:01:30,toothbrush,monitor,C:/cira_batch_test/toothbrush/bad_14.png,bad_14.png,anomaly,True,0.25143447518348694,0.25143447518348694,0.0701888715806552,0.0701888715806552,0.0501871842890978,False,False,12348,False,,False,0.0,cpu,patch_nearest_normal,last2,14,0.05,False,,,0.00011252918920945376,0.00012676088372241001,False,True
2026-08-15 16:01:31,toothbrush,monitor,C:/cira_batch_test/toothbrush/bad_15.png,bad_15.png,normal,False,0.06407219916582108,0.06407219916582108,0.0701888715806552,0.0701888715806552,0.0501871842890978,False,False,12348,False,,False,0.0,cpu,patch_nearest_normal,last2,14,0.05,False,,,0.00012312781473156065,0.00012676088372241001,False,True
2026-08-15 16:01:33,toothbrush,monitor,C:/cira_batch_test/toothbrush/good_19.png,good_19.png,normal,False,0.0003002583980560303,3.2186508747145126e-07,0.0701888715806552,0.0701888715806552,0.0501871842890978,False,True,12544,True,0.00012795034854207188,True,0.0025150428991764784,cpu,patch_nearest_normal,last2,14,0.05,False,,,0.00011603034363361076,0.00012676088372241001,True,True
2026-08-15 16:01:35,toothbrush,monitor,C:/cira_batch_test/toothbrush/bad_3.png,bad_3.png,anomaly,True,0.12308162450790405,0.12308162450790405,0.0701888715806552,0.0701888715806552,0.0501871842890978,False,False,12544,False,,False,0.0,cpu,patch_nearest_normal,last2,14,0.05,False,,,0.00011383089440641925,0.00012676088372241001,False,True
2026-08-15 16:01:36,toothbrush,monitor,C:/cira_batch_test/toothbrush/good_5.png,good_5.png,normal,False,0.00029852986335754395,2.8610230629055877e-07,0.0701888715806552,0.0701888715806552,0.0501871842890978,False,True,12740,True,0.00012061732559232041,True,0.002509046345949173,cpu,patch_nearest_normal,last2,14,0.05,False,,,0.00010841006587725133,0.00012676088372241001,True,True
2026-08-15 16:01:38,toothbrush,monitor,C:/cira_batch_test/toothbrush/good_16.png,good_16.png,normal,False,0.00029887555865570903,3.159046286782541e-07,0.0701888715806552,0.0701888715806552,0.0501871842890978,False,True,12936,True,0.00012196257739560679,True,0.0025095506571233273,cpu,patch_nearest_normal,last2,14,0.05,False,,,0.00011601678852457553,0.00012676088372241001,True,True
2026-08-15 16:01:39,toothbrush,monitor,C:/cira_batch_test/toothbrush/good_14.png,good_14.png,normal,False,0.06922603398561478,0.06922603398561478,0.0701888715806552,0.0701888715806552,0.0501871842890978,False,False,12936,False,,False,0.0,cpu,patch_nearest_normal,last2,14,0.05,False,,,0.00011321824422338977,0.00012676088372241001,False,True
2026-08-15 16:01:41,toothbrush,monitor,C:/cira_batch_test/toothbrush/good_2.png,good_2.png,normal,False,0.048007357865571976,3.159046286782541e-07,0.0701888715806552,0.0701888715806552,0.0501871842890978,False,True,13132,True,0.0001175201396108605,True,0.002505709184333682,cpu,patch_nearest_normal,last2,14,0.05,False,,,0.00010934060264844447,0.00012676088372241001,True,True
2026-08-15 16:01:43,toothbrush,monitor,C:/cira_batch_test/toothbrush/bad_13.png,bad_13.png,normal,False,0.05412675067782402,0.05412675067782402,0.0701888715806552,0.0701888715806552,0.0501871842890978,False,False,13132,False,,False,0.0,cpu,patch_nearest_normal,last2,14,0.05,False,,,0.00010967043635901064,0.00012676088372241001,False,True
2026-08-15 16:01:44,toothbrush,monitor,C:/cira_batch_test/toothbrush/good_10.png,good_10.png,anomaly,True,0.0726868212223053,0.0726868212223053,0.0701888715806552,0.0701888715806552,0.0501871842890978,False,False,13132,False,,False,0.0,cpu,patch_nearest_normal,last2,14,0.05,False,,,0.0001281244622077793,0.00012676088372241001,False,False
2026-08-15 16:01:46,toothbrush,monitor,C:/cira_batch_test/toothbrush/bad_19.png,bad_19.png,anomaly,True,0.07796578109264374,0.07796578109264374,0.0701888715806552,0.0701888715806552,0.0501871842890978,False,False,13132,False,,False,0.0,cpu,patch_nearest_normal,last2,14,0.05,False,,,0.0001132492398028262,0.00012676088372241001,False,True
2026-08-15 16:01:48,toothbrush,monitor,C:/cira_batch_test/toothbrush/good_4.png,good_4.png,normal,False,0.0003412961959838867,3.039836826701503e-07,0.0701888715806552,0.0701888715806552,0.0501871842890978,False,True,13328,True,0.00011867352441186085,True,0.0025051296688616276,cpu,patch_nearest_normal,last2,14,0.05,True,C:\cira_ttl_checkpoints\toothbrush\patch_memory_bank_update_20.pt,C:\cira_ttl_checkpoints\toothbrush\patch_adapter_update_20.pt,0.00011423662363085896,0.00012676088372241001,True,True
2026-08-15 16:01:49,toothbrush,monitor,C:/cira_batch_test/toothbrush/bad_12.png,bad_12.png,anomaly,True,0.3643663823604584,0.3643663823604584,0.0701888715806552,0.0701888715806552,0.0501871842890978,False,False,13328,False,,False,0.0,cpu,patch_nearest_normal,last2,14,0.05,False,,,0.00011103018914582208,0.00012676088372241001,False,True
2026-08-15 16:01:51,toothbrush,monitor,C:/cira_batch_test/toothbrush/good_18.png,good_18.png,normal,False,0.00034071801928803325,2.9206276508375595e-07,0.0701888715806552,0.0701888715806552,0.0501871842890978,False,True,13524,True,0.00011742442438844591,True,0.002502669580280781,cpu,patch_nearest_normal,last2,14,0.05,False,,,0.00010961703810608014,0.00012676088372241001,True,True
2026-08-15 16:01:52,toothbrush,monitor,C:/cira_batch_test/toothbrush/bad_16.png,bad_16.png,anomaly,True,0.34319716691970825,0.34319716691970825,0.0701888715806552,0.0701888715806552,0.0501871842890978,False,False,13524,False,,False,0.0,cpu,patch_nearest_normal,last2,14,0.05,False,,,0.00011194625403732061,0.00012676088372241001,False,True
2026-08-15 16:01:54,toothbrush,monitor,C:/cira_batch_test/toothbrush/good_6.png,good_6.png,normal,False,0.0003371000348124653,2.9206276508375595e-07,0.0701888715806552,0.0701888715806552,0.0501871842890978,False,True,13720,True,0.0001269881468033418,True,0.002497847657650709,cpu,patch_nearest_normal,last2,14,0.05,False,,,0.00011111111962236464,0.00012676088372241001,True,True
2026-08-15 16:01:55,toothbrush,monitor,C:/cira_batch_test/toothbrush/good_13.png,good_13.png,normal,False,0.05600706860423088,0.05600706860423088,0.0701888715806552,0.0701888715806552,0.0501871842890978,False,False,13720,False,,False,0.0,cpu,patch_nearest_normal,last2,14,0.05,False,,,0.00012099294690415263,0.00012676088372241001,False,True
2026-08-15 16:01:57,toothbrush,monitor,C:/cira_batch_test/toothbrush/good_15.png,good_15.png,normal,False,0.00033789873123168945,2.8014181907565217e-07,0.0701888715806552,0.0701888715806552,0.0501871842890978,False,True,13916,True,0.00012559602328110486,True,0.002507988829165697,cpu,patch_nearest_normal,last2,14,0.05,False,,,0.00011021248792530969,0.00012676088372241001,True,True
2026-08-15 16:01:59,toothbrush,monitor,C:/cira_batch_test/toothbrush/good_20.png,good_20.png,normal,False,0.000335437071043998,2.6226044269606064e-07,0.0701888715806552,0.0701888715806552,0.0501871842890978,False,True,14112,True,0.00012026252807117999,True,0.0025012469850480556,cpu,patch_nearest_normal,last2,14,0.05,False,,,0.0001130743621615693,0.00012676088372241001,True,True
2026-08-15 16:02:00,toothbrush,monitor,C:/cira_batch_test/toothbrush/bad_17.png,bad_17.png,anomaly,True,0.25978291034698486,0.25978291034698486,0.0701888715806552,0.0701888715806552,0.0501871842890978,False,False,14112,False,,False,0.0,cpu,patch_nearest_normal,last2,14,0.05,False,,,0.00012577019515447319,0.00012676088372241001,False,True
2026-08-15 16:02:02,toothbrush,monitor,C:/cira_batch_test/toothbrush/good_11.png,good_11.png,normal,False,0.05334986001253128,0.05334986001253128,0.0701888715806552,0.0701888715806552,0.0501871842890978,False,False,14112,False,,False,0.0,cpu,patch_nearest_normal,last2,14,0.05,False,,,0.00012199487537145615,0.00012676088372241001,False,True
2026-08-15 16:02:03,toothbrush,monitor,C:/cira_batch_test/toothbrush/bad_20.png,bad_20.png,anomaly,True,0.3204895257949829,0.3204895257949829,0.0701888715806552,0.0701888715806552,0.0501871842890978,False,False,14112,False,,False,0.0,cpu,patch_nearest_normal,last2,14,0.05,False,,,0.00012976252764929086,0.00012676088372241001,False,False
2026-08-15 16:02:05,toothbrush,monitor,C:/cira_batch_test/toothbrush/good_8.png,good_8.png,anomaly,True,0.07482697069644928,0.07482697069644928,0.0701888715806552,0.0701888715806552,0.0501871842890978,False,False,14112,False,,False,0.0,cpu,patch_nearest_normal,last2,14,0.05,False,,,0.00012916653940919787,0.00012676088372241001,False,False
2026-08-15 16:02:06,toothbrush,monitor,C:/cira_batch_test/toothbrush/bad_10.png,bad_10.png,anomaly,True,0.12475550174713135,0.12475550174713135,0.0701888715806552,0.0701888715806552,0.0501871842890978,False,False,14112,False,,False,0.0,cpu,patch_nearest_normal,last2,14,0.05,False,,,0.0001158611848950386,0.00012676088372241001,False,True
2026-08-15 16:02:08,toothbrush,monitor,C:/cira_batch_test/toothbrush/good_3.png,good_3.png,normal,False,0.0003352820931468159,3.099441414633475e-07,0.0701888715806552,0.0701888715806552,0.0501871842890978,False,True,14308,True,0.00011690628161886707,True,0.0024890678469091654,cpu,patch_nearest_normal,last2,14,0.05,False,,,0.00011001987149938941,0.00012676088372241001,True,True
2026-08-15 16:02:10,toothbrush,monitor,C:/cira_batch_test/toothbrush/bad_11.png,bad_11.png,anomaly,True,0.2720400393009186,0.2720400393009186,0.0701888715806552,0.0701888715806552,0.0501871842890978,False,False,14308,False,,False,0.0,cpu,patch_nearest_normal,last2,14,0.05,False,,,0.00011826604895759374,0.00012676088372241001,False,True
2026-08-15 16:02:11,toothbrush,monitor,C:/cira_batch_test/toothbrush/bad_18.png,bad_18.png,anomaly,True,0.2658843398094177,0.2658843398094177,0.0701888715806552,0.0701888715806552,0.0501871842890978,False,False,14308,False,,False,0.0,cpu,patch_nearest_normal,last2,14,0.05,False,,,0.00011564399756025523,0.00012676088372241001,False,True
2026-08-15 16:02:13,toothbrush,monitor,C:/cira_batch_test/toothbrush/good_12.png,good_12.png,normal,False,0.05979020521044731,0.05979020521044731,0.0701888715806552,0.0701888715806552,0.0501871842890978,False,False,14308,False,,False,0.0,cpu,patch_nearest_normal,last2,14,0.05,False,,,0.00011904435086762533,0.00012676088372241001,False,True
2026-08-15 16:02:14,toothbrush,monitor,C:/cira_batch_test/toothbrush/good_17.png,good_17.png,normal,False,0.0003349602338857949,2.5033949668795685e-07,0.0701888715806552,0.0701888715806552,0.0501871842890978,False,True,14504,True,0.00011659246229100972,True,0.002478761598467827,cpu,patch_nearest_normal,last2,14,0.05,False,,,0.00011846746201626956,0.00012676088372241001,True,True
2026-08-15 16:02:16,toothbrush,monitor,C:/cira_batch_test/toothbrush/bad_5.png,bad_5.png,normal,False,0.051750194281339645,0.051750194281339645,0.0701888715806552,0.0701888715806552,0.0501871842890978,False,False,14504,False,,False,0.0,cpu,patch_nearest_normal,last2,14,0.05,False,,,0.00011611337686190382,0.00012676088372241001,False,True
2026-08-15 16:02:18,toothbrush,monitor,C:/cira_batch_test/toothbrush/bad_6.png,bad_6.png,normal,False,0.0003343462885823101,2.682209014892578e-07,0.0701888715806552,0.0701888715806552,0.0501871842890978,False,True,14700,True,0.0001182064224849455,True,0.0024785478599369526,cpu,patch_nearest_normal,last2,14,0.05,False,,,0.00011568541231099516,0.00012676088372241001,True,True
2026-08-15 16:02:19,toothbrush,monitor,C:/cira_batch_test/toothbrush/bad_7.png,bad_7.png,anomaly,True,0.12050485610961914,0.12050485610961914,0.0701888715806552,0.0701888715806552,0.0501871842890978,False,False,14700,False,,False,0.0,cpu,patch_nearest_normal,last2,14,0.05,False,,,0.00011301640915917233,0.00012676088372241001,False,True
2026-08-15 16:02:21,toothbrush,monitor,C:/cira_batch_test/toothbrush/bad_9.png,bad_9.png,normal,False,0.00033061503199860454,2.6226044269606064e-07,0.0701888715806552,0.0701888715806552,0.0501871842890978,False,True,14896,True,0.00011636515409918502,True,0.0024696628097444773,cpu,patch_nearest_normal,last2,14,0.05,False,,,0.00010993874457199126,0.00012676088372241001,True,True
2026-08-15 16:02:22,toothbrush,monitor,C:/cira_batch_test/toothbrush/bad_4.png,bad_4.png,normal,False,0.0676940530538559,0.0676940530538559,0.0701888715806552,0.0701888715806552,0.0501871842890978,False,False,14896,False,,False,0.0,cpu,patch_nearest_normal,last2,14,0.05,False,,,0.00010314100654795766,0.00012676088372241001,False,True
2026-08-15 16:02:24,toothbrush,monitor,C:/cira_batch_test/toothbrush/bad_2.png,bad_2.png,normal,False,0.05570461228489876,0.05570461228489876,0.0701888715806552,0.0701888715806552,0.0501871842890978,False,False,14896,False,,False,0.0,cpu,patch_nearest_normal,last2,14,0.05,False,,,0.00010617895895848051,0.00012676088372241001,False,True
2026-08-15 16:02:26,transistor,monitor,C:/cira_batch_test/transistor/good_1.png,good_1.png,normal,False,0.00021904706954956055,2.3245812030836532e-07,0.08374595860198465,0.08374595860198465,0.075458013266325,False,True,16000,True,0.0001735959085635841,True,0.0025374717079102993,cpu,patch_nearest_normal,last2,14,0.05,False,,,0.00016036932356655598,0.000183458399987945,True,True
2026-08-15 16:02:27,transistor,monitor,C:/cira_batch_test/transistor/good_7.png,good_7.png,normal,False,0.00021670460409950465,3.159046286782541e-07,0.08374595860198465,0.08374595860198465,0.075458013266325,False,True,16000,True,0.00017715287685859948,True,0.0025387085042893887,cpu,patch_nearest_normal,last2,14,0.05,False,,,0.0001800440950319171,0.000183458399987945,True,True
2026-08-15 16:02:29,transistor,monitor,C:/cira_batch_test/transistor/good_9.png,good_9.png,normal,False,0.06478854268789291,0.06478854268789291,0.08374595860198465,0.08374595860198465,0.075458013266325,False,False,16000,False,,False,0.0,cpu,patch_nearest_normal,last2,14,0.05,False,,,0.0001983511756407097,0.000183458399987945,True,False
2026-08-15 16:02:30,transistor,monitor,C:/cira_batch_test/transistor/bad_8.png,bad_8.png,anomaly,True,0.1641360968351364,0.1641360968351364,0.08374595860198465,0.08374595860198465,0.075458013266325,False,False,16000,False,,False,0.0,cpu,patch_nearest_normal,last2,14,0.05,False,,,0.00015979446470737457,0.000183458399987945,False,True
2026-08-15 16:02:32,transistor,monitor,C:/cira_batch_test/transistor/bad_1.png,bad_1.png,anomaly,True,0.12283729016780853,0.12283729016780853,0.08374595860198465,0.08374595860198465,0.075458013266325,False,False,16000,False,,False,0.0,cpu,patch_nearest_normal,last2,14,0.05,False,,,0.00016085314564406872,0.000183458399987945,False,True
2026-08-15 16:02:33,transistor,monitor,C:/cira_batch_test/transistor/bad_14.png,bad_14.png,anomaly,True,0.09985965490341187,0.09985965490341187,0.08374595860198465,0.08374595860198465,0.075458013266325,False,False,16000,False,,False,0.0,cpu,patch_nearest_normal,last2,14,0.05,False,,,0.0001653400540817529,0.000183458399987945,False,True
2026-08-15 16:02:35,transistor,monitor,C:/cira_batch_test/transistor/bad_15.png,bad_15.png,anomaly,True,0.09262466430664062,0.09262466430664062,0.08374595860198465,0.08374595860198465,0.075458013266325,False,False,16000,False,,False,0.0,cpu,patch_nearest_normal,last2,14,0.05,False,,,0.0001687020849203691,0.000183458399987945,False,True
2026-08-15 16:02:37,transistor,monitor,C:/cira_batch_test/transistor/good_19.png,good_19.png,normal,False,0.06793393194675446,2.8610230629055877e-07,0.08374595860198465,0.08374595860198465,0.075458013266325,False,True,16000,True,0.00016651087207719684,True,0.0025158522184938192,cpu,patch_nearest_normal,last2,14,0.05,False,,,0.00015473533130716532,0.000183458399987945,True,True
2026-08-15 16:02:38,transistor,monitor,C:/cira_batch_test/transistor/bad_3.png,bad_3.png,anomaly,True,0.09966259449720383,0.09966259449720383,0.08374595860198465,0.08374595860198465,0.075458013266325,False,False,16000,False,,False,0.0,cpu,patch_nearest_normal,last2,14,0.05,False,,,0.00016974408936221153,0.000183458399987945,False,True
2026-08-15 16:02:40,transistor,monitor,C:/cira_batch_test/transistor/good_5.png,good_5.png,normal,False,0.0002564847527537495,0.0002564847527537495,0.08374595860198465,0.08374595860198465,0.075458013266325,False,False,16000,False,,False,0.0,cpu,patch_nearest_normal,last2,14,0.05,False,,,0.0001893825683509931,0.000183458399987945,True,False
2026-08-15 16:02:41,transistor,monitor,C:/cira_batch_test/transistor/good_16.png,good_16.png,normal,False,0.07004304975271225,0.07004304975271225,0.08374595860198465,0.08374595860198465,0.075458013266325,False,False,16000,False,,False,0.0,cpu,patch_nearest_normal,last2,14,0.05,False,,,0.00018497694691177458,0.000183458399987945,True,False
2026-08-15 16:02:43,transistor,monitor,C:/cira_batch_test/transistor/good_14.png,good_14.png,normal,False,0.060377974063158035,2.5629998390286346e-07,0.08374595860198465,0.08374595860198465,0.075458013266325,False,True,16000,True,0.00019678074750117958,True,0.0025178887881338596,cpu,patch_nearest_normal,last2,14,0.05,False,,,0.00017920554091688246,0.000183458399987945,True,True
2026-08-15 16:02:44,transistor,monitor,C:/cira_batch_test/transistor/good_2.png,good_2.png,normal,False,0.07679462432861328,0.07679462432861328,0.08374595860198465,0.08374595860198465,0.075458013266325,False,False,16000,False,,False,0.0,cpu,patch_nearest_normal,last2,14,0.05,False,,,0.000167716178111732,0.000183458399987945,False,True
2026-08-15 16:02:46,transistor,monitor,C:/cira_batch_test/transistor/bad_13.png,bad_13.png,anomaly,True,0.10237269103527069,0.10237269103527069,0.08374595860198465,0.08374595860198465,0.075458013266325,False,False,16000,False,,False,0.0,cpu,patch_nearest_normal,last2,14,0.05,False,,,0.00017167448822874576,0.000183458399987945,False,True
2026-08-15 16:02:48,transistor,monitor,C:/cira_batch_test/transistor/good_10.png,good_10.png,normal,False,0.00025513768196105957,2.8610230629055877e-07,0.08374595860198465,0.08374595860198465,0.075458013266325,False,True,16000,True,0.00018081857706420124,True,0.002518243622034788,cpu,patch_nearest_normal,last2,14,0.05,False,,,0.0001714297686703503,0.000183458399987945,True,True
2026-08-15 16:02:49,transistor,monitor,C:/cira_batch_test/transistor/bad_19.png,bad_19.png,anomaly,True,0.09795303642749786,0.09795303642749786,0.08374595860198465,0.08374595860198465,0.075458013266325,False,False,16000,False,,False,0.0,cpu,patch_nearest_normal,last2,14,0.05,False,,,0.00016308837803080678,0.000183458399987945,False,True
2026-08-15 16:02:51,transistor,monitor,C:/cira_batch_test/transistor/good_4.png,good_4.png,normal,False,0.00025388001813553274,2.74181360282455e-07,0.08374595860198465,0.08374595860198465,0.075458013266325,False,True,16000,True,0.00017898653459269553,True,0.002520538866519928,cpu,patch_nearest_normal,last2,14,0.05,False,,,0.00016511087596882135,0.000183458399987945,True,True
2026-08-15 16:02:52,transistor,monitor,C:/cira_batch_test/transistor/bad_12.png,bad_12.png,anomaly,True,0.24960418045520782,0.24960418045520782,0.08374595860198465,0.08374595860198465,0.075458013266325,False,False,16000,False,,False,0.0,cpu,patch_nearest_normal,last2,14,0.05,False,,,0.0001482991938246414,0.000183458399987945,False,True
2026-08-15 16:02:54,transistor,monitor,C:/cira_batch_test/transistor/good_18.png,good_18.png,normal,False,0.06296654790639877,2.980232238769531e-07,0.08374595860198465,0.08374595860198465,0.075458013266325,False,True,16000,True,0.00019458626047708094,True,0.0025315042585134506,cpu,patch_nearest_normal,last2,14,0.05,False,,,0.00016313526430167258,0.000183458399987945,True,True
2026-08-15 16:02:56,transistor,monitor,C:/cira_batch_test/transistor/bad_16.png,bad_16.png,anomaly,True,0.17749559879302979,0.17749559879302979,0.08374595860198465,0.08374595860198465,0.075458013266325,False,False,16000,False,,False,0.0,cpu,patch_nearest_normal,last2,14,0.05,False,,,0.00017120879783760756,0.000183458399987945,False,True
2026-08-15 16:02:57,transistor,monitor,C:/cira_batch_test/transistor/good_6.png,good_6.png,normal,False,0.0002950131893157959,3.039836826701503e-07,0.08374595860198465,0.08374595860198465,0.075458013266325,False,True,16000,True,0.00018330515013076365,True,0.0025278395041823387,cpu,patch_nearest_normal,last2,14,0.05,True,C:\cira_ttl_checkpoints\transistor\patch_memory_bank_update_20.pt,C:\cira_ttl_checkpoints\transistor\patch_adapter_update_20.pt,0.0001673433871474117,0.000183458399987945,True,True
2026-08-15 16:02:59,transistor,monitor,C:/cira_batch_test/transistor/good_13.png,good_13.png,normal,False,0.00029665231704711914,3.039836826701503e-07,0.08374595860198465,0.08374595860198465,0.075458013266325,False,True,16000,True,0.0001784456690074876,True,0.0025187511928379536,cpu,patch_nearest_normal,last2,14,0.05,False,,,0.00017109054897446185,0.000183458399987945,True,True
2026-08-15 16:03:01,transistor,monitor,C:/cira_batch_test/transistor/good_15.png,good_15.png,normal,False,0.00029491184977814555,2.8014181907565217e-07,0.08374595860198465,0.08374595860198465,0.075458013266325,False,True,16000,True,0.00017969365580938756,True,0.0025204999838024378,cpu,patch_nearest_normal,last2,14,0.05,False,,,0.00017178853158839047,0.000183458399987945,True,True
2026-08-15 16:03:03,transistor,monitor,C:/cira_batch_test/transistor/good_20.png,good_20.png,normal,False,0.00029181837453506887,2.8610230629055877e-07,0.08374595860198465,0.08374595860198465,0.075458013266325,False,True,16000,True,0.00018102569447364658,True,0.00253290799446404,cpu,patch_nearest_normal,last2,14,0.05,False,,,0.0001735859113978222,0.000183458399987945,True,True
2026-08-15 16:03:04,transistor,monitor,C:/cira_batch_test/transistor/bad_17.png,bad_17.png,anomaly,True,0.20060594379901886,0.20060594379901886,0.08374595860198465,0.08374595860198465,0.075458013266325,False,False,16000,False,,False,0.0,cpu,patch_nearest_normal,last2,14,0.05,False,,,0.0001702190493233502,0.000183458399987945,False,True
2026-08-15 16:03:06,transistor,monitor,C:/cira_batch_test/transistor/good_11.png,good_11.png,normal,False,0.06063101440668106,2.9206276508375595e-07,0.08374595860198465,0.08374595860198465,0.075458013266325,False,True,16000,True,0.00018978695152327418,True,0.0025441457983106375,cpu,patch_nearest_normal,last2,14,0.05,False,,,0.00017964567814487964,0.000183458399987945,True,True
2026-08-15 16:03:07,transistor,monitor,C:/cira_batch_test/transistor/bad_20.png,bad_20.png,anomaly,True,0.28550854325294495,0.28550854325294495,0.08374595860198465,0.08374595860198465,0.075458013266325,False,False,16000,False,,False,0.0,cpu,patch_nearest_normal,last2,14,0.05,False,,,0.00017340568592771888,0.000183458399987945,False,True
2026-08-15 16:03:09,transistor,monitor,C:/cira_batch_test/transistor/good_8.png,good_8.png,normal,False,0.00033906102180480957,2.6226044269606064e-07,0.08374595860198465,0.08374595860198465,0.075458013266325,False,True,16000,True,0.00017745213699527085,True,0.0025444193743169308,cpu,patch_nearest_normal,last2,14,0.05,False,,,0.0001552865724079311,0.000183458399987945,True,True
2026-08-15 16:03:11,transistor,monitor,C:/cira_batch_test/transistor/bad_10.png,bad_10.png,anomaly,True,0.1226915717124939,0.1226915717124939,0.08374595860198465,0.08374595860198465,0.075458013266325,False,False,16000,False,,False,0.0,cpu,patch_nearest_normal,last2,14,0.05,False,,,0.000165986581123434,0.000183458399987945,False,True
2026-08-15 16:03:12,transistor,monitor,C:/cira_batch_test/transistor/good_3.png,good_3.png,normal,False,0.07883213460445404,0.07883213460445404,0.08374595860198465,0.08374595860198465,0.075458013266325,False,False,16000,False,,False,0.0,cpu,patch_nearest_normal,last2,14,0.05,False,,,0.00015150239050853997,0.000183458399987945,False,True
2026-08-15 16:03:14,transistor,monitor,C:/cira_batch_test/transistor/bad_11.png,bad_11.png,normal,False,0.0003376364766154438,2.74181360282455e-07,0.08374595860198465,0.08374595860198465,0.075458013266325,False,True,16000,True,0.00018067478958982974,True,0.0025330637581646442,cpu,patch_nearest_normal,last2,14,0.05,False,,,0.00017548173491377383,0.000183458399987945,True,True
2026-08-15 16:03:15,transistor,monitor,C:/cira_batch_test/transistor/bad_18.png,bad_18.png,anomaly,True,0.14228467643260956,0.14228467643260956,0.08374595860198465,0.08374595860198465,0.075458013266325,False,False,16000,False,,False,0.0,cpu,patch_nearest_normal,last2,14,0.05,False,,,0.0001721197331789881,0.000183458399987945,False,True
2026-08-15 16:03:17,transistor,monitor,C:/cira_batch_test/transistor/good_12.png,good_12.png,normal,False,0.05069199949502945,0.05069199949502945,0.08374595860198465,0.08374595860198465,0.075458013266325,False,False,16000,False,,False,0.0,cpu,patch_nearest_normal,last2,14,0.05,False,,,0.000188057980267331,0.000183458399987945,True,False
2026-08-15 16:03:19,transistor,monitor,C:/cira_batch_test/transistor/good_17.png,good_17.png,normal,False,0.00033509134664200246,3.039836826701503e-07,0.08374595860198465,0.08374595860198465,0.075458013266325,False,True,16000,True,0.0001759221195243299,True,0.0025254241190850735,cpu,patch_nearest_normal,last2,14,0.05,False,,,0.00016860105097293854,0.000183458399987945,True,True
2026-08-15 16:03:20,transistor,monitor,C:/cira_batch_test/transistor/bad_5.png,bad_5.png,anomaly,True,0.10938279330730438,0.10938279330730438,0.08374595860198465,0.08374595860198465,0.075458013266325,False,False,16000,False,,False,0.0,cpu,patch_nearest_normal,last2,14,0.05,False,,,0.00017694836424198002,0.000183458399987945,False,True
2026-08-15 16:03:22,transistor,monitor,C:/cira_batch_test/transistor/bad_6.png,bad_6.png,normal,False,0.0761161744594574,0.0761161744594574,0.08374595860198465,0.08374595860198465,0.075458013266325,False,False,16000,False,,False,0.0,cpu,patch_nearest_normal,last2,14,0.05,False,,,0.00016212045738939196,0.000183458399987945,False,True
2026-08-15 16:03:23,transistor,monitor,C:/cira_batch_test/transistor/bad_7.png,bad_7.png,anomaly,True,0.12151996791362762,0.12151996791362762,0.08374595860198465,0.08374595860198465,0.075458013266325,False,False,16000,False,,False,0.0,cpu,patch_nearest_normal,last2,14,0.05,False,,,0.00016840120952110738,0.000183458399987945,False,True
2026-08-15 16:03:25,transistor,monitor,C:/cira_batch_test/transistor/bad_9.png,bad_9.png,anomaly,True,0.12764254212379456,0.12764254212379456,0.08374595860198465,0.08374595860198465,0.075458013266325,False,False,16000,False,,False,0.0,cpu,patch_nearest_normal,last2,14,0.05,False,,,0.00018364445713814348,0.000183458399987945,False,False
2026-08-15 16:03:26,transistor,monitor,C:/cira_batch_test/transistor/bad_4.png,bad_4.png,anomaly,True,0.0869324579834938,0.0869324579834938,0.08374595860198465,0.08374595860198465,0.075458013266325,False,False,16000,False,,False,0.0,cpu,patch_nearest_normal,last2,14,0.05,False,,,0.00012533238623291254,0.000183458399987945,False,True
2026-08-15 16:03:28,transistor,monitor,C:/cira_batch_test/transistor/bad_2.png,bad_2.png,anomaly,True,0.20227059721946716,0.20227059721946716,0.08374595860198465,0.08374595860198465,0.075458013266325,False,False,16000,False,,False,0.0,cpu,patch_nearest_normal,last2,14,0.05,False,,,0.000164284574566409,0.000183458399987945,False,True
2026-08-15 16:03:29,wood,monitor,C:/cira_batch_test/wood/good_1.png,good_1.png,normal,False,0.00010408162779640406,2.682209014892578e-07,0.04761727861349719,0.04761727861349719,0.037343646213412296,False,True,16000,True,7.864808139856905e-05,True,0.0026271541137248278,cpu,patch_nearest_normal,last2,14,0.05,False,,,8.681055624037981e-05,0.00010775983100752,True,True
2026-08-15 16:03:31,wood,monitor,C:/cira_batch_test/wood/good_7.png,good_7.png,normal,False,0.00010263919830322266,3.039836826701503e-07,0.04761727861349719,0.04761727861349719,0.037343646213412296,False,True,16000,True,9.286643035011366e-05,True,0.002623233012855053,cpu,patch_nearest_normal,last2,14,0.05,True,C:\cira_ttl_checkpoints\wood\patch_memory_bank_update_10.pt,C:\cira_ttl_checkpoints\wood\patch_adapter_update_10.pt,9.875330579234287e-05,0.00010775983100752,True,True
2026-08-15 16:03:33,wood,monitor,C:/cira_batch_test/wood/good_9.png,good_9.png,anomaly,True,0.05432644486427307,0.05432644486427307,0.04761727861349719,0.04761727861349719,0.037343646213412296,False,False,16000,False,,False,0.0,cpu,patch_nearest_normal,last2,14,0.05,False,,,0.00011193970567546785,0.00010775983100752,False,False
2026-08-15 16:03:34,wood,monitor,C:/cira_batch_test/wood/bad_8.png,bad_8.png,anomaly,True,0.22049526870250702,0.22049526870250702,0.04761727861349719,0.04761727861349719,0.037343646213412296,False,False,16000,False,,False,0.0,cpu,patch_nearest_normal,last2,14,0.05,False,,,8.325923408847302e-05,0.00010775983100752,False,True
2026-08-15 16:03:36,wood,monitor,C:/cira_batch_test/wood/bad_1.png,bad_1.png,anomaly,True,0.34823113679885864,0.34823113679885864,0.04761727861349719,0.04761727861349719,0.037343646213412296,False,False,16000,False,,False,0.0,cpu,patch_nearest_normal,last2,14,0.05,False,,,8.933035132940859e-05,0.00010775983100752,False,True
2026-08-15 16:03:37,wood,monitor,C:/cira_batch_test/wood/bad_14.png,bad_14.png,anomaly,True,0.24016964435577393,0.24016964435577393,0.04761727861349719,0.04761727861349719,0.037343646213412296,False,False,16000,False,,False,0.0,cpu,patch_nearest_normal,last2,14,0.05,False,,,8.255836291937158e-05,0.00010775983100752,False,True
2026-08-15 16:03:39,wood,monitor,C:/cira_batch_test/wood/bad_15.png,bad_15.png,anomaly,True,0.21491670608520508,0.21491670608520508,0.04761727861349719,0.04761727861349719,0.037343646213412296,False,False,16000,False,,False,0.0,cpu,patch_nearest_normal,last2,14,0.05,False,,,9.748545562615618e-05,0.00010775983100752,False,True
2026-08-15 16:03:40,wood,monitor,C:/cira_batch_test/wood/good_19.png,good_19.png,anomaly,True,0.051911093294620514,0.051911093294620514,0.04761727861349719,0.04761727861349719,0.037343646213412296,False,False,16000,False,,False,0.0,cpu,patch_nearest_normal,last2,14,0.05,False,,,9.540907194605097e-05,0.00010775983100752,False,True
2026-08-15 16:03:42,wood,monitor,C:/cira_batch_test/wood/bad_3.png,bad_3.png,anomaly,True,0.2533245086669922,0.2533245086669922,0.04761727861349719,0.04761727861349719,0.037343646213412296,False,False,16000,False,,False,0.0,cpu,patch_nearest_normal,last2,14,0.05,False,,,0.00014556660607922822,0.00010775983100752,False,False
2026-08-15 16:03:44,wood,monitor,C:/cira_batch_test/wood/good_5.png,good_5.png,normal,False,0.00010156631469726562,2.74181360282455e-07,0.04761727861349719,0.04761727861349719,0.037343646213412296,False,True,16000,True,7.753910176688805e-05,True,0.002616206184029579,cpu,patch_nearest_normal,last2,14,0.05,False,,,7.336346607189626e-05,0.00010775983100752,True,True
2026-08-15 16:03:45,wood,monitor,C:/cira_batch_test/wood/good_16.png,good_16.png,normal,False,0.03723587468266487,3.2782554626464844e-07,0.04761727861349719,0.04761727861349719,0.037343646213412296,False,True,16000,True,0.00011963857832597569,True,0.0026009846478700638,cpu,patch_nearest_normal,last2,14,0.05,False,,,0.00010723936429712921,0.00010775983100752,True,True
2026-08-15 16:03:47,wood,monitor,C:/cira_batch_test/wood/good_14.png,good_14.png,anomaly,True,0.04856755584478378,0.04856755584478378,0.04761727861349719,0.04761727861349719,0.037343646213412296,False,False,16000,False,,False,0.0,cpu,patch_nearest_normal,last2,14,0.05,False,,,0.00011497816012706608,0.00010775983100752,False,False
2026-08-15 16:03:49,wood,monitor,C:/cira_batch_test/wood/good_2.png,good_2.png,normal,False,0.0001304805336985737,3.2186508747145126e-07,0.04761727861349719,0.04761727861349719,0.037343646213412296,False,True,16000,True,8.422839164268225e-05,True,0.0025960386265069246,cpu,patch_nearest_normal,last2,14,0.05,False,,,8.110764611046761e-05,0.00010775983100752,True,True
2026-08-15 16:03:50,wood,monitor,C:/cira_batch_test/wood/bad_13.png,bad_13.png,anomaly,True,0.3327953517436981,0.3327953517436981,0.04761727861349719,0.04761727861349719,0.037343646213412296,False,False,16000,False,,False,0.0,cpu,patch_nearest_normal,last2,14,0.05,False,,,8.735644223634154e-05,0.00010775983100752,False,True
2026-08-15 16:03:52,wood,monitor,C:/cira_batch_test/wood/good_10.png,good_10.png,anomaly,True,0.08949564397335052,0.08949564397335052,0.04761727861349719,0.04761727861349719,0.037343646213412296,False,False,16000,False,,False,0.0,cpu,patch_nearest_normal,last2,14,0.05,False,,,0.00011072996858274564,0.00010775983100752,False,False
2026-08-15 16:03:53,wood,monitor,C:/cira_batch_test/wood/bad_19.png,bad_19.png,anomaly,True,0.21866337954998016,0.21866337954998016,0.04761727861349719,0.04761727861349719,0.037343646213412296,False,False,16000,False,,False,0.0,cpu,patch_nearest_normal,last2,14,0.05,False,,,0.00010173254850087687,0.00010775983100752,False,True
2026-08-15 16:03:55,wood,monitor,C:/cira_batch_test/wood/good_4.png,good_4.png,normal,False,0.00012918710126541555,3.695487862387381e-07,0.04761727861349719,0.04761727861349719,0.037343646213412296,False,True,16000,True,7.618239033035934e-05,True,0.0025893873535096645,cpu,patch_nearest_normal,last2,14,0.05,False,,,7.516026380471885e-05,0.00010775983100752,True,True
2026-08-15 16:03:57,wood,monitor,C:/cira_batch_test/wood/bad_12.png,bad_12.png,anomaly,True,0.18249823153018951,0.18249823153018951,0.04761727861349719,0.04761727861349719,0.037343646213412296,False,False,16000,False,,False,0.0,cpu,patch_nearest_normal,last2,14,0.05,False,,,0.0001283900928683579,0.00010775983100752,False,False
2026-08-15 16:03:58,wood,monitor,C:/cira_batch_test/wood/good_18.png,good_18.png,normal,False,0.03935893252491951,0.03935893252491951,0.04761727861349719,0.04761727861349719,0.037343646213412296,False,False,16000,False,,False,0.0,cpu,patch_nearest_normal,last2,14,0.05,False,,,8.800656360108405e-05,0.00010775983100752,False,True
2026-08-15 16:04:00,wood,monitor,C:/cira_batch_test/wood/bad_16.png,bad_16.png,anomaly,True,0.21770243346691132,0.21770243346691132,0.04761727861349719,0.04761727861349719,0.037343646213412296,False,False,16000,False,,False,0.0,cpu,patch_nearest_normal,last2,14,0.05,False,,,8.039922249736264e-05,0.00010775983100752,False,True
2026-08-15 16:04:02,wood,monitor,C:/cira_batch_test/wood/good_6.png,good_6.png,normal,False,0.00012832283391617239,2.8610230629055877e-07,0.04761727861349719,0.04761727861349719,0.037343646213412296,False,True,16000,True,7.35561698093079e-05,True,0.0025733255315572023,cpu,patch_nearest_normal,last2,14,0.05,False,,,7.599027594551444e-05,0.00010775983100752,True,True
2026-08-15 16:04:03,wood,monitor,C:/cira_batch_test/wood/good_13.png,good_13.png,anomaly,True,0.048322565853595734,0.048322565853595734,0.04761727861349719,0.04761727861349719,0.037343646213412296,False,False,16000,False,,False,0.0,cpu,patch_nearest_normal,last2,14,0.05,False,,,0.00011298022582195699,0.00010775983100752,False,False
2026-08-15 16:04:05,wood,monitor,C:/cira_batch_test/wood/good_15.png,good_15.png,anomaly,True,0.05179678648710251,0.05179678648710251,0.04761727861349719,0.04761727861349719,0.037343646213412296,False,False,16000,False,,False,0.0,cpu,patch_nearest_normal,last2,14,0.05,False,,,9.784317808225751e-05,0.00010775983100752,False,True
2026-08-15 16:04:06,wood,monitor,C:/cira_batch_test/wood/good_20.png,good_20.png,normal,False,0.00012724995031021535,3.2782554626464844e-07,0.04761727861349719,0.04761727861349719,0.037343646213412296,False,True,16000,True,9.614598820917308e-05,True,0.002588025527074933,cpu,patch_nearest_normal,last2,14,0.05,False,,,9.63801285251975e-05,0.00010775983100752,True,True
2026-08-15 16:04:08,wood,monitor,C:/cira_batch_test/wood/bad_17.png,bad_17.png,anomaly,True,0.37429898977279663,0.37429898977279663,0.04761727861349719,0.04761727861349719,0.037343646213412296,False,False,16000,False,,False,0.0,cpu,patch_nearest_normal,last2,14,0.05,False,,,0.00010484713857294992,0.00010775983100752,False,True
2026-08-15 16:04:10,wood,monitor,C:/cira_batch_test/wood/good_11.png,good_11.png,normal,False,0.03627736493945122,3.516674098591466e-07,0.04761727861349719,0.04761727861349719,0.037343646213412296,False,True,16000,True,0.00011666537466226146,True,0.002526292111724615,cpu,patch_nearest_normal,last2,14,0.05,False,,,0.00010375690180808306,0.00010775983100752,True,True
2026-08-15 16:04:11,wood,monitor,C:/cira_batch_test/wood/bad_20.png,bad_20.png,anomaly,True,0.1704879105091095,0.1704879105091095,0.04761727861349719,0.04761727861349719,0.037343646213412296,False,False,16000,False,,False,0.0,cpu,patch_nearest_normal,last2,14,0.05,False,,,9.511340613244101e-05,0.00010775983100752,False,True
2026-08-15 16:04:13,wood,monitor,C:/cira_batch_test/wood/good_8.png,good_8.png,normal,False,0.03420104458928108,0.03420104458928108,0.04761727861349719,0.04761727861349719,0.037343646213412296,False,False,16000,False,,False,0.0,cpu,patch_nearest_normal,last2,14,0.05,False,,,0.00012801949924323708,0.00010775983100752,True,False
2026-08-15 16:04:14,wood,monitor,C:/cira_batch_test/wood/bad_10.png,bad_10.png,anomaly,True,0.27788883447647095,0.27788883447647095,0.04761727861349719,0.04761727861349719,0.037343646213412296,False,False,16000,False,,False,0.0,cpu,patch_nearest_normal,last2,14,0.05,False,,,7.555232150480151e-05,0.00010775983100752,False,True
2026-08-15 16:04:16,wood,monitor,C:/cira_batch_test/wood/good_3.png,good_3.png,normal,False,0.00015917420387268066,2.5033949668795685e-07,0.04761727861349719,0.04761727861349719,0.037343646213412296,False,True,16000,True,7.70954939071089e-05,True,0.0025283119175583124,cpu,patch_nearest_normal,last2,14,0.05,False,,,7.991153688635677e-05,0.00010775983100752,True,True
2026-08-15 16:04:17,wood,monitor,C:/cira_batch_test/wood/bad_11.png,bad_11.png,anomaly,True,0.0859370008111,0.0859370008111,0.04761727861349719,0.04761727861349719,0.037343646213412296,False,False,16000,False,,False,0.0,cpu,patch_nearest_normal,last2,14,0.05,False,,,7.075353641994298e-05,0.00010775983100752,False,True
2026-08-15 16:04:19,wood,monitor,C:/cira_batch_test/wood/bad_18.png,bad_18.png,anomaly,True,0.41082239151000977,0.41082239151000977,0.04761727861349719,0.04761727861349719,0.037343646213412296,False,False,16000,False,,False,0.0,cpu,patch_nearest_normal,last2,14,0.05,False,,,8.427030843449757e-05,0.00010775983100752,False,True
2026-08-15 16:04:21,wood,monitor,C:/cira_batch_test/wood/good_12.png,good_12.png,normal,False,0.026366883888840675,3.099441414633475e-07,0.04761727861349719,0.04761727861349719,0.037343646213412296,False,True,16000,True,0.0001112038444261998,True,0.002511638216674328,cpu,patch_nearest_normal,last2,14,0.05,False,,,0.00010548456339165568,0.00010775983100752,True,True
2026-08-15 16:04:22,wood,monitor,C:/cira_batch_test/wood/good_17.png,good_17.png,normal,False,0.03976878523826599,0.03976878523826599,0.04761727861349719,0.04761727861349719,0.037343646213412296,False,False,16000,False,,False,0.0,cpu,patch_nearest_normal,last2,14,0.05,False,,,0.00010120260412804782,0.00010775983100752,False,True
2026-08-15 16:04:24,wood,monitor,C:/cira_batch_test/wood/bad_5.png,bad_5.png,anomaly,True,0.24065712094306946,0.24065712094306946,0.04761727861349719,0.04761727861349719,0.037343646213412296,False,False,16000,False,,False,0.0,cpu,patch_nearest_normal,last2,14,0.05,False,,,0.00010471197310835123,0.00010775983100752,False,True
2026-08-15 16:04:25,wood,monitor,C:/cira_batch_test/wood/bad_6.png,bad_6.png,anomaly,True,0.22237753868103027,0.22237753868103027,0.04761727861349719,0.04761727861349719,0.037343646213412296,False,False,16000,False,,False,0.0,cpu,patch_nearest_normal,last2,14,0.05,False,,,0.00012037868873449042,0.00010775983100752,False,False
2026-08-15 16:04:27,wood,monitor,C:/cira_batch_test/wood/bad_7.png,bad_7.png,anomaly,True,0.09784649312496185,0.09784649312496185,0.04761727861349719,0.04761727861349719,0.037343646213412296,False,False,16000,False,,False,0.0,cpu,patch_nearest_normal,last2,14,0.05,False,,,9.970475366571918e-05,0.00010775983100752,False,True
2026-08-15 16:04:29,wood,monitor,C:/cira_batch_test/wood/bad_9.png,bad_9.png,anomaly,True,0.21408970654010773,0.21408970654010773,0.04761727861349719,0.04761727861349719,0.037343646213412296,False,False,16000,False,,False,0.0,cpu,patch_nearest_normal,last2,14,0.05,False,,,7.854984869481996e-05,0.00010775983100752,False,True
2026-08-15 16:04:30,wood,monitor,C:/cira_batch_test/wood/bad_4.png,bad_4.png,anomaly,True,0.3490353226661682,0.3490353226661682,0.04761727861349719,0.04761727861349719,0.037343646213412296,False,False,16000,False,,False,0.0,cpu,patch_nearest_normal,last2,14,0.05,False,,,8.592568337917328e-05,0.00010775983100752,False,True
2026-08-15 16:04:32,wood,monitor,C:/cira_batch_test/wood/bad_2.png,bad_2.png,anomaly,True,0.27525854110717773,0.27525854110717773,0.04761727861349719,0.04761727861349719,0.037343646213412296,False,False,16000,False,,False,0.0,cpu,patch_nearest_normal,last2,14,0.05,False,,,0.00010224794823443517,0.00010775983100752,False,True
2026-08-15 16:04:33,zipper,monitor,C:/cira_batch_test/zipper/good_1.png,good_1.png,normal,False,0.0005113541847094893,2.8014181907565217e-07,0.026937197228883013,0.026937197228883013,0.026275477930903436,False,True,16000,True,0.000111036715679802,True,0.0026132178027182817,cpu,patch_nearest_normal,last2,14,0.05,False,,,0.00010211427434114739,0.00012004206546407001,True,True
2026-08-15 16:04:35,zipper,monitor,C:/cira_batch_test/zipper/good_7.png,good_7.png,normal,False,0.0005105435848236084,2.74181360282455e-07,0.026937197228883013,0.026937197228883013,0.026275477930903436,False,True,16000,True,0.00011600422294577584,True,0.0026114427018910646,cpu,patch_nearest_normal,last2,14,0.05,False,,,0.00011052571062464267,0.00012004206546407001,True,True
2026-08-15 16:04:37,zipper,monitor,C:/cira_batch_test/zipper/good_9.png,good_9.png,normal,False,0.0005060672992840409,2.74181360282455e-07,0.026937197228883013,0.026937197228883013,0.026275477930903436,False,True,16000,True,0.00011503496352816,True,0.0026069243904203176,cpu,patch_nearest_normal,last2,14,0.05,True,C:\cira_ttl_checkpoints\zipper\patch_memory_bank_update_20.pt,C:\cira_ttl_checkpoints\zipper\patch_adapter_update_20.pt,0.00011815227480838075,0.00012004206546407001,True,True
2026-08-15 16:04:38,zipper,monitor,C:/cira_batch_test/zipper/bad_8.png,bad_8.png,anomaly,True,0.13697007298469543,0.13697007298469543,0.026937197228883013,0.026937197228883013,0.026275477930903436,False,False,16000,False,,False,0.0,cpu,patch_nearest_normal,last2,14,0.05,False,,,0.00011907386942766607,0.00012004206546407001,False,True
2026-08-15 16:04:40,zipper,monitor,C:/cira_batch_test/zipper/bad_1.png,bad_1.png,anomaly,True,0.033049412071704865,0.033049412071704865,0.026937197228883013,0.026937197228883013,0.026275477930903436,False,False,16000,False,,False,0.0,cpu,patch_nearest_normal,last2,14,0.05,False,,,0.00012305799464229494,0.00012004206546407001,False,False
2026-08-15 16:04:41,zipper,monitor,C:/cira_batch_test/zipper/bad_14.png,bad_14.png,anomaly,True,0.04735809564590454,0.04735809564590454,0.026937197228883013,0.026937197228883013,0.026275477930903436,False,False,16000,False,,False,0.0,cpu,patch_nearest_normal,last2,14,0.05,False,,,0.0001146861250163056,0.00012004206546407001,False,True
2026-08-15 16:04:43,zipper,monitor,C:/cira_batch_test/zipper/bad_15.png,bad_15.png,anomaly,True,0.06988617777824402,0.06988617777824402,0.026937197228883013,0.026937197228883013,0.026275477930903436,False,False,16000,False,,False,0.0,cpu,patch_nearest_normal,last2,14,0.05,False,,,0.00011070205800933763,0.00012004206546407001,False,True
2026-08-15 16:04:44,zipper,monitor,C:/cira_batch_test/zipper/good_19.png,good_19.png,normal,False,0.0005049944156780839,2.682209014892578e-07,0.026937197228883013,0.026937197228883013,0.026275477930903436,False,True,16000,True,0.00013014013529755175,True,0.002625518711283803,cpu,patch_nearest_normal,last2,14,0.05,False,,,0.00011430853919591755,0.00012004206546407001,True,True
2026-08-15 16:04:46,zipper,monitor,C:/cira_batch_test/zipper/bad_3.png,bad_3.png,anomaly,True,0.028929710388183594,0.028929710388183594,0.026937197228883013,0.026937197228883013,0.026275477930903436,False,False,16000,False,,False,0.0,cpu,patch_nearest_normal,last2,14,0.05,False,,,0.00012439480633474886,0.00012004206546407001,False,False
2026-08-15 16:04:47,zipper,monitor,C:/cira_batch_test/zipper/good_5.png,good_5.png,anomaly,True,0.027262408286333084,0.027262408286333084,0.026937197228883013,0.026937197228883013,0.026275477930903436,False,False,16000,False,,False,0.0,cpu,patch_nearest_normal,last2,14,0.05,False,,,0.00010213553468929604,0.00012004206546407001,False,True
2026-08-15 16:04:49,zipper,monitor,C:/cira_batch_test/zipper/good_16.png,good_16.png,normal,False,0.019641583785414696,3.2782554626464844e-07,0.026937197228883013,0.026937197228883013,0.026275477930903436,False,True,16000,True,0.00013292045332491398,True,0.0026431966107338667,cpu,patch_nearest_normal,last2,14,0.05,False,,,0.00011610158253461123,0.00012004206546407001,True,True
2026-08-15 16:04:51,zipper,monitor,C:/cira_batch_test/zipper/good_14.png,good_14.png,normal,False,0.0005662917974404991,3.039836826701503e-07,0.026937197228883013,0.026937197228883013,0.026275477930903436,False,True,16000,True,0.00010807051148731261,True,0.002621114021167159,cpu,patch_nearest_normal,last2,14,0.05,False,,,0.00010764021135400981,0.00012004206546407001,True,True
2026-08-15 16:04:52,zipper,monitor,C:/cira_batch_test/zipper/good_2.png,good_2.png,normal,False,0.025979697704315186,3.2186508747145126e-07,0.026937197228883013,0.026937197228883013,0.026275477930903436,False,True,16000,True,0.00010918774933088571,True,0.002616388024762273,cpu,patch_nearest_normal,last2,14,0.05,False,,,9.501358726993203e-05,0.00012004206546407001,True,True
2026-08-15 16:04:54,zipper,monitor,C:/cira_batch_test/zipper/bad_13.png,bad_13.png,anomaly,True,0.04014897346496582,0.04014897346496582,0.026937197228883013,0.026937197228883013,0.026275477930903436,False,False,16000,False,,False,0.0,cpu,patch_nearest_normal,last2,14,0.05,False,,,0.00011549250484677032,0.00012004206546407001,False,True
2026-08-15 16:04:56,zipper,monitor,C:/cira_batch_test/zipper/good_10.png,good_10.png,normal,False,0.0006315350765362382,3.397464638510428e-07,0.026937197228883013,0.026937197228883013,0.026275477930903436,False,True,16000,True,0.00011171762162121013,True,0.0026153353974223137,cpu,patch_nearest_normal,last2,14,0.05,False,,,0.00010516566544538364,0.00012004206546407001,True,True
2026-08-15 16:04:57,zipper,monitor,C:/cira_batch_test/zipper/bad_19.png,bad_19.png,anomaly,True,0.05318804457783699,0.05318804457783699,0.026937197228883013,0.026937197228883013,0.026275477930903436,False,False,16000,False,,False,0.0,cpu,patch_nearest_normal,last2,14,0.05,False,,,0.00011580906721064821,0.00012004206546407001,False,True
2026-08-15 16:04:59,zipper,monitor,C:/cira_batch_test/zipper/good_4.png,good_4.png,normal,False,0.026787418872117996,0.026787418872117996,0.026937197228883013,0.026937197228883013,0.026275477930903436,False,False,16000,False,,False,0.0,cpu,patch_nearest_normal,last2,14,0.05,False,,,0.00010724384628701955,0.00012004206546407001,False,True
2026-08-15 16:05:00,zipper,monitor,C:/cira_batch_test/zipper/bad_12.png,bad_12.png,normal,False,0.0006304681301116943,3.337860050578456e-07,0.026937197228883013,0.026937197228883013,0.026275477930903436,False,True,16000,True,9.975561260944232e-05,True,0.0025820427108556032,cpu,patch_nearest_normal,last2,14,0.05,False,,,9.253089228877798e-05,0.00012004206546407001,True,True
2026-08-15 16:05:02,zipper,monitor,C:/cira_batch_test/zipper/good_18.png,good_18.png,normal,False,0.0006258189678192139,2.682209014892578e-07,0.026937197228883013,0.026937197228883013,0.026275477930903436,False,True,16000,True,0.00012122010230086744,True,0.002595627913251519,cpu,patch_nearest_normal,last2,14,0.05,False,,,0.00010727775224950165,0.00012004206546407001,True,True
2026-08-15 16:05:04,zipper,monitor,C:/cira_batch_test/zipper/bad_16.png,bad_16.png,anomaly,True,0.048617489635944366,0.048617489635944366,0.026937197228883013,0.026937197228883013,0.026275477930903436,False,False,16000,False,,False,0.0,cpu,patch_nearest_normal,last2,14,0.05,False,,,0.0001257587573491037,0.00012004206546407001,False,False
2026-08-15 16:05:05,zipper,monitor,C:/cira_batch_test/zipper/good_6.png,good_6.png,normal,False,0.0006264984840527177,3.159046286782541e-07,0.026937197228883013,0.026937197228883013,0.026275477930903436,False,True,16000,True,0.00012080216401955113,True,0.0026050880551338196,cpu,patch_nearest_normal,last2,14,0.05,False,,,0.00010569451842457056,0.00012004206546407001,True,True
2026-08-15 16:05:07,zipper,monitor,C:/cira_batch_test/zipper/good_13.png,good_13.png,normal,False,0.0006228864076547325,2.3245812030836532e-07,0.026937197228883013,0.026937197228883013,0.026275477930903436,False,True,16000,True,0.00011019092926289886,True,0.0025943752843886614,cpu,patch_nearest_normal,last2,14,0.05,False,,,0.00010307072079740465,0.00012004206546407001,True,True
2026-08-15 16:05:09,zipper,monitor,C:/cira_batch_test/zipper/good_15.png,good_15.png,normal,False,0.0006200134521350265,3.159046286782541e-07,0.026937197228883013,0.026937197228883013,0.026275477930903436,False,True,16000,True,0.00011982750584138557,True,0.0026035949122160673,cpu,patch_nearest_normal,last2,14,0.05,True,C:\cira_ttl_checkpoints\zipper\patch_memory_bank_update_30.pt,C:\cira_ttl_checkpoints\zipper\patch_adapter_update_30.pt,0.00010298207052983344,0.00012004206546407001,True,True
2026-08-15 16:05:11,zipper,monitor,C:/cira_batch_test/zipper/good_20.png,good_20.png,normal,False,0.0006191432476043701,2.5629998390286346e-07,0.026937197228883013,0.026937197228883013,0.026275477930903436,False,True,16000,True,0.00011642281606327742,True,0.0026048258878290653,cpu,patch_nearest_normal,last2,14,0.05,False,,,0.00010720602585934103,0.00012004206546407001,True,True
2026-08-15 16:05:12,zipper,monitor,C:/cira_batch_test/zipper/bad_17.png,bad_17.png,anomaly,True,0.05455539748072624,0.05455539748072624,0.026937197228883013,0.026937197228883013,0.026275477930903436,False,False,16000,False,,False,0.0,cpu,patch_nearest_normal,last2,14,0.05,False,,,0.00010452587594045326,0.00012004206546407001,False,True
2026-08-15 16:05:14,zipper,monitor,C:/cira_batch_test/zipper/good_11.png,good_11.png,normal,False,0.0006184339290484786,2.8610230629055877e-07,0.026937197228883013,0.026937197228883013,0.026275477930903436,False,True,16000,True,0.00010660839325282723,True,0.0025961867067962885,cpu,patch_nearest_normal,last2,14,0.05,False,,,0.00010097032645717263,0.00012004206546407001,True,True
2026-08-15 16:05:15,zipper,monitor,C:/cira_batch_test/zipper/bad_20.png,bad_20.png,anomaly,True,0.04340110346674919,0.04340110346674919,0.026937197228883013,0.026937197228883013,0.026275477930903436,False,False,16000,False,,False,0.0,cpu,patch_nearest_normal,last2,14,0.05,False,,,0.00010535326146055013,0.00012004206546407001,False,True
2026-08-15 16:05:17,zipper,monitor,C:/cira_batch_test/zipper/good_8.png,good_8.png,anomaly,True,0.027788151055574417,0.027788151055574417,0.026937197228883013,0.026937197228883013,0.026275477930903436,False,False,16000,False,,False,0.0,cpu,patch_nearest_normal,last2,14,0.05,False,,,0.00010324449249310419,0.00012004206546407001,False,True
2026-08-15 16:05:18,zipper,monitor,C:/cira_batch_test/zipper/bad_10.png,bad_10.png,normal,False,0.0006187021499499679,2.9206276508375595e-07,0.026937197228883013,0.026937197228883013,0.026275477930903436,False,True,16000,True,0.00011868470755871385,True,0.0025890544056892395,cpu,patch_nearest_normal,last2,14,0.05,False,,,0.00011144149175379425,0.00012004206546407001,True,True
2026-08-15 16:05:20,zipper,monitor,C:/cira_batch_test/zipper/good_3.png,good_3.png,normal,False,0.0006140649202279747,3.516674098591466e-07,0.026937197228883013,0.026937197228883013,0.026275477930903436,False,True,16000,True,0.00011355149035807699,True,0.0025883300695568323,cpu,patch_nearest_normal,last2,14,0.05,False,,,0.00010271636710967869,0.00012004206546407001,True,True
2026-08-15 16:05:22,zipper,monitor,C:/cira_batch_test/zipper/bad_11.png,bad_11.png,anomaly,True,0.03370549529790878,0.03370549529790878,0.026937197228883013,0.026937197228883013,0.026275477930903436,False,False,16000,False,,False,0.0,cpu,patch_nearest_normal,last2,14,0.05,False,,,9.558070451021194e-05,0.00012004206546407001,False,True
2026-08-15 16:05:23,zipper,monitor,C:/cira_batch_test/zipper/bad_18.png,bad_18.png,anomaly,True,0.06198224425315857,0.06198224425315857,0.026937197228883013,0.026937197228883013,0.026275477930903436,False,False,16000,False,,False,0.0,cpu,patch_nearest_normal,last2,14,0.05,False,,,0.00010442876373417675,0.00012004206546407001,False,True
2026-08-15 16:05:25,zipper,monitor,C:/cira_batch_test/zipper/good_12.png,good_12.png,normal,False,0.0006156444433145225,2.6226044269606064e-07,0.026937197228883013,0.026937197228883013,0.026275477930903436,False,True,16000,True,0.00011031507165171206,True,0.002586513292044401,cpu,patch_nearest_normal,last2,14,0.05,False,,,0.00010382033360656351,0.00012004206546407001,True,True
2026-08-15 16:05:27,zipper,monitor,C:/cira_batch_test/zipper/good_17.png,good_17.png,normal,False,0.0006150722620077431,2.682209014892578e-07,0.026937197228883013,0.026937197228883013,0.026275477930903436,False,True,16000,True,0.00011348223779350519,True,0.002582114189863205,cpu,patch_nearest_normal,last2,14,0.05,False,,,0.00011555424862308428,0.00012004206546407001,True,True
2026-08-15 16:05:28,zipper,monitor,C:/cira_batch_test/zipper/bad_5.png,bad_5.png,anomaly,True,0.04834899306297302,0.04834899306297302,0.026937197228883013,0.026937197228883013,0.026275477930903436,False,False,16000,False,,False,0.0,cpu,patch_nearest_normal,last2,14,0.05,False,,,0.00011328383698128164,0.00012004206546407001,False,True
2026-08-15 16:05:30,zipper,monitor,C:/cira_batch_test/zipper/bad_6.png,bad_6.png,anomaly,True,0.07942657172679901,0.07942657172679901,0.026937197228883013,0.026937197228883013,0.026275477930903436,False,False,16000,False,,False,0.0,cpu,patch_nearest_normal,last2,14,0.05,False,,,0.00010155166091863066,0.00012004206546407001,False,True
2026-08-15 16:05:31,zipper,monitor,C:/cira_batch_test/zipper/bad_7.png,bad_7.png,anomaly,True,0.09556010365486145,0.09556010365486145,0.026937197228883013,0.026937197228883013,0.026275477930903436,False,False,16000,False,,False,0.0,cpu,patch_nearest_normal,last2,14,0.05,False,,,0.00010917901818174869,0.00012004206546407001,False,True
2026-08-15 16:05:33,zipper,monitor,C:/cira_batch_test/zipper/bad_9.png,bad_9.png,anomaly,True,0.13491298258304596,0.13491298258304596,0.026937197228883013,0.026937197228883013,0.026275477930903436,False,False,16000,False,,False,0.0,cpu,patch_nearest_normal,last2,14,0.05,False,,,0.00011503998393891379,0.00012004206546407001,False,True
2026-08-15 16:05:34,zipper,monitor,C:/cira_batch_test/zipper/bad_4.png,bad_4.png,anomaly,True,0.09774337708950043,0.09774337708950043,0.026937197228883013,0.026937197228883013,0.026275477930903436,False,False,16000,False,,False,0.0,cpu,patch_nearest_normal,last2,14,0.05,False,,,0.00011370460561010987,0.00012004206546407001,False,True
2026-08-15 16:05:36,zipper,monitor,C:/cira_batch_test/zipper/bad_2.png,bad_2.png,anomaly,True,0.051656417548656464,0.051656417548656464,0.026937197228883013,0.026937197228883013,0.026275477930903436,False,False,16000,False,,False,0.0,cpu,patch_nearest_normal,last2,14,0.05,False,,,0.00011756761523429304,0.00012004206546407001,False,True
