timestamp,experiment,category,mode,image_path,file_name,label,is_anomaly,score_before,anomaly_score,threshold,anomaly_threshold,update_threshold,threshold_reloaded,updated_memory,memory_size,update_allowed,update_loss,adapter_updated,adapter_delta_norm,device,score_method,feature_choice,patch_grid,patch_top_fraction,checkpoint_saved,checkpoint_memory_path,checkpoint_adapter_path,consistency_error,consistency_threshold,score_gate_pass,consistency_gate_pass,adapter_update_enabled,memory_update_enabled
2026-08-16 13:06:13,baseline,bottle,evaluate,C:/cira_batch_test/bottle/good_1.png,good_1.png,anomaly,True,0.025081897154450417,0.025081897154450417,0.023194694891572,0.023194694891572,0.02531116753816605,False,False,16000,False,,False,0.0,cpu,patch_nearest_normal,last2,14,0.05,False,,,0.0,0.00011476924591981,False,False,False,False
2026-08-16 13:06:15,baseline,bottle,evaluate,C:/cira_batch_test/bottle/bad_16.png,bad_16.png,anomaly,True,0.3065595328807831,0.3065595328807831,0.023194694891572,0.023194694891572,0.02531116753816605,False,False,16000,False,,False,0.0,cpu,patch_nearest_normal,last2,14,0.05,False,,,0.0,0.00011476924591981,False,False,False,False
2026-08-16 13:06:16,baseline,bottle,evaluate,C:/cira_batch_test/bottle/bad_20.png,bad_20.png,anomaly,True,0.2113770991563797,0.2113770991563797,0.023194694891572,0.023194694891572,0.02531116753816605,False,False,16000,False,,False,0.0,cpu,patch_nearest_normal,last2,14,0.05,False,,,0.0,0.00011476924591981,False,False,False,False
2026-08-16 13:06:18,baseline,bottle,evaluate,C:/cira_batch_test/bottle/bad_12.png,bad_12.png,anomaly,True,0.22920450568199158,0.22920450568199158,0.023194694891572,0.023194694891572,0.02531116753816605,False,False,16000,False,,False,0.0,cpu,patch_nearest_normal,last2,14,0.05,False,,,0.0,0.00011476924591981,False,False,False,False
2026-08-16 13:06:20,baseline,bottle,evaluate,C:/cira_batch_test/bottle/good_17.png,good_17.png,normal,False,0.023074805736541748,0.023074805736541748,0.023194694891572,0.023194694891572,0.02531116753816605,False,False,16000,False,,False,0.0,cpu,patch_nearest_normal,last2,14,0.05,False,,,0.0,0.00011476924591981,False,False,False,False
2026-08-16 13:06:21,baseline,bottle,evaluate,C:/cira_batch_test/bottle/bad_9.png,bad_9.png,anomaly,True,0.32232242822647095,0.32232242822647095,0.023194694891572,0.023194694891572,0.02531116753816605,False,False,16000,False,,False,0.0,cpu,patch_nearest_normal,last2,14,0.05,False,,,0.0,0.00011476924591981,False,False,False,False
2026-08-16 13:06:22,baseline,bottle,evaluate,C:/cira_batch_test/bottle/bad_18.png,bad_18.png,anomaly,True,0.18448753654956818,0.18448753654956818,0.023194694891572,0.023194694891572,0.02531116753816605,False,False,16000,False,,False,0.0,cpu,patch_nearest_normal,last2,14,0.05,False,,,0.0,0.00011476924591981,False,False,False,False
2026-08-16 13:06:24,baseline,bottle,evaluate,C:/cira_batch_test/bottle/bad_13.png,bad_13.png,anomaly,True,0.27056264877319336,0.27056264877319336,0.023194694891572,0.023194694891572,0.02531116753816605,False,False,16000,False,,False,0.0,cpu,patch_nearest_normal,last2,14,0.05,False,,,0.0,0.00011476924591981,False,False,False,False
2026-08-16 13:06:25,baseline,bottle,evaluate,C:/cira_batch_test/bottle/bad_2.png,bad_2.png,anomaly,True,0.0872659832239151,0.0872659832239151,0.023194694891572,0.023194694891572,0.02531116753816605,False,False,16000,False,,False,0.0,cpu,patch_nearest_normal,last2,14,0.05,False,,,0.0,0.00011476924591981,False,False,False,False
2026-08-16 13:06:26,baseline,bottle,evaluate,C:/cira_batch_test/bottle/good_6.png,good_6.png,normal,False,0.01944602094590664,0.01944602094590664,0.023194694891572,0.023194694891572,0.02531116753816605,False,False,16000,False,,False,0.0,cpu,patch_nearest_normal,last2,14,0.05,False,,,0.0,0.00011476924591981,False,False,False,False
2026-08-16 13:06:27,baseline,bottle,evaluate,C:/cira_batch_test/bottle/good_10.png,good_10.png,anomaly,True,0.02663731575012207,0.02663731575012207,0.023194694891572,0.023194694891572,0.02531116753816605,False,False,16000,False,,False,0.0,cpu,patch_nearest_normal,last2,14,0.05,False,,,0.0,0.00011476924591981,False,False,False,False
2026-08-16 13:06:29,baseline,bottle,evaluate,C:/cira_batch_test/bottle/good_7.png,good_7.png,anomaly,True,0.03252387046813965,0.03252387046813965,0.023194694891572,0.023194694891572,0.02531116753816605,False,False,16000,False,,False,0.0,cpu,patch_nearest_normal,last2,14,0.05,False,,,0.0,0.00011476924591981,False,False,False,False
2026-08-16 13:06:30,baseline,bottle,evaluate,C:/cira_batch_test/bottle/bad_8.png,bad_8.png,anomaly,True,0.2799452245235443,0.2799452245235443,0.023194694891572,0.023194694891572,0.02531116753816605,False,False,16000,False,,False,0.0,cpu,patch_nearest_normal,last2,14,0.05,False,,,0.0,0.00011476924591981,False,False,False,False
2026-08-16 13:06:31,baseline,bottle,evaluate,C:/cira_batch_test/bottle/bad_10.png,bad_10.png,anomaly,True,0.1676427572965622,0.1676427572965622,0.023194694891572,0.023194694891572,0.02531116753816605,False,False,16000,False,,False,0.0,cpu,patch_nearest_normal,last2,14,0.05,False,,,0.0,0.00011476924591981,False,False,False,False
2026-08-16 13:06:33,baseline,bottle,evaluate,C:/cira_batch_test/bottle/good_4.png,good_4.png,normal,False,0.020197559148073196,0.020197559148073196,0.023194694891572,0.023194694891572,0.02531116753816605,False,False,16000,False,,False,0.0,cpu,patch_nearest_normal,last2,14,0.05,False,,,0.0,0.00011476924591981,False,False,False,False
2026-08-16 13:06:34,baseline,bottle,evaluate,C:/cira_batch_test/bottle/bad_5.png,bad_5.png,anomaly,True,0.31928688287734985,0.31928688287734985,0.023194694891572,0.023194694891572,0.02531116753816605,False,False,16000,False,,False,0.0,cpu,patch_nearest_normal,last2,14,0.05,False,,,0.0,0.00011476924591981,False,False,False,False
2026-08-16 13:06:35,baseline,bottle,evaluate,C:/cira_batch_test/bottle/good_20.png,good_20.png,anomaly,True,0.027974968776106834,0.027974968776106834,0.023194694891572,0.023194694891572,0.02531116753816605,False,False,16000,False,,False,0.0,cpu,patch_nearest_normal,last2,14,0.05,False,,,0.0,0.00011476924591981,False,False,False,False
2026-08-16 13:06:37,baseline,bottle,evaluate,C:/cira_batch_test/bottle/good_18.png,good_18.png,normal,False,0.02016735076904297,0.02016735076904297,0.023194694891572,0.023194694891572,0.02531116753816605,False,False,16000,False,,False,0.0,cpu,patch_nearest_normal,last2,14,0.05,False,,,0.0,0.00011476924591981,False,False,False,False
2026-08-16 13:06:38,baseline,bottle,evaluate,C:/cira_batch_test/bottle/good_11.png,good_11.png,normal,False,0.022600973024964333,0.022600973024964333,0.023194694891572,0.023194694891572,0.02531116753816605,False,False,16000,False,,False,0.0,cpu,patch_nearest_normal,last2,14,0.05,False,,,0.0,0.00011476924591981,False,False,False,False
2026-08-16 13:06:39,baseline,bottle,evaluate,C:/cira_batch_test/bottle/good_9.png,good_9.png,anomaly,True,0.023602914065122604,0.023602914065122604,0.023194694891572,0.023194694891572,0.02531116753816605,False,False,16000,False,,False,0.0,cpu,patch_nearest_normal,last2,14,0.05,False,,,0.0,0.00011476924591981,False,False,False,False
2026-08-16 13:06:40,baseline,bottle,evaluate,C:/cira_batch_test/bottle/good_16.png,good_16.png,anomaly,True,0.026176607236266136,0.026176607236266136,0.023194694891572,0.023194694891572,0.02531116753816605,False,False,16000,False,,False,0.0,cpu,patch_nearest_normal,last2,14,0.05,False,,,0.0,0.00011476924591981,False,False,False,False
2026-08-16 13:06:42,baseline,bottle,evaluate,C:/cira_batch_test/bottle/bad_7.png,bad_7.png,anomaly,True,0.32217347621917725,0.32217347621917725,0.023194694891572,0.023194694891572,0.02531116753816605,False,False,16000,False,,False,0.0,cpu,patch_nearest_normal,last2,14,0.05,False,,,0.0,0.00011476924591981,False,False,False,False
2026-08-16 13:06:43,baseline,bottle,evaluate,C:/cira_batch_test/bottle/good_13.png,good_13.png,anomaly,True,0.024135809391736984,0.024135809391736984,0.023194694891572,0.023194694891572,0.02531116753816605,False,False,16000,False,,False,0.0,cpu,patch_nearest_normal,last2,14,0.05,False,,,0.0,0.00011476924591981,False,False,False,False
2026-08-16 13:06:44,baseline,bottle,evaluate,C:/cira_batch_test/bottle/good_5.png,good_5.png,normal,False,0.016535233706235886,0.016535233706235886,0.023194694891572,0.023194694891572,0.02531116753816605,False,False,16000,False,,False,0.0,cpu,patch_nearest_normal,last2,14,0.05,False,,,0.0,0.00011476924591981,False,False,False,False
2026-08-16 13:06:46,baseline,bottle,evaluate,C:/cira_batch_test/bottle/good_2.png,good_2.png,anomaly,True,0.027697091922163963,0.027697091922163963,0.023194694891572,0.023194694891572,0.02531116753816605,False,False,16000,False,,False,0.0,cpu,patch_nearest_normal,last2,14,0.05,False,,,0.0,0.00011476924591981,False,False,False,False
2026-08-16 13:06:47,baseline,bottle,evaluate,C:/cira_batch_test/bottle/bad_6.png,bad_6.png,anomaly,True,0.23199403285980225,0.23199403285980225,0.023194694891572,0.023194694891572,0.02531116753816605,False,False,16000,False,,False,0.0,cpu,patch_nearest_normal,last2,14,0.05,False,,,0.0,0.00011476924591981,False,False,False,False
2026-08-16 13:06:48,baseline,bottle,evaluate,C:/cira_batch_test/bottle/bad_14.png,bad_14.png,anomaly,True,0.17526283860206604,0.17526283860206604,0.023194694891572,0.023194694891572,0.02531116753816605,False,False,16000,False,,False,0.0,cpu,patch_nearest_normal,last2,14,0.05,False,,,0.0,0.00011476924591981,False,False,False,False
2026-08-16 13:06:50,baseline,bottle,evaluate,C:/cira_batch_test/bottle/good_3.png,good_3.png,anomaly,True,0.024721592664718628,0.024721592664718628,0.023194694891572,0.023194694891572,0.02531116753816605,False,False,16000,False,,False,0.0,cpu,patch_nearest_normal,last2,14,0.05,False,,,0.0,0.00011476924591981,False,False,False,False
2026-08-16 13:06:51,baseline,bottle,evaluate,C:/cira_batch_test/bottle/bad_4.png,bad_4.png,anomaly,True,0.20700085163116455,0.20700085163116455,0.023194694891572,0.023194694891572,0.02531116753816605,False,False,16000,False,,False,0.0,cpu,patch_nearest_normal,last2,14,0.05,False,,,0.0,0.00011476924591981,False,False,False,False
2026-08-16 13:06:52,baseline,bottle,evaluate,C:/cira_batch_test/bottle/bad_15.png,bad_15.png,anomaly,True,0.4275619089603424,0.4275619089603424,0.023194694891572,0.023194694891572,0.02531116753816605,False,False,16000,False,,False,0.0,cpu,patch_nearest_normal,last2,14,0.05,False,,,0.0,0.00011476924591981,False,False,False,False
2026-08-16 13:06:53,baseline,bottle,evaluate,C:/cira_batch_test/bottle/good_8.png,good_8.png,normal,False,0.022256065160036087,0.022256065160036087,0.023194694891572,0.023194694891572,0.02531116753816605,False,False,16000,False,,False,0.0,cpu,patch_nearest_normal,last2,14,0.05,False,,,0.0,0.00011476924591981,False,False,False,False
2026-08-16 13:06:55,baseline,bottle,evaluate,C:/cira_batch_test/bottle/bad_3.png,bad_3.png,anomaly,True,0.190205380320549,0.190205380320549,0.023194694891572,0.023194694891572,0.02531116753816605,False,False,16000,False,,False,0.0,cpu,patch_nearest_normal,last2,14,0.05,False,,,0.0,0.00011476924591981,False,False,False,False
2026-08-16 13:06:56,baseline,bottle,evaluate,C:/cira_batch_test/bottle/bad_11.png,bad_11.png,anomaly,True,0.0585472397506237,0.0585472397506237,0.023194694891572,0.023194694891572,0.02531116753816605,False,False,16000,False,,False,0.0,cpu,patch_nearest_normal,last2,14,0.05,False,,,0.0,0.00011476924591981,False,False,False,False
2026-08-16 13:06:57,baseline,bottle,evaluate,C:/cira_batch_test/bottle/good_19.png,good_19.png,normal,False,0.018457168713212013,0.018457168713212013,0.023194694891572,0.023194694891572,0.02531116753816605,False,False,16000,False,,False,0.0,cpu,patch_nearest_normal,last2,14,0.05,False,,,0.0,0.00011476924591981,False,False,False,False
2026-08-16 13:06:59,baseline,bottle,evaluate,C:/cira_batch_test/bottle/good_12.png,good_12.png,normal,False,0.02174757793545723,0.02174757793545723,0.023194694891572,0.023194694891572,0.02531116753816605,False,False,16000,False,,False,0.0,cpu,patch_nearest_normal,last2,14,0.05,False,,,0.0,0.00011476924591981,False,False,False,False
2026-08-16 13:07:00,baseline,bottle,evaluate,C:/cira_batch_test/bottle/good_15.png,good_15.png,anomaly,True,0.023353349417448044,0.023353349417448044,0.023194694891572,0.023194694891572,0.02531116753816605,False,False,16000,False,,False,0.0,cpu,patch_nearest_normal,last2,14,0.05,False,,,0.0,0.00011476924591981,False,False,False,False
2026-08-16 13:07:01,baseline,bottle,evaluate,C:/cira_batch_test/bottle/bad_17.png,bad_17.png,anomaly,True,0.19286920130252838,0.19286920130252838,0.023194694891572,0.023194694891572,0.02531116753816605,False,False,16000,False,,False,0.0,cpu,patch_nearest_normal,last2,14,0.05,False,,,0.0,0.00011476924591981,False,False,False,False
2026-08-16 13:07:03,baseline,bottle,evaluate,C:/cira_batch_test/bottle/bad_19.png,bad_19.png,anomaly,True,0.20097923278808594,0.20097923278808594,0.023194694891572,0.023194694891572,0.02531116753816605,False,False,16000,False,,False,0.0,cpu,patch_nearest_normal,last2,14,0.05,False,,,0.0,0.00011476924591981,False,False,False,False
2026-08-16 13:07:04,baseline,bottle,evaluate,C:/cira_batch_test/bottle/bad_1.png,bad_1.png,anomaly,True,0.05840110033750534,0.05840110033750534,0.023194694891572,0.023194694891572,0.02531116753816605,False,False,16000,False,,False,0.0,cpu,patch_nearest_normal,last2,14,0.05,False,,,0.0,0.00011476924591981,False,False,False,False
2026-08-16 13:07:05,baseline,bottle,evaluate,C:/cira_batch_test/bottle/good_14.png,good_14.png,normal,False,0.023126792162656784,0.023126792162656784,0.023194694891572,0.023194694891572,0.02531116753816605,False,False,16000,False,,False,0.0,cpu,patch_nearest_normal,last2,14,0.05,False,,,0.0,0.00011476924591981,False,False,False,False
2026-08-16 13:07:07,baseline,cable,evaluate,C:/cira_batch_test/cable/good_1.png,good_1.png,normal,False,0.08960090577602386,0.08960090577602386,0.1001969575881958,0.1001969575881958,0.08661089912056923,False,False,16000,False,,False,0.0,cpu,patch_nearest_normal,last2,14,0.05,False,,,0.0,0.00019554235113892002,False,False,False,False
2026-08-16 13:07:08,baseline,cable,evaluate,C:/cira_batch_test/cable/bad_16.png,bad_16.png,anomaly,True,0.2695935070514679,0.2695935070514679,0.1001969575881958,0.1001969575881958,0.08661089912056923,False,False,16000,False,,False,0.0,cpu,patch_nearest_normal,last2,14,0.05,False,,,0.0,0.00019554235113892002,False,False,False,False
2026-08-16 13:07:09,baseline,cable,evaluate,C:/cira_batch_test/cable/bad_20.png,bad_20.png,anomaly,True,0.19632980227470398,0.19632980227470398,0.1001969575881958,0.1001969575881958,0.08661089912056923,False,False,16000,False,,False,0.0,cpu,patch_nearest_normal,last2,14,0.05,False,,,0.0,0.00019554235113892002,False,False,False,False
2026-08-16 13:07:11,baseline,cable,evaluate,C:/cira_batch_test/cable/bad_12.png,bad_12.png,anomaly,True,0.10627879947423935,0.10627879947423935,0.1001969575881958,0.1001969575881958,0.08661089912056923,False,False,16000,False,,False,0.0,cpu,patch_nearest_normal,last2,14,0.05,False,,,0.0,0.00019554235113892002,False,False,False,False
2026-08-16 13:07:12,baseline,cable,evaluate,C:/cira_batch_test/cable/good_17.png,good_17.png,normal,False,0.0832907110452652,0.0832907110452652,0.1001969575881958,0.1001969575881958,0.08661089912056923,False,False,16000,False,,False,0.0,cpu,patch_nearest_normal,last2,14,0.05,False,,,0.0,0.00019554235113892002,False,False,False,False
2026-08-16 13:07:13,baseline,cable,evaluate,C:/cira_batch_test/cable/bad_9.png,bad_9.png,anomaly,True,0.15827807784080505,0.15827807784080505,0.1001969575881958,0.1001969575881958,0.08661089912056923,False,False,16000,False,,False,0.0,cpu,patch_nearest_normal,last2,14,0.05,False,,,0.0,0.00019554235113892002,False,False,False,False
2026-08-16 13:07:15,baseline,cable,evaluate,C:/cira_batch_test/cable/bad_18.png,bad_18.png,anomaly,True,0.24616484344005585,0.24616484344005585,0.1001969575881958,0.1001969575881958,0.08661089912056923,False,False,16000,False,,False,0.0,cpu,patch_nearest_normal,last2,14,0.05,False,,,0.0,0.00019554235113892002,False,False,False,False
2026-08-16 13:07:16,baseline,cable,evaluate,C:/cira_batch_test/cable/bad_13.png,bad_13.png,anomaly,True,0.11107983440160751,0.11107983440160751,0.1001969575881958,0.1001969575881958,0.08661089912056923,False,False,16000,False,,False,0.0,cpu,patch_nearest_normal,last2,14,0.05,False,,,0.0,0.00019554235113892002,False,False,False,False
2026-08-16 13:07:18,baseline,cable,evaluate,C:/cira_batch_test/cable/bad_2.png,bad_2.png,anomaly,True,0.29285189509391785,0.29285189509391785,0.1001969575881958,0.1001969575881958,0.08661089912056923,False,False,16000,False,,False,0.0,cpu,patch_nearest_normal,last2,14,0.05,False,,,0.0,0.00019554235113892002,False,False,False,False
2026-08-16 13:07:19,baseline,cable,evaluate,C:/cira_batch_test/cable/good_6.png,good_6.png,anomaly,True,0.10408198833465576,0.10408198833465576,0.1001969575881958,0.1001969575881958,0.08661089912056923,False,False,16000,False,,False,0.0,cpu,patch_nearest_normal,last2,14,0.05,False,,,0.0,0.00019554235113892002,False,False,False,False
2026-08-16 13:07:20,baseline,cable,evaluate,C:/cira_batch_test/cable/good_10.png,good_10.png,normal,False,0.08573716133832932,0.08573716133832932,0.1001969575881958,0.1001969575881958,0.08661089912056923,False,False,16000,False,,False,0.0,cpu,patch_nearest_normal,last2,14,0.05,False,,,0.0,0.00019554235113892002,False,False,False,False
2026-08-16 13:07:22,baseline,cable,evaluate,C:/cira_batch_test/cable/good_7.png,good_7.png,normal,False,0.08281774818897247,0.08281774818897247,0.1001969575881958,0.1001969575881958,0.08661089912056923,False,False,16000,False,,False,0.0,cpu,patch_nearest_normal,last2,14,0.05,False,,,0.0,0.00019554235113892002,False,False,False,False
2026-08-16 13:07:23,baseline,cable,evaluate,C:/cira_batch_test/cable/bad_8.png,bad_8.png,anomaly,True,0.12718647718429565,0.12718647718429565,0.1001969575881958,0.1001969575881958,0.08661089912056923,False,False,16000,False,,False,0.0,cpu,patch_nearest_normal,last2,14,0.05,False,,,0.0,0.00019554235113892002,False,False,False,False
2026-08-16 13:07:24,baseline,cable,evaluate,C:/cira_batch_test/cable/bad_10.png,bad_10.png,anomaly,True,0.11330725252628326,0.11330725252628326,0.1001969575881958,0.1001969575881958,0.08661089912056923,False,False,16000,False,,False,0.0,cpu,patch_nearest_normal,last2,14,0.05,False,,,0.0,0.00019554235113892002,False,False,False,False
2026-08-16 13:07:26,baseline,cable,evaluate,C:/cira_batch_test/cable/good_4.png,good_4.png,normal,False,0.0765611082315445,0.0765611082315445,0.1001969575881958,0.1001969575881958,0.08661089912056923,False,False,16000,False,,False,0.0,cpu,patch_nearest_normal,last2,14,0.05,False,,,0.0,0.00019554235113892002,False,False,False,False
2026-08-16 13:07:27,baseline,cable,evaluate,C:/cira_batch_test/cable/bad_5.png,bad_5.png,anomaly,True,0.13731804490089417,0.13731804490089417,0.1001969575881958,0.1001969575881958,0.08661089912056923,False,False,16000,False,,False,0.0,cpu,patch_nearest_normal,last2,14,0.05,False,,,0.0,0.00019554235113892002,False,False,False,False
2026-08-16 13:07:29,baseline,cable,evaluate,C:/cira_batch_test/cable/good_20.png,good_20.png,normal,False,0.08857618272304535,0.08857618272304535,0.1001969575881958,0.1001969575881958,0.08661089912056923,False,False,16000,False,,False,0.0,cpu,patch_nearest_normal,last2,14,0.05,False,,,0.0,0.00019554235113892002,False,False,False,False
2026-08-16 13:07:30,baseline,cable,evaluate,C:/cira_batch_test/cable/good_18.png,good_18.png,normal,False,0.07411704957485199,0.07411704957485199,0.1001969575881958,0.1001969575881958,0.08661089912056923,False,False,16000,False,,False,0.0,cpu,patch_nearest_normal,last2,14,0.05,False,,,0.0,0.00019554235113892002,False,False,False,False
2026-08-16 13:07:31,baseline,cable,evaluate,C:/cira_batch_test/cable/good_11.png,good_11.png,normal,False,0.07875008881092072,0.07875008881092072,0.1001969575881958,0.1001969575881958,0.08661089912056923,False,False,16000,False,,False,0.0,cpu,patch_nearest_normal,last2,14,0.05,False,,,0.0,0.00019554235113892002,False,False,False,False
2026-08-16 13:07:33,baseline,cable,evaluate,C:/cira_batch_test/cable/good_9.png,good_9.png,normal,False,0.08772175014019012,0.08772175014019012,0.1001969575881958,0.1001969575881958,0.08661089912056923,False,False,16000,False,,False,0.0,cpu,patch_nearest_normal,last2,14,0.05,False,,,0.0,0.00019554235113892002,False,False,False,False
2026-08-16 13:07:34,baseline,cable,evaluate,C:/cira_batch_test/cable/good_16.png,good_16.png,normal,False,0.07586038112640381,0.07586038112640381,0.1001969575881958,0.1001969575881958,0.08661089912056923,False,False,16000,False,,False,0.0,cpu,patch_nearest_normal,last2,14,0.05,False,,,0.0,0.00019554235113892002,False,False,False,False
2026-08-16 13:07:35,baseline,cable,evaluate,C:/cira_batch_test/cable/bad_7.png,bad_7.png,anomaly,True,0.1334688514471054,0.1334688514471054,0.1001969575881958,0.1001969575881958,0.08661089912056923,False,False,16000,False,,False,0.0,cpu,patch_nearest_normal,last2,14,0.05,False,,,0.0,0.00019554235113892002,False,False,False,False
2026-08-16 13:07:37,baseline,cable,evaluate,C:/cira_batch_test/cable/good_13.png,good_13.png,normal,False,0.08897069841623306,0.08897069841623306,0.1001969575881958,0.1001969575881958,0.08661089912056923,False,False,16000,False,,False,0.0,cpu,patch_nearest_normal,last2,14,0.05,False,,,0.0,0.00019554235113892002,False,False,False,False
2026-08-16 13:07:38,baseline,cable,evaluate,C:/cira_batch_test/cable/good_5.png,good_5.png,normal,False,0.10012950748205185,0.10012950748205185,0.1001969575881958,0.1001969575881958,0.08661089912056923,False,False,16000,False,,False,0.0,cpu,patch_nearest_normal,last2,14,0.05,False,,,0.0,0.00019554235113892002,False,False,False,False
2026-08-16 13:07:40,baseline,cable,evaluate,C:/cira_batch_test/cable/good_2.png,good_2.png,normal,False,0.08654449880123138,0.08654449880123138,0.1001969575881958,0.1001969575881958,0.08661089912056923,False,False,16000,False,,False,0.0,cpu,patch_nearest_normal,last2,14,0.05,False,,,0.0,0.00019554235113892002,False,False,False,False
2026-08-16 13:07:41,baseline,cable,evaluate,C:/cira_batch_test/cable/bad_6.png,bad_6.png,anomaly,True,0.24352876842021942,0.24352876842021942,0.1001969575881958,0.1001969575881958,0.08661089912056923,False,False,16000,False,,False,0.0,cpu,patch_nearest_normal,last2,14,0.05,False,,,0.0,0.00019554235113892002,False,False,False,False
2026-08-16 13:07:42,baseline,cable,evaluate,C:/cira_batch_test/cable/bad_14.png,bad_14.png,anomaly,True,0.10263369977474213,0.10263369977474213,0.1001969575881958,0.1001969575881958,0.08661089912056923,False,False,16000,False,,False,0.0,cpu,patch_nearest_normal,last2,14,0.05,False,,,0.0,0.00019554235113892002,False,False,False,False
2026-08-16 13:07:44,baseline,cable,evaluate,C:/cira_batch_test/cable/good_3.png,good_3.png,anomaly,True,0.11452458798885345,0.11452458798885345,0.1001969575881958,0.1001969575881958,0.08661089912056923,False,False,16000,False,,False,0.0,cpu,patch_nearest_normal,last2,14,0.05,False,,,0.0,0.00019554235113892002,False,False,False,False
2026-08-16 13:07:45,baseline,cable,evaluate,C:/cira_batch_test/cable/bad_4.png,bad_4.png,anomaly,True,0.3760477304458618,0.3760477304458618,0.1001969575881958,0.1001969575881958,0.08661089912056923,False,False,16000,False,,False,0.0,cpu,patch_nearest_normal,last2,14,0.05,False,,,0.0,0.00019554235113892002,False,False,False,False
2026-08-16 13:07:47,baseline,cable,evaluate,C:/cira_batch_test/cable/bad_15.png,bad_15.png,anomaly,True,0.21952275931835175,0.21952275931835175,0.1001969575881958,0.1001969575881958,0.08661089912056923,False,False,16000,False,,False,0.0,cpu,patch_nearest_normal,last2,14,0.05,False,,,0.0,0.00019554235113892002,False,False,False,False
2026-08-16 13:07:48,baseline,cable,evaluate,C:/cira_batch_test/cable/good_8.png,good_8.png,normal,False,0.09909185022115707,0.09909185022115707,0.1001969575881958,0.1001969575881958,0.08661089912056923,False,False,16000,False,,False,0.0,cpu,patch_nearest_normal,last2,14,0.05,False,,,0.0,0.00019554235113892002,False,False,False,False
2026-08-16 13:07:49,baseline,cable,evaluate,C:/cira_batch_test/cable/bad_3.png,bad_3.png,anomaly,True,0.15526704490184784,0.15526704490184784,0.1001969575881958,0.1001969575881958,0.08661089912056923,False,False,16000,False,,False,0.0,cpu,patch_nearest_normal,last2,14,0.05,False,,,0.0,0.00019554235113892002,False,False,False,False
2026-08-16 13:07:51,baseline,cable,evaluate,C:/cira_batch_test/cable/bad_11.png,bad_11.png,anomaly,True,0.19220919907093048,0.19220919907093048,0.1001969575881958,0.1001969575881958,0.08661089912056923,False,False,16000,False,,False,0.0,cpu,patch_nearest_normal,last2,14,0.05,False,,,0.0,0.00019554235113892002,False,False,False,False
2026-08-16 13:07:52,baseline,cable,evaluate,C:/cira_batch_test/cable/good_19.png,good_19.png,normal,False,0.08354517817497253,0.08354517817497253,0.1001969575881958,0.1001969575881958,0.08661089912056923,False,False,16000,False,,False,0.0,cpu,patch_nearest_normal,last2,14,0.05,False,,,0.0,0.00019554235113892002,False,False,False,False
2026-08-16 13:07:53,baseline,cable,evaluate,C:/cira_batch_test/cable/good_12.png,good_12.png,normal,False,0.08023474365472794,0.08023474365472794,0.1001969575881958,0.1001969575881958,0.08661089912056923,False,False,16000,False,,False,0.0,cpu,patch_nearest_normal,last2,14,0.05,False,,,0.0,0.00019554235113892002,False,False,False,False
2026-08-16 13:07:55,baseline,cable,evaluate,C:/cira_batch_test/cable/good_15.png,good_15.png,normal,False,0.08337022364139557,0.08337022364139557,0.1001969575881958,0.1001969575881958,0.08661089912056923,False,False,16000,False,,False,0.0,cpu,patch_nearest_normal,last2,14,0.05,False,,,0.0,0.00019554235113892002,False,False,False,False
2026-08-16 13:07:56,baseline,cable,evaluate,C:/cira_batch_test/cable/bad_17.png,bad_17.png,anomaly,True,0.14945992827415466,0.14945992827415466,0.1001969575881958,0.1001969575881958,0.08661089912056923,False,False,16000,False,,False,0.0,cpu,patch_nearest_normal,last2,14,0.05,False,,,0.0,0.00019554235113892002,False,False,False,False
2026-08-16 13:07:58,baseline,cable,evaluate,C:/cira_batch_test/cable/bad_19.png,bad_19.png,normal,False,0.09412307292222977,0.09412307292222977,0.1001969575881958,0.1001969575881958,0.08661089912056923,False,False,16000,False,,False,0.0,cpu,patch_nearest_normal,last2,14,0.05,False,,,0.0,0.00019554235113892002,False,False,False,False
2026-08-16 13:07:59,baseline,cable,evaluate,C:/cira_batch_test/cable/bad_1.png,bad_1.png,anomaly,True,0.2560812830924988,0.2560812830924988,0.1001969575881958,0.1001969575881958,0.08661089912056923,False,False,16000,False,,False,0.0,cpu,patch_nearest_normal,last2,14,0.05,False,,,0.0,0.00019554235113892002,False,False,False,False
2026-08-16 13:08:01,baseline,cable,evaluate,C:/cira_batch_test/cable/good_14.png,good_14.png,normal,False,0.0954672321677208,0.0954672321677208,0.1001969575881958,0.1001969575881958,0.08661089912056923,False,False,16000,False,,False,0.0,cpu,patch_nearest_normal,last2,14,0.05,False,,,0.0,0.00019554235113892002,False,False,False,False
2026-08-16 13:08:02,baseline,capsule,evaluate,C:/cira_batch_test/capsule/good_1.png,good_1.png,normal,False,0.024378538131713867,0.024378538131713867,0.032199736684560776,0.032199736684560776,0.031231427378952504,False,False,16000,False,,False,0.0,cpu,patch_nearest_normal,last2,14,0.05,False,,,0.0,0.0001107694308302,False,False,False,False
2026-08-16 13:08:04,baseline,capsule,evaluate,C:/cira_batch_test/capsule/bad_16.png,bad_16.png,anomaly,True,0.07358697801828384,0.07358697801828384,0.032199736684560776,0.032199736684560776,0.031231427378952504,False,False,16000,False,,False,0.0,cpu,patch_nearest_normal,last2,14,0.05,False,,,0.0,0.0001107694308302,False,False,False,False
2026-08-16 13:08:05,baseline,capsule,evaluate,C:/cira_batch_test/capsule/bad_20.png,bad_20.png,anomaly,True,0.05234730988740921,0.05234730988740921,0.032199736684560776,0.032199736684560776,0.031231427378952504,False,False,16000,False,,False,0.0,cpu,patch_nearest_normal,last2,14,0.05,False,,,0.0,0.0001107694308302,False,False,False,False
2026-08-16 13:08:06,baseline,capsule,evaluate,C:/cira_batch_test/capsule/bad_12.png,bad_12.png,anomaly,True,0.049266327172517776,0.049266327172517776,0.032199736684560776,0.032199736684560776,0.031231427378952504,False,False,16000,False,,False,0.0,cpu,patch_nearest_normal,last2,14,0.05,False,,,0.0,0.0001107694308302,False,False,False,False
2026-08-16 13:08:08,baseline,capsule,evaluate,C:/cira_batch_test/capsule/good_17.png,good_17.png,normal,False,0.020368237048387527,0.020368237048387527,0.032199736684560776,0.032199736684560776,0.031231427378952504,False,False,16000,False,,False,0.0,cpu,patch_nearest_normal,last2,14,0.05,False,,,0.0,0.0001107694308302,False,False,False,False
2026-08-16 13:08:09,baseline,capsule,evaluate,C:/cira_batch_test/capsule/bad_9.png,bad_9.png,anomaly,True,0.17585599422454834,0.17585599422454834,0.032199736684560776,0.032199736684560776,0.031231427378952504,False,False,16000,False,,False,0.0,cpu,patch_nearest_normal,last2,14,0.05,False,,,0.0,0.0001107694308302,False,False,False,False
2026-08-16 13:08:11,baseline,capsule,evaluate,C:/cira_batch_test/capsule/bad_18.png,bad_18.png,anomaly,True,0.06038259342312813,0.06038259342312813,0.032199736684560776,0.032199736684560776,0.031231427378952504,False,False,16000,False,,False,0.0,cpu,patch_nearest_normal,last2,14,0.05,False,,,0.0,0.0001107694308302,False,False,False,False
2026-08-16 13:08:12,baseline,capsule,evaluate,C:/cira_batch_test/capsule/bad_13.png,bad_13.png,anomaly,True,0.04362291842699051,0.04362291842699051,0.032199736684560776,0.032199736684560776,0.031231427378952504,False,False,16000,False,,False,0.0,cpu,patch_nearest_normal,last2,14,0.05,False,,,0.0,0.0001107694308302,False,False,False,False
2026-08-16 13:08:13,baseline,capsule,evaluate,C:/cira_batch_test/capsule/bad_2.png,bad_2.png,anomaly,True,0.2662004828453064,0.2662004828453064,0.032199736684560776,0.032199736684560776,0.031231427378952504,False,False,16000,False,,False,0.0,cpu,patch_nearest_normal,last2,14,0.05,False,,,0.0,0.0001107694308302,False,False,False,False
2026-08-16 13:08:15,baseline,capsule,evaluate,C:/cira_batch_test/capsule/good_6.png,good_6.png,normal,False,0.016428042203187943,0.016428042203187943,0.032199736684560776,0.032199736684560776,0.031231427378952504,False,False,16000,False,,False,0.0,cpu,patch_nearest_normal,last2,14,0.05,False,,,0.0,0.0001107694308302,False,False,False,False
2026-08-16 13:08:16,baseline,capsule,evaluate,C:/cira_batch_test/capsule/good_10.png,good_10.png,normal,False,0.026319628581404686,0.026319628581404686,0.032199736684560776,0.032199736684560776,0.031231427378952504,False,False,16000,False,,False,0.0,cpu,patch_nearest_normal,last2,14,0.05,False,,,0.0,0.0001107694308302,False,False,False,False
2026-08-16 13:08:17,baseline,capsule,evaluate,C:/cira_batch_test/capsule/good_7.png,good_7.png,anomaly,True,0.06811105459928513,0.06811105459928513,0.032199736684560776,0.032199736684560776,0.031231427378952504,False,False,16000,False,,False,0.0,cpu,patch_nearest_normal,last2,14,0.05,False,,,0.0,0.0001107694308302,False,False,False,False
2026-08-16 13:08:19,baseline,capsule,evaluate,C:/cira_batch_test/capsule/bad_8.png,bad_8.png,anomaly,True,0.12507465481758118,0.12507465481758118,0.032199736684560776,0.032199736684560776,0.031231427378952504,False,False,16000,False,,False,0.0,cpu,patch_nearest_normal,last2,14,0.05,False,,,0.0,0.0001107694308302,False,False,False,False
2026-08-16 13:08:20,baseline,capsule,evaluate,C:/cira_batch_test/capsule/bad_10.png,bad_10.png,anomaly,True,0.06707195937633514,0.06707195937633514,0.032199736684560776,0.032199736684560776,0.031231427378952504,False,False,16000,False,,False,0.0,cpu,patch_nearest_normal,last2,14,0.05,False,,,0.0,0.0001107694308302,False,False,False,False
2026-08-16 13:08:22,baseline,capsule,evaluate,C:/cira_batch_test/capsule/good_4.png,good_4.png,normal,False,0.02067287638783455,0.02067287638783455,0.032199736684560776,0.032199736684560776,0.031231427378952504,False,False,16000,False,,False,0.0,cpu,patch_nearest_normal,last2,14,0.05,False,,,0.0,0.0001107694308302,False,False,False,False
2026-08-16 13:08:23,baseline,capsule,evaluate,C:/cira_batch_test/capsule/bad_5.png,bad_5.png,anomaly,True,0.041929371654987335,0.041929371654987335,0.032199736684560776,0.032199736684560776,0.031231427378952504,False,False,16000,False,,False,0.0,cpu,patch_nearest_normal,last2,14,0.05,False,,,0.0,0.0001107694308302,False,False,False,False
2026-08-16 13:08:24,baseline,capsule,evaluate,C:/cira_batch_test/capsule/good_20.png,good_20.png,normal,False,0.030958104878664017,0.030958104878664017,0.032199736684560776,0.032199736684560776,0.031231427378952504,False,False,16000,False,,False,0.0,cpu,patch_nearest_normal,last2,14,0.05,False,,,0.0,0.0001107694308302,False,False,False,False
2026-08-16 13:08:26,baseline,capsule,evaluate,C:/cira_batch_test/capsule/good_18.png,good_18.png,normal,False,0.01953878439962864,0.01953878439962864,0.032199736684560776,0.032199736684560776,0.031231427378952504,False,False,16000,False,,False,0.0,cpu,patch_nearest_normal,last2,14,0.05,False,,,0.0,0.0001107694308302,False,False,False,False
2026-08-16 13:08:27,baseline,capsule,evaluate,C:/cira_batch_test/capsule/good_11.png,good_11.png,normal,False,0.029085492715239525,0.029085492715239525,0.032199736684560776,0.032199736684560776,0.031231427378952504,False,False,16000,False,,False,0.0,cpu,patch_nearest_normal,last2,14,0.05,False,,,0.0,0.0001107694308302,False,False,False,False
2026-08-16 13:08:28,baseline,capsule,evaluate,C:/cira_batch_test/capsule/good_9.png,good_9.png,normal,False,0.02190353348851204,0.02190353348851204,0.032199736684560776,0.032199736684560776,0.031231427378952504,False,False,16000,False,,False,0.0,cpu,patch_nearest_normal,last2,14,0.05,False,,,0.0,0.0001107694308302,False,False,False,False
2026-08-16 13:08:30,baseline,capsule,evaluate,C:/cira_batch_test/capsule/good_16.png,good_16.png,normal,False,0.027401089668273926,0.027401089668273926,0.032199736684560776,0.032199736684560776,0.031231427378952504,False,False,16000,False,,False,0.0,cpu,patch_nearest_normal,last2,14,0.05,False,,,0.0,0.0001107694308302,False,False,False,False
2026-08-16 13:08:31,baseline,capsule,evaluate,C:/cira_batch_test/capsule/bad_7.png,bad_7.png,anomaly,True,0.07458113133907318,0.07458113133907318,0.032199736684560776,0.032199736684560776,0.031231427378952504,False,False,16000,False,,False,0.0,cpu,patch_nearest_normal,last2,14,0.05,False,,,0.0,0.0001107694308302,False,False,False,False
2026-08-16 13:08:32,baseline,capsule,evaluate,C:/cira_batch_test/capsule/good_13.png,good_13.png,normal,False,0.025264423340559006,0.025264423340559006,0.032199736684560776,0.032199736684560776,0.031231427378952504,False,False,16000,False,,False,0.0,cpu,patch_nearest_normal,last2,14,0.05,False,,,0.0,0.0001107694308302,False,False,False,False
2026-08-16 13:08:34,baseline,capsule,evaluate,C:/cira_batch_test/capsule/good_5.png,good_5.png,normal,False,0.027777373790740967,0.027777373790740967,0.032199736684560776,0.032199736684560776,0.031231427378952504,False,False,16000,False,,False,0.0,cpu,patch_nearest_normal,last2,14,0.05,False,,,0.0,0.0001107694308302,False,False,False,False
2026-08-16 13:08:35,baseline,capsule,evaluate,C:/cira_batch_test/capsule/good_2.png,good_2.png,normal,False,0.020075220614671707,0.020075220614671707,0.032199736684560776,0.032199736684560776,0.031231427378952504,False,False,16000,False,,False,0.0,cpu,patch_nearest_normal,last2,14,0.05,False,,,0.0,0.0001107694308302,False,False,False,False
2026-08-16 13:08:37,baseline,capsule,evaluate,C:/cira_batch_test/capsule/bad_6.png,bad_6.png,anomaly,True,0.11989279091358185,0.11989279091358185,0.032199736684560776,0.032199736684560776,0.031231427378952504,False,False,16000,False,,False,0.0,cpu,patch_nearest_normal,last2,14,0.05,False,,,0.0,0.0001107694308302,False,False,False,False
2026-08-16 13:08:38,baseline,capsule,evaluate,C:/cira_batch_test/capsule/bad_14.png,bad_14.png,anomaly,True,0.03796813637018204,0.03796813637018204,0.032199736684560776,0.032199736684560776,0.031231427378952504,False,False,16000,False,,False,0.0,cpu,patch_nearest_normal,last2,14,0.05,False,,,0.0,0.0001107694308302,False,False,False,False
2026-08-16 13:08:40,baseline,capsule,evaluate,C:/cira_batch_test/capsule/good_3.png,good_3.png,anomaly,True,0.03923019766807556,0.03923019766807556,0.032199736684560776,0.032199736684560776,0.031231427378952504,False,False,16000,False,,False,0.0,cpu,patch_nearest_normal,last2,14,0.05,False,,,0.0,0.0001107694308302,False,False,False,False
2026-08-16 13:08:41,baseline,capsule,evaluate,C:/cira_batch_test/capsule/bad_4.png,bad_4.png,anomaly,True,0.03701557591557503,0.03701557591557503,0.032199736684560776,0.032199736684560776,0.031231427378952504,False,False,16000,False,,False,0.0,cpu,patch_nearest_normal,last2,14,0.05,False,,,0.0,0.0001107694308302,False,False,False,False
2026-08-16 13:08:42,baseline,capsule,evaluate,C:/cira_batch_test/capsule/bad_15.png,bad_15.png,anomaly,True,0.08053771406412125,0.08053771406412125,0.032199736684560776,0.032199736684560776,0.031231427378952504,False,False,16000,False,,False,0.0,cpu,patch_nearest_normal,last2,14,0.05,False,,,0.0,0.0001107694308302,False,False,False,False
2026-08-16 13:08:44,baseline,capsule,evaluate,C:/cira_batch_test/capsule/good_8.png,good_8.png,normal,False,0.028395086526870728,0.028395086526870728,0.032199736684560776,0.032199736684560776,0.031231427378952504,False,False,16000,False,,False,0.0,cpu,patch_nearest_normal,last2,14,0.05,False,,,0.0,0.0001107694308302,False,False,False,False
2026-08-16 13:08:45,baseline,capsule,evaluate,C:/cira_batch_test/capsule/bad_3.png,bad_3.png,anomaly,True,0.09466098248958588,0.09466098248958588,0.032199736684560776,0.032199736684560776,0.031231427378952504,False,False,16000,False,,False,0.0,cpu,patch_nearest_normal,last2,14,0.05,False,,,0.0,0.0001107694308302,False,False,False,False
2026-08-16 13:08:47,baseline,capsule,evaluate,C:/cira_batch_test/capsule/bad_11.png,bad_11.png,anomaly,True,0.04561315104365349,0.04561315104365349,0.032199736684560776,0.032199736684560776,0.031231427378952504,False,False,16000,False,,False,0.0,cpu,patch_nearest_normal,last2,14,0.05,False,,,0.0,0.0001107694308302,False,False,False,False
2026-08-16 13:08:48,baseline,capsule,evaluate,C:/cira_batch_test/capsule/good_19.png,good_19.png,normal,False,0.01992924138903618,0.01992924138903618,0.032199736684560776,0.032199736684560776,0.031231427378952504,False,False,16000,False,,False,0.0,cpu,patch_nearest_normal,last2,14,0.05,False,,,0.0,0.0001107694308302,False,False,False,False
2026-08-16 13:08:49,baseline,capsule,evaluate,C:/cira_batch_test/capsule/good_12.png,good_12.png,anomaly,True,0.0371459424495697,0.0371459424495697,0.032199736684560776,0.032199736684560776,0.031231427378952504,False,False,16000,False,,False,0.0,cpu,patch_nearest_normal,last2,14,0.05,False,,,0.0,0.0001107694308302,False,False,False,False
2026-08-16 13:08:51,baseline,capsule,evaluate,C:/cira_batch_test/capsule/good_15.png,good_15.png,anomaly,True,0.03407974913716316,0.03407974913716316,0.032199736684560776,0.032199736684560776,0.031231427378952504,False,False,16000,False,,False,0.0,cpu,patch_nearest_normal,last2,14,0.05,False,,,0.0,0.0001107694308302,False,False,False,False
2026-08-16 13:08:52,baseline,capsule,evaluate,C:/cira_batch_test/capsule/bad_17.png,bad_17.png,anomaly,True,0.056967444717884064,0.056967444717884064,0.032199736684560776,0.032199736684560776,0.031231427378952504,False,False,16000,False,,False,0.0,cpu,patch_nearest_normal,last2,14,0.05,False,,,0.0,0.0001107694308302,False,False,False,False
2026-08-16 13:08:54,baseline,capsule,evaluate,C:/cira_batch_test/capsule/bad_19.png,bad_19.png,anomaly,True,0.11658501625061035,0.11658501625061035,0.032199736684560776,0.032199736684560776,0.031231427378952504,False,False,16000,False,,False,0.0,cpu,patch_nearest_normal,last2,14,0.05,False,,,0.0,0.0001107694308302,False,False,False,False
2026-08-16 13:08:55,baseline,capsule,evaluate,C:/cira_batch_test/capsule/bad_1.png,bad_1.png,anomaly,True,0.1742943972349167,0.1742943972349167,0.032199736684560776,0.032199736684560776,0.031231427378952504,False,False,16000,False,,False,0.0,cpu,patch_nearest_normal,last2,14,0.05,False,,,0.0,0.0001107694308302,False,False,False,False
2026-08-16 13:08:56,baseline,capsule,evaluate,C:/cira_batch_test/capsule/good_14.png,good_14.png,normal,False,0.024455850943922997,0.024455850943922997,0.032199736684560776,0.032199736684560776,0.031231427378952504,False,False,16000,False,,False,0.0,cpu,patch_nearest_normal,last2,14,0.05,False,,,0.0,0.0001107694308302,False,False,False,False
2026-08-16 13:08:58,baseline,carpet,evaluate,C:/cira_batch_test/carpet/good_1.png,good_1.png,normal,False,0.02601250447332859,0.02601250447332859,0.026402074843645096,0.026402074843645096,0.03367696963250637,False,False,16000,False,,False,0.0,cpu,patch_nearest_normal,last2,14,0.05,False,,,0.0,6.111156617407686e-05,False,False,False,False
2026-08-16 13:08:59,baseline,carpet,evaluate,C:/cira_batch_test/carpet/bad_16.png,bad_16.png,anomaly,True,0.13159766793251038,0.13159766793251038,0.026402074843645096,0.026402074843645096,0.03367696963250637,False,False,16000,False,,False,0.0,cpu,patch_nearest_normal,last2,14,0.05,False,,,0.0,6.111156617407686e-05,False,False,False,False
2026-08-16 13:09:01,baseline,carpet,evaluate,C:/cira_batch_test/carpet/bad_20.png,bad_20.png,anomaly,True,0.13691040873527527,0.13691040873527527,0.026402074843645096,0.026402074843645096,0.03367696963250637,False,False,16000,False,,False,0.0,cpu,patch_nearest_normal,last2,14,0.05,False,,,0.0,6.111156617407686e-05,False,False,False,False
2026-08-16 13:09:02,baseline,carpet,evaluate,C:/cira_batch_test/carpet/bad_12.png,bad_12.png,anomaly,True,0.03406236320734024,0.03406236320734024,0.026402074843645096,0.026402074843645096,0.03367696963250637,False,False,16000,False,,False,0.0,cpu,patch_nearest_normal,last2,14,0.05,False,,,0.0,6.111156617407686e-05,False,False,False,False
2026-08-16 13:09:03,baseline,carpet,evaluate,C:/cira_batch_test/carpet/good_17.png,good_17.png,anomaly,True,0.03191819787025452,0.03191819787025452,0.026402074843645096,0.026402074843645096,0.03367696963250637,False,False,16000,False,,False,0.0,cpu,patch_nearest_normal,last2,14,0.05,False,,,0.0,6.111156617407686e-05,False,False,False,False
2026-08-16 13:09:05,baseline,carpet,evaluate,C:/cira_batch_test/carpet/bad_9.png,bad_9.png,anomaly,True,0.34894585609436035,0.34894585609436035,0.026402074843645096,0.026402074843645096,0.03367696963250637,False,False,16000,False,,False,0.0,cpu,patch_nearest_normal,last2,14,0.05,False,,,0.0,6.111156617407686e-05,False,False,False,False
2026-08-16 13:09:06,baseline,carpet,evaluate,C:/cira_batch_test/carpet/bad_18.png,bad_18.png,anomaly,True,0.3318779766559601,0.3318779766559601,0.026402074843645096,0.026402074843645096,0.03367696963250637,False,False,16000,False,,False,0.0,cpu,patch_nearest_normal,last2,14,0.05,False,,,0.0,6.111156617407686e-05,False,False,False,False
2026-08-16 13:09:08,baseline,carpet,evaluate,C:/cira_batch_test/carpet/bad_13.png,bad_13.png,anomaly,True,0.03563273698091507,0.03563273698091507,0.026402074843645096,0.026402074843645096,0.03367696963250637,False,False,16000,False,,False,0.0,cpu,patch_nearest_normal,last2,14,0.05,False,,,0.0,6.111156617407686e-05,False,False,False,False
2026-08-16 13:09:09,baseline,carpet,evaluate,C:/cira_batch_test/carpet/bad_2.png,bad_2.png,anomaly,True,0.1550661027431488,0.1550661027431488,0.026402074843645096,0.026402074843645096,0.03367696963250637,False,False,16000,False,,False,0.0,cpu,patch_nearest_normal,last2,14,0.05,False,,,0.0,6.111156617407686e-05,False,False,False,False
2026-08-16 13:09:10,baseline,carpet,evaluate,C:/cira_batch_test/carpet/good_6.png,good_6.png,anomaly,True,0.03451899439096451,0.03451899439096451,0.026402074843645096,0.026402074843645096,0.03367696963250637,False,False,16000,False,,False,0.0,cpu,patch_nearest_normal,last2,14,0.05,False,,,0.0,6.111156617407686e-05,False,False,False,False
2026-08-16 13:09:12,baseline,carpet,evaluate,C:/cira_batch_test/carpet/good_10.png,good_10.png,anomaly,True,0.03945765644311905,0.03945765644311905,0.026402074843645096,0.026402074843645096,0.03367696963250637,False,False,16000,False,,False,0.0,cpu,patch_nearest_normal,last2,14,0.05,False,,,0.0,6.111156617407686e-05,False,False,False,False
2026-08-16 13:09:13,baseline,carpet,evaluate,C:/cira_batch_test/carpet/good_7.png,good_7.png,anomaly,True,0.03651086241006851,0.03651086241006851,0.026402074843645096,0.026402074843645096,0.03367696963250637,False,False,16000,False,,False,0.0,cpu,patch_nearest_normal,last2,14,0.05,False,,,0.0,6.111156617407686e-05,False,False,False,False
2026-08-16 13:09:15,baseline,carpet,evaluate,C:/cira_batch_test/carpet/bad_8.png,bad_8.png,anomaly,True,0.2964455187320709,0.2964455187320709,0.026402074843645096,0.026402074843645096,0.03367696963250637,False,False,16000,False,,False,0.0,cpu,patch_nearest_normal,last2,14,0.05,False,,,0.0,6.111156617407686e-05,False,False,False,False
2026-08-16 13:09:16,baseline,carpet,evaluate,C:/cira_batch_test/carpet/bad_10.png,bad_10.png,anomaly,True,0.23354916274547577,0.23354916274547577,0.026402074843645096,0.026402074843645096,0.03367696963250637,False,False,16000,False,,False,0.0,cpu,patch_nearest_normal,last2,14,0.05,False,,,0.0,6.111156617407686e-05,False,False,False,False
2026-08-16 13:09:18,baseline,carpet,evaluate,C:/cira_batch_test/carpet/good_4.png,good_4.png,anomaly,True,0.03342123702168465,0.03342123702168465,0.026402074843645096,0.026402074843645096,0.03367696963250637,False,False,16000,False,,False,0.0,cpu,patch_nearest_normal,last2,14,0.05,False,,,0.0,6.111156617407686e-05,False,False,False,False
2026-08-16 13:09:19,baseline,carpet,evaluate,C:/cira_batch_test/carpet/bad_5.png,bad_5.png,anomaly,True,0.2340812236070633,0.2340812236070633,0.026402074843645096,0.026402074843645096,0.03367696963250637,False,False,16000,False,,False,0.0,cpu,patch_nearest_normal,last2,14,0.05,False,,,0.0,6.111156617407686e-05,False,False,False,False
2026-08-16 13:09:21,baseline,carpet,evaluate,C:/cira_batch_test/carpet/good_20.png,good_20.png,anomaly,True,0.038290251046419144,0.038290251046419144,0.026402074843645096,0.026402074843645096,0.03367696963250637,False,False,16000,False,,False,0.0,cpu,patch_nearest_normal,last2,14,0.05,False,,,0.0,6.111156617407686e-05,False,False,False,False
2026-08-16 13:09:22,baseline,carpet,evaluate,C:/cira_batch_test/carpet/good_18.png,good_18.png,anomaly,True,0.028010547161102295,0.028010547161102295,0.026402074843645096,0.026402074843645096,0.03367696963250637,False,False,16000,False,,False,0.0,cpu,patch_nearest_normal,last2,14,0.05,False,,,0.0,6.111156617407686e-05,False,False,False,False
2026-08-16 13:09:23,baseline,carpet,evaluate,C:/cira_batch_test/carpet/good_11.png,good_11.png,anomaly,True,0.04204009100794792,0.04204009100794792,0.026402074843645096,0.026402074843645096,0.03367696963250637,False,False,16000,False,,False,0.0,cpu,patch_nearest_normal,last2,14,0.05,False,,,0.0,6.111156617407686e-05,False,False,False,False
2026-08-16 13:09:25,baseline,carpet,evaluate,C:/cira_batch_test/carpet/good_9.png,good_9.png,anomaly,True,0.05315438657999039,0.05315438657999039,0.026402074843645096,0.026402074843645096,0.03367696963250637,False,False,16000,False,,False,0.0,cpu,patch_nearest_normal,last2,14,0.05,False,,,0.0,6.111156617407686e-05,False,False,False,False
2026-08-16 13:09:26,baseline,carpet,evaluate,C:/cira_batch_test/carpet/good_16.png,good_16.png,anomaly,True,0.03679478168487549,0.03679478168487549,0.026402074843645096,0.026402074843645096,0.03367696963250637,False,False,16000,False,,False,0.0,cpu,patch_nearest_normal,last2,14,0.05,False,,,0.0,6.111156617407686e-05,False,False,False,False
2026-08-16 13:09:28,baseline,carpet,evaluate,C:/cira_batch_test/carpet/bad_7.png,bad_7.png,anomaly,True,0.07340017706155777,0.07340017706155777,0.026402074843645096,0.026402074843645096,0.03367696963250637,False,False,16000,False,,False,0.0,cpu,patch_nearest_normal,last2,14,0.05,False,,,0.0,6.111156617407686e-05,False,False,False,False
2026-08-16 13:09:29,baseline,carpet,evaluate,C:/cira_batch_test/carpet/good_13.png,good_13.png,anomaly,True,0.03609425947070122,0.03609425947070122,0.026402074843645096,0.026402074843645096,0.03367696963250637,False,False,16000,False,,False,0.0,cpu,patch_nearest_normal,last2,14,0.05,False,,,0.0,6.111156617407686e-05,False,False,False,False
2026-08-16 13:09:30,baseline,carpet,evaluate,C:/cira_batch_test/carpet/good_5.png,good_5.png,anomaly,True,0.03460466116666794,0.03460466116666794,0.026402074843645096,0.026402074843645096,0.03367696963250637,False,False,16000,False,,False,0.0,cpu,patch_nearest_normal,last2,14,0.05,False,,,0.0,6.111156617407686e-05,False,False,False,False
2026-08-16 13:09:32,baseline,carpet,evaluate,C:/cira_batch_test/carpet/good_2.png,good_2.png,anomaly,True,0.033076006919145584,0.033076006919145584,0.026402074843645096,0.026402074843645096,0.03367696963250637,False,False,16000,False,,False,0.0,cpu,patch_nearest_normal,last2,14,0.05,False,,,0.0,6.111156617407686e-05,False,False,False,False
2026-08-16 13:09:33,baseline,carpet,evaluate,C:/cira_batch_test/carpet/bad_6.png,bad_6.png,anomaly,True,0.1086384654045105,0.1086384654045105,0.026402074843645096,0.026402074843645096,0.03367696963250637,False,False,16000,False,,False,0.0,cpu,patch_nearest_normal,last2,14,0.05,False,,,0.0,6.111156617407686e-05,False,False,False,False
2026-08-16 13:09:35,baseline,carpet,evaluate,C:/cira_batch_test/carpet/bad_14.png,bad_14.png,anomaly,True,0.2166282832622528,0.2166282832622528,0.026402074843645096,0.026402074843645096,0.03367696963250637,False,False,16000,False,,False,0.0,cpu,patch_nearest_normal,last2,14,0.05,False,,,0.0,6.111156617407686e-05,False,False,False,False
2026-08-16 13:09:36,baseline,carpet,evaluate,C:/cira_batch_test/carpet/good_3.png,good_3.png,anomaly,True,0.03451359272003174,0.03451359272003174,0.026402074843645096,0.026402074843645096,0.03367696963250637,False,False,16000,False,,False,0.0,cpu,patch_nearest_normal,last2,14,0.05,False,,,0.0,6.111156617407686e-05,False,False,False,False
2026-08-16 13:09:38,baseline,carpet,evaluate,C:/cira_batch_test/carpet/bad_4.png,bad_4.png,anomaly,True,0.2745632529258728,0.2745632529258728,0.026402074843645096,0.026402074843645096,0.03367696963250637,False,False,16000,False,,False,0.0,cpu,patch_nearest_normal,last2,14,0.05,False,,,0.0,6.111156617407686e-05,False,False,False,False
2026-08-16 13:09:39,baseline,carpet,evaluate,C:/cira_batch_test/carpet/bad_15.png,bad_15.png,anomaly,True,0.041060589253902435,0.041060589253902435,0.026402074843645096,0.026402074843645096,0.03367696963250637,False,False,16000,False,,False,0.0,cpu,patch_nearest_normal,last2,14,0.05,False,,,0.0,6.111156617407686e-05,False,False,False,False
2026-08-16 13:09:40,baseline,carpet,evaluate,C:/cira_batch_test/carpet/good_8.png,good_8.png,anomaly,True,0.031294096261262894,0.031294096261262894,0.026402074843645096,0.026402074843645096,0.03367696963250637,False,False,16000,False,,False,0.0,cpu,patch_nearest_normal,last2,14,0.05,False,,,0.0,6.111156617407686e-05,False,False,False,False
2026-08-16 13:09:42,baseline,carpet,evaluate,C:/cira_batch_test/carpet/bad_3.png,bad_3.png,anomaly,True,0.3548845648765564,0.3548845648765564,0.026402074843645096,0.026402074843645096,0.03367696963250637,False,False,16000,False,,False,0.0,cpu,patch_nearest_normal,last2,14,0.05,False,,,0.0,6.111156617407686e-05,False,False,False,False
2026-08-16 13:09:43,baseline,carpet,evaluate,C:/cira_batch_test/carpet/bad_11.png,bad_11.png,anomaly,True,0.08780645579099655,0.08780645579099655,0.026402074843645096,0.026402074843645096,0.03367696963250637,False,False,16000,False,,False,0.0,cpu,patch_nearest_normal,last2,14,0.05,False,,,0.0,6.111156617407686e-05,False,False,False,False
2026-08-16 13:09:45,baseline,carpet,evaluate,C:/cira_batch_test/carpet/good_19.png,good_19.png,anomaly,True,0.0348534882068634,0.0348534882068634,0.026402074843645096,0.026402074843645096,0.03367696963250637,False,False,16000,False,,False,0.0,cpu,patch_nearest_normal,last2,14,0.05,False,,,0.0,6.111156617407686e-05,False,False,False,False
2026-08-16 13:09:46,baseline,carpet,evaluate,C:/cira_batch_test/carpet/good_12.png,good_12.png,anomaly,True,0.034055255353450775,0.034055255353450775,0.026402074843645096,0.026402074843645096,0.03367696963250637,False,False,16000,False,,False,0.0,cpu,patch_nearest_normal,last2,14,0.05,False,,,0.0,6.111156617407686e-05,False,False,False,False
2026-08-16 13:09:48,baseline,carpet,evaluate,C:/cira_batch_test/carpet/good_15.png,good_15.png,anomaly,True,0.0412977859377861,0.0412977859377861,0.026402074843645096,0.026402074843645096,0.03367696963250637,False,False,16000,False,,False,0.0,cpu,patch_nearest_normal,last2,14,0.05,False,,,0.0,6.111156617407686e-05,False,False,False,False
2026-08-16 13:09:49,baseline,carpet,evaluate,C:/cira_batch_test/carpet/bad_17.png,bad_17.png,anomaly,True,0.05053531378507614,0.05053531378507614,0.026402074843645096,0.026402074843645096,0.03367696963250637,False,False,16000,False,,False,0.0,cpu,patch_nearest_normal,last2,14,0.05,False,,,0.0,6.111156617407686e-05,False,False,False,False
2026-08-16 13:09:51,baseline,carpet,evaluate,C:/cira_batch_test/carpet/bad_19.png,bad_19.png,anomaly,True,0.11373408138751984,0.11373408138751984,0.026402074843645096,0.026402074843645096,0.03367696963250637,False,False,16000,False,,False,0.0,cpu,patch_nearest_normal,last2,14,0.05,False,,,0.0,6.111156617407686e-05,False,False,False,False
2026-08-16 13:09:52,baseline,carpet,evaluate,C:/cira_batch_test/carpet/bad_1.png,bad_1.png,anomaly,True,0.06134674698114395,0.06134674698114395,0.026402074843645096,0.026402074843645096,0.03367696963250637,False,False,16000,False,,False,0.0,cpu,patch_nearest_normal,last2,14,0.05,False,,,0.0,6.111156617407686e-05,False,False,False,False
2026-08-16 13:09:53,baseline,carpet,evaluate,C:/cira_batch_test/carpet/good_14.png,good_14.png,anomaly,True,0.041095416992902756,0.041095416992902756,0.026402074843645096,0.026402074843645096,0.03367696963250637,False,False,16000,False,,False,0.0,cpu,patch_nearest_normal,last2,14,0.05,False,,,0.0,6.111156617407686e-05,False,False,False,False
2026-08-16 13:09:55,baseline,grid,evaluate,C:/cira_batch_test/grid/good_1.png,good_1.png,anomaly,True,0.05813353508710861,0.05813353508710861,0.054523687809705734,0.054523687809705734,0.04894002191722393,False,False,16000,False,,False,0.0,cpu,patch_nearest_normal,last2,14,0.05,False,,,0.0,0.00020260438468534505,False,False,False,False
2026-08-16 13:09:56,baseline,grid,evaluate,C:/cira_batch_test/grid/bad_16.png,bad_16.png,anomaly,True,0.05864829942584038,0.05864829942584038,0.054523687809705734,0.054523687809705734,0.04894002191722393,False,False,16000,False,,False,0.0,cpu,patch_nearest_normal,last2,14,0.05,False,,,0.0,0.00020260438468534505,False,False,False,False
2026-08-16 13:09:59,baseline,grid,evaluate,C:/cira_batch_test/grid/bad_20.png,bad_20.png,normal,False,0.05339302495121956,0.05339302495121956,0.054523687809705734,0.054523687809705734,0.04894002191722393,False,False,16000,False,,False,0.0,cpu,patch_nearest_normal,last2,14,0.05,False,,,0.0,0.00020260438468534505,False,False,False,False
2026-08-16 13:10:01,baseline,grid,evaluate,C:/cira_batch_test/grid/bad_12.png,bad_12.png,anomaly,True,0.10632707923650742,0.10632707923650742,0.054523687809705734,0.054523687809705734,0.04894002191722393,False,False,16000,False,,False,0.0,cpu,patch_nearest_normal,last2,14,0.05,False,,,0.0,0.00020260438468534505,False,False,False,False
2026-08-16 13:10:02,baseline,grid,evaluate,C:/cira_batch_test/grid/good_17.png,good_17.png,normal,False,0.043960608541965485,0.043960608541965485,0.054523687809705734,0.054523687809705734,0.04894002191722393,False,False,16000,False,,False,0.0,cpu,patch_nearest_normal,last2,14,0.05,False,,,0.0,0.00020260438468534505,False,False,False,False
2026-08-16 13:10:04,baseline,grid,evaluate,C:/cira_batch_test/grid/bad_9.png,bad_9.png,anomaly,True,0.06481078267097473,0.06481078267097473,0.054523687809705734,0.054523687809705734,0.04894002191722393,False,False,16000,False,,False,0.0,cpu,patch_nearest_normal,last2,14,0.05,False,,,0.0,0.00020260438468534505,False,False,False,False
2026-08-16 13:10:05,baseline,grid,evaluate,C:/cira_batch_test/grid/bad_18.png,bad_18.png,anomaly,True,0.061266861855983734,0.061266861855983734,0.054523687809705734,0.054523687809705734,0.04894002191722393,False,False,16000,False,,False,0.0,cpu,patch_nearest_normal,last2,14,0.05,False,,,0.0,0.00020260438468534505,False,False,False,False
2026-08-16 13:10:07,baseline,grid,evaluate,C:/cira_batch_test/grid/bad_13.png,bad_13.png,normal,False,0.04784206300973892,0.04784206300973892,0.054523687809705734,0.054523687809705734,0.04894002191722393,False,False,16000,False,,False,0.0,cpu,patch_nearest_normal,last2,14,0.05,False,,,0.0,0.00020260438468534505,False,False,False,False
2026-08-16 13:10:08,baseline,grid,evaluate,C:/cira_batch_test/grid/bad_2.png,bad_2.png,anomaly,True,0.05666762590408325,0.05666762590408325,0.054523687809705734,0.054523687809705734,0.04894002191722393,False,False,16000,False,,False,0.0,cpu,patch_nearest_normal,last2,14,0.05,False,,,0.0,0.00020260438468534505,False,False,False,False
2026-08-16 13:10:09,baseline,grid,evaluate,C:/cira_batch_test/grid/good_6.png,good_6.png,anomaly,True,0.06407661736011505,0.06407661736011505,0.054523687809705734,0.054523687809705734,0.04894002191722393,False,False,16000,False,,False,0.0,cpu,patch_nearest_normal,last2,14,0.05,False,,,0.0,0.00020260438468534505,False,False,False,False
2026-08-16 13:10:11,baseline,grid,evaluate,C:/cira_batch_test/grid/good_10.png,good_10.png,normal,False,0.0452178493142128,0.0452178493142128,0.054523687809705734,0.054523687809705734,0.04894002191722393,False,False,16000,False,,False,0.0,cpu,patch_nearest_normal,last2,14,0.05,False,,,0.0,0.00020260438468534505,False,False,False,False
2026-08-16 13:10:12,baseline,grid,evaluate,C:/cira_batch_test/grid/good_7.png,good_7.png,anomaly,True,0.05755096673965454,0.05755096673965454,0.054523687809705734,0.054523687809705734,0.04894002191722393,False,False,16000,False,,False,0.0,cpu,patch_nearest_normal,last2,14,0.05,False,,,0.0,0.00020260438468534505,False,False,False,False
2026-08-16 13:10:13,baseline,grid,evaluate,C:/cira_batch_test/grid/bad_8.png,bad_8.png,normal,False,0.04675206542015076,0.04675206542015076,0.054523687809705734,0.054523687809705734,0.04894002191722393,False,False,16000,False,,False,0.0,cpu,patch_nearest_normal,last2,14,0.05,False,,,0.0,0.00020260438468534505,False,False,False,False
2026-08-16 13:10:15,baseline,grid,evaluate,C:/cira_batch_test/grid/bad_10.png,bad_10.png,anomaly,True,0.07286384701728821,0.07286384701728821,0.054523687809705734,0.054523687809705734,0.04894002191722393,False,False,16000,False,,False,0.0,cpu,patch_nearest_normal,last2,14,0.05,False,,,0.0,0.00020260438468534505,False,False,False,False
2026-08-16 13:10:16,baseline,grid,evaluate,C:/cira_batch_test/grid/good_4.png,good_4.png,anomaly,True,0.055914491415023804,0.055914491415023804,0.054523687809705734,0.054523687809705734,0.04894002191722393,False,False,16000,False,,False,0.0,cpu,patch_nearest_normal,last2,14,0.05,False,,,0.0,0.00020260438468534505,False,False,False,False
2026-08-16 13:10:18,baseline,grid,evaluate,C:/cira_batch_test/grid/bad_5.png,bad_5.png,anomaly,True,0.06614523380994797,0.06614523380994797,0.054523687809705734,0.054523687809705734,0.04894002191722393,False,False,16000,False,,False,0.0,cpu,patch_nearest_normal,last2,14,0.05,False,,,0.0,0.00020260438468534505,False,False,False,False
2026-08-16 13:10:19,baseline,grid,evaluate,C:/cira_batch_test/grid/good_20.png,good_20.png,normal,False,0.047566235065460205,0.047566235065460205,0.054523687809705734,0.054523687809705734,0.04894002191722393,False,False,16000,False,,False,0.0,cpu,patch_nearest_normal,last2,14,0.05,False,,,0.0,0.00020260438468534505,False,False,False,False
2026-08-16 13:10:20,baseline,grid,evaluate,C:/cira_batch_test/grid/good_18.png,good_18.png,anomaly,True,0.05522800609469414,0.05522800609469414,0.054523687809705734,0.054523687809705734,0.04894002191722393,False,False,16000,False,,False,0.0,cpu,patch_nearest_normal,last2,14,0.05,False,,,0.0,0.00020260438468534505,False,False,False,False
2026-08-16 13:10:22,baseline,grid,evaluate,C:/cira_batch_test/grid/good_11.png,good_11.png,normal,False,0.04442182183265686,0.04442182183265686,0.054523687809705734,0.054523687809705734,0.04894002191722393,False,False,16000,False,,False,0.0,cpu,patch_nearest_normal,last2,14,0.05,False,,,0.0,0.00020260438468534505,False,False,False,False
2026-08-16 13:10:23,baseline,grid,evaluate,C:/cira_batch_test/grid/good_9.png,good_9.png,normal,False,0.045922499150037766,0.045922499150037766,0.054523687809705734,0.054523687809705734,0.04894002191722393,False,False,16000,False,,False,0.0,cpu,patch_nearest_normal,last2,14,0.05,False,,,0.0,0.00020260438468534505,False,False,False,False
2026-08-16 13:10:24,baseline,grid,evaluate,C:/cira_batch_test/grid/good_16.png,good_16.png,normal,False,0.053874604403972626,0.053874604403972626,0.054523687809705734,0.054523687809705734,0.04894002191722393,False,False,16000,False,,False,0.0,cpu,patch_nearest_normal,last2,14,0.05,False,,,0.0,0.00020260438468534505,False,False,False,False
2026-08-16 13:10:26,baseline,grid,evaluate,C:/cira_batch_test/grid/bad_7.png,bad_7.png,anomaly,True,0.1163523942232132,0.1163523942232132,0.054523687809705734,0.054523687809705734,0.04894002191722393,False,False,16000,False,,False,0.0,cpu,patch_nearest_normal,last2,14,0.05,False,,,0.0,0.00020260438468534505,False,False,False,False
2026-08-16 13:10:27,baseline,grid,evaluate,C:/cira_batch_test/grid/good_13.png,good_13.png,normal,False,0.04501817747950554,0.04501817747950554,0.054523687809705734,0.054523687809705734,0.04894002191722393,False,False,16000,False,,False,0.0,cpu,patch_nearest_normal,last2,14,0.05,False,,,0.0,0.00020260438468534505,False,False,False,False
2026-08-16 13:10:28,baseline,grid,evaluate,C:/cira_batch_test/grid/good_5.png,good_5.png,anomaly,True,0.06403066217899323,0.06403066217899323,0.054523687809705734,0.054523687809705734,0.04894002191722393,False,False,16000,False,,False,0.0,cpu,patch_nearest_normal,last2,14,0.05,False,,,0.0,0.00020260438468534505,False,False,False,False
2026-08-16 13:10:30,baseline,grid,evaluate,C:/cira_batch_test/grid/good_2.png,good_2.png,normal,False,0.049634747207164764,0.049634747207164764,0.054523687809705734,0.054523687809705734,0.04894002191722393,False,False,16000,False,,False,0.0,cpu,patch_nearest_normal,last2,14,0.05,False,,,0.0,0.00020260438468534505,False,False,False,False
2026-08-16 13:10:31,baseline,grid,evaluate,C:/cira_batch_test/grid/bad_6.png,bad_6.png,normal,False,0.04635925218462944,0.04635925218462944,0.054523687809705734,0.054523687809705734,0.04894002191722393,False,False,16000,False,,False,0.0,cpu,patch_nearest_normal,last2,14,0.05,False,,,0.0,0.00020260438468534505,False,False,False,False
2026-08-16 13:10:32,baseline,grid,evaluate,C:/cira_batch_test/grid/bad_14.png,bad_14.png,normal,False,0.053155213594436646,0.053155213594436646,0.054523687809705734,0.054523687809705734,0.04894002191722393,False,False,16000,False,,False,0.0,cpu,patch_nearest_normal,last2,14,0.05,False,,,0.0,0.00020260438468534505,False,False,False,False
2026-08-16 13:10:34,baseline,grid,evaluate,C:/cira_batch_test/grid/good_3.png,good_3.png,normal,False,0.04722381383180618,0.04722381383180618,0.054523687809705734,0.054523687809705734,0.04894002191722393,False,False,16000,False,,False,0.0,cpu,patch_nearest_normal,last2,14,0.05,False,,,0.0,0.00020260438468534505,False,False,False,False
2026-08-16 13:10:35,baseline,grid,evaluate,C:/cira_batch_test/grid/bad_4.png,bad_4.png,anomaly,True,0.09620222449302673,0.09620222449302673,0.054523687809705734,0.054523687809705734,0.04894002191722393,False,False,16000,False,,False,0.0,cpu,patch_nearest_normal,last2,14,0.05,False,,,0.0,0.00020260438468534505,False,False,False,False
2026-08-16 13:10:37,baseline,grid,evaluate,C:/cira_batch_test/grid/bad_15.png,bad_15.png,anomaly,True,0.06482090801000595,0.06482090801000595,0.054523687809705734,0.054523687809705734,0.04894002191722393,False,False,16000,False,,False,0.0,cpu,patch_nearest_normal,last2,14,0.05,False,,,0.0,0.00020260438468534505,False,False,False,False
2026-08-16 13:10:38,baseline,grid,evaluate,C:/cira_batch_test/grid/good_8.png,good_8.png,normal,False,0.044893741607666016,0.044893741607666016,0.054523687809705734,0.054523687809705734,0.04894002191722393,False,False,16000,False,,False,0.0,cpu,patch_nearest_normal,last2,14,0.05,False,,,0.0,0.00020260438468534505,False,False,False,False
2026-08-16 13:10:39,baseline,grid,evaluate,C:/cira_batch_test/grid/bad_3.png,bad_3.png,anomaly,True,0.06540670990943909,0.06540670990943909,0.054523687809705734,0.054523687809705734,0.04894002191722393,False,False,16000,False,,False,0.0,cpu,patch_nearest_normal,last2,14,0.05,False,,,0.0,0.00020260438468534505,False,False,False,False
2026-08-16 13:10:41,baseline,grid,evaluate,C:/cira_batch_test/grid/bad_11.png,bad_11.png,anomaly,True,0.05669742822647095,0.05669742822647095,0.054523687809705734,0.054523687809705734,0.04894002191722393,False,False,16000,False,,False,0.0,cpu,patch_nearest_normal,last2,14,0.05,False,,,0.0,0.00020260438468534505,False,False,False,False
2026-08-16 13:10:42,baseline,grid,evaluate,C:/cira_batch_test/grid/good_19.png,good_19.png,anomaly,True,0.06425908952951431,0.06425908952951431,0.054523687809705734,0.054523687809705734,0.04894002191722393,False,False,16000,False,,False,0.0,cpu,patch_nearest_normal,last2,14,0.05,False,,,0.0,0.00020260438468534505,False,False,False,False
2026-08-16 13:10:43,baseline,grid,evaluate,C:/cira_batch_test/grid/good_12.png,good_12.png,normal,False,0.03937114402651787,0.03937114402651787,0.054523687809705734,0.054523687809705734,0.04894002191722393,False,False,16000,False,,False,0.0,cpu,patch_nearest_normal,last2,14,0.05,False,,,0.0,0.00020260438468534505,False,False,False,False
2026-08-16 13:10:45,baseline,grid,evaluate,C:/cira_batch_test/grid/good_15.png,good_15.png,normal,False,0.03756582736968994,0.03756582736968994,0.054523687809705734,0.054523687809705734,0.04894002191722393,False,False,16000,False,,False,0.0,cpu,patch_nearest_normal,last2,14,0.05,False,,,0.0,0.00020260438468534505,False,False,False,False
2026-08-16 13:10:46,baseline,grid,evaluate,C:/cira_batch_test/grid/bad_17.png,bad_17.png,normal,False,0.050122518092393875,0.050122518092393875,0.054523687809705734,0.054523687809705734,0.04894002191722393,False,False,16000,False,,False,0.0,cpu,patch_nearest_normal,last2,14,0.05,False,,,0.0,0.00020260438468534505,False,False,False,False
2026-08-16 13:10:48,baseline,grid,evaluate,C:/cira_batch_test/grid/bad_19.png,bad_19.png,anomaly,True,0.11044621467590332,0.11044621467590332,0.054523687809705734,0.054523687809705734,0.04894002191722393,False,False,16000,False,,False,0.0,cpu,patch_nearest_normal,last2,14,0.05,False,,,0.0,0.00020260438468534505,False,False,False,False
2026-08-16 13:10:49,baseline,grid,evaluate,C:/cira_batch_test/grid/bad_1.png,bad_1.png,anomaly,True,0.08858604729175568,0.08858604729175568,0.054523687809705734,0.054523687809705734,0.04894002191722393,False,False,16000,False,,False,0.0,cpu,patch_nearest_normal,last2,14,0.05,False,,,0.0,0.00020260438468534505,False,False,False,False
2026-08-16 13:10:50,baseline,grid,evaluate,C:/cira_batch_test/grid/good_14.png,good_14.png,normal,False,0.04976452514529228,0.04976452514529228,0.054523687809705734,0.054523687809705734,0.04894002191722393,False,False,16000,False,,False,0.0,cpu,patch_nearest_normal,last2,14,0.05,False,,,0.0,0.00020260438468534505,False,False,False,False
2026-08-16 13:10:52,baseline,hazelnut,evaluate,C:/cira_batch_test/hazelnut/good_1.png,good_1.png,normal,False,0.10071440041065216,0.10071440041065216,0.13282811641693115,0.13282811641693115,0.11048602908849717,False,False,16000,False,,False,0.0,cpu,patch_nearest_normal,last2,14,0.05,False,,,0.0,0.00018771860486589,False,False,False,False
2026-08-16 13:10:53,baseline,hazelnut,evaluate,C:/cira_batch_test/hazelnut/bad_16.png,bad_16.png,anomaly,True,0.2441060096025467,0.2441060096025467,0.13282811641693115,0.13282811641693115,0.11048602908849717,False,False,16000,False,,False,0.0,cpu,patch_nearest_normal,last2,14,0.05,False,,,0.0,0.00018771860486589,False,False,False,False
2026-08-16 13:10:55,baseline,hazelnut,evaluate,C:/cira_batch_test/hazelnut/bad_20.png,bad_20.png,anomaly,True,0.23149952292442322,0.23149952292442322,0.13282811641693115,0.13282811641693115,0.11048602908849717,False,False,16000,False,,False,0.0,cpu,patch_nearest_normal,last2,14,0.05,False,,,0.0,0.00018771860486589,False,False,False,False
2026-08-16 13:10:56,baseline,hazelnut,evaluate,C:/cira_batch_test/hazelnut/bad_12.png,bad_12.png,normal,False,0.1289863884449005,0.1289863884449005,0.13282811641693115,0.13282811641693115,0.11048602908849717,False,False,16000,False,,False,0.0,cpu,patch_nearest_normal,last2,14,0.05,False,,,0.0,0.00018771860486589,False,False,False,False
2026-08-16 13:10:58,baseline,hazelnut,evaluate,C:/cira_batch_test/hazelnut/good_17.png,good_17.png,normal,False,0.11173150688409805,0.11173150688409805,0.13282811641693115,0.13282811641693115,0.11048602908849717,False,False,16000,False,,False,0.0,cpu,patch_nearest_normal,last2,14,0.05,False,,,0.0,0.00018771860486589,False,False,False,False
2026-08-16 13:10:59,baseline,hazelnut,evaluate,C:/cira_batch_test/hazelnut/bad_9.png,bad_9.png,anomaly,True,0.15189433097839355,0.15189433097839355,0.13282811641693115,0.13282811641693115,0.11048602908849717,False,False,16000,False,,False,0.0,cpu,patch_nearest_normal,last2,14,0.05,False,,,0.0,0.00018771860486589,False,False,False,False
2026-08-16 13:11:00,baseline,hazelnut,evaluate,C:/cira_batch_test/hazelnut/bad_18.png,bad_18.png,anomaly,True,0.2222953587770462,0.2222953587770462,0.13282811641693115,0.13282811641693115,0.11048602908849717,False,False,16000,False,,False,0.0,cpu,patch_nearest_normal,last2,14,0.05,False,,,0.0,0.00018771860486589,False,False,False,False
2026-08-16 13:11:02,baseline,hazelnut,evaluate,C:/cira_batch_test/hazelnut/bad_13.png,bad_13.png,normal,False,0.12652647495269775,0.12652647495269775,0.13282811641693115,0.13282811641693115,0.11048602908849717,False,False,16000,False,,False,0.0,cpu,patch_nearest_normal,last2,14,0.05,False,,,0.0,0.00018771860486589,False,False,False,False
2026-08-16 13:11:03,baseline,hazelnut,evaluate,C:/cira_batch_test/hazelnut/bad_2.png,bad_2.png,anomaly,True,0.1989687979221344,0.1989687979221344,0.13282811641693115,0.13282811641693115,0.11048602908849717,False,False,16000,False,,False,0.0,cpu,patch_nearest_normal,last2,14,0.05,False,,,0.0,0.00018771860486589,False,False,False,False
2026-08-16 13:11:05,baseline,hazelnut,evaluate,C:/cira_batch_test/hazelnut/good_6.png,good_6.png,normal,False,0.12174111604690552,0.12174111604690552,0.13282811641693115,0.13282811641693115,0.11048602908849717,False,False,16000,False,,False,0.0,cpu,patch_nearest_normal,last2,14,0.05,False,,,0.0,0.00018771860486589,False,False,False,False
2026-08-16 13:11:06,baseline,hazelnut,evaluate,C:/cira_batch_test/hazelnut/good_10.png,good_10.png,normal,False,0.10749413818120956,0.10749413818120956,0.13282811641693115,0.13282811641693115,0.11048602908849717,False,False,16000,False,,False,0.0,cpu,patch_nearest_normal,last2,14,0.05,False,,,0.0,0.00018771860486589,False,False,False,False
2026-08-16 13:11:07,baseline,hazelnut,evaluate,C:/cira_batch_test/hazelnut/good_7.png,good_7.png,normal,False,0.10419611632823944,0.10419611632823944,0.13282811641693115,0.13282811641693115,0.11048602908849717,False,False,16000,False,,False,0.0,cpu,patch_nearest_normal,last2,14,0.05,False,,,0.0,0.00018771860486589,False,False,False,False
2026-08-16 13:11:09,baseline,hazelnut,evaluate,C:/cira_batch_test/hazelnut/bad_8.png,bad_8.png,anomaly,True,0.1674746572971344,0.1674746572971344,0.13282811641693115,0.13282811641693115,0.11048602908849717,False,False,16000,False,,False,0.0,cpu,patch_nearest_normal,last2,14,0.05,False,,,0.0,0.00018771860486589,False,False,False,False
2026-08-16 13:11:10,baseline,hazelnut,evaluate,C:/cira_batch_test/hazelnut/bad_10.png,bad_10.png,anomaly,True,0.24062328040599823,0.24062328040599823,0.13282811641693115,0.13282811641693115,0.11048602908849717,False,False,16000,False,,False,0.0,cpu,patch_nearest_normal,last2,14,0.05,False,,,0.0,0.00018771860486589,False,False,False,False
2026-08-16 13:11:11,baseline,hazelnut,evaluate,C:/cira_batch_test/hazelnut/good_4.png,good_4.png,normal,False,0.09174823760986328,0.09174823760986328,0.13282811641693115,0.13282811641693115,0.11048602908849717,False,False,16000,False,,False,0.0,cpu,patch_nearest_normal,last2,14,0.05,False,,,0.0,0.00018771860486589,False,False,False,False
2026-08-16 13:11:13,baseline,hazelnut,evaluate,C:/cira_batch_test/hazelnut/bad_5.png,bad_5.png,anomaly,True,0.1668674498796463,0.1668674498796463,0.13282811641693115,0.13282811641693115,0.11048602908849717,False,False,16000,False,,False,0.0,cpu,patch_nearest_normal,last2,14,0.05,False,,,0.0,0.00018771860486589,False,False,False,False
2026-08-16 13:11:14,baseline,hazelnut,evaluate,C:/cira_batch_test/hazelnut/good_20.png,good_20.png,normal,False,0.10372350364923477,0.10372350364923477,0.13282811641693115,0.13282811641693115,0.11048602908849717,False,False,16000,False,,False,0.0,cpu,patch_nearest_normal,last2,14,0.05,False,,,0.0,0.00018771860486589,False,False,False,False
2026-08-16 13:11:16,baseline,hazelnut,evaluate,C:/cira_batch_test/hazelnut/good_18.png,good_18.png,normal,False,0.09729452431201935,0.09729452431201935,0.13282811641693115,0.13282811641693115,0.11048602908849717,False,False,16000,False,,False,0.0,cpu,patch_nearest_normal,last2,14,0.05,False,,,0.0,0.00018771860486589,False,False,False,False
2026-08-16 13:11:17,baseline,hazelnut,evaluate,C:/cira_batch_test/hazelnut/good_11.png,good_11.png,normal,False,0.10457420349121094,0.10457420349121094,0.13282811641693115,0.13282811641693115,0.11048602908849717,False,False,16000,False,,False,0.0,cpu,patch_nearest_normal,last2,14,0.05,False,,,0.0,0.00018771860486589,False,False,False,False
2026-08-16 13:11:19,baseline,hazelnut,evaluate,C:/cira_batch_test/hazelnut/good_9.png,good_9.png,normal,False,0.10649716854095459,0.10649716854095459,0.13282811641693115,0.13282811641693115,0.11048602908849717,False,False,16000,False,,False,0.0,cpu,patch_nearest_normal,last2,14,0.05,False,,,0.0,0.00018771860486589,False,False,False,False
2026-08-16 13:11:20,baseline,hazelnut,evaluate,C:/cira_batch_test/hazelnut/good_16.png,good_16.png,normal,False,0.09578574448823929,0.09578574448823929,0.13282811641693115,0.13282811641693115,0.11048602908849717,False,False,16000,False,,False,0.0,cpu,patch_nearest_normal,last2,14,0.05,False,,,0.0,0.00018771860486589,False,False,False,False
2026-08-16 13:11:21,baseline,hazelnut,evaluate,C:/cira_batch_test/hazelnut/bad_7.png,bad_7.png,anomaly,True,0.20399579405784607,0.20399579405784607,0.13282811641693115,0.13282811641693115,0.11048602908849717,False,False,16000,False,,False,0.0,cpu,patch_nearest_normal,last2,14,0.05,False,,,0.0,0.00018771860486589,False,False,False,False
2026-08-16 13:11:23,baseline,hazelnut,evaluate,C:/cira_batch_test/hazelnut/good_13.png,good_13.png,normal,False,0.09489063173532486,0.09489063173532486,0.13282811641693115,0.13282811641693115,0.11048602908849717,False,False,16000,False,,False,0.0,cpu,patch_nearest_normal,last2,14,0.05,False,,,0.0,0.00018771860486589,False,False,False,False
2026-08-16 13:11:24,baseline,hazelnut,evaluate,C:/cira_batch_test/hazelnut/good_5.png,good_5.png,normal,False,0.08776728808879852,0.08776728808879852,0.13282811641693115,0.13282811641693115,0.11048602908849717,False,False,16000,False,,False,0.0,cpu,patch_nearest_normal,last2,14,0.05,False,,,0.0,0.00018771860486589,False,False,False,False
2026-08-16 13:11:26,baseline,hazelnut,evaluate,C:/cira_batch_test/hazelnut/good_2.png,good_2.png,normal,False,0.10641784965991974,0.10641784965991974,0.13282811641693115,0.13282811641693115,0.11048602908849717,False,False,16000,False,,False,0.0,cpu,patch_nearest_normal,last2,14,0.05,False,,,0.0,0.00018771860486589,False,False,False,False
2026-08-16 13:11:27,baseline,hazelnut,evaluate,C:/cira_batch_test/hazelnut/bad_6.png,bad_6.png,anomaly,True,0.203285813331604,0.203285813331604,0.13282811641693115,0.13282811641693115,0.11048602908849717,False,False,16000,False,,False,0.0,cpu,patch_nearest_normal,last2,14,0.05,False,,,0.0,0.00018771860486589,False,False,False,False
2026-08-16 13:11:28,baseline,hazelnut,evaluate,C:/cira_batch_test/hazelnut/bad_14.png,bad_14.png,anomaly,True,0.20721229910850525,0.20721229910850525,0.13282811641693115,0.13282811641693115,0.11048602908849717,False,False,16000,False,,False,0.0,cpu,patch_nearest_normal,last2,14,0.05,False,,,0.0,0.00018771860486589,False,False,False,False
2026-08-16 13:11:30,baseline,hazelnut,evaluate,C:/cira_batch_test/hazelnut/good_3.png,good_3.png,normal,False,0.10859183967113495,0.10859183967113495,0.13282811641693115,0.13282811641693115,0.11048602908849717,False,False,16000,False,,False,0.0,cpu,patch_nearest_normal,last2,14,0.05,False,,,0.0,0.00018771860486589,False,False,False,False
2026-08-16 13:11:31,baseline,hazelnut,evaluate,C:/cira_batch_test/hazelnut/bad_4.png,bad_4.png,anomaly,True,0.21018381416797638,0.21018381416797638,0.13282811641693115,0.13282811641693115,0.11048602908849717,False,False,16000,False,,False,0.0,cpu,patch_nearest_normal,last2,14,0.05,False,,,0.0,0.00018771860486589,False,False,False,False
2026-08-16 13:11:32,baseline,hazelnut,evaluate,C:/cira_batch_test/hazelnut/bad_15.png,bad_15.png,anomaly,True,0.22609829902648926,0.22609829902648926,0.13282811641693115,0.13282811641693115,0.11048602908849717,False,False,16000,False,,False,0.0,cpu,patch_nearest_normal,last2,14,0.05,False,,,0.0,0.00018771860486589,False,False,False,False
2026-08-16 13:11:34,baseline,hazelnut,evaluate,C:/cira_batch_test/hazelnut/good_8.png,good_8.png,normal,False,0.10985791683197021,0.10985791683197021,0.13282811641693115,0.13282811641693115,0.11048602908849717,False,False,16000,False,,False,0.0,cpu,patch_nearest_normal,last2,14,0.05,False,,,0.0,0.00018771860486589,False,False,False,False
2026-08-16 13:11:35,baseline,hazelnut,evaluate,C:/cira_batch_test/hazelnut/bad_3.png,bad_3.png,anomaly,True,0.21309860050678253,0.21309860050678253,0.13282811641693115,0.13282811641693115,0.11048602908849717,False,False,16000,False,,False,0.0,cpu,patch_nearest_normal,last2,14,0.05,False,,,0.0,0.00018771860486589,False,False,False,False
2026-08-16 13:11:37,baseline,hazelnut,evaluate,C:/cira_batch_test/hazelnut/bad_11.png,bad_11.png,anomaly,True,0.20693770051002502,0.20693770051002502,0.13282811641693115,0.13282811641693115,0.11048602908849717,False,False,16000,False,,False,0.0,cpu,patch_nearest_normal,last2,14,0.05,False,,,0.0,0.00018771860486589,False,False,False,False
2026-08-16 13:11:38,baseline,hazelnut,evaluate,C:/cira_batch_test/hazelnut/good_19.png,good_19.png,normal,False,0.1028359979391098,0.1028359979391098,0.13282811641693115,0.13282811641693115,0.11048602908849717,False,False,16000,False,,False,0.0,cpu,patch_nearest_normal,last2,14,0.05,False,,,0.0,0.00018771860486589,False,False,False,False
2026-08-16 13:11:39,baseline,hazelnut,evaluate,C:/cira_batch_test/hazelnut/good_12.png,good_12.png,normal,False,0.09781976044178009,0.09781976044178009,0.13282811641693115,0.13282811641693115,0.11048602908849717,False,False,16000,False,,False,0.0,cpu,patch_nearest_normal,last2,14,0.05,False,,,0.0,0.00018771860486589,False,False,False,False
2026-08-16 13:11:41,baseline,hazelnut,evaluate,C:/cira_batch_test/hazelnut/good_15.png,good_15.png,normal,False,0.10237579047679901,0.10237579047679901,0.13282811641693115,0.13282811641693115,0.11048602908849717,False,False,16000,False,,False,0.0,cpu,patch_nearest_normal,last2,14,0.05,False,,,0.0,0.00018771860486589,False,False,False,False
2026-08-16 13:11:42,baseline,hazelnut,evaluate,C:/cira_batch_test/hazelnut/bad_17.png,bad_17.png,anomaly,True,0.21741983294487,0.21741983294487,0.13282811641693115,0.13282811641693115,0.11048602908849717,False,False,16000,False,,False,0.0,cpu,patch_nearest_normal,last2,14,0.05,False,,,0.0,0.00018771860486589,False,False,False,False
2026-08-16 13:11:44,baseline,hazelnut,evaluate,C:/cira_batch_test/hazelnut/bad_19.png,bad_19.png,normal,False,0.12652647495269775,0.12652647495269775,0.13282811641693115,0.13282811641693115,0.11048602908849717,False,False,16000,False,,False,0.0,cpu,patch_nearest_normal,last2,14,0.05,False,,,0.0,0.00018771860486589,False,False,False,False
2026-08-16 13:11:45,baseline,hazelnut,evaluate,C:/cira_batch_test/hazelnut/bad_1.png,bad_1.png,anomaly,True,0.16086113452911377,0.16086113452911377,0.13282811641693115,0.13282811641693115,0.11048602908849717,False,False,16000,False,,False,0.0,cpu,patch_nearest_normal,last2,14,0.05,False,,,0.0,0.00018771860486589,False,False,False,False
2026-08-16 13:11:46,baseline,hazelnut,evaluate,C:/cira_batch_test/hazelnut/good_14.png,good_14.png,normal,False,0.09523159265518188,0.09523159265518188,0.13282811641693115,0.13282811641693115,0.11048602908849717,False,False,16000,False,,False,0.0,cpu,patch_nearest_normal,last2,14,0.05,False,,,0.0,0.00018771860486589,False,False,False,False
2026-08-16 13:11:48,baseline,leather,evaluate,C:/cira_batch_test/leather/good_1.png,good_1.png,anomaly,True,0.035275984555482864,0.035275984555482864,0.025657277554273605,0.025657277554273605,0.030724090337753297,False,False,16000,False,,False,0.0,cpu,patch_nearest_normal,last2,14,0.05,False,,,0.0,0.000215753776865275,False,False,False,False
2026-08-16 13:11:49,baseline,leather,evaluate,C:/cira_batch_test/leather/bad_16.png,bad_16.png,anomaly,True,0.041029274463653564,0.041029274463653564,0.025657277554273605,0.025657277554273605,0.030724090337753297,False,False,16000,False,,False,0.0,cpu,patch_nearest_normal,last2,14,0.05,False,,,0.0,0.000215753776865275,False,False,False,False
2026-08-16 13:11:51,baseline,leather,evaluate,C:/cira_batch_test/leather/bad_20.png,bad_20.png,anomaly,True,0.10156619548797607,0.10156619548797607,0.025657277554273605,0.025657277554273605,0.030724090337753297,False,False,16000,False,,False,0.0,cpu,patch_nearest_normal,last2,14,0.05,False,,,0.0,0.000215753776865275,False,False,False,False
2026-08-16 13:11:52,baseline,leather,evaluate,C:/cira_batch_test/leather/bad_12.png,bad_12.png,anomaly,True,0.37309738993644714,0.37309738993644714,0.025657277554273605,0.025657277554273605,0.030724090337753297,False,False,16000,False,,False,0.0,cpu,patch_nearest_normal,last2,14,0.05,False,,,0.0,0.000215753776865275,False,False,False,False
2026-08-16 13:11:53,baseline,leather,evaluate,C:/cira_batch_test/leather/good_17.png,good_17.png,anomaly,True,0.03057551383972168,0.03057551383972168,0.025657277554273605,0.025657277554273605,0.030724090337753297,False,False,16000,False,,False,0.0,cpu,patch_nearest_normal,last2,14,0.05,False,,,0.0,0.000215753776865275,False,False,False,False
2026-08-16 13:11:55,baseline,leather,evaluate,C:/cira_batch_test/leather/bad_9.png,bad_9.png,anomaly,True,0.03599574416875839,0.03599574416875839,0.025657277554273605,0.025657277554273605,0.030724090337753297,False,False,16000,False,,False,0.0,cpu,patch_nearest_normal,last2,14,0.05,False,,,0.0,0.000215753776865275,False,False,False,False
2026-08-16 13:11:56,baseline,leather,evaluate,C:/cira_batch_test/leather/bad_18.png,bad_18.png,anomaly,True,0.03640037775039673,0.03640037775039673,0.025657277554273605,0.025657277554273605,0.030724090337753297,False,False,16000,False,,False,0.0,cpu,patch_nearest_normal,last2,14,0.05,False,,,0.0,0.000215753776865275,False,False,False,False
2026-08-16 13:11:58,baseline,leather,evaluate,C:/cira_batch_test/leather/bad_13.png,bad_13.png,anomaly,True,0.0342017225921154,0.0342017225921154,0.025657277554273605,0.025657277554273605,0.030724090337753297,False,False,16000,False,,False,0.0,cpu,patch_nearest_normal,last2,14,0.05,False,,,0.0,0.000215753776865275,False,False,False,False
2026-08-16 13:11:59,baseline,leather,evaluate,C:/cira_batch_test/leather/bad_2.png,bad_2.png,anomaly,True,0.26926204562187195,0.26926204562187195,0.025657277554273605,0.025657277554273605,0.030724090337753297,False,False,16000,False,,False,0.0,cpu,patch_nearest_normal,last2,14,0.05,False,,,0.0,0.000215753776865275,False,False,False,False
2026-08-16 13:12:00,baseline,leather,evaluate,C:/cira_batch_test/leather/good_6.png,good_6.png,anomaly,True,0.03634696081280708,0.03634696081280708,0.025657277554273605,0.025657277554273605,0.030724090337753297,False,False,16000,False,,False,0.0,cpu,patch_nearest_normal,last2,14,0.05,False,,,0.0,0.000215753776865275,False,False,False,False
2026-08-16 13:12:02,baseline,leather,evaluate,C:/cira_batch_test/leather/good_10.png,good_10.png,anomaly,True,0.034913837909698486,0.034913837909698486,0.025657277554273605,0.025657277554273605,0.030724090337753297,False,False,16000,False,,False,0.0,cpu,patch_nearest_normal,last2,14,0.05,False,,,0.0,0.000215753776865275,False,False,False,False
2026-08-16 13:12:03,baseline,leather,evaluate,C:/cira_batch_test/leather/good_7.png,good_7.png,anomaly,True,0.036726582795381546,0.036726582795381546,0.025657277554273605,0.025657277554273605,0.030724090337753297,False,False,16000,False,,False,0.0,cpu,patch_nearest_normal,last2,14,0.05,False,,,0.0,0.000215753776865275,False,False,False,False
2026-08-16 13:12:05,baseline,leather,evaluate,C:/cira_batch_test/leather/bad_8.png,bad_8.png,anomaly,True,0.04029615595936775,0.04029615595936775,0.025657277554273605,0.025657277554273605,0.030724090337753297,False,False,16000,False,,False,0.0,cpu,patch_nearest_normal,last2,14,0.05,False,,,0.0,0.000215753776865275,False,False,False,False
2026-08-16 13:12:06,baseline,leather,evaluate,C:/cira_batch_test/leather/bad_10.png,bad_10.png,anomaly,True,0.0820942223072052,0.0820942223072052,0.025657277554273605,0.025657277554273605,0.030724090337753297,False,False,16000,False,,False,0.0,cpu,patch_nearest_normal,last2,14,0.05,False,,,0.0,0.000215753776865275,False,False,False,False
2026-08-16 13:12:07,baseline,leather,evaluate,C:/cira_batch_test/leather/good_4.png,good_4.png,anomaly,True,0.037792980670928955,0.037792980670928955,0.025657277554273605,0.025657277554273605,0.030724090337753297,False,False,16000,False,,False,0.0,cpu,patch_nearest_normal,last2,14,0.05,False,,,0.0,0.000215753776865275,False,False,False,False
2026-08-16 13:12:09,baseline,leather,evaluate,C:/cira_batch_test/leather/bad_5.png,bad_5.png,anomaly,True,0.04449773579835892,0.04449773579835892,0.025657277554273605,0.025657277554273605,0.030724090337753297,False,False,16000,False,,False,0.0,cpu,patch_nearest_normal,last2,14,0.05,False,,,0.0,0.000215753776865275,False,False,False,False
2026-08-16 13:12:10,baseline,leather,evaluate,C:/cira_batch_test/leather/good_20.png,good_20.png,anomaly,True,0.03877441957592964,0.03877441957592964,0.025657277554273605,0.025657277554273605,0.030724090337753297,False,False,16000,False,,False,0.0,cpu,patch_nearest_normal,last2,14,0.05,False,,,0.0,0.000215753776865275,False,False,False,False
2026-08-16 13:12:12,baseline,leather,evaluate,C:/cira_batch_test/leather/good_18.png,good_18.png,anomaly,True,0.03228149563074112,0.03228149563074112,0.025657277554273605,0.025657277554273605,0.030724090337753297,False,False,16000,False,,False,0.0,cpu,patch_nearest_normal,last2,14,0.05,False,,,0.0,0.000215753776865275,False,False,False,False
2026-08-16 13:12:13,baseline,leather,evaluate,C:/cira_batch_test/leather/good_11.png,good_11.png,anomaly,True,0.04056365415453911,0.04056365415453911,0.025657277554273605,0.025657277554273605,0.030724090337753297,False,False,16000,False,,False,0.0,cpu,patch_nearest_normal,last2,14,0.05,False,,,0.0,0.000215753776865275,False,False,False,False
2026-08-16 13:12:15,baseline,leather,evaluate,C:/cira_batch_test/leather/good_9.png,good_9.png,anomaly,True,0.035586826503276825,0.035586826503276825,0.025657277554273605,0.025657277554273605,0.030724090337753297,False,False,16000,False,,False,0.0,cpu,patch_nearest_normal,last2,14,0.05,False,,,0.0,0.000215753776865275,False,False,False,False
2026-08-16 13:12:16,baseline,leather,evaluate,C:/cira_batch_test/leather/good_16.png,good_16.png,anomaly,True,0.03431837633252144,0.03431837633252144,0.025657277554273605,0.025657277554273605,0.030724090337753297,False,False,16000,False,,False,0.0,cpu,patch_nearest_normal,last2,14,0.05,False,,,0.0,0.000215753776865275,False,False,False,False
2026-08-16 13:12:17,baseline,leather,evaluate,C:/cira_batch_test/leather/bad_7.png,bad_7.png,anomaly,True,0.18991155922412872,0.18991155922412872,0.025657277554273605,0.025657277554273605,0.030724090337753297,False,False,16000,False,,False,0.0,cpu,patch_nearest_normal,last2,14,0.05,False,,,0.0,0.000215753776865275,False,False,False,False
2026-08-16 13:12:19,baseline,leather,evaluate,C:/cira_batch_test/leather/good_13.png,good_13.png,anomaly,True,0.04109293967485428,0.04109293967485428,0.025657277554273605,0.025657277554273605,0.030724090337753297,False,False,16000,False,,False,0.0,cpu,patch_nearest_normal,last2,14,0.05,False,,,0.0,0.000215753776865275,False,False,False,False
2026-08-16 13:12:20,baseline,leather,evaluate,C:/cira_batch_test/leather/good_5.png,good_5.png,anomaly,True,0.03432568162679672,0.03432568162679672,0.025657277554273605,0.025657277554273605,0.030724090337753297,False,False,16000,False,,False,0.0,cpu,patch_nearest_normal,last2,14,0.05,False,,,0.0,0.000215753776865275,False,False,False,False
2026-08-16 13:12:21,baseline,leather,evaluate,C:/cira_batch_test/leather/good_2.png,good_2.png,anomaly,True,0.03596530482172966,0.03596530482172966,0.025657277554273605,0.025657277554273605,0.030724090337753297,False,False,16000,False,,False,0.0,cpu,patch_nearest_normal,last2,14,0.05,False,,,0.0,0.000215753776865275,False,False,False,False
2026-08-16 13:12:23,baseline,leather,evaluate,C:/cira_batch_test/leather/bad_6.png,bad_6.png,anomaly,True,0.03703952953219414,0.03703952953219414,0.025657277554273605,0.025657277554273605,0.030724090337753297,False,False,16000,False,,False,0.0,cpu,patch_nearest_normal,last2,14,0.05,False,,,0.0,0.000215753776865275,False,False,False,False
2026-08-16 13:12:24,baseline,leather,evaluate,C:/cira_batch_test/leather/bad_14.png,bad_14.png,anomaly,True,0.3577588200569153,0.3577588200569153,0.025657277554273605,0.025657277554273605,0.030724090337753297,False,False,16000,False,,False,0.0,cpu,patch_nearest_normal,last2,14,0.05,False,,,0.0,0.000215753776865275,False,False,False,False
2026-08-16 13:12:26,baseline,leather,evaluate,C:/cira_batch_test/leather/good_3.png,good_3.png,anomaly,True,0.03650093823671341,0.03650093823671341,0.025657277554273605,0.025657277554273605,0.030724090337753297,False,False,16000,False,,False,0.0,cpu,patch_nearest_normal,last2,14,0.05,False,,,0.0,0.000215753776865275,False,False,False,False
2026-08-16 13:12:27,baseline,leather,evaluate,C:/cira_batch_test/leather/bad_4.png,bad_4.png,anomaly,True,0.07355661690235138,0.07355661690235138,0.025657277554273605,0.025657277554273605,0.030724090337753297,False,False,16000,False,,False,0.0,cpu,patch_nearest_normal,last2,14,0.05,False,,,0.0,0.000215753776865275,False,False,False,False
2026-08-16 13:12:29,baseline,leather,evaluate,C:/cira_batch_test/leather/bad_15.png,bad_15.png,anomaly,True,0.13468047976493835,0.13468047976493835,0.025657277554273605,0.025657277554273605,0.030724090337753297,False,False,16000,False,,False,0.0,cpu,patch_nearest_normal,last2,14,0.05,False,,,0.0,0.000215753776865275,False,False,False,False
2026-08-16 13:12:30,baseline,leather,evaluate,C:/cira_batch_test/leather/good_8.png,good_8.png,anomaly,True,0.035374779254198074,0.035374779254198074,0.025657277554273605,0.025657277554273605,0.030724090337753297,False,False,16000,False,,False,0.0,cpu,patch_nearest_normal,last2,14,0.05,False,,,0.0,0.000215753776865275,False,False,False,False
2026-08-16 13:12:31,baseline,leather,evaluate,C:/cira_batch_test/leather/bad_3.png,bad_3.png,anomaly,True,0.375313937664032,0.375313937664032,0.025657277554273605,0.025657277554273605,0.030724090337753297,False,False,16000,False,,False,0.0,cpu,patch_nearest_normal,last2,14,0.05,False,,,0.0,0.000215753776865275,False,False,False,False
2026-08-16 13:12:33,baseline,leather,evaluate,C:/cira_batch_test/leather/bad_11.png,bad_11.png,anomaly,True,0.387601375579834,0.387601375579834,0.025657277554273605,0.025657277554273605,0.030724090337753297,False,False,16000,False,,False,0.0,cpu,patch_nearest_normal,last2,14,0.05,False,,,0.0,0.000215753776865275,False,False,False,False
2026-08-16 13:12:34,baseline,leather,evaluate,C:/cira_batch_test/leather/good_19.png,good_19.png,anomaly,True,0.03140809014439583,0.03140809014439583,0.025657277554273605,0.025657277554273605,0.030724090337753297,False,False,16000,False,,False,0.0,cpu,patch_nearest_normal,last2,14,0.05,False,,,0.0,0.000215753776865275,False,False,False,False
2026-08-16 13:12:35,baseline,leather,evaluate,C:/cira_batch_test/leather/good_12.png,good_12.png,anomaly,True,0.04197729751467705,0.04197729751467705,0.025657277554273605,0.025657277554273605,0.030724090337753297,False,False,16000,False,,False,0.0,cpu,patch_nearest_normal,last2,14,0.05,False,,,0.0,0.000215753776865275,False,False,False,False
2026-08-16 13:12:37,baseline,leather,evaluate,C:/cira_batch_test/leather/good_15.png,good_15.png,anomaly,True,0.027622688561677933,0.027622688561677933,0.025657277554273605,0.025657277554273605,0.030724090337753297,False,False,16000,False,,False,0.0,cpu,patch_nearest_normal,last2,14,0.05,False,,,0.0,0.000215753776865275,False,False,False,False
2026-08-16 13:12:38,baseline,leather,evaluate,C:/cira_batch_test/leather/bad_17.png,bad_17.png,anomaly,True,0.24229192733764648,0.24229192733764648,0.025657277554273605,0.025657277554273605,0.030724090337753297,False,False,16000,False,,False,0.0,cpu,patch_nearest_normal,last2,14,0.05,False,,,0.0,0.000215753776865275,False,False,False,False
2026-08-16 13:12:40,baseline,leather,evaluate,C:/cira_batch_test/leather/bad_19.png,bad_19.png,anomaly,True,0.03212640434503555,0.03212640434503555,0.025657277554273605,0.025657277554273605,0.030724090337753297,False,False,16000,False,,False,0.0,cpu,patch_nearest_normal,last2,14,0.05,False,,,0.0,0.000215753776865275,False,False,False,False
2026-08-16 13:12:41,baseline,leather,evaluate,C:/cira_batch_test/leather/bad_1.png,bad_1.png,anomaly,True,0.051475733518600464,0.051475733518600464,0.025657277554273605,0.025657277554273605,0.030724090337753297,False,False,16000,False,,False,0.0,cpu,patch_nearest_normal,last2,14,0.05,False,,,0.0,0.000215753776865275,False,False,False,False
2026-08-16 13:12:42,baseline,leather,evaluate,C:/cira_batch_test/leather/good_14.png,good_14.png,anomaly,True,0.04789183288812637,0.04789183288812637,0.025657277554273605,0.025657277554273605,0.030724090337753297,False,False,16000,False,,False,0.0,cpu,patch_nearest_normal,last2,14,0.05,False,,,0.0,0.000215753776865275,False,False,False,False
2026-08-16 13:12:44,baseline,metal_nut,evaluate,C:/cira_batch_test/metal_nut/good_1.png,good_1.png,normal,False,0.05869795009493828,0.05869795009493828,0.07996291667222977,0.07996291667222977,0.06968219578266144,False,False,16000,False,,False,0.0,cpu,patch_nearest_normal,last2,14,0.05,False,,,0.0,0.00010222778946618,False,False,False,False
2026-08-16 13:12:45,baseline,metal_nut,evaluate,C:/cira_batch_test/metal_nut/bad_16.png,bad_16.png,anomaly,True,0.18683616816997528,0.18683616816997528,0.07996291667222977,0.07996291667222977,0.06968219578266144,False,False,16000,False,,False,0.0,cpu,patch_nearest_normal,last2,14,0.05,False,,,0.0,0.00010222778946618,False,False,False,False
2026-08-16 13:12:46,baseline,metal_nut,evaluate,C:/cira_batch_test/metal_nut/bad_20.png,bad_20.png,anomaly,True,0.1626330316066742,0.1626330316066742,0.07996291667222977,0.07996291667222977,0.06968219578266144,False,False,16000,False,,False,0.0,cpu,patch_nearest_normal,last2,14,0.05,False,,,0.0,0.00010222778946618,False,False,False,False
2026-08-16 13:12:48,baseline,metal_nut,evaluate,C:/cira_batch_test/metal_nut/bad_12.png,bad_12.png,anomaly,True,0.11977102607488632,0.11977102607488632,0.07996291667222977,0.07996291667222977,0.06968219578266144,False,False,16000,False,,False,0.0,cpu,patch_nearest_normal,last2,14,0.05,False,,,0.0,0.00010222778946618,False,False,False,False
2026-08-16 13:12:49,baseline,metal_nut,evaluate,C:/cira_batch_test/metal_nut/good_17.png,good_17.png,anomaly,True,0.08906935155391693,0.08906935155391693,0.07996291667222977,0.07996291667222977,0.06968219578266144,False,False,16000,False,,False,0.0,cpu,patch_nearest_normal,last2,14,0.05,False,,,0.0,0.00010222778946618,False,False,False,False
2026-08-16 13:12:50,baseline,metal_nut,evaluate,C:/cira_batch_test/metal_nut/bad_9.png,bad_9.png,anomaly,True,0.15985605120658875,0.15985605120658875,0.07996291667222977,0.07996291667222977,0.06968219578266144,False,False,16000,False,,False,0.0,cpu,patch_nearest_normal,last2,14,0.05,False,,,0.0,0.00010222778946618,False,False,False,False
2026-08-16 13:12:51,baseline,metal_nut,evaluate,C:/cira_batch_test/metal_nut/bad_18.png,bad_18.png,anomaly,True,0.12510395050048828,0.12510395050048828,0.07996291667222977,0.07996291667222977,0.06968219578266144,False,False,16000,False,,False,0.0,cpu,patch_nearest_normal,last2,14,0.05,False,,,0.0,0.00010222778946618,False,False,False,False
2026-08-16 13:12:53,baseline,metal_nut,evaluate,C:/cira_batch_test/metal_nut/bad_13.png,bad_13.png,anomaly,True,0.18745455145835876,0.18745455145835876,0.07996291667222977,0.07996291667222977,0.06968219578266144,False,False,16000,False,,False,0.0,cpu,patch_nearest_normal,last2,14,0.05,False,,,0.0,0.00010222778946618,False,False,False,False
2026-08-16 13:12:54,baseline,metal_nut,evaluate,C:/cira_batch_test/metal_nut/bad_2.png,bad_2.png,normal,False,0.078916534781456,0.078916534781456,0.07996291667222977,0.07996291667222977,0.06968219578266144,False,False,16000,False,,False,0.0,cpu,patch_nearest_normal,last2,14,0.05,False,,,0.0,0.00010222778946618,False,False,False,False
2026-08-16 13:12:55,baseline,metal_nut,evaluate,C:/cira_batch_test/metal_nut/good_6.png,good_6.png,normal,False,0.06667275726795197,0.06667275726795197,0.07996291667222977,0.07996291667222977,0.06968219578266144,False,False,16000,False,,False,0.0,cpu,patch_nearest_normal,last2,14,0.05,False,,,0.0,0.00010222778946618,False,False,False,False
2026-08-16 13:12:57,baseline,metal_nut,evaluate,C:/cira_batch_test/metal_nut/good_10.png,good_10.png,normal,False,0.07405859231948853,0.07405859231948853,0.07996291667222977,0.07996291667222977,0.06968219578266144,False,False,16000,False,,False,0.0,cpu,patch_nearest_normal,last2,14,0.05,False,,,0.0,0.00010222778946618,False,False,False,False
2026-08-16 13:12:58,baseline,metal_nut,evaluate,C:/cira_batch_test/metal_nut/good_7.png,good_7.png,normal,False,0.06684857606887817,0.06684857606887817,0.07996291667222977,0.07996291667222977,0.06968219578266144,False,False,16000,False,,False,0.0,cpu,patch_nearest_normal,last2,14,0.05,False,,,0.0,0.00010222778946618,False,False,False,False
2026-08-16 13:12:59,baseline,metal_nut,evaluate,C:/cira_batch_test/metal_nut/bad_8.png,bad_8.png,anomaly,True,0.16784417629241943,0.16784417629241943,0.07996291667222977,0.07996291667222977,0.06968219578266144,False,False,16000,False,,False,0.0,cpu,patch_nearest_normal,last2,14,0.05,False,,,0.0,0.00010222778946618,False,False,False,False
2026-08-16 13:13:01,baseline,metal_nut,evaluate,C:/cira_batch_test/metal_nut/bad_10.png,bad_10.png,anomaly,True,0.11286713927984238,0.11286713927984238,0.07996291667222977,0.07996291667222977,0.06968219578266144,False,False,16000,False,,False,0.0,cpu,patch_nearest_normal,last2,14,0.05,False,,,0.0,0.00010222778946618,False,False,False,False
2026-08-16 13:13:02,baseline,metal_nut,evaluate,C:/cira_batch_test/metal_nut/good_4.png,good_4.png,normal,False,0.061213236302137375,0.061213236302137375,0.07996291667222977,0.07996291667222977,0.06968219578266144,False,False,16000,False,,False,0.0,cpu,patch_nearest_normal,last2,14,0.05,False,,,0.0,0.00010222778946618,False,False,False,False
2026-08-16 13:13:03,baseline,metal_nut,evaluate,C:/cira_batch_test/metal_nut/bad_5.png,bad_5.png,anomaly,True,0.1522161066532135,0.1522161066532135,0.07996291667222977,0.07996291667222977,0.06968219578266144,False,False,16000,False,,False,0.0,cpu,patch_nearest_normal,last2,14,0.05,False,,,0.0,0.00010222778946618,False,False,False,False
2026-08-16 13:13:04,baseline,metal_nut,evaluate,C:/cira_batch_test/metal_nut/good_20.png,good_20.png,normal,False,0.059084415435791016,0.059084415435791016,0.07996291667222977,0.07996291667222977,0.06968219578266144,False,False,16000,False,,False,0.0,cpu,patch_nearest_normal,last2,14,0.05,False,,,0.0,0.00010222778946618,False,False,False,False
2026-08-16 13:13:06,baseline,metal_nut,evaluate,C:/cira_batch_test/metal_nut/good_18.png,good_18.png,normal,False,0.061139583587646484,0.061139583587646484,0.07996291667222977,0.07996291667222977,0.06968219578266144,False,False,16000,False,,False,0.0,cpu,patch_nearest_normal,last2,14,0.05,False,,,0.0,0.00010222778946618,False,False,False,False
2026-08-16 13:13:07,baseline,metal_nut,evaluate,C:/cira_batch_test/metal_nut/good_11.png,good_11.png,normal,False,0.07571141421794891,0.07571141421794891,0.07996291667222977,0.07996291667222977,0.06968219578266144,False,False,16000,False,,False,0.0,cpu,patch_nearest_normal,last2,14,0.05,False,,,0.0,0.00010222778946618,False,False,False,False
2026-08-16 13:13:08,baseline,metal_nut,evaluate,C:/cira_batch_test/metal_nut/good_9.png,good_9.png,anomaly,True,0.08020658791065216,0.08020658791065216,0.07996291667222977,0.07996291667222977,0.06968219578266144,False,False,16000,False,,False,0.0,cpu,patch_nearest_normal,last2,14,0.05,False,,,0.0,0.00010222778946618,False,False,False,False
2026-08-16 13:13:09,baseline,metal_nut,evaluate,C:/cira_batch_test/metal_nut/good_16.png,good_16.png,normal,False,0.06986961513757706,0.06986961513757706,0.07996291667222977,0.07996291667222977,0.06968219578266144,False,False,16000,False,,False,0.0,cpu,patch_nearest_normal,last2,14,0.05,False,,,0.0,0.00010222778946618,False,False,False,False
2026-08-16 13:13:11,baseline,metal_nut,evaluate,C:/cira_batch_test/metal_nut/bad_7.png,bad_7.png,anomaly,True,0.1473463475704193,0.1473463475704193,0.07996291667222977,0.07996291667222977,0.06968219578266144,False,False,16000,False,,False,0.0,cpu,patch_nearest_normal,last2,14,0.05,False,,,0.0,0.00010222778946618,False,False,False,False
2026-08-16 13:13:12,baseline,metal_nut,evaluate,C:/cira_batch_test/metal_nut/good_13.png,good_13.png,normal,False,0.06875544786453247,0.06875544786453247,0.07996291667222977,0.07996291667222977,0.06968219578266144,False,False,16000,False,,False,0.0,cpu,patch_nearest_normal,last2,14,0.05,False,,,0.0,0.00010222778946618,False,False,False,False
2026-08-16 13:13:13,baseline,metal_nut,evaluate,C:/cira_batch_test/metal_nut/good_5.png,good_5.png,normal,False,0.06078484654426575,0.06078484654426575,0.07996291667222977,0.07996291667222977,0.06968219578266144,False,False,16000,False,,False,0.0,cpu,patch_nearest_normal,last2,14,0.05,False,,,0.0,0.00010222778946618,False,False,False,False
2026-08-16 13:13:15,baseline,metal_nut,evaluate,C:/cira_batch_test/metal_nut/good_2.png,good_2.png,normal,False,0.061334919184446335,0.061334919184446335,0.07996291667222977,0.07996291667222977,0.06968219578266144,False,False,16000,False,,False,0.0,cpu,patch_nearest_normal,last2,14,0.05,False,,,0.0,0.00010222778946618,False,False,False,False
2026-08-16 13:13:16,baseline,metal_nut,evaluate,C:/cira_batch_test/metal_nut/bad_6.png,bad_6.png,anomaly,True,0.15751172602176666,0.15751172602176666,0.07996291667222977,0.07996291667222977,0.06968219578266144,False,False,16000,False,,False,0.0,cpu,patch_nearest_normal,last2,14,0.05,False,,,0.0,0.00010222778946618,False,False,False,False
2026-08-16 13:13:17,baseline,metal_nut,evaluate,C:/cira_batch_test/metal_nut/bad_14.png,bad_14.png,anomaly,True,0.1635027825832367,0.1635027825832367,0.07996291667222977,0.07996291667222977,0.06968219578266144,False,False,16000,False,,False,0.0,cpu,patch_nearest_normal,last2,14,0.05,False,,,0.0,0.00010222778946618,False,False,False,False
2026-08-16 13:13:18,baseline,metal_nut,evaluate,C:/cira_batch_test/metal_nut/good_3.png,good_3.png,normal,False,0.06599457561969757,0.06599457561969757,0.07996291667222977,0.07996291667222977,0.06968219578266144,False,False,16000,False,,False,0.0,cpu,patch_nearest_normal,last2,14,0.05,False,,,0.0,0.00010222778946618,False,False,False,False
2026-08-16 13:13:20,baseline,metal_nut,evaluate,C:/cira_batch_test/metal_nut/bad_4.png,bad_4.png,anomaly,True,0.20023484528064728,0.20023484528064728,0.07996291667222977,0.07996291667222977,0.06968219578266144,False,False,16000,False,,False,0.0,cpu,patch_nearest_normal,last2,14,0.05,False,,,0.0,0.00010222778946618,False,False,False,False
2026-08-16 13:13:21,baseline,metal_nut,evaluate,C:/cira_batch_test/metal_nut/bad_15.png,bad_15.png,anomaly,True,0.16574899852275848,0.16574899852275848,0.07996291667222977,0.07996291667222977,0.06968219578266144,False,False,16000,False,,False,0.0,cpu,patch_nearest_normal,last2,14,0.05,False,,,0.0,0.00010222778946618,False,False,False,False
2026-08-16 13:13:22,baseline,metal_nut,evaluate,C:/cira_batch_test/metal_nut/good_8.png,good_8.png,normal,False,0.076658234000206,0.076658234000206,0.07996291667222977,0.07996291667222977,0.06968219578266144,False,False,16000,False,,False,0.0,cpu,patch_nearest_normal,last2,14,0.05,False,,,0.0,0.00010222778946618,False,False,False,False
2026-08-16 13:13:24,baseline,metal_nut,evaluate,C:/cira_batch_test/metal_nut/bad_3.png,bad_3.png,anomaly,True,0.14994709193706512,0.14994709193706512,0.07996291667222977,0.07996291667222977,0.06968219578266144,False,False,16000,False,,False,0.0,cpu,patch_nearest_normal,last2,14,0.05,False,,,0.0,0.00010222778946618,False,False,False,False
2026-08-16 13:13:25,baseline,metal_nut,evaluate,C:/cira_batch_test/metal_nut/bad_11.png,bad_11.png,anomaly,True,0.16214802861213684,0.16214802861213684,0.07996291667222977,0.07996291667222977,0.06968219578266144,False,False,16000,False,,False,0.0,cpu,patch_nearest_normal,last2,14,0.05,False,,,0.0,0.00010222778946618,False,False,False,False
2026-08-16 13:13:26,baseline,metal_nut,evaluate,C:/cira_batch_test/metal_nut/good_19.png,good_19.png,normal,False,0.05218540504574776,0.05218540504574776,0.07996291667222977,0.07996291667222977,0.06968219578266144,False,False,16000,False,,False,0.0,cpu,patch_nearest_normal,last2,14,0.05,False,,,0.0,0.00010222778946618,False,False,False,False
2026-08-16 13:13:27,baseline,metal_nut,evaluate,C:/cira_batch_test/metal_nut/good_12.png,good_12.png,normal,False,0.07000996172428131,0.07000996172428131,0.07996291667222977,0.07996291667222977,0.06968219578266144,False,False,16000,False,,False,0.0,cpu,patch_nearest_normal,last2,14,0.05,False,,,0.0,0.00010222778946618,False,False,False,False
2026-08-16 13:13:29,baseline,metal_nut,evaluate,C:/cira_batch_test/metal_nut/good_15.png,good_15.png,normal,False,0.05964915081858635,0.05964915081858635,0.07996291667222977,0.07996291667222977,0.06968219578266144,False,False,16000,False,,False,0.0,cpu,patch_nearest_normal,last2,14,0.05,False,,,0.0,0.00010222778946618,False,False,False,False
2026-08-16 13:13:30,baseline,metal_nut,evaluate,C:/cira_batch_test/metal_nut/bad_17.png,bad_17.png,anomaly,True,0.15556561946868896,0.15556561946868896,0.07996291667222977,0.07996291667222977,0.06968219578266144,False,False,16000,False,,False,0.0,cpu,patch_nearest_normal,last2,14,0.05,False,,,0.0,0.00010222778946618,False,False,False,False
2026-08-16 13:13:31,baseline,metal_nut,evaluate,C:/cira_batch_test/metal_nut/bad_19.png,bad_19.png,anomaly,True,0.15874633193016052,0.15874633193016052,0.07996291667222977,0.07996291667222977,0.06968219578266144,False,False,16000,False,,False,0.0,cpu,patch_nearest_normal,last2,14,0.05,False,,,0.0,0.00010222778946618,False,False,False,False
2026-08-16 13:13:33,baseline,metal_nut,evaluate,C:/cira_batch_test/metal_nut/bad_1.png,bad_1.png,anomaly,True,0.120308056473732,0.120308056473732,0.07996291667222977,0.07996291667222977,0.06968219578266144,False,False,16000,False,,False,0.0,cpu,patch_nearest_normal,last2,14,0.05,False,,,0.0,0.00010222778946618,False,False,False,False
2026-08-16 13:13:34,baseline,metal_nut,evaluate,C:/cira_batch_test/metal_nut/good_14.png,good_14.png,normal,False,0.0709434300661087,0.0709434300661087,0.07996291667222977,0.07996291667222977,0.06968219578266144,False,False,16000,False,,False,0.0,cpu,patch_nearest_normal,last2,14,0.05,False,,,0.0,0.00010222778946618,False,False,False,False
2026-08-16 13:13:35,baseline,pill,evaluate,C:/cira_batch_test/pill/good_1.png,good_1.png,normal,False,0.04695393890142441,0.04695393890142441,0.06228291243314743,0.06228291243314743,0.05084799118340016,False,False,16000,False,,False,0.0,cpu,patch_nearest_normal,last2,14,0.05,False,,,0.0,0.00015804108188598499,False,False,False,False
2026-08-16 13:13:36,baseline,pill,evaluate,C:/cira_batch_test/pill/bad_16.png,bad_16.png,anomaly,True,0.0749705582857132,0.0749705582857132,0.06228291243314743,0.06228291243314743,0.05084799118340016,False,False,16000,False,,False,0.0,cpu,patch_nearest_normal,last2,14,0.05,False,,,0.0,0.00015804108188598499,False,False,False,False
2026-08-16 13:13:38,baseline,pill,evaluate,C:/cira_batch_test/pill/bad_20.png,bad_20.png,anomaly,True,0.06352678686380386,0.06352678686380386,0.06228291243314743,0.06228291243314743,0.05084799118340016,False,False,16000,False,,False,0.0,cpu,patch_nearest_normal,last2,14,0.05,False,,,0.0,0.00015804108188598499,False,False,False,False
2026-08-16 13:13:39,baseline,pill,evaluate,C:/cira_batch_test/pill/bad_12.png,bad_12.png,anomaly,True,0.1240813136100769,0.1240813136100769,0.06228291243314743,0.06228291243314743,0.05084799118340016,False,False,16000,False,,False,0.0,cpu,patch_nearest_normal,last2,14,0.05,False,,,0.0,0.00015804108188598499,False,False,False,False
2026-08-16 13:13:41,baseline,pill,evaluate,C:/cira_batch_test/pill/good_17.png,good_17.png,normal,False,0.05526961758732796,0.05526961758732796,0.06228291243314743,0.06228291243314743,0.05084799118340016,False,False,16000,False,,False,0.0,cpu,patch_nearest_normal,last2,14,0.05,False,,,0.0,0.00015804108188598499,False,False,False,False
2026-08-16 13:13:42,baseline,pill,evaluate,C:/cira_batch_test/pill/bad_9.png,bad_9.png,normal,False,0.06180185824632645,0.06180185824632645,0.06228291243314743,0.06228291243314743,0.05084799118340016,False,False,16000,False,,False,0.0,cpu,patch_nearest_normal,last2,14,0.05,False,,,0.0,0.00015804108188598499,False,False,False,False
2026-08-16 13:13:43,baseline,pill,evaluate,C:/cira_batch_test/pill/bad_18.png,bad_18.png,normal,False,0.05530353635549545,0.05530353635549545,0.06228291243314743,0.06228291243314743,0.05084799118340016,False,False,16000,False,,False,0.0,cpu,patch_nearest_normal,last2,14,0.05,False,,,0.0,0.00015804108188598499,False,False,False,False
2026-08-16 13:13:45,baseline,pill,evaluate,C:/cira_batch_test/pill/bad_13.png,bad_13.png,normal,False,0.058266330510377884,0.058266330510377884,0.06228291243314743,0.06228291243314743,0.05084799118340016,False,False,16000,False,,False,0.0,cpu,patch_nearest_normal,last2,14,0.05,False,,,0.0,0.00015804108188598499,False,False,False,False
2026-08-16 13:13:46,baseline,pill,evaluate,C:/cira_batch_test/pill/bad_2.png,bad_2.png,anomaly,True,0.07594049721956253,0.07594049721956253,0.06228291243314743,0.06228291243314743,0.05084799118340016,False,False,16000,False,,False,0.0,cpu,patch_nearest_normal,last2,14,0.05,False,,,0.0,0.00015804108188598499,False,False,False,False
2026-08-16 13:13:47,baseline,pill,evaluate,C:/cira_batch_test/pill/good_6.png,good_6.png,normal,False,0.045358747243881226,0.045358747243881226,0.06228291243314743,0.06228291243314743,0.05084799118340016,False,False,16000,False,,False,0.0,cpu,patch_nearest_normal,last2,14,0.05,False,,,0.0,0.00015804108188598499,False,False,False,False
2026-08-16 13:13:48,baseline,pill,evaluate,C:/cira_batch_test/pill/good_10.png,good_10.png,normal,False,0.045000214129686356,0.045000214129686356,0.06228291243314743,0.06228291243314743,0.05084799118340016,False,False,16000,False,,False,0.0,cpu,patch_nearest_normal,last2,14,0.05,False,,,0.0,0.00015804108188598499,False,False,False,False
2026-08-16 13:13:50,baseline,pill,evaluate,C:/cira_batch_test/pill/good_7.png,good_7.png,normal,False,0.04541800171136856,0.04541800171136856,0.06228291243314743,0.06228291243314743,0.05084799118340016,False,False,16000,False,,False,0.0,cpu,patch_nearest_normal,last2,14,0.05,False,,,0.0,0.00015804108188598499,False,False,False,False
2026-08-16 13:13:51,baseline,pill,evaluate,C:/cira_batch_test/pill/bad_8.png,bad_8.png,anomaly,True,0.11677481979131699,0.11677481979131699,0.06228291243314743,0.06228291243314743,0.05084799118340016,False,False,16000,False,,False,0.0,cpu,patch_nearest_normal,last2,14,0.05,False,,,0.0,0.00015804108188598499,False,False,False,False
2026-08-16 13:13:52,baseline,pill,evaluate,C:/cira_batch_test/pill/bad_10.png,bad_10.png,normal,False,0.046015601605176926,0.046015601605176926,0.06228291243314743,0.06228291243314743,0.05084799118340016,False,False,16000,False,,False,0.0,cpu,patch_nearest_normal,last2,14,0.05,False,,,0.0,0.00015804108188598499,False,False,False,False
2026-08-16 13:13:54,baseline,pill,evaluate,C:/cira_batch_test/pill/good_4.png,good_4.png,normal,False,0.04751674458384514,0.04751674458384514,0.06228291243314743,0.06228291243314743,0.05084799118340016,False,False,16000,False,,False,0.0,cpu,patch_nearest_normal,last2,14,0.05,False,,,0.0,0.00015804108188598499,False,False,False,False
2026-08-16 13:13:55,baseline,pill,evaluate,C:/cira_batch_test/pill/bad_5.png,bad_5.png,anomaly,True,0.1880561262369156,0.1880561262369156,0.06228291243314743,0.06228291243314743,0.05084799118340016,False,False,16000,False,,False,0.0,cpu,patch_nearest_normal,last2,14,0.05,False,,,0.0,0.00015804108188598499,False,False,False,False
2026-08-16 13:13:56,baseline,pill,evaluate,C:/cira_batch_test/pill/good_20.png,good_20.png,normal,False,0.053549669682979584,0.053549669682979584,0.06228291243314743,0.06228291243314743,0.05084799118340016,False,False,16000,False,,False,0.0,cpu,patch_nearest_normal,last2,14,0.05,False,,,0.0,0.00015804108188598499,False,False,False,False
2026-08-16 13:13:58,baseline,pill,evaluate,C:/cira_batch_test/pill/good_18.png,good_18.png,normal,False,0.048415761440992355,0.048415761440992355,0.06228291243314743,0.06228291243314743,0.05084799118340016,False,False,16000,False,,False,0.0,cpu,patch_nearest_normal,last2,14,0.05,False,,,0.0,0.00015804108188598499,False,False,False,False
2026-08-16 13:13:59,baseline,pill,evaluate,C:/cira_batch_test/pill/good_11.png,good_11.png,normal,False,0.050695598125457764,0.050695598125457764,0.06228291243314743,0.06228291243314743,0.05084799118340016,False,False,16000,False,,False,0.0,cpu,patch_nearest_normal,last2,14,0.05,False,,,0.0,0.00015804108188598499,False,False,False,False
2026-08-16 13:14:00,baseline,pill,evaluate,C:/cira_batch_test/pill/good_9.png,good_9.png,normal,False,0.0481899157166481,0.0481899157166481,0.06228291243314743,0.06228291243314743,0.05084799118340016,False,False,16000,False,,False,0.0,cpu,patch_nearest_normal,last2,14,0.05,False,,,0.0,0.00015804108188598499,False,False,False,False
2026-08-16 13:14:02,baseline,pill,evaluate,C:/cira_batch_test/pill/good_16.png,good_16.png,normal,False,0.05541868880391121,0.05541868880391121,0.06228291243314743,0.06228291243314743,0.05084799118340016,False,False,16000,False,,False,0.0,cpu,patch_nearest_normal,last2,14,0.05,False,,,0.0,0.00015804108188598499,False,False,False,False
2026-08-16 13:14:03,baseline,pill,evaluate,C:/cira_batch_test/pill/bad_7.png,bad_7.png,anomaly,True,0.07926522940397263,0.07926522940397263,0.06228291243314743,0.06228291243314743,0.05084799118340016,False,False,16000,False,,False,0.0,cpu,patch_nearest_normal,last2,14,0.05,False,,,0.0,0.00015804108188598499,False,False,False,False
2026-08-16 13:14:04,baseline,pill,evaluate,C:/cira_batch_test/pill/good_13.png,good_13.png,anomaly,True,0.06495939195156097,0.06495939195156097,0.06228291243314743,0.06228291243314743,0.05084799118340016,False,False,16000,False,,False,0.0,cpu,patch_nearest_normal,last2,14,0.05,False,,,0.0,0.00015804108188598499,False,False,False,False
2026-08-16 13:14:06,baseline,pill,evaluate,C:/cira_batch_test/pill/good_5.png,good_5.png,normal,False,0.03889787942171097,0.03889787942171097,0.06228291243314743,0.06228291243314743,0.05084799118340016,False,False,16000,False,,False,0.0,cpu,patch_nearest_normal,last2,14,0.05,False,,,0.0,0.00015804108188598499,False,False,False,False
2026-08-16 13:14:07,baseline,pill,evaluate,C:/cira_batch_test/pill/good_2.png,good_2.png,normal,False,0.044582974165678024,0.044582974165678024,0.06228291243314743,0.06228291243314743,0.05084799118340016,False,False,16000,False,,False,0.0,cpu,patch_nearest_normal,last2,14,0.05,False,,,0.0,0.00015804108188598499,False,False,False,False
2026-08-16 13:14:08,baseline,pill,evaluate,C:/cira_batch_test/pill/bad_6.png,bad_6.png,anomaly,True,0.07852540910243988,0.07852540910243988,0.06228291243314743,0.06228291243314743,0.05084799118340016,False,False,16000,False,,False,0.0,cpu,patch_nearest_normal,last2,14,0.05,False,,,0.0,0.00015804108188598499,False,False,False,False
2026-08-16 13:14:10,baseline,pill,evaluate,C:/cira_batch_test/pill/bad_14.png,bad_14.png,anomaly,True,0.07052832096815109,0.07052832096815109,0.06228291243314743,0.06228291243314743,0.05084799118340016,False,False,16000,False,,False,0.0,cpu,patch_nearest_normal,last2,14,0.05,False,,,0.0,0.00015804108188598499,False,False,False,False
2026-08-16 13:14:11,baseline,pill,evaluate,C:/cira_batch_test/pill/good_3.png,good_3.png,normal,False,0.042784057557582855,0.042784057557582855,0.06228291243314743,0.06228291243314743,0.05084799118340016,False,False,16000,False,,False,0.0,cpu,patch_nearest_normal,last2,14,0.05,False,,,0.0,0.00015804108188598499,False,False,False,False
2026-08-16 13:14:12,baseline,pill,evaluate,C:/cira_batch_test/pill/bad_4.png,bad_4.png,anomaly,True,0.06936968863010406,0.06936968863010406,0.06228291243314743,0.06228291243314743,0.05084799118340016,False,False,16000,False,,False,0.0,cpu,patch_nearest_normal,last2,14,0.05,False,,,0.0,0.00015804108188598499,False,False,False,False
2026-08-16 13:14:13,baseline,pill,evaluate,C:/cira_batch_test/pill/bad_15.png,bad_15.png,anomaly,True,0.07387086749076843,0.07387086749076843,0.06228291243314743,0.06228291243314743,0.05084799118340016,False,False,16000,False,,False,0.0,cpu,patch_nearest_normal,last2,14,0.05,False,,,0.0,0.00015804108188598499,False,False,False,False
2026-08-16 13:14:15,baseline,pill,evaluate,C:/cira_batch_test/pill/good_8.png,good_8.png,normal,False,0.058110348880290985,0.058110348880290985,0.06228291243314743,0.06228291243314743,0.05084799118340016,False,False,16000,False,,False,0.0,cpu,patch_nearest_normal,last2,14,0.05,False,,,0.0,0.00015804108188598499,False,False,False,False
2026-08-16 13:14:16,baseline,pill,evaluate,C:/cira_batch_test/pill/bad_3.png,bad_3.png,anomaly,True,0.06840449571609497,0.06840449571609497,0.06228291243314743,0.06228291243314743,0.05084799118340016,False,False,16000,False,,False,0.0,cpu,patch_nearest_normal,last2,14,0.05,False,,,0.0,0.00015804108188598499,False,False,False,False
2026-08-16 13:14:17,baseline,pill,evaluate,C:/cira_batch_test/pill/bad_11.png,bad_11.png,anomaly,True,0.0964575856924057,0.0964575856924057,0.06228291243314743,0.06228291243314743,0.05084799118340016,False,False,16000,False,,False,0.0,cpu,patch_nearest_normal,last2,14,0.05,False,,,0.0,0.00015804108188598499,False,False,False,False
2026-08-16 13:14:19,baseline,pill,evaluate,C:/cira_batch_test/pill/good_19.png,good_19.png,normal,False,0.058087486773729324,0.058087486773729324,0.06228291243314743,0.06228291243314743,0.05084799118340016,False,False,16000,False,,False,0.0,cpu,patch_nearest_normal,last2,14,0.05,False,,,0.0,0.00015804108188598499,False,False,False,False
2026-08-16 13:14:20,baseline,pill,evaluate,C:/cira_batch_test/pill/good_12.png,good_12.png,normal,False,0.05591312050819397,0.05591312050819397,0.06228291243314743,0.06228291243314743,0.05084799118340016,False,False,16000,False,,False,0.0,cpu,patch_nearest_normal,last2,14,0.05,False,,,0.0,0.00015804108188598499,False,False,False,False
2026-08-16 13:14:21,baseline,pill,evaluate,C:/cira_batch_test/pill/good_15.png,good_15.png,normal,False,0.05013730376958847,0.05013730376958847,0.06228291243314743,0.06228291243314743,0.05084799118340016,False,False,16000,False,,False,0.0,cpu,patch_nearest_normal,last2,14,0.05,False,,,0.0,0.00015804108188598499,False,False,False,False
2026-08-16 13:14:23,baseline,pill,evaluate,C:/cira_batch_test/pill/bad_17.png,bad_17.png,anomaly,True,0.07885874807834625,0.07885874807834625,0.06228291243314743,0.06228291243314743,0.05084799118340016,False,False,16000,False,,False,0.0,cpu,patch_nearest_normal,last2,14,0.05,False,,,0.0,0.00015804108188598499,False,False,False,False
2026-08-16 13:14:24,baseline,pill,evaluate,C:/cira_batch_test/pill/bad_19.png,bad_19.png,anomaly,True,0.06617725640535355,0.06617725640535355,0.06228291243314743,0.06228291243314743,0.05084799118340016,False,False,16000,False,,False,0.0,cpu,patch_nearest_normal,last2,14,0.05,False,,,0.0,0.00015804108188598499,False,False,False,False
2026-08-16 13:14:25,baseline,pill,evaluate,C:/cira_batch_test/pill/bad_1.png,bad_1.png,anomaly,True,0.08221174031496048,0.08221174031496048,0.06228291243314743,0.06228291243314743,0.05084799118340016,False,False,16000,False,,False,0.0,cpu,patch_nearest_normal,last2,14,0.05,False,,,0.0,0.00015804108188598499,False,False,False,False
2026-08-16 13:14:26,baseline,pill,evaluate,C:/cira_batch_test/pill/good_14.png,good_14.png,normal,False,0.04824147745966911,0.04824147745966911,0.06228291243314743,0.06228291243314743,0.05084799118340016,False,False,16000,False,,False,0.0,cpu,patch_nearest_normal,last2,14,0.05,False,,,0.0,0.00015804108188598499,False,False,False,False
2026-08-16 13:14:28,baseline,screw,evaluate,C:/cira_batch_test/screw/good_1.png,good_1.png,normal,False,0.05231552571058273,0.05231552571058273,0.0808892473578453,0.0808892473578453,0.05946885421872139,False,False,16000,False,,False,0.0,cpu,patch_nearest_normal,last2,14,0.05,False,,,0.0,0.00012727336943498,False,False,False,False
2026-08-16 13:14:29,baseline,screw,evaluate,C:/cira_batch_test/screw/bad_16.png,bad_16.png,normal,False,0.06388070434331894,0.06388070434331894,0.0808892473578453,0.0808892473578453,0.05946885421872139,False,False,16000,False,,False,0.0,cpu,patch_nearest_normal,last2,14,0.05,False,,,0.0,0.00012727336943498,False,False,False,False
2026-08-16 13:14:31,baseline,screw,evaluate,C:/cira_batch_test/screw/bad_20.png,bad_20.png,normal,False,0.06558404117822647,0.06558404117822647,0.0808892473578453,0.0808892473578453,0.05946885421872139,False,False,16000,False,,False,0.0,cpu,patch_nearest_normal,last2,14,0.05,False,,,0.0,0.00012727336943498,False,False,False,False
2026-08-16 13:14:32,baseline,screw,evaluate,C:/cira_batch_test/screw/bad_12.png,bad_12.png,normal,False,0.0718311071395874,0.0718311071395874,0.0808892473578453,0.0808892473578453,0.05946885421872139,False,False,16000,False,,False,0.0,cpu,patch_nearest_normal,last2,14,0.05,False,,,0.0,0.00012727336943498,False,False,False,False
2026-08-16 13:14:33,baseline,screw,evaluate,C:/cira_batch_test/screw/good_17.png,good_17.png,normal,False,0.05659465119242668,0.05659465119242668,0.0808892473578453,0.0808892473578453,0.05946885421872139,False,False,16000,False,,False,0.0,cpu,patch_nearest_normal,last2,14,0.05,False,,,0.0,0.00012727336943498,False,False,False,False
2026-08-16 13:14:35,baseline,screw,evaluate,C:/cira_batch_test/screw/bad_9.png,bad_9.png,normal,False,0.06404207646846771,0.06404207646846771,0.0808892473578453,0.0808892473578453,0.05946885421872139,False,False,16000,False,,False,0.0,cpu,patch_nearest_normal,last2,14,0.05,False,,,0.0,0.00012727336943498,False,False,False,False
2026-08-16 13:14:36,baseline,screw,evaluate,C:/cira_batch_test/screw/bad_18.png,bad_18.png,normal,False,0.06169591099023819,0.06169591099023819,0.0808892473578453,0.0808892473578453,0.05946885421872139,False,False,16000,False,,False,0.0,cpu,patch_nearest_normal,last2,14,0.05,False,,,0.0,0.00012727336943498,False,False,False,False
2026-08-16 13:14:37,baseline,screw,evaluate,C:/cira_batch_test/screw/bad_13.png,bad_13.png,anomaly,True,0.08261307328939438,0.08261307328939438,0.0808892473578453,0.0808892473578453,0.05946885421872139,False,False,16000,False,,False,0.0,cpu,patch_nearest_normal,last2,14,0.05,False,,,0.0,0.00012727336943498,False,False,False,False
2026-08-16 13:14:39,baseline,screw,evaluate,C:/cira_batch_test/screw/bad_2.png,bad_2.png,normal,False,0.06379614770412445,0.06379614770412445,0.0808892473578453,0.0808892473578453,0.05946885421872139,False,False,16000,False,,False,0.0,cpu,patch_nearest_normal,last2,14,0.05,False,,,0.0,0.00012727336943498,False,False,False,False
2026-08-16 13:14:40,baseline,screw,evaluate,C:/cira_batch_test/screw/good_6.png,good_6.png,anomaly,True,0.0819774866104126,0.0819774866104126,0.0808892473578453,0.0808892473578453,0.05946885421872139,False,False,16000,False,,False,0.0,cpu,patch_nearest_normal,last2,14,0.05,False,,,0.0,0.00012727336943498,False,False,False,False
2026-08-16 13:14:42,baseline,screw,evaluate,C:/cira_batch_test/screw/good_10.png,good_10.png,normal,False,0.04554378241300583,0.04554378241300583,0.0808892473578453,0.0808892473578453,0.05946885421872139,False,False,16000,False,,False,0.0,cpu,patch_nearest_normal,last2,14,0.05,False,,,0.0,0.00012727336943498,False,False,False,False
2026-08-16 13:14:43,baseline,screw,evaluate,C:/cira_batch_test/screw/good_7.png,good_7.png,normal,False,0.043901074677705765,0.043901074677705765,0.0808892473578453,0.0808892473578453,0.05946885421872139,False,False,16000,False,,False,0.0,cpu,patch_nearest_normal,last2,14,0.05,False,,,0.0,0.00012727336943498,False,False,False,False
2026-08-16 13:14:44,baseline,screw,evaluate,C:/cira_batch_test/screw/bad_8.png,bad_8.png,normal,False,0.07123890519142151,0.07123890519142151,0.0808892473578453,0.0808892473578453,0.05946885421872139,False,False,16000,False,,False,0.0,cpu,patch_nearest_normal,last2,14,0.05,False,,,0.0,0.00012727336943498,False,False,False,False
2026-08-16 13:14:46,baseline,screw,evaluate,C:/cira_batch_test/screw/bad_10.png,bad_10.png,normal,False,0.06733480095863342,0.06733480095863342,0.0808892473578453,0.0808892473578453,0.05946885421872139,False,False,16000,False,,False,0.0,cpu,patch_nearest_normal,last2,14,0.05,False,,,0.0,0.00012727336943498,False,False,False,False
2026-08-16 13:14:47,baseline,screw,evaluate,C:/cira_batch_test/screw/good_4.png,good_4.png,normal,False,0.0627468153834343,0.0627468153834343,0.0808892473578453,0.0808892473578453,0.05946885421872139,False,False,16000,False,,False,0.0,cpu,patch_nearest_normal,last2,14,0.05,False,,,0.0,0.00012727336943498,False,False,False,False
2026-08-16 13:14:48,baseline,screw,evaluate,C:/cira_batch_test/screw/bad_5.png,bad_5.png,anomaly,True,0.1025581806898117,0.1025581806898117,0.0808892473578453,0.0808892473578453,0.05946885421872139,False,False,16000,False,,False,0.0,cpu,patch_nearest_normal,last2,14,0.05,False,,,0.0,0.00012727336943498,False,False,False,False
2026-08-16 13:14:50,baseline,screw,evaluate,C:/cira_batch_test/screw/good_20.png,good_20.png,normal,False,0.06860320270061493,0.06860320270061493,0.0808892473578453,0.0808892473578453,0.05946885421872139,False,False,16000,False,,False,0.0,cpu,patch_nearest_normal,last2,14,0.05,False,,,0.0,0.00012727336943498,False,False,False,False
2026-08-16 13:14:51,baseline,screw,evaluate,C:/cira_batch_test/screw/good_18.png,good_18.png,normal,False,0.062288202345371246,0.062288202345371246,0.0808892473578453,0.0808892473578453,0.05946885421872139,False,False,16000,False,,False,0.0,cpu,patch_nearest_normal,last2,14,0.05,False,,,0.0,0.00012727336943498,False,False,False,False
2026-08-16 13:14:52,baseline,screw,evaluate,C:/cira_batch_test/screw/good_11.png,good_11.png,normal,False,0.05035126209259033,0.05035126209259033,0.0808892473578453,0.0808892473578453,0.05946885421872139,False,False,16000,False,,False,0.0,cpu,patch_nearest_normal,last2,14,0.05,False,,,0.0,0.00012727336943498,False,False,False,False
2026-08-16 13:14:54,baseline,screw,evaluate,C:/cira_batch_test/screw/good_9.png,good_9.png,normal,False,0.04797794297337532,0.04797794297337532,0.0808892473578453,0.0808892473578453,0.05946885421872139,False,False,16000,False,,False,0.0,cpu,patch_nearest_normal,last2,14,0.05,False,,,0.0,0.00012727336943498,False,False,False,False
2026-08-16 13:14:55,baseline,screw,evaluate,C:/cira_batch_test/screw/good_16.png,good_16.png,normal,False,0.06156136468052864,0.06156136468052864,0.0808892473578453,0.0808892473578453,0.05946885421872139,False,False,16000,False,,False,0.0,cpu,patch_nearest_normal,last2,14,0.05,False,,,0.0,0.00012727336943498,False,False,False,False
2026-08-16 13:14:56,baseline,screw,evaluate,C:/cira_batch_test/screw/bad_7.png,bad_7.png,anomaly,True,0.08287642151117325,0.08287642151117325,0.0808892473578453,0.0808892473578453,0.05946885421872139,False,False,16000,False,,False,0.0,cpu,patch_nearest_normal,last2,14,0.05,False,,,0.0,0.00012727336943498,False,False,False,False
2026-08-16 13:14:58,baseline,screw,evaluate,C:/cira_batch_test/screw/good_13.png,good_13.png,normal,False,0.05815276503562927,0.05815276503562927,0.0808892473578453,0.0808892473578453,0.05946885421872139,False,False,16000,False,,False,0.0,cpu,patch_nearest_normal,last2,14,0.05,False,,,0.0,0.00012727336943498,False,False,False,False
2026-08-16 13:14:59,baseline,screw,evaluate,C:/cira_batch_test/screw/good_5.png,good_5.png,normal,False,0.04621760919690132,0.04621760919690132,0.0808892473578453,0.0808892473578453,0.05946885421872139,False,False,16000,False,,False,0.0,cpu,patch_nearest_normal,last2,14,0.05,False,,,0.0,0.00012727336943498,False,False,False,False
2026-08-16 13:15:00,baseline,screw,evaluate,C:/cira_batch_test/screw/good_2.png,good_2.png,normal,False,0.06493398547172546,0.06493398547172546,0.0808892473578453,0.0808892473578453,0.05946885421872139,False,False,16000,False,,False,0.0,cpu,patch_nearest_normal,last2,14,0.05,False,,,0.0,0.00012727336943498,False,False,False,False
2026-08-16 13:15:02,baseline,screw,evaluate,C:/cira_batch_test/screw/bad_6.png,bad_6.png,normal,False,0.06744615733623505,0.06744615733623505,0.0808892473578453,0.0808892473578453,0.05946885421872139,False,False,16000,False,,False,0.0,cpu,patch_nearest_normal,last2,14,0.05,False,,,0.0,0.00012727336943498,False,False,False,False
2026-08-16 13:15:03,baseline,screw,evaluate,C:/cira_batch_test/screw/bad_14.png,bad_14.png,normal,False,0.07650182396173477,0.07650182396173477,0.0808892473578453,0.0808892473578453,0.05946885421872139,False,False,16000,False,,False,0.0,cpu,patch_nearest_normal,last2,14,0.05,False,,,0.0,0.00012727336943498,False,False,False,False
2026-08-16 13:15:05,baseline,screw,evaluate,C:/cira_batch_test/screw/good_3.png,good_3.png,normal,False,0.07099030911922455,0.07099030911922455,0.0808892473578453,0.0808892473578453,0.05946885421872139,False,False,16000,False,,False,0.0,cpu,patch_nearest_normal,last2,14,0.05,False,,,0.0,0.00012727336943498,False,False,False,False
2026-08-16 13:15:06,baseline,screw,evaluate,C:/cira_batch_test/screw/bad_4.png,bad_4.png,normal,False,0.05716509371995926,0.05716509371995926,0.0808892473578453,0.0808892473578453,0.05946885421872139,False,False,16000,False,,False,0.0,cpu,patch_nearest_normal,last2,14,0.05,False,,,0.0,0.00012727336943498,False,False,False,False
2026-08-16 13:15:07,baseline,screw,evaluate,C:/cira_batch_test/screw/bad_15.png,bad_15.png,anomaly,True,0.08340131491422653,0.08340131491422653,0.0808892473578453,0.0808892473578453,0.05946885421872139,False,False,16000,False,,False,0.0,cpu,patch_nearest_normal,last2,14,0.05,False,,,0.0,0.00012727336943498,False,False,False,False
2026-08-16 13:15:09,baseline,screw,evaluate,C:/cira_batch_test/screw/good_8.png,good_8.png,normal,False,0.05516890436410904,0.05516890436410904,0.0808892473578453,0.0808892473578453,0.05946885421872139,False,False,16000,False,,False,0.0,cpu,patch_nearest_normal,last2,14,0.05,False,,,0.0,0.00012727336943498,False,False,False,False
2026-08-16 13:15:10,baseline,screw,evaluate,C:/cira_batch_test/screw/bad_3.png,bad_3.png,normal,False,0.07039625942707062,0.07039625942707062,0.0808892473578453,0.0808892473578453,0.05946885421872139,False,False,16000,False,,False,0.0,cpu,patch_nearest_normal,last2,14,0.05,False,,,0.0,0.00012727336943498,False,False,False,False
2026-08-16 13:15:11,baseline,screw,evaluate,C:/cira_batch_test/screw/bad_11.png,bad_11.png,normal,False,0.06845852732658386,0.06845852732658386,0.0808892473578453,0.0808892473578453,0.05946885421872139,False,False,16000,False,,False,0.0,cpu,patch_nearest_normal,last2,14,0.05,False,,,0.0,0.00012727336943498,False,False,False,False
2026-08-16 13:15:13,baseline,screw,evaluate,C:/cira_batch_test/screw/good_19.png,good_19.png,normal,False,0.050086311995983124,0.050086311995983124,0.0808892473578453,0.0808892473578453,0.05946885421872139,False,False,16000,False,,False,0.0,cpu,patch_nearest_normal,last2,14,0.05,False,,,0.0,0.00012727336943498,False,False,False,False
2026-08-16 13:15:14,baseline,screw,evaluate,C:/cira_batch_test/screw/good_12.png,good_12.png,normal,False,0.057660989463329315,0.057660989463329315,0.0808892473578453,0.0808892473578453,0.05946885421872139,False,False,16000,False,,False,0.0,cpu,patch_nearest_normal,last2,14,0.05,False,,,0.0,0.00012727336943498,False,False,False,False
2026-08-16 13:15:16,baseline,screw,evaluate,C:/cira_batch_test/screw/good_15.png,good_15.png,normal,False,0.04601142928004265,0.04601142928004265,0.0808892473578453,0.0808892473578453,0.05946885421872139,False,False,16000,False,,False,0.0,cpu,patch_nearest_normal,last2,14,0.05,False,,,0.0,0.00012727336943498,False,False,False,False
2026-08-16 13:15:17,baseline,screw,evaluate,C:/cira_batch_test/screw/bad_17.png,bad_17.png,normal,False,0.06555953621864319,0.06555953621864319,0.0808892473578453,0.0808892473578453,0.05946885421872139,False,False,16000,False,,False,0.0,cpu,patch_nearest_normal,last2,14,0.05,False,,,0.0,0.00012727336943498,False,False,False,False
2026-08-16 13:15:18,baseline,screw,evaluate,C:/cira_batch_test/screw/bad_19.png,bad_19.png,normal,False,0.06777573376893997,0.06777573376893997,0.0808892473578453,0.0808892473578453,0.05946885421872139,False,False,16000,False,,False,0.0,cpu,patch_nearest_normal,last2,14,0.05,False,,,0.0,0.00012727336943498,False,False,False,False
2026-08-16 13:15:20,baseline,screw,evaluate,C:/cira_batch_test/screw/bad_1.png,bad_1.png,normal,False,0.07485143095254898,0.07485143095254898,0.0808892473578453,0.0808892473578453,0.05946885421872139,False,False,16000,False,,False,0.0,cpu,patch_nearest_normal,last2,14,0.05,False,,,0.0,0.00012727336943498,False,False,False,False
2026-08-16 13:15:21,baseline,screw,evaluate,C:/cira_batch_test/screw/good_14.png,good_14.png,normal,False,0.06055125594139099,0.06055125594139099,0.0808892473578453,0.0808892473578453,0.05946885421872139,False,False,16000,False,,False,0.0,cpu,patch_nearest_normal,last2,14,0.05,False,,,0.0,0.00012727336943498,False,False,False,False
2026-08-16 13:15:22,baseline,tile,evaluate,C:/cira_batch_test/tile/good_1.png,good_1.png,normal,False,0.04876633360981941,0.04876633360981941,0.06006038933992386,0.06006038933992386,0.05311408117413522,False,False,16000,False,,False,0.0,cpu,patch_nearest_normal,last2,14,0.05,False,,,0.0,0.000230512705456835,False,False,False,False
2026-08-16 13:15:24,baseline,tile,evaluate,C:/cira_batch_test/tile/bad_16.png,bad_16.png,anomaly,True,0.0826697126030922,0.0826697126030922,0.06006038933992386,0.06006038933992386,0.05311408117413522,False,False,16000,False,,False,0.0,cpu,patch_nearest_normal,last2,14,0.05,False,,,0.0,0.000230512705456835,False,False,False,False
2026-08-16 13:15:25,baseline,tile,evaluate,C:/cira_batch_test/tile/bad_20.png,bad_20.png,anomaly,True,0.11427193880081177,0.11427193880081177,0.06006038933992386,0.06006038933992386,0.05311408117413522,False,False,16000,False,,False,0.0,cpu,patch_nearest_normal,last2,14,0.05,False,,,0.0,0.000230512705456835,False,False,False,False
2026-08-16 13:15:26,baseline,tile,evaluate,C:/cira_batch_test/tile/bad_12.png,bad_12.png,normal,False,0.054269999265670776,0.054269999265670776,0.06006038933992386,0.06006038933992386,0.05311408117413522,False,False,16000,False,,False,0.0,cpu,patch_nearest_normal,last2,14,0.05,False,,,0.0,0.000230512705456835,False,False,False,False
2026-08-16 13:15:28,baseline,tile,evaluate,C:/cira_batch_test/tile/good_17.png,good_17.png,normal,False,0.04668809846043587,0.04668809846043587,0.06006038933992386,0.06006038933992386,0.05311408117413522,False,False,16000,False,,False,0.0,cpu,patch_nearest_normal,last2,14,0.05,False,,,0.0,0.000230512705456835,False,False,False,False
2026-08-16 13:15:29,baseline,tile,evaluate,C:/cira_batch_test/tile/bad_9.png,bad_9.png,anomaly,True,0.32023322582244873,0.32023322582244873,0.06006038933992386,0.06006038933992386,0.05311408117413522,False,False,16000,False,,False,0.0,cpu,patch_nearest_normal,last2,14,0.05,False,,,0.0,0.000230512705456835,False,False,False,False
2026-08-16 13:15:30,baseline,tile,evaluate,C:/cira_batch_test/tile/bad_18.png,bad_18.png,anomaly,True,0.07149763405323029,0.07149763405323029,0.06006038933992386,0.06006038933992386,0.05311408117413522,False,False,16000,False,,False,0.0,cpu,patch_nearest_normal,last2,14,0.05,False,,,0.0,0.000230512705456835,False,False,False,False
2026-08-16 13:15:32,baseline,tile,evaluate,C:/cira_batch_test/tile/bad_13.png,bad_13.png,anomaly,True,0.15737123787403107,0.15737123787403107,0.06006038933992386,0.06006038933992386,0.05311408117413522,False,False,16000,False,,False,0.0,cpu,patch_nearest_normal,last2,14,0.05,False,,,0.0,0.000230512705456835,False,False,False,False
2026-08-16 13:15:33,baseline,tile,evaluate,C:/cira_batch_test/tile/bad_2.png,bad_2.png,anomaly,True,0.43867287039756775,0.43867287039756775,0.06006038933992386,0.06006038933992386,0.05311408117413522,False,False,16000,False,,False,0.0,cpu,patch_nearest_normal,last2,14,0.05,False,,,0.0,0.000230512705456835,False,False,False,False
2026-08-16 13:15:34,baseline,tile,evaluate,C:/cira_batch_test/tile/good_6.png,good_6.png,normal,False,0.04664914682507515,0.04664914682507515,0.06006038933992386,0.06006038933992386,0.05311408117413522,False,False,16000,False,,False,0.0,cpu,patch_nearest_normal,last2,14,0.05,False,,,0.0,0.000230512705456835,False,False,False,False
2026-08-16 13:15:36,baseline,tile,evaluate,C:/cira_batch_test/tile/good_10.png,good_10.png,normal,False,0.05169025808572769,0.05169025808572769,0.06006038933992386,0.06006038933992386,0.05311408117413522,False,False,16000,False,,False,0.0,cpu,patch_nearest_normal,last2,14,0.05,False,,,0.0,0.000230512705456835,False,False,False,False
2026-08-16 13:15:37,baseline,tile,evaluate,C:/cira_batch_test/tile/good_7.png,good_7.png,normal,False,0.04349984601140022,0.04349984601140022,0.06006038933992386,0.06006038933992386,0.05311408117413522,False,False,16000,False,,False,0.0,cpu,patch_nearest_normal,last2,14,0.05,False,,,0.0,0.000230512705456835,False,False,False,False
2026-08-16 13:15:38,baseline,tile,evaluate,C:/cira_batch_test/tile/bad_8.png,bad_8.png,anomaly,True,0.16966792941093445,0.16966792941093445,0.06006038933992386,0.06006038933992386,0.05311408117413522,False,False,16000,False,,False,0.0,cpu,patch_nearest_normal,last2,14,0.05,False,,,0.0,0.000230512705456835,False,False,False,False
2026-08-16 13:15:40,baseline,tile,evaluate,C:/cira_batch_test/tile/bad_10.png,bad_10.png,anomaly,True,0.09991627186536789,0.09991627186536789,0.06006038933992386,0.06006038933992386,0.05311408117413522,False,False,16000,False,,False,0.0,cpu,patch_nearest_normal,last2,14,0.05,False,,,0.0,0.000230512705456835,False,False,False,False
2026-08-16 13:15:41,baseline,tile,evaluate,C:/cira_batch_test/tile/good_4.png,good_4.png,normal,False,0.0376717634499073,0.0376717634499073,0.06006038933992386,0.06006038933992386,0.05311408117413522,False,False,16000,False,,False,0.0,cpu,patch_nearest_normal,last2,14,0.05,False,,,0.0,0.000230512705456835,False,False,False,False
2026-08-16 13:15:42,baseline,tile,evaluate,C:/cira_batch_test/tile/bad_5.png,bad_5.png,anomaly,True,0.15819355845451355,0.15819355845451355,0.06006038933992386,0.06006038933992386,0.05311408117413522,False,False,16000,False,,False,0.0,cpu,patch_nearest_normal,last2,14,0.05,False,,,0.0,0.000230512705456835,False,False,False,False
2026-08-16 13:15:44,baseline,tile,evaluate,C:/cira_batch_test/tile/good_20.png,good_20.png,normal,False,0.04177883267402649,0.04177883267402649,0.06006038933992386,0.06006038933992386,0.05311408117413522,False,False,16000,False,,False,0.0,cpu,patch_nearest_normal,last2,14,0.05,False,,,0.0,0.000230512705456835,False,False,False,False
2026-08-16 13:15:45,baseline,tile,evaluate,C:/cira_batch_test/tile/good_18.png,good_18.png,anomaly,True,0.06579261273145676,0.06579261273145676,0.06006038933992386,0.06006038933992386,0.05311408117413522,False,False,16000,False,,False,0.0,cpu,patch_nearest_normal,last2,14,0.05,False,,,0.0,0.000230512705456835,False,False,False,False
2026-08-16 13:15:46,baseline,tile,evaluate,C:/cira_batch_test/tile/good_11.png,good_11.png,normal,False,0.04015053063631058,0.04015053063631058,0.06006038933992386,0.06006038933992386,0.05311408117413522,False,False,16000,False,,False,0.0,cpu,patch_nearest_normal,last2,14,0.05,False,,,0.0,0.000230512705456835,False,False,False,False
2026-08-16 13:15:48,baseline,tile,evaluate,C:/cira_batch_test/tile/good_9.png,good_9.png,normal,False,0.037200719118118286,0.037200719118118286,0.06006038933992386,0.06006038933992386,0.05311408117413522,False,False,16000,False,,False,0.0,cpu,patch_nearest_normal,last2,14,0.05,False,,,0.0,0.000230512705456835,False,False,False,False
2026-08-16 13:15:49,baseline,tile,evaluate,C:/cira_batch_test/tile/good_16.png,good_16.png,normal,False,0.03829062730073929,0.03829062730073929,0.06006038933992386,0.06006038933992386,0.05311408117413522,False,False,16000,False,,False,0.0,cpu,patch_nearest_normal,last2,14,0.05,False,,,0.0,0.000230512705456835,False,False,False,False
2026-08-16 13:15:51,baseline,tile,evaluate,C:/cira_batch_test/tile/bad_7.png,bad_7.png,anomaly,True,0.21303215622901917,0.21303215622901917,0.06006038933992386,0.06006038933992386,0.05311408117413522,False,False,16000,False,,False,0.0,cpu,patch_nearest_normal,last2,14,0.05,False,,,0.0,0.000230512705456835,False,False,False,False
2026-08-16 13:15:52,baseline,tile,evaluate,C:/cira_batch_test/tile/good_13.png,good_13.png,normal,False,0.048761915415525436,0.048761915415525436,0.06006038933992386,0.06006038933992386,0.05311408117413522,False,False,16000,False,,False,0.0,cpu,patch_nearest_normal,last2,14,0.05,False,,,0.0,0.000230512705456835,False,False,False,False
2026-08-16 13:15:53,baseline,tile,evaluate,C:/cira_batch_test/tile/good_5.png,good_5.png,normal,False,0.049941085278987885,0.049941085278987885,0.06006038933992386,0.06006038933992386,0.05311408117413522,False,False,16000,False,,False,0.0,cpu,patch_nearest_normal,last2,14,0.05,False,,,0.0,0.000230512705456835,False,False,False,False
2026-08-16 13:15:55,baseline,tile,evaluate,C:/cira_batch_test/tile/good_2.png,good_2.png,normal,False,0.048410553485155106,0.048410553485155106,0.06006038933992386,0.06006038933992386,0.05311408117413522,False,False,16000,False,,False,0.0,cpu,patch_nearest_normal,last2,14,0.05,False,,,0.0,0.000230512705456835,False,False,False,False
2026-08-16 13:15:56,baseline,tile,evaluate,C:/cira_batch_test/tile/bad_6.png,bad_6.png,anomaly,True,0.23019735515117645,0.23019735515117645,0.06006038933992386,0.06006038933992386,0.05311408117413522,False,False,16000,False,,False,0.0,cpu,patch_nearest_normal,last2,14,0.05,False,,,0.0,0.000230512705456835,False,False,False,False
2026-08-16 13:15:57,baseline,tile,evaluate,C:/cira_batch_test/tile/bad_14.png,bad_14.png,anomaly,True,0.1604515016078949,0.1604515016078949,0.06006038933992386,0.06006038933992386,0.05311408117413522,False,False,16000,False,,False,0.0,cpu,patch_nearest_normal,last2,14,0.05,False,,,0.0,0.000230512705456835,False,False,False,False
2026-08-16 13:15:59,baseline,tile,evaluate,C:/cira_batch_test/tile/good_3.png,good_3.png,normal,False,0.041201911866664886,0.041201911866664886,0.06006038933992386,0.06006038933992386,0.05311408117413522,False,False,16000,False,,False,0.0,cpu,patch_nearest_normal,last2,14,0.05,False,,,0.0,0.000230512705456835,False,False,False,False
2026-08-16 13:16:00,baseline,tile,evaluate,C:/cira_batch_test/tile/bad_4.png,bad_4.png,anomaly,True,0.11496512591838837,0.11496512591838837,0.06006038933992386,0.06006038933992386,0.05311408117413522,False,False,16000,False,,False,0.0,cpu,patch_nearest_normal,last2,14,0.05,False,,,0.0,0.000230512705456835,False,False,False,False
2026-08-16 13:16:01,baseline,tile,evaluate,C:/cira_batch_test/tile/bad_15.png,bad_15.png,anomaly,True,0.17708763480186462,0.17708763480186462,0.06006038933992386,0.06006038933992386,0.05311408117413522,False,False,16000,False,,False,0.0,cpu,patch_nearest_normal,last2,14,0.05,False,,,0.0,0.000230512705456835,False,False,False,False
2026-08-16 13:16:03,baseline,tile,evaluate,C:/cira_batch_test/tile/good_8.png,good_8.png,normal,False,0.03995544835925102,0.03995544835925102,0.06006038933992386,0.06006038933992386,0.05311408117413522,False,False,16000,False,,False,0.0,cpu,patch_nearest_normal,last2,14,0.05,False,,,0.0,0.000230512705456835,False,False,False,False
2026-08-16 13:16:04,baseline,tile,evaluate,C:/cira_batch_test/tile/bad_3.png,bad_3.png,anomaly,True,0.3856334686279297,0.3856334686279297,0.06006038933992386,0.06006038933992386,0.05311408117413522,False,False,16000,False,,False,0.0,cpu,patch_nearest_normal,last2,14,0.05,False,,,0.0,0.000230512705456835,False,False,False,False
2026-08-16 13:16:05,baseline,tile,evaluate,C:/cira_batch_test/tile/bad_11.png,bad_11.png,anomaly,True,0.14983364939689636,0.14983364939689636,0.06006038933992386,0.06006038933992386,0.05311408117413522,False,False,16000,False,,False,0.0,cpu,patch_nearest_normal,last2,14,0.05,False,,,0.0,0.000230512705456835,False,False,False,False
2026-08-16 13:16:06,baseline,tile,evaluate,C:/cira_batch_test/tile/good_19.png,good_19.png,normal,False,0.049340881407260895,0.049340881407260895,0.06006038933992386,0.06006038933992386,0.05311408117413522,False,False,16000,False,,False,0.0,cpu,patch_nearest_normal,last2,14,0.05,False,,,0.0,0.000230512705456835,False,False,False,False
2026-08-16 13:16:08,baseline,tile,evaluate,C:/cira_batch_test/tile/good_12.png,good_12.png,normal,False,0.041374463587999344,0.041374463587999344,0.06006038933992386,0.06006038933992386,0.05311408117413522,False,False,16000,False,,False,0.0,cpu,patch_nearest_normal,last2,14,0.05,False,,,0.0,0.000230512705456835,False,False,False,False
2026-08-16 13:16:09,baseline,tile,evaluate,C:/cira_batch_test/tile/good_15.png,good_15.png,normal,False,0.04179999977350235,0.04179999977350235,0.06006038933992386,0.06006038933992386,0.05311408117413522,False,False,16000,False,,False,0.0,cpu,patch_nearest_normal,last2,14,0.05,False,,,0.0,0.000230512705456835,False,False,False,False
2026-08-16 13:16:10,baseline,tile,evaluate,C:/cira_batch_test/tile/bad_17.png,bad_17.png,anomaly,True,0.38908523321151733,0.38908523321151733,0.06006038933992386,0.06006038933992386,0.05311408117413522,False,False,16000,False,,False,0.0,cpu,patch_nearest_normal,last2,14,0.05,False,,,0.0,0.000230512705456835,False,False,False,False
2026-08-16 13:16:12,baseline,tile,evaluate,C:/cira_batch_test/tile/bad_19.png,bad_19.png,anomaly,True,0.09878449141979218,0.09878449141979218,0.06006038933992386,0.06006038933992386,0.05311408117413522,False,False,16000,False,,False,0.0,cpu,patch_nearest_normal,last2,14,0.05,False,,,0.0,0.000230512705456835,False,False,False,False
2026-08-16 13:16:13,baseline,tile,evaluate,C:/cira_batch_test/tile/bad_1.png,bad_1.png,anomaly,True,0.4234733581542969,0.4234733581542969,0.06006038933992386,0.06006038933992386,0.05311408117413522,False,False,16000,False,,False,0.0,cpu,patch_nearest_normal,last2,14,0.05,False,,,0.0,0.000230512705456835,False,False,False,False
2026-08-16 13:16:15,baseline,tile,evaluate,C:/cira_batch_test/tile/good_14.png,good_14.png,normal,False,0.04218987375497818,0.04218987375497818,0.06006038933992386,0.06006038933992386,0.05311408117413522,False,False,16000,False,,False,0.0,cpu,patch_nearest_normal,last2,14,0.05,False,,,0.0,0.000230512705456835,False,False,False,False
2026-08-16 13:16:16,baseline,toothbrush,evaluate,C:/cira_batch_test/toothbrush/good_1.png,good_1.png,normal,False,0.051045335829257965,0.051045335829257965,0.05408143252134323,0.05408143252134323,0.0501871842890978,False,False,9408,False,,False,0.0,cpu,patch_nearest_normal,last2,14,0.05,False,,,0.0,0.00012676088372241001,False,False,False,False
2026-08-16 13:16:17,baseline,toothbrush,evaluate,C:/cira_batch_test/toothbrush/bad_16.png,bad_16.png,anomaly,True,0.3498750329017639,0.3498750329017639,0.05408143252134323,0.05408143252134323,0.0501871842890978,False,False,9408,False,,False,0.0,cpu,patch_nearest_normal,last2,14,0.05,False,,,0.0,0.00012676088372241001,False,False,False,False
2026-08-16 13:16:19,baseline,toothbrush,evaluate,C:/cira_batch_test/toothbrush/bad_20.png,bad_20.png,anomaly,True,0.3277304172515869,0.3277304172515869,0.05408143252134323,0.05408143252134323,0.0501871842890978,False,False,9408,False,,False,0.0,cpu,patch_nearest_normal,last2,14,0.05,False,,,0.0,0.00012676088372241001,False,False,False,False
2026-08-16 13:16:20,baseline,toothbrush,evaluate,C:/cira_batch_test/toothbrush/bad_12.png,bad_12.png,anomaly,True,0.3752124011516571,0.3752124011516571,0.05408143252134323,0.05408143252134323,0.0501871842890978,False,False,9408,False,,False,0.0,cpu,patch_nearest_normal,last2,14,0.05,False,,,0.0,0.00012676088372241001,False,False,False,False
2026-08-16 13:16:21,baseline,toothbrush,evaluate,C:/cira_batch_test/toothbrush/good_17.png,good_17.png,normal,False,0.019736070185899734,0.019736070185899734,0.05408143252134323,0.05408143252134323,0.0501871842890978,False,False,9408,False,,False,0.0,cpu,patch_nearest_normal,last2,14,0.05,False,,,0.0,0.00012676088372241001,False,False,False,False
2026-08-16 13:16:23,baseline,toothbrush,evaluate,C:/cira_batch_test/toothbrush/bad_9.png,bad_9.png,normal,False,0.049431800842285156,0.049431800842285156,0.05408143252134323,0.05408143252134323,0.0501871842890978,False,False,9408,False,,False,0.0,cpu,patch_nearest_normal,last2,14,0.05,False,,,0.0,0.00012676088372241001,False,False,False,False
2026-08-16 13:16:24,baseline,toothbrush,evaluate,C:/cira_batch_test/toothbrush/bad_18.png,bad_18.png,anomaly,True,0.2717684209346771,0.2717684209346771,0.05408143252134323,0.05408143252134323,0.0501871842890978,False,False,9408,False,,False,0.0,cpu,patch_nearest_normal,last2,14,0.05,False,,,0.0,0.00012676088372241001,False,False,False,False
2026-08-16 13:16:25,baseline,toothbrush,evaluate,C:/cira_batch_test/toothbrush/bad_13.png,bad_13.png,anomaly,True,0.05651075765490532,0.05651075765490532,0.05408143252134323,0.05408143252134323,0.0501871842890978,False,False,9408,False,,False,0.0,cpu,patch_nearest_normal,last2,14,0.05,False,,,0.0,0.00012676088372241001,False,False,False,False
2026-08-16 13:16:27,baseline,toothbrush,evaluate,C:/cira_batch_test/toothbrush/bad_2.png,bad_2.png,anomaly,True,0.06783543527126312,0.06783543527126312,0.05408143252134323,0.05408143252134323,0.0501871842890978,False,False,9408,False,,False,0.0,cpu,patch_nearest_normal,last2,14,0.05,False,,,0.0,0.00012676088372241001,False,False,False,False
2026-08-16 13:16:28,baseline,toothbrush,evaluate,C:/cira_batch_test/toothbrush/good_6.png,good_6.png,normal,False,0.04884805530309677,0.04884805530309677,0.05408143252134323,0.05408143252134323,0.0501871842890978,False,False,9408,False,,False,0.0,cpu,patch_nearest_normal,last2,14,0.05,False,,,0.0,0.00012676088372241001,False,False,False,False
2026-08-16 13:16:30,baseline,toothbrush,evaluate,C:/cira_batch_test/toothbrush/good_10.png,good_10.png,anomaly,True,0.07903312891721725,0.07903312891721725,0.05408143252134323,0.05408143252134323,0.0501871842890978,False,False,9408,False,,False,0.0,cpu,patch_nearest_normal,last2,14,0.05,False,,,0.0,0.00012676088372241001,False,False,False,False
2026-08-16 13:16:31,baseline,toothbrush,evaluate,C:/cira_batch_test/toothbrush/good_7.png,good_7.png,anomaly,True,0.06097178906202316,0.06097178906202316,0.05408143252134323,0.05408143252134323,0.0501871842890978,False,False,9408,False,,False,0.0,cpu,patch_nearest_normal,last2,14,0.05,False,,,0.0,0.00012676088372241001,False,False,False,False
2026-08-16 13:16:32,baseline,toothbrush,evaluate,C:/cira_batch_test/toothbrush/bad_8.png,bad_8.png,anomaly,True,0.3563154339790344,0.3563154339790344,0.05408143252134323,0.05408143252134323,0.0501871842890978,False,False,9408,False,,False,0.0,cpu,patch_nearest_normal,last2,14,0.05,False,,,0.0,0.00012676088372241001,False,False,False,False
2026-08-16 13:16:34,baseline,toothbrush,evaluate,C:/cira_batch_test/toothbrush/bad_10.png,bad_10.png,anomaly,True,0.14204305410385132,0.14204305410385132,0.05408143252134323,0.05408143252134323,0.0501871842890978,False,False,9408,False,,False,0.0,cpu,patch_nearest_normal,last2,14,0.05,False,,,0.0,0.00012676088372241001,False,False,False,False
2026-08-16 13:16:35,baseline,toothbrush,evaluate,C:/cira_batch_test/toothbrush/good_4.png,good_4.png,normal,False,0.04802834987640381,0.04802834987640381,0.05408143252134323,0.05408143252134323,0.0501871842890978,False,False,9408,False,,False,0.0,cpu,patch_nearest_normal,last2,14,0.05,False,,,0.0,0.00012676088372241001,False,False,False,False
2026-08-16 13:16:36,baseline,toothbrush,evaluate,C:/cira_batch_test/toothbrush/bad_5.png,bad_5.png,anomaly,True,0.05627362057566643,0.05627362057566643,0.05408143252134323,0.05408143252134323,0.0501871842890978,False,False,9408,False,,False,0.0,cpu,patch_nearest_normal,last2,14,0.05,False,,,0.0,0.00012676088372241001,False,False,False,False
2026-08-16 13:16:38,baseline,toothbrush,evaluate,C:/cira_batch_test/toothbrush/good_20.png,good_20.png,normal,False,0.01844852603971958,0.01844852603971958,0.05408143252134323,0.05408143252134323,0.0501871842890978,False,False,9408,False,,False,0.0,cpu,patch_nearest_normal,last2,14,0.05,False,,,0.0,0.00012676088372241001,False,False,False,False
2026-08-16 13:16:39,baseline,toothbrush,evaluate,C:/cira_batch_test/toothbrush/good_18.png,good_18.png,normal,False,0.04664243385195732,0.04664243385195732,0.05408143252134323,0.05408143252134323,0.0501871842890978,False,False,9408,False,,False,0.0,cpu,patch_nearest_normal,last2,14,0.05,False,,,0.0,0.00012676088372241001,False,False,False,False
2026-08-16 13:16:40,baseline,toothbrush,evaluate,C:/cira_batch_test/toothbrush/good_11.png,good_11.png,normal,False,0.05370904132723808,0.05370904132723808,0.05408143252134323,0.05408143252134323,0.0501871842890978,False,False,9408,False,,False,0.0,cpu,patch_nearest_normal,last2,14,0.05,False,,,0.0,0.00012676088372241001,False,False,False,False
2026-08-16 13:16:42,baseline,toothbrush,evaluate,C:/cira_batch_test/toothbrush/good_9.png,good_9.png,normal,False,0.04554165154695511,0.04554165154695511,0.05408143252134323,0.05408143252134323,0.0501871842890978,False,False,9408,False,,False,0.0,cpu,patch_nearest_normal,last2,14,0.05,False,,,0.0,0.00012676088372241001,False,False,False,False
2026-08-16 13:16:43,baseline,toothbrush,evaluate,C:/cira_batch_test/toothbrush/good_16.png,good_16.png,normal,False,0.04482537508010864,0.04482537508010864,0.05408143252134323,0.05408143252134323,0.0501871842890978,False,False,9408,False,,False,0.0,cpu,patch_nearest_normal,last2,14,0.05,False,,,0.0,0.00012676088372241001,False,False,False,False
2026-08-16 13:16:44,baseline,toothbrush,evaluate,C:/cira_batch_test/toothbrush/bad_7.png,bad_7.png,anomaly,True,0.1375305950641632,0.1375305950641632,0.05408143252134323,0.05408143252134323,0.0501871842890978,False,False,9408,False,,False,0.0,cpu,patch_nearest_normal,last2,14,0.05,False,,,0.0,0.00012676088372241001,False,False,False,False
2026-08-16 13:16:46,baseline,toothbrush,evaluate,C:/cira_batch_test/toothbrush/good_13.png,good_13.png,anomaly,True,0.056590307503938675,0.056590307503938675,0.05408143252134323,0.05408143252134323,0.0501871842890978,False,False,9408,False,,False,0.0,cpu,patch_nearest_normal,last2,14,0.05,False,,,0.0,0.00012676088372241001,False,False,False,False
2026-08-16 13:16:47,baseline,toothbrush,evaluate,C:/cira_batch_test/toothbrush/good_5.png,good_5.png,normal,False,0.01841483637690544,0.01841483637690544,0.05408143252134323,0.05408143252134323,0.0501871842890978,False,False,9408,False,,False,0.0,cpu,patch_nearest_normal,last2,14,0.05,False,,,0.0,0.00012676088372241001,False,False,False,False
2026-08-16 13:16:48,baseline,toothbrush,evaluate,C:/cira_batch_test/toothbrush/good_2.png,good_2.png,anomaly,True,0.06211220473051071,0.06211220473051071,0.05408143252134323,0.05408143252134323,0.0501871842890978,False,False,9408,False,,False,0.0,cpu,patch_nearest_normal,last2,14,0.05,False,,,0.0,0.00012676088372241001,False,False,False,False
2026-08-16 13:16:50,baseline,toothbrush,evaluate,C:/cira_batch_test/toothbrush/bad_6.png,bad_6.png,anomaly,True,0.056570012122392654,0.056570012122392654,0.05408143252134323,0.05408143252134323,0.0501871842890978,False,False,9408,False,,False,0.0,cpu,patch_nearest_normal,last2,14,0.05,False,,,0.0,0.00012676088372241001,False,False,False,False
2026-08-16 13:16:51,baseline,toothbrush,evaluate,C:/cira_batch_test/toothbrush/bad_14.png,bad_14.png,anomaly,True,0.25978079438209534,0.25978079438209534,0.05408143252134323,0.05408143252134323,0.0501871842890978,False,False,9408,False,,False,0.0,cpu,patch_nearest_normal,last2,14,0.05,False,,,0.0,0.00012676088372241001,False,False,False,False
2026-08-16 13:16:53,baseline,toothbrush,evaluate,C:/cira_batch_test/toothbrush/good_3.png,good_3.png,normal,False,0.040300529450178146,0.040300529450178146,0.05408143252134323,0.05408143252134323,0.0501871842890978,False,False,9408,False,,False,0.0,cpu,patch_nearest_normal,last2,14,0.05,False,,,0.0,0.00012676088372241001,False,False,False,False
2026-08-16 13:16:54,baseline,toothbrush,evaluate,C:/cira_batch_test/toothbrush/bad_4.png,bad_4.png,anomaly,True,0.07385025918483734,0.07385025918483734,0.05408143252134323,0.05408143252134323,0.0501871842890978,False,False,9408,False,,False,0.0,cpu,patch_nearest_normal,last2,14,0.05,False,,,0.0,0.00012676088372241001,False,False,False,False
2026-08-16 13:16:55,baseline,toothbrush,evaluate,C:/cira_batch_test/toothbrush/bad_15.png,bad_15.png,anomaly,True,0.0645475760102272,0.0645475760102272,0.05408143252134323,0.05408143252134323,0.0501871842890978,False,False,9408,False,,False,0.0,cpu,patch_nearest_normal,last2,14,0.05,False,,,0.0,0.00012676088372241001,False,False,False,False
2026-08-16 13:16:57,baseline,toothbrush,evaluate,C:/cira_batch_test/toothbrush/good_8.png,good_8.png,anomaly,True,0.07691183686256409,0.07691183686256409,0.05408143252134323,0.05408143252134323,0.0501871842890978,False,False,9408,False,,False,0.0,cpu,patch_nearest_normal,last2,14,0.05,False,,,0.0,0.00012676088372241001,False,False,False,False
2026-08-16 13:16:58,baseline,toothbrush,evaluate,C:/cira_batch_test/toothbrush/bad_3.png,bad_3.png,anomaly,True,0.13640563189983368,0.13640563189983368,0.05408143252134323,0.05408143252134323,0.0501871842890978,False,False,9408,False,,False,0.0,cpu,patch_nearest_normal,last2,14,0.05,False,,,0.0,0.00012676088372241001,False,False,False,False
2026-08-16 13:16:59,baseline,toothbrush,evaluate,C:/cira_batch_test/toothbrush/bad_11.png,bad_11.png,anomaly,True,0.2811519205570221,0.2811519205570221,0.05408143252134323,0.05408143252134323,0.0501871842890978,False,False,9408,False,,False,0.0,cpu,patch_nearest_normal,last2,14,0.05,False,,,0.0,0.00012676088372241001,False,False,False,False
2026-08-16 13:17:01,baseline,toothbrush,evaluate,C:/cira_batch_test/toothbrush/good_19.png,good_19.png,normal,False,0.018826019018888474,0.018826019018888474,0.05408143252134323,0.05408143252134323,0.0501871842890978,False,False,9408,False,,False,0.0,cpu,patch_nearest_normal,last2,14,0.05,False,,,0.0,0.00012676088372241001,False,False,False,False
2026-08-16 13:17:02,baseline,toothbrush,evaluate,C:/cira_batch_test/toothbrush/good_12.png,good_12.png,anomaly,True,0.06021793559193611,0.06021793559193611,0.05408143252134323,0.05408143252134323,0.0501871842890978,False,False,9408,False,,False,0.0,cpu,patch_nearest_normal,last2,14,0.05,False,,,0.0,0.00012676088372241001,False,False,False,False
2026-08-16 13:17:03,baseline,toothbrush,evaluate,C:/cira_batch_test/toothbrush/good_15.png,good_15.png,normal,False,0.050562869757413864,0.050562869757413864,0.05408143252134323,0.05408143252134323,0.0501871842890978,False,False,9408,False,,False,0.0,cpu,patch_nearest_normal,last2,14,0.05,False,,,0.0,0.00012676088372241001,False,False,False,False
2026-08-16 13:17:05,baseline,toothbrush,evaluate,C:/cira_batch_test/toothbrush/bad_17.png,bad_17.png,anomaly,True,0.26540815830230713,0.26540815830230713,0.05408143252134323,0.05408143252134323,0.0501871842890978,False,False,9408,False,,False,0.0,cpu,patch_nearest_normal,last2,14,0.05,False,,,0.0,0.00012676088372241001,False,False,False,False
2026-08-16 13:17:06,baseline,toothbrush,evaluate,C:/cira_batch_test/toothbrush/bad_19.png,bad_19.png,anomaly,True,0.07885079085826874,0.07885079085826874,0.05408143252134323,0.05408143252134323,0.0501871842890978,False,False,9408,False,,False,0.0,cpu,patch_nearest_normal,last2,14,0.05,False,,,0.0,0.00012676088372241001,False,False,False,False
2026-08-16 13:17:07,baseline,toothbrush,evaluate,C:/cira_batch_test/toothbrush/bad_1.png,bad_1.png,anomaly,True,0.2982991635799408,0.2982991635799408,0.05408143252134323,0.05408143252134323,0.0501871842890978,False,False,9408,False,,False,0.0,cpu,patch_nearest_normal,last2,14,0.05,False,,,0.0,0.00012676088372241001,False,False,False,False
2026-08-16 13:17:09,baseline,toothbrush,evaluate,C:/cira_batch_test/toothbrush/good_14.png,good_14.png,anomaly,True,0.0694086030125618,0.0694086030125618,0.05408143252134323,0.05408143252134323,0.0501871842890978,False,False,9408,False,,False,0.0,cpu,patch_nearest_normal,last2,14,0.05,False,,,0.0,0.00012676088372241001,False,False,False,False
2026-08-16 13:17:10,baseline,transistor,evaluate,C:/cira_batch_test/transistor/good_1.png,good_1.png,normal,False,0.05782352015376091,0.05782352015376091,0.09680522233247757,0.09680522233247757,0.075458013266325,False,False,16000,False,,False,0.0,cpu,patch_nearest_normal,last2,14,0.05,False,,,0.0,0.000183458399987945,False,False,False,False
2026-08-16 13:17:12,baseline,transistor,evaluate,C:/cira_batch_test/transistor/bad_16.png,bad_16.png,anomaly,True,0.18024460971355438,0.18024460971355438,0.09680522233247757,0.09680522233247757,0.075458013266325,False,False,16000,False,,False,0.0,cpu,patch_nearest_normal,last2,14,0.05,False,,,0.0,0.000183458399987945,False,False,False,False
2026-08-16 13:17:13,baseline,transistor,evaluate,C:/cira_batch_test/transistor/bad_20.png,bad_20.png,anomaly,True,0.29301589727401733,0.29301589727401733,0.09680522233247757,0.09680522233247757,0.075458013266325,False,False,16000,False,,False,0.0,cpu,patch_nearest_normal,last2,14,0.05,False,,,0.0,0.000183458399987945,False,False,False,False
2026-08-16 13:17:14,baseline,transistor,evaluate,C:/cira_batch_test/transistor/bad_12.png,bad_12.png,anomaly,True,0.25258898735046387,0.25258898735046387,0.09680522233247757,0.09680522233247757,0.075458013266325,False,False,16000,False,,False,0.0,cpu,patch_nearest_normal,last2,14,0.05,False,,,0.0,0.000183458399987945,False,False,False,False
2026-08-16 13:17:16,baseline,transistor,evaluate,C:/cira_batch_test/transistor/good_17.png,good_17.png,normal,False,0.058332134038209915,0.058332134038209915,0.09680522233247757,0.09680522233247757,0.075458013266325,False,False,16000,False,,False,0.0,cpu,patch_nearest_normal,last2,14,0.05,False,,,0.0,0.000183458399987945,False,False,False,False
2026-08-16 13:17:17,baseline,transistor,evaluate,C:/cira_batch_test/transistor/bad_9.png,bad_9.png,anomaly,True,0.13217215240001678,0.13217215240001678,0.09680522233247757,0.09680522233247757,0.075458013266325,False,False,16000,False,,False,0.0,cpu,patch_nearest_normal,last2,14,0.05,False,,,0.0,0.000183458399987945,False,False,False,False
2026-08-16 13:17:19,baseline,transistor,evaluate,C:/cira_batch_test/transistor/bad_18.png,bad_18.png,anomaly,True,0.14879867434501648,0.14879867434501648,0.09680522233247757,0.09680522233247757,0.075458013266325,False,False,16000,False,,False,0.0,cpu,patch_nearest_normal,last2,14,0.05,False,,,0.0,0.000183458399987945,False,False,False,False
2026-08-16 13:17:20,baseline,transistor,evaluate,C:/cira_batch_test/transistor/bad_13.png,bad_13.png,anomaly,True,0.10995545238256454,0.10995545238256454,0.09680522233247757,0.09680522233247757,0.075458013266325,False,False,16000,False,,False,0.0,cpu,patch_nearest_normal,last2,14,0.05,False,,,0.0,0.000183458399987945,False,False,False,False
2026-08-16 13:17:21,baseline,transistor,evaluate,C:/cira_batch_test/transistor/bad_2.png,bad_2.png,anomaly,True,0.20691590011119843,0.20691590011119843,0.09680522233247757,0.09680522233247757,0.075458013266325,False,False,16000,False,,False,0.0,cpu,patch_nearest_normal,last2,14,0.05,False,,,0.0,0.000183458399987945,False,False,False,False
2026-08-16 13:17:23,baseline,transistor,evaluate,C:/cira_batch_test/transistor/good_6.png,good_6.png,normal,False,0.06817619502544403,0.06817619502544403,0.09680522233247757,0.09680522233247757,0.075458013266325,False,False,16000,False,,False,0.0,cpu,patch_nearest_normal,last2,14,0.05,False,,,0.0,0.000183458399987945,False,False,False,False
2026-08-16 13:17:24,baseline,transistor,evaluate,C:/cira_batch_test/transistor/good_10.png,good_10.png,normal,False,0.07584671676158905,0.07584671676158905,0.09680522233247757,0.09680522233247757,0.075458013266325,False,False,16000,False,,False,0.0,cpu,patch_nearest_normal,last2,14,0.05,False,,,0.0,0.000183458399987945,False,False,False,False
2026-08-16 13:17:26,baseline,transistor,evaluate,C:/cira_batch_test/transistor/good_7.png,good_7.png,normal,False,0.0724715143442154,0.0724715143442154,0.09680522233247757,0.09680522233247757,0.075458013266325,False,False,16000,False,,False,0.0,cpu,patch_nearest_normal,last2,14,0.05,False,,,0.0,0.000183458399987945,False,False,False,False
2026-08-16 13:17:27,baseline,transistor,evaluate,C:/cira_batch_test/transistor/bad_8.png,bad_8.png,anomaly,True,0.1737663298845291,0.1737663298845291,0.09680522233247757,0.09680522233247757,0.075458013266325,False,False,16000,False,,False,0.0,cpu,patch_nearest_normal,last2,14,0.05,False,,,0.0,0.000183458399987945,False,False,False,False
2026-08-16 13:17:28,baseline,transistor,evaluate,C:/cira_batch_test/transistor/bad_10.png,bad_10.png,anomaly,True,0.1326681673526764,0.1326681673526764,0.09680522233247757,0.09680522233247757,0.075458013266325,False,False,16000,False,,False,0.0,cpu,patch_nearest_normal,last2,14,0.05,False,,,0.0,0.000183458399987945,False,False,False,False
2026-08-16 13:17:30,baseline,transistor,evaluate,C:/cira_batch_test/transistor/good_4.png,good_4.png,normal,False,0.0641803964972496,0.0641803964972496,0.09680522233247757,0.09680522233247757,0.075458013266325,False,False,16000,False,,False,0.0,cpu,patch_nearest_normal,last2,14,0.05,False,,,0.0,0.000183458399987945,False,False,False,False
2026-08-16 13:17:31,baseline,transistor,evaluate,C:/cira_batch_test/transistor/bad_5.png,bad_5.png,anomaly,True,0.11719455569982529,0.11719455569982529,0.09680522233247757,0.09680522233247757,0.075458013266325,False,False,16000,False,,False,0.0,cpu,patch_nearest_normal,last2,14,0.05,False,,,0.0,0.000183458399987945,False,False,False,False
2026-08-16 13:17:33,baseline,transistor,evaluate,C:/cira_batch_test/transistor/good_20.png,good_20.png,normal,False,0.0745818242430687,0.0745818242430687,0.09680522233247757,0.09680522233247757,0.075458013266325,False,False,16000,False,,False,0.0,cpu,patch_nearest_normal,last2,14,0.05,False,,,0.0,0.000183458399987945,False,False,False,False
2026-08-16 13:17:34,baseline,transistor,evaluate,C:/cira_batch_test/transistor/good_18.png,good_18.png,normal,False,0.06887980550527573,0.06887980550527573,0.09680522233247757,0.09680522233247757,0.075458013266325,False,False,16000,False,,False,0.0,cpu,patch_nearest_normal,last2,14,0.05,False,,,0.0,0.000183458399987945,False,False,False,False
2026-08-16 13:17:35,baseline,transistor,evaluate,C:/cira_batch_test/transistor/good_11.png,good_11.png,normal,False,0.06767061352729797,0.06767061352729797,0.09680522233247757,0.09680522233247757,0.075458013266325,False,False,16000,False,,False,0.0,cpu,patch_nearest_normal,last2,14,0.05,False,,,0.0,0.000183458399987945,False,False,False,False
2026-08-16 13:17:37,baseline,transistor,evaluate,C:/cira_batch_test/transistor/good_9.png,good_9.png,normal,False,0.07659851759672165,0.07659851759672165,0.09680522233247757,0.09680522233247757,0.075458013266325,False,False,16000,False,,False,0.0,cpu,patch_nearest_normal,last2,14,0.05,False,,,0.0,0.000183458399987945,False,False,False,False
2026-08-16 13:17:38,baseline,transistor,evaluate,C:/cira_batch_test/transistor/good_16.png,good_16.png,normal,False,0.0755409374833107,0.0755409374833107,0.09680522233247757,0.09680522233247757,0.075458013266325,False,False,16000,False,,False,0.0,cpu,patch_nearest_normal,last2,14,0.05,False,,,0.0,0.000183458399987945,False,False,False,False
2026-08-16 13:17:40,baseline,transistor,evaluate,C:/cira_batch_test/transistor/bad_7.png,bad_7.png,anomaly,True,0.13377633690834045,0.13377633690834045,0.09680522233247757,0.09680522233247757,0.075458013266325,False,False,16000,False,,False,0.0,cpu,patch_nearest_normal,last2,14,0.05,False,,,0.0,0.000183458399987945,False,False,False,False
2026-08-16 13:17:41,baseline,transistor,evaluate,C:/cira_batch_test/transistor/good_13.png,good_13.png,normal,False,0.05943353846669197,0.05943353846669197,0.09680522233247757,0.09680522233247757,0.075458013266325,False,False,16000,False,,False,0.0,cpu,patch_nearest_normal,last2,14,0.05,False,,,0.0,0.000183458399987945,False,False,False,False
2026-08-16 13:17:42,baseline,transistor,evaluate,C:/cira_batch_test/transistor/good_5.png,good_5.png,normal,False,0.06902943551540375,0.06902943551540375,0.09680522233247757,0.09680522233247757,0.075458013266325,False,False,16000,False,,False,0.0,cpu,patch_nearest_normal,last2,14,0.05,False,,,0.0,0.000183458399987945,False,False,False,False
2026-08-16 13:17:44,baseline,transistor,evaluate,C:/cira_batch_test/transistor/good_2.png,good_2.png,normal,False,0.08248630166053772,0.08248630166053772,0.09680522233247757,0.09680522233247757,0.075458013266325,False,False,16000,False,,False,0.0,cpu,patch_nearest_normal,last2,14,0.05,False,,,0.0,0.000183458399987945,False,False,False,False
2026-08-16 13:17:45,baseline,transistor,evaluate,C:/cira_batch_test/transistor/bad_6.png,bad_6.png,normal,False,0.09266278147697449,0.09266278147697449,0.09680522233247757,0.09680522233247757,0.075458013266325,False,False,16000,False,,False,0.0,cpu,patch_nearest_normal,last2,14,0.05,False,,,0.0,0.000183458399987945,False,False,False,False
2026-08-16 13:17:46,baseline,transistor,evaluate,C:/cira_batch_test/transistor/bad_14.png,bad_14.png,anomaly,True,0.10494744777679443,0.10494744777679443,0.09680522233247757,0.09680522233247757,0.075458013266325,False,False,16000,False,,False,0.0,cpu,patch_nearest_normal,last2,14,0.05,False,,,0.0,0.000183458399987945,False,False,False,False
2026-08-16 13:17:48,baseline,transistor,evaluate,C:/cira_batch_test/transistor/good_3.png,good_3.png,normal,False,0.08495200425386429,0.08495200425386429,0.09680522233247757,0.09680522233247757,0.075458013266325,False,False,16000,False,,False,0.0,cpu,patch_nearest_normal,last2,14,0.05,False,,,0.0,0.000183458399987945,False,False,False,False
2026-08-16 13:17:49,baseline,transistor,evaluate,C:/cira_batch_test/transistor/bad_4.png,bad_4.png,normal,False,0.09207843989133835,0.09207843989133835,0.09680522233247757,0.09680522233247757,0.075458013266325,False,False,16000,False,,False,0.0,cpu,patch_nearest_normal,last2,14,0.05,False,,,0.0,0.000183458399987945,False,False,False,False
2026-08-16 13:17:51,baseline,transistor,evaluate,C:/cira_batch_test/transistor/bad_15.png,bad_15.png,anomaly,True,0.09790393710136414,0.09790393710136414,0.09680522233247757,0.09680522233247757,0.075458013266325,False,False,16000,False,,False,0.0,cpu,patch_nearest_normal,last2,14,0.05,False,,,0.0,0.000183458399987945,False,False,False,False
2026-08-16 13:17:52,baseline,transistor,evaluate,C:/cira_batch_test/transistor/good_8.png,good_8.png,normal,False,0.05996345356106758,0.05996345356106758,0.09680522233247757,0.09680522233247757,0.075458013266325,False,False,16000,False,,False,0.0,cpu,patch_nearest_normal,last2,14,0.05,False,,,0.0,0.000183458399987945,False,False,False,False
2026-08-16 13:17:53,baseline,transistor,evaluate,C:/cira_batch_test/transistor/bad_3.png,bad_3.png,anomaly,True,0.10247717052698135,0.10247717052698135,0.09680522233247757,0.09680522233247757,0.075458013266325,False,False,16000,False,,False,0.0,cpu,patch_nearest_normal,last2,14,0.05,False,,,0.0,0.000183458399987945,False,False,False,False
2026-08-16 13:17:55,baseline,transistor,evaluate,C:/cira_batch_test/transistor/bad_11.png,bad_11.png,normal,False,0.0766322985291481,0.0766322985291481,0.09680522233247757,0.09680522233247757,0.075458013266325,False,False,16000,False,,False,0.0,cpu,patch_nearest_normal,last2,14,0.05,False,,,0.0,0.000183458399987945,False,False,False,False
2026-08-16 13:17:56,baseline,transistor,evaluate,C:/cira_batch_test/transistor/good_19.png,good_19.png,normal,False,0.0787007063627243,0.0787007063627243,0.09680522233247757,0.09680522233247757,0.075458013266325,False,False,16000,False,,False,0.0,cpu,patch_nearest_normal,last2,14,0.05,False,,,0.0,0.000183458399987945,False,False,False,False
2026-08-16 13:17:58,baseline,transistor,evaluate,C:/cira_batch_test/transistor/good_12.png,good_12.png,normal,False,0.06170893460512161,0.06170893460512161,0.09680522233247757,0.09680522233247757,0.075458013266325,False,False,16000,False,,False,0.0,cpu,patch_nearest_normal,last2,14,0.05,False,,,0.0,0.000183458399987945,False,False,False,False
2026-08-16 13:17:59,baseline,transistor,evaluate,C:/cira_batch_test/transistor/good_15.png,good_15.png,normal,False,0.07400266826152802,0.07400266826152802,0.09680522233247757,0.09680522233247757,0.075458013266325,False,False,16000,False,,False,0.0,cpu,patch_nearest_normal,last2,14,0.05,False,,,0.0,0.000183458399987945,False,False,False,False
2026-08-16 13:18:00,baseline,transistor,evaluate,C:/cira_batch_test/transistor/bad_17.png,bad_17.png,anomaly,True,0.20765089988708496,0.20765089988708496,0.09680522233247757,0.09680522233247757,0.075458013266325,False,False,16000,False,,False,0.0,cpu,patch_nearest_normal,last2,14,0.05,False,,,0.0,0.000183458399987945,False,False,False,False
2026-08-16 13:18:02,baseline,transistor,evaluate,C:/cira_batch_test/transistor/bad_19.png,bad_19.png,anomaly,True,0.0999908596277237,0.0999908596277237,0.09680522233247757,0.09680522233247757,0.075458013266325,False,False,16000,False,,False,0.0,cpu,patch_nearest_normal,last2,14,0.05,False,,,0.0,0.000183458399987945,False,False,False,False
2026-08-16 13:18:03,baseline,transistor,evaluate,C:/cira_batch_test/transistor/bad_1.png,bad_1.png,anomaly,True,0.12229273468255997,0.12229273468255997,0.09680522233247757,0.09680522233247757,0.075458013266325,False,False,16000,False,,False,0.0,cpu,patch_nearest_normal,last2,14,0.05,False,,,0.0,0.000183458399987945,False,False,False,False
2026-08-16 13:18:04,baseline,transistor,evaluate,C:/cira_batch_test/transistor/good_14.png,good_14.png,normal,False,0.0657837986946106,0.0657837986946106,0.09680522233247757,0.09680522233247757,0.075458013266325,False,False,16000,False,,False,0.0,cpu,patch_nearest_normal,last2,14,0.05,False,,,0.0,0.000183458399987945,False,False,False,False
2026-08-16 13:18:06,baseline,wood,evaluate,C:/cira_batch_test/wood/good_1.png,good_1.png,normal,False,0.035984765738248825,0.035984765738248825,0.045799076557159424,0.045799076557159424,0.037343646213412296,False,False,16000,False,,False,0.0,cpu,patch_nearest_normal,last2,14,0.05,False,,,0.0,0.00010775983100752,False,False,False,False
2026-08-16 13:18:07,baseline,wood,evaluate,C:/cira_batch_test/wood/bad_16.png,bad_16.png,anomaly,True,0.2178620994091034,0.2178620994091034,0.045799076557159424,0.045799076557159424,0.037343646213412296,False,False,16000,False,,False,0.0,cpu,patch_nearest_normal,last2,14,0.05,False,,,0.0,0.00010775983100752,False,False,False,False
2026-08-16 13:18:09,baseline,wood,evaluate,C:/cira_batch_test/wood/bad_20.png,bad_20.png,anomaly,True,0.1708804816007614,0.1708804816007614,0.045799076557159424,0.045799076557159424,0.037343646213412296,False,False,16000,False,,False,0.0,cpu,patch_nearest_normal,last2,14,0.05,False,,,0.0,0.00010775983100752,False,False,False,False
2026-08-16 13:18:10,baseline,wood,evaluate,C:/cira_batch_test/wood/bad_12.png,bad_12.png,anomaly,True,0.18334026634693146,0.18334026634693146,0.045799076557159424,0.045799076557159424,0.037343646213412296,False,False,16000,False,,False,0.0,cpu,patch_nearest_normal,last2,14,0.05,False,,,0.0,0.00010775983100752,False,False,False,False
2026-08-16 13:18:12,baseline,wood,evaluate,C:/cira_batch_test/wood/good_17.png,good_17.png,normal,False,0.04231134057044983,0.04231134057044983,0.045799076557159424,0.045799076557159424,0.037343646213412296,False,False,16000,False,,False,0.0,cpu,patch_nearest_normal,last2,14,0.05,False,,,0.0,0.00010775983100752,False,False,False,False
2026-08-16 13:18:13,baseline,wood,evaluate,C:/cira_batch_test/wood/bad_9.png,bad_9.png,anomaly,True,0.21411867439746857,0.21411867439746857,0.045799076557159424,0.045799076557159424,0.037343646213412296,False,False,16000,False,,False,0.0,cpu,patch_nearest_normal,last2,14,0.05,False,,,0.0,0.00010775983100752,False,False,False,False
2026-08-16 13:18:14,baseline,wood,evaluate,C:/cira_batch_test/wood/bad_18.png,bad_18.png,anomaly,True,0.3986118733882904,0.3986118733882904,0.045799076557159424,0.045799076557159424,0.037343646213412296,False,False,16000,False,,False,0.0,cpu,patch_nearest_normal,last2,14,0.05,False,,,0.0,0.00010775983100752,False,False,False,False
2026-08-16 13:18:16,baseline,wood,evaluate,C:/cira_batch_test/wood/bad_13.png,bad_13.png,anomaly,True,0.3154454231262207,0.3154454231262207,0.045799076557159424,0.045799076557159424,0.037343646213412296,False,False,16000,False,,False,0.0,cpu,patch_nearest_normal,last2,14,0.05,False,,,0.0,0.00010775983100752,False,False,False,False
2026-08-16 13:18:17,baseline,wood,evaluate,C:/cira_batch_test/wood/bad_2.png,bad_2.png,anomaly,True,0.2760295271873474,0.2760295271873474,0.045799076557159424,0.045799076557159424,0.037343646213412296,False,False,16000,False,,False,0.0,cpu,patch_nearest_normal,last2,14,0.05,False,,,0.0,0.00010775983100752,False,False,False,False
2026-08-16 13:18:19,baseline,wood,evaluate,C:/cira_batch_test/wood/good_6.png,good_6.png,normal,False,0.02328743413090706,0.02328743413090706,0.045799076557159424,0.045799076557159424,0.037343646213412296,False,False,16000,False,,False,0.0,cpu,patch_nearest_normal,last2,14,0.05,False,,,0.0,0.00010775983100752,False,False,False,False
2026-08-16 13:18:20,baseline,wood,evaluate,C:/cira_batch_test/wood/good_10.png,good_10.png,anomaly,True,0.08949723839759827,0.08949723839759827,0.045799076557159424,0.045799076557159424,0.037343646213412296,False,False,16000,False,,False,0.0,cpu,patch_nearest_normal,last2,14,0.05,False,,,0.0,0.00010775983100752,False,False,False,False
2026-08-16 13:18:21,baseline,wood,evaluate,C:/cira_batch_test/wood/good_7.png,good_7.png,normal,False,0.021703410893678665,0.021703410893678665,0.045799076557159424,0.045799076557159424,0.037343646213412296,False,False,16000,False,,False,0.0,cpu,patch_nearest_normal,last2,14,0.05,False,,,0.0,0.00010775983100752,False,False,False,False
2026-08-16 13:18:23,baseline,wood,evaluate,C:/cira_batch_test/wood/bad_8.png,bad_8.png,anomaly,True,0.22193972766399384,0.22193972766399384,0.045799076557159424,0.045799076557159424,0.037343646213412296,False,False,16000,False,,False,0.0,cpu,patch_nearest_normal,last2,14,0.05,False,,,0.0,0.00010775983100752,False,False,False,False
2026-08-16 13:18:24,baseline,wood,evaluate,C:/cira_batch_test/wood/bad_10.png,bad_10.png,anomaly,True,0.2777043879032135,0.2777043879032135,0.045799076557159424,0.045799076557159424,0.037343646213412296,False,False,16000,False,,False,0.0,cpu,patch_nearest_normal,last2,14,0.05,False,,,0.0,0.00010775983100752,False,False,False,False
2026-08-16 13:18:26,baseline,wood,evaluate,C:/cira_batch_test/wood/good_4.png,good_4.png,normal,False,0.022230541333556175,0.022230541333556175,0.045799076557159424,0.045799076557159424,0.037343646213412296,False,False,16000,False,,False,0.0,cpu,patch_nearest_normal,last2,14,0.05,False,,,0.0,0.00010775983100752,False,False,False,False
2026-08-16 13:18:27,baseline,wood,evaluate,C:/cira_batch_test/wood/bad_5.png,bad_5.png,anomaly,True,0.24019880592823029,0.24019880592823029,0.045799076557159424,0.045799076557159424,0.037343646213412296,False,False,16000,False,,False,0.0,cpu,patch_nearest_normal,last2,14,0.05,False,,,0.0,0.00010775983100752,False,False,False,False
2026-08-16 13:18:28,baseline,wood,evaluate,C:/cira_batch_test/wood/good_20.png,good_20.png,normal,False,0.025703739374876022,0.025703739374876022,0.045799076557159424,0.045799076557159424,0.037343646213412296,False,False,16000,False,,False,0.0,cpu,patch_nearest_normal,last2,14,0.05,False,,,0.0,0.00010775983100752,False,False,False,False
2026-08-16 13:18:30,baseline,wood,evaluate,C:/cira_batch_test/wood/good_18.png,good_18.png,normal,False,0.04051681607961655,0.04051681607961655,0.045799076557159424,0.045799076557159424,0.037343646213412296,False,False,16000,False,,False,0.0,cpu,patch_nearest_normal,last2,14,0.05,False,,,0.0,0.00010775983100752,False,False,False,False
2026-08-16 13:18:31,baseline,wood,evaluate,C:/cira_batch_test/wood/good_11.png,good_11.png,normal,False,0.036040049046278,0.036040049046278,0.045799076557159424,0.045799076557159424,0.037343646213412296,False,False,16000,False,,False,0.0,cpu,patch_nearest_normal,last2,14,0.05,False,,,0.0,0.00010775983100752,False,False,False,False
2026-08-16 13:18:33,baseline,wood,evaluate,C:/cira_batch_test/wood/good_9.png,good_9.png,anomaly,True,0.05528273433446884,0.05528273433446884,0.045799076557159424,0.045799076557159424,0.037343646213412296,False,False,16000,False,,False,0.0,cpu,patch_nearest_normal,last2,14,0.05,False,,,0.0,0.00010775983100752,False,False,False,False
2026-08-16 13:18:34,baseline,wood,evaluate,C:/cira_batch_test/wood/good_16.png,good_16.png,normal,False,0.036928534507751465,0.036928534507751465,0.045799076557159424,0.045799076557159424,0.037343646213412296,False,False,16000,False,,False,0.0,cpu,patch_nearest_normal,last2,14,0.05,False,,,0.0,0.00010775983100752,False,False,False,False
2026-08-16 13:18:35,baseline,wood,evaluate,C:/cira_batch_test/wood/bad_7.png,bad_7.png,anomaly,True,0.09873811155557632,0.09873811155557632,0.045799076557159424,0.045799076557159424,0.037343646213412296,False,False,16000,False,,False,0.0,cpu,patch_nearest_normal,last2,14,0.05,False,,,0.0,0.00010775983100752,False,False,False,False
2026-08-16 13:18:37,baseline,wood,evaluate,C:/cira_batch_test/wood/good_13.png,good_13.png,anomaly,True,0.04830441623926163,0.04830441623926163,0.045799076557159424,0.045799076557159424,0.037343646213412296,False,False,16000,False,,False,0.0,cpu,patch_nearest_normal,last2,14,0.05,False,,,0.0,0.00010775983100752,False,False,False,False
2026-08-16 13:18:38,baseline,wood,evaluate,C:/cira_batch_test/wood/good_5.png,good_5.png,normal,False,0.02228713594377041,0.02228713594377041,0.045799076557159424,0.045799076557159424,0.037343646213412296,False,False,16000,False,,False,0.0,cpu,patch_nearest_normal,last2,14,0.05,False,,,0.0,0.00010775983100752,False,False,False,False
2026-08-16 13:18:40,baseline,wood,evaluate,C:/cira_batch_test/wood/good_2.png,good_2.png,normal,False,0.027348315343260765,0.027348315343260765,0.045799076557159424,0.045799076557159424,0.037343646213412296,False,False,16000,False,,False,0.0,cpu,patch_nearest_normal,last2,14,0.05,False,,,0.0,0.00010775983100752,False,False,False,False
2026-08-16 13:18:41,baseline,wood,evaluate,C:/cira_batch_test/wood/bad_6.png,bad_6.png,anomaly,True,0.22265997529029846,0.22265997529029846,0.045799076557159424,0.045799076557159424,0.037343646213412296,False,False,16000,False,,False,0.0,cpu,patch_nearest_normal,last2,14,0.05,False,,,0.0,0.00010775983100752,False,False,False,False
2026-08-16 13:18:43,baseline,wood,evaluate,C:/cira_batch_test/wood/bad_14.png,bad_14.png,anomaly,True,0.23999524116516113,0.23999524116516113,0.045799076557159424,0.045799076557159424,0.037343646213412296,False,False,16000,False,,False,0.0,cpu,patch_nearest_normal,last2,14,0.05,False,,,0.0,0.00010775983100752,False,False,False,False
2026-08-16 13:18:44,baseline,wood,evaluate,C:/cira_batch_test/wood/good_3.png,good_3.png,normal,False,0.024460231885313988,0.024460231885313988,0.045799076557159424,0.045799076557159424,0.037343646213412296,False,False,16000,False,,False,0.0,cpu,patch_nearest_normal,last2,14,0.05,False,,,0.0,0.00010775983100752,False,False,False,False
2026-08-16 13:18:46,baseline,wood,evaluate,C:/cira_batch_test/wood/bad_4.png,bad_4.png,anomaly,True,0.3489580750465393,0.3489580750465393,0.045799076557159424,0.045799076557159424,0.037343646213412296,False,False,16000,False,,False,0.0,cpu,patch_nearest_normal,last2,14,0.05,False,,,0.0,0.00010775983100752,False,False,False,False
2026-08-16 13:18:47,baseline,wood,evaluate,C:/cira_batch_test/wood/bad_15.png,bad_15.png,anomaly,True,0.214952751994133,0.214952751994133,0.045799076557159424,0.045799076557159424,0.037343646213412296,False,False,16000,False,,False,0.0,cpu,patch_nearest_normal,last2,14,0.05,False,,,0.0,0.00010775983100752,False,False,False,False
2026-08-16 13:18:48,baseline,wood,evaluate,C:/cira_batch_test/wood/good_8.png,good_8.png,anomaly,True,0.04845724627375603,0.04845724627375603,0.045799076557159424,0.045799076557159424,0.037343646213412296,False,False,16000,False,,False,0.0,cpu,patch_nearest_normal,last2,14,0.05,False,,,0.0,0.00010775983100752,False,False,False,False
2026-08-16 13:18:50,baseline,wood,evaluate,C:/cira_batch_test/wood/bad_3.png,bad_3.png,anomaly,True,0.25414711236953735,0.25414711236953735,0.045799076557159424,0.045799076557159424,0.037343646213412296,False,False,16000,False,,False,0.0,cpu,patch_nearest_normal,last2,14,0.05,False,,,0.0,0.00010775983100752,False,False,False,False
2026-08-16 13:18:51,baseline,wood,evaluate,C:/cira_batch_test/wood/bad_11.png,bad_11.png,anomaly,True,0.08606530725955963,0.08606530725955963,0.045799076557159424,0.045799076557159424,0.037343646213412296,False,False,16000,False,,False,0.0,cpu,patch_nearest_normal,last2,14,0.05,False,,,0.0,0.00010775983100752,False,False,False,False
2026-08-16 13:18:53,baseline,wood,evaluate,C:/cira_batch_test/wood/good_19.png,good_19.png,anomaly,True,0.052011024206876755,0.052011024206876755,0.045799076557159424,0.045799076557159424,0.037343646213412296,False,False,16000,False,,False,0.0,cpu,patch_nearest_normal,last2,14,0.05,False,,,0.0,0.00010775983100752,False,False,False,False
2026-08-16 13:18:54,baseline,wood,evaluate,C:/cira_batch_test/wood/good_12.png,good_12.png,normal,False,0.039085716009140015,0.039085716009140015,0.045799076557159424,0.045799076557159424,0.037343646213412296,False,False,16000,False,,False,0.0,cpu,patch_nearest_normal,last2,14,0.05,False,,,0.0,0.00010775983100752,False,False,False,False
2026-08-16 13:18:55,baseline,wood,evaluate,C:/cira_batch_test/wood/good_15.png,good_15.png,anomaly,True,0.05198905989527702,0.05198905989527702,0.045799076557159424,0.045799076557159424,0.037343646213412296,False,False,16000,False,,False,0.0,cpu,patch_nearest_normal,last2,14,0.05,False,,,0.0,0.00010775983100752,False,False,False,False
2026-08-16 13:18:57,baseline,wood,evaluate,C:/cira_batch_test/wood/bad_17.png,bad_17.png,anomaly,True,0.3650740683078766,0.3650740683078766,0.045799076557159424,0.045799076557159424,0.037343646213412296,False,False,16000,False,,False,0.0,cpu,patch_nearest_normal,last2,14,0.05,False,,,0.0,0.00010775983100752,False,False,False,False
2026-08-16 13:18:58,baseline,wood,evaluate,C:/cira_batch_test/wood/bad_19.png,bad_19.png,anomaly,True,0.21836884319782257,0.21836884319782257,0.045799076557159424,0.045799076557159424,0.037343646213412296,False,False,16000,False,,False,0.0,cpu,patch_nearest_normal,last2,14,0.05,False,,,0.0,0.00010775983100752,False,False,False,False
2026-08-16 13:19:00,baseline,wood,evaluate,C:/cira_batch_test/wood/bad_1.png,bad_1.png,anomaly,True,0.34858831763267517,0.34858831763267517,0.045799076557159424,0.045799076557159424,0.037343646213412296,False,False,16000,False,,False,0.0,cpu,patch_nearest_normal,last2,14,0.05,False,,,0.0,0.00010775983100752,False,False,False,False
2026-08-16 13:19:01,baseline,wood,evaluate,C:/cira_batch_test/wood/good_14.png,good_14.png,anomaly,True,0.04880259186029434,0.04880259186029434,0.045799076557159424,0.045799076557159424,0.037343646213412296,False,False,16000,False,,False,0.0,cpu,patch_nearest_normal,last2,14,0.05,False,,,0.0,0.00010775983100752,False,False,False,False
2026-08-16 13:19:03,baseline,zipper,evaluate,C:/cira_batch_test/zipper/good_1.png,good_1.png,normal,False,0.02195020392537117,0.02195020392537117,0.024298595264554024,0.024298595264554024,0.026275477930903436,False,False,16000,False,,False,0.0,cpu,patch_nearest_normal,last2,14,0.05,False,,,0.0,0.00012004206546407001,False,False,False,False
2026-08-16 13:19:04,baseline,zipper,evaluate,C:/cira_batch_test/zipper/bad_16.png,bad_16.png,anomaly,True,0.04848118871450424,0.04848118871450424,0.024298595264554024,0.024298595264554024,0.026275477930903436,False,False,16000,False,,False,0.0,cpu,patch_nearest_normal,last2,14,0.05,False,,,0.0,0.00012004206546407001,False,False,False,False
2026-08-16 13:19:05,baseline,zipper,evaluate,C:/cira_batch_test/zipper/bad_20.png,bad_20.png,anomaly,True,0.04699935391545296,0.04699935391545296,0.024298595264554024,0.024298595264554024,0.026275477930903436,False,False,16000,False,,False,0.0,cpu,patch_nearest_normal,last2,14,0.05,False,,,0.0,0.00012004206546407001,False,False,False,False
2026-08-16 13:19:07,baseline,zipper,evaluate,C:/cira_batch_test/zipper/bad_12.png,bad_12.png,normal,False,0.024127965793013573,0.024127965793013573,0.024298595264554024,0.024298595264554024,0.026275477930903436,False,False,16000,False,,False,0.0,cpu,patch_nearest_normal,last2,14,0.05,False,,,0.0,0.00012004206546407001,False,False,False,False
2026-08-16 13:19:08,baseline,zipper,evaluate,C:/cira_batch_test/zipper/good_17.png,good_17.png,normal,False,0.02266213297843933,0.02266213297843933,0.024298595264554024,0.024298595264554024,0.026275477930903436,False,False,16000,False,,False,0.0,cpu,patch_nearest_normal,last2,14,0.05,False,,,0.0,0.00012004206546407001,False,False,False,False
2026-08-16 13:19:10,baseline,zipper,evaluate,C:/cira_batch_test/zipper/bad_9.png,bad_9.png,anomaly,True,0.1401902288198471,0.1401902288198471,0.024298595264554024,0.024298595264554024,0.026275477930903436,False,False,16000,False,,False,0.0,cpu,patch_nearest_normal,last2,14,0.05,False,,,0.0,0.00012004206546407001,False,False,False,False
2026-08-16 13:19:11,baseline,zipper,evaluate,C:/cira_batch_test/zipper/bad_18.png,bad_18.png,anomaly,True,0.07071919739246368,0.07071919739246368,0.024298595264554024,0.024298595264554024,0.026275477930903436,False,False,16000,False,,False,0.0,cpu,patch_nearest_normal,last2,14,0.05,False,,,0.0,0.00012004206546407001,False,False,False,False
2026-08-16 13:19:12,baseline,zipper,evaluate,C:/cira_batch_test/zipper/bad_13.png,bad_13.png,anomaly,True,0.04015165567398071,0.04015165567398071,0.024298595264554024,0.024298595264554024,0.026275477930903436,False,False,16000,False,,False,0.0,cpu,patch_nearest_normal,last2,14,0.05,False,,,0.0,0.00012004206546407001,False,False,False,False
2026-08-16 13:19:14,baseline,zipper,evaluate,C:/cira_batch_test/zipper/bad_2.png,bad_2.png,anomaly,True,0.046556003391742706,0.046556003391742706,0.024298595264554024,0.024298595264554024,0.026275477930903436,False,False,16000,False,,False,0.0,cpu,patch_nearest_normal,last2,14,0.05,False,,,0.0,0.00012004206546407001,False,False,False,False
2026-08-16 13:19:15,baseline,zipper,evaluate,C:/cira_batch_test/zipper/good_6.png,good_6.png,normal,False,0.022386830300092697,0.022386830300092697,0.024298595264554024,0.024298595264554024,0.026275477930903436,False,False,16000,False,,False,0.0,cpu,patch_nearest_normal,last2,14,0.05,False,,,0.0,0.00012004206546407001,False,False,False,False
2026-08-16 13:19:16,baseline,zipper,evaluate,C:/cira_batch_test/zipper/good_10.png,good_10.png,normal,False,0.023233484476804733,0.023233484476804733,0.024298595264554024,0.024298595264554024,0.026275477930903436,False,False,16000,False,,False,0.0,cpu,patch_nearest_normal,last2,14,0.05,False,,,0.0,0.00012004206546407001,False,False,False,False
2026-08-16 13:19:18,baseline,zipper,evaluate,C:/cira_batch_test/zipper/good_7.png,good_7.png,normal,False,0.02107989229261875,0.02107989229261875,0.024298595264554024,0.024298595264554024,0.026275477930903436,False,False,16000,False,,False,0.0,cpu,patch_nearest_normal,last2,14,0.05,False,,,0.0,0.00012004206546407001,False,False,False,False
2026-08-16 13:19:19,baseline,zipper,evaluate,C:/cira_batch_test/zipper/bad_8.png,bad_8.png,anomaly,True,0.1497354656457901,0.1497354656457901,0.024298595264554024,0.024298595264554024,0.026275477930903436,False,False,16000,False,,False,0.0,cpu,patch_nearest_normal,last2,14,0.05,False,,,0.0,0.00012004206546407001,False,False,False,False
2026-08-16 13:19:20,baseline,zipper,evaluate,C:/cira_batch_test/zipper/bad_10.png,bad_10.png,anomaly,True,0.024993807077407837,0.024993807077407837,0.024298595264554024,0.024298595264554024,0.026275477930903436,False,False,16000,False,,False,0.0,cpu,patch_nearest_normal,last2,14,0.05,False,,,0.0,0.00012004206546407001,False,False,False,False
2026-08-16 13:19:22,baseline,zipper,evaluate,C:/cira_batch_test/zipper/good_4.png,good_4.png,anomaly,True,0.026951557025313377,0.026951557025313377,0.024298595264554024,0.024298595264554024,0.026275477930903436,False,False,16000,False,,False,0.0,cpu,patch_nearest_normal,last2,14,0.05,False,,,0.0,0.00012004206546407001,False,False,False,False
2026-08-16 13:19:23,baseline,zipper,evaluate,C:/cira_batch_test/zipper/bad_5.png,bad_5.png,anomaly,True,0.04069892317056656,0.04069892317056656,0.024298595264554024,0.024298595264554024,0.026275477930903436,False,False,16000,False,,False,0.0,cpu,patch_nearest_normal,last2,14,0.05,False,,,0.0,0.00012004206546407001,False,False,False,False
2026-08-16 13:19:25,baseline,zipper,evaluate,C:/cira_batch_test/zipper/good_20.png,good_20.png,normal,False,0.02130138874053955,0.02130138874053955,0.024298595264554024,0.024298595264554024,0.026275477930903436,False,False,16000,False,,False,0.0,cpu,patch_nearest_normal,last2,14,0.05,False,,,0.0,0.00012004206546407001,False,False,False,False
2026-08-16 13:19:26,baseline,zipper,evaluate,C:/cira_batch_test/zipper/good_18.png,good_18.png,normal,False,0.01865895465016365,0.01865895465016365,0.024298595264554024,0.024298595264554024,0.026275477930903436,False,False,16000,False,,False,0.0,cpu,patch_nearest_normal,last2,14,0.05,False,,,0.0,0.00012004206546407001,False,False,False,False
2026-08-16 13:19:27,baseline,zipper,evaluate,C:/cira_batch_test/zipper/good_11.png,good_11.png,normal,False,0.01992437243461609,0.01992437243461609,0.024298595264554024,0.024298595264554024,0.026275477930903436,False,False,16000,False,,False,0.0,cpu,patch_nearest_normal,last2,14,0.05,False,,,0.0,0.00012004206546407001,False,False,False,False
2026-08-16 13:19:29,baseline,zipper,evaluate,C:/cira_batch_test/zipper/good_9.png,good_9.png,normal,False,0.022292345762252808,0.022292345762252808,0.024298595264554024,0.024298595264554024,0.026275477930903436,False,False,16000,False,,False,0.0,cpu,patch_nearest_normal,last2,14,0.05,False,,,0.0,0.00012004206546407001,False,False,False,False
2026-08-16 13:19:30,baseline,zipper,evaluate,C:/cira_batch_test/zipper/good_16.png,good_16.png,normal,False,0.024090582504868507,0.024090582504868507,0.024298595264554024,0.024298595264554024,0.026275477930903436,False,False,16000,False,,False,0.0,cpu,patch_nearest_normal,last2,14,0.05,False,,,0.0,0.00012004206546407001,False,False,False,False
2026-08-16 13:19:31,baseline,zipper,evaluate,C:/cira_batch_test/zipper/bad_7.png,bad_7.png,anomaly,True,0.08906172215938568,0.08906172215938568,0.024298595264554024,0.024298595264554024,0.026275477930903436,False,False,16000,False,,False,0.0,cpu,patch_nearest_normal,last2,14,0.05,False,,,0.0,0.00012004206546407001,False,False,False,False
2026-08-16 13:19:33,baseline,zipper,evaluate,C:/cira_batch_test/zipper/good_13.png,good_13.png,anomaly,True,0.024336963891983032,0.024336963891983032,0.024298595264554024,0.024298595264554024,0.026275477930903436,False,False,16000,False,,False,0.0,cpu,patch_nearest_normal,last2,14,0.05,False,,,0.0,0.00012004206546407001,False,False,False,False
2026-08-16 13:19:34,baseline,zipper,evaluate,C:/cira_batch_test/zipper/good_5.png,good_5.png,anomaly,True,0.027499288320541382,0.027499288320541382,0.024298595264554024,0.024298595264554024,0.026275477930903436,False,False,16000,False,,False,0.0,cpu,patch_nearest_normal,last2,14,0.05,False,,,0.0,0.00012004206546407001,False,False,False,False
2026-08-16 13:19:35,baseline,zipper,evaluate,C:/cira_batch_test/zipper/good_2.png,good_2.png,anomaly,True,0.027953868731856346,0.027953868731856346,0.024298595264554024,0.024298595264554024,0.026275477930903436,False,False,16000,False,,False,0.0,cpu,patch_nearest_normal,last2,14,0.05,False,,,0.0,0.00012004206546407001,False,False,False,False
2026-08-16 13:19:37,baseline,zipper,evaluate,C:/cira_batch_test/zipper/bad_6.png,bad_6.png,anomaly,True,0.08144714683294296,0.08144714683294296,0.024298595264554024,0.024298595264554024,0.026275477930903436,False,False,16000,False,,False,0.0,cpu,patch_nearest_normal,last2,14,0.05,False,,,0.0,0.00012004206546407001,False,False,False,False
2026-08-16 13:19:38,baseline,zipper,evaluate,C:/cira_batch_test/zipper/bad_14.png,bad_14.png,anomaly,True,0.04742743447422981,0.04742743447422981,0.024298595264554024,0.024298595264554024,0.026275477930903436,False,False,16000,False,,False,0.0,cpu,patch_nearest_normal,last2,14,0.05,False,,,0.0,0.00012004206546407001,False,False,False,False
2026-08-16 13:19:39,baseline,zipper,evaluate,C:/cira_batch_test/zipper/good_3.png,good_3.png,normal,False,0.023056048899888992,0.023056048899888992,0.024298595264554024,0.024298595264554024,0.026275477930903436,False,False,16000,False,,False,0.0,cpu,patch_nearest_normal,last2,14,0.05,False,,,0.0,0.00012004206546407001,False,False,False,False
2026-08-16 13:19:41,baseline,zipper,evaluate,C:/cira_batch_test/zipper/bad_4.png,bad_4.png,anomaly,True,0.10076017677783966,0.10076017677783966,0.024298595264554024,0.024298595264554024,0.026275477930903436,False,False,16000,False,,False,0.0,cpu,patch_nearest_normal,last2,14,0.05,False,,,0.0,0.00012004206546407001,False,False,False,False
2026-08-16 13:19:42,baseline,zipper,evaluate,C:/cira_batch_test/zipper/bad_15.png,bad_15.png,anomaly,True,0.07051140069961548,0.07051140069961548,0.024298595264554024,0.024298595264554024,0.026275477930903436,False,False,16000,False,,False,0.0,cpu,patch_nearest_normal,last2,14,0.05,False,,,0.0,0.00012004206546407001,False,False,False,False
2026-08-16 13:19:44,baseline,zipper,evaluate,C:/cira_batch_test/zipper/good_8.png,good_8.png,anomaly,True,0.02685145102441311,0.02685145102441311,0.024298595264554024,0.024298595264554024,0.026275477930903436,False,False,16000,False,,False,0.0,cpu,patch_nearest_normal,last2,14,0.05,False,,,0.0,0.00012004206546407001,False,False,False,False
2026-08-16 13:19:45,baseline,zipper,evaluate,C:/cira_batch_test/zipper/bad_3.png,bad_3.png,anomaly,True,0.029491882771253586,0.029491882771253586,0.024298595264554024,0.024298595264554024,0.026275477930903436,False,False,16000,False,,False,0.0,cpu,patch_nearest_normal,last2,14,0.05,False,,,0.0,0.00012004206546407001,False,False,False,False
2026-08-16 13:19:46,baseline,zipper,evaluate,C:/cira_batch_test/zipper/bad_11.png,bad_11.png,anomaly,True,0.036494940519332886,0.036494940519332886,0.024298595264554024,0.024298595264554024,0.026275477930903436,False,False,16000,False,,False,0.0,cpu,patch_nearest_normal,last2,14,0.05,False,,,0.0,0.00012004206546407001,False,False,False,False
2026-08-16 13:19:48,baseline,zipper,evaluate,C:/cira_batch_test/zipper/good_19.png,good_19.png,normal,False,0.023339033126831055,0.023339033126831055,0.024298595264554024,0.024298595264554024,0.026275477930903436,False,False,16000,False,,False,0.0,cpu,patch_nearest_normal,last2,14,0.05,False,,,0.0,0.00012004206546407001,False,False,False,False
2026-08-16 13:19:49,baseline,zipper,evaluate,C:/cira_batch_test/zipper/good_12.png,good_12.png,normal,False,0.02296919748187065,0.02296919748187065,0.024298595264554024,0.024298595264554024,0.026275477930903436,False,False,16000,False,,False,0.0,cpu,patch_nearest_normal,last2,14,0.05,False,,,0.0,0.00012004206546407001,False,False,False,False
2026-08-16 13:19:50,baseline,zipper,evaluate,C:/cira_batch_test/zipper/good_15.png,good_15.png,normal,False,0.020119190216064453,0.020119190216064453,0.024298595264554024,0.024298595264554024,0.026275477930903436,False,False,16000,False,,False,0.0,cpu,patch_nearest_normal,last2,14,0.05,False,,,0.0,0.00012004206546407001,False,False,False,False
2026-08-16 13:19:52,baseline,zipper,evaluate,C:/cira_batch_test/zipper/bad_17.png,bad_17.png,anomaly,True,0.055699534714221954,0.055699534714221954,0.024298595264554024,0.024298595264554024,0.026275477930903436,False,False,16000,False,,False,0.0,cpu,patch_nearest_normal,last2,14,0.05,False,,,0.0,0.00012004206546407001,False,False,False,False
2026-08-16 13:19:53,baseline,zipper,evaluate,C:/cira_batch_test/zipper/bad_19.png,bad_19.png,anomaly,True,0.05440456420183182,0.05440456420183182,0.024298595264554024,0.024298595264554024,0.026275477930903436,False,False,16000,False,,False,0.0,cpu,patch_nearest_normal,last2,14,0.05,False,,,0.0,0.00012004206546407001,False,False,False,False
2026-08-16 13:19:55,baseline,zipper,evaluate,C:/cira_batch_test/zipper/bad_1.png,bad_1.png,anomaly,True,0.032704222947359085,0.032704222947359085,0.024298595264554024,0.024298595264554024,0.026275477930903436,False,False,16000,False,,False,0.0,cpu,patch_nearest_normal,last2,14,0.05,False,,,0.0,0.00012004206546407001,False,False,False,False
2026-08-16 13:19:56,baseline,zipper,evaluate,C:/cira_batch_test/zipper/good_14.png,good_14.png,normal,False,0.021114777773618698,0.021114777773618698,0.024298595264554024,0.024298595264554024,0.026275477930903436,False,False,16000,False,,False,0.0,cpu,patch_nearest_normal,last2,14,0.05,False,,,0.0,0.00012004206546407001,False,False,False,False
