timestamp,experiment,category,mode,image_path,file_name,label,is_anomaly,score_before,anomaly_score,threshold,anomaly_threshold,update_threshold,threshold_reloaded,updated_memory,memory_size,update_allowed,update_loss,adapter_updated,adapter_delta_norm,device,score_method,feature_choice,patch_grid,patch_top_fraction,checkpoint_saved,checkpoint_memory_path,checkpoint_adapter_path,consistency_error,consistency_threshold,score_gate_pass,consistency_gate_pass,adapter_update_enabled,memory_update_enabled
2026-08-16 07:46:48,full_ctta,bottle,monitor,C:/cira_batch_test/bottle/bad_10.png,bad_10.png,anomaly,True,0.1676427572965622,0.1676427572965622,0.02815022391963134,0.02815022391963134,0.02531116753816605,False,False,16000,False,,False,0.0,cpu,patch_nearest_normal,last2,14,0.05,False,,,0.00012889393838122487,0.00011476924591981,False,False,True,True
2026-08-16 07:46:49,full_ctta,bottle,monitor,C:/cira_batch_test/bottle/good_16.png,good_16.png,normal,False,0.026176607236266136,0.026176607236266136,0.02815022391963134,0.02815022391963134,0.02531116753816605,False,False,16000,False,,False,0.0,cpu,patch_nearest_normal,last2,14,0.05,False,,,0.00010438040771987289,0.00011476924591981,False,True,True,True
2026-08-16 07:46:52,full_ctta,bottle,monitor,C:/cira_batch_test/bottle/bad_12.png,bad_12.png,anomaly,True,0.22920450568199158,0.22920450568199158,0.02815022391963134,0.02815022391963134,0.02531116753816605,False,False,16000,False,,False,0.0,cpu,patch_nearest_normal,last2,14,0.05,False,,,0.00011662686301860958,0.00011476924591981,False,False,True,True
2026-08-16 07:46:53,full_ctta,bottle,monitor,C:/cira_batch_test/bottle/good_11.png,good_11.png,normal,False,0.022600973024964333,3.159046286782541e-07,0.02815022391963134,0.02815022391963134,0.02531116753816605,False,True,16000,True,0.00011795100726885721,True,0.0029696763958781958,cpu,patch_nearest_normal,last2,14,0.05,False,,,0.00010875903535634279,0.00011476924591981,True,True,True,True
2026-08-16 07:46:55,full_ctta,bottle,monitor,C:/cira_batch_test/bottle/bad_13.png,bad_13.png,anomaly,True,0.26852676272392273,0.26852676272392273,0.02815022391963134,0.02815022391963134,0.02531116753816605,False,False,16000,False,,False,0.0,cpu,patch_nearest_normal,last2,14,0.05,False,,,0.00012471384252421558,0.00011476924591981,False,False,True,True
2026-08-16 07:46:56,full_ctta,bottle,monitor,C:/cira_batch_test/bottle/good_7.png,good_7.png,anomaly,True,0.032072316855192184,0.032072316855192184,0.02815022391963134,0.02815022391963134,0.02531116753816605,False,False,16000,False,,False,0.0,cpu,patch_nearest_normal,last2,14,0.05,False,,,0.00010844528878806159,0.00011476924591981,False,True,True,True
2026-08-16 07:46:58,full_ctta,bottle,monitor,C:/cira_batch_test/bottle/good_8.png,good_8.png,normal,False,0.022206569090485573,2.74181360282455e-07,0.02815022391963134,0.02815022391963134,0.02531116753816605,False,True,16000,True,0.00011441067181294784,True,0.0028242655098438263,cpu,patch_nearest_normal,last2,14,0.05,False,,,0.00010003047646023333,0.00011476924591981,True,True,True,True
2026-08-16 07:47:00,full_ctta,bottle,monitor,C:/cira_batch_test/bottle/bad_20.png,bad_20.png,anomaly,True,0.21089914441108704,0.21089914441108704,0.02815022391963134,0.02815022391963134,0.02531116753816605,False,False,16000,False,,False,0.0,cpu,patch_nearest_normal,last2,14,0.05,False,,,0.00011514036305015907,0.00011476924591981,False,False,True,True
2026-08-16 07:47:01,full_ctta,bottle,monitor,C:/cira_batch_test/bottle/good_19.png,good_19.png,normal,False,0.018128901720046997,2.5629998390286346e-07,0.02815022391963134,0.02815022391963134,0.02531116753816605,False,True,16000,True,0.00011187898780917749,True,0.002775426721200347,cpu,patch_nearest_normal,last2,14,0.05,False,,,0.00010709390335250646,0.00011476924591981,True,True,True,True
2026-08-16 07:47:03,full_ctta,bottle,monitor,C:/cira_batch_test/bottle/bad_3.png,bad_3.png,anomaly,True,0.18976065516471863,0.18976065516471863,0.02815022391963134,0.02815022391963134,0.02531116753816605,False,False,16000,False,,False,0.0,cpu,patch_nearest_normal,last2,14,0.05,False,,,0.0001129030788433738,0.00011476924591981,False,True,True,True
2026-08-16 07:47:04,full_ctta,bottle,monitor,C:/cira_batch_test/bottle/bad_7.png,bad_7.png,anomaly,True,0.32146528363227844,0.32146528363227844,0.02815022391963134,0.02815022391963134,0.02531116753816605,False,False,16000,False,,False,0.0,cpu,patch_nearest_normal,last2,14,0.05,False,,,0.00011842087405966595,0.00011476924591981,False,False,True,True
2026-08-16 07:47:06,full_ctta,bottle,monitor,C:/cira_batch_test/bottle/bad_15.png,bad_15.png,anomaly,True,0.4258757531642914,0.4258757531642914,0.02815022391963134,0.02815022391963134,0.02531116753816605,False,False,16000,False,,False,0.0,cpu,patch_nearest_normal,last2,14,0.05,False,,,0.00014005436969455332,0.00011476924591981,False,False,True,True
2026-08-16 07:47:07,full_ctta,bottle,monitor,C:/cira_batch_test/bottle/good_5.png,good_5.png,normal,False,0.015229826793074608,2.443790378947597e-07,0.02815022391963134,0.02815022391963134,0.02531116753816605,False,True,16000,True,0.00012081683235010132,True,0.002759560476988554,cpu,patch_nearest_normal,last2,14,0.05,False,,,0.00010469700646353886,0.00011476924591981,True,True,True,True
2026-08-16 07:47:09,full_ctta,bottle,monitor,C:/cira_batch_test/bottle/good_14.png,good_14.png,normal,False,0.021976197138428688,2.6226044269606064e-07,0.02815022391963134,0.02815022391963134,0.02531116753816605,False,True,16000,True,0.00011252210970269516,True,0.002746202750131488,cpu,patch_nearest_normal,last2,14,0.05,False,,,0.00010631522309267893,0.00011476924591981,True,True,True,True
2026-08-16 07:47:11,full_ctta,bottle,monitor,C:/cira_batch_test/bottle/bad_4.png,bad_4.png,anomaly,True,0.20534566044807434,0.20534566044807434,0.02815022391963134,0.02815022391963134,0.02531116753816605,False,False,16000,False,,False,0.0,cpu,patch_nearest_normal,last2,14,0.05,False,,,0.00012035268446197733,0.00011476924591981,False,False,True,True
2026-08-16 07:47:12,full_ctta,bottle,monitor,C:/cira_batch_test/bottle/good_20.png,good_20.png,normal,False,0.025103073567152023,2.443790378947597e-07,0.02815022391963134,0.02815022391963134,0.02531116753816605,False,True,16000,True,0.00011586790787987411,True,0.002738161012530327,cpu,patch_nearest_normal,last2,14,0.05,False,,,0.00010471206769580022,0.00011476924591981,True,True,True,True
2026-08-16 07:47:14,full_ctta,bottle,monitor,C:/cira_batch_test/bottle/good_13.png,good_13.png,normal,False,0.021923338994383812,2.682209014892578e-07,0.02815022391963134,0.02815022391963134,0.02531116753816605,False,True,16000,True,0.00011173095845151693,True,0.002733169589191675,cpu,patch_nearest_normal,last2,14,0.05,False,,,0.00010172492329729721,0.00011476924591981,True,True,True,True
2026-08-16 07:47:16,full_ctta,bottle,monitor,C:/cira_batch_test/bottle/good_15.png,good_15.png,normal,False,0.0196805652230978,2.5033949668795685e-07,0.02815022391963134,0.02815022391963134,0.02531116753816605,False,True,16000,True,0.00011546147288754582,True,0.0027285378891974688,cpu,patch_nearest_normal,last2,14,0.05,False,,,0.00010252337233396247,0.00011476924591981,True,True,True,True
2026-08-16 07:47:17,full_ctta,bottle,monitor,C:/cira_batch_test/bottle/good_6.png,good_6.png,normal,False,0.017913466319441795,2.8610230629055877e-07,0.02815022391963134,0.02815022391963134,0.02531116753816605,False,True,16000,True,0.00011495039507281035,True,0.002725413301959634,cpu,patch_nearest_normal,last2,14,0.05,False,,,0.00010149291483685374,0.00011476924591981,True,True,True,True
2026-08-16 07:47:19,full_ctta,bottle,monitor,C:/cira_batch_test/bottle/good_4.png,good_4.png,normal,False,0.018537307158112526,2.74181360282455e-07,0.02815022391963134,0.02815022391963134,0.02531116753816605,False,True,16000,True,0.00011725838703569025,True,0.0027268249541521072,cpu,patch_nearest_normal,last2,14,0.05,True,C:\cira_ttl_checkpoints\bottle\patch_memory_bank_update_10.pt,C:\cira_ttl_checkpoints\bottle\patch_adapter_update_10.pt,0.00010095423931488767,0.00011476924591981,True,True,True,True
2026-08-16 07:47:20,full_ctta,bottle,monitor,C:/cira_batch_test/bottle/bad_16.png,bad_16.png,anomaly,True,0.3025684654712677,0.3025684654712677,0.02815022391963134,0.02815022391963134,0.02531116753816605,False,False,16000,False,,False,0.0,cpu,patch_nearest_normal,last2,14,0.05,False,,,0.00011391360749257728,0.00011476924591981,False,True,True,True
2026-08-16 07:47:22,full_ctta,bottle,monitor,C:/cira_batch_test/bottle/good_10.png,good_10.png,normal,False,0.025194566696882248,3.039836826701503e-07,0.02815022391963134,0.02815022391963134,0.02531116753816605,False,True,16000,True,0.00012093617260688916,True,0.002724842866882682,cpu,patch_nearest_normal,last2,14,0.05,False,,,0.00010886869858950377,0.00011476924591981,True,True,True,True
2026-08-16 07:47:24,full_ctta,bottle,monitor,C:/cira_batch_test/bottle/bad_18.png,bad_18.png,anomaly,True,0.18001194298267365,0.18001194298267365,0.02815022391963134,0.02815022391963134,0.02531116753816605,False,False,16000,False,,False,0.0,cpu,patch_nearest_normal,last2,14,0.05,False,,,0.00011648442159639671,0.00011476924591981,False,False,True,True
2026-08-16 07:47:25,full_ctta,bottle,monitor,C:/cira_batch_test/bottle/good_3.png,good_3.png,normal,False,0.02111958898603916,2.682209014892578e-07,0.02815022391963134,0.02815022391963134,0.02531116753816605,False,True,16000,True,0.00010641848348313943,True,0.0027085402980446815,cpu,patch_nearest_normal,last2,14,0.05,False,,,9.765966387931257e-05,0.00011476924591981,True,True,True,True
2026-08-16 07:47:27,full_ctta,bottle,monitor,C:/cira_batch_test/bottle/bad_14.png,bad_14.png,anomaly,True,0.17450687289237976,0.17450687289237976,0.02815022391963134,0.02815022391963134,0.02531116753816605,False,False,16000,False,,False,0.0,cpu,patch_nearest_normal,last2,14,0.05,False,,,0.0001113845719373785,0.00011476924591981,False,True,True,True
2026-08-16 07:47:28,full_ctta,bottle,monitor,C:/cira_batch_test/bottle/bad_6.png,bad_6.png,anomaly,True,0.22617673873901367,0.22617673873901367,0.02815022391963134,0.02815022391963134,0.02531116753816605,False,False,16000,False,,False,0.0,cpu,patch_nearest_normal,last2,14,0.05,False,,,0.00011849906877614558,0.00011476924591981,False,False,True,True
2026-08-16 07:47:30,full_ctta,bottle,monitor,C:/cira_batch_test/bottle/bad_8.png,bad_8.png,anomaly,True,0.2784236669540405,0.2784236669540405,0.02815022391963134,0.02815022391963134,0.02531116753816605,False,False,16000,False,,False,0.0,cpu,patch_nearest_normal,last2,14,0.05,False,,,0.0001400690380251035,0.00011476924591981,False,False,True,True
2026-08-16 07:47:31,full_ctta,bottle,monitor,C:/cira_batch_test/bottle/bad_11.png,bad_11.png,anomaly,True,0.05356956273317337,0.05356956273317337,0.02815022391963134,0.02815022391963134,0.02531116753816605,False,False,16000,False,,False,0.0,cpu,patch_nearest_normal,last2,14,0.05,False,,,9.935584239428863e-05,0.00011476924591981,False,True,True,True
2026-08-16 07:47:33,full_ctta,bottle,monitor,C:/cira_batch_test/bottle/bad_9.png,bad_9.png,anomaly,True,0.3194478452205658,0.3194478452205658,0.02815022391963134,0.02815022391963134,0.02531116753816605,False,False,16000,False,,False,0.0,cpu,patch_nearest_normal,last2,14,0.05,False,,,0.000143063924042508,0.00011476924591981,False,False,True,True
2026-08-16 07:47:34,full_ctta,bottle,monitor,C:/cira_batch_test/bottle/bad_5.png,bad_5.png,anomaly,True,0.31539493799209595,0.31539493799209595,0.02815022391963134,0.02815022391963134,0.02531116753816605,False,False,16000,False,,False,0.0,cpu,patch_nearest_normal,last2,14,0.05,False,,,0.0001404761424055323,0.00011476924591981,False,False,True,True
2026-08-16 07:47:36,full_ctta,bottle,monitor,C:/cira_batch_test/bottle/good_9.png,good_9.png,normal,False,0.02261807955801487,3.755092734536447e-07,0.02815022391963134,0.02815022391963134,0.02531116753816605,False,True,16000,True,0.00011245020141359419,True,0.002680656034499407,cpu,patch_nearest_normal,last2,14,0.05,False,,,0.00010361140448367223,0.00011476924591981,True,True,True,True
2026-08-16 07:47:37,full_ctta,bottle,monitor,C:/cira_batch_test/bottle/good_2.png,good_2.png,normal,False,0.025283467024564743,2.384185791015625e-07,0.02815022391963134,0.02815022391963134,0.02531116753816605,False,True,16000,True,0.00011750413250410929,True,0.0026845959946513176,cpu,patch_nearest_normal,last2,14,0.05,False,,,0.00011471402103779837,0.00011476924591981,True,True,True,True
2026-08-16 07:47:39,full_ctta,bottle,monitor,C:/cira_batch_test/bottle/bad_2.png,bad_2.png,anomaly,True,0.0845528095960617,0.0845528095960617,0.02815022391963134,0.02815022391963134,0.02531116753816605,False,False,16000,False,,False,0.0,cpu,patch_nearest_normal,last2,14,0.05,False,,,0.00010975154873449355,0.00011476924591981,False,True,True,True
2026-08-16 07:47:40,full_ctta,bottle,monitor,C:/cira_batch_test/bottle/bad_17.png,bad_17.png,anomaly,True,0.18532651662826538,0.18532651662826538,0.02815022391963134,0.02815022391963134,0.02531116753816605,False,False,16000,False,,False,0.0,cpu,patch_nearest_normal,last2,14,0.05,False,,,0.00011527783499332145,0.00011476924591981,False,False,True,True
2026-08-16 07:47:42,full_ctta,bottle,monitor,C:/cira_batch_test/bottle/bad_1.png,bad_1.png,anomaly,True,0.05539505556225777,0.05539505556225777,0.02815022391963134,0.02815022391963134,0.02531116753816605,False,False,16000,False,,False,0.0,cpu,patch_nearest_normal,last2,14,0.05,False,,,0.0001086657284758985,0.00011476924591981,False,True,True,True
2026-08-16 07:47:43,full_ctta,bottle,monitor,C:/cira_batch_test/bottle/good_12.png,good_12.png,normal,False,0.017332863062620163,2.682209014892578e-07,0.02815022391963134,0.02815022391963134,0.02531116753816605,False,True,16000,True,0.0001080022775568068,True,0.002675518160685897,cpu,patch_nearest_normal,last2,14,0.05,False,,,0.00010126907000085339,0.00011476924591981,True,True,True,True
2026-08-16 07:47:45,full_ctta,bottle,monitor,C:/cira_batch_test/bottle/good_18.png,good_18.png,normal,False,0.01734706200659275,3.337860050578456e-07,0.02815022391963134,0.02815022391963134,0.02531116753816605,False,True,16000,True,0.00011322335922159255,True,0.002666367683559656,cpu,patch_nearest_normal,last2,14,0.05,False,,,0.00010566658602328971,0.00011476924591981,True,True,True,True
2026-08-16 07:47:47,full_ctta,bottle,monitor,C:/cira_batch_test/bottle/good_17.png,good_17.png,normal,False,0.020558839663863182,2.6226044269606064e-07,0.02815022391963134,0.02815022391963134,0.02531116753816605,False,True,16000,True,0.00011516075028339401,True,0.00267158355563879,cpu,patch_nearest_normal,last2,14,0.05,False,,,0.00010485637176316231,0.00011476924591981,True,True,True,True
2026-08-16 07:47:48,full_ctta,bottle,monitor,C:/cira_batch_test/bottle/bad_19.png,bad_19.png,anomaly,True,0.198528453707695,0.198528453707695,0.02815022391963134,0.02815022391963134,0.02531116753816605,False,False,16000,False,,False,0.0,cpu,patch_nearest_normal,last2,14,0.05,False,,,0.00010684299923013896,0.00011476924591981,False,True,True,True
2026-08-16 07:47:50,full_ctta,bottle,monitor,C:/cira_batch_test/bottle/good_1.png,good_1.png,normal,False,0.019780803471803665,3.2186508747145126e-07,0.02815022391963134,0.02815022391963134,0.02531116753816605,False,True,16000,True,0.00012038536078762263,True,0.00267412094399333,cpu,patch_nearest_normal,last2,14,0.05,False,,,0.00010681195999495685,0.00011476924591981,True,True,True,True
2026-08-16 07:47:52,full_ctta,cable,monitor,C:/cira_batch_test/cable/bad_10.png,bad_10.png,anomaly,True,0.11330725252628326,0.11330725252628326,0.09852251798848576,0.09852251798848576,0.08661089912056923,False,False,16000,False,,False,0.0,cpu,patch_nearest_normal,last2,14,0.05,False,,,0.00016703475557733327,0.00019554235113892002,False,True,True,True
2026-08-16 07:47:53,full_ctta,cable,monitor,C:/cira_batch_test/cable/good_16.png,good_16.png,normal,False,0.07586038112640381,3.2186508747145126e-07,0.09852251798848576,0.09852251798848576,0.08661089912056923,False,True,16000,True,0.00017583333828952163,True,0.0029959517996758223,cpu,patch_nearest_normal,last2,14,0.05,False,,,0.00015304329281207174,0.00019554235113892002,True,True,True,True
2026-08-16 07:47:55,full_ctta,cable,monitor,C:/cira_batch_test/cable/bad_12.png,bad_12.png,anomaly,True,0.10622122138738632,0.10622122138738632,0.09852251798848576,0.09852251798848576,0.08661089912056923,False,False,16000,False,,False,0.0,cpu,patch_nearest_normal,last2,14,0.05,False,,,0.00014589897182304412,0.00019554235113892002,False,True,True,True
2026-08-16 07:47:56,full_ctta,cable,monitor,C:/cira_batch_test/cable/good_11.png,good_11.png,normal,False,0.07875856012105942,3.2186508747145126e-07,0.09852251798848576,0.09852251798848576,0.08661089912056923,False,True,16000,True,0.00020451736054383218,True,0.0026696405839174986,cpu,patch_nearest_normal,last2,14,0.05,False,,,0.00018302824173588306,0.00019554235113892002,True,True,True,True
2026-08-16 07:47:58,full_ctta,cable,monitor,C:/cira_batch_test/cable/bad_13.png,bad_13.png,anomaly,True,0.11055073887109756,0.11055073887109756,0.09852251798848576,0.09852251798848576,0.08661089912056923,False,False,16000,False,,False,0.0,cpu,patch_nearest_normal,last2,14,0.05,False,,,0.00016733136726543307,0.00019554235113892002,False,True,True,True
2026-08-16 07:48:00,full_ctta,cable,monitor,C:/cira_batch_test/cable/good_7.png,good_7.png,normal,False,0.08314481377601624,2.8610230629055877e-07,0.09852251798848576,0.09852251798848576,0.08661089912056923,False,True,16000,True,0.00018643586372490972,True,0.002576715312898159,cpu,patch_nearest_normal,last2,14,0.05,False,,,0.00016174279153347015,0.00019554235113892002,True,True,True,True
2026-08-16 07:48:01,full_ctta,cable,monitor,C:/cira_batch_test/cable/good_8.png,good_8.png,anomaly,True,0.09907443821430206,0.09907443821430206,0.09852251798848576,0.09852251798848576,0.08661089912056923,False,False,16000,False,,False,0.0,cpu,patch_nearest_normal,last2,14,0.05,False,,,0.0001806576910894364,0.00019554235113892002,False,True,True,True
2026-08-16 07:48:03,full_ctta,cable,monitor,C:/cira_batch_test/cable/bad_20.png,bad_20.png,anomaly,True,0.19604071974754333,0.19604071974754333,0.09852251798848576,0.09852251798848576,0.08661089912056923,False,False,16000,False,,False,0.0,cpu,patch_nearest_normal,last2,14,0.05,False,,,0.00016904367657843977,0.00019554235113892002,False,True,True,True
2026-08-16 07:48:04,full_ctta,cable,monitor,C:/cira_batch_test/cable/good_19.png,good_19.png,normal,False,0.07340885698795319,3.457069510659494e-07,0.09852251798848576,0.09852251798848576,0.08661089912056923,False,True,16000,True,0.0001748807553667575,True,0.002535527106374502,cpu,patch_nearest_normal,last2,14,0.05,False,,,0.00016156623314600438,0.00019554235113892002,True,True,True,True
2026-08-16 07:48:06,full_ctta,cable,monitor,C:/cira_batch_test/cable/bad_3.png,bad_3.png,anomaly,True,0.154881089925766,0.154881089925766,0.09852251798848576,0.09852251798848576,0.08661089912056923,False,False,16000,False,,False,0.0,cpu,patch_nearest_normal,last2,14,0.05,False,,,0.0001825832441681996,0.00019554235113892002,False,True,True,True
2026-08-16 07:48:07,full_ctta,cable,monitor,C:/cira_batch_test/cable/bad_7.png,bad_7.png,anomaly,True,0.13309204578399658,0.13309204578399658,0.09852251798848576,0.09852251798848576,0.08661089912056923,False,False,16000,False,,False,0.0,cpu,patch_nearest_normal,last2,14,0.05,False,,,0.00016715445963200182,0.00019554235113892002,False,True,True,True
2026-08-16 07:48:09,full_ctta,cable,monitor,C:/cira_batch_test/cable/bad_15.png,bad_15.png,anomaly,True,0.2189660519361496,0.2189660519361496,0.09852251798848576,0.09852251798848576,0.08661089912056923,False,False,16000,False,,False,0.0,cpu,patch_nearest_normal,last2,14,0.05,False,,,0.0001778861042112112,0.00019554235113892002,False,True,True,True
2026-08-16 07:48:10,full_ctta,cable,monitor,C:/cira_batch_test/cable/good_5.png,good_5.png,normal,False,0.09479870647192001,0.09479870647192001,0.09852251798848576,0.09852251798848576,0.08661089912056923,False,False,16000,False,,False,0.0,cpu,patch_nearest_normal,last2,14,0.05,False,,,0.00015967266517691314,0.00019554235113892002,False,True,True,True
2026-08-16 07:48:12,full_ctta,cable,monitor,C:/cira_batch_test/cable/good_14.png,good_14.png,normal,False,0.09587680548429489,0.09587680548429489,0.09852251798848576,0.09852251798848576,0.08661089912056923,False,False,16000,False,,False,0.0,cpu,patch_nearest_normal,last2,14,0.05,False,,,0.0001672902435529977,0.00019554235113892002,False,True,True,True
2026-08-16 07:48:13,full_ctta,cable,monitor,C:/cira_batch_test/cable/bad_4.png,bad_4.png,anomaly,True,0.3773161768913269,0.3773161768913269,0.09852251798848576,0.09852251798848576,0.08661089912056923,False,False,16000,False,,False,0.0,cpu,patch_nearest_normal,last2,14,0.05,False,,,0.00017899381055030972,0.00019554235113892002,False,True,True,True
2026-08-16 07:48:15,full_ctta,cable,monitor,C:/cira_batch_test/cable/good_20.png,good_20.png,normal,False,0.08789294958114624,0.08789294958114624,0.09852251798848576,0.09852251798848576,0.08661089912056923,False,False,16000,False,,False,0.0,cpu,patch_nearest_normal,last2,14,0.05,False,,,0.00016832469555083662,0.00019554235113892002,False,True,True,True
2026-08-16 07:48:16,full_ctta,cable,monitor,C:/cira_batch_test/cable/good_13.png,good_13.png,normal,False,0.09069135040044785,0.09069135040044785,0.09852251798848576,0.09852251798848576,0.08661089912056923,False,False,16000,False,,False,0.0,cpu,patch_nearest_normal,last2,14,0.05,False,,,0.00017736785230226815,0.00019554235113892002,False,True,True,True
2026-08-16 07:48:18,full_ctta,cable,monitor,C:/cira_batch_test/cable/good_15.png,good_15.png,normal,False,0.08306977152824402,3.5762786865234375e-07,0.09852251798848576,0.09852251798848576,0.08661089912056923,False,True,16000,True,0.00018690645811147988,True,0.0025179125368595123,cpu,patch_nearest_normal,last2,14,0.05,False,,,0.00017745971854310483,0.00019554235113892002,True,True,True,True
2026-08-16 07:48:20,full_ctta,cable,monitor,C:/cira_batch_test/cable/good_6.png,good_6.png,anomaly,True,0.10413713753223419,0.10413713753223419,0.09852251798848576,0.09852251798848576,0.08661089912056923,False,False,16000,False,,False,0.0,cpu,patch_nearest_normal,last2,14,0.05,False,,,0.0001536780473543331,0.00019554235113892002,False,True,True,True
2026-08-16 07:48:21,full_ctta,cable,monitor,C:/cira_batch_test/cable/good_4.png,good_4.png,normal,False,0.07217728346586227,2.980232238769531e-07,0.09852251798848576,0.09852251798848576,0.08661089912056923,False,True,16000,True,0.00019067875109612942,True,0.002482061507180333,cpu,patch_nearest_normal,last2,14,0.05,False,,,0.00016955879982560873,0.00019554235113892002,True,True,True,True
2026-08-16 07:48:23,full_ctta,cable,monitor,C:/cira_batch_test/cable/bad_16.png,bad_16.png,anomaly,True,0.26880526542663574,0.26880526542663574,0.09852251798848576,0.09852251798848576,0.08661089912056923,False,False,16000,False,,False,0.0,cpu,patch_nearest_normal,last2,14,0.05,False,,,0.00016993985627777874,0.00019554235113892002,False,True,True,True
2026-08-16 07:48:25,full_ctta,cable,monitor,C:/cira_batch_test/cable/good_10.png,good_10.png,normal,False,0.08128292113542557,2.8610230629055877e-07,0.09852251798848576,0.09852251798848576,0.08661089912056923,False,True,16000,True,0.0001951730519067496,True,0.0024500787258148193,cpu,patch_nearest_normal,last2,14,0.05,False,,,0.00016726642206776887,0.00019554235113892002,True,True,True,True
2026-08-16 07:48:26,full_ctta,cable,monitor,C:/cira_batch_test/cable/bad_18.png,bad_18.png,anomaly,True,0.24513721466064453,0.24513721466064453,0.09852251798848576,0.09852251798848576,0.08661089912056923,False,False,16000,False,,False,0.0,cpu,patch_nearest_normal,last2,14,0.05,False,,,0.00014618400018662214,0.00019554235113892002,False,True,True,True
2026-08-16 07:48:28,full_ctta,cable,monitor,C:/cira_batch_test/cable/good_3.png,good_3.png,anomaly,True,0.11453511565923691,0.11453511565923691,0.09852251798848576,0.09852251798848576,0.08661089912056923,False,False,16000,False,,False,0.0,cpu,patch_nearest_normal,last2,14,0.05,False,,,0.00016982377565000206,0.00019554235113892002,False,True,True,True
2026-08-16 07:48:29,full_ctta,cable,monitor,C:/cira_batch_test/cable/bad_14.png,bad_14.png,anomaly,True,0.10166490077972412,0.10166490077972412,0.09852251798848576,0.09852251798848576,0.08661089912056923,False,False,16000,False,,False,0.0,cpu,patch_nearest_normal,last2,14,0.05,False,,,0.0001940427318913862,0.00019554235113892002,False,True,True,True
2026-08-16 07:48:31,full_ctta,cable,monitor,C:/cira_batch_test/cable/bad_6.png,bad_6.png,anomaly,True,0.24226391315460205,0.24226391315460205,0.09852251798848576,0.09852251798848576,0.08661089912056923,False,False,16000,False,,False,0.0,cpu,patch_nearest_normal,last2,14,0.05,False,,,0.00017665736959315836,0.00019554235113892002,False,True,True,True
2026-08-16 07:48:32,full_ctta,cable,monitor,C:/cira_batch_test/cable/bad_8.png,bad_8.png,anomaly,True,0.12654753029346466,0.12654753029346466,0.09852251798848576,0.09852251798848576,0.08661089912056923,False,False,16000,False,,False,0.0,cpu,patch_nearest_normal,last2,14,0.05,False,,,0.00018496265693102032,0.00019554235113892002,False,True,True,True
2026-08-16 07:48:34,full_ctta,cable,monitor,C:/cira_batch_test/cable/bad_11.png,bad_11.png,anomaly,True,0.1917036771774292,0.1917036771774292,0.09852251798848576,0.09852251798848576,0.08661089912056923,False,False,16000,False,,False,0.0,cpu,patch_nearest_normal,last2,14,0.05,False,,,0.00016744743334129453,0.00019554235113892002,False,True,True,True
2026-08-16 07:48:35,full_ctta,cable,monitor,C:/cira_batch_test/cable/bad_9.png,bad_9.png,anomaly,True,0.15937654674053192,0.15937654674053192,0.09852251798848576,0.09852251798848576,0.08661089912056923,False,False,16000,False,,False,0.0,cpu,patch_nearest_normal,last2,14,0.05,False,,,0.0001782835606718436,0.00019554235113892002,False,True,True,True
2026-08-16 07:48:37,full_ctta,cable,monitor,C:/cira_batch_test/cable/bad_5.png,bad_5.png,anomaly,True,0.1363447904586792,0.1363447904586792,0.09852251798848576,0.09852251798848576,0.08661089912056923,False,False,16000,False,,False,0.0,cpu,patch_nearest_normal,last2,14,0.05,False,,,0.00018184255168307573,0.00019554235113892002,False,True,True,True
2026-08-16 07:48:38,full_ctta,cable,monitor,C:/cira_batch_test/cable/good_9.png,good_9.png,normal,False,0.08777274191379547,0.08777274191379547,0.09852251798848576,0.09852251798848576,0.08661089912056923,False,False,16000,False,,False,0.0,cpu,patch_nearest_normal,last2,14,0.05,False,,,0.000177474576048553,0.00019554235113892002,False,True,True,True
2026-08-16 07:48:40,full_ctta,cable,monitor,C:/cira_batch_test/cable/good_2.png,good_2.png,normal,False,0.0858432874083519,2.980232238769531e-07,0.09852251798848576,0.09852251798848576,0.08661089912056923,False,True,16000,True,0.00017815943283494562,True,0.002447431208565831,cpu,patch_nearest_normal,last2,14,0.05,False,,,0.00016202453116420656,0.00019554235113892002,True,True,True,True
2026-08-16 07:48:41,full_ctta,cable,monitor,C:/cira_batch_test/cable/bad_2.png,bad_2.png,anomaly,True,0.29150456190109253,0.29150456190109253,0.09852251798848576,0.09852251798848576,0.08661089912056923,False,False,16000,False,,False,0.0,cpu,patch_nearest_normal,last2,14,0.05,False,,,0.00017712319095153362,0.00019554235113892002,False,True,True,True
2026-08-16 07:48:43,full_ctta,cable,monitor,C:/cira_batch_test/cable/bad_17.png,bad_17.png,anomaly,True,0.14839348196983337,0.14839348196983337,0.09852251798848576,0.09852251798848576,0.08661089912056923,False,False,16000,False,,False,0.0,cpu,patch_nearest_normal,last2,14,0.05,False,,,0.00018185333465225995,0.00019554235113892002,False,True,True,True
2026-08-16 07:48:44,full_ctta,cable,monitor,C:/cira_batch_test/cable/bad_1.png,bad_1.png,anomaly,True,0.2546151280403137,0.2546151280403137,0.09852251798848576,0.09852251798848576,0.08661089912056923,False,False,16000,False,,False,0.0,cpu,patch_nearest_normal,last2,14,0.05,False,,,0.00016298505943268538,0.00019554235113892002,False,True,True,True
2026-08-16 07:48:46,full_ctta,cable,monitor,C:/cira_batch_test/cable/good_12.png,good_12.png,normal,False,0.07865364849567413,3.159046286782541e-07,0.09852251798848576,0.09852251798848576,0.08661089912056923,False,True,16000,True,0.0001818729069782421,True,0.0024540412705391645,cpu,patch_nearest_normal,last2,14,0.05,False,,,0.000164433236932382,0.00019554235113892002,True,True,True,True
2026-08-16 07:48:48,full_ctta,cable,monitor,C:/cira_batch_test/cable/good_18.png,good_18.png,normal,False,0.06866085529327393,2.9206276508375595e-07,0.09852251798848576,0.09852251798848576,0.08661089912056923,False,True,16000,True,0.0001749814546201378,True,0.0024450242053717375,cpu,patch_nearest_normal,last2,14,0.05,True,C:\cira_ttl_checkpoints\cable\patch_memory_bank_update_10.pt,C:\cira_ttl_checkpoints\cable\patch_adapter_update_10.pt,0.00015478438581340015,0.00019554235113892002,True,True,True,True
2026-08-16 07:48:50,full_ctta,cable,monitor,C:/cira_batch_test/cable/good_17.png,good_17.png,normal,False,0.06649472564458847,3.695487862387381e-07,0.09852251798848576,0.09852251798848576,0.08661089912056923,False,True,16000,True,0.00017717147420626134,True,0.002439590636640787,cpu,patch_nearest_normal,last2,14,0.05,False,,,0.00016065964882727712,0.00019554235113892002,True,True,True,True
2026-08-16 07:48:51,full_ctta,cable,monitor,C:/cira_batch_test/cable/bad_19.png,bad_19.png,normal,False,0.09329401701688766,0.09329401701688766,0.09852251798848576,0.09852251798848576,0.08661089912056923,False,False,16000,False,,False,0.0,cpu,patch_nearest_normal,last2,14,0.05,False,,,0.00014637617277912796,0.00019554235113892002,False,True,True,True
2026-08-16 07:48:53,full_ctta,cable,monitor,C:/cira_batch_test/cable/good_1.png,good_1.png,normal,False,0.08053695410490036,3.5762786865234375e-07,0.09852251798848576,0.09852251798848576,0.08661089912056923,False,True,16000,True,0.00017148122424259782,True,0.0024376751389354467,cpu,patch_nearest_normal,last2,14,0.05,False,,,0.00015409383922815323,0.00019554235113892002,True,True,True,True
2026-08-16 07:48:55,full_ctta,capsule,monitor,C:/cira_batch_test/capsule/bad_10.png,bad_10.png,anomaly,True,0.06707195937633514,0.06707195937633514,0.04299485732503146,0.04299485732503146,0.031231427378952504,False,False,16000,False,,False,0.0,cpu,patch_nearest_normal,last2,14,0.05,False,,,9.651652362663299e-05,0.0001107694308302,False,True,True,True
2026-08-16 07:48:56,full_ctta,capsule,monitor,C:/cira_batch_test/capsule/good_16.png,good_16.png,normal,False,0.027401089668273926,3.159046286782541e-07,0.04299485732503146,0.04299485732503146,0.031231427378952504,False,True,16000,True,0.00011140052083646879,True,0.0030086603946983814,cpu,patch_nearest_normal,last2,14,0.05,False,,,0.00010214550275122747,0.0001107694308302,True,True,True,True
2026-08-16 07:48:58,full_ctta,capsule,monitor,C:/cira_batch_test/capsule/bad_12.png,bad_12.png,anomaly,True,0.049242906272411346,0.049242906272411346,0.04299485732503146,0.04299485732503146,0.031231427378952504,False,False,16000,False,,False,0.0,cpu,patch_nearest_normal,last2,14,0.05,False,,,0.00010230991028947756,0.0001107694308302,False,True,True,True
2026-08-16 07:49:00,full_ctta,capsule,monitor,C:/cira_batch_test/capsule/good_11.png,good_11.png,normal,False,0.029066186398267746,3.5762786865234375e-07,0.04299485732503146,0.04299485732503146,0.031231427378952504,False,True,16000,True,9.997323650168255e-05,True,0.0027681596111506224,cpu,patch_nearest_normal,last2,14,0.05,False,,,8.779819472692907e-05,0.0001107694308302,True,True,True,True
2026-08-16 07:49:01,full_ctta,capsule,monitor,C:/cira_batch_test/capsule/bad_13.png,bad_13.png,anomaly,True,0.04361454397439957,0.04361454397439957,0.04299485732503146,0.04299485732503146,0.031231427378952504,False,False,16000,False,,False,0.0,cpu,patch_nearest_normal,last2,14,0.05,False,,,9.419683192390949e-05,0.0001107694308302,False,True,True,True
2026-08-16 07:49:03,full_ctta,capsule,monitor,C:/cira_batch_test/capsule/good_7.png,good_7.png,anomaly,True,0.06802640855312347,0.06802640855312347,0.04299485732503146,0.04299485732503146,0.031231427378952504,False,False,16000,False,,False,0.0,cpu,patch_nearest_normal,last2,14,0.05,False,,,9.68068852671422e-05,0.0001107694308302,False,True,True,True
2026-08-16 07:49:04,full_ctta,capsule,monitor,C:/cira_batch_test/capsule/good_8.png,good_8.png,normal,False,0.02866199053823948,3.2186508747145126e-07,0.04299485732503146,0.04299485732503146,0.031231427378952504,False,True,16000,True,0.00010679103434085846,True,0.002658057725057006,cpu,patch_nearest_normal,last2,14,0.05,False,,,9.404799493495375e-05,0.0001107694308302,True,True,True,True
2026-08-16 07:49:06,full_ctta,capsule,monitor,C:/cira_batch_test/capsule/bad_20.png,bad_20.png,anomaly,True,0.05228399112820625,0.05228399112820625,0.04299485732503146,0.04299485732503146,0.031231427378952504,False,False,16000,False,,False,0.0,cpu,patch_nearest_normal,last2,14,0.05,False,,,0.00010516869951970875,0.0001107694308302,False,True,True,True
2026-08-16 07:49:08,full_ctta,capsule,monitor,C:/cira_batch_test/capsule/good_19.png,good_19.png,normal,False,0.01773342490196228,3.039836826701503e-07,0.04299485732503146,0.04299485732503146,0.031231427378952504,False,True,16000,True,0.00010772210953291506,True,0.0026422806549817324,cpu,patch_nearest_normal,last2,14,0.05,False,,,9.278542711399496e-05,0.0001107694308302,True,True,True,True
2026-08-16 07:49:09,full_ctta,capsule,monitor,C:/cira_batch_test/capsule/bad_3.png,bad_3.png,anomaly,True,0.09367921948432922,0.09367921948432922,0.04299485732503146,0.04299485732503146,0.031231427378952504,False,False,16000,False,,False,0.0,cpu,patch_nearest_normal,last2,14,0.05,False,,,9.410335042048246e-05,0.0001107694308302,False,True,True,True
2026-08-16 07:49:11,full_ctta,capsule,monitor,C:/cira_batch_test/capsule/bad_7.png,bad_7.png,anomaly,True,0.07427915930747986,0.07427915930747986,0.04299485732503146,0.04299485732503146,0.031231427378952504,False,False,16000,False,,False,0.0,cpu,patch_nearest_normal,last2,14,0.05,False,,,0.0001029257255140692,0.0001107694308302,False,True,True,True
2026-08-16 07:49:12,full_ctta,capsule,monitor,C:/cira_batch_test/capsule/bad_15.png,bad_15.png,anomaly,True,0.08067099004983902,0.08067099004983902,0.04299485732503146,0.04299485732503146,0.031231427378952504,False,False,16000,False,,False,0.0,cpu,patch_nearest_normal,last2,14,0.05,False,,,0.00011211314267711714,0.0001107694308302,False,False,True,True
2026-08-16 07:49:14,full_ctta,capsule,monitor,C:/cira_batch_test/capsule/good_5.png,good_5.png,normal,False,0.023593807592988014,3.695487862387381e-07,0.04299485732503146,0.04299485732503146,0.031231427378952504,False,True,16000,True,9.14521879167296e-05,True,0.002606892492622137,cpu,patch_nearest_normal,last2,14,0.05,False,,,9.367289749206975e-05,0.0001107694308302,True,True,True,True
2026-08-16 07:49:16,full_ctta,capsule,monitor,C:/cira_batch_test/capsule/good_14.png,good_14.png,normal,False,0.024431699886918068,2.5629998390286346e-07,0.04299485732503146,0.04299485732503146,0.031231427378952504,False,True,16000,True,0.0001084340619854629,True,0.0025912770070135593,cpu,patch_nearest_normal,last2,14,0.05,False,,,9.776630759006366e-05,0.0001107694308302,True,True,True,True
2026-08-16 07:49:17,full_ctta,capsule,monitor,C:/cira_batch_test/capsule/bad_4.png,bad_4.png,normal,False,0.03543994948267937,0.03543994948267937,0.04299485732503146,0.04299485732503146,0.031231427378952504,False,False,16000,False,,False,0.0,cpu,patch_nearest_normal,last2,14,0.05,False,,,9.884784230962396e-05,0.0001107694308302,False,True,True,True
2026-08-16 07:49:19,full_ctta,capsule,monitor,C:/cira_batch_test/capsule/good_20.png,good_20.png,normal,False,0.027957355603575706,2.6226044269606064e-07,0.04299485732503146,0.04299485732503146,0.031231427378952504,False,True,16000,True,0.00010427494999021292,True,0.00253935344517231,cpu,patch_nearest_normal,last2,14,0.05,False,,,8.816865010885522e-05,0.0001107694308302,True,True,True,True
2026-08-16 07:49:21,full_ctta,capsule,monitor,C:/cira_batch_test/capsule/good_13.png,good_13.png,normal,False,0.02573028765618801,2.5629998390286346e-07,0.04299485732503146,0.04299485732503146,0.031231427378952504,False,True,16000,True,0.00011793537851190194,True,0.002540856832638383,cpu,patch_nearest_normal,last2,14,0.05,False,,,0.0001069976351573132,0.0001107694308302,True,True,True,True
2026-08-16 07:49:22,full_ctta,capsule,monitor,C:/cira_batch_test/capsule/good_15.png,good_15.png,normal,False,0.027739357203245163,0.027739357203245163,0.04299485732503146,0.04299485732503146,0.031231427378952504,False,False,16000,False,,False,0.0,cpu,patch_nearest_normal,last2,14,0.05,False,,,0.0001147139846580103,0.0001107694308302,True,False,True,True
2026-08-16 07:49:24,full_ctta,capsule,monitor,C:/cira_batch_test/capsule/good_6.png,good_6.png,normal,False,0.015585673041641712,2.9206276508375595e-07,0.04299485732503146,0.04299485732503146,0.031231427378952504,False,True,16000,True,9.476836567046121e-05,True,0.0025261968839913607,cpu,patch_nearest_normal,last2,14,0.05,False,,,9.086357749765739e-05,0.0001107694308302,True,True,True,True
2026-08-16 07:49:25,full_ctta,capsule,monitor,C:/cira_batch_test/capsule/good_4.png,good_4.png,normal,False,0.019499683752655983,0.019499683752655983,0.04299485732503146,0.04299485732503146,0.031231427378952504,False,False,16000,False,,False,0.0,cpu,patch_nearest_normal,last2,14,0.05,False,,,0.00011239352897973731,0.0001107694308302,True,False,True,True
2026-08-16 07:49:27,full_ctta,capsule,monitor,C:/cira_batch_test/capsule/bad_16.png,bad_16.png,anomaly,True,0.07205287367105484,0.07205287367105484,0.04299485732503146,0.04299485732503146,0.031231427378952504,False,False,16000,False,,False,0.0,cpu,patch_nearest_normal,last2,14,0.05,False,,,9.550597314955667e-05,0.0001107694308302,False,True,True,True
2026-08-16 07:49:29,full_ctta,capsule,monitor,C:/cira_batch_test/capsule/good_10.png,good_10.png,normal,False,0.02082827128469944,3.397464638510428e-07,0.04299485732503146,0.04299485732503146,0.031231427378952504,False,True,16000,True,9.887629857985303e-05,True,0.0025258620735257864,cpu,patch_nearest_normal,last2,14,0.05,True,C:\cira_ttl_checkpoints\capsule\patch_memory_bank_update_10.pt,C:\cira_ttl_checkpoints\capsule\patch_adapter_update_10.pt,9.064019104698673e-05,0.0001107694308302,True,True,True,True
2026-08-16 07:49:30,full_ctta,capsule,monitor,C:/cira_batch_test/capsule/bad_18.png,bad_18.png,anomaly,True,0.05699910596013069,0.05699910596013069,0.04299485732503146,0.04299485732503146,0.031231427378952504,False,False,16000,False,,False,0.0,cpu,patch_nearest_normal,last2,14,0.05,False,,,9.820150444284081e-05,0.0001107694308302,False,True,True,True
2026-08-16 07:49:32,full_ctta,capsule,monitor,C:/cira_batch_test/capsule/good_3.png,good_3.png,normal,False,0.038612000644207,0.038612000644207,0.04299485732503146,0.04299485732503146,0.031231427378952504,False,False,16000,False,,False,0.0,cpu,patch_nearest_normal,last2,14,0.05,False,,,9.635310561861843e-05,0.0001107694308302,False,True,True,True
2026-08-16 07:49:33,full_ctta,capsule,monitor,C:/cira_batch_test/capsule/bad_14.png,bad_14.png,normal,False,0.03536145016551018,0.03536145016551018,0.04299485732503146,0.04299485732503146,0.031231427378952504,False,False,16000,False,,False,0.0,cpu,patch_nearest_normal,last2,14,0.05,False,,,9.398821566719562e-05,0.0001107694308302,False,True,True,True
2026-08-16 07:49:35,full_ctta,capsule,monitor,C:/cira_batch_test/capsule/bad_6.png,bad_6.png,anomaly,True,0.11991001665592194,0.11991001665592194,0.04299485732503146,0.04299485732503146,0.031231427378952504,False,False,16000,False,,False,0.0,cpu,patch_nearest_normal,last2,14,0.05,False,,,9.769773168954998e-05,0.0001107694308302,False,True,True,True
2026-08-16 07:49:36,full_ctta,capsule,monitor,C:/cira_batch_test/capsule/bad_8.png,bad_8.png,anomaly,True,0.12259437888860703,0.12259437888860703,0.04299485732503146,0.04299485732503146,0.031231427378952504,False,False,16000,False,,False,0.0,cpu,patch_nearest_normal,last2,14,0.05,False,,,9.457930718781427e-05,0.0001107694308302,False,True,True,True
2026-08-16 07:49:38,full_ctta,capsule,monitor,C:/cira_batch_test/capsule/bad_11.png,bad_11.png,normal,False,0.04267270490527153,0.04267270490527153,0.04299485732503146,0.04299485732503146,0.031231427378952504,False,False,16000,False,,False,0.0,cpu,patch_nearest_normal,last2,14,0.05,False,,,9.653998858993873e-05,0.0001107694308302,False,True,True,True
2026-08-16 07:49:39,full_ctta,capsule,monitor,C:/cira_batch_test/capsule/bad_9.png,bad_9.png,anomaly,True,0.17507608234882355,0.17507608234882355,0.04299485732503146,0.04299485732503146,0.031231427378952504,False,False,16000,False,,False,0.0,cpu,patch_nearest_normal,last2,14,0.05,False,,,9.709050937090069e-05,0.0001107694308302,False,True,True,True
2026-08-16 07:49:41,full_ctta,capsule,monitor,C:/cira_batch_test/capsule/bad_5.png,bad_5.png,normal,False,0.04186524078249931,0.04186524078249931,0.04299485732503146,0.04299485732503146,0.031231427378952504,False,False,16000,False,,False,0.0,cpu,patch_nearest_normal,last2,14,0.05,False,,,9.401024726685137e-05,0.0001107694308302,False,True,True,True
2026-08-16 07:49:43,full_ctta,capsule,monitor,C:/cira_batch_test/capsule/good_9.png,good_9.png,normal,False,0.018027544021606445,2.5033949668795685e-07,0.04299485732503146,0.04299485732503146,0.031231427378952504,False,True,16000,True,9.994311403715983e-05,True,0.0025343450251966715,cpu,patch_nearest_normal,last2,14,0.05,False,,,0.00010162231046706438,0.0001107694308302,True,True,True,True
2026-08-16 07:49:44,full_ctta,capsule,monitor,C:/cira_batch_test/capsule/good_2.png,good_2.png,normal,False,0.017620855942368507,0.017620855942368507,0.04299485732503146,0.04299485732503146,0.031231427378952504,False,False,16000,False,,False,0.0,cpu,patch_nearest_normal,last2,14,0.05,False,,,0.00011354811431374401,0.0001107694308302,True,False,True,True
2026-08-16 07:49:46,full_ctta,capsule,monitor,C:/cira_batch_test/capsule/bad_2.png,bad_2.png,anomaly,True,0.2624155580997467,0.2624155580997467,0.04299485732503146,0.04299485732503146,0.031231427378952504,False,False,16000,False,,False,0.0,cpu,patch_nearest_normal,last2,14,0.05,False,,,0.00011010220623575151,0.0001107694308302,False,True,True,True
2026-08-16 07:49:47,full_ctta,capsule,monitor,C:/cira_batch_test/capsule/bad_17.png,bad_17.png,anomaly,True,0.05390347167849541,0.05390347167849541,0.04299485732503146,0.04299485732503146,0.031231427378952504,False,False,16000,False,,False,0.0,cpu,patch_nearest_normal,last2,14,0.05,False,,,9.529206727165729e-05,0.0001107694308302,False,True,True,True
2026-08-16 07:49:49,full_ctta,capsule,monitor,C:/cira_batch_test/capsule/bad_1.png,bad_1.png,anomaly,True,0.17122535407543182,0.17122535407543182,0.04299485732503146,0.04299485732503146,0.031231427378952504,False,False,16000,False,,False,0.0,cpu,patch_nearest_normal,last2,14,0.05,False,,,0.00010510686115594581,0.0001107694308302,False,True,True,True
2026-08-16 07:49:50,full_ctta,capsule,monitor,C:/cira_batch_test/capsule/good_12.png,good_12.png,normal,False,0.03667600825428963,0.03667600825428963,0.04299485732503146,0.04299485732503146,0.031231427378952504,False,False,16000,False,,False,0.0,cpu,patch_nearest_normal,last2,14,0.05,False,,,0.00010105849651154131,0.0001107694308302,False,True,True,True
2026-08-16 07:49:52,full_ctta,capsule,monitor,C:/cira_batch_test/capsule/good_18.png,good_18.png,normal,False,0.01790991984307766,2.74181360282455e-07,0.04299485732503146,0.04299485732503146,0.031231427378952504,False,True,16000,True,0.00010725067113526165,True,0.002539973706007004,cpu,patch_nearest_normal,last2,14,0.05,False,,,0.00010354488040320575,0.0001107694308302,True,True,True,True
2026-08-16 07:49:53,full_ctta,capsule,monitor,C:/cira_batch_test/capsule/good_17.png,good_17.png,normal,False,0.018050044775009155,0.018050044775009155,0.04299485732503146,0.04299485732503146,0.031231427378952504,False,False,16000,False,,False,0.0,cpu,patch_nearest_normal,last2,14,0.05,False,,,0.00011514688230818138,0.0001107694308302,True,False,True,True
2026-08-16 07:49:55,full_ctta,capsule,monitor,C:/cira_batch_test/capsule/bad_19.png,bad_19.png,anomaly,True,0.10919308662414551,0.10919308662414551,0.04299485732503146,0.04299485732503146,0.031231427378952504,False,False,16000,False,,False,0.0,cpu,patch_nearest_normal,last2,14,0.05,False,,,0.00010282736184308305,0.0001107694308302,False,True,True,True
2026-08-16 07:49:56,full_ctta,capsule,monitor,C:/cira_batch_test/capsule/good_1.png,good_1.png,normal,False,0.027280068024992943,0.027280068024992943,0.04299485732503146,0.04299485732503146,0.031231427378952504,False,False,16000,False,,False,0.0,cpu,patch_nearest_normal,last2,14,0.05,False,,,0.00012002625589957461,0.0001107694308302,True,False,True,True
2026-08-16 07:49:59,full_ctta,carpet,monitor,C:/cira_batch_test/carpet/bad_10.png,bad_10.png,anomaly,True,0.23354916274547577,0.23354916274547577,0.0343417185988487,0.0343417185988487,0.03367696963250637,False,False,16000,False,,False,0.0,cpu,patch_nearest_normal,last2,14,0.05,False,,,5.5584361689398065e-05,6.111156617407686e-05,False,True,True,True
2026-08-16 07:50:01,full_ctta,carpet,monitor,C:/cira_batch_test/carpet/good_16.png,good_16.png,anomaly,True,0.03679478168487549,0.03679478168487549,0.0343417185988487,0.0343417185988487,0.03367696963250637,False,False,16000,False,,False,0.0,cpu,patch_nearest_normal,last2,14,0.05,False,,,3.668061617645435e-05,6.111156617407686e-05,False,True,True,True
2026-08-16 07:50:02,full_ctta,carpet,monitor,C:/cira_batch_test/carpet/bad_12.png,bad_12.png,normal,False,0.03406236320734024,0.03406236320734024,0.0343417185988487,0.0343417185988487,0.03367696963250637,False,False,16000,False,,False,0.0,cpu,patch_nearest_normal,last2,14,0.05,False,,,4.344053377280943e-05,6.111156617407686e-05,False,True,True,True
2026-08-16 07:50:04,full_ctta,carpet,monitor,C:/cira_batch_test/carpet/good_11.png,good_11.png,anomaly,True,0.04204009100794792,0.04204009100794792,0.0343417185988487,0.0343417185988487,0.03367696963250637,False,False,16000,False,,False,0.0,cpu,patch_nearest_normal,last2,14,0.05,False,,,4.6746536099817604e-05,6.111156617407686e-05,False,True,True,True
2026-08-16 07:50:05,full_ctta,carpet,monitor,C:/cira_batch_test/carpet/bad_13.png,bad_13.png,anomaly,True,0.03563273698091507,0.03563273698091507,0.0343417185988487,0.0343417185988487,0.03367696963250637,False,False,16000,False,,False,0.0,cpu,patch_nearest_normal,last2,14,0.05,False,,,4.7834655561018735e-05,6.111156617407686e-05,False,True,True,True
2026-08-16 07:50:07,full_ctta,carpet,monitor,C:/cira_batch_test/carpet/good_7.png,good_7.png,anomaly,True,0.03651086241006851,0.03651086241006851,0.0343417185988487,0.0343417185988487,0.03367696963250637,False,False,16000,False,,False,0.0,cpu,patch_nearest_normal,last2,14,0.05,False,,,3.807256507570855e-05,6.111156617407686e-05,False,True,True,True
2026-08-16 07:50:09,full_ctta,carpet,monitor,C:/cira_batch_test/carpet/good_8.png,good_8.png,normal,False,0.031294096261262894,3.5762786865234375e-07,0.0343417185988487,0.0343417185988487,0.03367696963250637,False,True,16000,True,4.98314002470579e-05,True,0.0029185148887336254,cpu,patch_nearest_normal,last2,14,0.05,False,,,4.144612466916442e-05,6.111156617407686e-05,True,True,True,True
2026-08-16 07:50:10,full_ctta,carpet,monitor,C:/cira_batch_test/carpet/bad_20.png,bad_20.png,anomaly,True,0.13801299035549164,0.13801299035549164,0.0343417185988487,0.0343417185988487,0.03367696963250637,False,False,16000,False,,False,0.0,cpu,patch_nearest_normal,last2,14,0.05,False,,,4.8005378630477935e-05,6.111156617407686e-05,False,True,True,True
2026-08-16 07:50:12,full_ctta,carpet,monitor,C:/cira_batch_test/carpet/good_19.png,good_19.png,anomaly,True,0.03482683375477791,0.03482683375477791,0.0343417185988487,0.0343417185988487,0.03367696963250637,False,False,16000,False,,False,0.0,cpu,patch_nearest_normal,last2,14,0.05,False,,,5.162156230653636e-05,6.111156617407686e-05,False,True,True,True
2026-08-16 07:50:13,full_ctta,carpet,monitor,C:/cira_batch_test/carpet/bad_3.png,bad_3.png,anomaly,True,0.3549932837486267,0.3549932837486267,0.0343417185988487,0.0343417185988487,0.03367696963250637,False,False,16000,False,,False,0.0,cpu,patch_nearest_normal,last2,14,0.05,False,,,4.690342757385224e-05,6.111156617407686e-05,False,True,True,True
2026-08-16 07:50:15,full_ctta,carpet,monitor,C:/cira_batch_test/carpet/bad_7.png,bad_7.png,anomaly,True,0.0734366700053215,0.0734366700053215,0.0343417185988487,0.0343417185988487,0.03367696963250637,False,False,16000,False,,False,0.0,cpu,patch_nearest_normal,last2,14,0.05,False,,,5.103018702357076e-05,6.111156617407686e-05,False,True,True,True
2026-08-16 07:50:16,full_ctta,carpet,monitor,C:/cira_batch_test/carpet/bad_15.png,bad_15.png,anomaly,True,0.0388035774230957,0.0388035774230957,0.0343417185988487,0.0343417185988487,0.03367696963250637,False,False,16000,False,,False,0.0,cpu,patch_nearest_normal,last2,14,0.05,False,,,3.858203490381129e-05,6.111156617407686e-05,False,True,True,True
2026-08-16 07:50:18,full_ctta,carpet,monitor,C:/cira_batch_test/carpet/good_5.png,good_5.png,normal,False,0.033691782504320145,0.033691782504320145,0.0343417185988487,0.0343417185988487,0.03367696963250637,False,False,16000,False,,False,0.0,cpu,patch_nearest_normal,last2,14,0.05,False,,,4.0759987314231694e-05,6.111156617407686e-05,False,True,True,True
2026-08-16 07:50:19,full_ctta,carpet,monitor,C:/cira_batch_test/carpet/good_14.png,good_14.png,anomaly,True,0.03992317244410515,0.03992317244410515,0.0343417185988487,0.0343417185988487,0.03367696963250637,False,False,16000,False,,False,0.0,cpu,patch_nearest_normal,last2,14,0.05,False,,,3.854107853840105e-05,6.111156617407686e-05,False,True,True,True
2026-08-16 07:50:21,full_ctta,carpet,monitor,C:/cira_batch_test/carpet/bad_4.png,bad_4.png,anomaly,True,0.27468806505203247,0.27468806505203247,0.0343417185988487,0.0343417185988487,0.03367696963250637,False,False,16000,False,,False,0.0,cpu,patch_nearest_normal,last2,14,0.05,False,,,5.9918034821748734e-05,6.111156617407686e-05,False,True,True,True
2026-08-16 07:50:23,full_ctta,carpet,monitor,C:/cira_batch_test/carpet/good_20.png,good_20.png,anomaly,True,0.03832845017313957,0.03832845017313957,0.0343417185988487,0.0343417185988487,0.03367696963250637,False,False,16000,False,,False,0.0,cpu,patch_nearest_normal,last2,14,0.05,False,,,5.687486191163771e-05,6.111156617407686e-05,False,True,True,True
2026-08-16 07:50:24,full_ctta,carpet,monitor,C:/cira_batch_test/carpet/good_13.png,good_13.png,anomaly,True,0.03556596487760544,0.03556596487760544,0.0343417185988487,0.0343417185988487,0.03367696963250637,False,False,16000,False,,False,0.0,cpu,patch_nearest_normal,last2,14,0.05,False,,,3.252386159147136e-05,6.111156617407686e-05,False,True,True,True
2026-08-16 07:50:26,full_ctta,carpet,monitor,C:/cira_batch_test/carpet/good_15.png,good_15.png,anomaly,True,0.03940483182668686,0.03940483182668686,0.0343417185988487,0.0343417185988487,0.03367696963250637,False,False,16000,False,,False,0.0,cpu,patch_nearest_normal,last2,14,0.05,False,,,3.878139250446111e-05,6.111156617407686e-05,False,True,True,True
2026-08-16 07:50:28,full_ctta,carpet,monitor,C:/cira_batch_test/carpet/good_6.png,good_6.png,normal,False,0.031155163422226906,3.2186508747145126e-07,0.0343417185988487,0.0343417185988487,0.03367696963250637,False,True,16000,True,4.617596641764976e-05,True,0.0027659216430038214,cpu,patch_nearest_normal,last2,14,0.05,False,,,3.6308731068857014e-05,6.111156617407686e-05,True,True,True,True
2026-08-16 07:50:29,full_ctta,carpet,monitor,C:/cira_batch_test/carpet/good_4.png,good_4.png,normal,False,0.031041931360960007,3.159046286782541e-07,0.0343417185988487,0.0343417185988487,0.03367696963250637,False,True,16000,True,4.131196328671649e-05,True,0.0027118034195154905,cpu,patch_nearest_normal,last2,14,0.05,False,,,3.685951014631428e-05,6.111156617407686e-05,True,True,True,True
2026-08-16 07:50:31,full_ctta,carpet,monitor,C:/cira_batch_test/carpet/bad_16.png,bad_16.png,anomaly,True,0.13189852237701416,0.13189852237701416,0.0343417185988487,0.0343417185988487,0.03367696963250637,False,False,16000,False,,False,0.0,cpu,patch_nearest_normal,last2,14,0.05,False,,,4.9335259973304346e-05,6.111156617407686e-05,False,True,True,True
2026-08-16 07:50:33,full_ctta,carpet,monitor,C:/cira_batch_test/carpet/good_10.png,good_10.png,normal,False,0.033627741038799286,2.980232238769531e-07,0.0343417185988487,0.0343417185988487,0.03367696963250637,False,True,16000,True,4.5027834858046845e-05,True,0.0026867990382015705,cpu,patch_nearest_normal,last2,14,0.05,False,,,3.2710562663851306e-05,6.111156617407686e-05,True,True,True,True
2026-08-16 07:50:34,full_ctta,carpet,monitor,C:/cira_batch_test/carpet/bad_18.png,bad_18.png,anomaly,True,0.3333069086074829,0.3333069086074829,0.0343417185988487,0.0343417185988487,0.03367696963250637,False,False,16000,False,,False,0.0,cpu,patch_nearest_normal,last2,14,0.05,False,,,5.1524912123568356e-05,6.111156617407686e-05,False,True,True,True
2026-08-16 07:50:36,full_ctta,carpet,monitor,C:/cira_batch_test/carpet/good_3.png,good_3.png,normal,False,0.028170054778456688,3.099441414633475e-07,0.0343417185988487,0.0343417185988487,0.03367696963250637,False,True,16000,True,4.464417361305095e-05,True,0.0026659928262233734,cpu,patch_nearest_normal,last2,14,0.05,False,,,3.681372618302703e-05,6.111156617407686e-05,True,True,True,True
2026-08-16 07:50:37,full_ctta,carpet,monitor,C:/cira_batch_test/carpet/bad_14.png,bad_14.png,anomaly,True,0.21756896376609802,0.21756896376609802,0.0343417185988487,0.0343417185988487,0.03367696963250637,False,False,16000,False,,False,0.0,cpu,patch_nearest_normal,last2,14,0.05,False,,,5.6614178902236745e-05,6.111156617407686e-05,False,True,True,True
2026-08-16 07:50:39,full_ctta,carpet,monitor,C:/cira_batch_test/carpet/bad_6.png,bad_6.png,anomaly,True,0.10885343700647354,0.10885343700647354,0.0343417185988487,0.0343417185988487,0.03367696963250637,False,False,16000,False,,False,0.0,cpu,patch_nearest_normal,last2,14,0.05,False,,,4.4146123400423676e-05,6.111156617407686e-05,False,True,True,True
2026-08-16 07:50:41,full_ctta,carpet,monitor,C:/cira_batch_test/carpet/bad_8.png,bad_8.png,anomaly,True,0.29745736718177795,0.29745736718177795,0.0343417185988487,0.0343417185988487,0.03367696963250637,False,False,16000,False,,False,0.0,cpu,patch_nearest_normal,last2,14,0.05,False,,,5.653145126416348e-05,6.111156617407686e-05,False,True,True,True
2026-08-16 07:50:42,full_ctta,carpet,monitor,C:/cira_batch_test/carpet/bad_11.png,bad_11.png,anomaly,True,0.08703368157148361,0.08703368157148361,0.0343417185988487,0.0343417185988487,0.03367696963250637,False,False,16000,False,,False,0.0,cpu,patch_nearest_normal,last2,14,0.05,False,,,5.0422870117472485e-05,6.111156617407686e-05,False,True,True,True
2026-08-16 07:50:44,full_ctta,carpet,monitor,C:/cira_batch_test/carpet/bad_9.png,bad_9.png,anomaly,True,0.3497766852378845,0.3497766852378845,0.0343417185988487,0.0343417185988487,0.03367696963250637,False,False,16000,False,,False,0.0,cpu,patch_nearest_normal,last2,14,0.05,False,,,6.501960888272151e-05,6.111156617407686e-05,False,False,True,True
2026-08-16 07:50:45,full_ctta,carpet,monitor,C:/cira_batch_test/carpet/bad_5.png,bad_5.png,anomaly,True,0.23467016220092773,0.23467016220092773,0.0343417185988487,0.0343417185988487,0.03367696963250637,False,False,16000,False,,False,0.0,cpu,patch_nearest_normal,last2,14,0.05,False,,,5.4319949413184077e-05,6.111156617407686e-05,False,True,True,True
2026-08-16 07:50:47,full_ctta,carpet,monitor,C:/cira_batch_test/carpet/good_9.png,good_9.png,anomaly,True,0.041186463087797165,0.041186463087797165,0.0343417185988487,0.0343417185988487,0.03367696963250637,False,False,16000,False,,False,0.0,cpu,patch_nearest_normal,last2,14,0.05,False,,,3.300825846963562e-05,6.111156617407686e-05,False,True,True,True
2026-08-16 07:50:48,full_ctta,carpet,monitor,C:/cira_batch_test/carpet/good_2.png,good_2.png,normal,False,0.033563822507858276,2.9206276508375595e-07,0.0343417185988487,0.0343417185988487,0.03367696963250637,False,True,16000,True,5.1586172048700973e-05,True,0.0026304214261472225,cpu,patch_nearest_normal,last2,14,0.05,False,,,5.405562114901841e-05,6.111156617407686e-05,True,True,True,True
2026-08-16 07:50:50,full_ctta,carpet,monitor,C:/cira_batch_test/carpet/bad_2.png,bad_2.png,anomaly,True,0.15599599480628967,0.15599599480628967,0.0343417185988487,0.0343417185988487,0.03367696963250637,False,False,16000,False,,False,0.0,cpu,patch_nearest_normal,last2,14,0.05,False,,,5.912383130635135e-05,6.111156617407686e-05,False,True,True,True
2026-08-16 07:50:51,full_ctta,carpet,monitor,C:/cira_batch_test/carpet/bad_17.png,bad_17.png,anomaly,True,0.05165441706776619,0.05165441706776619,0.0343417185988487,0.0343417185988487,0.03367696963250637,False,False,16000,False,,False,0.0,cpu,patch_nearest_normal,last2,14,0.05,False,,,4.931519288220443e-05,6.111156617407686e-05,False,True,True,True
2026-08-16 07:50:53,full_ctta,carpet,monitor,C:/cira_batch_test/carpet/bad_1.png,bad_1.png,anomaly,True,0.0599997416138649,0.0599997416138649,0.0343417185988487,0.0343417185988487,0.03367696963250637,False,False,16000,False,,False,0.0,cpu,patch_nearest_normal,last2,14,0.05,False,,,5.067627353128046e-05,6.111156617407686e-05,False,True,True,True
2026-08-16 07:50:55,full_ctta,carpet,monitor,C:/cira_batch_test/carpet/good_12.png,good_12.png,normal,False,0.03304005414247513,4.0531159584134e-07,0.0343417185988487,0.0343417185988487,0.03367696963250637,False,True,16000,True,6.0443875554483384e-05,True,0.0025614029727876186,cpu,patch_nearest_normal,last2,14,0.05,False,,,5.189243529457599e-05,6.111156617407686e-05,True,True,True,True
2026-08-16 07:50:56,full_ctta,carpet,monitor,C:/cira_batch_test/carpet/good_18.png,good_18.png,normal,False,0.026963401585817337,3.099441414633475e-07,0.0343417185988487,0.0343417185988487,0.03367696963250637,False,True,16000,True,4.7785932110855356e-05,True,0.0025602320674806833,cpu,patch_nearest_normal,last2,14,0.05,False,,,4.408839231473394e-05,6.111156617407686e-05,True,True,True,True
2026-08-16 07:50:58,full_ctta,carpet,monitor,C:/cira_batch_test/carpet/good_17.png,good_17.png,normal,False,0.02888202667236328,3.2782554626464844e-07,0.0343417185988487,0.0343417185988487,0.03367696963250637,False,True,16000,True,4.616054138750769e-05,True,0.0025537593755871058,cpu,patch_nearest_normal,last2,14,0.05,False,,,4.389788591652177e-05,6.111156617407686e-05,True,True,True,True
2026-08-16 07:51:00,full_ctta,carpet,monitor,C:/cira_batch_test/carpet/bad_19.png,bad_19.png,anomaly,True,0.11043548583984375,0.11043548583984375,0.0343417185988487,0.0343417185988487,0.03367696963250637,False,False,16000,False,,False,0.0,cpu,patch_nearest_normal,last2,14,0.05,False,,,4.9525147915119305e-05,6.111156617407686e-05,False,True,True,True
2026-08-16 07:51:02,full_ctta,carpet,monitor,C:/cira_batch_test/carpet/good_1.png,good_1.png,normal,False,0.025454789400100708,2.9206276508375595e-07,0.0343417185988487,0.0343417185988487,0.03367696963250637,False,True,16000,True,4.904063098365441e-05,True,0.002533859806135297,cpu,patch_nearest_normal,last2,14,0.05,True,C:\cira_ttl_checkpoints\carpet\patch_memory_bank_update_10.pt,C:\cira_ttl_checkpoints\carpet\patch_adapter_update_10.pt,4.225236261845566e-05,6.111156617407686e-05,True,True,True,True
2026-08-16 07:51:03,full_ctta,grid,monitor,C:/cira_batch_test/grid/bad_10.png,bad_10.png,anomaly,True,0.07286384701728821,0.07286384701728821,0.053714152485093335,0.053714152485093335,0.04894002191722393,False,False,16000,False,,False,0.0,cpu,patch_nearest_normal,last2,14,0.05,False,,,0.00013143426622264087,0.00020260438468534505,False,True,True,True
2026-08-16 07:51:05,full_ctta,grid,monitor,C:/cira_batch_test/grid/good_16.png,good_16.png,anomaly,True,0.053874604403972626,0.053874604403972626,0.053714152485093335,0.053714152485093335,0.04894002191722393,False,False,16000,False,,False,0.0,cpu,patch_nearest_normal,last2,14,0.05,False,,,0.00015026319306343794,0.00020260438468534505,False,True,True,True
2026-08-16 07:51:06,full_ctta,grid,monitor,C:/cira_batch_test/grid/bad_12.png,bad_12.png,anomaly,True,0.10632707923650742,0.10632707923650742,0.053714152485093335,0.053714152485093335,0.04894002191722393,False,False,16000,False,,False,0.0,cpu,patch_nearest_normal,last2,14,0.05,False,,,0.00019313095253892243,0.00020260438468534505,False,True,True,True
2026-08-16 07:51:08,full_ctta,grid,monitor,C:/cira_batch_test/grid/good_11.png,good_11.png,normal,False,0.04442182183265686,2.8014181907565217e-07,0.053714152485093335,0.053714152485093335,0.04894002191722393,False,True,16000,True,0.00012094671546947211,True,0.002960909390822053,cpu,patch_nearest_normal,last2,14,0.05,False,,,0.00011379739589756355,0.00020260438468534505,True,True,True,True
2026-08-16 07:51:10,full_ctta,grid,monitor,C:/cira_batch_test/grid/bad_13.png,bad_13.png,normal,False,0.04784242436289787,2.9206276508375595e-07,0.053714152485093335,0.053714152485093335,0.04894002191722393,False,True,16000,True,0.00012403754226397723,True,0.0024565369822084904,cpu,patch_nearest_normal,last2,14,0.05,False,,,0.00011304165673209354,0.00020260438468534505,True,True,True,True
2026-08-16 07:51:11,full_ctta,grid,monitor,C:/cira_batch_test/grid/good_7.png,good_7.png,anomaly,True,0.05750887468457222,0.05750887468457222,0.053714152485093335,0.053714152485093335,0.04894002191722393,False,False,16000,False,,False,0.0,cpu,patch_nearest_normal,last2,14,0.05,False,,,0.00011313307186355814,0.00020260438468534505,False,True,True,True
2026-08-16 07:51:13,full_ctta,grid,monitor,C:/cira_batch_test/grid/good_8.png,good_8.png,normal,False,0.04486946016550064,2.682209014892578e-07,0.053714152485093335,0.053714152485093335,0.04894002191722393,False,True,16000,True,0.00012140874605393037,True,0.002214384265244007,cpu,patch_nearest_normal,last2,14,0.05,False,,,0.00012343288108240813,0.00020260438468534505,True,True,True,True
2026-08-16 07:51:15,full_ctta,grid,monitor,C:/cira_batch_test/grid/bad_20.png,bad_20.png,normal,False,0.05341368168592453,0.05341368168592453,0.053714152485093335,0.053714152485093335,0.04894002191722393,False,False,16000,False,,False,0.0,cpu,patch_nearest_normal,last2,14,0.05,False,,,0.00010641518019838259,0.00020260438468534505,False,True,True,True
2026-08-16 07:51:16,full_ctta,grid,monitor,C:/cira_batch_test/grid/good_19.png,good_19.png,anomaly,True,0.06416154652833939,0.06416154652833939,0.053714152485093335,0.053714152485093335,0.04894002191722393,False,False,16000,False,,False,0.0,cpu,patch_nearest_normal,last2,14,0.05,False,,,0.00012100661115255207,0.00020260438468534505,False,True,True,True
2026-08-16 07:51:18,full_ctta,grid,monitor,C:/cira_batch_test/grid/bad_3.png,bad_3.png,anomaly,True,0.06470717489719391,0.06470717489719391,0.053714152485093335,0.053714152485093335,0.04894002191722393,False,False,16000,False,,False,0.0,cpu,patch_nearest_normal,last2,14,0.05,False,,,0.00011431922030169517,0.00020260438468534505,False,True,True,True
2026-08-16 07:51:19,full_ctta,grid,monitor,C:/cira_batch_test/grid/bad_7.png,bad_7.png,anomaly,True,0.11585937440395355,0.11585937440395355,0.053714152485093335,0.053714152485093335,0.04894002191722393,False,False,16000,False,,False,0.0,cpu,patch_nearest_normal,last2,14,0.05,False,,,0.0001207397726830095,0.00020260438468534505,False,True,True,True
2026-08-16 07:51:20,full_ctta,grid,monitor,C:/cira_batch_test/grid/bad_15.png,bad_15.png,anomaly,True,0.06479008495807648,0.06479008495807648,0.053714152485093335,0.053714152485093335,0.04894002191722393,False,False,16000,False,,False,0.0,cpu,patch_nearest_normal,last2,14,0.05,False,,,0.00015911080117803067,0.00020260438468534505,False,True,True,True
2026-08-16 07:51:22,full_ctta,grid,monitor,C:/cira_batch_test/grid/good_5.png,good_5.png,anomaly,True,0.06400011479854584,0.06400011479854584,0.053714152485093335,0.053714152485093335,0.04894002191722393,False,False,16000,False,,False,0.0,cpu,patch_nearest_normal,last2,14,0.05,False,,,0.00012385427544359118,0.00020260438468534505,False,True,True,True
2026-08-16 07:51:23,full_ctta,grid,monitor,C:/cira_batch_test/grid/good_14.png,good_14.png,normal,False,0.04997871071100235,0.04997871071100235,0.053714152485093335,0.053714152485093335,0.04894002191722393,False,False,16000,False,,False,0.0,cpu,patch_nearest_normal,last2,14,0.05,False,,,0.0001542913232697174,0.00020260438468534505,False,True,True,True
2026-08-16 07:51:25,full_ctta,grid,monitor,C:/cira_batch_test/grid/bad_4.png,bad_4.png,anomaly,True,0.09599379450082779,0.09599379450082779,0.053714152485093335,0.053714152485093335,0.04894002191722393,False,False,16000,False,,False,0.0,cpu,patch_nearest_normal,last2,14,0.05,False,,,0.00011357549374224618,0.00020260438468534505,False,True,True,True
2026-08-16 07:51:27,full_ctta,grid,monitor,C:/cira_batch_test/grid/good_20.png,good_20.png,normal,False,0.04748012498021126,3.2782554626464844e-07,0.053714152485093335,0.053714152485093335,0.04894002191722393,False,True,16000,True,0.00014850775187369436,True,0.002204506890848279,cpu,patch_nearest_normal,last2,14,0.05,False,,,0.00014151301002129912,0.00020260438468534505,True,True,True,True
2026-08-16 07:51:29,full_ctta,grid,monitor,C:/cira_batch_test/grid/good_13.png,good_13.png,normal,False,0.04503129795193672,3.516674098591466e-07,0.053714152485093335,0.053714152485093335,0.04894002191722393,False,True,16000,True,0.00011430573067627847,True,0.002178568160161376,cpu,patch_nearest_normal,last2,14,0.05,False,,,0.00010775945702334866,0.00020260438468534505,True,True,True,True
2026-08-16 07:51:30,full_ctta,grid,monitor,C:/cira_batch_test/grid/good_15.png,good_15.png,normal,False,0.0358135923743248,2.8610230629055877e-07,0.053714152485093335,0.053714152485093335,0.04894002191722393,False,True,16000,True,0.00012915601837448776,True,0.0021566939540207386,cpu,patch_nearest_normal,last2,14,0.05,False,,,0.00011424838885432109,0.00020260438468534505,True,True,True,True
2026-08-16 07:51:32,full_ctta,grid,monitor,C:/cira_batch_test/grid/good_6.png,good_6.png,anomaly,True,0.06392206251621246,0.06392206251621246,0.053714152485093335,0.053714152485093335,0.04894002191722393,False,False,16000,False,,False,0.0,cpu,patch_nearest_normal,last2,14,0.05,False,,,0.0001122830217354931,0.00020260438468534505,False,True,True,True
2026-08-16 07:51:33,full_ctta,grid,monitor,C:/cira_batch_test/grid/good_4.png,good_4.png,anomaly,True,0.0558343306183815,0.0558343306183815,0.053714152485093335,0.053714152485093335,0.04894002191722393,False,False,16000,False,,False,0.0,cpu,patch_nearest_normal,last2,14,0.05,False,,,0.00022751018695998937,0.00020260438468534505,False,False,True,True
2026-08-16 07:51:35,full_ctta,grid,monitor,C:/cira_batch_test/grid/bad_16.png,bad_16.png,anomaly,True,0.05969003960490227,0.05969003960490227,0.053714152485093335,0.053714152485093335,0.04894002191722393,False,False,16000,False,,False,0.0,cpu,patch_nearest_normal,last2,14,0.05,False,,,0.00013427577505353838,0.00020260438468534505,False,True,True,True
2026-08-16 07:51:36,full_ctta,grid,monitor,C:/cira_batch_test/grid/good_10.png,good_10.png,normal,False,0.04440094903111458,3.337860050578456e-07,0.053714152485093335,0.053714152485093335,0.04894002191722393,False,True,16000,True,0.00013401912292465568,True,0.002168244682252407,cpu,patch_nearest_normal,last2,14,0.05,False,,,0.00012636314204428345,0.00020260438468534505,True,True,True,True
2026-08-16 07:51:38,full_ctta,grid,monitor,C:/cira_batch_test/grid/bad_18.png,bad_18.png,anomaly,True,0.06103309988975525,0.06103309988975525,0.053714152485093335,0.053714152485093335,0.04894002191722393,False,False,16000,False,,False,0.0,cpu,patch_nearest_normal,last2,14,0.05,False,,,0.0001554901391500607,0.00020260438468534505,False,True,True,True
2026-08-16 07:51:39,full_ctta,grid,monitor,C:/cira_batch_test/grid/good_3.png,good_3.png,normal,False,0.04872892051935196,0.04872892051935196,0.053714152485093335,0.053714152485093335,0.04894002191722393,False,False,16000,False,,False,0.0,cpu,patch_nearest_normal,last2,14,0.05,False,,,0.00021004985319450498,0.00020260438468534505,True,False,True,True
2026-08-16 07:51:41,full_ctta,grid,monitor,C:/cira_batch_test/grid/bad_14.png,bad_14.png,anomaly,True,0.05374772474169731,0.05374772474169731,0.053714152485093335,0.053714152485093335,0.04894002191722393,False,False,16000,False,,False,0.0,cpu,patch_nearest_normal,last2,14,0.05,False,,,0.00010649548494257033,0.00020260438468534505,False,True,True,True
2026-08-16 07:51:43,full_ctta,grid,monitor,C:/cira_batch_test/grid/bad_6.png,bad_6.png,normal,False,0.04616890475153923,2.74181360282455e-07,0.053714152485093335,0.053714152485093335,0.04894002191722393,False,True,16000,True,0.00012369487376417965,True,0.0020673037506639957,cpu,patch_nearest_normal,last2,14,0.05,False,,,0.0001164302448160015,0.00020260438468534505,True,True,True,True
2026-08-16 07:51:44,full_ctta,grid,monitor,C:/cira_batch_test/grid/bad_8.png,bad_8.png,normal,False,0.04656315594911575,3.099441414633475e-07,0.053714152485093335,0.053714152485093335,0.04894002191722393,False,True,16000,True,0.0001642649294808507,True,0.0021031296346336603,cpu,patch_nearest_normal,last2,14,0.05,False,,,0.00013913247676100582,0.00020260438468534505,True,True,True,True
2026-08-16 07:51:46,full_ctta,grid,monitor,C:/cira_batch_test/grid/bad_11.png,bad_11.png,anomaly,True,0.05625716596841812,0.05625716596841812,0.053714152485093335,0.053714152485093335,0.04894002191722393,False,False,16000,False,,False,0.0,cpu,patch_nearest_normal,last2,14,0.05,False,,,0.00017770474369172007,0.00020260438468534505,False,True,True,True
2026-08-16 07:51:47,full_ctta,grid,monitor,C:/cira_batch_test/grid/bad_9.png,bad_9.png,anomaly,True,0.06431099772453308,0.06431099772453308,0.053714152485093335,0.053714152485093335,0.04894002191722393,False,False,16000,False,,False,0.0,cpu,patch_nearest_normal,last2,14,0.05,False,,,0.00012323750706855208,0.00020260438468534505,False,True,True,True
2026-08-16 07:51:49,full_ctta,grid,monitor,C:/cira_batch_test/grid/bad_5.png,bad_5.png,anomaly,True,0.06299568712711334,0.06299568712711334,0.053714152485093335,0.053714152485093335,0.04894002191722393,False,False,16000,False,,False,0.0,cpu,patch_nearest_normal,last2,14,0.05,False,,,0.00012826899182982743,0.00020260438468534505,False,True,True,True
2026-08-16 07:51:51,full_ctta,grid,monitor,C:/cira_batch_test/grid/good_9.png,good_9.png,normal,False,0.04490049555897713,2.8014181907565217e-07,0.053714152485093335,0.053714152485093335,0.04894002191722393,False,True,16000,True,0.00013145832053851336,True,0.002083697821944952,cpu,patch_nearest_normal,last2,14,0.05,True,C:\cira_ttl_checkpoints\grid\patch_memory_bank_update_10.pt,C:\cira_ttl_checkpoints\grid\patch_adapter_update_10.pt,0.00011866145359817892,0.00020260438468534505,True,True,True,True
2026-08-16 07:51:52,full_ctta,grid,monitor,C:/cira_batch_test/grid/good_2.png,good_2.png,normal,False,0.052887361496686935,0.052887361496686935,0.053714152485093335,0.053714152485093335,0.04894002191722393,False,False,16000,False,,False,0.0,cpu,patch_nearest_normal,last2,14,0.05,False,,,0.00017916505748871714,0.00020260438468534505,False,True,True,True
2026-08-16 07:51:54,full_ctta,grid,monitor,C:/cira_batch_test/grid/bad_2.png,bad_2.png,anomaly,True,0.056108586490154266,0.056108586490154266,0.053714152485093335,0.053714152485093335,0.04894002191722393,False,False,16000,False,,False,0.0,cpu,patch_nearest_normal,last2,14,0.05,False,,,0.00019347743364050984,0.00020260438468534505,False,True,True,True
2026-08-16 07:51:55,full_ctta,grid,monitor,C:/cira_batch_test/grid/bad_17.png,bad_17.png,normal,False,0.04651656746864319,3.099441414633475e-07,0.053714152485093335,0.053714152485093335,0.04894002191722393,False,True,16000,True,9.551500261295587e-05,True,0.0020018366631120443,cpu,patch_nearest_normal,last2,14,0.05,False,,,8.884407725417987e-05,0.00020260438468534505,True,True,True,True
2026-08-16 07:51:57,full_ctta,grid,monitor,C:/cira_batch_test/grid/bad_1.png,bad_1.png,anomaly,True,0.08937995135784149,0.08937995135784149,0.053714152485093335,0.053714152485093335,0.04894002191722393,False,False,16000,False,,False,0.0,cpu,patch_nearest_normal,last2,14,0.05,False,,,0.00020497650257311761,0.00020260438468534505,False,False,True,True
2026-08-16 07:51:59,full_ctta,grid,monitor,C:/cira_batch_test/grid/good_12.png,good_12.png,normal,False,0.0391412191092968,2.74181360282455e-07,0.053714152485093335,0.053714152485093335,0.04894002191722393,False,True,16000,True,0.0001553479378344491,True,0.0020156130194664,cpu,patch_nearest_normal,last2,14,0.05,False,,,0.00015091593377292156,0.00020260438468534505,True,True,True,True
2026-08-16 07:52:00,full_ctta,grid,monitor,C:/cira_batch_test/grid/good_18.png,good_18.png,anomaly,True,0.05600453540682793,0.05600453540682793,0.053714152485093335,0.053714152485093335,0.04894002191722393,False,False,16000,False,,False,0.0,cpu,patch_nearest_normal,last2,14,0.05,False,,,0.00011776748578995466,0.00020260438468534505,False,True,True,True
2026-08-16 07:52:02,full_ctta,grid,monitor,C:/cira_batch_test/grid/good_17.png,good_17.png,normal,False,0.04513492062687874,2.9206276508375595e-07,0.053714152485093335,0.053714152485093335,0.04894002191722393,False,True,16000,True,0.00019723322475329041,True,0.002046368084847927,cpu,patch_nearest_normal,last2,14,0.05,False,,,0.00018746052228379995,0.00020260438468534505,True,True,True,True
2026-08-16 07:52:03,full_ctta,grid,monitor,C:/cira_batch_test/grid/bad_19.png,bad_19.png,anomaly,True,0.09599930793046951,0.09599930793046951,0.053714152485093335,0.053714152485093335,0.04894002191722393,False,False,16000,False,,False,0.0,cpu,patch_nearest_normal,last2,14,0.05,False,,,0.00013906227832194418,0.00020260438468534505,False,True,True,True
2026-08-16 07:52:05,full_ctta,grid,monitor,C:/cira_batch_test/grid/good_1.png,good_1.png,anomaly,True,0.05846182256937027,0.05846182256937027,0.053714152485093335,0.053714152485093335,0.04894002191722393,False,False,16000,False,,False,0.0,cpu,patch_nearest_normal,last2,14,0.05,False,,,0.00021141035540495068,0.00020260438468534505,False,False,True,True
2026-08-16 07:52:06,full_ctta,hazelnut,monitor,C:/cira_batch_test/hazelnut/bad_10.png,bad_10.png,anomaly,True,0.24062328040599823,0.24062328040599823,0.11622385221571559,0.11622385221571559,0.11048602908849717,False,False,16000,False,,False,0.0,cpu,patch_nearest_normal,last2,14,0.05,False,,,0.00013550928269978613,0.00018771860486589,False,True,True,True
2026-08-16 07:52:08,full_ctta,hazelnut,monitor,C:/cira_batch_test/hazelnut/good_16.png,good_16.png,normal,False,0.09578574448823929,2.8610230629055877e-07,0.11622385221571559,0.11622385221571559,0.11048602908849717,False,True,16000,True,0.0001675039529800415,True,0.0030153871048241854,cpu,patch_nearest_normal,last2,14,0.05,False,,,0.00014644481416326016,0.00018771860486589,True,True,True,True
2026-08-16 07:52:09,full_ctta,hazelnut,monitor,C:/cira_batch_test/hazelnut/bad_12.png,bad_12.png,anomaly,True,0.13198956847190857,0.13198956847190857,0.11622385221571559,0.11622385221571559,0.11048602908849717,False,False,16000,False,,False,0.0,cpu,patch_nearest_normal,last2,14,0.05,False,,,0.00014325939991977066,0.00018771860486589,False,True,True,True
2026-08-16 07:52:11,full_ctta,hazelnut,monitor,C:/cira_batch_test/hazelnut/good_11.png,good_11.png,normal,False,0.10377924144268036,2.9206276508375595e-07,0.11622385221571559,0.11622385221571559,0.11048602908849717,False,True,16000,True,0.00016167512512765825,True,0.002686455613002181,cpu,patch_nearest_normal,last2,14,0.05,False,,,0.00014517265663016587,0.00018771860486589,True,True,True,True
2026-08-16 07:52:13,full_ctta,hazelnut,monitor,C:/cira_batch_test/hazelnut/bad_13.png,bad_13.png,anomaly,True,0.12712648510932922,0.12712648510932922,0.11622385221571559,0.11622385221571559,0.11048602908849717,False,False,16000,False,,False,0.0,cpu,patch_nearest_normal,last2,14,0.05,False,,,0.0001238305849255994,0.00018771860486589,False,True,True,True
2026-08-16 07:52:14,full_ctta,hazelnut,monitor,C:/cira_batch_test/hazelnut/good_7.png,good_7.png,normal,False,0.10396890342235565,2.8610230629055877e-07,0.11622385221571559,0.11622385221571559,0.11048602908849717,False,True,16000,True,0.00015313047333620489,True,0.0025845274794846773,cpu,patch_nearest_normal,last2,14,0.05,False,,,0.00014431301678996533,0.00018771860486589,True,True,True,True
2026-08-16 07:52:16,full_ctta,hazelnut,monitor,C:/cira_batch_test/hazelnut/good_8.png,good_8.png,normal,False,0.1084488183259964,2.9206276508375595e-07,0.11622385221571559,0.11622385221571559,0.11048602908849717,False,True,16000,True,0.00015907881606835872,True,0.0025355799589306116,cpu,patch_nearest_normal,last2,14,0.05,False,,,0.00015072333917487413,0.00018771860486589,True,True,True,True
2026-08-16 07:52:18,full_ctta,hazelnut,monitor,C:/cira_batch_test/hazelnut/bad_20.png,bad_20.png,anomaly,True,0.22924526035785675,0.22924526035785675,0.11622385221571559,0.11622385221571559,0.11048602908849717,False,False,16000,False,,False,0.0,cpu,patch_nearest_normal,last2,14,0.05,False,,,0.00013278437836561352,0.00018771860486589,False,True,True,True
2026-08-16 07:52:19,full_ctta,hazelnut,monitor,C:/cira_batch_test/hazelnut/good_19.png,good_19.png,normal,False,0.1025201827287674,2.9206276508375595e-07,0.11622385221571559,0.11622385221571559,0.11048602908849717,False,True,16000,True,0.0001516047486802563,True,0.0025037697050720453,cpu,patch_nearest_normal,last2,14,0.05,False,,,0.00013229399337433279,0.00018771860486589,True,True,True,True
2026-08-16 07:52:21,full_ctta,hazelnut,monitor,C:/cira_batch_test/hazelnut/bad_3.png,bad_3.png,anomaly,True,0.21368508040905,0.21368508040905,0.11622385221571559,0.11622385221571559,0.11048602908849717,False,False,16000,False,,False,0.0,cpu,patch_nearest_normal,last2,14,0.05,False,,,0.00014900883252266794,0.00018771860486589,False,True,True,True
2026-08-16 07:52:22,full_ctta,hazelnut,monitor,C:/cira_batch_test/hazelnut/bad_7.png,bad_7.png,anomaly,True,0.2016964852809906,0.2016964852809906,0.11622385221571559,0.11622385221571559,0.11048602908849717,False,False,16000,False,,False,0.0,cpu,patch_nearest_normal,last2,14,0.05,False,,,0.00012356889783404768,0.00018771860486589,False,True,True,True
2026-08-16 07:52:24,full_ctta,hazelnut,monitor,C:/cira_batch_test/hazelnut/bad_15.png,bad_15.png,anomaly,True,0.22582538425922394,0.22582538425922394,0.11622385221571559,0.11622385221571559,0.11048602908849717,False,False,16000,False,,False,0.0,cpu,patch_nearest_normal,last2,14,0.05,False,,,0.0001482364459661767,0.00018771860486589,False,True,True,True
2026-08-16 07:52:25,full_ctta,hazelnut,monitor,C:/cira_batch_test/hazelnut/good_5.png,good_5.png,normal,False,0.0867747962474823,2.3245812030836532e-07,0.11622385221571559,0.11622385221571559,0.11048602908849717,False,True,16000,True,0.00015437719412148,True,0.0024704390671104193,cpu,patch_nearest_normal,last2,14,0.05,False,,,0.00012731178139802068,0.00018771860486589,True,True,True,True
2026-08-16 07:52:27,full_ctta,hazelnut,monitor,C:/cira_batch_test/hazelnut/good_14.png,good_14.png,normal,False,0.09475918114185333,2.5033949668795685e-07,0.11622385221571559,0.11622385221571559,0.11048602908849717,False,True,16000,True,0.00015860324492678046,True,0.0024827378802001476,cpu,patch_nearest_normal,last2,14,0.05,False,,,0.00013782561291009188,0.00018771860486589,True,True,True,True
2026-08-16 07:52:29,full_ctta,hazelnut,monitor,C:/cira_batch_test/hazelnut/bad_4.png,bad_4.png,anomaly,True,0.20849041640758514,0.20849041640758514,0.11622385221571559,0.11622385221571559,0.11048602908849717,False,False,16000,False,,False,0.0,cpu,patch_nearest_normal,last2,14,0.05,False,,,0.00014411188021767884,0.00018771860486589,False,True,True,True
2026-08-16 07:52:30,full_ctta,hazelnut,monitor,C:/cira_batch_test/hazelnut/good_20.png,good_20.png,normal,False,0.10129572451114655,2.682209014892578e-07,0.11622385221571559,0.11622385221571559,0.11048602908849717,False,True,16000,True,0.00017559490515850484,True,0.0024655170273035765,cpu,patch_nearest_normal,last2,14,0.05,False,,,0.00015367171727120876,0.00018771860486589,True,True,True,True
2026-08-16 07:52:32,full_ctta,hazelnut,monitor,C:/cira_batch_test/hazelnut/good_13.png,good_13.png,normal,False,0.09452082216739655,3.337860050578456e-07,0.11622385221571559,0.11622385221571559,0.11048602908849717,False,True,16000,True,0.0001543618127470836,True,0.0024571758694946766,cpu,patch_nearest_normal,last2,14,0.05,False,,,0.00013640924589708447,0.00018771860486589,True,True,True,True
2026-08-16 07:52:34,full_ctta,hazelnut,monitor,C:/cira_batch_test/hazelnut/good_15.png,good_15.png,normal,False,0.103083036839962,3.397464638510428e-07,0.11622385221571559,0.11622385221571559,0.11048602908849717,False,True,16000,True,0.00016522234363947064,True,0.002448486862704158,cpu,patch_nearest_normal,last2,14,0.05,True,C:\cira_ttl_checkpoints\hazelnut\patch_memory_bank_update_10.pt,C:\cira_ttl_checkpoints\hazelnut\patch_adapter_update_10.pt,0.00016579427756369114,0.00018771860486589,True,True,True,True
2026-08-16 07:52:36,full_ctta,hazelnut,monitor,C:/cira_batch_test/hazelnut/good_6.png,good_6.png,anomaly,True,0.11939559131860733,0.11939559131860733,0.11622385221571559,0.11622385221571559,0.11048602908849717,False,False,16000,False,,False,0.0,cpu,patch_nearest_normal,last2,14,0.05,False,,,0.0001308639912167564,0.00018771860486589,False,True,True,True
2026-08-16 07:52:37,full_ctta,hazelnut,monitor,C:/cira_batch_test/hazelnut/good_4.png,good_4.png,normal,False,0.08476828038692474,2.8610230629055877e-07,0.11622385221571559,0.11622385221571559,0.11048602908849717,False,True,16000,True,0.00015797352534718812,True,0.002451836597174406,cpu,patch_nearest_normal,last2,14,0.05,False,,,0.00014911085600033402,0.00018771860486589,True,True,True,True
2026-08-16 07:52:39,full_ctta,hazelnut,monitor,C:/cira_batch_test/hazelnut/bad_16.png,bad_16.png,anomaly,True,0.23954400420188904,0.23954400420188904,0.11622385221571559,0.11622385221571559,0.11048602908849717,False,False,16000,False,,False,0.0,cpu,patch_nearest_normal,last2,14,0.05,False,,,0.00012659576896112412,0.00018771860486589,False,True,True,True
2026-08-16 07:52:41,full_ctta,hazelnut,monitor,C:/cira_batch_test/hazelnut/good_10.png,good_10.png,normal,False,0.10014037787914276,3.2782554626464844e-07,0.11622385221571559,0.11622385221571559,0.11048602908849717,False,True,16000,True,0.00018214437295682728,True,0.002442366909235716,cpu,patch_nearest_normal,last2,14,0.05,False,,,0.00014439313963521272,0.00018771860486589,True,True,True,True
2026-08-16 07:52:42,full_ctta,hazelnut,monitor,C:/cira_batch_test/hazelnut/bad_18.png,bad_18.png,anomaly,True,0.2172338217496872,0.2172338217496872,0.11622385221571559,0.11622385221571559,0.11048602908849717,False,False,16000,False,,False,0.0,cpu,patch_nearest_normal,last2,14,0.05,False,,,0.0001489716669311747,0.00018771860486589,False,True,True,True
2026-08-16 07:52:44,full_ctta,hazelnut,monitor,C:/cira_batch_test/hazelnut/good_3.png,good_3.png,normal,False,0.10302694141864777,3.159046286782541e-07,0.11622385221571559,0.11622385221571559,0.11048602908849717,False,True,16000,True,0.00015134572458919138,True,0.002439324976876378,cpu,patch_nearest_normal,last2,14,0.05,False,,,0.00014271127292886376,0.00018771860486589,True,True,True,True
2026-08-16 07:52:45,full_ctta,hazelnut,monitor,C:/cira_batch_test/hazelnut/bad_14.png,bad_14.png,anomaly,True,0.20553407073020935,0.20553407073020935,0.11622385221571559,0.11622385221571559,0.11048602908849717,False,False,16000,False,,False,0.0,cpu,patch_nearest_normal,last2,14,0.05,False,,,0.0001407286326866597,0.00018771860486589,False,True,True,True
2026-08-16 07:52:47,full_ctta,hazelnut,monitor,C:/cira_batch_test/hazelnut/bad_6.png,bad_6.png,anomaly,True,0.2045396864414215,0.2045396864414215,0.11622385221571559,0.11622385221571559,0.11048602908849717,False,False,16000,False,,False,0.0,cpu,patch_nearest_normal,last2,14,0.05,False,,,0.00013316902914084494,0.00018771860486589,False,True,True,True
2026-08-16 07:52:48,full_ctta,hazelnut,monitor,C:/cira_batch_test/hazelnut/bad_8.png,bad_8.png,anomaly,True,0.1635909527540207,0.1635909527540207,0.11622385221571559,0.11622385221571559,0.11048602908849717,False,False,16000,False,,False,0.0,cpu,patch_nearest_normal,last2,14,0.05,False,,,0.0001458325859857723,0.00018771860486589,False,True,True,True
2026-08-16 07:52:50,full_ctta,hazelnut,monitor,C:/cira_batch_test/hazelnut/bad_11.png,bad_11.png,anomaly,True,0.20691943168640137,0.20691943168640137,0.11622385221571559,0.11622385221571559,0.11048602908849717,False,False,16000,False,,False,0.0,cpu,patch_nearest_normal,last2,14,0.05,False,,,0.00014972245844546705,0.00018771860486589,False,True,True,True
2026-08-16 07:52:51,full_ctta,hazelnut,monitor,C:/cira_batch_test/hazelnut/bad_9.png,bad_9.png,anomaly,True,0.1503949612379074,0.1503949612379074,0.11622385221571559,0.11622385221571559,0.11048602908849717,False,False,16000,False,,False,0.0,cpu,patch_nearest_normal,last2,14,0.05,False,,,0.00014967583410907537,0.00018771860486589,False,True,True,True
2026-08-16 07:52:53,full_ctta,hazelnut,monitor,C:/cira_batch_test/hazelnut/bad_5.png,bad_5.png,anomaly,True,0.16293370723724365,0.16293370723724365,0.11622385221571559,0.11622385221571559,0.11048602908849717,False,False,16000,False,,False,0.0,cpu,patch_nearest_normal,last2,14,0.05,False,,,0.0001529058354208246,0.00018771860486589,False,True,True,True
2026-08-16 07:52:54,full_ctta,hazelnut,monitor,C:/cira_batch_test/hazelnut/good_9.png,good_9.png,normal,False,0.10029852390289307,3.039836826701503e-07,0.11622385221571559,0.11622385221571559,0.11048602908849717,False,True,16000,True,0.0001697392581263557,True,0.002444115001708269,cpu,patch_nearest_normal,last2,14,0.05,False,,,0.00015153829008340836,0.00018771860486589,True,True,True,True
2026-08-16 07:52:56,full_ctta,hazelnut,monitor,C:/cira_batch_test/hazelnut/good_2.png,good_2.png,normal,False,0.09010448306798935,2.980232238769531e-07,0.11622385221571559,0.11622385221571559,0.11048602908849717,False,True,16000,True,0.0001511281734565273,True,0.002439558506011963,cpu,patch_nearest_normal,last2,14,0.05,False,,,0.00015020127466414124,0.00018771860486589,True,True,True,True
2026-08-16 07:52:58,full_ctta,hazelnut,monitor,C:/cira_batch_test/hazelnut/bad_2.png,bad_2.png,anomaly,True,0.19473978877067566,0.19473978877067566,0.11622385221571559,0.11622385221571559,0.11048602908849717,False,False,16000,False,,False,0.0,cpu,patch_nearest_normal,last2,14,0.05,False,,,0.0001649320183787495,0.00018771860486589,False,True,True,True
2026-08-16 07:52:59,full_ctta,hazelnut,monitor,C:/cira_batch_test/hazelnut/bad_17.png,bad_17.png,anomaly,True,0.21479304134845734,0.21479304134845734,0.11622385221571559,0.11622385221571559,0.11048602908849717,False,False,16000,False,,False,0.0,cpu,patch_nearest_normal,last2,14,0.05,False,,,0.00012526207137852907,0.00018771860486589,False,True,True,True
2026-08-16 07:53:01,full_ctta,hazelnut,monitor,C:/cira_batch_test/hazelnut/bad_1.png,bad_1.png,anomaly,True,0.15776073932647705,0.15776073932647705,0.11622385221571559,0.11622385221571559,0.11048602908849717,False,False,16000,False,,False,0.0,cpu,patch_nearest_normal,last2,14,0.05,False,,,0.00016364174371119589,0.00018771860486589,False,True,True,True
2026-08-16 07:53:02,full_ctta,hazelnut,monitor,C:/cira_batch_test/hazelnut/good_12.png,good_12.png,normal,False,0.0942617803812027,2.2649764730431343e-07,0.11622385221571559,0.11622385221571559,0.11048602908849717,False,True,16000,True,0.00017210238729603589,True,0.0024424924049526453,cpu,patch_nearest_normal,last2,14,0.05,False,,,0.00014244783960748464,0.00018771860486589,True,True,True,True
2026-08-16 07:53:04,full_ctta,hazelnut,monitor,C:/cira_batch_test/hazelnut/good_18.png,good_18.png,normal,False,0.09748899191617966,3.2782554626464844e-07,0.11622385221571559,0.11622385221571559,0.11048602908849717,False,True,16000,True,0.00016706265159882605,True,0.002426006831228733,cpu,patch_nearest_normal,last2,14,0.05,False,,,0.00014842316159047186,0.00018771860486589,True,True,True,True
2026-08-16 07:53:06,full_ctta,hazelnut,monitor,C:/cira_batch_test/hazelnut/good_17.png,good_17.png,normal,False,0.1095772236585617,3.039836826701503e-07,0.11622385221571559,0.11622385221571559,0.11048602908849717,False,True,16000,True,0.00018246697436552495,True,0.002444265875965357,cpu,patch_nearest_normal,last2,14,0.05,False,,,0.000164945304277353,0.00018771860486589,True,True,True,True
2026-08-16 07:53:07,full_ctta,hazelnut,monitor,C:/cira_batch_test/hazelnut/bad_19.png,bad_19.png,anomaly,True,0.12093470245599747,0.12093470245599747,0.11622385221571559,0.11622385221571559,0.11048602908849717,False,False,16000,False,,False,0.0,cpu,patch_nearest_normal,last2,14,0.05,False,,,0.0001305463956668973,0.00018771860486589,False,True,True,True
2026-08-16 07:53:09,full_ctta,hazelnut,monitor,C:/cira_batch_test/hazelnut/good_1.png,good_1.png,normal,False,0.0969608873128891,2.74181360282455e-07,0.11622385221571559,0.11622385221571559,0.11048602908849717,False,True,16000,True,0.0001810887042665854,True,0.002444596029818058,cpu,patch_nearest_normal,last2,14,0.05,False,,,0.00014623560127802193,0.00018771860486589,True,True,True,True
2026-08-16 07:53:10,full_ctta,leather,monitor,C:/cira_batch_test/leather/bad_10.png,bad_10.png,anomaly,True,0.0820942223072052,0.0820942223072052,0.03417175290126485,0.03417175290126485,0.030724090337753297,False,False,16000,False,,False,0.0,cpu,patch_nearest_normal,last2,14,0.05,False,,,0.00012444364256225526,0.000215753776865275,False,True,True,True
2026-08-16 07:53:12,full_ctta,leather,monitor,C:/cira_batch_test/leather/good_16.png,good_16.png,anomaly,True,0.03431837633252144,0.03431837633252144,0.03417175290126485,0.03417175290126485,0.030724090337753297,False,False,16000,False,,False,0.0,cpu,patch_nearest_normal,last2,14,0.05,False,,,0.00014286891382653266,0.000215753776865275,False,True,True,True
2026-08-16 07:53:13,full_ctta,leather,monitor,C:/cira_batch_test/leather/bad_12.png,bad_12.png,anomaly,True,0.37309738993644714,0.37309738993644714,0.03417175290126485,0.03417175290126485,0.030724090337753297,False,False,16000,False,,False,0.0,cpu,patch_nearest_normal,last2,14,0.05,False,,,0.00012145839718868956,0.000215753776865275,False,True,True,True
2026-08-16 07:53:15,full_ctta,leather,monitor,C:/cira_batch_test/leather/good_11.png,good_11.png,anomaly,True,0.04056365415453911,0.04056365415453911,0.03417175290126485,0.03417175290126485,0.030724090337753297,False,False,16000,False,,False,0.0,cpu,patch_nearest_normal,last2,14,0.05,False,,,0.00010821803152794018,0.000215753776865275,False,True,True,True
2026-08-16 07:53:16,full_ctta,leather,monitor,C:/cira_batch_test/leather/bad_13.png,bad_13.png,anomaly,True,0.0342017225921154,0.0342017225921154,0.03417175290126485,0.03417175290126485,0.030724090337753297,False,False,16000,False,,False,0.0,cpu,patch_nearest_normal,last2,14,0.05,False,,,0.00013137137284502387,0.000215753776865275,False,True,True,True
2026-08-16 07:53:18,full_ctta,leather,monitor,C:/cira_batch_test/leather/good_7.png,good_7.png,anomaly,True,0.036726582795381546,0.036726582795381546,0.03417175290126485,0.03417175290126485,0.030724090337753297,False,False,16000,False,,False,0.0,cpu,patch_nearest_normal,last2,14,0.05,False,,,0.00011875125346705317,0.000215753776865275,False,True,True,True
2026-08-16 07:53:19,full_ctta,leather,monitor,C:/cira_batch_test/leather/good_8.png,good_8.png,anomaly,True,0.035374779254198074,0.035374779254198074,0.03417175290126485,0.03417175290126485,0.030724090337753297,False,False,16000,False,,False,0.0,cpu,patch_nearest_normal,last2,14,0.05,False,,,0.00011126077151857316,0.000215753776865275,False,True,True,True
2026-08-16 07:53:21,full_ctta,leather,monitor,C:/cira_batch_test/leather/bad_20.png,bad_20.png,anomaly,True,0.10156619548797607,0.10156619548797607,0.03417175290126485,0.03417175290126485,0.030724090337753297,False,False,16000,False,,False,0.0,cpu,patch_nearest_normal,last2,14,0.05,False,,,0.00017976803064811975,0.000215753776865275,False,True,True,True
2026-08-16 07:53:22,full_ctta,leather,monitor,C:/cira_batch_test/leather/good_19.png,good_19.png,normal,False,0.03140809014439583,0.03140809014439583,0.03417175290126485,0.03417175290126485,0.030724090337753297,False,False,16000,False,,False,0.0,cpu,patch_nearest_normal,last2,14,0.05,False,,,0.00014343658403959125,0.000215753776865275,False,True,True,True
2026-08-16 07:53:24,full_ctta,leather,monitor,C:/cira_batch_test/leather/bad_3.png,bad_3.png,anomaly,True,0.375313937664032,0.375313937664032,0.03417175290126485,0.03417175290126485,0.030724090337753297,False,False,16000,False,,False,0.0,cpu,patch_nearest_normal,last2,14,0.05,False,,,0.00016697579121682793,0.000215753776865275,False,True,True,True
2026-08-16 07:53:26,full_ctta,leather,monitor,C:/cira_batch_test/leather/bad_7.png,bad_7.png,anomaly,True,0.18991155922412872,0.18991155922412872,0.03417175290126485,0.03417175290126485,0.030724090337753297,False,False,16000,False,,False,0.0,cpu,patch_nearest_normal,last2,14,0.05,False,,,0.00013347342610359192,0.000215753776865275,False,True,True,True
2026-08-16 07:53:27,full_ctta,leather,monitor,C:/cira_batch_test/leather/bad_15.png,bad_15.png,anomaly,True,0.13468047976493835,0.13468047976493835,0.03417175290126485,0.03417175290126485,0.030724090337753297,False,False,16000,False,,False,0.0,cpu,patch_nearest_normal,last2,14,0.05,False,,,0.00013692901120521128,0.000215753776865275,False,True,True,True
2026-08-16 07:53:29,full_ctta,leather,monitor,C:/cira_batch_test/leather/good_5.png,good_5.png,anomaly,True,0.03432568162679672,0.03432568162679672,0.03417175290126485,0.03417175290126485,0.030724090337753297,False,False,16000,False,,False,0.0,cpu,patch_nearest_normal,last2,14,0.05,False,,,0.00011501902190502733,0.000215753776865275,False,True,True,True
2026-08-16 07:53:30,full_ctta,leather,monitor,C:/cira_batch_test/leather/good_14.png,good_14.png,anomaly,True,0.04789183288812637,0.04789183288812637,0.03417175290126485,0.03417175290126485,0.030724090337753297,False,False,16000,False,,False,0.0,cpu,patch_nearest_normal,last2,14,0.05,False,,,0.00011661639291560277,0.000215753776865275,False,True,True,True
2026-08-16 07:53:32,full_ctta,leather,monitor,C:/cira_batch_test/leather/bad_4.png,bad_4.png,anomaly,True,0.07355661690235138,0.07355661690235138,0.03417175290126485,0.03417175290126485,0.030724090337753297,False,False,16000,False,,False,0.0,cpu,patch_nearest_normal,last2,14,0.05,False,,,0.00015800754772499204,0.000215753776865275,False,True,True,True
2026-08-16 07:53:33,full_ctta,leather,monitor,C:/cira_batch_test/leather/good_20.png,good_20.png,anomaly,True,0.03877441957592964,0.03877441957592964,0.03417175290126485,0.03417175290126485,0.030724090337753297,False,False,16000,False,,False,0.0,cpu,patch_nearest_normal,last2,14,0.05,False,,,0.00013770819350611418,0.000215753776865275,False,True,True,True
2026-08-16 07:53:35,full_ctta,leather,monitor,C:/cira_batch_test/leather/good_13.png,good_13.png,anomaly,True,0.04109293967485428,0.04109293967485428,0.03417175290126485,0.03417175290126485,0.030724090337753297,False,False,16000,False,,False,0.0,cpu,patch_nearest_normal,last2,14,0.05,False,,,0.0001227746543008834,0.000215753776865275,False,True,True,True
2026-08-16 07:53:36,full_ctta,leather,monitor,C:/cira_batch_test/leather/good_15.png,good_15.png,normal,False,0.027622688561677933,3.099441414633475e-07,0.03417175290126485,0.03417175290126485,0.030724090337753297,False,True,16000,True,0.00017125753220170736,True,0.0030232847202569246,cpu,patch_nearest_normal,last2,14,0.05,False,,,0.00015893502859398723,0.000215753776865275,True,True,True,True
2026-08-16 07:53:38,full_ctta,leather,monitor,C:/cira_batch_test/leather/good_6.png,good_6.png,anomaly,True,0.03581051155924797,0.03581051155924797,0.03417175290126485,0.03417175290126485,0.030724090337753297,False,False,16000,False,,False,0.0,cpu,patch_nearest_normal,last2,14,0.05,False,,,0.0001360721798846498,0.000215753776865275,False,True,True,True
2026-08-16 07:53:40,full_ctta,leather,monitor,C:/cira_batch_test/leather/good_4.png,good_4.png,anomaly,True,0.03666104003787041,0.03666104003787041,0.03417175290126485,0.03417175290126485,0.030724090337753297,False,False,16000,False,,False,0.0,cpu,patch_nearest_normal,last2,14,0.05,False,,,0.00011761513451347128,0.000215753776865275,False,True,True,True
2026-08-16 07:53:41,full_ctta,leather,monitor,C:/cira_batch_test/leather/bad_16.png,bad_16.png,anomaly,True,0.038814008235931396,0.038814008235931396,0.03417175290126485,0.03417175290126485,0.030724090337753297,False,False,16000,False,,False,0.0,cpu,patch_nearest_normal,last2,14,0.05,False,,,0.00012109421368222684,0.000215753776865275,False,True,True,True
2026-08-16 07:53:43,full_ctta,leather,monitor,C:/cira_batch_test/leather/good_10.png,good_10.png,normal,False,0.033437736332416534,0.033437736332416534,0.03417175290126485,0.03417175290126485,0.030724090337753297,False,False,16000,False,,False,0.0,cpu,patch_nearest_normal,last2,14,0.05,False,,,0.00011817990161944181,0.000215753776865275,False,True,True,True
2026-08-16 07:53:44,full_ctta,leather,monitor,C:/cira_batch_test/leather/bad_18.png,bad_18.png,anomaly,True,0.0356559231877327,0.0356559231877327,0.03417175290126485,0.03417175290126485,0.030724090337753297,False,False,16000,False,,False,0.0,cpu,patch_nearest_normal,last2,14,0.05,False,,,0.00011461172107374296,0.000215753776865275,False,True,True,True
2026-08-16 07:53:46,full_ctta,leather,monitor,C:/cira_batch_test/leather/good_3.png,good_3.png,anomaly,True,0.035184867680072784,0.035184867680072784,0.03417175290126485,0.03417175290126485,0.030724090337753297,False,False,16000,False,,False,0.0,cpu,patch_nearest_normal,last2,14,0.05,False,,,0.0001372692349832505,0.000215753776865275,False,True,True,True
2026-08-16 07:53:47,full_ctta,leather,monitor,C:/cira_batch_test/leather/bad_14.png,bad_14.png,anomaly,True,0.3577256202697754,0.3577256202697754,0.03417175290126485,0.03417175290126485,0.030724090337753297,False,False,16000,False,,False,0.0,cpu,patch_nearest_normal,last2,14,0.05,False,,,0.00011466887372080237,0.000215753776865275,False,True,True,True
2026-08-16 07:53:49,full_ctta,leather,monitor,C:/cira_batch_test/leather/bad_6.png,bad_6.png,anomaly,True,0.036219317466020584,0.036219317466020584,0.03417175290126485,0.03417175290126485,0.030724090337753297,False,False,16000,False,,False,0.0,cpu,patch_nearest_normal,last2,14,0.05,False,,,0.0001266794715775177,0.000215753776865275,False,True,True,True
2026-08-16 07:53:50,full_ctta,leather,monitor,C:/cira_batch_test/leather/bad_8.png,bad_8.png,anomaly,True,0.04019924998283386,0.04019924998283386,0.03417175290126485,0.03417175290126485,0.030724090337753297,False,False,16000,False,,False,0.0,cpu,patch_nearest_normal,last2,14,0.05,False,,,0.00017463199037592858,0.000215753776865275,False,True,True,True
2026-08-16 07:53:52,full_ctta,leather,monitor,C:/cira_batch_test/leather/bad_11.png,bad_11.png,anomaly,True,0.3875696063041687,0.3875696063041687,0.03417175290126485,0.03417175290126485,0.030724090337753297,False,False,16000,False,,False,0.0,cpu,patch_nearest_normal,last2,14,0.05,False,,,0.00016764708561822772,0.000215753776865275,False,True,True,True
2026-08-16 07:53:53,full_ctta,leather,monitor,C:/cira_batch_test/leather/bad_9.png,bad_9.png,anomaly,True,0.03482075408101082,0.03482075408101082,0.03417175290126485,0.03417175290126485,0.030724090337753297,False,False,16000,False,,False,0.0,cpu,patch_nearest_normal,last2,14,0.05,False,,,0.00012193185102660209,0.000215753776865275,False,True,True,True
2026-08-16 07:53:55,full_ctta,leather,monitor,C:/cira_batch_test/leather/bad_5.png,bad_5.png,anomaly,True,0.04362090304493904,0.04362090304493904,0.03417175290126485,0.03417175290126485,0.030724090337753297,False,False,16000,False,,False,0.0,cpu,patch_nearest_normal,last2,14,0.05,False,,,0.0001265159371541813,0.000215753776865275,False,True,True,True
2026-08-16 07:53:56,full_ctta,leather,monitor,C:/cira_batch_test/leather/good_9.png,good_9.png,normal,False,0.034081585705280304,0.034081585705280304,0.03417175290126485,0.03417175290126485,0.030724090337753297,False,False,16000,False,,False,0.0,cpu,patch_nearest_normal,last2,14,0.05,False,,,0.00012953726400155574,0.000215753776865275,False,True,True,True
2026-08-16 07:53:58,full_ctta,leather,monitor,C:/cira_batch_test/leather/good_2.png,good_2.png,normal,False,0.03365723416209221,0.03365723416209221,0.03417175290126485,0.03417175290126485,0.030724090337753297,False,False,16000,False,,False,0.0,cpu,patch_nearest_normal,last2,14,0.05,False,,,0.00010883084178203717,0.000215753776865275,False,True,True,True
2026-08-16 07:53:59,full_ctta,leather,monitor,C:/cira_batch_test/leather/bad_2.png,bad_2.png,anomaly,True,0.26839932799339294,0.26839932799339294,0.03417175290126485,0.03417175290126485,0.030724090337753297,False,False,16000,False,,False,0.0,cpu,patch_nearest_normal,last2,14,0.05,False,,,9.655502071836963e-05,0.000215753776865275,False,True,True,True
2026-08-16 07:54:01,full_ctta,leather,monitor,C:/cira_batch_test/leather/bad_17.png,bad_17.png,anomaly,True,0.2422640323638916,0.2422640323638916,0.03417175290126485,0.03417175290126485,0.030724090337753297,False,False,16000,False,,False,0.0,cpu,patch_nearest_normal,last2,14,0.05,False,,,0.00018024489691015333,0.000215753776865275,False,True,True,True
2026-08-16 07:54:02,full_ctta,leather,monitor,C:/cira_batch_test/leather/bad_1.png,bad_1.png,anomaly,True,0.05135894939303398,0.05135894939303398,0.03417175290126485,0.03417175290126485,0.030724090337753297,False,False,16000,False,,False,0.0,cpu,patch_nearest_normal,last2,14,0.05,False,,,0.00014925855793990195,0.000215753776865275,False,True,True,True
2026-08-16 07:54:04,full_ctta,leather,monitor,C:/cira_batch_test/leather/good_12.png,good_12.png,anomaly,True,0.041989766061306,0.041989766061306,0.03417175290126485,0.03417175290126485,0.030724090337753297,False,False,16000,False,,False,0.0,cpu,patch_nearest_normal,last2,14,0.05,False,,,0.00010803154873428866,0.000215753776865275,False,True,True,True
2026-08-16 07:54:06,full_ctta,leather,monitor,C:/cira_batch_test/leather/good_18.png,good_18.png,normal,False,0.02993904985487461,3.2782554626464844e-07,0.03417175290126485,0.03417175290126485,0.030724090337753297,False,True,16000,True,0.0001349792437395081,True,0.0028494733851403,cpu,patch_nearest_normal,last2,14,0.05,False,,,0.00012947288632858545,0.000215753776865275,True,True,True,True
2026-08-16 07:54:07,full_ctta,leather,monitor,C:/cira_batch_test/leather/good_17.png,good_17.png,normal,False,0.028539955615997314,3.2186508747145126e-07,0.03417175290126485,0.03417175290126485,0.030724090337753297,False,True,16000,True,0.00013283432053867728,True,0.002811633748933673,cpu,patch_nearest_normal,last2,14,0.05,False,,,0.0001374406274408102,0.000215753776865275,True,True,True,True
2026-08-16 07:54:09,full_ctta,leather,monitor,C:/cira_batch_test/leather/bad_19.png,bad_19.png,normal,False,0.03180978447198868,0.03180978447198868,0.03417175290126485,0.03417175290126485,0.030724090337753297,False,False,16000,False,,False,0.0,cpu,patch_nearest_normal,last2,14,0.05,False,,,0.00018202699720859528,0.000215753776865275,False,True,True,True
2026-08-16 07:54:11,full_ctta,leather,monitor,C:/cira_batch_test/leather/good_1.png,good_1.png,anomaly,True,0.0343722403049469,0.0343722403049469,0.03417175290126485,0.03417175290126485,0.030724090337753297,False,False,16000,False,,False,0.0,cpu,patch_nearest_normal,last2,14,0.05,False,,,0.00011812401498900726,0.000215753776865275,False,True,True,True
2026-08-16 07:54:12,full_ctta,metal_nut,monitor,C:/cira_batch_test/metal_nut/bad_10.png,bad_10.png,anomaly,True,0.11286713927984238,0.11286713927984238,0.07371339670893942,0.07371339670893942,0.06968219578266144,False,False,16000,False,,False,0.0,cpu,patch_nearest_normal,last2,14,0.05,False,,,0.00010579645459074527,0.00010222778946618,False,False,True,True
2026-08-16 07:54:14,full_ctta,metal_nut,monitor,C:/cira_batch_test/metal_nut/good_16.png,good_16.png,normal,False,0.06986961513757706,0.06986961513757706,0.07371339670893942,0.07371339670893942,0.06968219578266144,False,False,16000,False,,False,0.0,cpu,patch_nearest_normal,last2,14,0.05,False,,,8.792700828053057e-05,0.00010222778946618,False,True,True,True
2026-08-16 07:54:15,full_ctta,metal_nut,monitor,C:/cira_batch_test/metal_nut/bad_12.png,bad_12.png,anomaly,True,0.11977102607488632,0.11977102607488632,0.07371339670893942,0.07371339670893942,0.06968219578266144,False,False,16000,False,,False,0.0,cpu,patch_nearest_normal,last2,14,0.05,False,,,9.254974429495633e-05,0.00010222778946618,False,True,True,True
2026-08-16 07:54:16,full_ctta,metal_nut,monitor,C:/cira_batch_test/metal_nut/good_11.png,good_11.png,anomaly,True,0.07571141421794891,0.07571141421794891,0.07371339670893942,0.07371339670893942,0.06968219578266144,False,False,16000,False,,False,0.0,cpu,patch_nearest_normal,last2,14,0.05,False,,,9.269989823224023e-05,0.00010222778946618,False,True,True,True
2026-08-16 07:54:18,full_ctta,metal_nut,monitor,C:/cira_batch_test/metal_nut/bad_13.png,bad_13.png,anomaly,True,0.18745455145835876,0.18745455145835876,0.07371339670893942,0.07371339670893942,0.06968219578266144,False,False,16000,False,,False,0.0,cpu,patch_nearest_normal,last2,14,0.05,False,,,9.701547242002562e-05,0.00010222778946618,False,True,True,True
2026-08-16 07:54:20,full_ctta,metal_nut,monitor,C:/cira_batch_test/metal_nut/good_7.png,good_7.png,normal,False,0.06684857606887817,3.099441414633475e-07,0.07371339670893942,0.07371339670893942,0.06968219578266144,False,True,16000,True,0.0001267437037313357,True,0.0029898255597800016,cpu,patch_nearest_normal,last2,14,0.05,False,,,0.00010171407484449446,0.00010222778946618,True,True,True,True
2026-08-16 07:54:21,full_ctta,metal_nut,monitor,C:/cira_batch_test/metal_nut/good_8.png,good_8.png,anomaly,True,0.07666856795549393,0.07666856795549393,0.07371339670893942,0.07371339670893942,0.06968219578266144,False,False,16000,False,,False,0.0,cpu,patch_nearest_normal,last2,14,0.05,False,,,9.039689030032605e-05,0.00010222778946618,False,True,True,True
2026-08-16 07:54:22,full_ctta,metal_nut,monitor,C:/cira_batch_test/metal_nut/bad_20.png,bad_20.png,anomaly,True,0.16253003478050232,0.16253003478050232,0.07371339670893942,0.07371339670893942,0.06968219578266144,False,False,16000,False,,False,0.0,cpu,patch_nearest_normal,last2,14,0.05,False,,,0.00010728058987297118,0.00010222778946618,False,False,True,True
2026-08-16 07:54:24,full_ctta,metal_nut,monitor,C:/cira_batch_test/metal_nut/good_19.png,good_19.png,normal,False,0.05216304212808609,0.05216304212808609,0.07371339670893942,0.07371339670893942,0.06968219578266144,False,False,16000,False,,False,0.0,cpu,patch_nearest_normal,last2,14,0.05,False,,,0.00011125199671369046,0.00010222778946618,True,False,True,True
2026-08-16 07:54:25,full_ctta,metal_nut,monitor,C:/cira_batch_test/metal_nut/bad_3.png,bad_3.png,anomaly,True,0.14985202252864838,0.14985202252864838,0.07371339670893942,0.07371339670893942,0.06968219578266144,False,False,16000,False,,False,0.0,cpu,patch_nearest_normal,last2,14,0.05,False,,,0.00010397667938377708,0.00010222778946618,False,False,True,True
2026-08-16 07:54:27,full_ctta,metal_nut,monitor,C:/cira_batch_test/metal_nut/bad_7.png,bad_7.png,anomaly,True,0.1471642255783081,0.1471642255783081,0.07371339670893942,0.07371339670893942,0.06968219578266144,False,False,16000,False,,False,0.0,cpu,patch_nearest_normal,last2,14,0.05,False,,,0.00010984768596244976,0.00010222778946618,False,False,True,True
2026-08-16 07:54:28,full_ctta,metal_nut,monitor,C:/cira_batch_test/metal_nut/bad_15.png,bad_15.png,anomaly,True,0.16550907492637634,0.16550907492637634,0.07371339670893942,0.07371339670893942,0.06968219578266144,False,False,16000,False,,False,0.0,cpu,patch_nearest_normal,last2,14,0.05,False,,,0.00011936339433304965,0.00010222778946618,False,False,True,True
2026-08-16 07:54:30,full_ctta,metal_nut,monitor,C:/cira_batch_test/metal_nut/good_5.png,good_5.png,normal,False,0.060818761587142944,2.9206276508375595e-07,0.07371339670893942,0.07371339670893942,0.06968219578266144,False,True,16000,True,0.00010844095959328115,True,0.002689964137971401,cpu,patch_nearest_normal,last2,14,0.05,False,,,9.390097693540156e-05,0.00010222778946618,True,True,True,True
2026-08-16 07:54:31,full_ctta,metal_nut,monitor,C:/cira_batch_test/metal_nut/good_14.png,good_14.png,normal,False,0.06920354068279266,3.039836826701503e-07,0.07371339670893942,0.07371339670893942,0.06968219578266144,False,True,16000,True,0.00010165046114707366,True,0.0025724617298692465,cpu,patch_nearest_normal,last2,14,0.05,False,,,9.588517423253506e-05,0.00010222778946618,True,True,True,True
2026-08-16 07:54:33,full_ctta,metal_nut,monitor,C:/cira_batch_test/metal_nut/bad_4.png,bad_4.png,anomaly,True,0.1992950737476349,0.1992950737476349,0.07371339670893942,0.07371339670893942,0.06968219578266144,False,False,16000,False,,False,0.0,cpu,patch_nearest_normal,last2,14,0.05,False,,,0.00011584259482333437,0.00010222778946618,False,False,True,True
2026-08-16 07:54:35,full_ctta,metal_nut,monitor,C:/cira_batch_test/metal_nut/good_20.png,good_20.png,normal,False,0.05543987825512886,2.74181360282455e-07,0.07371339670893942,0.07371339670893942,0.06968219578266144,False,True,16000,True,0.00011634213296929374,True,0.0025506741367280483,cpu,patch_nearest_normal,last2,14,0.05,False,,,9.581210906617343e-05,0.00010222778946618,True,True,True,True
2026-08-16 07:54:36,full_ctta,metal_nut,monitor,C:/cira_batch_test/metal_nut/good_13.png,good_13.png,normal,False,0.06878666579723358,3.039836826701503e-07,0.07371339670893942,0.07371339670893942,0.06968219578266144,False,True,16000,True,0.00010198386735282838,True,0.002479094546288252,cpu,patch_nearest_normal,last2,14,0.05,False,,,8.61001099110581e-05,0.00010222778946618,True,True,True,True
2026-08-16 07:54:38,full_ctta,metal_nut,monitor,C:/cira_batch_test/metal_nut/good_15.png,good_15.png,normal,False,0.05826021358370781,3.039836826701503e-07,0.07371339670893942,0.07371339670893942,0.06968219578266144,False,True,16000,True,0.00011049798922613263,True,0.0024740868248045444,cpu,patch_nearest_normal,last2,14,0.05,False,,,9.19079320738092e-05,0.00010222778946618,True,True,True,True
2026-08-16 07:54:40,full_ctta,metal_nut,monitor,C:/cira_batch_test/metal_nut/good_6.png,good_6.png,normal,False,0.06769438832998276,2.682209014892578e-07,0.07371339670893942,0.07371339670893942,0.06968219578266144,False,True,16000,True,0.00011918282689293846,True,0.0024735548067837954,cpu,patch_nearest_normal,last2,14,0.05,False,,,9.996043081628159e-05,0.00010222778946618,True,True,True,True
2026-08-16 07:54:41,full_ctta,metal_nut,monitor,C:/cira_batch_test/metal_nut/good_4.png,good_4.png,normal,False,0.061526454985141754,3.099441414633475e-07,0.07371339670893942,0.07371339670893942,0.06968219578266144,False,True,16000,True,0.00010436623415444046,True,0.0024541423190385103,cpu,patch_nearest_normal,last2,14,0.05,False,,,9.140239853877574e-05,0.00010222778946618,True,True,True,True
2026-08-16 07:54:43,full_ctta,metal_nut,monitor,C:/cira_batch_test/metal_nut/bad_16.png,bad_16.png,anomaly,True,0.1837553232908249,0.1837553232908249,0.07371339670893942,0.07371339670893942,0.06968219578266144,False,False,16000,False,,False,0.0,cpu,patch_nearest_normal,last2,14,0.05,False,,,0.00011128466576337814,0.00010222778946618,False,False,True,True
2026-08-16 07:54:44,full_ctta,metal_nut,monitor,C:/cira_batch_test/metal_nut/good_10.png,good_10.png,normal,False,0.07248237729072571,0.07248237729072571,0.07371339670893942,0.07371339670893942,0.06968219578266144,False,False,16000,False,,False,0.0,cpu,patch_nearest_normal,last2,14,0.05,False,,,9.204122034134343e-05,0.00010222778946618,False,True,True,True
2026-08-16 07:54:45,full_ctta,metal_nut,monitor,C:/cira_batch_test/metal_nut/bad_18.png,bad_18.png,anomaly,True,0.12378640472888947,0.12378640472888947,0.07371339670893942,0.07371339670893942,0.06968219578266144,False,False,16000,False,,False,0.0,cpu,patch_nearest_normal,last2,14,0.05,False,,,0.00010356633720220998,0.00010222778946618,False,False,True,True
2026-08-16 07:54:47,full_ctta,metal_nut,monitor,C:/cira_batch_test/metal_nut/good_3.png,good_3.png,normal,False,0.06568444520235062,2.980232238769531e-07,0.07371339670893942,0.07371339670893942,0.06968219578266144,False,True,16000,True,0.00011024226114386693,True,0.0024450672790408134,cpu,patch_nearest_normal,last2,14,0.05,False,,,9.376779780723155e-05,0.00010222778946618,True,True,True,True
2026-08-16 07:54:49,full_ctta,metal_nut,monitor,C:/cira_batch_test/metal_nut/bad_14.png,bad_14.png,anomaly,True,0.16218870878219604,0.16218870878219604,0.07371339670893942,0.07371339670893942,0.06968219578266144,False,False,16000,False,,False,0.0,cpu,patch_nearest_normal,last2,14,0.05,False,,,9.660531213739887e-05,0.00010222778946618,False,True,True,True
2026-08-16 07:54:50,full_ctta,metal_nut,monitor,C:/cira_batch_test/metal_nut/bad_6.png,bad_6.png,anomaly,True,0.15682975947856903,0.15682975947856903,0.07371339670893942,0.07371339670893942,0.06968219578266144,False,False,16000,False,,False,0.0,cpu,patch_nearest_normal,last2,14,0.05,False,,,0.00013623415725305676,0.00010222778946618,False,False,True,True
2026-08-16 07:54:51,full_ctta,metal_nut,monitor,C:/cira_batch_test/metal_nut/bad_8.png,bad_8.png,anomaly,True,0.16696110367774963,0.16696110367774963,0.07371339670893942,0.07371339670893942,0.06968219578266144,False,False,16000,False,,False,0.0,cpu,patch_nearest_normal,last2,14,0.05,False,,,0.00012098756269551814,0.00010222778946618,False,False,True,True
2026-08-16 07:54:53,full_ctta,metal_nut,monitor,C:/cira_batch_test/metal_nut/bad_11.png,bad_11.png,anomaly,True,0.16149786114692688,0.16149786114692688,0.07371339670893942,0.07371339670893942,0.06968219578266144,False,False,16000,False,,False,0.0,cpu,patch_nearest_normal,last2,14,0.05,False,,,0.0001298788993153721,0.00010222778946618,False,False,True,True
2026-08-16 07:54:54,full_ctta,metal_nut,monitor,C:/cira_batch_test/metal_nut/bad_9.png,bad_9.png,anomaly,True,0.1602623164653778,0.1602623164653778,0.07371339670893942,0.07371339670893942,0.06968219578266144,False,False,16000,False,,False,0.0,cpu,patch_nearest_normal,last2,14,0.05,False,,,9.8676115158014e-05,0.00010222778946618,False,True,True,True
2026-08-16 07:54:56,full_ctta,metal_nut,monitor,C:/cira_batch_test/metal_nut/bad_5.png,bad_5.png,anomaly,True,0.1515962779521942,0.1515962779521942,0.07371339670893942,0.07371339670893942,0.06968219578266144,False,False,16000,False,,False,0.0,cpu,patch_nearest_normal,last2,14,0.05,False,,,0.00011567442561499774,0.00010222778946618,False,False,True,True
2026-08-16 07:54:57,full_ctta,metal_nut,monitor,C:/cira_batch_test/metal_nut/good_9.png,good_9.png,anomaly,True,0.07728759199380875,0.07728759199380875,0.07371339670893942,0.07371339670893942,0.06968219578266144,False,False,16000,False,,False,0.0,cpu,patch_nearest_normal,last2,14,0.05,False,,,9.601694182492793e-05,0.00010222778946618,False,True,True,True
2026-08-16 07:54:59,full_ctta,metal_nut,monitor,C:/cira_batch_test/metal_nut/good_2.png,good_2.png,normal,False,0.05955398827791214,2.8014181907565217e-07,0.07371339670893942,0.07371339670893942,0.06968219578266144,False,True,16000,True,0.00010865251533687115,True,0.002450482454150915,cpu,patch_nearest_normal,last2,14,0.05,True,C:\cira_ttl_checkpoints\metal_nut\patch_memory_bank_update_10.pt,C:\cira_ttl_checkpoints\metal_nut\patch_adapter_update_10.pt,9.928548388415948e-05,0.00010222778946618,True,True,True,True
2026-08-16 07:55:00,full_ctta,metal_nut,monitor,C:/cira_batch_test/metal_nut/bad_2.png,bad_2.png,anomaly,True,0.0751120001077652,0.0751120001077652,0.07371339670893942,0.07371339670893942,0.06968219578266144,False,False,16000,False,,False,0.0,cpu,patch_nearest_normal,last2,14,0.05,False,,,0.00010450442641740665,0.00010222778946618,False,False,True,True
2026-08-16 07:55:02,full_ctta,metal_nut,monitor,C:/cira_batch_test/metal_nut/bad_17.png,bad_17.png,anomaly,True,0.1488158255815506,0.1488158255815506,0.07371339670893942,0.07371339670893942,0.06968219578266144,False,False,16000,False,,False,0.0,cpu,patch_nearest_normal,last2,14,0.05,False,,,0.0001160946412710473,0.00010222778946618,False,False,True,True
2026-08-16 07:55:03,full_ctta,metal_nut,monitor,C:/cira_batch_test/metal_nut/bad_1.png,bad_1.png,anomaly,True,0.12015416473150253,0.12015416473150253,0.07371339670893942,0.07371339670893942,0.06968219578266144,False,False,16000,False,,False,0.0,cpu,patch_nearest_normal,last2,14,0.05,False,,,0.0001067346238414757,0.00010222778946618,False,False,True,True
2026-08-16 07:55:05,full_ctta,metal_nut,monitor,C:/cira_batch_test/metal_nut/good_12.png,good_12.png,normal,False,0.05607254430651665,2.8610230629055877e-07,0.07371339670893942,0.07371339670893942,0.06968219578266144,False,True,16000,True,0.00010583564289845526,True,0.0024572694674134254,cpu,patch_nearest_normal,last2,14,0.05,False,,,9.807710739551112e-05,0.00010222778946618,True,True,True,True
2026-08-16 07:55:06,full_ctta,metal_nut,monitor,C:/cira_batch_test/metal_nut/good_18.png,good_18.png,normal,False,0.05882716923952103,0.05882716923952103,0.07371339670893942,0.07371339670893942,0.06968219578266144,False,False,16000,False,,False,0.0,cpu,patch_nearest_normal,last2,14,0.05,False,,,0.00010695942910388112,0.00010222778946618,True,False,True,True
2026-08-16 07:55:08,full_ctta,metal_nut,monitor,C:/cira_batch_test/metal_nut/good_17.png,good_17.png,anomaly,True,0.08235877752304077,0.08235877752304077,0.07371339670893942,0.07371339670893942,0.06968219578266144,False,False,16000,False,,False,0.0,cpu,patch_nearest_normal,last2,14,0.05,False,,,0.00010865218791877851,0.00010222778946618,False,False,True,True
2026-08-16 07:55:09,full_ctta,metal_nut,monitor,C:/cira_batch_test/metal_nut/bad_19.png,bad_19.png,anomaly,True,0.15672333538532257,0.15672333538532257,0.07371339670893942,0.07371339670893942,0.06968219578266144,False,False,16000,False,,False,0.0,cpu,patch_nearest_normal,last2,14,0.05,False,,,0.00012198522017570212,0.00010222778946618,False,False,True,True
2026-08-16 07:55:11,full_ctta,metal_nut,monitor,C:/cira_batch_test/metal_nut/good_1.png,good_1.png,normal,False,0.05840400978922844,2.980232238769531e-07,0.07371339670893942,0.07371339670893942,0.06968219578266144,False,True,16000,True,0.00010120675142388791,True,0.002452158136293292,cpu,patch_nearest_normal,last2,14,0.05,False,,,9.328508895123377e-05,0.00010222778946618,True,True,True,True
2026-08-16 07:55:12,full_ctta,pill,monitor,C:/cira_batch_test/pill/bad_10.png,bad_10.png,normal,False,0.046015601605176926,3.159046286782541e-07,0.05881828558520522,0.05881828558520522,0.05084799118340016,False,True,16000,True,0.00015040513244457543,True,0.00300734955817461,cpu,patch_nearest_normal,last2,14,0.05,False,,,0.0001438442850485444,0.00015804108188598499,True,True,True,True
2026-08-16 07:55:14,full_ctta,pill,monitor,C:/cira_batch_test/pill/good_16.png,good_16.png,normal,False,0.05521870777010918,0.05521870777010918,0.05881828558520522,0.05881828558520522,0.05084799118340016,False,False,16000,False,,False,0.0,cpu,patch_nearest_normal,last2,14,0.05,False,,,0.0001402590423822403,0.00015804108188598499,False,True,True,True
2026-08-16 07:55:15,full_ctta,pill,monitor,C:/cira_batch_test/pill/bad_12.png,bad_12.png,anomaly,True,0.12157917022705078,0.12157917022705078,0.05881828558520522,0.05881828558520522,0.05084799118340016,False,False,16000,False,,False,0.0,cpu,patch_nearest_normal,last2,14,0.05,False,,,0.00016925255476962775,0.00015804108188598499,False,False,True,True
2026-08-16 07:55:17,full_ctta,pill,monitor,C:/cira_batch_test/pill/good_11.png,good_11.png,normal,False,0.05101706460118294,0.05101706460118294,0.05881828558520522,0.05881828558520522,0.05084799118340016,False,False,16000,False,,False,0.0,cpu,patch_nearest_normal,last2,14,0.05,False,,,0.00012902847083751112,0.00015804108188598499,False,True,True,True
2026-08-16 07:55:18,full_ctta,pill,monitor,C:/cira_batch_test/pill/bad_13.png,bad_13.png,normal,False,0.058254241943359375,0.058254241943359375,0.05881828558520522,0.05881828558520522,0.05084799118340016,False,False,16000,False,,False,0.0,cpu,patch_nearest_normal,last2,14,0.05,False,,,0.00015798014646861702,0.00015804108188598499,False,True,True,True
2026-08-16 07:55:20,full_ctta,pill,monitor,C:/cira_batch_test/pill/good_7.png,good_7.png,normal,False,0.04550037533044815,2.74181360282455e-07,0.05881828558520522,0.05881828558520522,0.05084799118340016,False,True,16000,True,0.00016918571782298386,True,0.0028052632696926594,cpu,patch_nearest_normal,last2,14,0.05,False,,,0.0001537196949357167,0.00015804108188598499,True,True,True,True
2026-08-16 07:55:21,full_ctta,pill,monitor,C:/cira_batch_test/pill/good_8.png,good_8.png,normal,False,0.0586332306265831,0.0586332306265831,0.05881828558520522,0.05881828558520522,0.05084799118340016,False,False,16000,False,,False,0.0,cpu,patch_nearest_normal,last2,14,0.05,False,,,0.00013737838889937848,0.00015804108188598499,False,True,True,True
2026-08-16 07:55:23,full_ctta,pill,monitor,C:/cira_batch_test/pill/bad_20.png,bad_20.png,anomaly,True,0.06292669475078583,0.06292669475078583,0.05881828558520522,0.05881828558520522,0.05084799118340016,False,False,16000,False,,False,0.0,cpu,patch_nearest_normal,last2,14,0.05,False,,,0.00013818626757711172,0.00015804108188598499,False,True,True,True
2026-08-16 07:55:24,full_ctta,pill,monitor,C:/cira_batch_test/pill/good_19.png,good_19.png,normal,False,0.057685039937496185,0.057685039937496185,0.05881828558520522,0.05881828558520522,0.05084799118340016,False,False,16000,False,,False,0.0,cpu,patch_nearest_normal,last2,14,0.05,False,,,0.00014917826047167182,0.00015804108188598499,False,True,True,True
2026-08-16 07:55:25,full_ctta,pill,monitor,C:/cira_batch_test/pill/bad_3.png,bad_3.png,anomaly,True,0.06861305236816406,0.06861305236816406,0.05881828558520522,0.05881828558520522,0.05084799118340016,False,False,16000,False,,False,0.0,cpu,patch_nearest_normal,last2,14,0.05,False,,,0.00014841207303106785,0.00015804108188598499,False,True,True,True
2026-08-16 07:55:27,full_ctta,pill,monitor,C:/cira_batch_test/pill/bad_7.png,bad_7.png,anomaly,True,0.07230903953313828,0.07230903953313828,0.05881828558520522,0.05881828558520522,0.05084799118340016,False,False,16000,False,,False,0.0,cpu,patch_nearest_normal,last2,14,0.05,False,,,0.00014487653970718384,0.00015804108188598499,False,True,True,True
2026-08-16 07:55:28,full_ctta,pill,monitor,C:/cira_batch_test/pill/bad_15.png,bad_15.png,anomaly,True,0.07376725226640701,0.07376725226640701,0.05881828558520522,0.05881828558520522,0.05084799118340016,False,False,16000,False,,False,0.0,cpu,patch_nearest_normal,last2,14,0.05,False,,,0.0001431709824828431,0.00015804108188598499,False,True,True,True
2026-08-16 07:55:30,full_ctta,pill,monitor,C:/cira_batch_test/pill/good_5.png,good_5.png,normal,False,0.03959401696920395,2.9206276508375595e-07,0.05881828558520522,0.05881828558520522,0.05084799118340016,False,True,16000,True,0.0001586352736921981,True,0.002743613673374057,cpu,patch_nearest_normal,last2,14,0.05,False,,,0.00013341705198399723,0.00015804108188598499,True,True,True,True
2026-08-16 07:55:32,full_ctta,pill,monitor,C:/cira_batch_test/pill/good_14.png,good_14.png,normal,False,0.04789949208498001,3.2186508747145126e-07,0.05881828558520522,0.05881828558520522,0.05084799118340016,False,True,16000,True,0.00012850167695432901,True,0.0026673399843275547,cpu,patch_nearest_normal,last2,14,0.05,False,,,0.00012079002772225067,0.00015804108188598499,True,True,True,True
2026-08-16 07:55:33,full_ctta,pill,monitor,C:/cira_batch_test/pill/bad_4.png,bad_4.png,anomaly,True,0.0691802054643631,0.0691802054643631,0.05881828558520522,0.05881828558520522,0.05084799118340016,False,False,16000,False,,False,0.0,cpu,patch_nearest_normal,last2,14,0.05,False,,,0.00015954801347106695,0.00015804108188598499,False,False,True,True
2026-08-16 07:55:35,full_ctta,pill,monitor,C:/cira_batch_test/pill/good_20.png,good_20.png,normal,False,0.05345698446035385,0.05345698446035385,0.05881828558520522,0.05881828558520522,0.05084799118340016,False,False,16000,False,,False,0.0,cpu,patch_nearest_normal,last2,14,0.05,False,,,0.00012085506750736386,0.00015804108188598499,False,True,True,True
2026-08-16 07:55:36,full_ctta,pill,monitor,C:/cira_batch_test/pill/good_13.png,good_13.png,anomaly,True,0.06281331926584244,0.06281331926584244,0.05881828558520522,0.05881828558520522,0.05084799118340016,False,False,16000,False,,False,0.0,cpu,patch_nearest_normal,last2,14,0.05,False,,,0.00013686543388757855,0.00015804108188598499,False,True,True,True
2026-08-16 07:55:38,full_ctta,pill,monitor,C:/cira_batch_test/pill/good_15.png,good_15.png,normal,False,0.05014440417289734,2.980232238769531e-07,0.05881828558520522,0.05881828558520522,0.05084799118340016,False,True,16000,True,0.00016240110562648624,True,0.0026496117934584618,cpu,patch_nearest_normal,last2,14,0.05,False,,,0.00013881710765417665,0.00015804108188598499,True,True,True,True
2026-08-16 07:55:39,full_ctta,pill,monitor,C:/cira_batch_test/pill/good_6.png,good_6.png,normal,False,0.045267265290021896,3.2782554626464844e-07,0.05881828558520522,0.05881828558520522,0.05084799118340016,False,True,16000,True,0.0001527329150121659,True,0.002633532974869013,cpu,patch_nearest_normal,last2,14,0.05,False,,,0.00013941105862613767,0.00015804108188598499,True,True,True,True
2026-08-16 07:55:41,full_ctta,pill,monitor,C:/cira_batch_test/pill/good_4.png,good_4.png,normal,False,0.04681048542261124,2.682209014892578e-07,0.05881828558520522,0.05881828558520522,0.05084799118340016,False,True,16000,True,0.00015592413546983153,True,0.0026207787450402975,cpu,patch_nearest_normal,last2,14,0.05,False,,,0.00014785490930080414,0.00015804108188598499,True,True,True,True
2026-08-16 07:55:42,full_ctta,pill,monitor,C:/cira_batch_test/pill/bad_16.png,bad_16.png,anomaly,True,0.07180365920066833,0.07180365920066833,0.05881828558520522,0.05881828558520522,0.05084799118340016,False,False,16000,False,,False,0.0,cpu,patch_nearest_normal,last2,14,0.05,False,,,0.00015081230958458036,0.00015804108188598499,False,True,True,True
2026-08-16 07:55:44,full_ctta,pill,monitor,C:/cira_batch_test/pill/good_10.png,good_10.png,normal,False,0.04398989677429199,2.5033949668795685e-07,0.05881828558520522,0.05881828558520522,0.05084799118340016,False,True,16000,True,0.0001383370254188776,True,0.0026107702869921923,cpu,patch_nearest_normal,last2,14,0.05,False,,,0.00012912327656522393,0.00015804108188598499,True,True,True,True
2026-08-16 07:55:45,full_ctta,pill,monitor,C:/cira_batch_test/pill/bad_18.png,bad_18.png,normal,False,0.05330013111233711,0.05330013111233711,0.05881828558520522,0.05881828558520522,0.05084799118340016,False,False,16000,False,,False,0.0,cpu,patch_nearest_normal,last2,14,0.05,False,,,0.00013398908777162433,0.00015804108188598499,False,True,True,True
2026-08-16 07:55:47,full_ctta,pill,monitor,C:/cira_batch_test/pill/good_3.png,good_3.png,normal,False,0.04293149709701538,2.5033949668795685e-07,0.05881828558520522,0.05881828558520522,0.05084799118340016,False,True,16000,True,0.0001459398481529206,True,0.002603852888569236,cpu,patch_nearest_normal,last2,14,0.05,False,,,0.00012885991600342095,0.00015804108188598499,True,True,True,True
2026-08-16 07:55:48,full_ctta,pill,monitor,C:/cira_batch_test/pill/bad_14.png,bad_14.png,anomaly,True,0.06937842816114426,0.06937842816114426,0.05881828558520522,0.05881828558520522,0.05084799118340016,False,False,16000,False,,False,0.0,cpu,patch_nearest_normal,last2,14,0.05,False,,,0.00016215891810134053,0.00015804108188598499,False,False,True,True
2026-08-16 07:55:50,full_ctta,pill,monitor,C:/cira_batch_test/pill/bad_6.png,bad_6.png,anomaly,True,0.07781405001878738,0.07781405001878738,0.05881828558520522,0.05881828558520522,0.05084799118340016,False,False,16000,False,,False,0.0,cpu,patch_nearest_normal,last2,14,0.05,False,,,0.00016227531887125224,0.00015804108188598499,False,False,True,True
2026-08-16 07:55:51,full_ctta,pill,monitor,C:/cira_batch_test/pill/bad_8.png,bad_8.png,anomaly,True,0.11704151332378387,0.11704151332378387,0.05881828558520522,0.05881828558520522,0.05084799118340016,False,False,16000,False,,False,0.0,cpu,patch_nearest_normal,last2,14,0.05,False,,,0.0001549059379613027,0.00015804108188598499,False,True,True,True
2026-08-16 07:55:53,full_ctta,pill,monitor,C:/cira_batch_test/pill/bad_11.png,bad_11.png,anomaly,True,0.09426745772361755,0.09426745772361755,0.05881828558520522,0.05881828558520522,0.05084799118340016,False,False,16000,False,,False,0.0,cpu,patch_nearest_normal,last2,14,0.05,False,,,0.0001580743701197207,0.00015804108188598499,False,False,True,True
2026-08-16 07:55:54,full_ctta,pill,monitor,C:/cira_batch_test/pill/bad_9.png,bad_9.png,anomaly,True,0.06141269952058792,0.06141269952058792,0.05881828558520522,0.05881828558520522,0.05084799118340016,False,False,16000,False,,False,0.0,cpu,patch_nearest_normal,last2,14,0.05,False,,,0.00013530471187550575,0.00015804108188598499,False,True,True,True
2026-08-16 07:55:56,full_ctta,pill,monitor,C:/cira_batch_test/pill/bad_5.png,bad_5.png,anomaly,True,0.18526843190193176,0.18526843190193176,0.05881828558520522,0.05881828558520522,0.05084799118340016,False,False,16000,False,,False,0.0,cpu,patch_nearest_normal,last2,14,0.05,False,,,0.00013945368118584156,0.00015804108188598499,False,True,True,True
2026-08-16 07:55:57,full_ctta,pill,monitor,C:/cira_batch_test/pill/good_9.png,good_9.png,normal,False,0.047165174037218094,2.980232238769531e-07,0.05881828558520522,0.05881828558520522,0.05084799118340016,False,True,16000,True,0.00015203855582512915,True,0.002594138029962778,cpu,patch_nearest_normal,last2,14,0.05,True,C:\cira_ttl_checkpoints\pill\patch_memory_bank_update_10.pt,C:\cira_ttl_checkpoints\pill\patch_adapter_update_10.pt,0.0001406622031936422,0.00015804108188598499,True,True,True,True
2026-08-16 07:55:59,full_ctta,pill,monitor,C:/cira_batch_test/pill/good_2.png,good_2.png,normal,False,0.042041175067424774,3.516674098591466e-07,0.05881828558520522,0.05881828558520522,0.05084799118340016,False,True,16000,True,0.00014778341574128717,True,0.0025899778120219707,cpu,patch_nearest_normal,last2,14,0.05,False,,,0.00013624924758914858,0.00015804108188598499,True,True,True,True
2026-08-16 07:56:00,full_ctta,pill,monitor,C:/cira_batch_test/pill/bad_2.png,bad_2.png,anomaly,True,0.07444335520267487,0.07444335520267487,0.05881828558520522,0.05881828558520522,0.05084799118340016,False,False,16000,False,,False,0.0,cpu,patch_nearest_normal,last2,14,0.05,False,,,0.00014864734839648008,0.00015804108188598499,False,True,True,True
2026-08-16 07:56:02,full_ctta,pill,monitor,C:/cira_batch_test/pill/bad_17.png,bad_17.png,anomaly,True,0.07883073389530182,0.07883073389530182,0.05881828558520522,0.05881828558520522,0.05084799118340016,False,False,16000,False,,False,0.0,cpu,patch_nearest_normal,last2,14,0.05,False,,,0.00017118504911195487,0.00015804108188598499,False,False,True,True
2026-08-16 07:56:03,full_ctta,pill,monitor,C:/cira_batch_test/pill/bad_1.png,bad_1.png,anomaly,True,0.08054126054048538,0.08054126054048538,0.05881828558520522,0.05881828558520522,0.05084799118340016,False,False,16000,False,,False,0.0,cpu,patch_nearest_normal,last2,14,0.05,False,,,0.0001495675096521154,0.00015804108188598499,False,True,True,True
2026-08-16 07:56:05,full_ctta,pill,monitor,C:/cira_batch_test/pill/good_12.png,good_12.png,normal,False,0.05118606612086296,0.05118606612086296,0.05881828558520522,0.05881828558520522,0.05084799118340016,False,False,16000,False,,False,0.0,cpu,patch_nearest_normal,last2,14,0.05,False,,,0.00013348886568564922,0.00015804108188598499,False,True,True,True
2026-08-16 07:56:06,full_ctta,pill,monitor,C:/cira_batch_test/pill/good_18.png,good_18.png,normal,False,0.04908627271652222,0.04908627271652222,0.05881828558520522,0.05881828558520522,0.05084799118340016,False,False,16000,False,,False,0.0,cpu,patch_nearest_normal,last2,14,0.05,False,,,0.00016055429296102375,0.00015804108188598499,True,False,True,True
2026-08-16 07:56:08,full_ctta,pill,monitor,C:/cira_batch_test/pill/good_17.png,good_17.png,normal,False,0.05373269319534302,0.05373269319534302,0.05881828558520522,0.05881828558520522,0.05084799118340016,False,False,16000,False,,False,0.0,cpu,patch_nearest_normal,last2,14,0.05,False,,,0.0001465029490645975,0.00015804108188598499,False,True,True,True
2026-08-16 07:56:09,full_ctta,pill,monitor,C:/cira_batch_test/pill/bad_19.png,bad_19.png,anomaly,True,0.06056136637926102,0.06056136637926102,0.05881828558520522,0.05881828558520522,0.05084799118340016,False,False,16000,False,,False,0.0,cpu,patch_nearest_normal,last2,14,0.05,False,,,0.00013533124001696706,0.00015804108188598499,False,True,True,True
2026-08-16 07:56:11,full_ctta,pill,monitor,C:/cira_batch_test/pill/good_1.png,good_1.png,normal,False,0.04549374058842659,2.6226044269606064e-07,0.05881828558520522,0.05881828558520522,0.05084799118340016,False,True,16000,True,0.00016690470511093736,True,0.0025832559913396835,cpu,patch_nearest_normal,last2,14,0.05,False,,,0.00014983239816501737,0.00015804108188598499,True,True,True,True
2026-08-16 07:56:12,full_ctta,screw,monitor,C:/cira_batch_test/screw/bad_10.png,bad_10.png,anomaly,True,0.06733480095863342,0.06733480095863342,0.06300563204730296,0.06300563204730296,0.05946885421872139,False,False,16000,False,,False,0.0,cpu,patch_nearest_normal,last2,14,0.05,False,,,0.00010891405690927058,0.00012727336943498,False,True,True,True
2026-08-16 07:56:14,full_ctta,screw,monitor,C:/cira_batch_test/screw/good_16.png,good_16.png,normal,False,0.06156136468052864,0.06156136468052864,0.06300563204730296,0.06300563204730296,0.05946885421872139,False,False,16000,False,,False,0.0,cpu,patch_nearest_normal,last2,14,0.05,False,,,0.00012656163016799837,0.00012727336943498,False,True,True,True
2026-08-16 07:56:15,full_ctta,screw,monitor,C:/cira_batch_test/screw/bad_12.png,bad_12.png,anomaly,True,0.0718311071395874,0.0718311071395874,0.06300563204730296,0.06300563204730296,0.05946885421872139,False,False,16000,False,,False,0.0,cpu,patch_nearest_normal,last2,14,0.05,False,,,0.00013082475925330073,0.00012727336943498,False,False,True,True
2026-08-16 07:56:17,full_ctta,screw,monitor,C:/cira_batch_test/screw/good_11.png,good_11.png,normal,False,0.05035126209259033,2.8014181907565217e-07,0.06300563204730296,0.06300563204730296,0.05946885421872139,False,True,16000,True,0.00011221299064345658,True,0.0030145396012812853,cpu,patch_nearest_normal,last2,14,0.05,False,,,0.00010108599963132292,0.00012727336943498,True,True,True,True
2026-08-16 07:56:18,full_ctta,screw,monitor,C:/cira_batch_test/screw/bad_13.png,bad_13.png,anomaly,True,0.08295189589262009,0.08295189589262009,0.06300563204730296,0.06300563204730296,0.05946885421872139,False,False,16000,False,,False,0.0,cpu,patch_nearest_normal,last2,14,0.05,False,,,8.929263276513666e-05,0.00012727336943498,False,True,True,True
2026-08-16 07:56:20,full_ctta,screw,monitor,C:/cira_batch_test/screw/good_7.png,good_7.png,normal,False,0.04389071464538574,3.159046286782541e-07,0.06300563204730296,0.06300563204730296,0.05946885421872139,False,True,16000,True,0.0001192724666907452,True,0.0026305471546947956,cpu,patch_nearest_normal,last2,14,0.05,False,,,9.79584438027814e-05,0.00012727336943498,True,True,True,True
2026-08-16 07:56:22,full_ctta,screw,monitor,C:/cira_batch_test/screw/good_8.png,good_8.png,normal,False,0.05513729527592659,2.980232238769531e-07,0.06300563204730296,0.06300563204730296,0.05946885421872139,False,True,16000,True,0.00011529032053658739,True,0.0025255978107452393,cpu,patch_nearest_normal,last2,14,0.05,False,,,0.00010060810745926574,0.00012727336943498,True,True,True,True
2026-08-16 07:56:23,full_ctta,screw,monitor,C:/cira_batch_test/screw/bad_20.png,bad_20.png,anomaly,True,0.06588981300592422,0.06588981300592422,0.06300563204730296,0.06300563204730296,0.05946885421872139,False,False,16000,False,,False,0.0,cpu,patch_nearest_normal,last2,14,0.05,False,,,0.00014696107245981693,0.00012727336943498,False,False,True,True
2026-08-16 07:56:25,full_ctta,screw,monitor,C:/cira_batch_test/screw/good_19.png,good_19.png,normal,False,0.04822647571563721,2.5033949668795685e-07,0.06300563204730296,0.06300563204730296,0.05946885421872139,False,True,16000,True,0.00010235052468487993,True,0.002488829428330064,cpu,patch_nearest_normal,last2,14,0.05,False,,,9.595161827746779e-05,0.00012727336943498,True,True,True,True
2026-08-16 07:56:27,full_ctta,screw,monitor,C:/cira_batch_test/screw/bad_3.png,bad_3.png,normal,False,0.05643289536237717,3.337860050578456e-07,0.06300563204730296,0.06300563204730296,0.05946885421872139,False,True,16000,True,0.00012217319454066455,True,0.002491321414709091,cpu,patch_nearest_normal,last2,14,0.05,False,,,0.00010346885392209515,0.00012727336943498,True,True,True,True
2026-08-16 07:56:28,full_ctta,screw,monitor,C:/cira_batch_test/screw/bad_7.png,bad_7.png,anomaly,True,0.08182156831026077,0.08182156831026077,0.06300563204730296,0.06300563204730296,0.05946885421872139,False,False,16000,False,,False,0.0,cpu,patch_nearest_normal,last2,14,0.05,False,,,0.00013402538024820387,0.00012727336943498,False,False,True,True
2026-08-16 07:56:29,full_ctta,screw,monitor,C:/cira_batch_test/screw/bad_15.png,bad_15.png,anomaly,True,0.08299816399812698,0.08299816399812698,0.06300563204730296,0.06300563204730296,0.05946885421872139,False,False,16000,False,,False,0.0,cpu,patch_nearest_normal,last2,14,0.05,False,,,9.099310409510508e-05,0.00012727336943498,False,True,True,True
2026-08-16 07:56:31,full_ctta,screw,monitor,C:/cira_batch_test/screw/good_5.png,good_5.png,normal,False,0.04747312515974045,2.682209014892578e-07,0.06300563204730296,0.06300563204730296,0.05946885421872139,False,True,16000,True,0.0001088876961148344,True,0.002482740208506584,cpu,patch_nearest_normal,last2,14,0.05,False,,,0.00010811900574481115,0.00012727336943498,True,True,True,True
2026-08-16 07:56:33,full_ctta,screw,monitor,C:/cira_batch_test/screw/good_14.png,good_14.png,normal,False,0.061633240431547165,0.061633240431547165,0.06300563204730296,0.06300563204730296,0.05946885421872139,False,False,16000,False,,False,0.0,cpu,patch_nearest_normal,last2,14,0.05,False,,,0.00011118326801806688,0.00012727336943498,False,True,True,True
2026-08-16 07:56:34,full_ctta,screw,monitor,C:/cira_batch_test/screw/bad_4.png,bad_4.png,normal,False,0.05805745720863342,3.337860050578456e-07,0.06300563204730296,0.06300563204730296,0.05946885421872139,False,True,16000,True,0.00010119836224475875,True,0.0024258275516331196,cpu,patch_nearest_normal,last2,14,0.05,False,,,8.927680755732581e-05,0.00012727336943498,True,True,True,True
2026-08-16 07:56:36,full_ctta,screw,monitor,C:/cira_batch_test/screw/good_20.png,good_20.png,anomaly,True,0.06919704377651215,0.06919704377651215,0.06300563204730296,0.06300563204730296,0.05946885421872139,False,False,16000,False,,False,0.0,cpu,patch_nearest_normal,last2,14,0.05,False,,,0.00010715652751969174,0.00012727336943498,False,True,True,True
2026-08-16 07:56:38,full_ctta,screw,monitor,C:/cira_batch_test/screw/good_13.png,good_13.png,normal,False,0.05859518051147461,2.9206276508375595e-07,0.06300563204730296,0.06300563204730296,0.05946885421872139,False,True,16000,True,0.00011290315887890756,True,0.002417592331767082,cpu,patch_nearest_normal,last2,14,0.05,False,,,0.00011561503197299317,0.00012727336943498,True,True,True,True
2026-08-16 07:56:39,full_ctta,screw,monitor,C:/cira_batch_test/screw/good_15.png,good_15.png,normal,False,0.04913347214460373,2.6226044269606064e-07,0.06300563204730296,0.06300563204730296,0.05946885421872139,False,True,16000,True,0.00010543403186602518,True,0.0024174912832677364,cpu,patch_nearest_normal,last2,14,0.05,False,,,0.0001081336522474885,0.00012727336943498,True,True,True,True
2026-08-16 07:56:41,full_ctta,screw,monitor,C:/cira_batch_test/screw/good_6.png,good_6.png,anomaly,True,0.0829610675573349,0.0829610675573349,0.06300563204730296,0.06300563204730296,0.05946885421872139,False,False,16000,False,,False,0.0,cpu,patch_nearest_normal,last2,14,0.05,False,,,0.00011915613140445203,0.00012727336943498,False,True,True,True
2026-08-16 07:56:42,full_ctta,screw,monitor,C:/cira_batch_test/screw/good_4.png,good_4.png,normal,False,0.04351276159286499,2.5629998390286346e-07,0.06300563204730296,0.06300563204730296,0.05946885421872139,False,True,16000,True,0.00013216317165642977,True,0.002421983750537038,cpu,patch_nearest_normal,last2,14,0.05,True,C:\cira_ttl_checkpoints\screw\patch_memory_bank_update_10.pt,C:\cira_ttl_checkpoints\screw\patch_adapter_update_10.pt,0.00012664266978390515,0.00012727336943498,True,True,True,True
2026-08-16 07:56:44,full_ctta,screw,monitor,C:/cira_batch_test/screw/bad_16.png,bad_16.png,anomaly,True,0.0647963434457779,0.0647963434457779,0.06300563204730296,0.06300563204730296,0.05946885421872139,False,False,16000,False,,False,0.0,cpu,patch_nearest_normal,last2,14,0.05,False,,,0.00010055970051325858,0.00012727336943498,False,True,True,True
2026-08-16 07:56:46,full_ctta,screw,monitor,C:/cira_batch_test/screw/good_10.png,good_10.png,normal,False,0.04524434730410576,3.039836826701503e-07,0.06300563204730296,0.06300563204730296,0.05946885421872139,False,True,16000,True,0.00011339577031321824,True,0.0024063994642347097,cpu,patch_nearest_normal,last2,14,0.05,False,,,9.626863902667537e-05,0.00012727336943498,True,True,True,True
2026-08-16 07:56:47,full_ctta,screw,monitor,C:/cira_batch_test/screw/bad_18.png,bad_18.png,anomaly,True,0.06413685530424118,0.06413685530424118,0.06300563204730296,0.06300563204730296,0.05946885421872139,False,False,16000,False,,False,0.0,cpu,patch_nearest_normal,last2,14,0.05,False,,,0.00012113452976336703,0.00012727336943498,False,True,True,True
2026-08-16 07:56:48,full_ctta,screw,monitor,C:/cira_batch_test/screw/good_3.png,good_3.png,anomaly,True,0.06846661865711212,0.06846661865711212,0.06300563204730296,0.06300563204730296,0.05946885421872139,False,False,16000,False,,False,0.0,cpu,patch_nearest_normal,last2,14,0.05,False,,,0.0001122409084928222,0.00012727336943498,False,True,True,True
2026-08-16 07:56:50,full_ctta,screw,monitor,C:/cira_batch_test/screw/bad_14.png,bad_14.png,anomaly,True,0.07199694216251373,0.07199694216251373,0.06300563204730296,0.06300563204730296,0.05946885421872139,False,False,16000,False,,False,0.0,cpu,patch_nearest_normal,last2,14,0.05,False,,,0.00010951444710372016,0.00012727336943498,False,True,True,True
2026-08-16 07:56:51,full_ctta,screw,monitor,C:/cira_batch_test/screw/bad_6.png,bad_6.png,anomaly,True,0.0631658211350441,0.0631658211350441,0.06300563204730296,0.06300563204730296,0.05946885421872139,False,False,16000,False,,False,0.0,cpu,patch_nearest_normal,last2,14,0.05,False,,,0.00011562134750420228,0.00012727336943498,False,True,True,True
2026-08-16 07:56:53,full_ctta,screw,monitor,C:/cira_batch_test/screw/bad_8.png,bad_8.png,normal,False,0.060302119702100754,0.060302119702100754,0.06300563204730296,0.06300563204730296,0.05946885421872139,False,False,16000,False,,False,0.0,cpu,patch_nearest_normal,last2,14,0.05,False,,,0.00012778324889950454,0.00012727336943498,False,False,True,True
2026-08-16 07:56:54,full_ctta,screw,monitor,C:/cira_batch_test/screw/bad_11.png,bad_11.png,anomaly,True,0.06706292182207108,0.06706292182207108,0.06300563204730296,0.06300563204730296,0.05946885421872139,False,False,16000,False,,False,0.0,cpu,patch_nearest_normal,last2,14,0.05,False,,,0.00010903272777795792,0.00012727336943498,False,True,True,True
2026-08-16 07:56:56,full_ctta,screw,monitor,C:/cira_batch_test/screw/bad_9.png,bad_9.png,anomaly,True,0.06856368482112885,0.06856368482112885,0.06300563204730296,0.06300563204730296,0.05946885421872139,False,False,16000,False,,False,0.0,cpu,patch_nearest_normal,last2,14,0.05,False,,,0.00012020731810480356,0.00012727336943498,False,True,True,True
2026-08-16 07:56:57,full_ctta,screw,monitor,C:/cira_batch_test/screw/bad_5.png,bad_5.png,anomaly,True,0.10359325259923935,0.10359325259923935,0.06300563204730296,0.06300563204730296,0.05946885421872139,False,False,16000,False,,False,0.0,cpu,patch_nearest_normal,last2,14,0.05,False,,,0.000118972260679584,0.00012727336943498,False,True,True,True
2026-08-16 07:56:59,full_ctta,screw,monitor,C:/cira_batch_test/screw/good_9.png,good_9.png,normal,False,0.04394328594207764,3.516674098591466e-07,0.06300563204730296,0.06300563204730296,0.05946885421872139,False,True,16000,True,0.00010280201240675524,True,0.002399163320660591,cpu,patch_nearest_normal,last2,14,0.05,False,,,9.436401887796819e-05,0.00012727336943498,True,True,True,True
2026-08-16 07:57:01,full_ctta,screw,monitor,C:/cira_batch_test/screw/good_2.png,good_2.png,anomaly,True,0.06701575219631195,0.06701575219631195,0.06300563204730296,0.06300563204730296,0.05946885421872139,False,False,16000,False,,False,0.0,cpu,patch_nearest_normal,last2,14,0.05,False,,,0.0001128967633121647,0.00012727336943498,False,True,True,True
2026-08-16 07:57:02,full_ctta,screw,monitor,C:/cira_batch_test/screw/bad_2.png,bad_2.png,anomaly,True,0.06487391144037247,0.06487391144037247,0.06300563204730296,0.06300563204730296,0.05946885421872139,False,False,16000,False,,False,0.0,cpu,patch_nearest_normal,last2,14,0.05,False,,,0.00010834748536581174,0.00012727336943498,False,True,True,True
2026-08-16 07:57:04,full_ctta,screw,monitor,C:/cira_batch_test/screw/bad_17.png,bad_17.png,normal,False,0.05924447253346443,2.8014181907565217e-07,0.06300563204730296,0.06300563204730296,0.05946885421872139,False,True,16000,True,9.609571134205908e-05,True,0.0023742150515317917,cpu,patch_nearest_normal,last2,14,0.05,False,,,9.170956036541611e-05,0.00012727336943498,True,True,True,True
2026-08-16 07:57:05,full_ctta,screw,monitor,C:/cira_batch_test/screw/bad_1.png,bad_1.png,normal,False,0.058074794709682465,2.9206276508375595e-07,0.06300563204730296,0.06300563204730296,0.05946885421872139,False,True,16000,True,0.00013299763668328524,True,0.002386269858106971,cpu,patch_nearest_normal,last2,14,0.05,False,,,0.00012144423817517236,0.00012727336943498,True,True,True,True
2026-08-16 07:57:07,full_ctta,screw,monitor,C:/cira_batch_test/screw/good_12.png,good_12.png,normal,False,0.06070413440465927,0.06070413440465927,0.06300563204730296,0.06300563204730296,0.05946885421872139,False,False,16000,False,,False,0.0,cpu,patch_nearest_normal,last2,14,0.05,False,,,0.00011060432734666392,0.00012727336943498,False,True,True,True
2026-08-16 07:57:08,full_ctta,screw,monitor,C:/cira_batch_test/screw/good_18.png,good_18.png,anomaly,True,0.06708568334579468,0.06708568334579468,0.06300563204730296,0.06300563204730296,0.05946885421872139,False,False,16000,False,,False,0.0,cpu,patch_nearest_normal,last2,14,0.05,False,,,0.00010460508929099888,0.00012727336943498,False,True,True,True
2026-08-16 07:57:10,full_ctta,screw,monitor,C:/cira_batch_test/screw/good_17.png,good_17.png,normal,False,0.060225069522857666,0.060225069522857666,0.06300563204730296,0.06300563204730296,0.05946885421872139,False,False,16000,False,,False,0.0,cpu,patch_nearest_normal,last2,14,0.05,False,,,0.00010770347580546513,0.00012727336943498,False,True,True,True
2026-08-16 07:57:11,full_ctta,screw,monitor,C:/cira_batch_test/screw/bad_19.png,bad_19.png,anomaly,True,0.06643478572368622,0.06643478572368622,0.06300563204730296,0.06300563204730296,0.05946885421872139,False,False,16000,False,,False,0.0,cpu,patch_nearest_normal,last2,14,0.05,False,,,8.831327431835234e-05,0.00012727336943498,False,True,True,True
2026-08-16 07:57:13,full_ctta,screw,monitor,C:/cira_batch_test/screw/good_1.png,good_1.png,normal,False,0.04903560131788254,3.516674098591466e-07,0.06300563204730296,0.06300563204730296,0.05946885421872139,False,True,16000,True,0.00012629630509763956,True,0.002401084639132023,cpu,patch_nearest_normal,last2,14,0.05,False,,,0.00010969328286591917,0.00012727336943498,True,True,True,True
2026-08-16 07:57:15,full_ctta,tile,monitor,C:/cira_batch_test/tile/bad_10.png,bad_10.png,anomaly,True,0.09991627186536789,0.09991627186536789,0.06531576363636363,0.06531576363636363,0.05311408117413522,False,False,16000,False,,False,0.0,cpu,patch_nearest_normal,last2,14,0.05,False,,,0.0001817094744183123,0.000230512705456835,False,True,True,True
2026-08-16 07:57:16,full_ctta,tile,monitor,C:/cira_batch_test/tile/good_16.png,good_16.png,normal,False,0.03829062730073929,0.03829062730073929,0.06531576363636363,0.06531576363636363,0.05311408117413522,False,False,16000,False,,False,0.0,cpu,patch_nearest_normal,last2,14,0.05,False,,,0.00023175669775810093,0.000230512705456835,True,False,True,True
2026-08-16 07:57:17,full_ctta,tile,monitor,C:/cira_batch_test/tile/bad_12.png,bad_12.png,normal,False,0.054269999265670776,0.054269999265670776,0.06531576363636363,0.06531576363636363,0.05311408117413522,False,False,16000,False,,False,0.0,cpu,patch_nearest_normal,last2,14,0.05,False,,,0.0002075948432320729,0.000230512705456835,False,True,True,True
2026-08-16 07:57:19,full_ctta,tile,monitor,C:/cira_batch_test/tile/good_11.png,good_11.png,normal,False,0.04015053063631058,3.814697322468419e-07,0.06531576363636363,0.06531576363636363,0.05311408117413522,False,True,16000,True,0.00016540323849767447,True,0.002987978979945183,cpu,patch_nearest_normal,last2,14,0.05,False,,,0.0001622318523004651,0.000230512705456835,True,True,True,True
2026-08-16 07:57:21,full_ctta,tile,monitor,C:/cira_batch_test/tile/bad_13.png,bad_13.png,anomaly,True,0.156980961561203,0.156980961561203,0.06531576363636363,0.06531576363636363,0.05311408117413522,False,False,16000,False,,False,0.0,cpu,patch_nearest_normal,last2,14,0.05,False,,,0.00018462465959601104,0.000230512705456835,False,True,True,True
2026-08-16 07:57:22,full_ctta,tile,monitor,C:/cira_batch_test/tile/good_7.png,good_7.png,normal,False,0.04348435252904892,3.2186508747145126e-07,0.06531576363636363,0.06531576363636363,0.05311408117413522,False,True,16000,True,0.0002100108249578625,True,0.0027114416006952524,cpu,patch_nearest_normal,last2,14,0.05,False,,,0.00019988136773463339,0.000230512705456835,True,True,True,True
2026-08-16 07:57:24,full_ctta,tile,monitor,C:/cira_batch_test/tile/good_8.png,good_8.png,normal,False,0.040026504546403885,3.516674098591466e-07,0.06531576363636363,0.06531576363636363,0.05311408117413522,False,True,16000,True,0.0002333780867047608,True,0.002689134096726775,cpu,patch_nearest_normal,last2,14,0.05,False,,,0.0002182106109103188,0.000230512705456835,True,True,True,True
2026-08-16 07:57:25,full_ctta,tile,monitor,C:/cira_batch_test/tile/bad_20.png,bad_20.png,anomaly,True,0.11419141292572021,0.11419141292572021,0.06531576363636363,0.06531576363636363,0.05311408117413522,False,False,16000,False,,False,0.0,cpu,patch_nearest_normal,last2,14,0.05,False,,,0.0002068054600385949,0.000230512705456835,False,True,True,True
2026-08-16 07:57:27,full_ctta,tile,monitor,C:/cira_batch_test/tile/good_19.png,good_19.png,normal,False,0.04856680706143379,4.0531159584134e-07,0.06531576363636363,0.06531576363636363,0.05311408117413522,False,True,16000,True,0.00019223388517275453,True,0.0026861524675041437,cpu,patch_nearest_normal,last2,14,0.05,False,,,0.00019464330398477614,0.000230512705456835,True,True,True,True
2026-08-16 07:57:29,full_ctta,tile,monitor,C:/cira_batch_test/tile/bad_3.png,bad_3.png,anomaly,True,0.3843420445919037,0.3843420445919037,0.06531576363636363,0.06531576363636363,0.05311408117413522,False,False,16000,False,,False,0.0,cpu,patch_nearest_normal,last2,14,0.05,False,,,0.00020877306815236807,0.000230512705456835,False,True,True,True
2026-08-16 07:57:30,full_ctta,tile,monitor,C:/cira_batch_test/tile/bad_7.png,bad_7.png,anomaly,True,0.21238534152507782,0.21238534152507782,0.06531576363636363,0.06531576363636363,0.05311408117413522,False,False,16000,False,,False,0.0,cpu,patch_nearest_normal,last2,14,0.05,False,,,0.00017540300905238837,0.000230512705456835,False,True,True,True
2026-08-16 07:57:31,full_ctta,tile,monitor,C:/cira_batch_test/tile/bad_15.png,bad_15.png,anomaly,True,0.17710807919502258,0.17710807919502258,0.06531576363636363,0.06531576363636363,0.05311408117413522,False,False,16000,False,,False,0.0,cpu,patch_nearest_normal,last2,14,0.05,False,,,0.00025661528343334794,0.000230512705456835,False,False,True,True
2026-08-16 07:57:33,full_ctta,tile,monitor,C:/cira_batch_test/tile/good_5.png,good_5.png,normal,False,0.049878813326358795,0.049878813326358795,0.06531576363636363,0.06531576363636363,0.05311408117413522,False,False,16000,False,,False,0.0,cpu,patch_nearest_normal,last2,14,0.05,False,,,0.00023689014778938144,0.000230512705456835,True,False,True,True
2026-08-16 07:57:35,full_ctta,tile,monitor,C:/cira_batch_test/tile/good_14.png,good_14.png,normal,False,0.04171553999185562,3.099441414633475e-07,0.06531576363636363,0.06531576363636363,0.05311408117413522,False,True,16000,True,0.00017590301285963506,True,0.002677265554666519,cpu,patch_nearest_normal,last2,14,0.05,False,,,0.00016594157204963267,0.000230512705456835,True,True,True,True
2026-08-16 07:57:36,full_ctta,tile,monitor,C:/cira_batch_test/tile/bad_4.png,bad_4.png,anomaly,True,0.11345329135656357,0.11345329135656357,0.06531576363636363,0.06531576363636363,0.05311408117413522,False,False,16000,False,,False,0.0,cpu,patch_nearest_normal,last2,14,0.05,False,,,0.00013391973334364593,0.000230512705456835,False,True,True,True
2026-08-16 07:57:38,full_ctta,tile,monitor,C:/cira_batch_test/tile/good_20.png,good_20.png,normal,False,0.04150806739926338,3.159046286782541e-07,0.06531576363636363,0.06531576363636363,0.05311408117413522,False,True,16000,True,0.00017259648302569985,True,0.002628438174724579,cpu,patch_nearest_normal,last2,14,0.05,False,,,0.00018379162065684795,0.000230512705456835,True,True,True,True
2026-08-16 07:57:39,full_ctta,tile,monitor,C:/cira_batch_test/tile/good_13.png,good_13.png,normal,False,0.048917461186647415,2.8610230629055877e-07,0.06531576363636363,0.06531576363636363,0.05311408117413522,False,True,16000,True,0.0001636877132114023,True,0.0025862951297312975,cpu,patch_nearest_normal,last2,14,0.05,False,,,0.0001548636646475643,0.000230512705456835,True,True,True,True
2026-08-16 07:57:41,full_ctta,tile,monitor,C:/cira_batch_test/tile/good_15.png,good_15.png,normal,False,0.040234070271253586,3.2186508747145126e-07,0.06531576363636363,0.06531576363636363,0.05311408117413522,False,True,16000,True,0.0001860822958406061,True,0.0025909096002578735,cpu,patch_nearest_normal,last2,14,0.05,False,,,0.00017265226051677018,0.000230512705456835,True,True,True,True
2026-08-16 07:57:43,full_ctta,tile,monitor,C:/cira_batch_test/tile/good_6.png,good_6.png,normal,False,0.04595070332288742,3.099441414633475e-07,0.06531576363636363,0.06531576363636363,0.05311408117413522,False,True,16000,True,0.0001748523791320622,True,0.002581927692517638,cpu,patch_nearest_normal,last2,14,0.05,False,,,0.00016628832963760942,0.000230512705456835,True,True,True,True
2026-08-16 07:57:44,full_ctta,tile,monitor,C:/cira_batch_test/tile/good_4.png,good_4.png,normal,False,0.03712226077914238,3.099441414633475e-07,0.06531576363636363,0.06531576363636363,0.05311408117413522,False,True,16000,True,0.00021381492842920125,True,0.002606617519631982,cpu,patch_nearest_normal,last2,14,0.05,True,C:\cira_ttl_checkpoints\tile\patch_memory_bank_update_10.pt,C:\cira_ttl_checkpoints\tile\patch_adapter_update_10.pt,0.00021353542979341,0.000230512705456835,True,True,True,True
2026-08-16 07:57:46,full_ctta,tile,monitor,C:/cira_batch_test/tile/bad_16.png,bad_16.png,anomaly,True,0.08288876712322235,0.08288876712322235,0.06531576363636363,0.06531576363636363,0.05311408117413522,False,False,16000,False,,False,0.0,cpu,patch_nearest_normal,last2,14,0.05,False,,,0.0002228262455901131,0.000230512705456835,False,True,True,True
2026-08-16 07:57:47,full_ctta,tile,monitor,C:/cira_batch_test/tile/good_10.png,good_10.png,normal,False,0.051622889935970306,3.516674098591466e-07,0.06531576363636363,0.06531576363636363,0.05311408117413522,False,True,16000,True,0.0001698772539384663,True,0.0025550571735948324,cpu,patch_nearest_normal,last2,14,0.05,False,,,0.00018302202806808054,0.000230512705456835,True,True,True,True
2026-08-16 07:57:49,full_ctta,tile,monitor,C:/cira_batch_test/tile/bad_18.png,bad_18.png,anomaly,True,0.07048766314983368,0.07048766314983368,0.06531576363636363,0.06531576363636363,0.05311408117413522,False,False,16000,False,,False,0.0,cpu,patch_nearest_normal,last2,14,0.05,False,,,0.00018077621643897146,0.000230512705456835,False,True,True,True
2026-08-16 07:57:51,full_ctta,tile,monitor,C:/cira_batch_test/tile/good_3.png,good_3.png,normal,False,0.03965286538004875,3.099441414633475e-07,0.06531576363636363,0.06531576363636363,0.05311408117413522,False,True,16000,True,0.00019055158190894872,True,0.002575627062469721,cpu,patch_nearest_normal,last2,14,0.05,False,,,0.00018561551405582577,0.000230512705456835,True,True,True,True
2026-08-16 07:57:52,full_ctta,tile,monitor,C:/cira_batch_test/tile/bad_14.png,bad_14.png,anomaly,True,0.15889617800712585,0.15889617800712585,0.06531576363636363,0.06531576363636363,0.05311408117413522,False,False,16000,False,,False,0.0,cpu,patch_nearest_normal,last2,14,0.05,False,,,0.00022145565890241414,0.000230512705456835,False,True,True,True
2026-08-16 07:57:54,full_ctta,tile,monitor,C:/cira_batch_test/tile/bad_6.png,bad_6.png,anomaly,True,0.2294369637966156,0.2294369637966156,0.06531576363636363,0.06531576363636363,0.05311408117413522,False,False,16000,False,,False,0.0,cpu,patch_nearest_normal,last2,14,0.05,False,,,0.00022170272131916136,0.000230512705456835,False,True,True,True
2026-08-16 07:57:55,full_ctta,tile,monitor,C:/cira_batch_test/tile/bad_8.png,bad_8.png,anomaly,True,0.16828829050064087,0.16828829050064087,0.06531576363636363,0.06531576363636363,0.05311408117413522,False,False,16000,False,,False,0.0,cpu,patch_nearest_normal,last2,14,0.05,False,,,0.0002128672640537843,0.000230512705456835,False,True,True,True
2026-08-16 07:57:56,full_ctta,tile,monitor,C:/cira_batch_test/tile/bad_11.png,bad_11.png,anomaly,True,0.15022683143615723,0.15022683143615723,0.06531576363636363,0.06531576363636363,0.05311408117413522,False,False,16000,False,,False,0.0,cpu,patch_nearest_normal,last2,14,0.05,False,,,0.00015098329458851367,0.000230512705456835,False,True,True,True
2026-08-16 07:57:58,full_ctta,tile,monitor,C:/cira_batch_test/tile/bad_9.png,bad_9.png,anomaly,True,0.3189367353916168,0.3189367353916168,0.06531576363636363,0.06531576363636363,0.05311408117413522,False,False,16000,False,,False,0.0,cpu,patch_nearest_normal,last2,14,0.05,False,,,0.00024882378056645393,0.000230512705456835,False,False,True,True
2026-08-16 07:57:59,full_ctta,tile,monitor,C:/cira_batch_test/tile/bad_5.png,bad_5.png,anomaly,True,0.15484991669654846,0.15484991669654846,0.06531576363636363,0.06531576363636363,0.05311408117413522,False,False,16000,False,,False,0.0,cpu,patch_nearest_normal,last2,14,0.05,False,,,0.00012164156942162663,0.000230512705456835,False,True,True,True
2026-08-16 07:58:01,full_ctta,tile,monitor,C:/cira_batch_test/tile/good_9.png,good_9.png,normal,False,0.03607790544629097,3.337860050578456e-07,0.06531576363636363,0.06531576363636363,0.05311408117413522,False,True,16000,True,0.00020689604571089149,True,0.002589364070445299,cpu,patch_nearest_normal,last2,14,0.05,False,,,0.00019328383496031165,0.000230512705456835,True,True,True,True
2026-08-16 07:58:02,full_ctta,tile,monitor,C:/cira_batch_test/tile/good_2.png,good_2.png,normal,False,0.04853495955467224,0.04853495955467224,0.06531576363636363,0.06531576363636363,0.05311408117413522,False,False,16000,False,,False,0.0,cpu,patch_nearest_normal,last2,14,0.05,False,,,0.00023658087593503296,0.000230512705456835,True,False,True,True
2026-08-16 07:58:04,full_ctta,tile,monitor,C:/cira_batch_test/tile/bad_2.png,bad_2.png,anomaly,True,0.4370068907737732,0.4370068907737732,0.06531576363636363,0.06531576363636363,0.05311408117413522,False,False,16000,False,,False,0.0,cpu,patch_nearest_normal,last2,14,0.05,False,,,0.00012203622463857755,0.000230512705456835,False,True,True,True
2026-08-16 07:58:05,full_ctta,tile,monitor,C:/cira_batch_test/tile/bad_17.png,bad_17.png,anomaly,True,0.3861510455608368,0.3861510455608368,0.06531576363636363,0.06531576363636363,0.05311408117413522,False,False,16000,False,,False,0.0,cpu,patch_nearest_normal,last2,14,0.05,False,,,0.00022660514514427632,0.000230512705456835,False,True,True,True
2026-08-16 07:58:07,full_ctta,tile,monitor,C:/cira_batch_test/tile/bad_1.png,bad_1.png,anomaly,True,0.4203030467033386,0.4203030467033386,0.06531576363636363,0.06531576363636363,0.05311408117413522,False,False,16000,False,,False,0.0,cpu,patch_nearest_normal,last2,14,0.05,False,,,0.00017500310786999762,0.000230512705456835,False,True,True,True
2026-08-16 07:58:09,full_ctta,tile,monitor,C:/cira_batch_test/tile/good_12.png,good_12.png,normal,False,0.04132121801376343,3.039836826701503e-07,0.06531576363636363,0.06531576363636363,0.05311408117413522,False,True,16000,True,0.00022210786119103432,True,0.0026147046592086554,cpu,patch_nearest_normal,last2,14,0.05,False,,,0.00018825134611688554,0.000230512705456835,True,True,True,True
2026-08-16 07:58:10,full_ctta,tile,monitor,C:/cira_batch_test/tile/good_18.png,good_18.png,anomaly,True,0.06703256815671921,0.06703256815671921,0.06531576363636363,0.06531576363636363,0.05311408117413522,False,False,16000,False,,False,0.0,cpu,patch_nearest_normal,last2,14,0.05,False,,,0.00024247511464636773,0.000230512705456835,False,False,True,True
2026-08-16 07:58:12,full_ctta,tile,monitor,C:/cira_batch_test/tile/good_17.png,good_17.png,normal,False,0.04521625116467476,3.516674098591466e-07,0.06531576363636363,0.06531576363636363,0.05311408117413522,False,True,16000,True,0.00020551637862809002,True,0.002620849758386612,cpu,patch_nearest_normal,last2,14,0.05,False,,,0.00018217918113805354,0.000230512705456835,True,True,True,True
2026-08-16 07:58:13,full_ctta,tile,monitor,C:/cira_batch_test/tile/bad_19.png,bad_19.png,anomaly,True,0.09609998762607574,0.09609998762607574,0.06531576363636363,0.06531576363636363,0.05311408117413522,False,False,16000,False,,False,0.0,cpu,patch_nearest_normal,last2,14,0.05,False,,,0.00020893743203487247,0.000230512705456835,False,True,True,True
2026-08-16 07:58:15,full_ctta,tile,monitor,C:/cira_batch_test/tile/good_1.png,good_1.png,normal,False,0.048975247889757156,2.980232238769531e-07,0.06531576363636363,0.06531576363636363,0.05311408117413522,False,True,16000,True,0.00020595104433596134,True,0.002626903122290969,cpu,patch_nearest_normal,last2,14,0.05,False,,,0.000192296298337169,0.000230512705456835,True,True,True,True
2026-08-16 07:58:16,full_ctta,toothbrush,monitor,C:/cira_batch_test/toothbrush/bad_10.png,bad_10.png,anomaly,True,0.14204305410385132,0.14204305410385132,0.0701888715806552,0.0701888715806552,0.0501871842890978,False,False,9408,False,,False,0.0,cpu,patch_nearest_normal,last2,14,0.05,False,,,0.00012086481729056686,0.00012676088372241001,False,True,True,True
2026-08-16 07:58:18,full_ctta,toothbrush,monitor,C:/cira_batch_test/toothbrush/good_16.png,good_16.png,normal,False,0.04482537508010864,3.2782554626464844e-07,0.0701888715806552,0.0701888715806552,0.0501871842890978,False,True,9604,True,0.00013004796346649528,True,0.0030198025051504374,cpu,patch_nearest_normal,last2,14,0.05,False,,,0.00011385470133973286,0.00012676088372241001,True,True,True,True
2026-08-16 07:58:19,full_ctta,toothbrush,monitor,C:/cira_batch_test/toothbrush/bad_12.png,bad_12.png,anomaly,True,0.3747625946998596,0.3747625946998596,0.0701888715806552,0.0701888715806552,0.0501871842890978,False,False,9604,False,,False,0.0,cpu,patch_nearest_normal,last2,14,0.05,False,,,0.0001357884320896119,0.00012676088372241001,False,False,True,True
2026-08-16 07:58:21,full_ctta,toothbrush,monitor,C:/cira_batch_test/toothbrush/good_11.png,good_11.png,normal,False,0.05364394187927246,0.05364394187927246,0.0701888715806552,0.0701888715806552,0.0501871842890978,False,False,9604,False,,False,0.0,cpu,patch_nearest_normal,last2,14,0.05,False,,,0.00011719430767698213,0.00012676088372241001,False,True,True,True
2026-08-16 07:58:22,full_ctta,toothbrush,monitor,C:/cira_batch_test/toothbrush/bad_13.png,bad_13.png,normal,False,0.056445199996232986,0.056445199996232986,0.0701888715806552,0.0701888715806552,0.0501871842890978,False,False,9604,False,,False,0.0,cpu,patch_nearest_normal,last2,14,0.05,False,,,0.00010680277773644775,0.00012676088372241001,False,True,True,True
2026-08-16 07:58:24,full_ctta,toothbrush,monitor,C:/cira_batch_test/toothbrush/good_7.png,good_7.png,normal,False,0.06089986488223076,0.06089986488223076,0.0701888715806552,0.0701888715806552,0.0501871842890978,False,False,9604,False,,False,0.0,cpu,patch_nearest_normal,last2,14,0.05,False,,,0.00012764392886310816,0.00012676088372241001,False,False,True,True
2026-08-16 07:58:25,full_ctta,toothbrush,monitor,C:/cira_batch_test/toothbrush/good_8.png,good_8.png,anomaly,True,0.07681508362293243,0.07681508362293243,0.0701888715806552,0.0701888715806552,0.0501871842890978,False,False,9604,False,,False,0.0,cpu,patch_nearest_normal,last2,14,0.05,False,,,0.00012631264689844102,0.00012676088372241001,False,True,True,True
2026-08-16 07:58:27,full_ctta,toothbrush,monitor,C:/cira_batch_test/toothbrush/bad_20.png,bad_20.png,anomaly,True,0.3273281157016754,0.3273281157016754,0.0701888715806552,0.0701888715806552,0.0501871842890978,False,False,9604,False,,False,0.0,cpu,patch_nearest_normal,last2,14,0.05,False,,,0.0001317643909715116,0.00012676088372241001,False,False,True,True
2026-08-16 07:58:28,full_ctta,toothbrush,monitor,C:/cira_batch_test/toothbrush/good_19.png,good_19.png,normal,False,0.01863587461411953,2.8014181907565217e-07,0.0701888715806552,0.0701888715806552,0.0501871842890978,False,True,9800,True,0.00011865711712744087,True,0.0027231667190790176,cpu,patch_nearest_normal,last2,14,0.05,False,,,0.00011064152204198763,0.00012676088372241001,True,True,True,True
2026-08-16 07:58:30,full_ctta,toothbrush,monitor,C:/cira_batch_test/toothbrush/bad_3.png,bad_3.png,anomaly,True,0.136039599776268,0.136039599776268,0.0701888715806552,0.0701888715806552,0.0501871842890978,False,False,9800,False,,False,0.0,cpu,patch_nearest_normal,last2,14,0.05,False,,,0.00011267147056059912,0.00012676088372241001,False,True,True,True
2026-08-16 07:58:31,full_ctta,toothbrush,monitor,C:/cira_batch_test/toothbrush/bad_7.png,bad_7.png,anomaly,True,0.1372002512216568,0.1372002512216568,0.0701888715806552,0.0701888715806552,0.0501871842890978,False,False,9800,False,,False,0.0,cpu,patch_nearest_normal,last2,14,0.05,False,,,0.00012028686614939943,0.00012676088372241001,False,True,True,True
2026-08-16 07:58:33,full_ctta,toothbrush,monitor,C:/cira_batch_test/toothbrush/bad_15.png,bad_15.png,normal,False,0.06442737579345703,0.06442737579345703,0.0701888715806552,0.0701888715806552,0.0501871842890978,False,False,9800,False,,False,0.0,cpu,patch_nearest_normal,last2,14,0.05,False,,,0.00012635426537599415,0.00012676088372241001,False,True,True,True
2026-08-16 07:58:34,full_ctta,toothbrush,monitor,C:/cira_batch_test/toothbrush/good_5.png,good_5.png,normal,False,0.01836799457669258,3.2782554626464844e-07,0.0701888715806552,0.0701888715806552,0.0501871842890978,False,True,9996,True,0.00012173315917607397,True,0.002665678272023797,cpu,patch_nearest_normal,last2,14,0.05,False,,,0.00010809313971549273,0.00012676088372241001,True,True,True,True
2026-08-16 07:58:36,full_ctta,toothbrush,monitor,C:/cira_batch_test/toothbrush/good_14.png,good_14.png,normal,False,0.06926672160625458,0.06926672160625458,0.0701888715806552,0.0701888715806552,0.0501871842890978,False,False,9996,False,,False,0.0,cpu,patch_nearest_normal,last2,14,0.05,False,,,0.00011595718387980014,0.00012676088372241001,False,True,True,True
2026-08-16 07:58:37,full_ctta,toothbrush,monitor,C:/cira_batch_test/toothbrush/bad_4.png,bad_4.png,anomaly,True,0.07361208647489548,0.07361208647489548,0.0701888715806552,0.0701888715806552,0.0501871842890978,False,False,9996,False,,False,0.0,cpu,patch_nearest_normal,last2,14,0.05,False,,,0.00010748906061053276,0.00012676088372241001,False,True,True,True
2026-08-16 07:58:39,full_ctta,toothbrush,monitor,C:/cira_batch_test/toothbrush/good_20.png,good_20.png,normal,False,0.01838749647140503,2.8610230629055877e-07,0.0701888715806552,0.0701888715806552,0.0501871842890978,False,True,10192,True,0.00012364512076601386,True,0.0026117952074855566,cpu,patch_nearest_normal,last2,14,0.05,False,,,0.00010963394743157551,0.00012676088372241001,True,True,True,True
2026-08-16 07:58:41,full_ctta,toothbrush,monitor,C:/cira_batch_test/toothbrush/good_13.png,good_13.png,normal,False,0.056351445615291595,0.056351445615291595,0.0701888715806552,0.0701888715806552,0.0501871842890978,False,False,10192,False,,False,0.0,cpu,patch_nearest_normal,last2,14,0.05,False,,,0.0001189971444546245,0.00012676088372241001,False,True,True,True
2026-08-16 07:58:42,full_ctta,toothbrush,monitor,C:/cira_batch_test/toothbrush/good_15.png,good_15.png,normal,False,0.04876761510968208,3.039836826701503e-07,0.0701888715806552,0.0701888715806552,0.0501871842890978,False,True,10388,True,0.0001209670735988766,True,0.002582692075520754,cpu,patch_nearest_normal,last2,14,0.05,False,,,0.00010801199823617935,0.00012676088372241001,True,True,True,True
2026-08-16 07:58:44,full_ctta,toothbrush,monitor,C:/cira_batch_test/toothbrush/good_6.png,good_6.png,normal,False,0.04415639489889145,2.682209014892578e-07,0.0701888715806552,0.0701888715806552,0.0501871842890978,False,True,10584,True,0.00012128699745517224,True,0.002567809773609042,cpu,patch_nearest_normal,last2,14,0.05,False,,,0.00011358600022504106,0.00012676088372241001,True,True,True,True
2026-08-16 07:58:46,full_ctta,toothbrush,monitor,C:/cira_batch_test/toothbrush/good_4.png,good_4.png,normal,False,0.045207105576992035,3.099441414633475e-07,0.0701888715806552,0.0701888715806552,0.0501871842890978,False,True,10780,True,0.00011844026448670775,True,0.002548155141994357,cpu,patch_nearest_normal,last2,14,0.05,False,,,0.00011259882739977911,0.00012676088372241001,True,True,True,True
2026-08-16 07:58:47,full_ctta,toothbrush,monitor,C:/cira_batch_test/toothbrush/bad_16.png,bad_16.png,anomaly,True,0.34734421968460083,0.34734421968460083,0.0701888715806552,0.0701888715806552,0.0501871842890978,False,False,10780,False,,False,0.0,cpu,patch_nearest_normal,last2,14,0.05,False,,,0.00011570929200388491,0.00012676088372241001,False,True,True,True
2026-08-16 07:58:49,full_ctta,toothbrush,monitor,C:/cira_batch_test/toothbrush/good_10.png,good_10.png,anomaly,True,0.07399251312017441,0.07399251312017441,0.0701888715806552,0.0701888715806552,0.0501871842890978,False,False,10780,False,,False,0.0,cpu,patch_nearest_normal,last2,14,0.05,False,,,0.0001351900864392519,0.00012676088372241001,False,False,True,True
2026-08-16 07:58:50,full_ctta,toothbrush,monitor,C:/cira_batch_test/toothbrush/bad_18.png,bad_18.png,anomaly,True,0.26972994208335876,0.26972994208335876,0.0701888715806552,0.0701888715806552,0.0501871842890978,False,False,10780,False,,False,0.0,cpu,patch_nearest_normal,last2,14,0.05,False,,,0.00010696617391658947,0.00012676088372241001,False,True,True,True
2026-08-16 07:58:52,full_ctta,toothbrush,monitor,C:/cira_batch_test/toothbrush/good_3.png,good_3.png,normal,False,0.03648952767252922,3.2186508747145126e-07,0.0701888715806552,0.0701888715806552,0.0501871842890978,False,True,10976,True,0.00012838828843086958,True,0.0025429860688745975,cpu,patch_nearest_normal,last2,14,0.05,False,,,0.00011631246889010072,0.00012676088372241001,True,True,True,True
2026-08-16 07:58:53,full_ctta,toothbrush,monitor,C:/cira_batch_test/toothbrush/bad_14.png,bad_14.png,anomaly,True,0.2530357837677002,0.2530357837677002,0.0701888715806552,0.0701888715806552,0.0501871842890978,False,False,10976,False,,False,0.0,cpu,patch_nearest_normal,last2,14,0.05,False,,,0.00011460588575573638,0.00012676088372241001,False,True,True,True
2026-08-16 07:58:55,full_ctta,toothbrush,monitor,C:/cira_batch_test/toothbrush/bad_6.png,bad_6.png,normal,False,0.05260647460818291,0.05260647460818291,0.0701888715806552,0.0701888715806552,0.0501871842890978,False,False,10976,False,,False,0.0,cpu,patch_nearest_normal,last2,14,0.05,False,,,0.00012346847506705672,0.00012676088372241001,False,True,True,True
2026-08-16 07:58:56,full_ctta,toothbrush,monitor,C:/cira_batch_test/toothbrush/bad_8.png,bad_8.png,anomaly,True,0.3499983251094818,0.3499983251094818,0.0701888715806552,0.0701888715806552,0.0501871842890978,False,False,10976,False,,False,0.0,cpu,patch_nearest_normal,last2,14,0.05,False,,,0.00012422252621036023,0.00012676088372241001,False,True,True,True
2026-08-16 07:58:58,full_ctta,toothbrush,monitor,C:/cira_batch_test/toothbrush/bad_11.png,bad_11.png,anomaly,True,0.27785396575927734,0.27785396575927734,0.0701888715806552,0.0701888715806552,0.0501871842890978,False,False,10976,False,,False,0.0,cpu,patch_nearest_normal,last2,14,0.05,False,,,0.00010913918231381103,0.00012676088372241001,False,True,True,True
2026-08-16 07:58:59,full_ctta,toothbrush,monitor,C:/cira_batch_test/toothbrush/bad_9.png,bad_9.png,normal,False,0.04640786722302437,3.2782554626464844e-07,0.0701888715806552,0.0701888715806552,0.0501871842890978,False,True,11172,True,0.00012145114305894822,True,0.002531699137762189,cpu,patch_nearest_normal,last2,14,0.05,False,,,0.00011225900379940867,0.00012676088372241001,True,True,True,True
2026-08-16 07:59:01,full_ctta,toothbrush,monitor,C:/cira_batch_test/toothbrush/bad_5.png,bad_5.png,normal,False,0.055273525416851044,0.055273525416851044,0.0701888715806552,0.0701888715806552,0.0501871842890978,False,False,11172,False,,False,0.0,cpu,patch_nearest_normal,last2,14,0.05,False,,,0.00011789350537583232,0.00012676088372241001,False,True,True,True
2026-08-16 07:59:02,full_ctta,toothbrush,monitor,C:/cira_batch_test/toothbrush/good_9.png,good_9.png,normal,False,0.04303732514381409,2.980232238769531e-07,0.0701888715806552,0.0701888715806552,0.0501871842890978,False,True,11368,True,0.00013137921632733196,True,0.002528528682887554,cpu,patch_nearest_normal,last2,14,0.05,True,C:\cira_ttl_checkpoints\toothbrush\patch_memory_bank_update_10.pt,C:\cira_ttl_checkpoints\toothbrush\patch_adapter_update_10.pt,0.00010955811740132049,0.00012676088372241001,True,True,True,True
2026-08-16 07:59:04,full_ctta,toothbrush,monitor,C:/cira_batch_test/toothbrush/good_2.png,good_2.png,normal,False,0.04843403771519661,2.5629998390286346e-07,0.0701888715806552,0.0701888715806552,0.0501871842890978,False,True,11564,True,0.00011605151667026803,True,0.002520297421142459,cpu,patch_nearest_normal,last2,14,0.05,False,,,0.00010668824688764289,0.00012676088372241001,True,True,True,True
2026-08-16 07:59:06,full_ctta,toothbrush,monitor,C:/cira_batch_test/toothbrush/bad_2.png,bad_2.png,normal,False,0.06466182321310043,0.06466182321310043,0.0701888715806552,0.0701888715806552,0.0501871842890978,False,False,11564,False,,False,0.0,cpu,patch_nearest_normal,last2,14,0.05,False,,,0.00011354986781952903,0.00012676088372241001,False,True,True,True
2026-08-16 07:59:07,full_ctta,toothbrush,monitor,C:/cira_batch_test/toothbrush/bad_17.png,bad_17.png,anomaly,True,0.26248830556869507,0.26248830556869507,0.0701888715806552,0.0701888715806552,0.0501871842890978,False,False,11564,False,,False,0.0,cpu,patch_nearest_normal,last2,14,0.05,False,,,0.00011985145829385146,0.00012676088372241001,False,True,True,True
2026-08-16 07:59:09,full_ctta,toothbrush,monitor,C:/cira_batch_test/toothbrush/bad_1.png,bad_1.png,anomaly,True,0.29108649492263794,0.29108649492263794,0.0701888715806552,0.0701888715806552,0.0501871842890978,False,False,11564,False,,False,0.0,cpu,patch_nearest_normal,last2,14,0.05,False,,,0.00011222402099519968,0.00012676088372241001,False,True,True,True
2026-08-16 07:59:10,full_ctta,toothbrush,monitor,C:/cira_batch_test/toothbrush/good_12.png,good_12.png,normal,False,0.05971889570355415,0.05971889570355415,0.0701888715806552,0.0701888715806552,0.0501871842890978,False,False,11564,False,,False,0.0,cpu,patch_nearest_normal,last2,14,0.05,False,,,0.00011799816275015473,0.00012676088372241001,False,True,True,True
2026-08-16 07:59:12,full_ctta,toothbrush,monitor,C:/cira_batch_test/toothbrush/good_18.png,good_18.png,normal,False,0.03214322403073311,3.2186508747145126e-07,0.0701888715806552,0.0701888715806552,0.0501871842890978,False,True,11760,True,0.000122716577607207,True,0.002528154058381915,cpu,patch_nearest_normal,last2,14,0.05,False,,,0.00010628867312334478,0.00012676088372241001,True,True,True,True
2026-08-16 07:59:13,full_ctta,toothbrush,monitor,C:/cira_batch_test/toothbrush/good_17.png,good_17.png,normal,False,0.01957768201828003,2.980232238769531e-07,0.0701888715806552,0.0701888715806552,0.0501871842890978,False,True,11956,True,0.00012495918781496584,True,0.0025336246471852064,cpu,patch_nearest_normal,last2,14,0.05,False,,,0.00011699466267600656,0.00012676088372241001,True,True,True,True
2026-08-16 07:59:15,full_ctta,toothbrush,monitor,C:/cira_batch_test/toothbrush/bad_19.png,bad_19.png,anomaly,True,0.07811358571052551,0.07811358571052551,0.0701888715806552,0.0701888715806552,0.0501871842890978,False,False,11956,False,,False,0.0,cpu,patch_nearest_normal,last2,14,0.05,False,,,0.00011919016833417118,0.00012676088372241001,False,True,True,True
2026-08-16 07:59:17,full_ctta,toothbrush,monitor,C:/cira_batch_test/toothbrush/good_1.png,good_1.png,normal,False,0.04124690219759941,3.516674098591466e-07,0.0701888715806552,0.0701888715806552,0.0501871842890978,False,True,12152,True,0.00012307983706705272,True,0.002534204861149192,cpu,patch_nearest_normal,last2,14,0.05,False,,,0.00011416843335609883,0.00012676088372241001,True,True,True,True
2026-08-16 07:59:18,full_ctta,transistor,monitor,C:/cira_batch_test/transistor/bad_10.png,bad_10.png,anomaly,True,0.1326681673526764,0.1326681673526764,0.08374595860198465,0.08374595860198465,0.075458013266325,False,False,16000,False,,False,0.0,cpu,patch_nearest_normal,last2,14,0.05,False,,,0.00015888456255197525,0.000183458399987945,False,True,True,True
2026-08-16 07:59:20,full_ctta,transistor,monitor,C:/cira_batch_test/transistor/good_16.png,good_16.png,normal,False,0.0755409374833107,0.0755409374833107,0.08374595860198465,0.08374595860198465,0.075458013266325,False,False,16000,False,,False,0.0,cpu,patch_nearest_normal,last2,14,0.05,False,,,0.0002014573838096112,0.000183458399987945,False,False,True,True
2026-08-16 07:59:21,full_ctta,transistor,monitor,C:/cira_batch_test/transistor/bad_12.png,bad_12.png,anomaly,True,0.25258898735046387,0.25258898735046387,0.08374595860198465,0.08374595860198465,0.075458013266325,False,False,16000,False,,False,0.0,cpu,patch_nearest_normal,last2,14,0.05,False,,,0.00015100635937415063,0.000183458399987945,False,True,True,True
2026-08-16 07:59:23,full_ctta,transistor,monitor,C:/cira_batch_test/transistor/good_11.png,good_11.png,normal,False,0.06767061352729797,2.9206276508375595e-07,0.08374595860198465,0.08374595860198465,0.075458013266325,False,True,16000,True,0.00019688913016580045,True,0.0030323758255690336,cpu,patch_nearest_normal,last2,14,0.05,False,,,0.0001821509940782562,0.000183458399987945,True,True,True,True
2026-08-16 07:59:24,full_ctta,transistor,monitor,C:/cira_batch_test/transistor/bad_13.png,bad_13.png,anomaly,True,0.10941020399332047,0.10941020399332047,0.08374595860198465,0.08374595860198465,0.075458013266325,False,False,16000,False,,False,0.0,cpu,patch_nearest_normal,last2,14,0.05,False,,,0.00017866829875856638,0.000183458399987945,False,True,True,True
2026-08-16 07:59:26,full_ctta,transistor,monitor,C:/cira_batch_test/transistor/good_7.png,good_7.png,normal,False,0.0731160119175911,2.980232238769531e-07,0.08374595860198465,0.08374595860198465,0.075458013266325,False,True,16000,True,0.0001891142746899277,True,0.002726058941334486,cpu,patch_nearest_normal,last2,14,0.05,False,,,0.00018049161008093506,0.000183458399987945,True,True,True,True
2026-08-16 07:59:28,full_ctta,transistor,monitor,C:/cira_batch_test/transistor/good_8.png,good_8.png,normal,False,0.05791156366467476,2.74181360282455e-07,0.08374595860198465,0.08374595860198465,0.075458013266325,False,True,16000,True,0.00019175952184014022,True,0.0026473558973520994,cpu,patch_nearest_normal,last2,14,0.05,False,,,0.00016921460337471217,0.000183458399987945,True,True,True,True
2026-08-16 07:59:29,full_ctta,transistor,monitor,C:/cira_batch_test/transistor/bad_20.png,bad_20.png,anomaly,True,0.29233551025390625,0.29233551025390625,0.08374595860198465,0.08374595860198465,0.075458013266325,False,False,16000,False,,False,0.0,cpu,patch_nearest_normal,last2,14,0.05,False,,,0.0001913653832161799,0.000183458399987945,False,False,True,True
2026-08-16 07:59:31,full_ctta,transistor,monitor,C:/cira_batch_test/transistor/good_19.png,good_19.png,normal,False,0.07870837301015854,0.07870837301015854,0.08374595860198465,0.08374595860198465,0.075458013266325,False,False,16000,False,,False,0.0,cpu,patch_nearest_normal,last2,14,0.05,False,,,0.00016595977649558336,0.000183458399987945,False,True,True,True
2026-08-16 07:59:32,full_ctta,transistor,monitor,C:/cira_batch_test/transistor/bad_3.png,bad_3.png,anomaly,True,0.10230730473995209,0.10230730473995209,0.08374595860198465,0.08374595860198465,0.075458013266325,False,False,16000,False,,False,0.0,cpu,patch_nearest_normal,last2,14,0.05,False,,,0.0001699099811958149,0.000183458399987945,False,True,True,True
2026-08-16 07:59:34,full_ctta,transistor,monitor,C:/cira_batch_test/transistor/bad_7.png,bad_7.png,anomaly,True,0.131989985704422,0.131989985704422,0.08374595860198465,0.08374595860198465,0.075458013266325,False,False,16000,False,,False,0.0,cpu,patch_nearest_normal,last2,14,0.05,False,,,0.000186655975994654,0.000183458399987945,False,False,True,True
2026-08-16 07:59:35,full_ctta,transistor,monitor,C:/cira_batch_test/transistor/bad_15.png,bad_15.png,anomaly,True,0.09700523316860199,0.09700523316860199,0.08374595860198465,0.08374595860198465,0.075458013266325,False,False,16000,False,,False,0.0,cpu,patch_nearest_normal,last2,14,0.05,False,,,0.00016382220201194286,0.000183458399987945,False,True,True,True
2026-08-16 07:59:37,full_ctta,transistor,monitor,C:/cira_batch_test/transistor/good_5.png,good_5.png,normal,False,0.0675039142370224,0.0675039142370224,0.08374595860198465,0.08374595860198465,0.075458013266325,False,False,16000,False,,False,0.0,cpu,patch_nearest_normal,last2,14,0.05,False,,,0.00018601567717269063,0.000183458399987945,True,False,True,True
2026-08-16 07:59:39,full_ctta,transistor,monitor,C:/cira_batch_test/transistor/good_14.png,good_14.png,normal,False,0.06412556767463684,2.5629998390286346e-07,0.08374595860198465,0.08374595860198465,0.075458013266325,False,True,16000,True,0.0001834272115956992,True,0.0026202823501080275,cpu,patch_nearest_normal,last2,14,0.05,False,,,0.00017770683916751295,0.000183458399987945,True,True,True,True
2026-08-16 07:59:40,full_ctta,transistor,monitor,C:/cira_batch_test/transistor/bad_4.png,bad_4.png,anomaly,True,0.09117929637432098,0.09117929637432098,0.08374595860198465,0.08374595860198465,0.075458013266325,False,False,16000,False,,False,0.0,cpu,patch_nearest_normal,last2,14,0.05,False,,,0.00013008379028178751,0.000183458399987945,False,True,True,True
2026-08-16 07:59:42,full_ctta,transistor,monitor,C:/cira_batch_test/transistor/good_20.png,good_20.png,normal,False,0.07156769931316376,2.5629998390286346e-07,0.08374595860198465,0.08374595860198465,0.075458013266325,False,True,16000,True,0.0001901479554362595,True,0.00260765478014946,cpu,patch_nearest_normal,last2,14,0.05,False,,,0.00017850739823188633,0.000183458399987945,True,True,True,True
2026-08-16 07:59:44,full_ctta,transistor,monitor,C:/cira_batch_test/transistor/good_13.png,good_13.png,normal,False,0.05719635635614395,2.6226044269606064e-07,0.08374595860198465,0.08374595860198465,0.075458013266325,False,True,16000,True,0.00018965070194099098,True,0.0025991969741880894,cpu,patch_nearest_normal,last2,14,0.05,False,,,0.00016842718468979,0.000183458399987945,True,True,True,True
2026-08-16 07:59:46,full_ctta,transistor,monitor,C:/cira_batch_test/transistor/good_15.png,good_15.png,normal,False,0.07147876918315887,2.8014181907565217e-07,0.08374595860198465,0.08374595860198465,0.075458013266325,False,True,16000,True,0.00020051591855008155,True,0.0025974877644330263,cpu,patch_nearest_normal,last2,14,0.05,False,,,0.00016314833192154765,0.000183458399987945,True,True,True,True
2026-08-16 07:59:47,full_ctta,transistor,monitor,C:/cira_batch_test/transistor/good_6.png,good_6.png,normal,False,0.06375802308320999,3.099441414633475e-07,0.08374595860198465,0.08374595860198465,0.075458013266325,False,True,16000,True,0.00018725590780377388,True,0.002580482279881835,cpu,patch_nearest_normal,last2,14,0.05,False,,,0.00016269483603537083,0.000183458399987945,True,True,True,True
2026-08-16 07:59:49,full_ctta,transistor,monitor,C:/cira_batch_test/transistor/good_4.png,good_4.png,normal,False,0.055086128413677216,3.2186508747145126e-07,0.08374595860198465,0.08374595860198465,0.075458013266325,False,True,16000,True,0.00019609805895015597,True,0.002566888462752104,cpu,patch_nearest_normal,last2,14,0.05,False,,,0.00016730088100302964,0.000183458399987945,True,True,True,True
2026-08-16 07:59:51,full_ctta,transistor,monitor,C:/cira_batch_test/transistor/bad_16.png,bad_16.png,anomaly,True,0.17842979729175568,0.17842979729175568,0.08374595860198465,0.08374595860198465,0.075458013266325,False,False,16000,False,,False,0.0,cpu,patch_nearest_normal,last2,14,0.05,False,,,0.00017246638890355825,0.000183458399987945,False,True,True,True
2026-08-16 07:59:52,full_ctta,transistor,monitor,C:/cira_batch_test/transistor/good_10.png,good_10.png,normal,False,0.06261976063251495,2.8014181907565217e-07,0.08374595860198465,0.08374595860198465,0.075458013266325,False,True,16000,True,0.00019006486400030553,True,0.002554012928158045,cpu,patch_nearest_normal,last2,14,0.05,True,C:\cira_ttl_checkpoints\transistor\patch_memory_bank_update_10.pt,C:\cira_ttl_checkpoints\transistor\patch_adapter_update_10.pt,0.0001629860926186666,0.000183458399987945,True,True,True,True
2026-08-16 07:59:54,full_ctta,transistor,monitor,C:/cira_batch_test/transistor/bad_18.png,bad_18.png,anomaly,True,0.14659802615642548,0.14659802615642548,0.08374595860198465,0.08374595860198465,0.075458013266325,False,False,16000,False,,False,0.0,cpu,patch_nearest_normal,last2,14,0.05,False,,,0.0001692386285867542,0.000183458399987945,False,True,True,True
2026-08-16 07:59:55,full_ctta,transistor,monitor,C:/cira_batch_test/transistor/good_3.png,good_3.png,normal,False,0.08229359984397888,0.08229359984397888,0.08374595860198465,0.08374595860198465,0.075458013266325,False,False,16000,False,,False,0.0,cpu,patch_nearest_normal,last2,14,0.05,False,,,0.00016571911692153662,0.000183458399987945,False,True,True,True
2026-08-16 07:59:59,full_ctta,transistor,monitor,C:/cira_batch_test/transistor/bad_14.png,bad_14.png,anomaly,True,0.10331883281469345,0.10331883281469345,0.08374595860198465,0.08374595860198465,0.075458013266325,False,False,16000,False,,False,0.0,cpu,patch_nearest_normal,last2,14,0.05,False,,,0.00016612900071777403,0.000183458399987945,False,True,True,True
2026-08-16 08:00:00,full_ctta,transistor,monitor,C:/cira_batch_test/transistor/bad_6.png,bad_6.png,anomaly,True,0.08384428918361664,0.08384428918361664,0.08374595860198465,0.08374595860198465,0.075458013266325,False,False,16000,False,,False,0.0,cpu,patch_nearest_normal,last2,14,0.05,False,,,0.00015607105160597712,0.000183458399987945,False,True,True,True
2026-08-16 08:00:02,full_ctta,transistor,monitor,C:/cira_batch_test/transistor/bad_8.png,bad_8.png,anomaly,True,0.16328288614749908,0.16328288614749908,0.08374595860198465,0.08374595860198465,0.075458013266325,False,False,16000,False,,False,0.0,cpu,patch_nearest_normal,last2,14,0.05,False,,,0.00015401664131786674,0.000183458399987945,False,True,True,True
2026-08-16 08:00:04,full_ctta,transistor,monitor,C:/cira_batch_test/transistor/bad_11.png,bad_11.png,normal,False,0.0752369686961174,2.6226044269606064e-07,0.08374595860198465,0.08374595860198465,0.075458013266325,False,True,16000,True,0.00019426656945142895,True,0.002540224464610219,cpu,patch_nearest_normal,last2,14,0.05,False,,,0.0001774134871084243,0.000183458399987945,True,True,True,True
2026-08-16 08:00:05,full_ctta,transistor,monitor,C:/cira_batch_test/transistor/bad_9.png,bad_9.png,anomaly,True,0.1278453767299652,0.1278453767299652,0.08374595860198465,0.08374595860198465,0.075458013266325,False,False,16000,False,,False,0.0,cpu,patch_nearest_normal,last2,14,0.05,False,,,0.0001674062223173678,0.000183458399987945,False,True,True,True
2026-08-16 08:00:07,full_ctta,transistor,monitor,C:/cira_batch_test/transistor/bad_5.png,bad_5.png,anomaly,True,0.10969595611095428,0.10969595611095428,0.08374595860198465,0.08374595860198465,0.075458013266325,False,False,16000,False,,False,0.0,cpu,patch_nearest_normal,last2,14,0.05,False,,,0.00018212164286524057,0.000183458399987945,False,True,True,True
2026-08-16 08:00:08,full_ctta,transistor,monitor,C:/cira_batch_test/transistor/good_9.png,good_9.png,normal,False,0.06715622544288635,0.06715622544288635,0.08374595860198465,0.08374595860198465,0.075458013266325,False,False,16000,False,,False,0.0,cpu,patch_nearest_normal,last2,14,0.05,False,,,0.00019221080583520234,0.000183458399987945,True,False,True,True
2026-08-16 08:00:10,full_ctta,transistor,monitor,C:/cira_batch_test/transistor/good_2.png,good_2.png,normal,False,0.08272545039653778,0.08272545039653778,0.08374595860198465,0.08374595860198465,0.075458013266325,False,False,16000,False,,False,0.0,cpu,patch_nearest_normal,last2,14,0.05,False,,,0.00016458718164358288,0.000183458399987945,False,True,True,True
2026-08-16 08:00:11,full_ctta,transistor,monitor,C:/cira_batch_test/transistor/bad_2.png,bad_2.png,anomaly,True,0.20378923416137695,0.20378923416137695,0.08374595860198465,0.08374595860198465,0.075458013266325,False,False,16000,False,,False,0.0,cpu,patch_nearest_normal,last2,14,0.05,False,,,0.00017480597307439893,0.000183458399987945,False,True,True,True
2026-08-16 08:00:13,full_ctta,transistor,monitor,C:/cira_batch_test/transistor/bad_17.png,bad_17.png,anomaly,True,0.20292475819587708,0.20292475819587708,0.08374595860198465,0.08374595860198465,0.075458013266325,False,False,16000,False,,False,0.0,cpu,patch_nearest_normal,last2,14,0.05,False,,,0.00016754213720560074,0.000183458399987945,False,True,True,True
2026-08-16 08:00:14,full_ctta,transistor,monitor,C:/cira_batch_test/transistor/bad_1.png,bad_1.png,anomaly,True,0.12210269272327423,0.12210269272327423,0.08374595860198465,0.08374595860198465,0.075458013266325,False,False,16000,False,,False,0.0,cpu,patch_nearest_normal,last2,14,0.05,False,,,0.0001682624133536592,0.000183458399987945,False,True,True,True
2026-08-16 08:00:16,full_ctta,transistor,monitor,C:/cira_batch_test/transistor/good_12.png,good_12.png,normal,False,0.05363821983337402,0.05363821983337402,0.08374595860198465,0.08374595860198465,0.075458013266325,False,False,16000,False,,False,0.0,cpu,patch_nearest_normal,last2,14,0.05,False,,,0.00019276687817182392,0.000183458399987945,True,False,True,True
2026-08-16 08:00:18,full_ctta,transistor,monitor,C:/cira_batch_test/transistor/good_18.png,good_18.png,normal,False,0.06406848132610321,3.099441414633475e-07,0.08374595860198465,0.08374595860198465,0.075458013266325,False,True,16000,True,0.0001907534897327423,True,0.002546057105064392,cpu,patch_nearest_normal,last2,14,0.05,False,,,0.00016213431081268936,0.000183458399987945,True,True,True,True
2026-08-16 08:00:19,full_ctta,transistor,monitor,C:/cira_batch_test/transistor/good_17.png,good_17.png,normal,False,0.05084528774023056,2.5629998390286346e-07,0.08374595860198465,0.08374595860198465,0.075458013266325,False,True,16000,True,0.0001853038847912103,True,0.002538031432777643,cpu,patch_nearest_normal,last2,14,0.05,False,,,0.00017474006745032966,0.000183458399987945,True,True,True,True
2026-08-16 08:00:21,full_ctta,transistor,monitor,C:/cira_batch_test/transistor/bad_19.png,bad_19.png,anomaly,True,0.09827874600887299,0.09827874600887299,0.08374595860198465,0.08374595860198465,0.075458013266325,False,False,16000,False,,False,0.0,cpu,patch_nearest_normal,last2,14,0.05,False,,,0.00016687730385456234,0.000183458399987945,False,True,True,True
2026-08-16 08:00:23,full_ctta,transistor,monitor,C:/cira_batch_test/transistor/good_1.png,good_1.png,normal,False,0.055793922394514084,2.5629998390286346e-07,0.08374595860198465,0.08374595860198465,0.075458013266325,False,True,16000,True,0.00018948031356558204,True,0.002524755895137787,cpu,patch_nearest_normal,last2,14,0.05,False,,,0.0001643419818719849,0.000183458399987945,True,True,True,True
2026-08-16 08:00:24,full_ctta,wood,monitor,C:/cira_batch_test/wood/bad_10.png,bad_10.png,anomaly,True,0.2777043879032135,0.2777043879032135,0.04761727861349719,0.04761727861349719,0.037343646213412296,False,False,16000,False,,False,0.0,cpu,patch_nearest_normal,last2,14,0.05,False,,,7.52490377635695e-05,0.00010775983100752,False,True,True,True
2026-08-16 08:00:26,full_ctta,wood,monitor,C:/cira_batch_test/wood/good_16.png,good_16.png,normal,False,0.036928534507751465,2.980232238769531e-07,0.04761727861349719,0.04761727861349719,0.037343646213412296,False,True,16000,True,0.00011739598267013207,True,0.002977558644488454,cpu,patch_nearest_normal,last2,14,0.05,False,,,0.00010371422831667587,0.00010775983100752,True,True,True,True
2026-08-16 08:00:27,full_ctta,wood,monitor,C:/cira_batch_test/wood/bad_12.png,bad_12.png,anomaly,True,0.18329650163650513,0.18329650163650513,0.04761727861349719,0.04761727861349719,0.037343646213412296,False,False,16000,False,,False,0.0,cpu,patch_nearest_normal,last2,14,0.05,False,,,0.00013163969560991973,0.00010775983100752,False,False,True,True
2026-08-16 08:00:29,full_ctta,wood,monitor,C:/cira_batch_test/wood/good_11.png,good_11.png,normal,False,0.03607228398323059,2.980232238769531e-07,0.04761727861349719,0.04761727861349719,0.037343646213412296,False,True,16000,True,0.0001161074687843211,True,0.0024987354408949614,cpu,patch_nearest_normal,last2,14,0.05,False,,,0.00010134724288946018,0.00010775983100752,True,True,True,True
2026-08-16 08:00:31,full_ctta,wood,monitor,C:/cira_batch_test/wood/bad_13.png,bad_13.png,anomaly,True,0.3155031204223633,0.3155031204223633,0.04761727861349719,0.04761727861349719,0.037343646213412296,False,False,16000,False,,False,0.0,cpu,patch_nearest_normal,last2,14,0.05,False,,,9.363079152535647e-05,0.00010775983100752,False,True,True,True
2026-08-16 08:00:32,full_ctta,wood,monitor,C:/cira_batch_test/wood/good_7.png,good_7.png,normal,False,0.021535277366638184,2.5629998390286346e-07,0.04761727861349719,0.04761727861349719,0.037343646213412296,False,True,16000,True,9.31041722651571e-05,True,0.0024271600414067507,cpu,patch_nearest_normal,last2,14,0.05,False,,,8.671482646605e-05,0.00010775983100752,True,True,True,True
2026-08-16 08:00:34,full_ctta,wood,monitor,C:/cira_batch_test/wood/good_8.png,good_8.png,normal,False,0.034484975039958954,0.034484975039958954,0.04761727861349719,0.04761727861349719,0.037343646213412296,False,False,16000,False,,False,0.0,cpu,patch_nearest_normal,last2,14,0.05,False,,,0.00012282367970328778,0.00010775983100752,True,False,True,True
2026-08-16 08:00:35,full_ctta,wood,monitor,C:/cira_batch_test/wood/bad_20.png,bad_20.png,anomaly,True,0.17049285769462585,0.17049285769462585,0.04761727861349719,0.04761727861349719,0.037343646213412296,False,False,16000,False,,False,0.0,cpu,patch_nearest_normal,last2,14,0.05,False,,,9.848031186265871e-05,0.00010775983100752,False,True,True,True
2026-08-16 08:00:37,full_ctta,wood,monitor,C:/cira_batch_test/wood/good_19.png,good_19.png,anomaly,True,0.050388745963573456,0.050388745963573456,0.04761727861349719,0.04761727861349719,0.037343646213412296,False,False,16000,False,,False,0.0,cpu,patch_nearest_normal,last2,14,0.05,False,,,8.886050636647269e-05,0.00010775983100752,False,True,True,True
2026-08-16 08:00:38,full_ctta,wood,monitor,C:/cira_batch_test/wood/bad_3.png,bad_3.png,anomaly,True,0.2539534568786621,0.2539534568786621,0.04761727861349719,0.04761727861349719,0.037343646213412296,False,False,16000,False,,False,0.0,cpu,patch_nearest_normal,last2,14,0.05,False,,,0.00015611128765158355,0.00010775983100752,False,False,True,True
2026-08-16 08:00:40,full_ctta,wood,monitor,C:/cira_batch_test/wood/bad_7.png,bad_7.png,anomaly,True,0.09833620488643646,0.09833620488643646,0.04761727861349719,0.04761727861349719,0.037343646213412296,False,False,16000,False,,False,0.0,cpu,patch_nearest_normal,last2,14,0.05,False,,,9.557428711559623e-05,0.00010775983100752,False,True,True,True
2026-08-16 08:00:41,full_ctta,wood,monitor,C:/cira_batch_test/wood/bad_15.png,bad_15.png,anomaly,True,0.21480564773082733,0.21480564773082733,0.04761727861349719,0.04761727861349719,0.037343646213412296,False,False,16000,False,,False,0.0,cpu,patch_nearest_normal,last2,14,0.05,False,,,9.941676398739219e-05,0.00010775983100752,False,True,True,True
2026-08-16 08:00:43,full_ctta,wood,monitor,C:/cira_batch_test/wood/good_5.png,good_5.png,normal,False,0.021068036556243896,3.755092734536447e-07,0.04761727861349719,0.04761727861349719,0.037343646213412296,False,True,16000,True,8.173259993782267e-05,True,0.002407622989267111,cpu,patch_nearest_normal,last2,14,0.05,False,,,7.887143874540925e-05,0.00010775983100752,True,True,True,True
2026-08-16 08:00:45,full_ctta,wood,monitor,C:/cira_batch_test/wood/good_14.png,good_14.png,normal,False,0.030053740367293358,0.030053740367293358,0.04761727861349719,0.04761727861349719,0.037343646213412296,False,False,16000,False,,False,0.0,cpu,patch_nearest_normal,last2,14,0.05,False,,,0.0001153846678789705,0.00010775983100752,True,False,True,True
2026-08-16 08:00:46,full_ctta,wood,monitor,C:/cira_batch_test/wood/bad_4.png,bad_4.png,anomaly,True,0.34897464513778687,0.34897464513778687,0.04761727861349719,0.04761727861349719,0.037343646213412296,False,False,16000,False,,False,0.0,cpu,patch_nearest_normal,last2,14,0.05,False,,,9.285289706895128e-05,0.00010775983100752,False,True,True,True
2026-08-16 08:00:48,full_ctta,wood,monitor,C:/cira_batch_test/wood/good_20.png,good_20.png,normal,False,0.02565932832658291,2.682209014892578e-07,0.04761727861349719,0.04761727861349719,0.037343646213412296,False,True,16000,True,0.00010096903133671731,True,0.002425574930384755,cpu,patch_nearest_normal,last2,14,0.05,False,,,9.487209899816662e-05,0.00010775983100752,True,True,True,True
2026-08-16 08:00:49,full_ctta,wood,monitor,C:/cira_batch_test/wood/good_13.png,good_13.png,normal,False,0.03173012658953667,0.03173012658953667,0.04761727861349719,0.04761727861349719,0.037343646213412296,False,False,16000,False,,False,0.0,cpu,patch_nearest_normal,last2,14,0.05,False,,,0.00011367322440491989,0.00010775983100752,True,False,True,True
2026-08-16 08:00:51,full_ctta,wood,monitor,C:/cira_batch_test/wood/good_15.png,good_15.png,anomaly,True,0.05064234882593155,0.05064234882593155,0.04761727861349719,0.04761727861349719,0.037343646213412296,False,False,16000,False,,False,0.0,cpu,patch_nearest_normal,last2,14,0.05,False,,,9.667236736277118e-05,0.00010775983100752,False,True,True,True
2026-08-16 08:00:53,full_ctta,wood,monitor,C:/cira_batch_test/wood/good_6.png,good_6.png,normal,False,0.02015657350420952,3.2186508747145126e-07,0.04761727861349719,0.04761727861349719,0.037343646213412296,False,True,16000,True,7.963999814819545e-05,True,0.002420577686280012,cpu,patch_nearest_normal,last2,14,0.05,False,,,7.905151142040268e-05,0.00010775983100752,True,True,True,True
2026-08-16 08:00:55,full_ctta,wood,monitor,C:/cira_batch_test/wood/good_4.png,good_4.png,normal,False,0.015497887507081032,3.099441414633475e-07,0.04761727861349719,0.04761727861349719,0.037343646213412296,False,True,16000,True,7.87711251177825e-05,True,0.0024338269140571356,cpu,patch_nearest_normal,last2,14,0.05,False,,,7.61908886488527e-05,0.00010775983100752,True,True,True,True
2026-08-16 08:00:56,full_ctta,wood,monitor,C:/cira_batch_test/wood/bad_16.png,bad_16.png,anomaly,True,0.2175910919904709,0.2175910919904709,0.04761727861349719,0.04761727861349719,0.037343646213412296,False,False,16000,False,,False,0.0,cpu,patch_nearest_normal,last2,14,0.05,False,,,8.588600758230314e-05,0.00010775983100752,False,True,True,True
2026-08-16 08:00:58,full_ctta,wood,monitor,C:/cira_batch_test/wood/good_10.png,good_10.png,anomaly,True,0.07659609615802765,0.07659609615802765,0.04761727861349719,0.04761727861349719,0.037343646213412296,False,False,16000,False,,False,0.0,cpu,patch_nearest_normal,last2,14,0.05,False,,,0.00010593248589430004,0.00010775983100752,False,True,True,True
2026-08-16 08:00:59,full_ctta,wood,monitor,C:/cira_batch_test/wood/bad_18.png,bad_18.png,anomaly,True,0.3989045023918152,0.3989045023918152,0.04761727861349719,0.04761727861349719,0.037343646213412296,False,False,16000,False,,False,0.0,cpu,patch_nearest_normal,last2,14,0.05,False,,,9.242066880688071e-05,0.00010775983100752,False,True,True,True
2026-08-16 08:01:01,full_ctta,wood,monitor,C:/cira_batch_test/wood/good_3.png,good_3.png,normal,False,0.023180920630693436,3.159046286782541e-07,0.04761727861349719,0.04761727861349719,0.037343646213412296,False,True,16000,True,7.978623762028292e-05,True,0.00244020763784647,cpu,patch_nearest_normal,last2,14,0.05,False,,,7.680679846089333e-05,0.00010775983100752,True,True,True,True
2026-08-16 08:01:03,full_ctta,wood,monitor,C:/cira_batch_test/wood/bad_14.png,bad_14.png,anomaly,True,0.2397466003894806,0.2397466003894806,0.04761727861349719,0.04761727861349719,0.037343646213412296,False,False,16000,False,,False,0.0,cpu,patch_nearest_normal,last2,14,0.05,False,,,8.034455822780728e-05,0.00010775983100752,False,True,True,True
2026-08-16 08:01:04,full_ctta,wood,monitor,C:/cira_batch_test/wood/bad_6.png,bad_6.png,anomaly,True,0.22234764695167542,0.22234764695167542,0.04761727861349719,0.04761727861349719,0.037343646213412296,False,False,16000,False,,False,0.0,cpu,patch_nearest_normal,last2,14,0.05,False,,,0.00012681202497333288,0.00010775983100752,False,False,True,True
2026-08-16 08:01:06,full_ctta,wood,monitor,C:/cira_batch_test/wood/bad_8.png,bad_8.png,anomaly,True,0.22082479298114777,0.22082479298114777,0.04761727861349719,0.04761727861349719,0.037343646213412296,False,False,16000,False,,False,0.0,cpu,patch_nearest_normal,last2,14,0.05,False,,,7.96550593804568e-05,0.00010775983100752,False,True,True,True
2026-08-16 08:01:07,full_ctta,wood,monitor,C:/cira_batch_test/wood/bad_11.png,bad_11.png,anomaly,True,0.08572239428758621,0.08572239428758621,0.04761727861349719,0.04761727861349719,0.037343646213412296,False,False,16000,False,,False,0.0,cpu,patch_nearest_normal,last2,14,0.05,False,,,7.281887519638985e-05,0.00010775983100752,False,True,True,True
2026-08-16 08:01:09,full_ctta,wood,monitor,C:/cira_batch_test/wood/bad_9.png,bad_9.png,anomaly,True,0.21375198662281036,0.21375198662281036,0.04761727861349719,0.04761727861349719,0.037343646213412296,False,False,16000,False,,False,0.0,cpu,patch_nearest_normal,last2,14,0.05,False,,,7.574288611067459e-05,0.00010775983100752,False,True,True,True
2026-08-16 08:01:10,full_ctta,wood,monitor,C:/cira_batch_test/wood/bad_5.png,bad_5.png,anomaly,True,0.2398863136768341,0.2398863136768341,0.04761727861349719,0.04761727861349719,0.037343646213412296,False,False,16000,False,,False,0.0,cpu,patch_nearest_normal,last2,14,0.05,False,,,0.0001070895159500651,0.00010775983100752,False,True,True,True
2026-08-16 08:01:12,full_ctta,wood,monitor,C:/cira_batch_test/wood/good_9.png,good_9.png,normal,False,0.03393096849322319,0.03393096849322319,0.04761727861349719,0.04761727861349719,0.037343646213412296,False,False,16000,False,,False,0.0,cpu,patch_nearest_normal,last2,14,0.05,False,,,0.00011368874402251095,0.00010775983100752,True,False,True,True
2026-08-16 08:01:14,full_ctta,wood,monitor,C:/cira_batch_test/wood/good_2.png,good_2.png,normal,False,0.02423538640141487,2.74181360282455e-07,0.04761727861349719,0.04761727861349719,0.037343646213412296,False,True,16000,True,8.896243525668979e-05,True,0.002460772404447198,cpu,patch_nearest_normal,last2,14,0.05,False,,,8.56466285767965e-05,0.00010775983100752,True,True,True,True
2026-08-16 08:01:15,full_ctta,wood,monitor,C:/cira_batch_test/wood/bad_2.png,bad_2.png,anomaly,True,0.27511531114578247,0.27511531114578247,0.04761727861349719,0.04761727861349719,0.037343646213412296,False,False,16000,False,,False,0.0,cpu,patch_nearest_normal,last2,14,0.05,False,,,0.00010825373465195298,0.00010775983100752,False,False,True,True
2026-08-16 08:01:17,full_ctta,wood,monitor,C:/cira_batch_test/wood/bad_17.png,bad_17.png,anomaly,True,0.36605411767959595,0.36605411767959595,0.04761727861349719,0.04761727861349719,0.037343646213412296,False,False,16000,False,,False,0.0,cpu,patch_nearest_normal,last2,14,0.05,False,,,9.449202480027452e-05,0.00010775983100752,False,True,True,True
2026-08-16 08:01:18,full_ctta,wood,monitor,C:/cira_batch_test/wood/bad_1.png,bad_1.png,anomaly,True,0.34853124618530273,0.34853124618530273,0.04761727861349719,0.04761727861349719,0.037343646213412296,False,False,16000,False,,False,0.0,cpu,patch_nearest_normal,last2,14,0.05,False,,,8.696196164237335e-05,0.00010775983100752,False,True,True,True
2026-08-16 08:01:20,full_ctta,wood,monitor,C:/cira_batch_test/wood/good_12.png,good_12.png,normal,False,0.026399170979857445,2.980232238769531e-07,0.04761727861349719,0.04761727861349719,0.037343646213412296,False,True,16000,True,0.00010896361345658079,True,0.002418483840301633,cpu,patch_nearest_normal,last2,14,0.05,True,C:\cira_ttl_checkpoints\wood\patch_memory_bank_update_10.pt,C:\cira_ttl_checkpoints\wood\patch_adapter_update_10.pt,0.00010689759801607579,0.00010775983100752,True,True,True,True
2026-08-16 08:01:22,full_ctta,wood,monitor,C:/cira_batch_test/wood/good_18.png,good_18.png,normal,False,0.04003167152404785,0.04003167152404785,0.04761727861349719,0.04761727861349719,0.037343646213412296,False,False,16000,False,,False,0.0,cpu,patch_nearest_normal,last2,14,0.05,False,,,9.448325727134943e-05,0.00010775983100752,False,True,True,True
2026-08-16 08:01:23,full_ctta,wood,monitor,C:/cira_batch_test/wood/good_17.png,good_17.png,normal,False,0.0401078462600708,0.0401078462600708,0.04761727861349719,0.04761727861349719,0.037343646213412296,False,False,16000,False,,False,0.0,cpu,patch_nearest_normal,last2,14,0.05,False,,,0.00010651750926626846,0.00010775983100752,False,True,True,True
2026-08-16 08:01:25,full_ctta,wood,monitor,C:/cira_batch_test/wood/bad_19.png,bad_19.png,anomaly,True,0.21845407783985138,0.21845407783985138,0.04761727861349719,0.04761727861349719,0.037343646213412296,False,False,16000,False,,False,0.0,cpu,patch_nearest_normal,last2,14,0.05,False,,,8.974205411504954e-05,0.00010775983100752,False,True,True,True
2026-08-16 08:01:26,full_ctta,wood,monitor,C:/cira_batch_test/wood/good_1.png,good_1.png,normal,False,0.03411181643605232,2.74181360282455e-07,0.04761727861349719,0.04761727861349719,0.037343646213412296,False,True,16000,True,9.11363385966979e-05,True,0.0024290415458381176,cpu,patch_nearest_normal,last2,14,0.05,False,,,9.126454096985981e-05,0.00010775983100752,True,True,True,True
2026-08-16 08:01:28,full_ctta,zipper,monitor,C:/cira_batch_test/zipper/bad_10.png,bad_10.png,normal,False,0.024993807077407837,3.159046286782541e-07,0.026937197228883013,0.026937197228883013,0.026275477930903436,False,True,16000,True,0.00011870287562487647,True,0.0029820147901773453,cpu,patch_nearest_normal,last2,14,0.05,False,,,0.00010886474046856165,0.00012004206546407001,True,True,True,True
2026-08-16 08:01:30,full_ctta,zipper,monitor,C:/cira_batch_test/zipper/good_16.png,good_16.png,normal,False,0.024336963891983032,2.980232238769531e-07,0.026937197228883013,0.026937197228883013,0.026275477930903436,False,True,16000,True,0.00012652779696509242,True,0.0027898033149540424,cpu,patch_nearest_normal,last2,14,0.05,False,,,0.0001187216184916906,0.00012004206546407001,True,True,True,True
2026-08-16 08:01:32,full_ctta,zipper,monitor,C:/cira_batch_test/zipper/bad_12.png,bad_12.png,normal,False,0.023183036595582962,2.9206276508375595e-07,0.026937197228883013,0.026937197228883013,0.026275477930903436,False,True,16000,True,0.00010747674969024956,True,0.002705282298848033,cpu,patch_nearest_normal,last2,14,0.05,False,,,9.953979315469041e-05,0.00012004206546407001,True,True,True,True
2026-08-16 08:01:33,full_ctta,zipper,monitor,C:/cira_batch_test/zipper/good_11.png,good_11.png,normal,False,0.019396627321839333,2.384185791015625e-07,0.026937197228883013,0.026937197228883013,0.026275477930903436,False,True,16000,True,0.00011924593127332628,True,0.0027053174562752247,cpu,patch_nearest_normal,last2,14,0.05,False,,,0.00011122829164378345,0.00012004206546407001,True,True,True,True
2026-08-16 08:01:35,full_ctta,zipper,monitor,C:/cira_batch_test/zipper/bad_13.png,bad_13.png,anomaly,True,0.03982557728886604,0.03982557728886604,0.026937197228883013,0.026937197228883013,0.026275477930903436,False,False,16000,False,,False,0.0,cpu,patch_nearest_normal,last2,14,0.05,False,,,0.00012179942859802395,0.00012004206546407001,False,False,True,True
2026-08-16 08:01:36,full_ctta,zipper,monitor,C:/cira_batch_test/zipper/good_7.png,good_7.png,normal,False,0.02129530906677246,3.159046286782541e-07,0.026937197228883013,0.026937197228883013,0.026275477930903436,False,True,16000,True,0.0001223104918608442,True,0.0026972454506903887,cpu,patch_nearest_normal,last2,14,0.05,False,,,0.00011387324775569141,0.00012004206546407001,True,True,True,True
2026-08-16 08:01:38,full_ctta,zipper,monitor,C:/cira_batch_test/zipper/good_8.png,good_8.png,normal,False,0.026633907109498978,0.026633907109498978,0.026937197228883013,0.026937197228883013,0.026275477930903436,False,False,16000,False,,False,0.0,cpu,patch_nearest_normal,last2,14,0.05,False,,,0.00010661047417670488,0.00012004206546407001,False,True,True,True
2026-08-16 08:01:39,full_ctta,zipper,monitor,C:/cira_batch_test/zipper/bad_20.png,bad_20.png,anomaly,True,0.046708762645721436,0.046708762645721436,0.026937197228883013,0.026937197228883013,0.026275477930903436,False,False,16000,False,,False,0.0,cpu,patch_nearest_normal,last2,14,0.05,False,,,0.00010429708345327526,0.00012004206546407001,False,True,True,True
2026-08-16 08:01:41,full_ctta,zipper,monitor,C:/cira_batch_test/zipper/good_19.png,good_19.png,normal,False,0.021072793751955032,2.6226044269606064e-07,0.026937197228883013,0.026937197228883013,0.026275477930903436,False,True,16000,True,0.00012423068983480334,True,0.002688792534172535,cpu,patch_nearest_normal,last2,14,0.05,False,,,0.00010404802014818415,0.00012004206546407001,True,True,True,True
2026-08-16 08:01:43,full_ctta,zipper,monitor,C:/cira_batch_test/zipper/bad_3.png,bad_3.png,anomaly,True,0.0286245159804821,0.0286245159804821,0.026937197228883013,0.026937197228883013,0.026275477930903436,False,False,16000,False,,False,0.0,cpu,patch_nearest_normal,last2,14,0.05,False,,,0.00011805515532614663,0.00012004206546407001,False,True,True,True
2026-08-16 08:01:44,full_ctta,zipper,monitor,C:/cira_batch_test/zipper/bad_7.png,bad_7.png,anomaly,True,0.08863326907157898,0.08863326907157898,0.026937197228883013,0.026937197228883013,0.026275477930903436,False,False,16000,False,,False,0.0,cpu,patch_nearest_normal,last2,14,0.05,False,,,0.00011200035078218207,0.00012004206546407001,False,True,True,True
2026-08-16 08:01:46,full_ctta,zipper,monitor,C:/cira_batch_test/zipper/bad_15.png,bad_15.png,anomaly,True,0.06976095587015152,0.06976095587015152,0.026937197228883013,0.026937197228883013,0.026275477930903436,False,False,16000,False,,False,0.0,cpu,patch_nearest_normal,last2,14,0.05,False,,,0.00010440107871545479,0.00012004206546407001,False,True,True,True
2026-08-16 08:01:47,full_ctta,zipper,monitor,C:/cira_batch_test/zipper/good_5.png,good_5.png,anomaly,True,0.027033085003495216,0.027033085003495216,0.026937197228883013,0.026937197228883013,0.026275477930903436,False,False,16000,False,,False,0.0,cpu,patch_nearest_normal,last2,14,0.05,False,,,9.734774357639253e-05,0.00012004206546407001,False,True,True,True
2026-08-16 08:01:49,full_ctta,zipper,monitor,C:/cira_batch_test/zipper/good_14.png,good_14.png,normal,False,0.02103177271783352,2.9206276508375595e-07,0.026937197228883013,0.026937197228883013,0.026275477930903436,False,True,16000,True,0.0001186878071166575,True,0.002682943595573306,cpu,patch_nearest_normal,last2,14,0.05,False,,,9.965835488401353e-05,0.00012004206546407001,True,True,True,True
2026-08-16 08:01:50,full_ctta,zipper,monitor,C:/cira_batch_test/zipper/bad_4.png,bad_4.png,anomaly,True,0.09654189646244049,0.09654189646244049,0.026937197228883013,0.026937197228883013,0.026275477930903436,False,False,16000,False,,False,0.0,cpu,patch_nearest_normal,last2,14,0.05,False,,,0.00011041363177355379,0.00012004206546407001,False,True,True,True
2026-08-16 08:01:52,full_ctta,zipper,monitor,C:/cira_batch_test/zipper/good_20.png,good_20.png,normal,False,0.02111574448645115,2.9206276508375595e-07,0.026937197228883013,0.026937197228883013,0.026275477930903436,False,True,16000,True,0.00012243416858837008,True,0.0026785244699567556,cpu,patch_nearest_normal,last2,14,0.05,False,,,0.00010871763515751809,0.00012004206546407001,True,True,True,True
2026-08-16 08:01:54,full_ctta,zipper,monitor,C:/cira_batch_test/zipper/good_13.png,good_13.png,normal,False,0.023614656180143356,2.5629998390286346e-07,0.026937197228883013,0.026937197228883013,0.026275477930903436,False,True,16000,True,0.00011106526653748006,True,0.002649902831763029,cpu,patch_nearest_normal,last2,14,0.05,False,,,9.853613300947472e-05,0.00012004206546407001,True,True,True,True
2026-08-16 08:01:56,full_ctta,zipper,monitor,C:/cira_batch_test/zipper/good_15.png,good_15.png,normal,False,0.01820705458521843,2.8014181907565217e-07,0.026937197228883013,0.026937197228883013,0.026275477930903436,False,True,16000,True,0.00011918389645870775,True,0.0026556868106126785,cpu,patch_nearest_normal,last2,14,0.05,True,C:\cira_ttl_checkpoints\zipper\patch_memory_bank_update_10.pt,C:\cira_ttl_checkpoints\zipper\patch_adapter_update_10.pt,0.000111544577521272,0.00012004206546407001,True,True,True,True
2026-08-16 08:01:57,full_ctta,zipper,monitor,C:/cira_batch_test/zipper/good_6.png,good_6.png,normal,False,0.020822674036026,2.9206276508375595e-07,0.026937197228883013,0.026937197228883013,0.026275477930903436,False,True,16000,True,0.00011084595462307334,True,0.0026463838294148445,cpu,patch_nearest_normal,last2,14,0.05,False,,,0.00011177670967299491,0.00012004206546407001,True,True,True,True
2026-08-16 08:01:59,full_ctta,zipper,monitor,C:/cira_batch_test/zipper/good_4.png,good_4.png,normal,False,0.02577626146376133,2.5033949668795685e-07,0.026937197228883013,0.026937197228883013,0.026275477930903436,False,True,16000,True,0.00011072099005104974,True,0.002638507867231965,cpu,patch_nearest_normal,last2,14,0.05,False,,,0.00011026547872461379,0.00012004206546407001,True,True,True,True
2026-08-16 08:02:00,full_ctta,zipper,monitor,C:/cira_batch_test/zipper/bad_16.png,bad_16.png,anomaly,True,0.04783608764410019,0.04783608764410019,0.026937197228883013,0.026937197228883013,0.026275477930903436,False,False,16000,False,,False,0.0,cpu,patch_nearest_normal,last2,14,0.05,False,,,0.00012182010686956346,0.00012004206546407001,False,False,True,True
2026-08-16 08:02:02,full_ctta,zipper,monitor,C:/cira_batch_test/zipper/good_10.png,good_10.png,normal,False,0.020007377490401268,3.2782554626464844e-07,0.026937197228883013,0.026937197228883013,0.026275477930903436,False,True,16000,True,0.000131639011669904,True,0.0026524073909968138,cpu,patch_nearest_normal,last2,14,0.05,False,,,0.00010895877494476736,0.00012004206546407001,True,True,True,True
2026-08-16 08:02:04,full_ctta,zipper,monitor,C:/cira_batch_test/zipper/bad_18.png,bad_18.png,anomaly,True,0.06160715967416763,0.06160715967416763,0.026937197228883013,0.026937197228883013,0.026275477930903436,False,False,16000,False,,False,0.0,cpu,patch_nearest_normal,last2,14,0.05,False,,,9.820499690249562e-05,0.00012004206546407001,False,True,True,True
2026-08-16 08:02:05,full_ctta,zipper,monitor,C:/cira_batch_test/zipper/good_3.png,good_3.png,normal,False,0.022019153460860252,2.8014181907565217e-07,0.026937197228883013,0.026937197228883013,0.026275477930903436,False,True,16000,True,0.00010983918036799878,True,0.0026396079920232296,cpu,patch_nearest_normal,last2,14,0.05,False,,,0.00010538008064031601,0.00012004206546407001,True,True,True,True
2026-08-16 08:02:07,full_ctta,zipper,monitor,C:/cira_batch_test/zipper/bad_14.png,bad_14.png,anomaly,True,0.047395896166563034,0.047395896166563034,0.026937197228883013,0.026937197228883013,0.026275477930903436,False,False,16000,False,,False,0.0,cpu,patch_nearest_normal,last2,14,0.05,False,,,0.00011081989941885695,0.00012004206546407001,False,True,True,True
2026-08-16 08:02:08,full_ctta,zipper,monitor,C:/cira_batch_test/zipper/bad_6.png,bad_6.png,anomaly,True,0.07930879294872284,0.07930879294872284,0.026937197228883013,0.026937197228883013,0.026275477930903436,False,False,16000,False,,False,0.0,cpu,patch_nearest_normal,last2,14,0.05,False,,,0.00010825366916833445,0.00012004206546407001,False,True,True,True
2026-08-16 08:02:10,full_ctta,zipper,monitor,C:/cira_batch_test/zipper/bad_8.png,bad_8.png,anomaly,True,0.13779941201210022,0.13779941201210022,0.026937197228883013,0.026937197228883013,0.026275477930903436,False,False,16000,False,,False,0.0,cpu,patch_nearest_normal,last2,14,0.05,False,,,0.0001247259060619399,0.00012004206546407001,False,False,True,True
2026-08-16 08:02:11,full_ctta,zipper,monitor,C:/cira_batch_test/zipper/bad_11.png,bad_11.png,anomaly,True,0.034247975796461105,0.034247975796461105,0.026937197228883013,0.026937197228883013,0.026275477930903436,False,False,16000,False,,False,0.0,cpu,patch_nearest_normal,last2,14,0.05,False,,,9.82473065960221e-05,0.00012004206546407001,False,True,True,True
2026-08-16 08:02:13,full_ctta,zipper,monitor,C:/cira_batch_test/zipper/bad_9.png,bad_9.png,anomaly,True,0.13583412766456604,0.13583412766456604,0.026937197228883013,0.026937197228883013,0.026275477930903436,False,False,16000,False,,False,0.0,cpu,patch_nearest_normal,last2,14,0.05,False,,,0.00010988883150275797,0.00012004206546407001,False,True,True,True
2026-08-16 08:02:14,full_ctta,zipper,monitor,C:/cira_batch_test/zipper/bad_5.png,bad_5.png,anomaly,True,0.04228811338543892,0.04228811338543892,0.026937197228883013,0.026937197228883013,0.026275477930903436,False,False,16000,False,,False,0.0,cpu,patch_nearest_normal,last2,14,0.05,False,,,0.00011384228855604306,0.00012004206546407001,False,True,True,True
2026-08-16 08:02:16,full_ctta,zipper,monitor,C:/cira_batch_test/zipper/good_9.png,good_9.png,normal,False,0.019779300317168236,3.099441414633475e-07,0.026937197228883013,0.026937197228883013,0.026275477930903436,False,True,16000,True,0.00011667280341498554,True,0.0026376782916486263,cpu,patch_nearest_normal,last2,14,0.05,False,,,0.0001132609904743731,0.00012004206546407001,True,True,True,True
2026-08-16 08:02:17,full_ctta,zipper,monitor,C:/cira_batch_test/zipper/good_2.png,good_2.png,normal,False,0.025700461119413376,3.039836826701503e-07,0.026937197228883013,0.026937197228883013,0.026275477930903436,False,True,16000,True,0.00011122138676000759,True,0.0026340587064623833,cpu,patch_nearest_normal,last2,14,0.05,False,,,0.00010307467891834676,0.00012004206546407001,True,True,True,True
2026-08-16 08:02:19,full_ctta,zipper,monitor,C:/cira_batch_test/zipper/bad_2.png,bad_2.png,anomaly,True,0.04782884567975998,0.04782884567975998,0.026937197228883013,0.026937197228883013,0.026275477930903436,False,False,16000,False,,False,0.0,cpu,patch_nearest_normal,last2,14,0.05,False,,,0.00012468438944779336,0.00012004206546407001,False,False,True,True
2026-08-16 08:02:20,full_ctta,zipper,monitor,C:/cira_batch_test/zipper/bad_17.png,bad_17.png,anomaly,True,0.053703129291534424,0.053703129291534424,0.026937197228883013,0.026937197228883013,0.026275477930903436,False,False,16000,False,,False,0.0,cpu,patch_nearest_normal,last2,14,0.05,False,,,0.00011159593850607052,0.00012004206546407001,False,True,True,True
2026-08-16 08:02:22,full_ctta,zipper,monitor,C:/cira_batch_test/zipper/bad_1.png,bad_1.png,anomaly,True,0.03233044594526291,0.03233044594526291,0.026937197228883013,0.026937197228883013,0.026275477930903436,False,False,16000,False,,False,0.0,cpu,patch_nearest_normal,last2,14,0.05,False,,,0.00011052778427256271,0.00012004206546407001,False,True,True,True
2026-08-16 08:02:24,full_ctta,zipper,monitor,C:/cira_batch_test/zipper/good_12.png,good_12.png,normal,False,0.02015289105474949,2.5629998390286346e-07,0.026937197228883013,0.026937197228883013,0.026275477930903436,False,True,16000,True,0.000112744870421011,True,0.0026210425421595573,cpu,patch_nearest_normal,last2,14,0.05,False,,,9.794714424060658e-05,0.00012004206546407001,True,True,True,True
2026-08-16 08:02:25,full_ctta,zipper,monitor,C:/cira_batch_test/zipper/good_18.png,good_18.png,normal,False,0.01973850093781948,2.8014181907565217e-07,0.026937197228883013,0.026937197228883013,0.026275477930903436,False,True,16000,True,0.00012202312791487202,True,0.0026270856615155935,cpu,patch_nearest_normal,last2,14,0.05,False,,,0.00010819050658028573,0.00012004206546407001,True,True,True,True
2026-08-16 08:02:27,full_ctta,zipper,monitor,C:/cira_batch_test/zipper/good_17.png,good_17.png,normal,False,0.021902626380324364,2.8014181907565217e-07,0.026937197228883013,0.026937197228883013,0.026275477930903436,False,True,16000,True,0.00012582330964505672,True,0.0026296598371118307,cpu,patch_nearest_normal,last2,14,0.05,False,,,0.00011770772835006937,0.00012004206546407001,True,True,True,True
2026-08-16 08:02:28,full_ctta,zipper,monitor,C:/cira_batch_test/zipper/bad_19.png,bad_19.png,anomaly,True,0.052900660783052444,0.052900660783052444,0.026937197228883013,0.026937197228883013,0.026275477930903436,False,False,16000,False,,False,0.0,cpu,patch_nearest_normal,last2,14,0.05,False,,,0.0001083759925677441,0.00012004206546407001,False,True,True,True
2026-08-16 08:02:30,full_ctta,zipper,monitor,C:/cira_batch_test/zipper/good_1.png,good_1.png,normal,False,0.02215530350804329,2.74181360282455e-07,0.026937197228883013,0.026937197228883013,0.026275477930903436,False,True,16000,True,0.00011834664474008605,True,0.0026071423199027777,cpu,patch_nearest_normal,last2,14,0.05,True,C:\cira_ttl_checkpoints\zipper\patch_memory_bank_update_20.pt,C:\cira_ttl_checkpoints\zipper\patch_adapter_update_20.pt,0.00011817614722531289,0.00012004206546407001,True,True,True,True
