timestamp,experiment,category,mode,image_path,file_name,label,is_anomaly,score_before,anomaly_score,threshold,anomaly_threshold,update_threshold,threshold_reloaded,updated_memory,memory_size,update_allowed,update_loss,adapter_updated,adapter_delta_norm,device,score_method,feature_choice,patch_grid,patch_top_fraction,checkpoint_saved,checkpoint_memory_path,checkpoint_adapter_path,consistency_error,consistency_threshold,score_gate_pass,consistency_gate_pass,adapter_update_enabled,memory_update_enabled
2026-08-16 12:09:04,full_ctta,bottle,monitor,C:/cira_batch_test/bottle/bad_10.png,bad_10.png,anomaly,True,0.1676427572965622,0.1676427572965622,0.02815022391963134,0.02815022391963134,0.02531116753816605,False,False,16000,False,,False,0.0,cpu,patch_nearest_normal,last2,14,0.05,False,,,0.00013301899889484048,0.00011476924591981,False,False,True,True
2026-08-16 12:09:06,full_ctta,bottle,monitor,C:/cira_batch_test/bottle/good_16.png,good_16.png,normal,False,0.026176607236266136,0.026176607236266136,0.02815022391963134,0.02815022391963134,0.02531116753816605,False,False,16000,False,,False,0.0,cpu,patch_nearest_normal,last2,14,0.05,False,,,0.00010262295108987018,0.00011476924591981,False,True,True,True
2026-08-16 12:09:08,full_ctta,bottle,monitor,C:/cira_batch_test/bottle/bad_12.png,bad_12.png,anomaly,True,0.22920450568199158,0.22920450568199158,0.02815022391963134,0.02815022391963134,0.02531116753816605,False,False,16000,False,,False,0.0,cpu,patch_nearest_normal,last2,14,0.05,False,,,0.00011524573346832767,0.00011476924591981,False,False,True,True
2026-08-16 12:09:10,full_ctta,bottle,monitor,C:/cira_batch_test/bottle/good_11.png,good_11.png,normal,False,0.022600973024964333,2.6226044269606064e-07,0.02815022391963134,0.02815022391963134,0.02531116753816605,False,True,16000,True,0.00012162321218056604,True,0.0029752159025520086,cpu,patch_nearest_normal,last2,14,0.05,False,,,0.00010544186807237566,0.00011476924591981,True,True,True,True
2026-08-16 12:09:12,full_ctta,bottle,monitor,C:/cira_batch_test/bottle/bad_13.png,bad_13.png,anomaly,True,0.26854175329208374,0.26854175329208374,0.02815022391963134,0.02815022391963134,0.02531116753816605,False,False,16000,False,,False,0.0,cpu,patch_nearest_normal,last2,14,0.05,False,,,0.00011332560825394467,0.00011476924591981,False,True,True,True
2026-08-16 12:09:13,full_ctta,bottle,monitor,C:/cira_batch_test/bottle/good_7.png,good_7.png,anomaly,True,0.03207029029726982,0.03207029029726982,0.02815022391963134,0.02815022391963134,0.02531116753816605,False,False,16000,False,,False,0.0,cpu,patch_nearest_normal,last2,14,0.05,False,,,0.00011233392433496192,0.00011476924591981,False,True,True,True
2026-08-16 12:09:15,full_ctta,bottle,monitor,C:/cira_batch_test/bottle/good_8.png,good_8.png,normal,False,0.02221097983419895,2.8610230629055877e-07,0.02815022391963134,0.02815022391963134,0.02531116753816605,False,True,16000,True,0.0001147237271652557,True,0.0028372297529131174,cpu,patch_nearest_normal,last2,14,0.05,False,,,0.00010667051537893713,0.00011476924591981,True,True,True,True
2026-08-16 12:09:17,full_ctta,bottle,monitor,C:/cira_batch_test/bottle/bad_20.png,bad_20.png,anomaly,True,0.21093113720417023,0.21093113720417023,0.02815022391963134,0.02815022391963134,0.02531116753816605,False,False,16000,False,,False,0.0,cpu,patch_nearest_normal,last2,14,0.05,False,,,0.0001084400646504946,0.00011476924591981,False,True,True,True
2026-08-16 12:09:18,full_ctta,bottle,monitor,C:/cira_batch_test/bottle/good_19.png,good_19.png,normal,False,0.018142003566026688,2.980232238769531e-07,0.02815022391963134,0.02815022391963134,0.02531116753816605,False,True,16000,True,0.00011465079296613112,True,0.0027887450996786356,cpu,patch_nearest_normal,last2,14,0.05,False,,,0.00010635681246640161,0.00011476924591981,True,True,True,True
2026-08-16 12:09:20,full_ctta,bottle,monitor,C:/cira_batch_test/bottle/bad_3.png,bad_3.png,anomaly,True,0.1897762268781662,0.1897762268781662,0.02815022391963134,0.02815022391963134,0.02531116753816605,False,False,16000,False,,False,0.0,cpu,patch_nearest_normal,last2,14,0.05,False,,,0.0001109088261728175,0.00011476924591981,False,True,True,True
2026-08-16 12:09:21,full_ctta,bottle,monitor,C:/cira_batch_test/bottle/bad_7.png,bad_7.png,anomaly,True,0.32149308919906616,0.32149308919906616,0.02815022391963134,0.02815022391963134,0.02531116753816605,False,False,16000,False,,False,0.0,cpu,patch_nearest_normal,last2,14,0.05,False,,,0.00011678160080919042,0.00011476924591981,False,False,True,True
2026-08-16 12:09:23,full_ctta,bottle,monitor,C:/cira_batch_test/bottle/bad_15.png,bad_15.png,anomaly,True,0.4259325861930847,0.4259325861930847,0.02815022391963134,0.02815022391963134,0.02531116753816605,False,False,16000,False,,False,0.0,cpu,patch_nearest_normal,last2,14,0.05,False,,,0.0001374663261231035,0.00011476924591981,False,False,True,True
2026-08-16 12:09:24,full_ctta,bottle,monitor,C:/cira_batch_test/bottle/good_5.png,good_5.png,normal,False,0.015221667475998402,2.6226044269606064e-07,0.02815022391963134,0.02815022391963134,0.02531116753816605,False,True,16000,True,0.00012172821152489632,True,0.002778136869892478,cpu,patch_nearest_normal,last2,14,0.05,False,,,0.00010929554991889745,0.00011476924591981,True,True,True,True
2026-08-16 12:09:26,full_ctta,bottle,monitor,C:/cira_batch_test/bottle/good_14.png,good_14.png,normal,False,0.021975498646497726,2.6226044269606064e-07,0.02815022391963134,0.02815022391963134,0.02531116753816605,False,True,16000,True,0.00011403730604797602,True,0.0027509736828505993,cpu,patch_nearest_normal,last2,14,0.05,False,,,0.00010161445970879868,0.00011476924591981,True,True,True,True
2026-08-16 12:09:27,full_ctta,bottle,monitor,C:/cira_batch_test/bottle/bad_4.png,bad_4.png,anomaly,True,0.20541171729564667,0.20541171729564667,0.02815022391963134,0.02815022391963134,0.02531116753816605,False,False,16000,False,,False,0.0,cpu,patch_nearest_normal,last2,14,0.05,False,,,0.00011224421177757904,0.00011476924591981,False,True,True,True
2026-08-16 12:09:29,full_ctta,bottle,monitor,C:/cira_batch_test/bottle/good_20.png,good_20.png,normal,False,0.025124013423919678,2.8014181907565217e-07,0.02815022391963134,0.02815022391963134,0.02531116753816605,False,True,16000,True,0.00011548848851816729,True,0.0027469960041344166,cpu,patch_nearest_normal,last2,14,0.05,False,,,0.00010993754403898492,0.00011476924591981,True,True,True,True
2026-08-16 12:09:31,full_ctta,bottle,monitor,C:/cira_batch_test/bottle/good_13.png,good_13.png,normal,False,0.021928448230028152,2.384185791015625e-07,0.02815022391963134,0.02815022391963134,0.02531116753816605,False,True,16000,True,0.00011965059820795432,True,0.002747149905189872,cpu,patch_nearest_normal,last2,14,0.05,False,,,0.00010257533722324297,0.00011476924591981,True,True,True,True
2026-08-16 12:09:32,full_ctta,bottle,monitor,C:/cira_batch_test/bottle/good_15.png,good_15.png,normal,False,0.019684040918946266,2.682209014892578e-07,0.02815022391963134,0.02815022391963134,0.02531116753816605,False,True,16000,True,0.00011157522385474294,True,0.0027440497651696205,cpu,patch_nearest_normal,last2,14,0.05,False,,,9.988255624193698e-05,0.00011476924591981,True,True,True,True
2026-08-16 12:09:34,full_ctta,bottle,monitor,C:/cira_batch_test/bottle/good_6.png,good_6.png,normal,False,0.01792922616004944,3.2186508747145126e-07,0.02815022391963134,0.02815022391963134,0.02531116753816605,False,True,16000,True,0.00011259014718234539,True,0.002738917013630271,cpu,patch_nearest_normal,last2,14,0.05,False,,,0.000109152402728796,0.00011476924591981,True,True,True,True
2026-08-16 12:09:36,full_ctta,bottle,monitor,C:/cira_batch_test/bottle/good_4.png,good_4.png,normal,False,0.0185604989528656,2.8014181907565217e-07,0.02815022391963134,0.02815022391963134,0.02531116753816605,False,True,16000,True,0.00011700553295668215,True,0.0027285143733024597,cpu,patch_nearest_normal,last2,14,0.05,True,C:\cira_ttl_checkpoints\bottle\patch_memory_bank_update_10.pt,C:\cira_ttl_checkpoints\bottle\patch_adapter_update_10.pt,0.00010862354247365147,0.00011476924591981,True,True,True,True
2026-08-16 12:09:37,full_ctta,bottle,monitor,C:/cira_batch_test/bottle/bad_16.png,bad_16.png,anomaly,True,0.30265799164772034,0.30265799164772034,0.02815022391963134,0.02815022391963134,0.02531116753816605,False,False,16000,False,,False,0.0,cpu,patch_nearest_normal,last2,14,0.05,False,,,0.00010906202805927023,0.00011476924591981,False,True,True,True
2026-08-16 12:09:39,full_ctta,bottle,monitor,C:/cira_batch_test/bottle/good_10.png,good_10.png,normal,False,0.025206327438354492,3.2782554626464844e-07,0.02815022391963134,0.02815022391963134,0.02531116753816605,False,True,16000,True,0.00011933840869460255,True,0.002726156497374177,cpu,patch_nearest_normal,last2,14,0.05,False,,,0.00010755180119303986,0.00011476924591981,True,True,True,True
2026-08-16 12:09:41,full_ctta,bottle,monitor,C:/cira_batch_test/bottle/bad_18.png,bad_18.png,anomaly,True,0.1800544261932373,0.1800544261932373,0.02815022391963134,0.02815022391963134,0.02531116753816605,False,False,16000,False,,False,0.0,cpu,patch_nearest_normal,last2,14,0.05,False,,,0.00012116244761273265,0.00011476924591981,False,False,True,True
2026-08-16 12:09:42,full_ctta,bottle,monitor,C:/cira_batch_test/bottle/good_3.png,good_3.png,normal,False,0.02113041840493679,2.8610230629055877e-07,0.02815022391963134,0.02815022391963134,0.02531116753816605,False,True,16000,True,0.00011310318222967908,True,0.0027170602697879076,cpu,patch_nearest_normal,last2,14,0.05,False,,,9.819842671277002e-05,0.00011476924591981,True,True,True,True
2026-08-16 12:09:44,full_ctta,bottle,monitor,C:/cira_batch_test/bottle/bad_14.png,bad_14.png,anomaly,True,0.1745421588420868,0.1745421588420868,0.02815022391963134,0.02815022391963134,0.02531116753816605,False,False,16000,False,,False,0.0,cpu,patch_nearest_normal,last2,14,0.05,False,,,0.00011225122580071911,0.00011476924591981,False,True,True,True
2026-08-16 12:09:45,full_ctta,bottle,monitor,C:/cira_batch_test/bottle/bad_6.png,bad_6.png,anomaly,True,0.2262030839920044,0.2262030839920044,0.02815022391963134,0.02815022391963134,0.02531116753816605,False,False,16000,False,,False,0.0,cpu,patch_nearest_normal,last2,14,0.05,False,,,0.00012209701526444405,0.00011476924591981,False,False,True,True
2026-08-16 12:09:47,full_ctta,bottle,monitor,C:/cira_batch_test/bottle/bad_8.png,bad_8.png,anomaly,True,0.2784906327724457,0.2784906327724457,0.02815022391963134,0.02815022391963134,0.02531116753816605,False,False,16000,False,,False,0.0,cpu,patch_nearest_normal,last2,14,0.05,False,,,0.00012582665658555925,0.00011476924591981,False,False,True,True
2026-08-16 12:09:48,full_ctta,bottle,monitor,C:/cira_batch_test/bottle/bad_11.png,bad_11.png,anomaly,True,0.05358177423477173,0.05358177423477173,0.02815022391963134,0.02815022391963134,0.02531116753816605,False,False,16000,False,,False,0.0,cpu,patch_nearest_normal,last2,14,0.05,False,,,0.00010252992797177285,0.00011476924591981,False,True,True,True
2026-08-16 12:09:50,full_ctta,bottle,monitor,C:/cira_batch_test/bottle/bad_9.png,bad_9.png,anomaly,True,0.319514662027359,0.319514662027359,0.02815022391963134,0.02815022391963134,0.02531116753816605,False,False,16000,False,,False,0.0,cpu,patch_nearest_normal,last2,14,0.05,False,,,0.00013610297173727304,0.00011476924591981,False,False,True,True
2026-08-16 12:09:51,full_ctta,bottle,monitor,C:/cira_batch_test/bottle/bad_5.png,bad_5.png,anomaly,True,0.31548672914505005,0.31548672914505005,0.02815022391963134,0.02815022391963134,0.02531116753816605,False,False,16000,False,,False,0.0,cpu,patch_nearest_normal,last2,14,0.05,False,,,0.0001396031875628978,0.00011476924591981,False,False,True,True
2026-08-16 12:09:53,full_ctta,bottle,monitor,C:/cira_batch_test/bottle/good_9.png,good_9.png,normal,False,0.022644490003585815,2.2053718851111626e-07,0.02815022391963134,0.02815022391963134,0.02531116753816605,False,True,16000,True,0.00011618137068580836,True,0.002701306249946356,cpu,patch_nearest_normal,last2,14,0.05,False,,,0.00010318685235688463,0.00011476924591981,True,True,True,True
2026-08-16 12:09:54,full_ctta,bottle,monitor,C:/cira_batch_test/bottle/good_2.png,good_2.png,normal,False,0.025272298604249954,2.5629998390286346e-07,0.02815022391963134,0.02815022391963134,0.02531116753816605,False,True,16000,True,0.00011813433957286179,True,0.0027015910018235445,cpu,patch_nearest_normal,last2,14,0.05,False,,,0.00010609046876197681,0.00011476924591981,True,True,True,True
2026-08-16 12:09:56,full_ctta,bottle,monitor,C:/cira_batch_test/bottle/bad_2.png,bad_2.png,anomaly,True,0.08457569777965546,0.08457569777965546,0.02815022391963134,0.02815022391963134,0.02531116753816605,False,False,16000,False,,False,0.0,cpu,patch_nearest_normal,last2,14,0.05,False,,,0.00010976602061418816,0.00011476924591981,False,True,True,True
2026-08-16 12:09:59,full_ctta,bottle,monitor,C:/cira_batch_test/bottle/bad_17.png,bad_17.png,anomaly,True,0.18534338474273682,0.18534338474273682,0.02815022391963134,0.02815022391963134,0.02531116753816605,False,False,16000,False,,False,0.0,cpu,patch_nearest_normal,last2,14,0.05,False,,,0.00011525162699399516,0.00011476924591981,False,False,True,True
2026-08-16 12:10:01,full_ctta,bottle,monitor,C:/cira_batch_test/bottle/bad_1.png,bad_1.png,anomaly,True,0.055412061512470245,0.055412061512470245,0.02815022391963134,0.02815022391963134,0.02531116753816605,False,False,16000,False,,False,0.0,cpu,patch_nearest_normal,last2,14,0.05,False,,,0.00010545129771344364,0.00011476924591981,False,True,True,True
2026-08-16 12:10:02,full_ctta,bottle,monitor,C:/cira_batch_test/bottle/good_12.png,good_12.png,normal,False,0.017324965447187424,2.980232238769531e-07,0.02815022391963134,0.02815022391963134,0.02531116753816605,False,True,16000,True,0.00010459635086590424,True,0.002691531553864479,cpu,patch_nearest_normal,last2,14,0.05,False,,,9.607061656424776e-05,0.00011476924591981,True,True,True,True
2026-08-16 12:10:04,full_ctta,bottle,monitor,C:/cira_batch_test/bottle/good_18.png,good_18.png,normal,False,0.017362022772431374,2.8014181907565217e-07,0.02815022391963134,0.02815022391963134,0.02531116753816605,False,True,16000,True,0.00011838645878015086,True,0.002690786961466074,cpu,patch_nearest_normal,last2,14,0.05,False,,,0.00010252449283143505,0.00011476924591981,True,True,True,True
2026-08-16 12:10:06,full_ctta,bottle,monitor,C:/cira_batch_test/bottle/good_17.png,good_17.png,normal,False,0.020574957132339478,2.5033949668795685e-07,0.02815022391963134,0.02815022391963134,0.02531116753816605,False,True,16000,True,0.00011593457747949287,True,0.0026846493128687143,cpu,patch_nearest_normal,last2,14,0.05,False,,,9.941336611518636e-05,0.00011476924591981,True,True,True,True
2026-08-16 12:10:07,full_ctta,bottle,monitor,C:/cira_batch_test/bottle/bad_19.png,bad_19.png,anomaly,True,0.19852177798748016,0.19852177798748016,0.02815022391963134,0.02815022391963134,0.02531116753816605,False,False,16000,False,,False,0.0,cpu,patch_nearest_normal,last2,14,0.05,False,,,0.00011000735685229301,0.00011476924591981,False,True,True,True
2026-08-16 12:10:09,full_ctta,bottle,monitor,C:/cira_batch_test/bottle/good_1.png,good_1.png,normal,False,0.0197954960167408,2.980232238769531e-07,0.02815022391963134,0.02815022391963134,0.02531116753816605,False,True,16000,True,0.00011412283492973074,True,0.002681542420759797,cpu,patch_nearest_normal,last2,14,0.05,False,,,0.00010398839367553592,0.00011476924591981,True,True,True,True
2026-08-16 12:10:10,full_ctta,cable,monitor,C:/cira_batch_test/cable/bad_10.png,bad_10.png,anomaly,True,0.11330725252628326,0.11330725252628326,0.09852251798848576,0.09852251798848576,0.08661089912056923,False,False,16000,False,,False,0.0,cpu,patch_nearest_normal,last2,14,0.05,False,,,0.00018352383631281555,0.00019554235113892002,False,True,True,True
2026-08-16 12:10:12,full_ctta,cable,monitor,C:/cira_batch_test/cable/good_16.png,good_16.png,normal,False,0.07586038112640381,2.980232238769531e-07,0.09852251798848576,0.09852251798848576,0.08661089912056923,False,True,16000,True,0.00018203684885520488,True,0.003004750469699502,cpu,patch_nearest_normal,last2,14,0.05,False,,,0.00015411809727083892,0.00019554235113892002,True,True,True,True
2026-08-16 12:10:14,full_ctta,cable,monitor,C:/cira_batch_test/cable/bad_12.png,bad_12.png,anomaly,True,0.10621058940887451,0.10621058940887451,0.09852251798848576,0.09852251798848576,0.08661089912056923,False,False,16000,False,,False,0.0,cpu,patch_nearest_normal,last2,14,0.05,False,,,0.0001388252421747893,0.00019554235113892002,False,True,True,True
2026-08-16 12:10:15,full_ctta,cable,monitor,C:/cira_batch_test/cable/good_11.png,good_11.png,normal,False,0.0787566751241684,2.5033949668795685e-07,0.09852251798848576,0.09852251798848576,0.08661089912056923,False,True,16000,True,0.0002012662444030866,True,0.002700761891901493,cpu,patch_nearest_normal,last2,14,0.05,False,,,0.00018323934637010098,0.00019554235113892002,True,True,True,True
2026-08-16 12:10:17,full_ctta,cable,monitor,C:/cira_batch_test/cable/bad_13.png,bad_13.png,anomaly,True,0.11054535210132599,0.11054535210132599,0.09852251798848576,0.09852251798848576,0.08661089912056923,False,False,16000,False,,False,0.0,cpu,patch_nearest_normal,last2,14,0.05,False,,,0.0001605482684681192,0.00019554235113892002,False,True,True,True
2026-08-16 12:10:19,full_ctta,cable,monitor,C:/cira_batch_test/cable/good_7.png,good_7.png,normal,False,0.0831356942653656,2.8014181907565217e-07,0.09852251798848576,0.09852251798848576,0.08661089912056923,False,True,16000,True,0.00019311709911562502,True,0.0025873736012727022,cpu,patch_nearest_normal,last2,14,0.05,False,,,0.00017174161621369421,0.00019554235113892002,True,True,True,True
2026-08-16 12:10:20,full_ctta,cable,monitor,C:/cira_batch_test/cable/good_8.png,good_8.png,anomaly,True,0.09906025230884552,0.09906025230884552,0.09852251798848576,0.09852251798848576,0.08661089912056923,False,False,16000,False,,False,0.0,cpu,patch_nearest_normal,last2,14,0.05,False,,,0.00016830266395118088,0.00019554235113892002,False,True,True,True
2026-08-16 12:10:22,full_ctta,cable,monitor,C:/cira_batch_test/cable/bad_20.png,bad_20.png,anomaly,True,0.19596046209335327,0.19596046209335327,0.09852251798848576,0.09852251798848576,0.08661089912056923,False,False,16000,False,,False,0.0,cpu,patch_nearest_normal,last2,14,0.05,False,,,0.00018105967319570482,0.00019554235113892002,False,True,True,True
2026-08-16 12:10:24,full_ctta,cable,monitor,C:/cira_batch_test/cable/good_19.png,good_19.png,normal,False,0.07341895252466202,3.159046286782541e-07,0.09852251798848576,0.09852251798848576,0.08661089912056923,False,True,16000,True,0.00016764597967267036,True,0.0025502799544483423,cpu,patch_nearest_normal,last2,14,0.05,False,,,0.00015979738964233547,0.00019554235113892002,True,True,True,True
2026-08-16 12:10:25,full_ctta,cable,monitor,C:/cira_batch_test/cable/bad_3.png,bad_3.png,anomaly,True,0.15485815703868866,0.15485815703868866,0.09852251798848576,0.09852251798848576,0.08661089912056923,False,False,16000,False,,False,0.0,cpu,patch_nearest_normal,last2,14,0.05,False,,,0.0001889477571239695,0.00019554235113892002,False,True,True,True
2026-08-16 12:10:26,full_ctta,cable,monitor,C:/cira_batch_test/cable/bad_7.png,bad_7.png,anomaly,True,0.13308671116828918,0.13308671116828918,0.09852251798848576,0.09852251798848576,0.08661089912056923,False,False,16000,False,,False,0.0,cpu,patch_nearest_normal,last2,14,0.05,False,,,0.00016603725089225918,0.00019554235113892002,False,True,True,True
2026-08-16 12:10:28,full_ctta,cable,monitor,C:/cira_batch_test/cable/bad_15.png,bad_15.png,anomaly,True,0.21892383694648743,0.21892383694648743,0.09852251798848576,0.09852251798848576,0.08661089912056923,False,False,16000,False,,False,0.0,cpu,patch_nearest_normal,last2,14,0.05,False,,,0.0001667266187723726,0.00019554235113892002,False,True,True,True
2026-08-16 12:10:29,full_ctta,cable,monitor,C:/cira_batch_test/cable/good_5.png,good_5.png,normal,False,0.09481777250766754,0.09481777250766754,0.09852251798848576,0.09852251798848576,0.08661089912056923,False,False,16000,False,,False,0.0,cpu,patch_nearest_normal,last2,14,0.05,False,,,0.0001646802411414683,0.00019554235113892002,False,True,True,True
2026-08-16 12:10:31,full_ctta,cable,monitor,C:/cira_batch_test/cable/good_14.png,good_14.png,normal,False,0.09585719555616379,0.09585719555616379,0.09852251798848576,0.09852251798848576,0.08661089912056923,False,False,16000,False,,False,0.0,cpu,patch_nearest_normal,last2,14,0.05,False,,,0.00016519136261194944,0.00019554235113892002,False,True,True,True
2026-08-16 12:10:32,full_ctta,cable,monitor,C:/cira_batch_test/cable/bad_4.png,bad_4.png,anomaly,True,0.37728384137153625,0.37728384137153625,0.09852251798848576,0.09852251798848576,0.08661089912056923,False,False,16000,False,,False,0.0,cpu,patch_nearest_normal,last2,14,0.05,False,,,0.00017808942357078195,0.00019554235113892002,False,True,True,True
2026-08-16 12:10:34,full_ctta,cable,monitor,C:/cira_batch_test/cable/good_20.png,good_20.png,normal,False,0.0878918245434761,0.0878918245434761,0.09852251798848576,0.09852251798848576,0.08661089912056923,False,False,16000,False,,False,0.0,cpu,patch_nearest_normal,last2,14,0.05,False,,,0.0001663546427153051,0.00019554235113892002,False,True,True,True
2026-08-16 12:10:36,full_ctta,cable,monitor,C:/cira_batch_test/cable/good_13.png,good_13.png,normal,False,0.09073878824710846,0.09073878824710846,0.09852251798848576,0.09852251798848576,0.08661089912056923,False,False,16000,False,,False,0.0,cpu,patch_nearest_normal,last2,14,0.05,False,,,0.00017049918824341148,0.00019554235113892002,False,True,True,True
2026-08-16 12:10:37,full_ctta,cable,monitor,C:/cira_batch_test/cable/good_15.png,good_15.png,normal,False,0.08307521045207977,2.9206276508375595e-07,0.09852251798848576,0.09852251798848576,0.08661089912056923,False,True,16000,True,0.0001866688980953768,True,0.0025341722648590803,cpu,patch_nearest_normal,last2,14,0.05,False,,,0.00016603899712208658,0.00019554235113892002,True,True,True,True
2026-08-16 12:10:39,full_ctta,cable,monitor,C:/cira_batch_test/cable/good_6.png,good_6.png,anomaly,True,0.10416612774133682,0.10416612774133682,0.09852251798848576,0.09852251798848576,0.08661089912056923,False,False,16000,False,,False,0.0,cpu,patch_nearest_normal,last2,14,0.05,False,,,0.0001533407048555091,0.00019554235113892002,False,True,True,True
2026-08-16 12:10:40,full_ctta,cable,monitor,C:/cira_batch_test/cable/good_4.png,good_4.png,normal,False,0.07218713313341141,2.682209014892578e-07,0.09852251798848576,0.09852251798848576,0.08661089912056923,False,True,16000,True,0.0002062235289486125,True,0.0024985496420413256,cpu,patch_nearest_normal,last2,14,0.05,False,,,0.00017464312259107828,0.00019554235113892002,True,True,True,True
2026-08-16 12:10:42,full_ctta,cable,monitor,C:/cira_batch_test/cable/bad_16.png,bad_16.png,anomaly,True,0.2687684893608093,0.2687684893608093,0.09852251798848576,0.09852251798848576,0.08661089912056923,False,False,16000,False,,False,0.0,cpu,patch_nearest_normal,last2,14,0.05,False,,,0.00016527288244105875,0.00019554235113892002,False,True,True,True
2026-08-16 12:10:44,full_ctta,cable,monitor,C:/cira_batch_test/cable/good_10.png,good_10.png,normal,False,0.08127405494451523,2.8014181907565217e-07,0.09852251798848576,0.09852251798848576,0.08661089912056923,False,True,16000,True,0.000179986483999528,True,0.002472574356943369,cpu,patch_nearest_normal,last2,14,0.05,False,,,0.00016353919636458158,0.00019554235113892002,True,True,True,True
2026-08-16 12:10:45,full_ctta,cable,monitor,C:/cira_batch_test/cable/bad_18.png,bad_18.png,anomaly,True,0.24523106217384338,0.24523106217384338,0.09852251798848576,0.09852251798848576,0.08661089912056923,False,False,16000,False,,False,0.0,cpu,patch_nearest_normal,last2,14,0.05,False,,,0.0001486572582507506,0.00019554235113892002,False,True,True,True
2026-08-16 12:10:47,full_ctta,cable,monitor,C:/cira_batch_test/cable/good_3.png,good_3.png,anomaly,True,0.11449050903320312,0.11449050903320312,0.09852251798848576,0.09852251798848576,0.08661089912056923,False,False,16000,False,,False,0.0,cpu,patch_nearest_normal,last2,14,0.05,False,,,0.0001587035512784496,0.00019554235113892002,False,True,True,True
2026-08-16 12:10:48,full_ctta,cable,monitor,C:/cira_batch_test/cable/bad_14.png,bad_14.png,anomaly,True,0.10171695053577423,0.10171695053577423,0.09852251798848576,0.09852251798848576,0.08661089912056923,False,False,16000,False,,False,0.0,cpu,patch_nearest_normal,last2,14,0.05,False,,,0.0001936910703079775,0.00019554235113892002,False,True,True,True
2026-08-16 12:10:50,full_ctta,cable,monitor,C:/cira_batch_test/cable/bad_6.png,bad_6.png,anomaly,True,0.24230997264385223,0.24230997264385223,0.09852251798848576,0.09852251798848576,0.08661089912056923,False,False,16000,False,,False,0.0,cpu,patch_nearest_normal,last2,14,0.05,False,,,0.00017408088024239987,0.00019554235113892002,False,True,True,True
2026-08-16 12:10:51,full_ctta,cable,monitor,C:/cira_batch_test/cable/bad_8.png,bad_8.png,anomaly,True,0.12648896872997284,0.12648896872997284,0.09852251798848576,0.09852251798848576,0.08661089912056923,False,False,16000,False,,False,0.0,cpu,patch_nearest_normal,last2,14,0.05,False,,,0.0001673592923907563,0.00019554235113892002,False,True,True,True
2026-08-16 12:10:53,full_ctta,cable,monitor,C:/cira_batch_test/cable/bad_11.png,bad_11.png,anomaly,True,0.19166281819343567,0.19166281819343567,0.09852251798848576,0.09852251798848576,0.08661089912056923,False,False,16000,False,,False,0.0,cpu,patch_nearest_normal,last2,14,0.05,False,,,0.00016924142255447805,0.00019554235113892002,False,True,True,True
2026-08-16 12:10:54,full_ctta,cable,monitor,C:/cira_batch_test/cable/bad_9.png,bad_9.png,anomaly,True,0.15937721729278564,0.15937721729278564,0.09852251798848576,0.09852251798848576,0.08661089912056923,False,False,16000,False,,False,0.0,cpu,patch_nearest_normal,last2,14,0.05,False,,,0.00017673902038950473,0.00019554235113892002,False,True,True,True
2026-08-16 12:10:56,full_ctta,cable,monitor,C:/cira_batch_test/cable/bad_5.png,bad_5.png,anomaly,True,0.13629846274852753,0.13629846274852753,0.09852251798848576,0.09852251798848576,0.08661089912056923,False,False,16000,False,,False,0.0,cpu,patch_nearest_normal,last2,14,0.05,False,,,0.00017124270380008966,0.00019554235113892002,False,True,True,True
2026-08-16 12:10:57,full_ctta,cable,monitor,C:/cira_batch_test/cable/good_9.png,good_9.png,normal,False,0.08777220547199249,0.08777220547199249,0.09852251798848576,0.09852251798848576,0.08661089912056923,False,False,16000,False,,False,0.0,cpu,patch_nearest_normal,last2,14,0.05,False,,,0.00016406251234002411,0.00019554235113892002,False,True,True,True
2026-08-16 12:10:59,full_ctta,cable,monitor,C:/cira_batch_test/cable/good_2.png,good_2.png,normal,False,0.08579741418361664,2.8014181907565217e-07,0.09852251798848576,0.09852251798848576,0.08661089912056923,False,True,16000,True,0.00018412212375551462,True,0.0024779527448117733,cpu,patch_nearest_normal,last2,14,0.05,False,,,0.00016190674796234816,0.00019554235113892002,True,True,True,True
2026-08-16 12:11:00,full_ctta,cable,monitor,C:/cira_batch_test/cable/bad_2.png,bad_2.png,anomaly,True,0.2913936674594879,0.2913936674594879,0.09852251798848576,0.09852251798848576,0.08661089912056923,False,False,16000,False,,False,0.0,cpu,patch_nearest_normal,last2,14,0.05,False,,,0.00017298173042945564,0.00019554235113892002,False,True,True,True
2026-08-16 12:11:02,full_ctta,cable,monitor,C:/cira_batch_test/cable/bad_17.png,bad_17.png,anomaly,True,0.1484050303697586,0.1484050303697586,0.09852251798848576,0.09852251798848576,0.08661089912056923,False,False,16000,False,,False,0.0,cpu,patch_nearest_normal,last2,14,0.05,False,,,0.0001846046361606568,0.00019554235113892002,False,True,True,True
2026-08-16 12:11:03,full_ctta,cable,monitor,C:/cira_batch_test/cable/bad_1.png,bad_1.png,anomaly,True,0.25467079877853394,0.25467079877853394,0.09852251798848576,0.09852251798848576,0.08661089912056923,False,False,16000,False,,False,0.0,cpu,patch_nearest_normal,last2,14,0.05,False,,,0.00015552846889477223,0.00019554235113892002,False,True,True,True
2026-08-16 12:11:05,full_ctta,cable,monitor,C:/cira_batch_test/cable/good_12.png,good_12.png,normal,False,0.07868854701519012,2.5629998390286346e-07,0.09852251798848576,0.09852251798848576,0.08661089912056923,False,True,16000,True,0.00017782291979528964,True,0.002479699905961752,cpu,patch_nearest_normal,last2,14,0.05,False,,,0.0001653828949201852,0.00019554235113892002,True,True,True,True
2026-08-16 12:11:07,full_ctta,cable,monitor,C:/cira_batch_test/cable/good_18.png,good_18.png,normal,False,0.0686449408531189,3.159046286782541e-07,0.09852251798848576,0.09852251798848576,0.08661089912056923,False,True,16000,True,0.0001755592820700258,True,0.002481948584318161,cpu,patch_nearest_normal,last2,14,0.05,True,C:\cira_ttl_checkpoints\cable\patch_memory_bank_update_10.pt,C:\cira_ttl_checkpoints\cable\patch_adapter_update_10.pt,0.00015795142098795623,0.00019554235113892002,True,True,True,True
2026-08-16 12:11:09,full_ctta,cable,monitor,C:/cira_batch_test/cable/good_17.png,good_17.png,normal,False,0.0665031224489212,3.516674098591466e-07,0.09852251798848576,0.09852251798848576,0.08661089912056923,False,True,16000,True,0.00017898439546115696,True,0.002480913884937763,cpu,patch_nearest_normal,last2,14,0.05,False,,,0.0001563617552164942,0.00019554235113892002,True,True,True,True
2026-08-16 12:11:10,full_ctta,cable,monitor,C:/cira_batch_test/cable/bad_19.png,bad_19.png,normal,False,0.09335501492023468,0.09335501492023468,0.09852251798848576,0.09852251798848576,0.08661089912056923,False,False,16000,False,,False,0.0,cpu,patch_nearest_normal,last2,14,0.05,False,,,0.00014835481124464422,0.00019554235113892002,False,True,True,True
2026-08-16 12:11:12,full_ctta,cable,monitor,C:/cira_batch_test/cable/good_1.png,good_1.png,normal,False,0.08057234436273575,2.980232238769531e-07,0.09852251798848576,0.09852251798848576,0.08661089912056923,False,True,16000,True,0.00017716758884489536,True,0.0024782095570117235,cpu,patch_nearest_normal,last2,14,0.05,False,,,0.00015951014938764274,0.00019554235113892002,True,True,True,True
2026-08-16 12:11:13,full_ctta,capsule,monitor,C:/cira_batch_test/capsule/bad_10.png,bad_10.png,anomaly,True,0.06707195937633514,0.06707195937633514,0.04299485732503146,0.04299485732503146,0.031231427378952504,False,False,16000,False,,False,0.0,cpu,patch_nearest_normal,last2,14,0.05,False,,,0.00010161063983105123,0.0001107694308302,False,True,True,True
2026-08-16 12:11:15,full_ctta,capsule,monitor,C:/cira_batch_test/capsule/good_16.png,good_16.png,normal,False,0.027401089668273926,3.099441414633475e-07,0.04299485732503146,0.04299485732503146,0.031231427378952504,False,True,16000,True,0.00011684215860441327,True,0.0030022147111594677,cpu,patch_nearest_normal,last2,14,0.05,False,,,0.00010695202217902988,0.0001107694308302,True,True,True,True
2026-08-16 12:11:17,full_ctta,capsule,monitor,C:/cira_batch_test/capsule/bad_12.png,bad_12.png,anomaly,True,0.04924784228205681,0.04924784228205681,0.04299485732503146,0.04299485732503146,0.031231427378952504,False,False,16000,False,,False,0.0,cpu,patch_nearest_normal,last2,14,0.05,False,,,0.00010713165829656646,0.0001107694308302,False,True,True,True
2026-08-16 12:11:18,full_ctta,capsule,monitor,C:/cira_batch_test/capsule/good_11.png,good_11.png,normal,False,0.029069865122437477,2.8014181907565217e-07,0.04299485732503146,0.04299485732503146,0.031231427378952504,False,True,16000,True,0.00010742513404693455,True,0.0028123031370341778,cpu,patch_nearest_normal,last2,14,0.05,False,,,0.00010322401067242026,0.0001107694308302,True,True,True,True
2026-08-16 12:11:20,full_ctta,capsule,monitor,C:/cira_batch_test/capsule/bad_13.png,bad_13.png,anomaly,True,0.04360487312078476,0.04360487312078476,0.04299485732503146,0.04299485732503146,0.031231427378952504,False,False,16000,False,,False,0.0,cpu,patch_nearest_normal,last2,14,0.05,False,,,9.889087232295424e-05,0.0001107694308302,False,True,True,True
2026-08-16 12:11:21,full_ctta,capsule,monitor,C:/cira_batch_test/capsule/good_7.png,good_7.png,anomaly,True,0.06802289932966232,0.06802289932966232,0.04299485732503146,0.04299485732503146,0.031231427378952504,False,False,16000,False,,False,0.0,cpu,patch_nearest_normal,last2,14,0.05,False,,,9.087019134312868e-05,0.0001107694308302,False,True,True,True
2026-08-16 12:11:23,full_ctta,capsule,monitor,C:/cira_batch_test/capsule/good_8.png,good_8.png,normal,False,0.02867174707353115,3.039836826701503e-07,0.04299485732503146,0.04299485732503146,0.031231427378952504,False,True,16000,True,0.00010529922292334959,True,0.0026659383438527584,cpu,patch_nearest_normal,last2,14,0.05,False,,,0.00010435251169838011,0.0001107694308302,True,True,True,True
2026-08-16 12:11:25,full_ctta,capsule,monitor,C:/cira_batch_test/capsule/bad_20.png,bad_20.png,anomaly,True,0.052229516208171844,0.052229516208171844,0.04299485732503146,0.04299485732503146,0.031231427378952504,False,False,16000,False,,False,0.0,cpu,patch_nearest_normal,last2,14,0.05,False,,,9.690684964880347e-05,0.0001107694308302,False,True,True,True
2026-08-16 12:11:26,full_ctta,capsule,monitor,C:/cira_batch_test/capsule/good_19.png,good_19.png,normal,False,0.017726857215166092,3.457069510659494e-07,0.04299485732503146,0.04299485732503146,0.031231427378952504,False,True,16000,True,0.00010783788457047194,True,0.002612217329442501,cpu,patch_nearest_normal,last2,14,0.05,False,,,0.00010034169827122241,0.0001107694308302,True,True,True,True
2026-08-16 12:11:28,full_ctta,capsule,monitor,C:/cira_batch_test/capsule/bad_3.png,bad_3.png,anomaly,True,0.09370988607406616,0.09370988607406616,0.04299485732503146,0.04299485732503146,0.031231427378952504,False,False,16000,False,,False,0.0,cpu,patch_nearest_normal,last2,14,0.05,False,,,0.00010111937444889918,0.0001107694308302,False,True,True,True
2026-08-16 12:11:29,full_ctta,capsule,monitor,C:/cira_batch_test/capsule/bad_7.png,bad_7.png,anomaly,True,0.07431893050670624,0.07431893050670624,0.04299485732503146,0.04299485732503146,0.031231427378952504,False,False,16000,False,,False,0.0,cpu,patch_nearest_normal,last2,14,0.05,False,,,9.772197518032044e-05,0.0001107694308302,False,True,True,True
2026-08-16 12:11:31,full_ctta,capsule,monitor,C:/cira_batch_test/capsule/bad_15.png,bad_15.png,anomaly,True,0.08072212338447571,0.08072212338447571,0.04299485732503146,0.04299485732503146,0.031231427378952504,False,False,16000,False,,False,0.0,cpu,patch_nearest_normal,last2,14,0.05,False,,,0.00010723772720666602,0.0001107694308302,False,True,True,True
2026-08-16 12:11:32,full_ctta,capsule,monitor,C:/cira_batch_test/capsule/good_5.png,good_5.png,normal,False,0.02356356382369995,2.8610230629055877e-07,0.04299485732503146,0.04299485732503146,0.031231427378952504,False,True,16000,True,0.00010627308074617758,True,0.0026046487037092447,cpu,patch_nearest_normal,last2,14,0.05,False,,,8.90135852387175e-05,0.0001107694308302,True,True,True,True
2026-08-16 12:11:34,full_ctta,capsule,monitor,C:/cira_batch_test/capsule/good_14.png,good_14.png,normal,False,0.024421703070402145,3.099441414633475e-07,0.04299485732503146,0.04299485732503146,0.031231427378952504,False,True,16000,True,0.0001142319742939435,True,0.0025967187248170376,cpu,patch_nearest_normal,last2,14,0.05,False,,,0.0001066708646249026,0.0001107694308302,True,True,True,True
2026-08-16 12:11:36,full_ctta,capsule,monitor,C:/cira_batch_test/capsule/bad_4.png,bad_4.png,normal,False,0.035468608140945435,0.035468608140945435,0.04299485732503146,0.04299485732503146,0.031231427378952504,False,False,16000,False,,False,0.0,cpu,patch_nearest_normal,last2,14,0.05,False,,,9.850760397966951e-05,0.0001107694308302,False,True,True,True
2026-08-16 12:11:37,full_ctta,capsule,monitor,C:/cira_batch_test/capsule/good_20.png,good_20.png,normal,False,0.02796800807118416,2.5033949668795685e-07,0.04299485732503146,0.04299485732503146,0.031231427378952504,False,True,16000,True,0.00010516897600609809,True,0.002564612776041031,cpu,patch_nearest_normal,last2,14,0.05,False,,,9.296172356698662e-05,0.0001107694308302,True,True,True,True
2026-08-16 12:11:39,full_ctta,capsule,monitor,C:/cira_batch_test/capsule/good_13.png,good_13.png,normal,False,0.025732601061463356,3.099441414633475e-07,0.04299485732503146,0.04299485732503146,0.031231427378952504,False,True,16000,True,0.0001058675698004663,True,0.0025638712104409933,cpu,patch_nearest_normal,last2,14,0.05,False,,,0.00010143036342924461,0.0001107694308302,True,True,True,True
2026-08-16 12:11:40,full_ctta,capsule,monitor,C:/cira_batch_test/capsule/good_15.png,good_15.png,normal,False,0.027745699509978294,0.027745699509978294,0.04299485732503146,0.04299485732503146,0.031231427378952504,False,False,16000,False,,False,0.0,cpu,patch_nearest_normal,last2,14,0.05,False,,,0.00011604405881371349,0.0001107694308302,True,False,True,True
2026-08-16 12:11:42,full_ctta,capsule,monitor,C:/cira_batch_test/capsule/good_6.png,good_6.png,normal,False,0.015583092346787453,2.8610230629055877e-07,0.04299485732503146,0.04299485732503146,0.031231427378952504,False,True,16000,True,9.978000889532268e-05,True,0.0025520911440253258,cpu,patch_nearest_normal,last2,14,0.05,False,,,9.602669160813093e-05,0.0001107694308302,True,True,True,True
2026-08-16 12:11:44,full_ctta,capsule,monitor,C:/cira_batch_test/capsule/good_4.png,good_4.png,normal,False,0.019512008875608444,2.682209014892578e-07,0.04299485732503146,0.04299485732503146,0.031231427378952504,False,True,16000,True,0.00010748160275397822,True,0.002556858817115426,cpu,patch_nearest_normal,last2,14,0.05,True,C:\cira_ttl_checkpoints\capsule\patch_memory_bank_update_10.pt,C:\cira_ttl_checkpoints\capsule\patch_adapter_update_10.pt,0.00010201992699876428,0.0001107694308302,True,True,True,True
2026-08-16 12:11:45,full_ctta,capsule,monitor,C:/cira_batch_test/capsule/bad_16.png,bad_16.png,anomaly,True,0.07200852781534195,0.07200852781534195,0.04299485732503146,0.04299485732503146,0.031231427378952504,False,False,16000,False,,False,0.0,cpu,patch_nearest_normal,last2,14,0.05,False,,,0.00010013614519266412,0.0001107694308302,False,True,True,True
2026-08-16 12:11:47,full_ctta,capsule,monitor,C:/cira_batch_test/capsule/good_10.png,good_10.png,normal,False,0.020815420895814896,3.2186508747145126e-07,0.04299485732503146,0.04299485732503146,0.031231427378952504,False,True,16000,True,0.00010744102473836392,True,0.0025582038797438145,cpu,patch_nearest_normal,last2,14,0.05,False,,,9.174275328405201e-05,0.0001107694308302,True,True,True,True
2026-08-16 12:11:49,full_ctta,capsule,monitor,C:/cira_batch_test/capsule/bad_18.png,bad_18.png,anomaly,True,0.057357460260391235,0.057357460260391235,0.04299485732503146,0.04299485732503146,0.031231427378952504,False,False,16000,False,,False,0.0,cpu,patch_nearest_normal,last2,14,0.05,False,,,0.0001002768985927105,0.0001107694308302,False,True,True,True
2026-08-16 12:11:50,full_ctta,capsule,monitor,C:/cira_batch_test/capsule/good_3.png,good_3.png,normal,False,0.03868820145726204,0.03868820145726204,0.04299485732503146,0.04299485732503146,0.031231427378952504,False,False,16000,False,,False,0.0,cpu,patch_nearest_normal,last2,14,0.05,False,,,8.980386337498203e-05,0.0001107694308302,False,True,True,True
2026-08-16 12:11:52,full_ctta,capsule,monitor,C:/cira_batch_test/capsule/bad_14.png,bad_14.png,normal,False,0.03521233797073364,0.03521233797073364,0.04299485732503146,0.04299485732503146,0.031231427378952504,False,False,16000,False,,False,0.0,cpu,patch_nearest_normal,last2,14,0.05,False,,,0.00010012045822804794,0.0001107694308302,False,True,True,True
2026-08-16 12:11:53,full_ctta,capsule,monitor,C:/cira_batch_test/capsule/bad_6.png,bad_6.png,anomaly,True,0.12003195285797119,0.12003195285797119,0.04299485732503146,0.04299485732503146,0.031231427378952504,False,False,16000,False,,False,0.0,cpu,patch_nearest_normal,last2,14,0.05,False,,,9.586555825080723e-05,0.0001107694308302,False,True,True,True
2026-08-16 12:11:55,full_ctta,capsule,monitor,C:/cira_batch_test/capsule/bad_8.png,bad_8.png,anomaly,True,0.12262805551290512,0.12262805551290512,0.04299485732503146,0.04299485732503146,0.031231427378952504,False,False,16000,False,,False,0.0,cpu,patch_nearest_normal,last2,14,0.05,False,,,8.320165943587199e-05,0.0001107694308302,False,True,True,True
2026-08-16 12:11:56,full_ctta,capsule,monitor,C:/cira_batch_test/capsule/bad_11.png,bad_11.png,normal,False,0.042612940073013306,0.042612940073013306,0.04299485732503146,0.04299485732503146,0.031231427378952504,False,False,16000,False,,False,0.0,cpu,patch_nearest_normal,last2,14,0.05,False,,,9.406432218383998e-05,0.0001107694308302,False,True,True,True
2026-08-16 12:11:58,full_ctta,capsule,monitor,C:/cira_batch_test/capsule/bad_9.png,bad_9.png,anomaly,True,0.17425747215747833,0.17425747215747833,0.04299485732503146,0.04299485732503146,0.031231427378952504,False,False,16000,False,,False,0.0,cpu,patch_nearest_normal,last2,14,0.05,False,,,0.00010796003334689885,0.0001107694308302,False,True,True,True
2026-08-16 12:11:59,full_ctta,capsule,monitor,C:/cira_batch_test/capsule/bad_5.png,bad_5.png,normal,False,0.04187881946563721,0.04187881946563721,0.04299485732503146,0.04299485732503146,0.031231427378952504,False,False,16000,False,,False,0.0,cpu,patch_nearest_normal,last2,14,0.05,False,,,9.29245725274086e-05,0.0001107694308302,False,True,True,True
2026-08-16 12:12:01,full_ctta,capsule,monitor,C:/cira_batch_test/capsule/good_9.png,good_9.png,normal,False,0.017847556620836258,2.6226044269606064e-07,0.04299485732503146,0.04299485732503146,0.031231427378952504,False,True,16000,True,0.00010154220944968984,True,0.0025627564173191786,cpu,patch_nearest_normal,last2,14,0.05,False,,,0.00010011493577621877,0.0001107694308302,True,True,True,True
2026-08-16 12:12:03,full_ctta,capsule,monitor,C:/cira_batch_test/capsule/good_2.png,good_2.png,normal,False,0.016298096626996994,2.8610230629055877e-07,0.04299485732503146,0.04299485732503146,0.031231427378952504,False,True,16000,True,0.00010191256296820939,True,0.0025657042860984802,cpu,patch_nearest_normal,last2,14,0.05,False,,,0.00010459614713909104,0.0001107694308302,True,True,True,True
2026-08-16 12:12:04,full_ctta,capsule,monitor,C:/cira_batch_test/capsule/bad_2.png,bad_2.png,anomaly,True,0.26236099004745483,0.26236099004745483,0.04299485732503146,0.04299485732503146,0.031231427378952504,False,False,16000,False,,False,0.0,cpu,patch_nearest_normal,last2,14,0.05,False,,,0.00010144374391529709,0.0001107694308302,False,True,True,True
2026-08-16 12:12:06,full_ctta,capsule,monitor,C:/cira_batch_test/capsule/bad_17.png,bad_17.png,anomaly,True,0.05223022773861885,0.05223022773861885,0.04299485732503146,0.04299485732503146,0.031231427378952504,False,False,16000,False,,False,0.0,cpu,patch_nearest_normal,last2,14,0.05,False,,,9.145325748249888e-05,0.0001107694308302,False,True,True,True
2026-08-16 12:12:07,full_ctta,capsule,monitor,C:/cira_batch_test/capsule/bad_1.png,bad_1.png,anomaly,True,0.17127037048339844,0.17127037048339844,0.04299485732503146,0.04299485732503146,0.031231427378952504,False,False,16000,False,,False,0.0,cpu,patch_nearest_normal,last2,14,0.05,False,,,0.00010625288268784061,0.0001107694308302,False,True,True,True
2026-08-16 12:12:09,full_ctta,capsule,monitor,C:/cira_batch_test/capsule/good_12.png,good_12.png,normal,False,0.03651837632060051,0.03651837632060051,0.04299485732503146,0.04299485732503146,0.031231427378952504,False,False,16000,False,,False,0.0,cpu,patch_nearest_normal,last2,14,0.05,False,,,0.00010598488006507978,0.0001107694308302,False,True,True,True
2026-08-16 12:12:10,full_ctta,capsule,monitor,C:/cira_batch_test/capsule/good_18.png,good_18.png,normal,False,0.017973482608795166,3.337860050578456e-07,0.04299485732503146,0.04299485732503146,0.031231427378952504,False,True,16000,True,0.00011522147542564198,True,0.002565061440691352,cpu,patch_nearest_normal,last2,14,0.05,False,,,9.377751121064648e-05,0.0001107694308302,True,True,True,True
2026-08-16 12:12:12,full_ctta,capsule,monitor,C:/cira_batch_test/capsule/good_17.png,good_17.png,normal,False,0.018051236867904663,0.018051236867904663,0.04299485732503146,0.04299485732503146,0.031231427378952504,False,False,16000,False,,False,0.0,cpu,patch_nearest_normal,last2,14,0.05,False,,,0.0001165892681456171,0.0001107694308302,True,False,True,True
2026-08-16 12:12:13,full_ctta,capsule,monitor,C:/cira_batch_test/capsule/bad_19.png,bad_19.png,anomaly,True,0.10918090492486954,0.10918090492486954,0.04299485732503146,0.04299485732503146,0.031231427378952504,False,False,16000,False,,False,0.0,cpu,patch_nearest_normal,last2,14,0.05,False,,,0.0001038873233483173,0.0001107694308302,False,True,True,True
2026-08-16 12:12:15,full_ctta,capsule,monitor,C:/cira_batch_test/capsule/good_1.png,good_1.png,normal,False,0.02708646096289158,2.8610230629055877e-07,0.04299485732503146,0.04299485732503146,0.031231427378952504,False,True,16000,True,0.00011510257900226861,True,0.002564718248322606,cpu,patch_nearest_normal,last2,14,0.05,False,,,0.00010478232434252277,0.0001107694308302,True,True,True,True
2026-08-16 12:12:17,full_ctta,carpet,monitor,C:/cira_batch_test/carpet/bad_10.png,bad_10.png,anomaly,True,0.23354916274547577,0.23354916274547577,0.0343417185988487,0.0343417185988487,0.03367696963250637,False,False,16000,False,,False,0.0,cpu,patch_nearest_normal,last2,14,0.05,False,,,5.3030271374154836e-05,6.111156617407686e-05,False,True,True,True
2026-08-16 12:12:18,full_ctta,carpet,monitor,C:/cira_batch_test/carpet/good_16.png,good_16.png,anomaly,True,0.03679478168487549,0.03679478168487549,0.0343417185988487,0.0343417185988487,0.03367696963250637,False,False,16000,False,,False,0.0,cpu,patch_nearest_normal,last2,14,0.05,False,,,3.616176763898693e-05,6.111156617407686e-05,False,True,True,True
2026-08-16 12:12:20,full_ctta,carpet,monitor,C:/cira_batch_test/carpet/bad_12.png,bad_12.png,normal,False,0.03406236320734024,0.03406236320734024,0.0343417185988487,0.0343417185988487,0.03367696963250637,False,False,16000,False,,False,0.0,cpu,patch_nearest_normal,last2,14,0.05,False,,,4.21014592575375e-05,6.111156617407686e-05,False,True,True,True
2026-08-16 12:12:21,full_ctta,carpet,monitor,C:/cira_batch_test/carpet/good_11.png,good_11.png,anomaly,True,0.04204009100794792,0.04204009100794792,0.0343417185988487,0.0343417185988487,0.03367696963250637,False,False,16000,False,,False,0.0,cpu,patch_nearest_normal,last2,14,0.05,False,,,4.464065204956569e-05,6.111156617407686e-05,False,True,True,True
2026-08-16 12:12:23,full_ctta,carpet,monitor,C:/cira_batch_test/carpet/bad_13.png,bad_13.png,anomaly,True,0.03563273698091507,0.03563273698091507,0.0343417185988487,0.0343417185988487,0.03367696963250637,False,False,16000,False,,False,0.0,cpu,patch_nearest_normal,last2,14,0.05,False,,,4.6473600377794355e-05,6.111156617407686e-05,False,True,True,True
2026-08-16 12:12:24,full_ctta,carpet,monitor,C:/cira_batch_test/carpet/good_7.png,good_7.png,anomaly,True,0.03651086241006851,0.03651086241006851,0.0343417185988487,0.0343417185988487,0.03367696963250637,False,False,16000,False,,False,0.0,cpu,patch_nearest_normal,last2,14,0.05,False,,,3.636176188592799e-05,6.111156617407686e-05,False,True,True,True
2026-08-16 12:12:26,full_ctta,carpet,monitor,C:/cira_batch_test/carpet/good_8.png,good_8.png,normal,False,0.031294096261262894,3.457069510659494e-07,0.0343417185988487,0.0343417185988487,0.03367696963250637,False,True,16000,True,5.014423368265852e-05,True,0.0029176215175539255,cpu,patch_nearest_normal,last2,14,0.05,False,,,4.083800013177097e-05,6.111156617407686e-05,True,True,True,True
2026-08-16 12:12:28,full_ctta,carpet,monitor,C:/cira_batch_test/carpet/bad_20.png,bad_20.png,anomaly,True,0.1380622684955597,0.1380622684955597,0.0343417185988487,0.0343417185988487,0.03367696963250637,False,False,16000,False,,False,0.0,cpu,patch_nearest_normal,last2,14,0.05,False,,,4.877861283603124e-05,6.111156617407686e-05,False,True,True,True
2026-08-16 12:12:29,full_ctta,carpet,monitor,C:/cira_batch_test/carpet/good_19.png,good_19.png,anomaly,True,0.03482867032289505,0.03482867032289505,0.0343417185988487,0.0343417185988487,0.03367696963250637,False,False,16000,False,,False,0.0,cpu,patch_nearest_normal,last2,14,0.05,False,,,4.820966569241136e-05,6.111156617407686e-05,False,True,True,True
2026-08-16 12:12:31,full_ctta,carpet,monitor,C:/cira_batch_test/carpet/bad_3.png,bad_3.png,anomaly,True,0.35503530502319336,0.35503530502319336,0.0343417185988487,0.0343417185988487,0.03367696963250637,False,False,16000,False,,False,0.0,cpu,patch_nearest_normal,last2,14,0.05,False,,,4.022068969788961e-05,6.111156617407686e-05,False,True,True,True
2026-08-16 12:12:32,full_ctta,carpet,monitor,C:/cira_batch_test/carpet/bad_7.png,bad_7.png,anomaly,True,0.07346631586551666,0.07346631586551666,0.0343417185988487,0.0343417185988487,0.03367696963250637,False,False,16000,False,,False,0.0,cpu,patch_nearest_normal,last2,14,0.05,False,,,4.5532247895607725e-05,6.111156617407686e-05,False,True,True,True
2026-08-16 12:12:34,full_ctta,carpet,monitor,C:/cira_batch_test/carpet/bad_15.png,bad_15.png,anomaly,True,0.03881126642227173,0.03881126642227173,0.0343417185988487,0.0343417185988487,0.03367696963250637,False,False,16000,False,,False,0.0,cpu,patch_nearest_normal,last2,14,0.05,False,,,3.7190427974564955e-05,6.111156617407686e-05,False,True,True,True
2026-08-16 12:12:35,full_ctta,carpet,monitor,C:/cira_batch_test/carpet/good_5.png,good_5.png,normal,False,0.03370082378387451,0.03370082378387451,0.0343417185988487,0.0343417185988487,0.03367696963250637,False,False,16000,False,,False,0.0,cpu,patch_nearest_normal,last2,14,0.05,False,,,4.1541472455719486e-05,6.111156617407686e-05,False,True,True,True
2026-08-16 12:12:37,full_ctta,carpet,monitor,C:/cira_batch_test/carpet/good_14.png,good_14.png,anomaly,True,0.03993387892842293,0.03993387892842293,0.0343417185988487,0.0343417185988487,0.03367696963250637,False,False,16000,False,,False,0.0,cpu,patch_nearest_normal,last2,14,0.05,False,,,3.667624696390703e-05,6.111156617407686e-05,False,True,True,True
2026-08-16 12:12:38,full_ctta,carpet,monitor,C:/cira_batch_test/carpet/bad_4.png,bad_4.png,anomaly,True,0.2747161388397217,0.2747161388397217,0.0343417185988487,0.0343417185988487,0.03367696963250637,False,False,16000,False,,False,0.0,cpu,patch_nearest_normal,last2,14,0.05,False,,,6.075339479139075e-05,6.111156617407686e-05,False,True,True,True
2026-08-16 12:12:40,full_ctta,carpet,monitor,C:/cira_batch_test/carpet/good_20.png,good_20.png,anomaly,True,0.03834163025021553,0.03834163025021553,0.0343417185988487,0.0343417185988487,0.03367696963250637,False,False,16000,False,,False,0.0,cpu,patch_nearest_normal,last2,14,0.05,False,,,5.740101551054977e-05,6.111156617407686e-05,False,True,True,True
2026-08-16 12:12:41,full_ctta,carpet,monitor,C:/cira_batch_test/carpet/good_13.png,good_13.png,anomaly,True,0.035578154027462006,0.035578154027462006,0.0343417185988487,0.0343417185988487,0.03367696963250637,False,False,16000,False,,False,0.0,cpu,patch_nearest_normal,last2,14,0.05,False,,,3.0926854378776625e-05,6.111156617407686e-05,False,True,True,True
2026-08-16 12:12:43,full_ctta,carpet,monitor,C:/cira_batch_test/carpet/good_15.png,good_15.png,anomaly,True,0.03941008448600769,0.03941008448600769,0.0343417185988487,0.0343417185988487,0.03367696963250637,False,False,16000,False,,False,0.0,cpu,patch_nearest_normal,last2,14,0.05,False,,,3.852169538731687e-05,6.111156617407686e-05,False,True,True,True
2026-08-16 12:12:45,full_ctta,carpet,monitor,C:/cira_batch_test/carpet/good_6.png,good_6.png,normal,False,0.031158054247498512,2.384185791015625e-07,0.0343417185988487,0.0343417185988487,0.03367696963250637,False,True,16000,True,4.517273555393331e-05,True,0.0027476090472191572,cpu,patch_nearest_normal,last2,14,0.05,False,,,4.0212416934082285e-05,6.111156617407686e-05,True,True,True,True
2026-08-16 12:12:46,full_ctta,carpet,monitor,C:/cira_batch_test/carpet/good_4.png,good_4.png,normal,False,0.031047623604536057,3.159046286782541e-07,0.0343417185988487,0.0343417185988487,0.03367696963250637,False,True,16000,True,4.359823287813924e-05,True,0.0026803025975823402,cpu,patch_nearest_normal,last2,14,0.05,False,,,3.5930770536651835e-05,6.111156617407686e-05,True,True,True,True
2026-08-16 12:12:48,full_ctta,carpet,monitor,C:/cira_batch_test/carpet/bad_16.png,bad_16.png,anomaly,True,0.13197854161262512,0.13197854161262512,0.0343417185988487,0.0343417185988487,0.03367696963250637,False,False,16000,False,,False,0.0,cpu,patch_nearest_normal,last2,14,0.05,False,,,5.326685277395882e-05,6.111156617407686e-05,False,True,True,True
2026-08-16 12:12:50,full_ctta,carpet,monitor,C:/cira_batch_test/carpet/good_10.png,good_10.png,normal,False,0.03363652899861336,2.8014181907565217e-07,0.0343417185988487,0.0343417185988487,0.03367696963250637,False,True,16000,True,4.1872397559927776e-05,True,0.002672384027391672,cpu,patch_nearest_normal,last2,14,0.05,False,,,3.463240500423126e-05,6.111156617407686e-05,True,True,True,True
2026-08-16 12:12:51,full_ctta,carpet,monitor,C:/cira_batch_test/carpet/bad_18.png,bad_18.png,anomaly,True,0.33338144421577454,0.33338144421577454,0.0343417185988487,0.0343417185988487,0.03367696963250637,False,False,16000,False,,False,0.0,cpu,patch_nearest_normal,last2,14,0.05,False,,,5.258078090264462e-05,6.111156617407686e-05,False,True,True,True
2026-08-16 12:12:53,full_ctta,carpet,monitor,C:/cira_batch_test/carpet/good_3.png,good_3.png,normal,False,0.028187770396471024,3.2782554626464844e-07,0.0343417185988487,0.0343417185988487,0.03367696963250637,False,True,16000,True,4.3522952182684094e-05,True,0.0026607362087816,cpu,patch_nearest_normal,last2,14,0.05,False,,,3.6962963349651545e-05,6.111156617407686e-05,True,True,True,True
2026-08-16 12:12:55,full_ctta,carpet,monitor,C:/cira_batch_test/carpet/bad_14.png,bad_14.png,anomaly,True,0.21773239970207214,0.21773239970207214,0.0343417185988487,0.0343417185988487,0.03367696963250637,False,False,16000,False,,False,0.0,cpu,patch_nearest_normal,last2,14,0.05,False,,,5.754211815656163e-05,6.111156617407686e-05,False,True,True,True
2026-08-16 12:12:56,full_ctta,carpet,monitor,C:/cira_batch_test/carpet/bad_6.png,bad_6.png,anomaly,True,0.10893948376178741,0.10893948376178741,0.0343417185988487,0.0343417185988487,0.03367696963250637,False,False,16000,False,,False,0.0,cpu,patch_nearest_normal,last2,14,0.05,False,,,4.0395574615104124e-05,6.111156617407686e-05,False,True,True,True
2026-08-16 12:12:58,full_ctta,carpet,monitor,C:/cira_batch_test/carpet/bad_8.png,bad_8.png,anomaly,True,0.29757142066955566,0.29757142066955566,0.0343417185988487,0.0343417185988487,0.03367696963250637,False,False,16000,False,,False,0.0,cpu,patch_nearest_normal,last2,14,0.05,False,,,5.415333725977689e-05,6.111156617407686e-05,False,True,True,True
2026-08-16 12:12:59,full_ctta,carpet,monitor,C:/cira_batch_test/carpet/bad_11.png,bad_11.png,anomaly,True,0.08708662539720535,0.08708662539720535,0.0343417185988487,0.0343417185988487,0.03367696963250637,False,False,16000,False,,False,0.0,cpu,patch_nearest_normal,last2,14,0.05,False,,,4.9655991460895166e-05,6.111156617407686e-05,False,True,True,True
2026-08-16 12:13:01,full_ctta,carpet,monitor,C:/cira_batch_test/carpet/bad_9.png,bad_9.png,anomaly,True,0.3498721420764923,0.3498721420764923,0.0343417185988487,0.0343417185988487,0.03367696963250637,False,False,16000,False,,False,0.0,cpu,patch_nearest_normal,last2,14,0.05,False,,,7.600926619488746e-05,6.111156617407686e-05,False,False,True,True
2026-08-16 12:13:02,full_ctta,carpet,monitor,C:/cira_batch_test/carpet/bad_5.png,bad_5.png,anomaly,True,0.23475921154022217,0.23475921154022217,0.0343417185988487,0.0343417185988487,0.03367696963250637,False,False,16000,False,,False,0.0,cpu,patch_nearest_normal,last2,14,0.05,False,,,5.60873668291606e-05,6.111156617407686e-05,False,True,True,True
2026-08-16 12:13:04,full_ctta,carpet,monitor,C:/cira_batch_test/carpet/good_9.png,good_9.png,anomaly,True,0.04120747372508049,0.04120747372508049,0.0343417185988487,0.0343417185988487,0.03367696963250637,False,False,16000,False,,False,0.0,cpu,patch_nearest_normal,last2,14,0.05,False,,,3.226101034670137e-05,6.111156617407686e-05,False,True,True,True
2026-08-16 12:13:06,full_ctta,carpet,monitor,C:/cira_batch_test/carpet/good_2.png,good_2.png,normal,False,0.033580534160137177,2.8014181907565217e-07,0.0343417185988487,0.0343417185988487,0.03367696963250637,False,True,16000,True,5.1356793846935034e-05,True,0.002617638325318694,cpu,patch_nearest_normal,last2,14,0.05,False,,,5.008100561099127e-05,6.111156617407686e-05,True,True,True,True
2026-08-16 12:13:07,full_ctta,carpet,monitor,C:/cira_batch_test/carpet/bad_2.png,bad_2.png,anomaly,True,0.15609347820281982,0.15609347820281982,0.0343417185988487,0.0343417185988487,0.03367696963250637,False,False,16000,False,,False,0.0,cpu,patch_nearest_normal,last2,14,0.05,False,,,5.333698572940193e-05,6.111156617407686e-05,False,True,True,True
2026-08-16 12:13:09,full_ctta,carpet,monitor,C:/cira_batch_test/carpet/bad_17.png,bad_17.png,anomaly,True,0.05174246430397034,0.05174246430397034,0.0343417185988487,0.0343417185988487,0.03367696963250637,False,False,16000,False,,False,0.0,cpu,patch_nearest_normal,last2,14,0.05,False,,,5.0832841225201264e-05,6.111156617407686e-05,False,True,True,True
2026-08-16 12:13:10,full_ctta,carpet,monitor,C:/cira_batch_test/carpet/bad_1.png,bad_1.png,anomaly,True,0.060044098645448685,0.060044098645448685,0.0343417185988487,0.0343417185988487,0.03367696963250637,False,False,16000,False,,False,0.0,cpu,patch_nearest_normal,last2,14,0.05,False,,,5.0880324124591425e-05,6.111156617407686e-05,False,True,True,True
2026-08-16 12:13:12,full_ctta,carpet,monitor,C:/cira_batch_test/carpet/good_12.png,good_12.png,normal,False,0.033026594668626785,2.8014181907565217e-07,0.0343417185988487,0.0343417185988487,0.03367696963250637,False,True,16000,True,5.776123725809157e-05,True,0.0025524848606437445,cpu,patch_nearest_normal,last2,14,0.05,False,,,5.164816684555262e-05,6.111156617407686e-05,True,True,True,True
2026-08-16 12:13:14,full_ctta,carpet,monitor,C:/cira_batch_test/carpet/good_18.png,good_18.png,normal,False,0.026973377913236618,3.457069510659494e-07,0.0343417185988487,0.0343417185988487,0.03367696963250637,False,True,16000,True,5.464049172587693e-05,True,0.002561052329838276,cpu,patch_nearest_normal,last2,14,0.05,False,,,4.47851161879953e-05,6.111156617407686e-05,True,True,True,True
2026-08-16 12:13:16,full_ctta,carpet,monitor,C:/cira_batch_test/carpet/good_17.png,good_17.png,normal,False,0.028894245624542236,3.099441414633475e-07,0.0343417185988487,0.0343417185988487,0.03367696963250637,False,True,16000,True,4.8583056923234835e-05,True,0.0025583356618881226,cpu,patch_nearest_normal,last2,14,0.05,False,,,4.060016726725735e-05,6.111156617407686e-05,True,True,True,True
2026-08-16 12:13:17,full_ctta,carpet,monitor,C:/cira_batch_test/carpet/bad_19.png,bad_19.png,anomaly,True,0.11047796905040741,0.11047796905040741,0.0343417185988487,0.0343417185988487,0.03367696963250637,False,False,16000,False,,False,0.0,cpu,patch_nearest_normal,last2,14,0.05,False,,,5.294638322084211e-05,6.111156617407686e-05,False,True,True,True
2026-08-16 12:13:19,full_ctta,carpet,monitor,C:/cira_batch_test/carpet/good_1.png,good_1.png,normal,False,0.02544924058020115,3.5762786865234375e-07,0.0343417185988487,0.0343417185988487,0.03367696963250637,False,True,16000,True,4.8335528845200315e-05,True,0.0025408489163964987,cpu,patch_nearest_normal,last2,14,0.05,True,C:\cira_ttl_checkpoints\carpet\patch_memory_bank_update_10.pt,C:\cira_ttl_checkpoints\carpet\patch_adapter_update_10.pt,4.242417708155699e-05,6.111156617407686e-05,True,True,True,True
2026-08-16 12:13:21,full_ctta,grid,monitor,C:/cira_batch_test/grid/bad_10.png,bad_10.png,anomaly,True,0.07286384701728821,0.07286384701728821,0.053714152485093335,0.053714152485093335,0.04894002191722393,False,False,16000,False,,False,0.0,cpu,patch_nearest_normal,last2,14,0.05,False,,,0.00012326064461376518,0.00020260438468534505,False,True,True,True
2026-08-16 12:13:22,full_ctta,grid,monitor,C:/cira_batch_test/grid/good_16.png,good_16.png,anomaly,True,0.053874604403972626,0.053874604403972626,0.053714152485093335,0.053714152485093335,0.04894002191722393,False,False,16000,False,,False,0.0,cpu,patch_nearest_normal,last2,14,0.05,False,,,0.00015869435446802527,0.00020260438468534505,False,True,True,True
2026-08-16 12:13:24,full_ctta,grid,monitor,C:/cira_batch_test/grid/bad_12.png,bad_12.png,anomaly,True,0.10632707923650742,0.10632707923650742,0.053714152485093335,0.053714152485093335,0.04894002191722393,False,False,16000,False,,False,0.0,cpu,patch_nearest_normal,last2,14,0.05,False,,,0.00019723971490748227,0.00020260438468534505,False,True,True,True
2026-08-16 12:13:26,full_ctta,grid,monitor,C:/cira_batch_test/grid/good_11.png,good_11.png,normal,False,0.04442182183265686,2.8014181907565217e-07,0.053714152485093335,0.053714152485093335,0.04894002191722393,False,True,16000,True,0.00011684378841891885,True,0.0029615170788019896,cpu,patch_nearest_normal,last2,14,0.05,False,,,0.0001101142042898573,0.00020260438468534505,True,True,True,True
2026-08-16 12:13:28,full_ctta,grid,monitor,C:/cira_batch_test/grid/bad_13.png,bad_13.png,normal,False,0.0478457435965538,2.980232238769531e-07,0.053714152485093335,0.053714152485093335,0.04894002191722393,False,True,16000,True,0.00012700783554464579,True,0.002457947237417102,cpu,patch_nearest_normal,last2,14,0.05,False,,,0.00011137084948131815,0.00020260438468534505,True,True,True,True
2026-08-16 12:13:29,full_ctta,grid,monitor,C:/cira_batch_test/grid/good_7.png,good_7.png,anomaly,True,0.057509761303663254,0.057509761303663254,0.053714152485093335,0.053714152485093335,0.04894002191722393,False,False,16000,False,,False,0.0,cpu,patch_nearest_normal,last2,14,0.05,False,,,0.00011595899559324607,0.00020260438468534505,False,True,True,True
2026-08-16 12:13:31,full_ctta,grid,monitor,C:/cira_batch_test/grid/good_8.png,good_8.png,normal,False,0.04487478733062744,3.039836826701503e-07,0.053714152485093335,0.053714152485093335,0.04894002191722393,False,True,16000,True,0.00012628819968085736,True,0.0022235121577978134,cpu,patch_nearest_normal,last2,14,0.05,False,,,0.0001114100159611553,0.00020260438468534505,True,True,True,True
2026-08-16 12:13:33,full_ctta,grid,monitor,C:/cira_batch_test/grid/bad_20.png,bad_20.png,normal,False,0.053415410220623016,0.053415410220623016,0.053714152485093335,0.053714152485093335,0.04894002191722393,False,False,16000,False,,False,0.0,cpu,patch_nearest_normal,last2,14,0.05,False,,,0.0001113374819396995,0.00020260438468534505,False,True,True,True
2026-08-16 12:13:34,full_ctta,grid,monitor,C:/cira_batch_test/grid/good_19.png,good_19.png,anomaly,True,0.06415115296840668,0.06415115296840668,0.053714152485093335,0.053714152485093335,0.04894002191722393,False,False,16000,False,,False,0.0,cpu,patch_nearest_normal,last2,14,0.05,False,,,0.00011895624629687518,0.00020260438468534505,False,True,True,True
2026-08-16 12:13:36,full_ctta,grid,monitor,C:/cira_batch_test/grid/bad_3.png,bad_3.png,anomaly,True,0.06471092253923416,0.06471092253923416,0.053714152485093335,0.053714152485093335,0.04894002191722393,False,False,16000,False,,False,0.0,cpu,patch_nearest_normal,last2,14,0.05,False,,,0.00011935624934267253,0.00020260438468534505,False,True,True,True
2026-08-16 12:13:37,full_ctta,grid,monitor,C:/cira_batch_test/grid/bad_7.png,bad_7.png,anomaly,True,0.1158813014626503,0.1158813014626503,0.053714152485093335,0.053714152485093335,0.04894002191722393,False,False,16000,False,,False,0.0,cpu,patch_nearest_normal,last2,14,0.05,False,,,0.00012478734424803406,0.00020260438468534505,False,True,True,True
2026-08-16 12:13:39,full_ctta,grid,monitor,C:/cira_batch_test/grid/bad_15.png,bad_15.png,anomaly,True,0.06479386985301971,0.06479386985301971,0.053714152485093335,0.053714152485093335,0.04894002191722393,False,False,16000,False,,False,0.0,cpu,patch_nearest_normal,last2,14,0.05,False,,,0.0001507995038991794,0.00020260438468534505,False,True,True,True
2026-08-16 12:13:40,full_ctta,grid,monitor,C:/cira_batch_test/grid/good_5.png,good_5.png,anomaly,True,0.06399642676115036,0.06399642676115036,0.053714152485093335,0.053714152485093335,0.04894002191722393,False,False,16000,False,,False,0.0,cpu,patch_nearest_normal,last2,14,0.05,False,,,0.00012898539716843516,0.00020260438468534505,False,True,True,True
2026-08-16 12:13:42,full_ctta,grid,monitor,C:/cira_batch_test/grid/good_14.png,good_14.png,normal,False,0.049991559237241745,0.049991559237241745,0.053714152485093335,0.053714152485093335,0.04894002191722393,False,False,16000,False,,False,0.0,cpu,patch_nearest_normal,last2,14,0.05,False,,,0.0001495434989919886,0.00020260438468534505,False,True,True,True
2026-08-16 12:13:43,full_ctta,grid,monitor,C:/cira_batch_test/grid/bad_4.png,bad_4.png,anomaly,True,0.09601752460002899,0.09601752460002899,0.053714152485093335,0.053714152485093335,0.04894002191722393,False,False,16000,False,,False,0.0,cpu,patch_nearest_normal,last2,14,0.05,False,,,0.00011487415758892894,0.00020260438468534505,False,True,True,True
2026-08-16 12:13:45,full_ctta,grid,monitor,C:/cira_batch_test/grid/good_20.png,good_20.png,normal,False,0.047477107495069504,2.8610230629055877e-07,0.053714152485093335,0.053714152485093335,0.04894002191722393,False,True,16000,True,0.00015236651233863086,True,0.002218368463218212,cpu,patch_nearest_normal,last2,14,0.05,False,,,0.00014138358528725803,0.00020260438468534505,True,True,True,True
2026-08-16 12:13:46,full_ctta,grid,monitor,C:/cira_batch_test/grid/good_13.png,good_13.png,normal,False,0.04501906782388687,3.099441414633475e-07,0.053714152485093335,0.053714152485093335,0.04894002191722393,False,True,16000,True,0.00011785647802753374,True,0.002185611752793193,cpu,patch_nearest_normal,last2,14,0.05,False,,,0.00010479179763933644,0.00020260438468534505,True,True,True,True
2026-08-16 12:13:48,full_ctta,grid,monitor,C:/cira_batch_test/grid/good_15.png,good_15.png,normal,False,0.03583048656582832,3.039836826701503e-07,0.053714152485093335,0.053714152485093335,0.04894002191722393,False,True,16000,True,0.00013429608952719718,True,0.0021692251320928335,cpu,patch_nearest_normal,last2,14,0.05,False,,,0.00012761149264406413,0.00020260438468534505,True,True,True,True
2026-08-16 12:13:50,full_ctta,grid,monitor,C:/cira_batch_test/grid/good_6.png,good_6.png,anomaly,True,0.06392152607440948,0.06392152607440948,0.053714152485093335,0.053714152485093335,0.04894002191722393,False,False,16000,False,,False,0.0,cpu,patch_nearest_normal,last2,14,0.05,False,,,0.00011595222895266488,0.00020260438468534505,False,True,True,True
2026-08-16 12:13:51,full_ctta,grid,monitor,C:/cira_batch_test/grid/good_4.png,good_4.png,anomaly,True,0.055844031274318695,0.055844031274318695,0.053714152485093335,0.053714152485093335,0.04894002191722393,False,False,16000,False,,False,0.0,cpu,patch_nearest_normal,last2,14,0.05,False,,,0.00021426075545605272,0.00020260438468534505,False,False,True,True
2026-08-16 12:13:53,full_ctta,grid,monitor,C:/cira_batch_test/grid/bad_16.png,bad_16.png,anomaly,True,0.05969588831067085,0.05969588831067085,0.053714152485093335,0.053714152485093335,0.04894002191722393,False,False,16000,False,,False,0.0,cpu,patch_nearest_normal,last2,14,0.05,False,,,0.00014058913802728057,0.00020260438468534505,False,True,True,True
2026-08-16 12:13:54,full_ctta,grid,monitor,C:/cira_batch_test/grid/good_10.png,good_10.png,normal,False,0.04440373182296753,3.337860050578456e-07,0.053714152485093335,0.053714152485093335,0.04894002191722393,False,True,16000,True,0.00013721529103349894,True,0.002186122350394726,cpu,patch_nearest_normal,last2,14,0.05,False,,,0.00013077711628284305,0.00020260438468534505,True,True,True,True
2026-08-16 12:13:56,full_ctta,grid,monitor,C:/cira_batch_test/grid/bad_18.png,bad_18.png,anomaly,True,0.06103874370455742,0.06103874370455742,0.053714152485093335,0.053714152485093335,0.04894002191722393,False,False,16000,False,,False,0.0,cpu,patch_nearest_normal,last2,14,0.05,False,,,0.0001548226282466203,0.00020260438468534505,False,True,True,True
2026-08-16 12:13:57,full_ctta,grid,monitor,C:/cira_batch_test/grid/good_3.png,good_3.png,normal,False,0.048728954046964645,0.048728954046964645,0.053714152485093335,0.053714152485093335,0.04894002191722393,False,False,16000,False,,False,0.0,cpu,patch_nearest_normal,last2,14,0.05,False,,,0.00021646083041559905,0.00020260438468534505,True,False,True,True
2026-08-16 12:13:59,full_ctta,grid,monitor,C:/cira_batch_test/grid/bad_14.png,bad_14.png,anomaly,True,0.05375408008694649,0.05375408008694649,0.053714152485093335,0.053714152485093335,0.04894002191722393,False,False,16000,False,,False,0.0,cpu,patch_nearest_normal,last2,14,0.05,False,,,0.00011252602416789159,0.00020260438468534505,False,True,True,True
2026-08-16 12:14:01,full_ctta,grid,monitor,C:/cira_batch_test/grid/bad_6.png,bad_6.png,normal,False,0.046165984123945236,3.2186508747145126e-07,0.053714152485093335,0.053714152485093335,0.04894002191722393,False,True,16000,True,0.00012069818330928683,True,0.0020804640371352434,cpu,patch_nearest_normal,last2,14,0.05,False,,,0.00011695849389070645,0.00020260438468534505,True,True,True,True
2026-08-16 12:14:02,full_ctta,grid,monitor,C:/cira_batch_test/grid/bad_8.png,bad_8.png,normal,False,0.04657600447535515,3.099441414633475e-07,0.053714152485093335,0.053714152485093335,0.04894002191722393,False,True,16000,True,0.00015702834934927523,True,0.0021080123260617256,cpu,patch_nearest_normal,last2,14,0.05,False,,,0.00014249661762733012,0.00020260438468534505,True,True,True,True
2026-08-16 12:14:04,full_ctta,grid,monitor,C:/cira_batch_test/grid/bad_11.png,bad_11.png,anomaly,True,0.05626419931650162,0.05626419931650162,0.053714152485093335,0.053714152485093335,0.04894002191722393,False,False,16000,False,,False,0.0,cpu,patch_nearest_normal,last2,14,0.05,False,,,0.00017736738664098084,0.00020260438468534505,False,True,True,True
2026-08-16 12:14:05,full_ctta,grid,monitor,C:/cira_batch_test/grid/bad_9.png,bad_9.png,anomaly,True,0.06430480629205704,0.06430480629205704,0.053714152485093335,0.053714152485093335,0.04894002191722393,False,False,16000,False,,False,0.0,cpu,patch_nearest_normal,last2,14,0.05,False,,,0.00012064957263646647,0.00020260438468534505,False,True,True,True
2026-08-16 12:14:07,full_ctta,grid,monitor,C:/cira_batch_test/grid/bad_5.png,bad_5.png,anomaly,True,0.06299414485692978,0.06299414485692978,0.053714152485093335,0.053714152485093335,0.04894002191722393,False,False,16000,False,,False,0.0,cpu,patch_nearest_normal,last2,14,0.05,False,,,0.0001226221356773749,0.00020260438468534505,False,True,True,True
2026-08-16 12:14:08,full_ctta,grid,monitor,C:/cira_batch_test/grid/good_9.png,good_9.png,normal,False,0.04490725323557854,2.682209014892578e-07,0.053714152485093335,0.053714152485093335,0.04894002191722393,False,True,16000,True,0.0001340988092124462,True,0.002088941400870681,cpu,patch_nearest_normal,last2,14,0.05,True,C:\cira_ttl_checkpoints\grid\patch_memory_bank_update_10.pt,C:\cira_ttl_checkpoints\grid\patch_adapter_update_10.pt,0.00012202412472106516,0.00020260438468534505,True,True,True,True
2026-08-16 12:14:10,full_ctta,grid,monitor,C:/cira_batch_test/grid/good_2.png,good_2.png,normal,False,0.05288471654057503,0.05288471654057503,0.053714152485093335,0.053714152485093335,0.04894002191722393,False,False,16000,False,,False,0.0,cpu,patch_nearest_normal,last2,14,0.05,False,,,0.0001862271165009588,0.00020260438468534505,False,True,True,True
2026-08-16 12:14:12,full_ctta,grid,monitor,C:/cira_batch_test/grid/bad_2.png,bad_2.png,anomaly,True,0.05611627548933029,0.05611627548933029,0.053714152485093335,0.053714152485093335,0.04894002191722393,False,False,16000,False,,False,0.0,cpu,patch_nearest_normal,last2,14,0.05,False,,,0.00018688880663830787,0.00020260438468534505,False,True,True,True
2026-08-16 12:14:13,full_ctta,grid,monitor,C:/cira_batch_test/grid/bad_17.png,bad_17.png,normal,False,0.04653877019882202,3.099441414633475e-07,0.053714152485093335,0.053714152485093335,0.04894002191722393,False,True,16000,True,9.917646093526855e-05,True,0.002011591335758567,cpu,patch_nearest_normal,last2,14,0.05,False,,,9.138954192167148e-05,0.00020260438468534505,True,True,True,True
2026-08-16 12:14:15,full_ctta,grid,monitor,C:/cira_batch_test/grid/bad_1.png,bad_1.png,anomaly,True,0.08937910199165344,0.08937910199165344,0.053714152485093335,0.053714152485093335,0.04894002191722393,False,False,16000,False,,False,0.0,cpu,patch_nearest_normal,last2,14,0.05,False,,,0.0002018820377998054,0.00020260438468534505,False,True,True,True
2026-08-16 12:14:17,full_ctta,grid,monitor,C:/cira_batch_test/grid/good_12.png,good_12.png,normal,False,0.0391283854842186,2.682209014892578e-07,0.053714152485093335,0.053714152485093335,0.04894002191722393,False,True,16000,True,0.00015502609312534332,True,0.0020220414735376835,cpu,patch_nearest_normal,last2,14,0.05,False,,,0.00014522942365147173,0.00020260438468534505,True,True,True,True
2026-08-16 12:14:18,full_ctta,grid,monitor,C:/cira_batch_test/grid/good_18.png,good_18.png,anomaly,True,0.056005366146564484,0.056005366146564484,0.053714152485093335,0.053714152485093335,0.04894002191722393,False,False,16000,False,,False,0.0,cpu,patch_nearest_normal,last2,14,0.05,False,,,0.00011417167115723714,0.00020260438468534505,False,True,True,True
2026-08-16 12:14:20,full_ctta,grid,monitor,C:/cira_batch_test/grid/good_17.png,good_17.png,normal,False,0.04515370726585388,3.159046286782541e-07,0.053714152485093335,0.053714152485093335,0.04894002191722393,False,True,16000,True,0.00020240643061697483,True,0.002052789553999901,cpu,patch_nearest_normal,last2,14,0.05,False,,,0.0001867282117018476,0.00020260438468534505,True,True,True,True
2026-08-16 12:14:21,full_ctta,grid,monitor,C:/cira_batch_test/grid/bad_19.png,bad_19.png,anomaly,True,0.09600628912448883,0.09600628912448883,0.053714152485093335,0.053714152485093335,0.04894002191722393,False,False,16000,False,,False,0.0,cpu,patch_nearest_normal,last2,14,0.05,False,,,0.00014980669948272407,0.00020260438468534505,False,True,True,True
2026-08-16 12:14:23,full_ctta,grid,monitor,C:/cira_batch_test/grid/good_1.png,good_1.png,anomaly,True,0.05848498269915581,0.05848498269915581,0.053714152485093335,0.053714152485093335,0.04894002191722393,False,False,16000,False,,False,0.0,cpu,patch_nearest_normal,last2,14,0.05,False,,,0.00020440280786715448,0.00020260438468534505,False,False,True,True
2026-08-16 12:14:24,full_ctta,hazelnut,monitor,C:/cira_batch_test/hazelnut/bad_10.png,bad_10.png,anomaly,True,0.24062328040599823,0.24062328040599823,0.11622385221571559,0.11622385221571559,0.11048602908849717,False,False,16000,False,,False,0.0,cpu,patch_nearest_normal,last2,14,0.05,False,,,0.00014041297254152596,0.00018771860486589,False,True,True,True
2026-08-16 12:14:26,full_ctta,hazelnut,monitor,C:/cira_batch_test/hazelnut/good_16.png,good_16.png,normal,False,0.09578574448823929,2.8610230629055877e-07,0.11622385221571559,0.11622385221571559,0.11048602908849717,False,True,16000,True,0.00016542525554541498,True,0.0030191747937351465,cpu,patch_nearest_normal,last2,14,0.05,False,,,0.00015290554438252002,0.00018771860486589,True,True,True,True
2026-08-16 12:14:28,full_ctta,hazelnut,monitor,C:/cira_batch_test/hazelnut/bad_12.png,bad_12.png,anomaly,True,0.13198097050189972,0.13198097050189972,0.11622385221571559,0.11622385221571559,0.11048602908849717,False,False,16000,False,,False,0.0,cpu,patch_nearest_normal,last2,14,0.05,False,,,0.00014867809659335762,0.00018771860486589,False,True,True,True
2026-08-16 12:14:29,full_ctta,hazelnut,monitor,C:/cira_batch_test/hazelnut/good_11.png,good_11.png,normal,False,0.10377056896686554,2.6226044269606064e-07,0.11622385221571559,0.11622385221571559,0.11048602908849717,False,True,16000,True,0.0001692035875748843,True,0.002653155941516161,cpu,patch_nearest_normal,last2,14,0.05,False,,,0.00013779880828224123,0.00018771860486589,True,True,True,True
2026-08-16 12:14:31,full_ctta,hazelnut,monitor,C:/cira_batch_test/hazelnut/bad_13.png,bad_13.png,anomaly,True,0.12713241577148438,0.12713241577148438,0.11622385221571559,0.11622385221571559,0.11048602908849717,False,False,16000,False,,False,0.0,cpu,patch_nearest_normal,last2,14,0.05,False,,,0.00013557022612076253,0.00018771860486589,False,True,True,True
2026-08-16 12:14:33,full_ctta,hazelnut,monitor,C:/cira_batch_test/hazelnut/good_7.png,good_7.png,normal,False,0.1039765328168869,3.099441414633475e-07,0.11622385221571559,0.11622385221571559,0.11048602908849717,False,True,16000,True,0.0001648516918066889,True,0.0025577452033758163,cpu,patch_nearest_normal,last2,14,0.05,False,,,0.00013443273201119155,0.00018771860486589,True,True,True,True
2026-08-16 12:14:34,full_ctta,hazelnut,monitor,C:/cira_batch_test/hazelnut/good_8.png,good_8.png,normal,False,0.10843591392040253,2.8610230629055877e-07,0.11622385221571559,0.11622385221571559,0.11048602908849717,False,True,16000,True,0.00015797860396560282,True,0.0025161162484437227,cpu,patch_nearest_normal,last2,14,0.05,False,,,0.0001399577158736065,0.00018771860486589,True,True,True,True
2026-08-16 12:14:36,full_ctta,hazelnut,monitor,C:/cira_batch_test/hazelnut/bad_20.png,bad_20.png,anomaly,True,0.22927597165107727,0.22927597165107727,0.11622385221571559,0.11622385221571559,0.11048602908849717,False,False,16000,False,,False,0.0,cpu,patch_nearest_normal,last2,14,0.05,False,,,0.00013415049761533737,0.00018771860486589,False,True,True,True
2026-08-16 12:14:37,full_ctta,hazelnut,monitor,C:/cira_batch_test/hazelnut/good_19.png,good_19.png,normal,False,0.10251989215612411,2.74181360282455e-07,0.11622385221571559,0.11622385221571559,0.11048602908849717,False,True,16000,True,0.0001457017642678693,True,0.0024881253484636545,cpu,patch_nearest_normal,last2,14,0.05,False,,,0.00013127682905178517,0.00018771860486589,True,True,True,True
2026-08-16 12:14:39,full_ctta,hazelnut,monitor,C:/cira_batch_test/hazelnut/bad_3.png,bad_3.png,anomaly,True,0.21373268961906433,0.21373268961906433,0.11622385221571559,0.11622385221571559,0.11048602908849717,False,False,16000,False,,False,0.0,cpu,patch_nearest_normal,last2,14,0.05,False,,,0.00015930639347061515,0.00018771860486589,False,True,True,True
2026-08-16 12:14:41,full_ctta,hazelnut,monitor,C:/cira_batch_test/hazelnut/bad_7.png,bad_7.png,anomaly,True,0.2017153948545456,0.2017153948545456,0.11622385221571559,0.11622385221571559,0.11048602908849717,False,False,16000,False,,False,0.0,cpu,patch_nearest_normal,last2,14,0.05,False,,,0.00012118891754653305,0.00018771860486589,False,True,True,True
2026-08-16 12:14:42,full_ctta,hazelnut,monitor,C:/cira_batch_test/hazelnut/bad_15.png,bad_15.png,anomaly,True,0.22585919499397278,0.22585919499397278,0.11622385221571559,0.11622385221571559,0.11048602908849717,False,False,16000,False,,False,0.0,cpu,patch_nearest_normal,last2,14,0.05,False,,,0.00013084460806567222,0.00018771860486589,False,True,True,True
2026-08-16 12:14:44,full_ctta,hazelnut,monitor,C:/cira_batch_test/hazelnut/good_5.png,good_5.png,normal,False,0.08679436892271042,3.039836826701503e-07,0.11622385221571559,0.11622385221571559,0.11048602908849717,False,True,16000,True,0.00016083828813862056,True,0.0024585642386227846,cpu,patch_nearest_normal,last2,14,0.05,False,,,0.00012858286208938807,0.00018771860486589,True,True,True,True
2026-08-16 12:14:45,full_ctta,hazelnut,monitor,C:/cira_batch_test/hazelnut/good_14.png,good_14.png,normal,False,0.09474395960569382,2.9206276508375595e-07,0.11622385221571559,0.11622385221571559,0.11048602908849717,False,True,16000,True,0.00015076837735250592,True,0.0024685284588485956,cpu,patch_nearest_normal,last2,14,0.05,False,,,0.00013535020116250962,0.00018771860486589,True,True,True,True
2026-08-16 12:14:47,full_ctta,hazelnut,monitor,C:/cira_batch_test/hazelnut/bad_4.png,bad_4.png,anomaly,True,0.20845086872577667,0.20845086872577667,0.11622385221571559,0.11622385221571559,0.11048602908849717,False,False,16000,False,,False,0.0,cpu,patch_nearest_normal,last2,14,0.05,False,,,0.00014738889876753092,0.00018771860486589,False,True,True,True
2026-08-16 12:14:49,full_ctta,hazelnut,monitor,C:/cira_batch_test/hazelnut/good_20.png,good_20.png,normal,False,0.10130447149276733,2.8014181907565217e-07,0.11622385221571559,0.11622385221571559,0.11048602908849717,False,True,16000,True,0.00016780069563537836,True,0.0024490132927894592,cpu,patch_nearest_normal,last2,14,0.05,False,,,0.00015160323528107256,0.00018771860486589,True,True,True,True
2026-08-16 12:14:50,full_ctta,hazelnut,monitor,C:/cira_batch_test/hazelnut/good_13.png,good_13.png,normal,False,0.09450238198041916,3.039836826701503e-07,0.11622385221571559,0.11622385221571559,0.11048602908849717,False,True,16000,True,0.00015786108269821852,True,0.002439033007249236,cpu,patch_nearest_normal,last2,14,0.05,False,,,0.0001459797058487311,0.00018771860486589,True,True,True,True
2026-08-16 12:14:52,full_ctta,hazelnut,monitor,C:/cira_batch_test/hazelnut/good_15.png,good_15.png,normal,False,0.10305887460708618,2.74181360282455e-07,0.11622385221571559,0.11622385221571559,0.11048602908849717,False,True,16000,True,0.00016763468738645315,True,0.0024285423569381237,cpu,patch_nearest_normal,last2,14,0.05,True,C:\cira_ttl_checkpoints\hazelnut\patch_memory_bank_update_10.pt,C:\cira_ttl_checkpoints\hazelnut\patch_adapter_update_10.pt,0.00015500170411542058,0.00018771860486589,True,True,True,True
2026-08-16 12:14:54,full_ctta,hazelnut,monitor,C:/cira_batch_test/hazelnut/good_6.png,good_6.png,anomaly,True,0.11942169815301895,0.11942169815301895,0.11622385221571559,0.11622385221571559,0.11048602908849717,False,False,16000,False,,False,0.0,cpu,patch_nearest_normal,last2,14,0.05,False,,,0.00012340124521870166,0.00018771860486589,False,True,True,True
2026-08-16 12:14:55,full_ctta,hazelnut,monitor,C:/cira_batch_test/hazelnut/good_4.png,good_4.png,normal,False,0.08476761728525162,2.6226044269606064e-07,0.11622385221571559,0.11622385221571559,0.11048602908849717,False,True,16000,True,0.00016841402975842357,True,0.002436380134895444,cpu,patch_nearest_normal,last2,14,0.05,False,,,0.000160808558575809,0.00018771860486589,True,True,True,True
2026-08-16 12:14:57,full_ctta,hazelnut,monitor,C:/cira_batch_test/hazelnut/bad_16.png,bad_16.png,anomaly,True,0.23947568237781525,0.23947568237781525,0.11622385221571559,0.11622385221571559,0.11048602908849717,False,False,16000,False,,False,0.0,cpu,patch_nearest_normal,last2,14,0.05,False,,,0.00012585210788529366,0.00018771860486589,False,True,True,True
2026-08-16 12:14:59,full_ctta,hazelnut,monitor,C:/cira_batch_test/hazelnut/good_10.png,good_10.png,normal,False,0.10010504722595215,2.8610230629055877e-07,0.11622385221571559,0.11622385221571559,0.11048602908849717,False,True,16000,True,0.00017303970525972545,True,0.0024292487651109695,cpu,patch_nearest_normal,last2,14,0.05,False,,,0.0001516111078672111,0.00018771860486589,True,True,True,True
2026-08-16 12:15:00,full_ctta,hazelnut,monitor,C:/cira_batch_test/hazelnut/bad_18.png,bad_18.png,anomaly,True,0.2172565907239914,0.2172565907239914,0.11622385221571559,0.11622385221571559,0.11048602908849717,False,False,16000,False,,False,0.0,cpu,patch_nearest_normal,last2,14,0.05,False,,,0.00014536465459968895,0.00018771860486589,False,True,True,True
2026-08-16 12:15:02,full_ctta,hazelnut,monitor,C:/cira_batch_test/hazelnut/good_3.png,good_3.png,normal,False,0.10296747833490372,3.2186508747145126e-07,0.11622385221571559,0.11622385221571559,0.11048602908849717,False,True,16000,True,0.00015596240700688213,True,0.0024307130370289087,cpu,patch_nearest_normal,last2,14,0.05,False,,,0.00013054591545369476,0.00018771860486589,True,True,True,True
2026-08-16 12:15:03,full_ctta,hazelnut,monitor,C:/cira_batch_test/hazelnut/bad_14.png,bad_14.png,anomaly,True,0.2056306153535843,0.2056306153535843,0.11622385221571559,0.11622385221571559,0.11048602908849717,False,False,16000,False,,False,0.0,cpu,patch_nearest_normal,last2,14,0.05,False,,,0.00014620769070461392,0.00018771860486589,False,True,True,True
2026-08-16 12:15:05,full_ctta,hazelnut,monitor,C:/cira_batch_test/hazelnut/bad_6.png,bad_6.png,anomaly,True,0.20460224151611328,0.20460224151611328,0.11622385221571559,0.11622385221571559,0.11048602908849717,False,False,16000,False,,False,0.0,cpu,patch_nearest_normal,last2,14,0.05,False,,,0.00013806973583996296,0.00018771860486589,False,True,True,True
2026-08-16 12:15:06,full_ctta,hazelnut,monitor,C:/cira_batch_test/hazelnut/bad_8.png,bad_8.png,anomaly,True,0.16361868381500244,0.16361868381500244,0.11622385221571559,0.11622385221571559,0.11048602908849717,False,False,16000,False,,False,0.0,cpu,patch_nearest_normal,last2,14,0.05,False,,,0.00015173872816376388,0.00018771860486589,False,True,True,True
2026-08-16 12:15:08,full_ctta,hazelnut,monitor,C:/cira_batch_test/hazelnut/bad_11.png,bad_11.png,anomaly,True,0.20690405368804932,0.20690405368804932,0.11622385221571559,0.11622385221571559,0.11048602908849717,False,False,16000,False,,False,0.0,cpu,patch_nearest_normal,last2,14,0.05,False,,,0.00014870944141875952,0.00018771860486589,False,True,True,True
2026-08-16 12:15:09,full_ctta,hazelnut,monitor,C:/cira_batch_test/hazelnut/bad_9.png,bad_9.png,anomaly,True,0.1503206491470337,0.1503206491470337,0.11622385221571559,0.11622385221571559,0.11048602908849717,False,False,16000,False,,False,0.0,cpu,patch_nearest_normal,last2,14,0.05,False,,,0.0001509098947281018,0.00018771860486589,False,True,True,True
2026-08-16 12:15:11,full_ctta,hazelnut,monitor,C:/cira_batch_test/hazelnut/bad_5.png,bad_5.png,anomaly,True,0.16293427348136902,0.16293427348136902,0.11622385221571559,0.11622385221571559,0.11048602908849717,False,False,16000,False,,False,0.0,cpu,patch_nearest_normal,last2,14,0.05,False,,,0.000150954831042327,0.00018771860486589,False,True,True,True
2026-08-16 12:15:13,full_ctta,hazelnut,monitor,C:/cira_batch_test/hazelnut/good_9.png,good_9.png,normal,False,0.10028092563152313,2.980232238769531e-07,0.11622385221571559,0.11622385221571559,0.11048602908849717,False,True,16000,True,0.00016934923769440502,True,0.0024342441465705633,cpu,patch_nearest_normal,last2,14,0.05,False,,,0.00014875567285344005,0.00018771860486589,True,True,True,True
2026-08-16 12:15:14,full_ctta,hazelnut,monitor,C:/cira_batch_test/hazelnut/good_2.png,good_2.png,normal,False,0.09009037911891937,2.8014181907565217e-07,0.11622385221571559,0.11622385221571559,0.11048602908849717,False,True,16000,True,0.0001750714727677405,True,0.0024297405034303665,cpu,patch_nearest_normal,last2,14,0.05,False,,,0.00014532633940689266,0.00018771860486589,True,True,True,True
2026-08-16 12:15:16,full_ctta,hazelnut,monitor,C:/cira_batch_test/hazelnut/bad_2.png,bad_2.png,anomaly,True,0.1947154700756073,0.1947154700756073,0.11622385221571559,0.11622385221571559,0.11048602908849717,False,False,16000,False,,False,0.0,cpu,patch_nearest_normal,last2,14,0.05,False,,,0.00015247255214489996,0.00018771860486589,False,True,True,True
2026-08-16 12:15:17,full_ctta,hazelnut,monitor,C:/cira_batch_test/hazelnut/bad_17.png,bad_17.png,anomaly,True,0.2148807942867279,0.2148807942867279,0.11622385221571559,0.11622385221571559,0.11048602908849717,False,False,16000,False,,False,0.0,cpu,patch_nearest_normal,last2,14,0.05,False,,,0.00012823801080230623,0.00018771860486589,False,True,True,True
2026-08-16 12:15:19,full_ctta,hazelnut,monitor,C:/cira_batch_test/hazelnut/bad_1.png,bad_1.png,anomaly,True,0.1577150970697403,0.1577150970697403,0.11622385221571559,0.11622385221571559,0.11048602908849717,False,False,16000,False,,False,0.0,cpu,patch_nearest_normal,last2,14,0.05,False,,,0.00015073416579980403,0.00018771860486589,False,True,True,True
2026-08-16 12:15:21,full_ctta,hazelnut,monitor,C:/cira_batch_test/hazelnut/good_12.png,good_12.png,normal,False,0.09426585584878922,3.8743019104003906e-07,0.11622385221571559,0.11622385221571559,0.11048602908849717,False,True,16000,True,0.00016215523646678776,True,0.0024235586170107126,cpu,patch_nearest_normal,last2,14,0.05,False,,,0.00015319630620069802,0.00018771860486589,True,True,True,True
2026-08-16 12:15:22,full_ctta,hazelnut,monitor,C:/cira_batch_test/hazelnut/good_18.png,good_18.png,normal,False,0.09745993465185165,3.337860050578456e-07,0.11622385221571559,0.11622385221571559,0.11048602908849717,False,True,16000,True,0.00017798892804421484,True,0.002417955081909895,cpu,patch_nearest_normal,last2,14,0.05,False,,,0.0001548119616927579,0.00018771860486589,True,True,True,True
2026-08-16 12:15:24,full_ctta,hazelnut,monitor,C:/cira_batch_test/hazelnut/good_17.png,good_17.png,normal,False,0.109574094414711,2.9206276508375595e-07,0.11622385221571559,0.11622385221571559,0.11048602908849717,False,True,16000,True,0.0001755912962835282,True,0.002430915366858244,cpu,patch_nearest_normal,last2,14,0.05,False,,,0.00015947956126183271,0.00018771860486589,True,True,True,True
2026-08-16 12:15:26,full_ctta,hazelnut,monitor,C:/cira_batch_test/hazelnut/bad_19.png,bad_19.png,anomaly,True,0.12088203430175781,0.12088203430175781,0.11622385221571559,0.11622385221571559,0.11048602908849717,False,False,16000,False,,False,0.0,cpu,patch_nearest_normal,last2,14,0.05,False,,,0.00013097206829115748,0.00018771860486589,False,True,True,True
2026-08-16 12:15:27,full_ctta,hazelnut,monitor,C:/cira_batch_test/hazelnut/good_1.png,good_1.png,normal,False,0.0970144122838974,2.2649764730431343e-07,0.11622385221571559,0.11622385221571559,0.11048602908849717,False,True,16000,True,0.00017332783318124712,True,0.0024317698553204536,cpu,patch_nearest_normal,last2,14,0.05,False,,,0.00016620576207060367,0.00018771860486589,True,True,True,True
2026-08-16 12:15:29,full_ctta,leather,monitor,C:/cira_batch_test/leather/bad_10.png,bad_10.png,anomaly,True,0.0820942223072052,0.0820942223072052,0.03417175290126485,0.03417175290126485,0.030724090337753297,False,False,16000,False,,False,0.0,cpu,patch_nearest_normal,last2,14,0.05,False,,,0.00012034954852424562,0.000215753776865275,False,True,True,True
2026-08-16 12:15:30,full_ctta,leather,monitor,C:/cira_batch_test/leather/good_16.png,good_16.png,anomaly,True,0.03431837633252144,0.03431837633252144,0.03417175290126485,0.03417175290126485,0.030724090337753297,False,False,16000,False,,False,0.0,cpu,patch_nearest_normal,last2,14,0.05,False,,,0.00014334854495245963,0.000215753776865275,False,True,True,True
2026-08-16 12:15:32,full_ctta,leather,monitor,C:/cira_batch_test/leather/bad_12.png,bad_12.png,anomaly,True,0.37309738993644714,0.37309738993644714,0.03417175290126485,0.03417175290126485,0.030724090337753297,False,False,16000,False,,False,0.0,cpu,patch_nearest_normal,last2,14,0.05,False,,,0.000129804466268979,0.000215753776865275,False,True,True,True
2026-08-16 12:15:33,full_ctta,leather,monitor,C:/cira_batch_test/leather/good_11.png,good_11.png,anomaly,True,0.04056365415453911,0.04056365415453911,0.03417175290126485,0.03417175290126485,0.030724090337753297,False,False,16000,False,,False,0.0,cpu,patch_nearest_normal,last2,14,0.05,False,,,0.00011618206190178171,0.000215753776865275,False,True,True,True
2026-08-16 12:15:35,full_ctta,leather,monitor,C:/cira_batch_test/leather/bad_13.png,bad_13.png,anomaly,True,0.0342017225921154,0.0342017225921154,0.03417175290126485,0.03417175290126485,0.030724090337753297,False,False,16000,False,,False,0.0,cpu,patch_nearest_normal,last2,14,0.05,False,,,0.0001324455952271819,0.000215753776865275,False,True,True,True
2026-08-16 12:15:36,full_ctta,leather,monitor,C:/cira_batch_test/leather/good_7.png,good_7.png,anomaly,True,0.036726582795381546,0.036726582795381546,0.03417175290126485,0.03417175290126485,0.030724090337753297,False,False,16000,False,,False,0.0,cpu,patch_nearest_normal,last2,14,0.05,False,,,0.00012327684089541435,0.000215753776865275,False,True,True,True
2026-08-16 12:15:38,full_ctta,leather,monitor,C:/cira_batch_test/leather/good_8.png,good_8.png,anomaly,True,0.035374779254198074,0.035374779254198074,0.03417175290126485,0.03417175290126485,0.030724090337753297,False,False,16000,False,,False,0.0,cpu,patch_nearest_normal,last2,14,0.05,False,,,0.00011371824803063646,0.000215753776865275,False,True,True,True
2026-08-16 12:15:40,full_ctta,leather,monitor,C:/cira_batch_test/leather/bad_20.png,bad_20.png,anomaly,True,0.10156619548797607,0.10156619548797607,0.03417175290126485,0.03417175290126485,0.030724090337753297,False,False,16000,False,,False,0.0,cpu,patch_nearest_normal,last2,14,0.05,False,,,0.00017965398728847504,0.000215753776865275,False,True,True,True
2026-08-16 12:15:41,full_ctta,leather,monitor,C:/cira_batch_test/leather/good_19.png,good_19.png,normal,False,0.03140809014439583,0.03140809014439583,0.03417175290126485,0.03417175290126485,0.030724090337753297,False,False,16000,False,,False,0.0,cpu,patch_nearest_normal,last2,14,0.05,False,,,0.000142411096021533,0.000215753776865275,False,True,True,True
2026-08-16 12:15:43,full_ctta,leather,monitor,C:/cira_batch_test/leather/bad_3.png,bad_3.png,anomaly,True,0.375313937664032,0.375313937664032,0.03417175290126485,0.03417175290126485,0.030724090337753297,False,False,16000,False,,False,0.0,cpu,patch_nearest_normal,last2,14,0.05,False,,,0.00017796167230699211,0.000215753776865275,False,True,True,True
2026-08-16 12:15:44,full_ctta,leather,monitor,C:/cira_batch_test/leather/bad_7.png,bad_7.png,anomaly,True,0.18991155922412872,0.18991155922412872,0.03417175290126485,0.03417175290126485,0.030724090337753297,False,False,16000,False,,False,0.0,cpu,patch_nearest_normal,last2,14,0.05,False,,,0.0001406785158906132,0.000215753776865275,False,True,True,True
2026-08-16 12:15:46,full_ctta,leather,monitor,C:/cira_batch_test/leather/bad_15.png,bad_15.png,anomaly,True,0.13468047976493835,0.13468047976493835,0.03417175290126485,0.03417175290126485,0.030724090337753297,False,False,16000,False,,False,0.0,cpu,patch_nearest_normal,last2,14,0.05,False,,,0.0001212149509228766,0.000215753776865275,False,True,True,True
2026-08-16 12:15:47,full_ctta,leather,monitor,C:/cira_batch_test/leather/good_5.png,good_5.png,anomaly,True,0.03432568162679672,0.03432568162679672,0.03417175290126485,0.03417175290126485,0.030724090337753297,False,False,16000,False,,False,0.0,cpu,patch_nearest_normal,last2,14,0.05,False,,,0.00011610215005930513,0.000215753776865275,False,True,True,True
2026-08-16 12:15:49,full_ctta,leather,monitor,C:/cira_batch_test/leather/good_14.png,good_14.png,anomaly,True,0.04789183288812637,0.04789183288812637,0.03417175290126485,0.03417175290126485,0.030724090337753297,False,False,16000,False,,False,0.0,cpu,patch_nearest_normal,last2,14,0.05,False,,,0.0001166314395959489,0.000215753776865275,False,True,True,True
2026-08-16 12:15:50,full_ctta,leather,monitor,C:/cira_batch_test/leather/bad_4.png,bad_4.png,anomaly,True,0.07355661690235138,0.07355661690235138,0.03417175290126485,0.03417175290126485,0.030724090337753297,False,False,16000,False,,False,0.0,cpu,patch_nearest_normal,last2,14,0.05,False,,,0.0001481982908444479,0.000215753776865275,False,True,True,True
2026-08-16 12:15:52,full_ctta,leather,monitor,C:/cira_batch_test/leather/good_20.png,good_20.png,anomaly,True,0.03877441957592964,0.03877441957592964,0.03417175290126485,0.03417175290126485,0.030724090337753297,False,False,16000,False,,False,0.0,cpu,patch_nearest_normal,last2,14,0.05,False,,,0.0001353578845737502,0.000215753776865275,False,True,True,True
2026-08-16 12:15:53,full_ctta,leather,monitor,C:/cira_batch_test/leather/good_13.png,good_13.png,anomaly,True,0.04109293967485428,0.04109293967485428,0.03417175290126485,0.03417175290126485,0.030724090337753297,False,False,16000,False,,False,0.0,cpu,patch_nearest_normal,last2,14,0.05,False,,,0.0001231897040270269,0.000215753776865275,False,True,True,True
2026-08-16 12:15:55,full_ctta,leather,monitor,C:/cira_batch_test/leather/good_15.png,good_15.png,normal,False,0.027622688561677933,3.099441414633475e-07,0.03417175290126485,0.03417175290126485,0.030724090337753297,False,True,16000,True,0.00016608995792921633,True,0.0030208698008209467,cpu,patch_nearest_normal,last2,14,0.05,False,,,0.00016009954561013728,0.000215753776865275,True,True,True,True
2026-08-16 12:15:56,full_ctta,leather,monitor,C:/cira_batch_test/leather/good_6.png,good_6.png,anomaly,True,0.03580431267619133,0.03580431267619133,0.03417175290126485,0.03417175290126485,0.030724090337753297,False,False,16000,False,,False,0.0,cpu,patch_nearest_normal,last2,14,0.05,False,,,0.0001392007397953421,0.000215753776865275,False,True,True,True
2026-08-16 12:15:58,full_ctta,leather,monitor,C:/cira_batch_test/leather/good_4.png,good_4.png,anomaly,True,0.036656059324741364,0.036656059324741364,0.03417175290126485,0.03417175290126485,0.030724090337753297,False,False,16000,False,,False,0.0,cpu,patch_nearest_normal,last2,14,0.05,False,,,0.00011646154598565772,0.000215753776865275,False,True,True,True
2026-08-16 12:15:59,full_ctta,leather,monitor,C:/cira_batch_test/leather/bad_16.png,bad_16.png,anomaly,True,0.0388164147734642,0.0388164147734642,0.03417175290126485,0.03417175290126485,0.030724090337753297,False,False,16000,False,,False,0.0,cpu,patch_nearest_normal,last2,14,0.05,False,,,0.00012709596194326878,0.000215753776865275,False,True,True,True
2026-08-16 12:16:01,full_ctta,leather,monitor,C:/cira_batch_test/leather/good_10.png,good_10.png,normal,False,0.033428747206926346,0.033428747206926346,0.03417175290126485,0.03417175290126485,0.030724090337753297,False,False,16000,False,,False,0.0,cpu,patch_nearest_normal,last2,14,0.05,False,,,0.00013695776578970253,0.000215753776865275,False,True,True,True
2026-08-16 12:16:02,full_ctta,leather,monitor,C:/cira_batch_test/leather/bad_18.png,bad_18.png,anomaly,True,0.035648904740810394,0.035648904740810394,0.03417175290126485,0.03417175290126485,0.030724090337753297,False,False,16000,False,,False,0.0,cpu,patch_nearest_normal,last2,14,0.05,False,,,0.00011987041216343641,0.000215753776865275,False,True,True,True
2026-08-16 12:16:04,full_ctta,leather,monitor,C:/cira_batch_test/leather/good_3.png,good_3.png,anomaly,True,0.03518488258123398,0.03518488258123398,0.03417175290126485,0.03417175290126485,0.030724090337753297,False,False,16000,False,,False,0.0,cpu,patch_nearest_normal,last2,14,0.05,False,,,0.0001280526485061273,0.000215753776865275,False,True,True,True
2026-08-16 12:16:06,full_ctta,leather,monitor,C:/cira_batch_test/leather/bad_14.png,bad_14.png,anomaly,True,0.35772666335105896,0.35772666335105896,0.03417175290126485,0.03417175290126485,0.030724090337753297,False,False,16000,False,,False,0.0,cpu,patch_nearest_normal,last2,14,0.05,False,,,0.00011202636233065277,0.000215753776865275,False,True,True,True
2026-08-16 12:16:07,full_ctta,leather,monitor,C:/cira_batch_test/leather/bad_6.png,bad_6.png,anomaly,True,0.036216575652360916,0.036216575652360916,0.03417175290126485,0.03417175290126485,0.030724090337753297,False,False,16000,False,,False,0.0,cpu,patch_nearest_normal,last2,14,0.05,False,,,0.00013168153236620128,0.000215753776865275,False,True,True,True
2026-08-16 12:16:09,full_ctta,leather,monitor,C:/cira_batch_test/leather/bad_8.png,bad_8.png,anomaly,True,0.040192972868680954,0.040192972868680954,0.03417175290126485,0.03417175290126485,0.030724090337753297,False,False,16000,False,,False,0.0,cpu,patch_nearest_normal,last2,14,0.05,False,,,0.0001689035998424515,0.000215753776865275,False,True,True,True
2026-08-16 12:16:10,full_ctta,leather,monitor,C:/cira_batch_test/leather/bad_11.png,bad_11.png,anomaly,True,0.38757649064064026,0.38757649064064026,0.03417175290126485,0.03417175290126485,0.030724090337753297,False,False,16000,False,,False,0.0,cpu,patch_nearest_normal,last2,14,0.05,False,,,0.00017615841352380812,0.000215753776865275,False,True,True,True
2026-08-16 12:16:12,full_ctta,leather,monitor,C:/cira_batch_test/leather/bad_9.png,bad_9.png,anomaly,True,0.0348224937915802,0.0348224937915802,0.03417175290126485,0.03417175290126485,0.030724090337753297,False,False,16000,False,,False,0.0,cpu,patch_nearest_normal,last2,14,0.05,False,,,0.0001257981057278812,0.000215753776865275,False,True,True,True
2026-08-16 12:16:13,full_ctta,leather,monitor,C:/cira_batch_test/leather/bad_5.png,bad_5.png,anomaly,True,0.043617140501737595,0.043617140501737595,0.03417175290126485,0.03417175290126485,0.030724090337753297,False,False,16000,False,,False,0.0,cpu,patch_nearest_normal,last2,14,0.05,False,,,0.0001230807538377121,0.000215753776865275,False,True,True,True
2026-08-16 12:16:15,full_ctta,leather,monitor,C:/cira_batch_test/leather/good_9.png,good_9.png,normal,False,0.03408345580101013,0.03408345580101013,0.03417175290126485,0.03417175290126485,0.030724090337753297,False,False,16000,False,,False,0.0,cpu,patch_nearest_normal,last2,14,0.05,False,,,0.0001330468658125028,0.000215753776865275,False,True,True,True
2026-08-16 12:16:16,full_ctta,leather,monitor,C:/cira_batch_test/leather/good_2.png,good_2.png,normal,False,0.03365250304341316,0.03365250304341316,0.03417175290126485,0.03417175290126485,0.030724090337753297,False,False,16000,False,,False,0.0,cpu,patch_nearest_normal,last2,14,0.05,False,,,0.00011204194743186235,0.000215753776865275,False,True,True,True
2026-08-16 12:16:18,full_ctta,leather,monitor,C:/cira_batch_test/leather/bad_2.png,bad_2.png,anomaly,True,0.2684081196784973,0.2684081196784973,0.03417175290126485,0.03417175290126485,0.030724090337753297,False,False,16000,False,,False,0.0,cpu,patch_nearest_normal,last2,14,0.05,False,,,0.00010061851207865402,0.000215753776865275,False,True,True,True
2026-08-16 12:16:19,full_ctta,leather,monitor,C:/cira_batch_test/leather/bad_17.png,bad_17.png,anomaly,True,0.2422800362110138,0.2422800362110138,0.03417175290126485,0.03417175290126485,0.030724090337753297,False,False,16000,False,,False,0.0,cpu,patch_nearest_normal,last2,14,0.05,False,,,0.00017955371004063636,0.000215753776865275,False,True,True,True
2026-08-16 12:16:21,full_ctta,leather,monitor,C:/cira_batch_test/leather/bad_1.png,bad_1.png,anomaly,True,0.051357656717300415,0.051357656717300415,0.03417175290126485,0.03417175290126485,0.030724090337753297,False,False,16000,False,,False,0.0,cpu,patch_nearest_normal,last2,14,0.05,False,,,0.00014127926260698587,0.000215753776865275,False,True,True,True
2026-08-16 12:16:22,full_ctta,leather,monitor,C:/cira_batch_test/leather/good_12.png,good_12.png,anomaly,True,0.041983991861343384,0.041983991861343384,0.03417175290126485,0.03417175290126485,0.030724090337753297,False,False,16000,False,,False,0.0,cpu,patch_nearest_normal,last2,14,0.05,False,,,0.00010519789066165686,0.000215753776865275,False,True,True,True
2026-08-16 12:16:24,full_ctta,leather,monitor,C:/cira_batch_test/leather/good_18.png,good_18.png,normal,False,0.029942506924271584,3.457069510659494e-07,0.03417175290126485,0.03417175290126485,0.030724090337753297,False,True,16000,True,0.0001322299794992432,True,0.0028701291885226965,cpu,patch_nearest_normal,last2,14,0.05,False,,,0.00011854158219648525,0.000215753776865275,True,True,True,True
2026-08-16 12:16:26,full_ctta,leather,monitor,C:/cira_batch_test/leather/good_17.png,good_17.png,normal,False,0.028535693883895874,3.337860050578456e-07,0.03417175290126485,0.03417175290126485,0.030724090337753297,False,True,16000,True,0.00014988919429015368,True,0.002793540246784687,cpu,patch_nearest_normal,last2,14,0.05,False,,,0.00014547705359291285,0.000215753776865275,True,True,True,True
2026-08-16 12:16:27,full_ctta,leather,monitor,C:/cira_batch_test/leather/bad_19.png,bad_19.png,normal,False,0.031823497265577316,0.031823497265577316,0.03417175290126485,0.03417175290126485,0.030724090337753297,False,False,16000,False,,False,0.0,cpu,patch_nearest_normal,last2,14,0.05,False,,,0.00018678656488191336,0.000215753776865275,False,True,True,True
2026-08-16 12:16:29,full_ctta,leather,monitor,C:/cira_batch_test/leather/good_1.png,good_1.png,anomaly,True,0.03438038378953934,0.03438038378953934,0.03417175290126485,0.03417175290126485,0.030724090337753297,False,False,16000,False,,False,0.0,cpu,patch_nearest_normal,last2,14,0.05,False,,,0.0001194940268760547,0.000215753776865275,False,True,True,True
2026-08-16 12:16:31,full_ctta,metal_nut,monitor,C:/cira_batch_test/metal_nut/bad_10.png,bad_10.png,anomaly,True,0.11286713927984238,0.11286713927984238,0.07371339670893942,0.07371339670893942,0.06968219578266144,False,False,16000,False,,False,0.0,cpu,patch_nearest_normal,last2,14,0.05,False,,,0.00010541791561990976,0.00010222778946618,False,False,True,True
2026-08-16 12:16:32,full_ctta,metal_nut,monitor,C:/cira_batch_test/metal_nut/good_16.png,good_16.png,normal,False,0.06986961513757706,0.06986961513757706,0.07371339670893942,0.07371339670893942,0.06968219578266144,False,False,16000,False,,False,0.0,cpu,patch_nearest_normal,last2,14,0.05,False,,,8.538443216821179e-05,0.00010222778946618,False,True,True,True
2026-08-16 12:16:33,full_ctta,metal_nut,monitor,C:/cira_batch_test/metal_nut/bad_12.png,bad_12.png,anomaly,True,0.11977102607488632,0.11977102607488632,0.07371339670893942,0.07371339670893942,0.06968219578266144,False,False,16000,False,,False,0.0,cpu,patch_nearest_normal,last2,14,0.05,False,,,9.346996375825256e-05,0.00010222778946618,False,True,True,True
2026-08-16 12:16:35,full_ctta,metal_nut,monitor,C:/cira_batch_test/metal_nut/good_11.png,good_11.png,anomaly,True,0.07571141421794891,0.07571141421794891,0.07371339670893942,0.07371339670893942,0.06968219578266144,False,False,16000,False,,False,0.0,cpu,patch_nearest_normal,last2,14,0.05,False,,,8.773815352469683e-05,0.00010222778946618,False,True,True,True
2026-08-16 12:16:36,full_ctta,metal_nut,monitor,C:/cira_batch_test/metal_nut/bad_13.png,bad_13.png,anomaly,True,0.18745455145835876,0.18745455145835876,0.07371339670893942,0.07371339670893942,0.06968219578266144,False,False,16000,False,,False,0.0,cpu,patch_nearest_normal,last2,14,0.05,False,,,9.774050704436377e-05,0.00010222778946618,False,True,True,True
2026-08-16 12:16:38,full_ctta,metal_nut,monitor,C:/cira_batch_test/metal_nut/good_7.png,good_7.png,normal,False,0.06684857606887817,0.06684857606887817,0.07371339670893942,0.07371339670893942,0.06968219578266144,False,False,16000,False,,False,0.0,cpu,patch_nearest_normal,last2,14,0.05,False,,,0.00010379841842222959,0.00010222778946618,True,False,True,True
2026-08-16 12:16:39,full_ctta,metal_nut,monitor,C:/cira_batch_test/metal_nut/good_8.png,good_8.png,anomaly,True,0.076658234000206,0.076658234000206,0.07371339670893942,0.07371339670893942,0.06968219578266144,False,False,16000,False,,False,0.0,cpu,patch_nearest_normal,last2,14,0.05,False,,,9.114987915381789e-05,0.00010222778946618,False,True,True,True
2026-08-16 12:16:41,full_ctta,metal_nut,monitor,C:/cira_batch_test/metal_nut/bad_20.png,bad_20.png,anomaly,True,0.1626330316066742,0.1626330316066742,0.07371339670893942,0.07371339670893942,0.06968219578266144,False,False,16000,False,,False,0.0,cpu,patch_nearest_normal,last2,14,0.05,False,,,0.00010884037328651175,0.00010222778946618,False,False,True,True
2026-08-16 12:16:42,full_ctta,metal_nut,monitor,C:/cira_batch_test/metal_nut/good_19.png,good_19.png,normal,False,0.05218540504574776,0.05218540504574776,0.07371339670893942,0.07371339670893942,0.06968219578266144,False,False,16000,False,,False,0.0,cpu,patch_nearest_normal,last2,14,0.05,False,,,0.0001134474077844061,0.00010222778946618,True,False,True,True
2026-08-16 12:16:43,full_ctta,metal_nut,monitor,C:/cira_batch_test/metal_nut/bad_3.png,bad_3.png,anomaly,True,0.14994709193706512,0.14994709193706512,0.07371339670893942,0.07371339670893942,0.06968219578266144,False,False,16000,False,,False,0.0,cpu,patch_nearest_normal,last2,14,0.05,False,,,0.00010721782018663362,0.00010222778946618,False,False,True,True
2026-08-16 12:16:45,full_ctta,metal_nut,monitor,C:/cira_batch_test/metal_nut/bad_7.png,bad_7.png,anomaly,True,0.1473463475704193,0.1473463475704193,0.07371339670893942,0.07371339670893942,0.06968219578266144,False,False,16000,False,,False,0.0,cpu,patch_nearest_normal,last2,14,0.05,False,,,0.0001127726718550548,0.00010222778946618,False,False,True,True
2026-08-16 12:16:46,full_ctta,metal_nut,monitor,C:/cira_batch_test/metal_nut/bad_15.png,bad_15.png,anomaly,True,0.16574899852275848,0.16574899852275848,0.07371339670893942,0.07371339670893942,0.06968219578266144,False,False,16000,False,,False,0.0,cpu,patch_nearest_normal,last2,14,0.05,False,,,0.00012564565986394882,0.00010222778946618,False,False,True,True
2026-08-16 12:16:48,full_ctta,metal_nut,monitor,C:/cira_batch_test/metal_nut/good_5.png,good_5.png,normal,False,0.06078484654426575,3.099441414633475e-07,0.07371339670893942,0.07371339670893942,0.06968219578266144,False,True,16000,True,0.00010513226152397692,True,0.002985508181154728,cpu,patch_nearest_normal,last2,14,0.05,False,,,8.920251275412738e-05,0.00010222778946618,True,True,True,True
2026-08-16 12:16:49,full_ctta,metal_nut,monitor,C:/cira_batch_test/metal_nut/good_14.png,good_14.png,normal,False,0.07093300670385361,0.07093300670385361,0.07371339670893942,0.07371339670893942,0.06968219578266144,False,False,16000,False,,False,0.0,cpu,patch_nearest_normal,last2,14,0.05,False,,,9.088498336495832e-05,0.00010222778946618,False,True,True,True
2026-08-16 12:16:51,full_ctta,metal_nut,monitor,C:/cira_batch_test/metal_nut/bad_4.png,bad_4.png,anomaly,True,0.19956892728805542,0.19956892728805542,0.07371339670893942,0.07371339670893942,0.06968219578266144,False,False,16000,False,,False,0.0,cpu,patch_nearest_normal,last2,14,0.05,False,,,0.00011408192222006619,0.00010222778946618,False,False,True,True
2026-08-16 12:16:52,full_ctta,metal_nut,monitor,C:/cira_batch_test/metal_nut/good_20.png,good_20.png,normal,False,0.05545120686292648,3.635883274455409e-07,0.07371339670893942,0.07371339670893942,0.06968219578266144,False,True,16000,True,0.00010782774188555777,True,0.0027375181671231985,cpu,patch_nearest_normal,last2,14,0.05,False,,,9.876319381874055e-05,0.00010222778946618,True,True,True,True
2026-08-16 12:16:54,full_ctta,metal_nut,monitor,C:/cira_batch_test/metal_nut/good_13.png,good_13.png,normal,False,0.0687231570482254,3.2186508747145126e-07,0.07371339670893942,0.07371339670893942,0.06968219578266144,False,True,16000,True,0.0001018973343889229,True,0.0025901184417307377,cpu,patch_nearest_normal,last2,14,0.05,False,,,8.658499427838251e-05,0.00010222778946618,True,True,True,True
2026-08-16 12:16:56,full_ctta,metal_nut,monitor,C:/cira_batch_test/metal_nut/good_15.png,good_15.png,normal,False,0.05981899052858353,2.8610230629055877e-07,0.07371339670893942,0.07371339670893942,0.06968219578266144,False,True,16000,True,0.000104561448097229,True,0.002562023000791669,cpu,patch_nearest_normal,last2,14,0.05,False,,,0.00010047325486084446,0.00010222778946618,True,True,True,True
2026-08-16 12:16:57,full_ctta,metal_nut,monitor,C:/cira_batch_test/metal_nut/good_6.png,good_6.png,normal,False,0.06668262183666229,2.2053718851111626e-07,0.07371339670893942,0.07371339670893942,0.06968219578266144,False,True,16000,True,0.00011890906898770481,True,0.0025456207804381847,cpu,patch_nearest_normal,last2,14,0.05,False,,,9.624114318285137e-05,0.00010222778946618,True,True,True,True
2026-08-16 12:16:59,full_ctta,metal_nut,monitor,C:/cira_batch_test/metal_nut/good_4.png,good_4.png,normal,False,0.06157032772898674,2.8014181907565217e-07,0.07371339670893942,0.07371339670893942,0.06968219578266144,False,True,16000,True,0.00010480846685823053,True,0.0025153816677629948,cpu,patch_nearest_normal,last2,14,0.05,False,,,9.057467104867101e-05,0.00010222778946618,True,True,True,True
2026-08-16 12:17:01,full_ctta,metal_nut,monitor,C:/cira_batch_test/metal_nut/bad_16.png,bad_16.png,anomaly,True,0.18487203121185303,0.18487203121185303,0.07371339670893942,0.07371339670893942,0.06968219578266144,False,False,16000,False,,False,0.0,cpu,patch_nearest_normal,last2,14,0.05,False,,,0.00011208411888219416,0.00010222778946618,False,False,True,True
2026-08-16 12:17:02,full_ctta,metal_nut,monitor,C:/cira_batch_test/metal_nut/good_10.png,good_10.png,normal,False,0.07269153743982315,0.07269153743982315,0.07371339670893942,0.07371339670893942,0.06968219578266144,False,False,16000,False,,False,0.0,cpu,patch_nearest_normal,last2,14,0.05,False,,,8.750374399824068e-05,0.00010222778946618,False,True,True,True
2026-08-16 12:17:03,full_ctta,metal_nut,monitor,C:/cira_batch_test/metal_nut/bad_18.png,bad_18.png,anomaly,True,0.1248229518532753,0.1248229518532753,0.07371339670893942,0.07371339670893942,0.06968219578266144,False,False,16000,False,,False,0.0,cpu,patch_nearest_normal,last2,14,0.05,False,,,0.00010138974175788462,0.00010222778946618,False,True,True,True
2026-08-16 12:17:05,full_ctta,metal_nut,monitor,C:/cira_batch_test/metal_nut/good_3.png,good_3.png,normal,False,0.06565342843532562,2.6226044269606064e-07,0.07371339670893942,0.07371339670893942,0.06968219578266144,False,True,16000,True,0.00010726760228862986,True,0.00248966203071177,cpu,patch_nearest_normal,last2,14,0.05,False,,,9.254587348550558e-05,0.00010222778946618,True,True,True,True
2026-08-16 12:17:06,full_ctta,metal_nut,monitor,C:/cira_batch_test/metal_nut/bad_14.png,bad_14.png,anomaly,True,0.1608814299106598,0.1608814299106598,0.07371339670893942,0.07371339670893942,0.06968219578266144,False,False,16000,False,,False,0.0,cpu,patch_nearest_normal,last2,14,0.05,False,,,9.799996041692793e-05,0.00010222778946618,False,True,True,True
2026-08-16 12:17:08,full_ctta,metal_nut,monitor,C:/cira_batch_test/metal_nut/bad_6.png,bad_6.png,anomaly,True,0.1572732776403427,0.1572732776403427,0.07371339670893942,0.07371339670893942,0.06968219578266144,False,False,16000,False,,False,0.0,cpu,patch_nearest_normal,last2,14,0.05,False,,,0.00014764975639991462,0.00010222778946618,False,False,True,True
2026-08-16 12:17:09,full_ctta,metal_nut,monitor,C:/cira_batch_test/metal_nut/bad_8.png,bad_8.png,anomaly,True,0.1669808328151703,0.1669808328151703,0.07371339670893942,0.07371339670893942,0.06968219578266144,False,False,16000,False,,False,0.0,cpu,patch_nearest_normal,last2,14,0.05,False,,,0.00012834160588681698,0.00010222778946618,False,False,True,True
2026-08-16 12:17:11,full_ctta,metal_nut,monitor,C:/cira_batch_test/metal_nut/bad_11.png,bad_11.png,anomaly,True,0.16161732375621796,0.16161732375621796,0.07371339670893942,0.07371339670893942,0.06968219578266144,False,False,16000,False,,False,0.0,cpu,patch_nearest_normal,last2,14,0.05,False,,,0.00013617929653264582,0.00010222778946618,False,False,True,True
2026-08-16 12:17:12,full_ctta,metal_nut,monitor,C:/cira_batch_test/metal_nut/bad_9.png,bad_9.png,anomaly,True,0.15946824848651886,0.15946824848651886,0.07371339670893942,0.07371339670893942,0.06968219578266144,False,False,16000,False,,False,0.0,cpu,patch_nearest_normal,last2,14,0.05,False,,,0.00011585871106944978,0.00010222778946618,False,False,True,True
2026-08-16 12:17:13,full_ctta,metal_nut,monitor,C:/cira_batch_test/metal_nut/bad_5.png,bad_5.png,anomaly,True,0.15176871418952942,0.15176871418952942,0.07371339670893942,0.07371339670893942,0.06968219578266144,False,False,16000,False,,False,0.0,cpu,patch_nearest_normal,last2,14,0.05,False,,,0.00011347371037118137,0.00010222778946618,False,False,True,True
2026-08-16 12:17:15,full_ctta,metal_nut,monitor,C:/cira_batch_test/metal_nut/good_9.png,good_9.png,anomaly,True,0.07760421931743622,0.07760421931743622,0.07371339670893942,0.07371339670893942,0.06968219578266144,False,False,16000,False,,False,0.0,cpu,patch_nearest_normal,last2,14,0.05,False,,,0.00010239984840154648,0.00010222778946618,False,False,True,True
2026-08-16 12:17:16,full_ctta,metal_nut,monitor,C:/cira_batch_test/metal_nut/good_2.png,good_2.png,normal,False,0.059614717960357666,3.039836826701503e-07,0.07371339670893942,0.07371339670893942,0.06968219578266144,False,True,16000,True,0.0001089177094399929,True,0.0024849313776940107,cpu,patch_nearest_normal,last2,14,0.05,False,,,9.649743151385337e-05,0.00010222778946618,True,True,True,True
2026-08-16 12:17:18,full_ctta,metal_nut,monitor,C:/cira_batch_test/metal_nut/bad_2.png,bad_2.png,anomaly,True,0.07540102303028107,0.07540102303028107,0.07371339670893942,0.07371339670893942,0.06968219578266144,False,False,16000,False,,False,0.0,cpu,patch_nearest_normal,last2,14,0.05,False,,,0.00010678485705284402,0.00010222778946618,False,False,True,True
2026-08-16 12:17:19,full_ctta,metal_nut,monitor,C:/cira_batch_test/metal_nut/bad_17.png,bad_17.png,anomaly,True,0.1490066945552826,0.1490066945552826,0.07371339670893942,0.07371339670893942,0.06968219578266144,False,False,16000,False,,False,0.0,cpu,patch_nearest_normal,last2,14,0.05,False,,,0.00011629118671407923,0.00010222778946618,False,False,True,True
2026-08-16 12:17:21,full_ctta,metal_nut,monitor,C:/cira_batch_test/metal_nut/bad_1.png,bad_1.png,anomaly,True,0.12046922743320465,0.12046922743320465,0.07371339670893942,0.07371339670893942,0.06968219578266144,False,False,16000,False,,False,0.0,cpu,patch_nearest_normal,last2,14,0.05,False,,,9.898187272483483e-05,0.00010222778946618,False,True,True,True
2026-08-16 12:17:22,full_ctta,metal_nut,monitor,C:/cira_batch_test/metal_nut/good_12.png,good_12.png,normal,False,0.05647396296262741,2.74181360282455e-07,0.07371339670893942,0.07371339670893942,0.06968219578266144,False,True,16000,True,0.00010226637095911428,True,0.0024776498321443796,cpu,patch_nearest_normal,last2,14,0.05,False,,,9.145303192781284e-05,0.00010222778946618,True,True,True,True
2026-08-16 12:17:24,full_ctta,metal_nut,monitor,C:/cira_batch_test/metal_nut/good_18.png,good_18.png,normal,False,0.058866459876298904,2.8014181907565217e-07,0.07371339670893942,0.07371339670893942,0.06968219578266144,False,True,16000,True,0.00011313633876852691,True,0.0024821327533572912,cpu,patch_nearest_normal,last2,14,0.05,True,C:\cira_ttl_checkpoints\metal_nut\patch_memory_bank_update_10.pt,C:\cira_ttl_checkpoints\metal_nut\patch_adapter_update_10.pt,0.00010053277219412848,0.00010222778946618,True,True,True,True
2026-08-16 12:17:26,full_ctta,metal_nut,monitor,C:/cira_batch_test/metal_nut/good_17.png,good_17.png,anomaly,True,0.08223418891429901,0.08223418891429901,0.07371339670893942,0.07371339670893942,0.06968219578266144,False,False,16000,False,,False,0.0,cpu,patch_nearest_normal,last2,14,0.05,False,,,0.00010700147686293349,0.00010222778946618,False,False,True,True
2026-08-16 12:17:27,full_ctta,metal_nut,monitor,C:/cira_batch_test/metal_nut/bad_19.png,bad_19.png,anomaly,True,0.15697482228279114,0.15697482228279114,0.07371339670893942,0.07371339670893942,0.06968219578266144,False,False,16000,False,,False,0.0,cpu,patch_nearest_normal,last2,14,0.05,False,,,0.0001304992038058117,0.00010222778946618,False,False,True,True
2026-08-16 12:17:29,full_ctta,metal_nut,monitor,C:/cira_batch_test/metal_nut/good_1.png,good_1.png,normal,False,0.05838380381464958,3.516674098591466e-07,0.07371339670893942,0.07371339670893942,0.06968219578266144,False,True,16000,True,0.00010042409121524543,True,0.0024661545176059008,cpu,patch_nearest_normal,last2,14,0.05,False,,,9.000985301099718e-05,0.00010222778946618,True,True,True,True
2026-08-16 12:17:30,full_ctta,pill,monitor,C:/cira_batch_test/pill/bad_10.png,bad_10.png,normal,False,0.046015601605176926,2.980232238769531e-07,0.05881828558520522,0.05881828558520522,0.05084799118340016,False,True,16000,True,0.00015939175500534475,True,0.0030108001083135605,cpu,patch_nearest_normal,last2,14,0.05,False,,,0.00013441935880109668,0.00015804108188598499,True,True,True,True
2026-08-16 12:17:32,full_ctta,pill,monitor,C:/cira_batch_test/pill/good_16.png,good_16.png,normal,False,0.055223990231752396,0.055223990231752396,0.05881828558520522,0.05881828558520522,0.05084799118340016,False,False,16000,False,,False,0.0,cpu,patch_nearest_normal,last2,14,0.05,False,,,0.00013776084233541042,0.00015804108188598499,False,True,True,True
2026-08-16 12:17:33,full_ctta,pill,monitor,C:/cira_batch_test/pill/bad_12.png,bad_12.png,anomaly,True,0.12158717215061188,0.12158717215061188,0.05881828558520522,0.05881828558520522,0.05084799118340016,False,False,16000,False,,False,0.0,cpu,patch_nearest_normal,last2,14,0.05,False,,,0.00016777438577264547,0.00015804108188598499,False,False,True,True
2026-08-16 12:17:35,full_ctta,pill,monitor,C:/cira_batch_test/pill/good_11.png,good_11.png,normal,False,0.051020991057157516,0.051020991057157516,0.05881828558520522,0.05881828558520522,0.05084799118340016,False,False,16000,False,,False,0.0,cpu,patch_nearest_normal,last2,14,0.05,False,,,0.00012008826888632029,0.00015804108188598499,False,True,True,True
2026-08-16 12:17:36,full_ctta,pill,monitor,C:/cira_batch_test/pill/bad_13.png,bad_13.png,normal,False,0.05824894830584526,0.05824894830584526,0.05881828558520522,0.05881828558520522,0.05084799118340016,False,False,16000,False,,False,0.0,cpu,patch_nearest_normal,last2,14,0.05,False,,,0.0001570443419041112,0.00015804108188598499,False,True,True,True
2026-08-16 12:17:38,full_ctta,pill,monitor,C:/cira_batch_test/pill/good_7.png,good_7.png,normal,False,0.0454963743686676,3.516674098591466e-07,0.05881828558520522,0.05881828558520522,0.05084799118340016,False,True,16000,True,0.00015672626614104956,True,0.0028114067390561104,cpu,patch_nearest_normal,last2,14,0.05,False,,,0.00014136696700006723,0.00015804108188598499,True,True,True,True
2026-08-16 12:17:39,full_ctta,pill,monitor,C:/cira_batch_test/pill/good_8.png,good_8.png,normal,False,0.058649949729442596,0.058649949729442596,0.05881828558520522,0.05881828558520522,0.05084799118340016,False,False,16000,False,,False,0.0,cpu,patch_nearest_normal,last2,14,0.05,False,,,0.0001430666889064014,0.00015804108188598499,False,True,True,True
2026-08-16 12:17:41,full_ctta,pill,monitor,C:/cira_batch_test/pill/bad_20.png,bad_20.png,anomaly,True,0.06293555349111557,0.06293555349111557,0.05881828558520522,0.05881828558520522,0.05084799118340016,False,False,16000,False,,False,0.0,cpu,patch_nearest_normal,last2,14,0.05,False,,,0.0001441032945876941,0.00015804108188598499,False,True,True,True
2026-08-16 12:17:42,full_ctta,pill,monitor,C:/cira_batch_test/pill/good_19.png,good_19.png,normal,False,0.057684510946273804,0.057684510946273804,0.05881828558520522,0.05881828558520522,0.05084799118340016,False,False,16000,False,,False,0.0,cpu,patch_nearest_normal,last2,14,0.05,False,,,0.0001520541700301692,0.00015804108188598499,False,True,True,True
2026-08-16 12:17:43,full_ctta,pill,monitor,C:/cira_batch_test/pill/bad_3.png,bad_3.png,anomaly,True,0.06861169636249542,0.06861169636249542,0.05881828558520522,0.05881828558520522,0.05084799118340016,False,False,16000,False,,False,0.0,cpu,patch_nearest_normal,last2,14,0.05,False,,,0.00014912558253854513,0.00015804108188598499,False,True,True,True
2026-08-16 12:17:45,full_ctta,pill,monitor,C:/cira_batch_test/pill/bad_7.png,bad_7.png,anomaly,True,0.07231776416301727,0.07231776416301727,0.05881828558520522,0.05881828558520522,0.05084799118340016,False,False,16000,False,,False,0.0,cpu,patch_nearest_normal,last2,14,0.05,False,,,0.00014212638780009001,0.00015804108188598499,False,True,True,True
2026-08-16 12:17:46,full_ctta,pill,monitor,C:/cira_batch_test/pill/bad_15.png,bad_15.png,anomaly,True,0.07377152144908905,0.07377152144908905,0.05881828558520522,0.05881828558520522,0.05084799118340016,False,False,16000,False,,False,0.0,cpu,patch_nearest_normal,last2,14,0.05,False,,,0.00014225819904822856,0.00015804108188598499,False,True,True,True
2026-08-16 12:17:48,full_ctta,pill,monitor,C:/cira_batch_test/pill/good_5.png,good_5.png,normal,False,0.03960194066166878,2.8610230629055877e-07,0.05881828558520522,0.05881828558520522,0.05084799118340016,False,True,16000,True,0.00014190464571584016,True,0.002743679331615567,cpu,patch_nearest_normal,last2,14,0.05,False,,,0.00013971194857731462,0.00015804108188598499,True,True,True,True
2026-08-16 12:17:50,full_ctta,pill,monitor,C:/cira_batch_test/pill/good_14.png,good_14.png,normal,False,0.04792007803916931,2.9206276508375595e-07,0.05881828558520522,0.05881828558520522,0.05084799118340016,False,True,16000,True,0.00013226257578935474,True,0.002669162815436721,cpu,patch_nearest_normal,last2,14,0.05,False,,,0.00011577827535802498,0.00015804108188598499,True,True,True,True
2026-08-16 12:17:51,full_ctta,pill,monitor,C:/cira_batch_test/pill/bad_4.png,bad_4.png,anomaly,True,0.06919653713703156,0.06919653713703156,0.05881828558520522,0.05881828558520522,0.05084799118340016,False,False,16000,False,,False,0.0,cpu,patch_nearest_normal,last2,14,0.05,False,,,0.0001585782301845029,0.00015804108188598499,False,False,True,True
2026-08-16 12:17:52,full_ctta,pill,monitor,C:/cira_batch_test/pill/good_20.png,good_20.png,normal,False,0.05347934365272522,0.05347934365272522,0.05881828558520522,0.05881828558520522,0.05084799118340016,False,False,16000,False,,False,0.0,cpu,patch_nearest_normal,last2,14,0.05,False,,,0.0001320111332461238,0.00015804108188598499,False,True,True,True
2026-08-16 12:17:54,full_ctta,pill,monitor,C:/cira_batch_test/pill/good_13.png,good_13.png,anomaly,True,0.06282173097133636,0.06282173097133636,0.05881828558520522,0.05881828558520522,0.05084799118340016,False,False,16000,False,,False,0.0,cpu,patch_nearest_normal,last2,14,0.05,False,,,0.00014394448953680694,0.00015804108188598499,False,True,True,True
2026-08-16 12:17:56,full_ctta,pill,monitor,C:/cira_batch_test/pill/good_15.png,good_15.png,normal,False,0.050150416791439056,2.980232238769531e-07,0.05881828558520522,0.05881828558520522,0.05084799118340016,False,True,16000,True,0.00015276396879926324,True,0.002635192358866334,cpu,patch_nearest_normal,last2,14,0.05,False,,,0.00013519318599719554,0.00015804108188598499,True,True,True,True
2026-08-16 12:17:57,full_ctta,pill,monitor,C:/cira_batch_test/pill/good_6.png,good_6.png,normal,False,0.04527261108160019,2.8014181907565217e-07,0.05881828558520522,0.05881828558520522,0.05084799118340016,False,True,16000,True,0.0001695761166047305,True,0.002623989712446928,cpu,patch_nearest_normal,last2,14,0.05,False,,,0.0001421119668520987,0.00015804108188598499,True,True,True,True
2026-08-16 12:17:59,full_ctta,pill,monitor,C:/cira_batch_test/pill/good_4.png,good_4.png,normal,False,0.0468105785548687,3.337860050578456e-07,0.05881828558520522,0.05881828558520522,0.05084799118340016,False,True,16000,True,0.00015158687892835587,True,0.002605150453746319,cpu,patch_nearest_normal,last2,14,0.05,False,,,0.00014889182057231665,0.00015804108188598499,True,True,True,True
2026-08-16 12:18:00,full_ctta,pill,monitor,C:/cira_batch_test/pill/bad_16.png,bad_16.png,anomaly,True,0.07185371965169907,0.07185371965169907,0.05881828558520522,0.05881828558520522,0.05084799118340016,False,False,16000,False,,False,0.0,cpu,patch_nearest_normal,last2,14,0.05,False,,,0.00014152108633425087,0.00015804108188598499,False,True,True,True
2026-08-16 12:18:02,full_ctta,pill,monitor,C:/cira_batch_test/pill/good_10.png,good_10.png,normal,False,0.043975185602903366,2.74181360282455e-07,0.05881828558520522,0.05881828558520522,0.05084799118340016,False,True,16000,True,0.00013490837591234595,True,0.0025947843678295612,cpu,patch_nearest_normal,last2,14,0.05,False,,,0.00012894168321508914,0.00015804108188598499,True,True,True,True
2026-08-16 12:18:03,full_ctta,pill,monitor,C:/cira_batch_test/pill/bad_18.png,bad_18.png,normal,False,0.05334208160638809,0.05334208160638809,0.05881828558520522,0.05881828558520522,0.05084799118340016,False,False,16000,False,,False,0.0,cpu,patch_nearest_normal,last2,14,0.05,False,,,0.0001347871293546632,0.00015804108188598499,False,True,True,True
2026-08-16 12:18:05,full_ctta,pill,monitor,C:/cira_batch_test/pill/good_3.png,good_3.png,normal,False,0.04296489804983139,3.099441414633475e-07,0.05881828558520522,0.05881828558520522,0.05084799118340016,False,True,16000,True,0.00014219649892766029,True,0.002585161244496703,cpu,patch_nearest_normal,last2,14,0.05,False,,,0.00013351935194805264,0.00015804108188598499,True,True,True,True
2026-08-16 12:18:06,full_ctta,pill,monitor,C:/cira_batch_test/pill/bad_14.png,bad_14.png,anomaly,True,0.06940580159425735,0.06940580159425735,0.05881828558520522,0.05881828558520522,0.05084799118340016,False,False,16000,False,,False,0.0,cpu,patch_nearest_normal,last2,14,0.05,False,,,0.00015644112136214972,0.00015804108188598499,False,True,True,True
2026-08-16 12:18:08,full_ctta,pill,monitor,C:/cira_batch_test/pill/bad_6.png,bad_6.png,anomaly,True,0.07786641269922256,0.07786641269922256,0.05881828558520522,0.05881828558520522,0.05084799118340016,False,False,16000,False,,False,0.0,cpu,patch_nearest_normal,last2,14,0.05,False,,,0.00016316121036652476,0.00015804108188598499,False,False,True,True
2026-08-16 12:18:09,full_ctta,pill,monitor,C:/cira_batch_test/pill/bad_8.png,bad_8.png,anomaly,True,0.11711220443248749,0.11711220443248749,0.05881828558520522,0.05881828558520522,0.05084799118340016,False,False,16000,False,,False,0.0,cpu,patch_nearest_normal,last2,14,0.05,False,,,0.00015421007992699742,0.00015804108188598499,False,True,True,True
2026-08-16 12:18:11,full_ctta,pill,monitor,C:/cira_batch_test/pill/bad_11.png,bad_11.png,anomaly,True,0.09429137408733368,0.09429137408733368,0.05881828558520522,0.05881828558520522,0.05084799118340016,False,False,16000,False,,False,0.0,cpu,patch_nearest_normal,last2,14,0.05,False,,,0.00015885937318671495,0.00015804108188598499,False,False,True,True
2026-08-16 12:18:12,full_ctta,pill,monitor,C:/cira_batch_test/pill/bad_9.png,bad_9.png,anomaly,True,0.06141172721982002,0.06141172721982002,0.05881828558520522,0.05881828558520522,0.05084799118340016,False,False,16000,False,,False,0.0,cpu,patch_nearest_normal,last2,14,0.05,False,,,0.0001308483479078859,0.00015804108188598499,False,True,True,True
2026-08-16 12:18:14,full_ctta,pill,monitor,C:/cira_batch_test/pill/bad_5.png,bad_5.png,anomaly,True,0.1854022741317749,0.1854022741317749,0.05881828558520522,0.05881828558520522,0.05084799118340016,False,False,16000,False,,False,0.0,cpu,patch_nearest_normal,last2,14,0.05,False,,,0.0001353659463347867,0.00015804108188598499,False,True,True,True
2026-08-16 12:18:15,full_ctta,pill,monitor,C:/cira_batch_test/pill/good_9.png,good_9.png,normal,False,0.047190625220537186,2.980232238769531e-07,0.05881828558520522,0.05881828558520522,0.05084799118340016,False,True,16000,True,0.00014837812341284007,True,0.0025856303982436657,cpu,patch_nearest_normal,last2,14,0.05,True,C:\cira_ttl_checkpoints\pill\patch_memory_bank_update_10.pt,C:\cira_ttl_checkpoints\pill\patch_adapter_update_10.pt,0.00013293861411511898,0.00015804108188598499,True,True,True,True
2026-08-16 12:18:17,full_ctta,pill,monitor,C:/cira_batch_test/pill/good_2.png,good_2.png,normal,False,0.04205872491002083,2.682209014892578e-07,0.05881828558520522,0.05881828558520522,0.05084799118340016,False,True,16000,True,0.00014911282050888985,True,0.0025811747182160616,cpu,patch_nearest_normal,last2,14,0.05,False,,,0.00013942562509328127,0.00015804108188598499,True,True,True,True
2026-08-16 12:18:19,full_ctta,pill,monitor,C:/cira_batch_test/pill/bad_2.png,bad_2.png,anomaly,True,0.07447373867034912,0.07447373867034912,0.05881828558520522,0.05881828558520522,0.05084799118340016,False,False,16000,False,,False,0.0,cpu,patch_nearest_normal,last2,14,0.05,False,,,0.00013713068619836122,0.00015804108188598499,False,True,True,True
2026-08-16 12:18:20,full_ctta,pill,monitor,C:/cira_batch_test/pill/bad_17.png,bad_17.png,anomaly,True,0.07891111075878143,0.07891111075878143,0.05881828558520522,0.05881828558520522,0.05084799118340016,False,False,16000,False,,False,0.0,cpu,patch_nearest_normal,last2,14,0.05,False,,,0.00015618962061125785,0.00015804108188598499,False,True,True,True
2026-08-16 12:18:21,full_ctta,pill,monitor,C:/cira_batch_test/pill/bad_1.png,bad_1.png,anomaly,True,0.08054602891206741,0.08054602891206741,0.05881828558520522,0.05881828558520522,0.05084799118340016,False,False,16000,False,,False,0.0,cpu,patch_nearest_normal,last2,14,0.05,False,,,0.00014333162107504904,0.00015804108188598499,False,True,True,True
2026-08-16 12:18:23,full_ctta,pill,monitor,C:/cira_batch_test/pill/good_12.png,good_12.png,normal,False,0.051221758127212524,0.051221758127212524,0.05881828558520522,0.05881828558520522,0.05084799118340016,False,False,16000,False,,False,0.0,cpu,patch_nearest_normal,last2,14,0.05,False,,,0.00013477673928719014,0.00015804108188598499,False,True,True,True
2026-08-16 12:18:24,full_ctta,pill,monitor,C:/cira_batch_test/pill/good_18.png,good_18.png,normal,False,0.04911273717880249,0.04911273717880249,0.05881828558520522,0.05881828558520522,0.05084799118340016,False,False,16000,False,,False,0.0,cpu,patch_nearest_normal,last2,14,0.05,False,,,0.00016586155106779188,0.00015804108188598499,True,False,True,True
2026-08-16 12:18:26,full_ctta,pill,monitor,C:/cira_batch_test/pill/good_17.png,good_17.png,normal,False,0.053795844316482544,0.053795844316482544,0.05881828558520522,0.05881828558520522,0.05084799118340016,False,False,16000,False,,False,0.0,cpu,patch_nearest_normal,last2,14,0.05,False,,,0.0001591874024597928,0.00015804108188598499,False,False,True,True
2026-08-16 12:18:27,full_ctta,pill,monitor,C:/cira_batch_test/pill/bad_19.png,bad_19.png,anomaly,True,0.0606030710041523,0.0606030710041523,0.05881828558520522,0.05881828558520522,0.05084799118340016,False,False,16000,False,,False,0.0,cpu,patch_nearest_normal,last2,14,0.05,False,,,0.00013658821990247816,0.00015804108188598499,False,True,True,True
2026-08-16 12:18:29,full_ctta,pill,monitor,C:/cira_batch_test/pill/good_1.png,good_1.png,normal,False,0.04553157836198807,2.9206276508375595e-07,0.05881828558520522,0.05881828558520522,0.05084799118340016,False,True,16000,True,0.00015290633018594235,True,0.002571978373453021,cpu,patch_nearest_normal,last2,14,0.05,False,,,0.00015292869647964835,0.00015804108188598499,True,True,True,True
2026-08-16 12:18:30,full_ctta,screw,monitor,C:/cira_batch_test/screw/bad_10.png,bad_10.png,anomaly,True,0.06733480095863342,0.06733480095863342,0.06300563204730296,0.06300563204730296,0.05946885421872139,False,False,16000,False,,False,0.0,cpu,patch_nearest_normal,last2,14,0.05,False,,,0.00010184785060118884,0.00012727336943498,False,True,True,True
2026-08-16 12:18:32,full_ctta,screw,monitor,C:/cira_batch_test/screw/good_16.png,good_16.png,normal,False,0.06156136468052864,0.06156136468052864,0.06300563204730296,0.06300563204730296,0.05946885421872139,False,False,16000,False,,False,0.0,cpu,patch_nearest_normal,last2,14,0.05,False,,,0.00011806529073510319,0.00012727336943498,False,True,True,True
2026-08-16 12:18:33,full_ctta,screw,monitor,C:/cira_batch_test/screw/bad_12.png,bad_12.png,anomaly,True,0.0718311071395874,0.0718311071395874,0.06300563204730296,0.06300563204730296,0.05946885421872139,False,False,16000,False,,False,0.0,cpu,patch_nearest_normal,last2,14,0.05,False,,,0.00012990123650524765,0.00012727336943498,False,False,True,True
2026-08-16 12:18:35,full_ctta,screw,monitor,C:/cira_batch_test/screw/good_11.png,good_11.png,normal,False,0.05035126209259033,2.8610230629055877e-07,0.06300563204730296,0.06300563204730296,0.05946885421872139,False,True,16000,True,0.00010784465121105313,True,0.003030938096344471,cpu,patch_nearest_normal,last2,14,0.05,False,,,0.00010249975457554683,0.00012727336943498,True,True,True,True
2026-08-16 12:18:36,full_ctta,screw,monitor,C:/cira_batch_test/screw/bad_13.png,bad_13.png,anomaly,True,0.08294408023357391,0.08294408023357391,0.06300563204730296,0.06300563204730296,0.05946885421872139,False,False,16000,False,,False,0.0,cpu,patch_nearest_normal,last2,14,0.05,False,,,9.302410762757063e-05,0.00012727336943498,False,True,True,True
2026-08-16 12:18:38,full_ctta,screw,monitor,C:/cira_batch_test/screw/good_7.png,good_7.png,normal,False,0.04388679191470146,3.397464638510428e-07,0.06300563204730296,0.06300563204730296,0.05946885421872139,False,True,16000,True,0.00012018244888167828,True,0.002624628134071827,cpu,patch_nearest_normal,last2,14,0.05,False,,,9.738175140228122e-05,0.00012727336943498,True,True,True,True
2026-08-16 12:18:40,full_ctta,screw,monitor,C:/cira_batch_test/screw/good_8.png,good_8.png,normal,False,0.055145226418972015,2.682209014892578e-07,0.06300563204730296,0.06300563204730296,0.05946885421872139,False,True,16000,True,0.00010953594755847007,True,0.0024968034122139215,cpu,patch_nearest_normal,last2,14,0.05,False,,,0.00010098951315740123,0.00012727336943498,True,True,True,True
2026-08-16 12:18:41,full_ctta,screw,monitor,C:/cira_batch_test/screw/bad_20.png,bad_20.png,anomaly,True,0.06587709486484528,0.06587709486484528,0.06300563204730296,0.06300563204730296,0.05946885421872139,False,False,16000,False,,False,0.0,cpu,patch_nearest_normal,last2,14,0.05,False,,,0.00014120737614575773,0.00012727336943498,False,False,True,True
2026-08-16 12:18:43,full_ctta,screw,monitor,C:/cira_batch_test/screw/good_19.png,good_19.png,normal,False,0.04820692539215088,3.159046286782541e-07,0.06300563204730296,0.06300563204730296,0.05946885421872139,False,True,16000,True,0.00010259141708957031,True,0.0024622338823974133,cpu,patch_nearest_normal,last2,14,0.05,False,,,9.361774573335424e-05,0.00012727336943498,True,True,True,True
2026-08-16 12:18:45,full_ctta,screw,monitor,C:/cira_batch_test/screw/bad_3.png,bad_3.png,normal,False,0.056415148079395294,3.159046286782541e-07,0.06300563204730296,0.06300563204730296,0.05946885421872139,False,True,16000,True,0.00011066834849771112,True,0.002461218275129795,cpu,patch_nearest_normal,last2,14,0.05,False,,,0.00011189819633727893,0.00012727336943498,True,True,True,True
2026-08-16 12:18:46,full_ctta,screw,monitor,C:/cira_batch_test/screw/bad_7.png,bad_7.png,anomaly,True,0.08183084428310394,0.08183084428310394,0.06300563204730296,0.06300563204730296,0.05946885421872139,False,False,16000,False,,False,0.0,cpu,patch_nearest_normal,last2,14,0.05,False,,,0.00012043968308717012,0.00012727336943498,False,True,True,True
2026-08-16 12:18:48,full_ctta,screw,monitor,C:/cira_batch_test/screw/bad_15.png,bad_15.png,anomaly,True,0.08295197784900665,0.08295197784900665,0.06300563204730296,0.06300563204730296,0.05946885421872139,False,False,16000,False,,False,0.0,cpu,patch_nearest_normal,last2,14,0.05,False,,,9.803756984183565e-05,0.00012727336943498,False,True,True,True
2026-08-16 12:18:50,full_ctta,screw,monitor,C:/cira_batch_test/screw/good_5.png,good_5.png,normal,False,0.04746227338910103,3.099441414633475e-07,0.06300563204730296,0.06300563204730296,0.05946885421872139,False,True,16000,True,0.00010823182674357668,True,0.002462417120113969,cpu,patch_nearest_normal,last2,14,0.05,False,,,0.00011335874296491966,0.00012727336943498,True,True,True,True
2026-08-16 12:18:51,full_ctta,screw,monitor,C:/cira_batch_test/screw/good_14.png,good_14.png,normal,False,0.061602603644132614,0.061602603644132614,0.06300563204730296,0.06300563204730296,0.05946885421872139,False,False,16000,False,,False,0.0,cpu,patch_nearest_normal,last2,14,0.05,False,,,0.00011064264981541783,0.00012727336943498,False,True,True,True
2026-08-16 12:18:53,full_ctta,screw,monitor,C:/cira_batch_test/screw/bad_4.png,bad_4.png,normal,False,0.05806627869606018,2.6226044269606064e-07,0.06300563204730296,0.06300563204730296,0.05946885421872139,False,True,16000,True,0.00010033570288214833,True,0.002410409739241004,cpu,patch_nearest_normal,last2,14,0.05,False,,,8.988367335405201e-05,0.00012727336943498,True,True,True,True
2026-08-16 12:18:54,full_ctta,screw,monitor,C:/cira_batch_test/screw/good_20.png,good_20.png,anomaly,True,0.06918071210384369,0.06918071210384369,0.06300563204730296,0.06300563204730296,0.05946885421872139,False,False,16000,False,,False,0.0,cpu,patch_nearest_normal,last2,14,0.05,False,,,0.00010509874846320599,0.00012727336943498,False,True,True,True
2026-08-16 12:18:56,full_ctta,screw,monitor,C:/cira_batch_test/screw/good_13.png,good_13.png,normal,False,0.05854731798171997,3.099441414633475e-07,0.06300563204730296,0.06300563204730296,0.05946885421872139,False,True,16000,True,0.00012707880523521453,True,0.0024226971436291933,cpu,patch_nearest_normal,last2,14,0.05,False,,,0.00011603046004893258,0.00012727336943498,True,True,True,True
2026-08-16 12:18:58,full_ctta,screw,monitor,C:/cira_batch_test/screw/good_15.png,good_15.png,normal,False,0.0491325780749321,2.5033949668795685e-07,0.06300563204730296,0.06300563204730296,0.05946885421872139,False,True,16000,True,0.00010977333295159042,True,0.002430277643725276,cpu,patch_nearest_normal,last2,14,0.05,False,,,0.00010350310185458511,0.00012727336943498,True,True,True,True
2026-08-16 12:18:59,full_ctta,screw,monitor,C:/cira_batch_test/screw/good_6.png,good_6.png,anomaly,True,0.0829644501209259,0.0829644501209259,0.06300563204730296,0.06300563204730296,0.05946885421872139,False,False,16000,False,,False,0.0,cpu,patch_nearest_normal,last2,14,0.05,False,,,0.00012109242379665375,0.00012727336943498,False,True,True,True
2026-08-16 12:19:01,full_ctta,screw,monitor,C:/cira_batch_test/screw/good_4.png,good_4.png,normal,False,0.043477676808834076,2.8610230629055877e-07,0.06300563204730296,0.06300563204730296,0.05946885421872139,False,True,16000,True,0.00012444198364391923,True,0.002429640619084239,cpu,patch_nearest_normal,last2,14,0.05,True,C:\cira_ttl_checkpoints\screw\patch_memory_bank_update_10.pt,C:\cira_ttl_checkpoints\screw\patch_adapter_update_10.pt,0.00010494091111468151,0.00012727336943498,True,True,True,True
2026-08-16 12:19:02,full_ctta,screw,monitor,C:/cira_batch_test/screw/bad_16.png,bad_16.png,anomaly,True,0.06481923162937164,0.06481923162937164,0.06300563204730296,0.06300563204730296,0.05946885421872139,False,False,16000,False,,False,0.0,cpu,patch_nearest_normal,last2,14,0.05,False,,,0.00010247756290482357,0.00012727336943498,False,True,True,True
2026-08-16 12:19:04,full_ctta,screw,monitor,C:/cira_batch_test/screw/good_10.png,good_10.png,normal,False,0.0452393963932991,3.397464638510428e-07,0.06300563204730296,0.06300563204730296,0.05946885421872139,False,True,16000,True,0.00011454369814600796,True,0.002421682234853506,cpu,patch_nearest_normal,last2,14,0.05,False,,,0.00010930517601082101,0.00012727336943498,True,True,True,True
2026-08-16 12:19:06,full_ctta,screw,monitor,C:/cira_batch_test/screw/bad_18.png,bad_18.png,anomaly,True,0.06415924429893494,0.06415924429893494,0.06300563204730296,0.06300563204730296,0.05946885421872139,False,False,16000,False,,False,0.0,cpu,patch_nearest_normal,last2,14,0.05,False,,,0.00011762746726162732,0.00012727336943498,False,True,True,True
2026-08-16 12:19:07,full_ctta,screw,monitor,C:/cira_batch_test/screw/good_3.png,good_3.png,anomaly,True,0.068466417491436,0.068466417491436,0.06300563204730296,0.06300563204730296,0.05946885421872139,False,False,16000,False,,False,0.0,cpu,patch_nearest_normal,last2,14,0.05,False,,,0.0001076573898899369,0.00012727336943498,False,True,True,True
2026-08-16 12:19:09,full_ctta,screw,monitor,C:/cira_batch_test/screw/bad_14.png,bad_14.png,anomaly,True,0.07200305908918381,0.07200305908918381,0.06300563204730296,0.06300563204730296,0.05946885421872139,False,False,16000,False,,False,0.0,cpu,patch_nearest_normal,last2,14,0.05,False,,,0.00011306893429718912,0.00012727336943498,False,True,True,True
2026-08-16 12:19:10,full_ctta,screw,monitor,C:/cira_batch_test/screw/bad_6.png,bad_6.png,anomaly,True,0.06319534778594971,0.06319534778594971,0.06300563204730296,0.06300563204730296,0.05946885421872139,False,False,16000,False,,False,0.0,cpu,patch_nearest_normal,last2,14,0.05,False,,,0.0001041835275827907,0.00012727336943498,False,True,True,True
2026-08-16 12:19:11,full_ctta,screw,monitor,C:/cira_batch_test/screw/bad_8.png,bad_8.png,normal,False,0.06034097820520401,0.06034097820520401,0.06300563204730296,0.06300563204730296,0.05946885421872139,False,False,16000,False,,False,0.0,cpu,patch_nearest_normal,last2,14,0.05,False,,,0.00013554921315517277,0.00012727336943498,False,False,True,True
2026-08-16 12:19:13,full_ctta,screw,monitor,C:/cira_batch_test/screw/bad_11.png,bad_11.png,anomaly,True,0.06712211668491364,0.06712211668491364,0.06300563204730296,0.06300563204730296,0.05946885421872139,False,False,16000,False,,False,0.0,cpu,patch_nearest_normal,last2,14,0.05,False,,,0.00010282781295245513,0.00012727336943498,False,True,True,True
2026-08-16 12:19:14,full_ctta,screw,monitor,C:/cira_batch_test/screw/bad_9.png,bad_9.png,anomaly,True,0.06856193393468857,0.06856193393468857,0.06300563204730296,0.06300563204730296,0.05946885421872139,False,False,16000,False,,False,0.0,cpu,patch_nearest_normal,last2,14,0.05,False,,,0.00011709893442457542,0.00012727336943498,False,True,True,True
2026-08-16 12:19:16,full_ctta,screw,monitor,C:/cira_batch_test/screw/bad_5.png,bad_5.png,anomaly,True,0.10358081758022308,0.10358081758022308,0.06300563204730296,0.06300563204730296,0.05946885421872139,False,False,16000,False,,False,0.0,cpu,patch_nearest_normal,last2,14,0.05,False,,,0.00010791177919600159,0.00012727336943498,False,True,True,True
2026-08-16 12:19:18,full_ctta,screw,monitor,C:/cira_batch_test/screw/good_9.png,good_9.png,normal,False,0.0439278669655323,3.2186508747145126e-07,0.06300563204730296,0.06300563204730296,0.05946885421872139,False,True,16000,True,0.00010772883979370818,True,0.0024203360080718994,cpu,patch_nearest_normal,last2,14,0.05,False,,,0.00011219184671062976,0.00012727336943498,True,True,True,True
2026-08-16 12:19:19,full_ctta,screw,monitor,C:/cira_batch_test/screw/good_2.png,good_2.png,anomaly,True,0.06699110567569733,0.06699110567569733,0.06300563204730296,0.06300563204730296,0.05946885421872139,False,False,16000,False,,False,0.0,cpu,patch_nearest_normal,last2,14,0.05,False,,,0.0001108951837522909,0.00012727336943498,False,True,True,True
2026-08-16 12:19:21,full_ctta,screw,monitor,C:/cira_batch_test/screw/bad_2.png,bad_2.png,anomaly,True,0.06491032987833023,0.06491032987833023,0.06300563204730296,0.06300563204730296,0.05946885421872139,False,False,16000,False,,False,0.0,cpu,patch_nearest_normal,last2,14,0.05,False,,,0.00010586211283225566,0.00012727336943498,False,True,True,True
2026-08-16 12:19:22,full_ctta,screw,monitor,C:/cira_batch_test/screw/bad_17.png,bad_17.png,normal,False,0.05929536744952202,2.6226044269606064e-07,0.06300563204730296,0.06300563204730296,0.05946885421872139,False,True,16000,True,0.00010291655780747533,True,0.0024009812623262405,cpu,patch_nearest_normal,last2,14,0.05,False,,,9.154897270491347e-05,0.00012727336943498,True,True,True,True
2026-08-16 12:19:24,full_ctta,screw,monitor,C:/cira_batch_test/screw/bad_1.png,bad_1.png,normal,False,0.058082617819309235,3.337860050578456e-07,0.06300563204730296,0.06300563204730296,0.05946885421872139,False,True,16000,True,0.00013285396562423557,True,0.0023957379162311554,cpu,patch_nearest_normal,last2,14,0.05,False,,,0.00011879792145919055,0.00012727336943498,True,True,True,True
2026-08-16 12:19:26,full_ctta,screw,monitor,C:/cira_batch_test/screw/good_12.png,good_12.png,normal,False,0.06070787459611893,0.06070787459611893,0.06300563204730296,0.06300563204730296,0.05946885421872139,False,False,16000,False,,False,0.0,cpu,patch_nearest_normal,last2,14,0.05,False,,,0.00011286487278994173,0.00012727336943498,False,True,True,True
2026-08-16 12:19:27,full_ctta,screw,monitor,C:/cira_batch_test/screw/good_18.png,good_18.png,anomaly,True,0.06706361472606659,0.06706361472606659,0.06300563204730296,0.06300563204730296,0.05946885421872139,False,False,16000,False,,False,0.0,cpu,patch_nearest_normal,last2,14,0.05,False,,,0.00010981490777339786,0.00012727336943498,False,True,True,True
2026-08-16 12:19:29,full_ctta,screw,monitor,C:/cira_batch_test/screw/good_17.png,good_17.png,normal,False,0.06026012822985649,0.06026012822985649,0.06300563204730296,0.06300563204730296,0.05946885421872139,False,False,16000,False,,False,0.0,cpu,patch_nearest_normal,last2,14,0.05,False,,,9.928911458700895e-05,0.00012727336943498,False,True,True,True
2026-08-16 12:19:30,full_ctta,screw,monitor,C:/cira_batch_test/screw/bad_19.png,bad_19.png,anomaly,True,0.06640288233757019,0.06640288233757019,0.06300563204730296,0.06300563204730296,0.05946885421872139,False,False,16000,False,,False,0.0,cpu,patch_nearest_normal,last2,14,0.05,False,,,8.755471935728565e-05,0.00012727336943498,False,True,True,True
2026-08-16 12:19:32,full_ctta,screw,monitor,C:/cira_batch_test/screw/good_1.png,good_1.png,normal,False,0.04905771091580391,3.516674098591466e-07,0.06300563204730296,0.06300563204730296,0.05946885421872139,False,True,16000,True,0.00012096330465283245,True,0.0024094043765217066,cpu,patch_nearest_normal,last2,14,0.05,False,,,0.00012607095413841307,0.00012727336943498,True,True,True,True
2026-08-16 12:19:33,full_ctta,tile,monitor,C:/cira_batch_test/tile/bad_10.png,bad_10.png,anomaly,True,0.09991627186536789,0.09991627186536789,0.06531576363636363,0.06531576363636363,0.05311408117413522,False,False,16000,False,,False,0.0,cpu,patch_nearest_normal,last2,14,0.05,False,,,0.0001978029904421419,0.000230512705456835,False,True,True,True
2026-08-16 12:19:35,full_ctta,tile,monitor,C:/cira_batch_test/tile/good_16.png,good_16.png,normal,False,0.03829062730073929,3.337860050578456e-07,0.06531576363636363,0.06531576363636363,0.05311408117413522,False,True,16000,True,0.00022613398323301226,True,0.0030023769941180944,cpu,patch_nearest_normal,last2,14,0.05,False,,,0.00022060611809138209,0.000230512705456835,True,True,True,True
2026-08-16 12:19:37,full_ctta,tile,monitor,C:/cira_batch_test/tile/bad_12.png,bad_12.png,normal,False,0.05430511757731438,0.05430511757731438,0.06531576363636363,0.06531576363636363,0.05311408117413522,False,False,16000,False,,False,0.0,cpu,patch_nearest_normal,last2,14,0.05,False,,,0.00020685483468696475,0.000230512705456835,False,True,True,True
2026-08-16 12:19:38,full_ctta,tile,monitor,C:/cira_batch_test/tile/good_11.png,good_11.png,normal,False,0.0401061587035656,3.337860050578456e-07,0.06531576363636363,0.06531576363636363,0.05311408117413522,False,True,16000,True,0.00015914211689960212,True,0.002699290867894888,cpu,patch_nearest_normal,last2,14,0.05,False,,,0.00016114860773086548,0.000230512705456835,True,True,True,True
2026-08-16 12:19:40,full_ctta,tile,monitor,C:/cira_batch_test/tile/bad_13.png,bad_13.png,anomaly,True,0.15705673396587372,0.15705673396587372,0.06531576363636363,0.06531576363636363,0.05311408117413522,False,False,16000,False,,False,0.0,cpu,patch_nearest_normal,last2,14,0.05,False,,,0.0001681238936726004,0.000230512705456835,False,True,True,True
2026-08-16 12:19:41,full_ctta,tile,monitor,C:/cira_batch_test/tile/good_7.png,good_7.png,normal,False,0.043610937893390656,3.2186508747145126e-07,0.06531576363636363,0.06531576363636363,0.05311408117413522,False,True,16000,True,0.00021447562903631479,True,0.0026733099948614836,cpu,patch_nearest_normal,last2,14,0.05,False,,,0.00021526016644202173,0.000230512705456835,True,True,True,True
2026-08-16 12:19:43,full_ctta,tile,monitor,C:/cira_batch_test/tile/good_8.png,good_8.png,normal,False,0.0400962308049202,3.695487862387381e-07,0.06531576363636363,0.06531576363636363,0.05311408117413522,False,True,16000,True,0.0002269393007736653,True,0.002685015322640538,cpu,patch_nearest_normal,last2,14,0.05,False,,,0.00022192185861058533,0.000230512705456835,True,True,True,True
2026-08-16 12:19:44,full_ctta,tile,monitor,C:/cira_batch_test/tile/bad_20.png,bad_20.png,anomaly,True,0.11427325010299683,0.11427325010299683,0.06531576363636363,0.06531576363636363,0.05311408117413522,False,False,16000,False,,False,0.0,cpu,patch_nearest_normal,last2,14,0.05,False,,,0.0001848324463935569,0.000230512705456835,False,True,True,True
2026-08-16 12:19:46,full_ctta,tile,monitor,C:/cira_batch_test/tile/good_19.png,good_19.png,normal,False,0.04866091161966324,2.980232238769531e-07,0.06531576363636363,0.06531576363636363,0.05311408117413522,False,True,16000,True,0.0002023097185883671,True,0.0026864849496632814,cpu,patch_nearest_normal,last2,14,0.05,False,,,0.00018941420421469957,0.000230512705456835,True,True,True,True
2026-08-16 12:19:48,full_ctta,tile,monitor,C:/cira_batch_test/tile/bad_3.png,bad_3.png,anomaly,True,0.38437408208847046,0.38437408208847046,0.06531576363636363,0.06531576363636363,0.05311408117413522,False,False,16000,False,,False,0.0,cpu,patch_nearest_normal,last2,14,0.05,False,,,0.00019943329971283674,0.000230512705456835,False,True,True,True
2026-08-16 12:19:49,full_ctta,tile,monitor,C:/cira_batch_test/tile/bad_7.png,bad_7.png,anomaly,True,0.21246269345283508,0.21246269345283508,0.06531576363636363,0.06531576363636363,0.05311408117413522,False,False,16000,False,,False,0.0,cpu,patch_nearest_normal,last2,14,0.05,False,,,0.00019779471040237695,0.000230512705456835,False,True,True,True
2026-08-16 12:19:50,full_ctta,tile,monitor,C:/cira_batch_test/tile/bad_15.png,bad_15.png,anomaly,True,0.1773299276828766,0.1773299276828766,0.06531576363636363,0.06531576363636363,0.05311408117413522,False,False,16000,False,,False,0.0,cpu,patch_nearest_normal,last2,14,0.05,False,,,0.00023592464276589453,0.000230512705456835,False,False,True,True
2026-08-16 12:19:52,full_ctta,tile,monitor,C:/cira_batch_test/tile/good_5.png,good_5.png,normal,False,0.049932610243558884,3.2186508747145126e-07,0.06531576363636363,0.06531576363636363,0.05311408117413522,False,True,16000,True,0.0002247049706056714,True,0.002694358117878437,cpu,patch_nearest_normal,last2,14,0.05,False,,,0.00021079920406918973,0.000230512705456835,True,True,True,True
2026-08-16 12:19:54,full_ctta,tile,monitor,C:/cira_batch_test/tile/good_14.png,good_14.png,normal,False,0.04213301092386246,3.039836826701503e-07,0.06531576363636363,0.06531576363636363,0.05311408117413522,False,True,16000,True,0.00017478238441981375,True,0.002675812691450119,cpu,patch_nearest_normal,last2,14,0.05,False,,,0.00015120602620299906,0.000230512705456835,True,True,True,True
2026-08-16 12:19:55,full_ctta,tile,monitor,C:/cira_batch_test/tile/bad_4.png,bad_4.png,anomaly,True,0.11350861936807632,0.11350861936807632,0.06531576363636363,0.06531576363636363,0.05311408117413522,False,False,16000,False,,False,0.0,cpu,patch_nearest_normal,last2,14,0.05,False,,,0.0001320149895036593,0.000230512705456835,False,True,True,True
2026-08-16 12:19:59,full_ctta,tile,monitor,C:/cira_batch_test/tile/good_20.png,good_20.png,normal,False,0.041400570422410965,3.039836826701503e-07,0.06531576363636363,0.06531576363636363,0.05311408117413522,False,True,16000,True,0.000193963322089985,True,0.002631509443745017,cpu,patch_nearest_normal,last2,14,0.05,False,,,0.00018906047625932842,0.000230512705456835,True,True,True,True
2026-08-16 12:20:01,full_ctta,tile,monitor,C:/cira_batch_test/tile/good_13.png,good_13.png,normal,False,0.04890279099345207,3.337860050578456e-07,0.06531576363636363,0.06531576363636363,0.05311408117413522,False,True,16000,True,0.00017055663920473307,True,0.0025997981429100037,cpu,patch_nearest_normal,last2,14,0.05,False,,,0.00017028201546054333,0.000230512705456835,True,True,True,True
2026-08-16 12:20:03,full_ctta,tile,monitor,C:/cira_batch_test/tile/good_15.png,good_15.png,normal,False,0.04027649015188217,3.695487862387381e-07,0.06531576363636363,0.06531576363636363,0.05311408117413522,False,True,16000,True,0.00017153470253106207,True,0.002602685010060668,cpu,patch_nearest_normal,last2,14,0.05,True,C:\cira_ttl_checkpoints\tile\patch_memory_bank_update_10.pt,C:\cira_ttl_checkpoints\tile\patch_adapter_update_10.pt,0.0001710909855319187,0.000230512705456835,True,True,True,True
2026-08-16 12:20:04,full_ctta,tile,monitor,C:/cira_batch_test/tile/good_6.png,good_6.png,normal,False,0.04509159177541733,3.337860050578456e-07,0.06531576363636363,0.06531576363636363,0.05311408117413522,False,True,16000,True,0.0001848583051469177,True,0.0025878245942294598,cpu,patch_nearest_normal,last2,14,0.05,False,,,0.0001691907091299072,0.000230512705456835,True,True,True,True
2026-08-16 12:20:06,full_ctta,tile,monitor,C:/cira_batch_test/tile/good_4.png,good_4.png,normal,False,0.03742247819900513,3.457069510659494e-07,0.06531576363636363,0.06531576363636363,0.05311408117413522,False,True,16000,True,0.00021690365974791348,True,0.0026120049878954887,cpu,patch_nearest_normal,last2,14,0.05,False,,,0.00021551860845647752,0.000230512705456835,True,True,True,True
2026-08-16 12:20:08,full_ctta,tile,monitor,C:/cira_batch_test/tile/bad_16.png,bad_16.png,anomaly,True,0.08250649273395538,0.08250649273395538,0.06531576363636363,0.06531576363636363,0.05311408117413522,False,False,16000,False,,False,0.0,cpu,patch_nearest_normal,last2,14,0.05,False,,,0.00021595804719254375,0.000230512705456835,False,True,True,True
2026-08-16 12:20:09,full_ctta,tile,monitor,C:/cira_batch_test/tile/good_10.png,good_10.png,normal,False,0.05172698572278023,3.814697322468419e-07,0.06531576363636363,0.06531576363636363,0.05311408117413522,False,True,16000,True,0.0001744518376654014,True,0.002554694190621376,cpu,patch_nearest_normal,last2,14,0.05,False,,,0.0001584968122188002,0.000230512705456835,True,True,True,True
2026-08-16 12:20:11,full_ctta,tile,monitor,C:/cira_batch_test/tile/bad_18.png,bad_18.png,anomaly,True,0.07064862549304962,0.07064862549304962,0.06531576363636363,0.06531576363636363,0.05311408117413522,False,False,16000,False,,False,0.0,cpu,patch_nearest_normal,last2,14,0.05,False,,,0.00018417964747641236,0.000230512705456835,False,True,True,True
2026-08-16 12:20:12,full_ctta,tile,monitor,C:/cira_batch_test/tile/good_3.png,good_3.png,normal,False,0.039454542100429535,3.2186508747145126e-07,0.06531576363636363,0.06531576363636363,0.05311408117413522,False,True,16000,True,0.00020681317255366594,True,0.002578460844233632,cpu,patch_nearest_normal,last2,14,0.05,False,,,0.00017671614477876574,0.000230512705456835,True,True,True,True
2026-08-16 12:20:14,full_ctta,tile,monitor,C:/cira_batch_test/tile/bad_14.png,bad_14.png,anomaly,True,0.15928752720355988,0.15928752720355988,0.06531576363636363,0.06531576363636363,0.05311408117413522,False,False,16000,False,,False,0.0,cpu,patch_nearest_normal,last2,14,0.05,False,,,0.00019988151325378567,0.000230512705456835,False,True,True,True
2026-08-16 12:20:15,full_ctta,tile,monitor,C:/cira_batch_test/tile/bad_6.png,bad_6.png,anomaly,True,0.22951474785804749,0.22951474785804749,0.06531576363636363,0.06531576363636363,0.05311408117413522,False,False,16000,False,,False,0.0,cpu,patch_nearest_normal,last2,14,0.05,False,,,0.0002095140953315422,0.000230512705456835,False,True,True,True
2026-08-16 12:20:17,full_ctta,tile,monitor,C:/cira_batch_test/tile/bad_8.png,bad_8.png,anomaly,True,0.1684163510799408,0.1684163510799408,0.06531576363636363,0.06531576363636363,0.05311408117413522,False,False,16000,False,,False,0.0,cpu,patch_nearest_normal,last2,14,0.05,False,,,0.00021175775327719748,0.000230512705456835,False,True,True,True
2026-08-16 12:20:18,full_ctta,tile,monitor,C:/cira_batch_test/tile/bad_11.png,bad_11.png,anomaly,True,0.1503361016511917,0.1503361016511917,0.06531576363636363,0.06531576363636363,0.05311408117413522,False,False,16000,False,,False,0.0,cpu,patch_nearest_normal,last2,14,0.05,False,,,0.00014472423936240375,0.000230512705456835,False,True,True,True
2026-08-16 12:20:20,full_ctta,tile,monitor,C:/cira_batch_test/tile/bad_9.png,bad_9.png,anomaly,True,0.3191068768501282,0.3191068768501282,0.06531576363636363,0.06531576363636363,0.05311408117413522,False,False,16000,False,,False,0.0,cpu,patch_nearest_normal,last2,14,0.05,False,,,0.00020904454868286848,0.000230512705456835,False,True,True,True
2026-08-16 12:20:21,full_ctta,tile,monitor,C:/cira_batch_test/tile/bad_5.png,bad_5.png,anomaly,True,0.15496139228343964,0.15496139228343964,0.06531576363636363,0.06531576363636363,0.05311408117413522,False,False,16000,False,,False,0.0,cpu,patch_nearest_normal,last2,14,0.05,False,,,0.00011237222497584298,0.000230512705456835,False,True,True,True
2026-08-16 12:20:23,full_ctta,tile,monitor,C:/cira_batch_test/tile/good_9.png,good_9.png,normal,False,0.03611619025468826,2.980232238769531e-07,0.06531576363636363,0.06531576363636363,0.05311408117413522,False,True,16000,True,0.00019757398695219308,True,0.002583498368039727,cpu,patch_nearest_normal,last2,14,0.05,False,,,0.0002014097262872383,0.000230512705456835,True,True,True,True
2026-08-16 12:20:25,full_ctta,tile,monitor,C:/cira_batch_test/tile/good_2.png,good_2.png,normal,False,0.0484839491546154,3.159046286782541e-07,0.06531576363636363,0.06531576363636363,0.05311408117413522,False,True,16000,True,0.00021799762907903641,True,0.002600915962830186,cpu,patch_nearest_normal,last2,14,0.05,False,,,0.0002107116160914302,0.000230512705456835,True,True,True,True
2026-08-16 12:20:26,full_ctta,tile,monitor,C:/cira_batch_test/tile/bad_2.png,bad_2.png,anomaly,True,0.43688830733299255,0.43688830733299255,0.06531576363636363,0.06531576363636363,0.05311408117413522,False,False,16000,False,,False,0.0,cpu,patch_nearest_normal,last2,14,0.05,False,,,0.00013385876081883907,0.000230512705456835,False,True,True,True
2026-08-16 12:20:28,full_ctta,tile,monitor,C:/cira_batch_test/tile/bad_17.png,bad_17.png,anomaly,True,0.38595786690711975,0.38595786690711975,0.06531576363636363,0.06531576363636363,0.05311408117413522,False,False,16000,False,,False,0.0,cpu,patch_nearest_normal,last2,14,0.05,False,,,0.0002465466968715191,0.000230512705456835,False,False,True,True
2026-08-16 12:20:29,full_ctta,tile,monitor,C:/cira_batch_test/tile/bad_1.png,bad_1.png,anomaly,True,0.4200194478034973,0.4200194478034973,0.06531576363636363,0.06531576363636363,0.05311408117413522,False,False,16000,False,,False,0.0,cpu,patch_nearest_normal,last2,14,0.05,False,,,0.00016471394337713718,0.000230512705456835,False,True,True,True
2026-08-16 12:20:31,full_ctta,tile,monitor,C:/cira_batch_test/tile/good_12.png,good_12.png,normal,False,0.04068218916654587,2.682209014892578e-07,0.06531576363636363,0.06531576363636363,0.05311408117413522,False,True,16000,True,0.0002046641311608255,True,0.0026113030035048723,cpu,patch_nearest_normal,last2,14,0.05,False,,,0.00022379340953193605,0.000230512705456835,True,True,True,True
2026-08-16 12:20:32,full_ctta,tile,monitor,C:/cira_batch_test/tile/good_18.png,good_18.png,anomaly,True,0.06733503192663193,0.06733503192663193,0.06531576363636363,0.06531576363636363,0.05311408117413522,False,False,16000,False,,False,0.0,cpu,patch_nearest_normal,last2,14,0.05,False,,,0.00024166511138901114,0.000230512705456835,False,False,True,True
2026-08-16 12:20:34,full_ctta,tile,monitor,C:/cira_batch_test/tile/good_17.png,good_17.png,normal,False,0.04566947743296623,3.2782554626464844e-07,0.06531576363636363,0.06531576363636363,0.05311408117413522,False,True,16000,True,0.0002047066082013771,True,0.002622014842927456,cpu,patch_nearest_normal,last2,14,0.05,False,,,0.00018969824304804206,0.000230512705456835,True,True,True,True
2026-08-16 12:20:35,full_ctta,tile,monitor,C:/cira_batch_test/tile/bad_19.png,bad_19.png,anomaly,True,0.09556152671575546,0.09556152671575546,0.06531576363636363,0.06531576363636363,0.05311408117413522,False,False,16000,False,,False,0.0,cpu,patch_nearest_normal,last2,14,0.05,False,,,0.00021435198141261935,0.000230512705456835,False,True,True,True
2026-08-16 12:20:37,full_ctta,tile,monitor,C:/cira_batch_test/tile/good_1.png,good_1.png,normal,False,0.04980207607150078,3.814697322468419e-07,0.06531576363636363,0.06531576363636363,0.05311408117413522,False,True,16000,True,0.00020300151663832366,True,0.002626133384183049,cpu,patch_nearest_normal,last2,14,0.05,False,,,0.00020927240257151425,0.000230512705456835,True,True,True,True
2026-08-16 12:20:39,full_ctta,toothbrush,monitor,C:/cira_batch_test/toothbrush/bad_10.png,bad_10.png,anomaly,True,0.14204305410385132,0.14204305410385132,0.0701888715806552,0.0701888715806552,0.0501871842890978,False,False,9408,False,,False,0.0,cpu,patch_nearest_normal,last2,14,0.05,False,,,0.0001163888446171768,0.00012676088372241001,False,True,True,True
2026-08-16 12:20:40,full_ctta,toothbrush,monitor,C:/cira_batch_test/toothbrush/good_16.png,good_16.png,normal,False,0.04482537508010864,2.980232238769531e-07,0.0701888715806552,0.0701888715806552,0.0501871842890978,False,True,9604,True,0.00013371625391300768,True,0.003017211565747857,cpu,patch_nearest_normal,last2,14,0.05,False,,,0.00010775432747323066,0.00012676088372241001,True,True,True,True
2026-08-16 12:20:42,full_ctta,toothbrush,monitor,C:/cira_batch_test/toothbrush/bad_12.png,bad_12.png,anomaly,True,0.3747856318950653,0.3747856318950653,0.0701888715806552,0.0701888715806552,0.0501871842890978,False,False,9604,False,,False,0.0,cpu,patch_nearest_normal,last2,14,0.05,False,,,0.00011694576824083924,0.00012676088372241001,False,True,True,True
2026-08-16 12:20:43,full_ctta,toothbrush,monitor,C:/cira_batch_test/toothbrush/good_11.png,good_11.png,normal,False,0.053651560097932816,0.053651560097932816,0.0701888715806552,0.0701888715806552,0.0501871842890978,False,False,9604,False,,False,0.0,cpu,patch_nearest_normal,last2,14,0.05,False,,,0.00011779487977037206,0.00012676088372241001,False,True,True,True
2026-08-16 12:20:45,full_ctta,toothbrush,monitor,C:/cira_batch_test/toothbrush/bad_13.png,bad_13.png,normal,False,0.05644804239273071,0.05644804239273071,0.0701888715806552,0.0701888715806552,0.0501871842890978,False,False,9604,False,,False,0.0,cpu,patch_nearest_normal,last2,14,0.05,False,,,0.00011387364793336019,0.00012676088372241001,False,True,True,True
2026-08-16 12:20:46,full_ctta,toothbrush,monitor,C:/cira_batch_test/toothbrush/good_7.png,good_7.png,normal,False,0.06090513989329338,0.06090513989329338,0.0701888715806552,0.0701888715806552,0.0501871842890978,False,False,9604,False,,False,0.0,cpu,patch_nearest_normal,last2,14,0.05,False,,,0.00011773730511777103,0.00012676088372241001,False,True,True,True
2026-08-16 12:20:48,full_ctta,toothbrush,monitor,C:/cira_batch_test/toothbrush/good_8.png,good_8.png,anomaly,True,0.07681149244308472,0.07681149244308472,0.0701888715806552,0.0701888715806552,0.0501871842890978,False,False,9604,False,,False,0.0,cpu,patch_nearest_normal,last2,14,0.05,False,,,0.00012699839135166258,0.00012676088372241001,False,False,True,True
2026-08-16 12:20:49,full_ctta,toothbrush,monitor,C:/cira_batch_test/toothbrush/bad_20.png,bad_20.png,anomaly,True,0.32735443115234375,0.32735443115234375,0.0701888715806552,0.0701888715806552,0.0501871842890978,False,False,9604,False,,False,0.0,cpu,patch_nearest_normal,last2,14,0.05,False,,,0.00013102663797326386,0.00012676088372241001,False,False,True,True
2026-08-16 12:20:51,full_ctta,toothbrush,monitor,C:/cira_batch_test/toothbrush/good_19.png,good_19.png,normal,False,0.01862729713320732,2.8610230629055877e-07,0.0701888715806552,0.0701888715806552,0.0501871842890978,False,True,9800,True,0.00013257157115731388,True,0.0027290452271699905,cpu,patch_nearest_normal,last2,14,0.05,False,,,0.00011977754911640659,0.00012676088372241001,True,True,True,True
2026-08-16 12:20:52,full_ctta,toothbrush,monitor,C:/cira_batch_test/toothbrush/bad_3.png,bad_3.png,anomaly,True,0.13606806099414825,0.13606806099414825,0.0701888715806552,0.0701888715806552,0.0501871842890978,False,False,9800,False,,False,0.0,cpu,patch_nearest_normal,last2,14,0.05,False,,,0.00011106297461083159,0.00012676088372241001,False,True,True,True
2026-08-16 12:20:54,full_ctta,toothbrush,monitor,C:/cira_batch_test/toothbrush/bad_7.png,bad_7.png,anomaly,True,0.13721132278442383,0.13721132278442383,0.0701888715806552,0.0701888715806552,0.0501871842890978,False,False,9800,False,,False,0.0,cpu,patch_nearest_normal,last2,14,0.05,False,,,0.00011275422730250284,0.00012676088372241001,False,True,True,True
2026-08-16 12:20:55,full_ctta,toothbrush,monitor,C:/cira_batch_test/toothbrush/bad_15.png,bad_15.png,normal,False,0.06443235278129578,0.06443235278129578,0.0701888715806552,0.0701888715806552,0.0501871842890978,False,False,9800,False,,False,0.0,cpu,patch_nearest_normal,last2,14,0.05,False,,,0.00011950248153880239,0.00012676088372241001,False,True,True,True
2026-08-16 12:20:57,full_ctta,toothbrush,monitor,C:/cira_batch_test/toothbrush/good_5.png,good_5.png,normal,False,0.018368780612945557,2.74181360282455e-07,0.0701888715806552,0.0701888715806552,0.0501871842890978,False,True,9996,True,0.00012158993195043877,True,0.0026566411834210157,cpu,patch_nearest_normal,last2,14,0.05,False,,,0.00011573717347346246,0.00012676088372241001,True,True,True,True
2026-08-16 12:20:58,full_ctta,toothbrush,monitor,C:/cira_batch_test/toothbrush/good_14.png,good_14.png,normal,False,0.06928293406963348,0.06928293406963348,0.0701888715806552,0.0701888715806552,0.0501871842890978,False,False,9996,False,,False,0.0,cpu,patch_nearest_normal,last2,14,0.05,False,,,0.0001198236204800196,0.00012676088372241001,False,True,True,True
2026-08-16 12:21:00,full_ctta,toothbrush,monitor,C:/cira_batch_test/toothbrush/bad_4.png,bad_4.png,anomaly,True,0.07359524816274643,0.07359524816274643,0.0701888715806552,0.0701888715806552,0.0501871842890978,False,False,9996,False,,False,0.0,cpu,patch_nearest_normal,last2,14,0.05,False,,,0.00010843506606761366,0.00012676088372241001,False,True,True,True
2026-08-16 12:21:01,full_ctta,toothbrush,monitor,C:/cira_batch_test/toothbrush/good_20.png,good_20.png,normal,False,0.018375402316451073,2.980232238769531e-07,0.0701888715806552,0.0701888715806552,0.0501871842890978,False,True,10192,True,0.00012225685350131243,True,0.002593708224594593,cpu,patch_nearest_normal,last2,14,0.05,False,,,0.00011484921560622752,0.00012676088372241001,True,True,True,True
2026-08-16 12:21:03,full_ctta,toothbrush,monitor,C:/cira_batch_test/toothbrush/good_13.png,good_13.png,normal,False,0.056365251541137695,0.056365251541137695,0.0701888715806552,0.0701888715806552,0.0501871842890978,False,False,10192,False,,False,0.0,cpu,patch_nearest_normal,last2,14,0.05,False,,,0.00011783729860326275,0.00012676088372241001,False,True,True,True
2026-08-16 12:21:05,full_ctta,toothbrush,monitor,C:/cira_batch_test/toothbrush/good_15.png,good_15.png,normal,False,0.04875871539115906,3.5762786865234375e-07,0.0701888715806552,0.0701888715806552,0.0501871842890978,False,True,10388,True,0.00012167829845566303,True,0.0025683408603072166,cpu,patch_nearest_normal,last2,14,0.05,False,,,0.00010845201904885471,0.00012676088372241001,True,True,True,True
2026-08-16 12:21:06,full_ctta,toothbrush,monitor,C:/cira_batch_test/toothbrush/good_6.png,good_6.png,normal,False,0.04414905235171318,3.2186508747145126e-07,0.0701888715806552,0.0701888715806552,0.0501871842890978,False,True,10584,True,0.00012142007471993566,True,0.0025452536065131426,cpu,patch_nearest_normal,last2,14,0.05,False,,,0.00011316776362946257,0.00012676088372241001,True,True,True,True
2026-08-16 12:21:08,full_ctta,toothbrush,monitor,C:/cira_batch_test/toothbrush/good_4.png,good_4.png,normal,False,0.04518860578536987,2.5033949668795685e-07,0.0701888715806552,0.0701888715806552,0.0501871842890978,False,True,10780,True,0.00011625103797996417,True,0.002534193452447653,cpu,patch_nearest_normal,last2,14,0.05,False,,,0.0001099943183362484,0.00012676088372241001,True,True,True,True
2026-08-16 12:21:09,full_ctta,toothbrush,monitor,C:/cira_batch_test/toothbrush/bad_16.png,bad_16.png,anomaly,True,0.34734588861465454,0.34734588861465454,0.0701888715806552,0.0701888715806552,0.0501871842890978,False,False,10780,False,,False,0.0,cpu,patch_nearest_normal,last2,14,0.05,False,,,0.00011766071111196652,0.00012676088372241001,False,True,True,True
2026-08-16 12:21:11,full_ctta,toothbrush,monitor,C:/cira_batch_test/toothbrush/good_10.png,good_10.png,anomaly,True,0.07399789988994598,0.07399789988994598,0.0701888715806552,0.0701888715806552,0.0501871842890978,False,False,10780,False,,False,0.0,cpu,patch_nearest_normal,last2,14,0.05,False,,,0.0001240730780409649,0.00012676088372241001,False,True,True,True
2026-08-16 12:21:12,full_ctta,toothbrush,monitor,C:/cira_batch_test/toothbrush/bad_18.png,bad_18.png,anomaly,True,0.26970580220222473,0.26970580220222473,0.0701888715806552,0.0701888715806552,0.0501871842890978,False,False,10780,False,,False,0.0,cpu,patch_nearest_normal,last2,14,0.05,False,,,0.00012227054685354233,0.00012676088372241001,False,True,True,True
2026-08-16 12:21:14,full_ctta,toothbrush,monitor,C:/cira_batch_test/toothbrush/good_3.png,good_3.png,normal,False,0.036494236439466476,2.8610230629055877e-07,0.0701888715806552,0.0701888715806552,0.0501871842890978,False,True,10976,True,0.00011885054118465632,True,0.002521891612559557,cpu,patch_nearest_normal,last2,14,0.05,False,,,0.0001116949861170724,0.00012676088372241001,True,True,True,True
2026-08-16 12:21:16,full_ctta,toothbrush,monitor,C:/cira_batch_test/toothbrush/bad_14.png,bad_14.png,anomaly,True,0.2530285716056824,0.2530285716056824,0.0701888715806552,0.0701888715806552,0.0501871842890978,False,False,10976,False,,False,0.0,cpu,patch_nearest_normal,last2,14,0.05,False,,,0.00011808593990281224,0.00012676088372241001,False,True,True,True
2026-08-16 12:21:17,full_ctta,toothbrush,monitor,C:/cira_batch_test/toothbrush/bad_6.png,bad_6.png,normal,False,0.0525592565536499,0.0525592565536499,0.0701888715806552,0.0701888715806552,0.0501871842890978,False,False,10976,False,,False,0.0,cpu,patch_nearest_normal,last2,14,0.05,False,,,0.00011122642899863422,0.00012676088372241001,False,True,True,True
2026-08-16 12:21:19,full_ctta,toothbrush,monitor,C:/cira_batch_test/toothbrush/bad_8.png,bad_8.png,anomaly,True,0.3500596582889557,0.3500596582889557,0.0701888715806552,0.0701888715806552,0.0501871842890978,False,False,10976,False,,False,0.0,cpu,patch_nearest_normal,last2,14,0.05,False,,,0.00012534209236036986,0.00012676088372241001,False,True,True,True
2026-08-16 12:21:20,full_ctta,toothbrush,monitor,C:/cira_batch_test/toothbrush/bad_11.png,bad_11.png,anomaly,True,0.2778584063053131,0.2778584063053131,0.0701888715806552,0.0701888715806552,0.0501871842890978,False,False,10976,False,,False,0.0,cpu,patch_nearest_normal,last2,14,0.05,False,,,0.00011835529585368931,0.00012676088372241001,False,True,True,True
2026-08-16 12:21:22,full_ctta,toothbrush,monitor,C:/cira_batch_test/toothbrush/bad_9.png,bad_9.png,normal,False,0.04639542102813721,3.337860050578456e-07,0.0701888715806552,0.0701888715806552,0.0501871842890978,False,True,11172,True,0.00011942016135435551,True,0.00250725238583982,cpu,patch_nearest_normal,last2,14,0.05,False,,,0.00010823967022588477,0.00012676088372241001,True,True,True,True
2026-08-16 12:21:23,full_ctta,toothbrush,monitor,C:/cira_batch_test/toothbrush/bad_5.png,bad_5.png,normal,False,0.05525849387049675,0.05525849387049675,0.0701888715806552,0.0701888715806552,0.0501871842890978,False,False,11172,False,,False,0.0,cpu,patch_nearest_normal,last2,14,0.05,False,,,0.00011549179180292413,0.00012676088372241001,False,True,True,True
2026-08-16 12:21:25,full_ctta,toothbrush,monitor,C:/cira_batch_test/toothbrush/good_9.png,good_9.png,normal,False,0.042984724044799805,3.039836826701503e-07,0.0701888715806552,0.0701888715806552,0.0501871842890978,False,True,11368,True,0.00012046211486449465,True,0.0025129192508757114,cpu,patch_nearest_normal,last2,14,0.05,True,C:\cira_ttl_checkpoints\toothbrush\patch_memory_bank_update_10.pt,C:\cira_ttl_checkpoints\toothbrush\patch_adapter_update_10.pt,0.00011563804582692683,0.00012676088372241001,True,True,True,True
2026-08-16 12:21:27,full_ctta,toothbrush,monitor,C:/cira_batch_test/toothbrush/good_2.png,good_2.png,normal,False,0.048430878669023514,3.2186508747145126e-07,0.0701888715806552,0.0701888715806552,0.0501871842890978,False,True,11564,True,0.00012105600035283715,True,0.00251159374602139,cpu,patch_nearest_normal,last2,14,0.05,False,,,0.00011724023352144286,0.00012676088372241001,True,True,True,True
2026-08-16 12:21:28,full_ctta,toothbrush,monitor,C:/cira_batch_test/toothbrush/bad_2.png,bad_2.png,normal,False,0.06461329758167267,0.06461329758167267,0.0701888715806552,0.0701888715806552,0.0501871842890978,False,False,11564,False,,False,0.0,cpu,patch_nearest_normal,last2,14,0.05,False,,,0.00011564059241209179,0.00012676088372241001,False,True,True,True
2026-08-16 12:21:30,full_ctta,toothbrush,monitor,C:/cira_batch_test/toothbrush/bad_17.png,bad_17.png,anomaly,True,0.2625073790550232,0.2625073790550232,0.0701888715806552,0.0701888715806552,0.0501871842890978,False,False,11564,False,,False,0.0,cpu,patch_nearest_normal,last2,14,0.05,False,,,0.00011785008973674849,0.00012676088372241001,False,True,True,True
2026-08-16 12:21:31,full_ctta,toothbrush,monitor,C:/cira_batch_test/toothbrush/bad_1.png,bad_1.png,anomaly,True,0.29113978147506714,0.29113978147506714,0.0701888715806552,0.0701888715806552,0.0501871842890978,False,False,11564,False,,False,0.0,cpu,patch_nearest_normal,last2,14,0.05,False,,,0.00011311389971524477,0.00012676088372241001,False,True,True,True
2026-08-16 12:21:33,full_ctta,toothbrush,monitor,C:/cira_batch_test/toothbrush/good_12.png,good_12.png,normal,False,0.059703219681978226,0.059703219681978226,0.0701888715806552,0.0701888715806552,0.0501871842890978,False,False,11564,False,,False,0.0,cpu,patch_nearest_normal,last2,14,0.05,False,,,0.0001147478396887891,0.00012676088372241001,False,True,True,True
2026-08-16 12:21:34,full_ctta,toothbrush,monitor,C:/cira_batch_test/toothbrush/good_18.png,good_18.png,normal,False,0.03215647488832474,3.516674098591466e-07,0.0701888715806552,0.0701888715806552,0.0501871842890978,False,True,11760,True,0.0001245889870915562,True,0.002516638021916151,cpu,patch_nearest_normal,last2,14,0.05,False,,,0.00011512528726598248,0.00012676088372241001,True,True,True,True
2026-08-16 12:21:36,full_ctta,toothbrush,monitor,C:/cira_batch_test/toothbrush/good_17.png,good_17.png,normal,False,0.01952100358903408,3.159046286782541e-07,0.0701888715806552,0.0701888715806552,0.0501871842890978,False,True,11956,True,0.00011642933532129973,True,0.002511055441573262,cpu,patch_nearest_normal,last2,14,0.05,False,,,0.00010597152868285775,0.00012676088372241001,True,True,True,True
2026-08-16 12:21:38,full_ctta,toothbrush,monitor,C:/cira_batch_test/toothbrush/bad_19.png,bad_19.png,anomaly,True,0.07810672372579575,0.07810672372579575,0.0701888715806552,0.0701888715806552,0.0501871842890978,False,False,11956,False,,False,0.0,cpu,patch_nearest_normal,last2,14,0.05,False,,,0.00011894029012182727,0.00012676088372241001,False,True,True,True
2026-08-16 12:21:39,full_ctta,toothbrush,monitor,C:/cira_batch_test/toothbrush/good_1.png,good_1.png,normal,False,0.04121033102273941,2.74181360282455e-07,0.0701888715806552,0.0701888715806552,0.0501871842890978,False,True,12152,True,0.00012470425281208009,True,0.002517526736482978,cpu,patch_nearest_normal,last2,14,0.05,False,,,0.00011188175994902849,0.00012676088372241001,True,True,True,True
2026-08-16 12:21:41,full_ctta,transistor,monitor,C:/cira_batch_test/transistor/bad_10.png,bad_10.png,anomaly,True,0.1326681673526764,0.1326681673526764,0.08374595860198465,0.08374595860198465,0.075458013266325,False,False,16000,False,,False,0.0,cpu,patch_nearest_normal,last2,14,0.05,False,,,0.00017181308066938072,0.000183458399987945,False,True,True,True
2026-08-16 12:21:42,full_ctta,transistor,monitor,C:/cira_batch_test/transistor/good_16.png,good_16.png,normal,False,0.0755409374833107,0.0755409374833107,0.08374595860198465,0.08374595860198465,0.075458013266325,False,False,16000,False,,False,0.0,cpu,patch_nearest_normal,last2,14,0.05,False,,,0.00018387816089671105,0.000183458399987945,False,False,True,True
2026-08-16 12:21:44,full_ctta,transistor,monitor,C:/cira_batch_test/transistor/bad_12.png,bad_12.png,anomaly,True,0.25258898735046387,0.25258898735046387,0.08374595860198465,0.08374595860198465,0.075458013266325,False,False,16000,False,,False,0.0,cpu,patch_nearest_normal,last2,14,0.05,False,,,0.0001493352319812402,0.000183458399987945,False,True,True,True
2026-08-16 12:21:45,full_ctta,transistor,monitor,C:/cira_batch_test/transistor/good_11.png,good_11.png,normal,False,0.06767061352729797,0.06767061352729797,0.08374595860198465,0.08374595860198465,0.075458013266325,False,False,16000,False,,False,0.0,cpu,patch_nearest_normal,last2,14,0.05,False,,,0.00018764367268886417,0.000183458399987945,True,False,True,True
2026-08-16 12:21:47,full_ctta,transistor,monitor,C:/cira_batch_test/transistor/bad_13.png,bad_13.png,anomaly,True,0.10995545238256454,0.10995545238256454,0.08374595860198465,0.08374595860198465,0.075458013266325,False,False,16000,False,,False,0.0,cpu,patch_nearest_normal,last2,14,0.05,False,,,0.00018857252143789083,0.000183458399987945,False,False,True,True
2026-08-16 12:21:48,full_ctta,transistor,monitor,C:/cira_batch_test/transistor/good_7.png,good_7.png,normal,False,0.0724715143442154,0.0724715143442154,0.08374595860198465,0.08374595860198465,0.075458013266325,False,False,16000,False,,False,0.0,cpu,patch_nearest_normal,last2,14,0.05,False,,,0.00018661184003576636,0.000183458399987945,True,False,True,True
2026-08-16 12:21:50,full_ctta,transistor,monitor,C:/cira_batch_test/transistor/good_8.png,good_8.png,normal,False,0.05996345356106758,2.6226044269606064e-07,0.08374595860198465,0.08374595860198465,0.075458013266325,False,True,16000,True,0.00018034124514088035,True,0.003032299457117915,cpu,patch_nearest_normal,last2,14,0.05,False,,,0.00017775602464098483,0.000183458399987945,True,True,True,True
2026-08-16 12:21:52,full_ctta,transistor,monitor,C:/cira_batch_test/transistor/bad_20.png,bad_20.png,anomaly,True,0.29280197620391846,0.29280197620391846,0.08374595860198465,0.08374595860198465,0.075458013266325,False,False,16000,False,,False,0.0,cpu,patch_nearest_normal,last2,14,0.05,False,,,0.00019198170048184693,0.000183458399987945,False,False,True,True
2026-08-16 12:21:53,full_ctta,transistor,monitor,C:/cira_batch_test/transistor/good_19.png,good_19.png,normal,False,0.07861039787530899,0.07861039787530899,0.08374595860198465,0.08374595860198465,0.075458013266325,False,False,16000,False,,False,0.0,cpu,patch_nearest_normal,last2,14,0.05,False,,,0.0001619432878214866,0.000183458399987945,False,True,True,True
2026-08-16 12:21:55,full_ctta,transistor,monitor,C:/cira_batch_test/transistor/bad_3.png,bad_3.png,anomaly,True,0.1024126261472702,0.1024126261472702,0.08374595860198465,0.08374595860198465,0.075458013266325,False,False,16000,False,,False,0.0,cpu,patch_nearest_normal,last2,14,0.05,False,,,0.00017131742788478732,0.000183458399987945,False,True,True,True
2026-08-16 12:21:56,full_ctta,transistor,monitor,C:/cira_batch_test/transistor/bad_7.png,bad_7.png,anomaly,True,0.13255754113197327,0.13255754113197327,0.08374595860198465,0.08374595860198465,0.075458013266325,False,False,16000,False,,False,0.0,cpu,patch_nearest_normal,last2,14,0.05,False,,,0.00017190049402415752,0.000183458399987945,False,True,True,True
2026-08-16 12:21:58,full_ctta,transistor,monitor,C:/cira_batch_test/transistor/bad_15.png,bad_15.png,anomaly,True,0.09782435745000839,0.09782435745000839,0.08374595860198465,0.08374595860198465,0.075458013266325,False,False,16000,False,,False,0.0,cpu,patch_nearest_normal,last2,14,0.05,False,,,0.0001721207663649693,0.000183458399987945,False,True,True,True
2026-08-16 12:21:59,full_ctta,transistor,monitor,C:/cira_batch_test/transistor/good_5.png,good_5.png,normal,False,0.06819509714841843,0.06819509714841843,0.08374595860198465,0.08374595860198465,0.075458013266325,False,False,16000,False,,False,0.0,cpu,patch_nearest_normal,last2,14,0.05,False,,,0.00018795134383253753,0.000183458399987945,True,False,True,True
2026-08-16 12:22:01,full_ctta,transistor,monitor,C:/cira_batch_test/transistor/good_14.png,good_14.png,normal,False,0.06582342833280563,2.3245812030836532e-07,0.08374595860198465,0.08374595860198465,0.075458013266325,False,True,16000,True,0.0001988175354199484,True,0.0028004024643450975,cpu,patch_nearest_normal,last2,14,0.05,False,,,0.0001764097105478868,0.000183458399987945,True,True,True,True
2026-08-16 12:22:03,full_ctta,transistor,monitor,C:/cira_batch_test/transistor/bad_4.png,bad_4.png,anomaly,True,0.09131427109241486,0.09131427109241486,0.08374595860198465,0.08374595860198465,0.075458013266325,False,False,16000,False,,False,0.0,cpu,patch_nearest_normal,last2,14,0.05,False,,,0.00012829987099394202,0.000183458399987945,False,True,True,True
2026-08-16 12:22:04,full_ctta,transistor,monitor,C:/cira_batch_test/transistor/good_20.png,good_20.png,normal,False,0.07406537234783173,2.74181360282455e-07,0.08374595860198465,0.08374595860198465,0.075458013266325,False,True,16000,True,0.00019284867448732257,True,0.0026889480650424957,cpu,patch_nearest_normal,last2,14,0.05,False,,,0.00016392607358284295,0.000183458399987945,True,True,True,True
2026-08-16 12:22:06,full_ctta,transistor,monitor,C:/cira_batch_test/transistor/good_13.png,good_13.png,normal,False,0.05763555318117142,2.2053718851111626e-07,0.08374595860198465,0.08374595860198465,0.075458013266325,False,True,16000,True,0.00017968995962291956,True,0.00263219908811152,cpu,patch_nearest_normal,last2,14,0.05,False,,,0.00017353196744807065,0.000183458399987945,True,True,True,True
2026-08-16 12:22:08,full_ctta,transistor,monitor,C:/cira_batch_test/transistor/good_15.png,good_15.png,normal,False,0.07294817268848419,3.099441414633475e-07,0.08374595860198465,0.08374595860198465,0.075458013266325,False,True,16000,True,0.0001831287081586197,True,0.002613958204165101,cpu,patch_nearest_normal,last2,14,0.05,False,,,0.0001755224948283285,0.000183458399987945,True,True,True,True
2026-08-16 12:22:10,full_ctta,transistor,monitor,C:/cira_batch_test/transistor/good_6.png,good_6.png,normal,False,0.06611572206020355,2.8014181907565217e-07,0.08374595860198465,0.08374595860198465,0.075458013266325,False,True,16000,True,0.00017605286848265678,True,0.0025836441200226545,cpu,patch_nearest_normal,last2,14,0.05,False,,,0.00017835527251008898,0.000183458399987945,True,True,True,True
2026-08-16 12:22:11,full_ctta,transistor,monitor,C:/cira_batch_test/transistor/good_4.png,good_4.png,normal,False,0.06363078951835632,2.6226044269606064e-07,0.08374595860198465,0.08374595860198465,0.075458013266325,False,True,16000,True,0.00018149706011172384,True,0.0025637978687882423,cpu,patch_nearest_normal,last2,14,0.05,False,,,0.00017044172273017466,0.000183458399987945,True,True,True,True
2026-08-16 12:22:13,full_ctta,transistor,monitor,C:/cira_batch_test/transistor/bad_16.png,bad_16.png,anomaly,True,0.17893603444099426,0.17893603444099426,0.08374595860198465,0.08374595860198465,0.075458013266325,False,False,16000,False,,False,0.0,cpu,patch_nearest_normal,last2,14,0.05,False,,,0.00018151773838326335,0.000183458399987945,False,True,True,True
2026-08-16 12:22:15,full_ctta,transistor,monitor,C:/cira_batch_test/transistor/good_10.png,good_10.png,normal,False,0.06513776630163193,2.9206276508375595e-07,0.08374595860198465,0.08374595860198465,0.075458013266325,False,True,16000,True,0.00017451682651881129,True,0.0025601463858038187,cpu,patch_nearest_normal,last2,14,0.05,False,,,0.00016522414807695895,0.000183458399987945,True,True,True,True
2026-08-16 12:22:16,full_ctta,transistor,monitor,C:/cira_batch_test/transistor/bad_18.png,bad_18.png,anomaly,True,0.14677643775939941,0.14677643775939941,0.08374595860198465,0.08374595860198465,0.075458013266325,False,False,16000,False,,False,0.0,cpu,patch_nearest_normal,last2,14,0.05,False,,,0.00018279657524544746,0.000183458399987945,False,True,True,True
2026-08-16 12:22:17,full_ctta,transistor,monitor,C:/cira_batch_test/transistor/good_3.png,good_3.png,normal,False,0.08234122395515442,0.08234122395515442,0.08374595860198465,0.08374595860198465,0.075458013266325,False,False,16000,False,,False,0.0,cpu,patch_nearest_normal,last2,14,0.05,False,,,0.00015648940461687744,0.000183458399987945,False,True,True,True
2026-08-16 12:22:19,full_ctta,transistor,monitor,C:/cira_batch_test/transistor/bad_14.png,bad_14.png,anomaly,True,0.10349108278751373,0.10349108278751373,0.08374595860198465,0.08374595860198465,0.075458013266325,False,False,16000,False,,False,0.0,cpu,patch_nearest_normal,last2,14,0.05,False,,,0.00017391469737049192,0.000183458399987945,False,True,True,True
2026-08-16 12:22:20,full_ctta,transistor,monitor,C:/cira_batch_test/transistor/bad_6.png,bad_6.png,anomaly,True,0.0839768499135971,0.0839768499135971,0.08374595860198465,0.08374595860198465,0.075458013266325,False,False,16000,False,,False,0.0,cpu,patch_nearest_normal,last2,14,0.05,False,,,0.00016496621537953615,0.000183458399987945,False,True,True,True
2026-08-16 12:22:22,full_ctta,transistor,monitor,C:/cira_batch_test/transistor/bad_8.png,bad_8.png,anomaly,True,0.16537055373191833,0.16537055373191833,0.08374595860198465,0.08374595860198465,0.075458013266325,False,False,16000,False,,False,0.0,cpu,patch_nearest_normal,last2,14,0.05,False,,,0.00016562355449423194,0.000183458399987945,False,True,True,True
2026-08-16 12:22:24,full_ctta,transistor,monitor,C:/cira_batch_test/transistor/bad_11.png,bad_11.png,normal,False,0.0753479152917862,2.682209014892578e-07,0.08374595860198465,0.08374595860198465,0.075458013266325,False,True,16000,True,0.0001836534502217546,True,0.0025563472881913185,cpu,patch_nearest_normal,last2,14,0.05,False,,,0.00017287980881519616,0.000183458399987945,True,True,True,True
2026-08-16 12:22:25,full_ctta,transistor,monitor,C:/cira_batch_test/transistor/bad_9.png,bad_9.png,anomaly,True,0.1280514895915985,0.1280514895915985,0.08374595860198465,0.08374595860198465,0.075458013266325,False,False,16000,False,,False,0.0,cpu,patch_nearest_normal,last2,14,0.05,False,,,0.00017787865363061428,0.000183458399987945,False,True,True,True
2026-08-16 12:22:27,full_ctta,transistor,monitor,C:/cira_batch_test/transistor/bad_5.png,bad_5.png,anomaly,True,0.10988366603851318,0.10988366603851318,0.08374595860198465,0.08374595860198465,0.075458013266325,False,False,16000,False,,False,0.0,cpu,patch_nearest_normal,last2,14,0.05,False,,,0.0001763451291481033,0.000183458399987945,False,True,True,True
2026-08-16 12:22:29,full_ctta,transistor,monitor,C:/cira_batch_test/transistor/good_9.png,good_9.png,normal,False,0.06721460819244385,2.682209014892578e-07,0.08374595860198465,0.08374595860198465,0.075458013266325,False,True,16000,True,0.00020930739992763847,True,0.0025563302915543318,cpu,patch_nearest_normal,last2,14,0.05,True,C:\cira_ttl_checkpoints\transistor\patch_memory_bank_update_10.pt,C:\cira_ttl_checkpoints\transistor\patch_adapter_update_10.pt,0.0001794600102584809,0.000183458399987945,True,True,True,True
2026-08-16 12:22:30,full_ctta,transistor,monitor,C:/cira_batch_test/transistor/good_2.png,good_2.png,normal,False,0.08311007171869278,0.08311007171869278,0.08374595860198465,0.08374595860198465,0.075458013266325,False,False,16000,False,,False,0.0,cpu,patch_nearest_normal,last2,14,0.05,False,,,0.00015694524336140603,0.000183458399987945,False,True,True,True
2026-08-16 12:22:32,full_ctta,transistor,monitor,C:/cira_batch_test/transistor/bad_2.png,bad_2.png,anomaly,True,0.20399849116802216,0.20399849116802216,0.08374595860198465,0.08374595860198465,0.075458013266325,False,False,16000,False,,False,0.0,cpu,patch_nearest_normal,last2,14,0.05,False,,,0.00015959193115122616,0.000183458399987945,False,True,True,True
2026-08-16 12:22:33,full_ctta,transistor,monitor,C:/cira_batch_test/transistor/bad_17.png,bad_17.png,anomaly,True,0.20311787724494934,0.20311787724494934,0.08374595860198465,0.08374595860198465,0.075458013266325,False,False,16000,False,,False,0.0,cpu,patch_nearest_normal,last2,14,0.05,False,,,0.00018003745935857296,0.000183458399987945,False,True,True,True
2026-08-16 12:22:35,full_ctta,transistor,monitor,C:/cira_batch_test/transistor/bad_1.png,bad_1.png,anomaly,True,0.12218441814184189,0.12218441814184189,0.08374595860198465,0.08374595860198465,0.075458013266325,False,False,16000,False,,False,0.0,cpu,patch_nearest_normal,last2,14,0.05,False,,,0.0001576649519847706,0.000183458399987945,False,True,True,True
2026-08-16 12:22:37,full_ctta,transistor,monitor,C:/cira_batch_test/transistor/good_12.png,good_12.png,normal,False,0.050979889929294586,0.050979889929294586,0.08374595860198465,0.08374595860198465,0.075458013266325,False,False,16000,False,,False,0.0,cpu,patch_nearest_normal,last2,14,0.05,False,,,0.00019456191512290388,0.000183458399987945,True,False,True,True
2026-08-16 12:22:38,full_ctta,transistor,monitor,C:/cira_batch_test/transistor/good_18.png,good_18.png,normal,False,0.06407304108142853,2.8014181907565217e-07,0.08374595860198465,0.08374595860198465,0.075458013266325,False,True,16000,True,0.00019719288684427738,True,0.00254784245043993,cpu,patch_nearest_normal,last2,14,0.05,False,,,0.0001719568099360913,0.000183458399987945,True,True,True,True
2026-08-16 12:22:40,full_ctta,transistor,monitor,C:/cira_batch_test/transistor/good_17.png,good_17.png,normal,False,0.04995160549879074,3.2186508747145126e-07,0.08374595860198465,0.08374595860198465,0.075458013266325,False,True,16000,True,0.00018375442596152425,True,0.0025420968886464834,cpu,patch_nearest_normal,last2,14,0.05,False,,,0.00016910773410927504,0.000183458399987945,True,True,True,True
2026-08-16 12:22:42,full_ctta,transistor,monitor,C:/cira_batch_test/transistor/bad_19.png,bad_19.png,anomaly,True,0.09833881258964539,0.09833881258964539,0.08374595860198465,0.08374595860198465,0.075458013266325,False,False,16000,False,,False,0.0,cpu,patch_nearest_normal,last2,14,0.05,False,,,0.0001622585696168244,0.000183458399987945,False,True,True,True
2026-08-16 12:22:43,full_ctta,transistor,monitor,C:/cira_batch_test/transistor/good_1.png,good_1.png,normal,False,0.05526316165924072,2.5629998390286346e-07,0.08374595860198465,0.08374595860198465,0.075458013266325,False,True,16000,True,0.00018488525529392064,True,0.0025361257139593363,cpu,patch_nearest_normal,last2,14,0.05,False,,,0.00016593860345892608,0.000183458399987945,True,True,True,True
2026-08-16 12:22:45,full_ctta,wood,monitor,C:/cira_batch_test/wood/bad_10.png,bad_10.png,anomaly,True,0.2777043879032135,0.2777043879032135,0.04761727861349719,0.04761727861349719,0.037343646213412296,False,False,16000,False,,False,0.0,cpu,patch_nearest_normal,last2,14,0.05,False,,,7.631824701093137e-05,0.00010775983100752,False,True,True,True
2026-08-16 12:22:47,full_ctta,wood,monitor,C:/cira_batch_test/wood/good_16.png,good_16.png,normal,False,0.036928534507751465,3.099441414633475e-07,0.04761727861349719,0.04761727861349719,0.037343646213412296,False,True,16000,True,0.00011534240184118971,True,0.0029708449728786945,cpu,patch_nearest_normal,last2,14,0.05,False,,,0.00010683688014978543,0.00010775983100752,True,True,True,True
2026-08-16 12:22:49,full_ctta,wood,monitor,C:/cira_batch_test/wood/bad_12.png,bad_12.png,anomaly,True,0.18328532576560974,0.18328532576560974,0.04761727861349719,0.04761727861349719,0.037343646213412296,False,False,16000,False,,False,0.0,cpu,patch_nearest_normal,last2,14,0.05,False,,,0.00013453449355438352,0.00010775983100752,False,False,True,True
2026-08-16 12:22:50,full_ctta,wood,monitor,C:/cira_batch_test/wood/good_11.png,good_11.png,normal,False,0.03606407716870308,0.03606407716870308,0.04761727861349719,0.04761727861349719,0.037343646213412296,False,False,16000,False,,False,0.0,cpu,patch_nearest_normal,last2,14,0.05,False,,,0.00011045002611353993,0.00010775983100752,True,False,True,True
2026-08-16 12:22:52,full_ctta,wood,monitor,C:/cira_batch_test/wood/bad_13.png,bad_13.png,anomaly,True,0.31545349955558777,0.31545349955558777,0.04761727861349719,0.04761727861349719,0.037343646213412296,False,False,16000,False,,False,0.0,cpu,patch_nearest_normal,last2,14,0.05,False,,,8.83037137100473e-05,0.00010775983100752,False,True,True,True
2026-08-16 12:22:53,full_ctta,wood,monitor,C:/cira_batch_test/wood/good_7.png,good_7.png,normal,False,0.02166028693318367,2.384185791015625e-07,0.04761727861349719,0.04761727861349719,0.037343646213412296,False,True,16000,True,9.887545456876978e-05,True,0.002630318282172084,cpu,patch_nearest_normal,last2,14,0.05,False,,,9.007107291836292e-05,0.00010775983100752,True,True,True,True
2026-08-16 12:22:55,full_ctta,wood,monitor,C:/cira_batch_test/wood/good_8.png,good_8.png,anomaly,True,0.04833046719431877,0.04833046719431877,0.04761727861349719,0.04761727861349719,0.037343646213412296,False,False,16000,False,,False,0.0,cpu,patch_nearest_normal,last2,14,0.05,False,,,0.00012552125554066151,0.00010775983100752,False,False,True,True
2026-08-16 12:22:56,full_ctta,wood,monitor,C:/cira_batch_test/wood/bad_20.png,bad_20.png,anomaly,True,0.1705087125301361,0.1705087125301361,0.04761727861349719,0.04761727861349719,0.037343646213412296,False,False,16000,False,,False,0.0,cpu,patch_nearest_normal,last2,14,0.05,False,,,8.807499398244545e-05,0.00010775983100752,False,True,True,True
2026-08-16 12:22:58,full_ctta,wood,monitor,C:/cira_batch_test/wood/good_19.png,good_19.png,anomaly,True,0.0504271574318409,0.0504271574318409,0.04761727861349719,0.04761727861349719,0.037343646213412296,False,False,16000,False,,False,0.0,cpu,patch_nearest_normal,last2,14,0.05,False,,,9.338517702417448e-05,0.00010775983100752,False,True,True,True
2026-08-16 12:22:59,full_ctta,wood,monitor,C:/cira_batch_test/wood/bad_3.png,bad_3.png,anomaly,True,0.2539350688457489,0.2539350688457489,0.04761727861349719,0.04761727861349719,0.037343646213412296,False,False,16000,False,,False,0.0,cpu,patch_nearest_normal,last2,14,0.05,False,,,0.00015126691141631454,0.00010775983100752,False,False,True,True
2026-08-16 12:23:01,full_ctta,wood,monitor,C:/cira_batch_test/wood/bad_7.png,bad_7.png,anomaly,True,0.09837345778942108,0.09837345778942108,0.04761727861349719,0.04761727861349719,0.037343646213412296,False,False,16000,False,,False,0.0,cpu,patch_nearest_normal,last2,14,0.05,False,,,9.927172504831105e-05,0.00010775983100752,False,True,True,True
2026-08-16 12:23:02,full_ctta,wood,monitor,C:/cira_batch_test/wood/bad_15.png,bad_15.png,anomaly,True,0.21486368775367737,0.21486368775367737,0.04761727861349719,0.04761727861349719,0.037343646213412296,False,False,16000,False,,False,0.0,cpu,patch_nearest_normal,last2,14,0.05,False,,,0.0001006847305689007,0.00010775983100752,False,True,True,True
2026-08-16 12:23:04,full_ctta,wood,monitor,C:/cira_batch_test/wood/good_5.png,good_5.png,normal,False,0.021290844306349754,3.2186508747145126e-07,0.04761727861349719,0.04761727861349719,0.037343646213412296,False,True,16000,True,7.945326069602743e-05,True,0.002575724618509412,cpu,patch_nearest_normal,last2,14,0.05,False,,,7.39244424039498e-05,0.00010775983100752,True,True,True,True
2026-08-16 12:23:06,full_ctta,wood,monitor,C:/cira_batch_test/wood/good_14.png,good_14.png,anomaly,True,0.04861363023519516,0.04861363023519516,0.04761727861349719,0.04761727861349719,0.037343646213412296,False,False,16000,False,,False,0.0,cpu,patch_nearest_normal,last2,14,0.05,False,,,0.00011452054604887962,0.00010775983100752,False,False,True,True
2026-08-16 12:23:07,full_ctta,wood,monitor,C:/cira_batch_test/wood/bad_4.png,bad_4.png,anomaly,True,0.3489491939544678,0.3489491939544678,0.04761727861349719,0.04761727861349719,0.037343646213412296,False,False,16000,False,,False,0.0,cpu,patch_nearest_normal,last2,14,0.05,False,,,8.882192196324468e-05,0.00010775983100752,False,True,True,True
2026-08-16 12:23:09,full_ctta,wood,monitor,C:/cira_batch_test/wood/good_20.png,good_20.png,normal,False,0.025404732674360275,2.74181360282455e-07,0.04761727861349719,0.04761727861349719,0.037343646213412296,False,True,16000,True,0.00010473450674908236,True,0.0025699706748127937,cpu,patch_nearest_normal,last2,14,0.05,False,,,9.194497397402301e-05,0.00010775983100752,True,True,True,True
2026-08-16 12:23:11,full_ctta,wood,monitor,C:/cira_batch_test/wood/good_13.png,good_13.png,anomaly,True,0.04825327917933464,0.04825327917933464,0.04761727861349719,0.04761727861349719,0.037343646213412296,False,False,16000,False,,False,0.0,cpu,patch_nearest_normal,last2,14,0.05,False,,,0.00010870011465158314,0.00010775983100752,False,False,True,True
2026-08-16 12:23:12,full_ctta,wood,monitor,C:/cira_batch_test/wood/good_15.png,good_15.png,anomaly,True,0.05067128688097,0.05067128688097,0.04761727861349719,0.04761727861349719,0.037343646213412296,False,False,16000,False,,False,0.0,cpu,patch_nearest_normal,last2,14,0.05,False,,,9.361217234982178e-05,0.00010775983100752,False,True,True,True
2026-08-16 12:23:14,full_ctta,wood,monitor,C:/cira_batch_test/wood/good_6.png,good_6.png,normal,False,0.020156215876340866,3.516674098591466e-07,0.04761727861349719,0.04761727861349719,0.037343646213412296,False,True,16000,True,8.081099804257974e-05,True,0.00254278932698071,cpu,patch_nearest_normal,last2,14,0.05,False,,,7.178566738730296e-05,0.00010775983100752,True,True,True,True
2026-08-16 12:23:16,full_ctta,wood,monitor,C:/cira_batch_test/wood/good_4.png,good_4.png,normal,False,0.015493875369429588,2.8014181907565217e-07,0.04761727861349719,0.04761727861349719,0.037343646213412296,False,True,16000,True,7.900180935394019e-05,True,0.0025384286418557167,cpu,patch_nearest_normal,last2,14,0.05,False,,,7.567473949166015e-05,0.00010775983100752,True,True,True,True
2026-08-16 12:23:17,full_ctta,wood,monitor,C:/cira_batch_test/wood/bad_16.png,bad_16.png,anomaly,True,0.21764692664146423,0.21764692664146423,0.04761727861349719,0.04761727861349719,0.037343646213412296,False,False,16000,False,,False,0.0,cpu,patch_nearest_normal,last2,14,0.05,False,,,8.129560592351481e-05,0.00010775983100752,False,True,True,True
2026-08-16 12:23:19,full_ctta,wood,monitor,C:/cira_batch_test/wood/good_10.png,good_10.png,anomaly,True,0.08939187228679657,0.08939187228679657,0.04761727861349719,0.04761727861349719,0.037343646213412296,False,False,16000,False,,False,0.0,cpu,patch_nearest_normal,last2,14,0.05,False,,,0.00011357482435414568,0.00010775983100752,False,False,True,True
2026-08-16 12:23:20,full_ctta,wood,monitor,C:/cira_batch_test/wood/bad_18.png,bad_18.png,anomaly,True,0.3988115191459656,0.3988115191459656,0.04761727861349719,0.04761727861349719,0.037343646213412296,False,False,16000,False,,False,0.0,cpu,patch_nearest_normal,last2,14,0.05,False,,,8.615372644271702e-05,0.00010775983100752,False,True,True,True
2026-08-16 12:23:22,full_ctta,wood,monitor,C:/cira_batch_test/wood/good_3.png,good_3.png,normal,False,0.023174207657575607,2.3245812030836532e-07,0.04761727861349719,0.04761727861349719,0.037343646213412296,False,True,16000,True,7.938212365843356e-05,True,0.002538414439186454,cpu,patch_nearest_normal,last2,14,0.05,False,,,8.023536065593362e-05,0.00010775983100752,True,True,True,True
2026-08-16 12:23:23,full_ctta,wood,monitor,C:/cira_batch_test/wood/bad_14.png,bad_14.png,anomaly,True,0.23962406814098358,0.23962406814098358,0.04761727861349719,0.04761727861349719,0.037343646213412296,False,False,16000,False,,False,0.0,cpu,patch_nearest_normal,last2,14,0.05,False,,,8.738922042539343e-05,0.00010775983100752,False,True,True,True
2026-08-16 12:23:25,full_ctta,wood,monitor,C:/cira_batch_test/wood/bad_6.png,bad_6.png,anomaly,True,0.22234424948692322,0.22234424948692322,0.04761727861349719,0.04761727861349719,0.037343646213412296,False,False,16000,False,,False,0.0,cpu,patch_nearest_normal,last2,14,0.05,False,,,0.00013597645738627762,0.00010775983100752,False,False,True,True
2026-08-16 12:23:26,full_ctta,wood,monitor,C:/cira_batch_test/wood/bad_8.png,bad_8.png,anomaly,True,0.22081470489501953,0.22081470489501953,0.04761727861349719,0.04761727861349719,0.037343646213412296,False,False,16000,False,,False,0.0,cpu,patch_nearest_normal,last2,14,0.05,False,,,7.83612413215451e-05,0.00010775983100752,False,True,True,True
2026-08-16 12:23:28,full_ctta,wood,monitor,C:/cira_batch_test/wood/bad_11.png,bad_11.png,anomaly,True,0.08568920195102692,0.08568920195102692,0.04761727861349719,0.04761727861349719,0.037343646213412296,False,False,16000,False,,False,0.0,cpu,patch_nearest_normal,last2,14,0.05,False,,,7.336137787206098e-05,0.00010775983100752,False,True,True,True
2026-08-16 12:23:29,full_ctta,wood,monitor,C:/cira_batch_test/wood/bad_9.png,bad_9.png,anomaly,True,0.2138873040676117,0.2138873040676117,0.04761727861349719,0.04761727861349719,0.037343646213412296,False,False,16000,False,,False,0.0,cpu,patch_nearest_normal,last2,14,0.05,False,,,7.715862011536956e-05,0.00010775983100752,False,True,True,True
2026-08-16 12:23:31,full_ctta,wood,monitor,C:/cira_batch_test/wood/bad_5.png,bad_5.png,anomaly,True,0.239871546626091,0.239871546626091,0.04761727861349719,0.04761727861349719,0.037343646213412296,False,False,16000,False,,False,0.0,cpu,patch_nearest_normal,last2,14,0.05,False,,,0.00010190854663960636,0.00010775983100752,False,True,True,True
2026-08-16 12:23:33,full_ctta,wood,monitor,C:/cira_batch_test/wood/good_9.png,good_9.png,anomaly,True,0.054538242518901825,0.054538242518901825,0.04761727861349719,0.04761727861349719,0.037343646213412296,False,False,16000,False,,False,0.0,cpu,patch_nearest_normal,last2,14,0.05,False,,,0.000120782911835704,0.00010775983100752,False,False,True,True
2026-08-16 12:23:34,full_ctta,wood,monitor,C:/cira_batch_test/wood/good_2.png,good_2.png,normal,False,0.024223392829298973,2.5629998390286346e-07,0.04761727861349719,0.04761727861349719,0.037343646213412296,False,True,16000,True,9.36121359700337e-05,True,0.0025437704753130674,cpu,patch_nearest_normal,last2,14,0.05,False,,,7.645392179256305e-05,0.00010775983100752,True,True,True,True
2026-08-16 12:23:36,full_ctta,wood,monitor,C:/cira_batch_test/wood/bad_2.png,bad_2.png,anomaly,True,0.27589210867881775,0.27589210867881775,0.04761727861349719,0.04761727861349719,0.037343646213412296,False,False,16000,False,,False,0.0,cpu,patch_nearest_normal,last2,14,0.05,False,,,9.955826681107283e-05,0.00010775983100752,False,True,True,True
2026-08-16 12:23:38,full_ctta,wood,monitor,C:/cira_batch_test/wood/bad_17.png,bad_17.png,anomaly,True,0.3652091324329376,0.3652091324329376,0.04761727861349719,0.04761727861349719,0.037343646213412296,False,False,16000,False,,False,0.0,cpu,patch_nearest_normal,last2,14,0.05,False,,,9.574095020070672e-05,0.00010775983100752,False,True,True,True
2026-08-16 12:23:39,full_ctta,wood,monitor,C:/cira_batch_test/wood/bad_1.png,bad_1.png,anomaly,True,0.34845173358917236,0.34845173358917236,0.04761727861349719,0.04761727861349719,0.037343646213412296,False,False,16000,False,,False,0.0,cpu,patch_nearest_normal,last2,14,0.05,False,,,8.702116610947996e-05,0.00010775983100752,False,True,True,True
2026-08-16 12:23:41,full_ctta,wood,monitor,C:/cira_batch_test/wood/good_12.png,good_12.png,normal,False,0.03762200474739075,0.03762200474739075,0.04761727861349719,0.04761727861349719,0.037343646213412296,False,False,16000,False,,False,0.0,cpu,patch_nearest_normal,last2,14,0.05,False,,,9.970639803213999e-05,0.00010775983100752,False,True,True,True
2026-08-16 12:23:42,full_ctta,wood,monitor,C:/cira_batch_test/wood/good_18.png,good_18.png,normal,False,0.03994245082139969,0.03994245082139969,0.04761727861349719,0.04761727861349719,0.037343646213412296,False,False,16000,False,,False,0.0,cpu,patch_nearest_normal,last2,14,0.05,False,,,9.358285751659423e-05,0.00010775983100752,False,True,True,True
2026-08-16 12:23:44,full_ctta,wood,monitor,C:/cira_batch_test/wood/good_17.png,good_17.png,normal,False,0.04008249193429947,0.04008249193429947,0.04761727861349719,0.04761727861349719,0.037343646213412296,False,False,16000,False,,False,0.0,cpu,patch_nearest_normal,last2,14,0.05,False,,,9.773358760867268e-05,0.00010775983100752,False,True,True,True
2026-08-16 12:23:45,full_ctta,wood,monitor,C:/cira_batch_test/wood/bad_19.png,bad_19.png,anomaly,True,0.21838445961475372,0.21838445961475372,0.04761727861349719,0.04761727861349719,0.037343646213412296,False,False,16000,False,,False,0.0,cpu,patch_nearest_normal,last2,14,0.05,False,,,9.20917809708044e-05,0.00010775983100752,False,True,True,True
2026-08-16 12:23:47,full_ctta,wood,monitor,C:/cira_batch_test/wood/good_1.png,good_1.png,normal,False,0.03409924358129501,3.2186508747145126e-07,0.04761727861349719,0.04761727861349719,0.037343646213412296,False,True,16000,True,8.995340613182634e-05,True,0.0025572681333869696,cpu,patch_nearest_normal,last2,14,0.05,False,,,8.647489448776469e-05,0.00010775983100752,True,True,True,True
2026-08-16 12:23:49,full_ctta,zipper,monitor,C:/cira_batch_test/zipper/bad_10.png,bad_10.png,normal,False,0.024993807077407837,3.039836826701503e-07,0.026937197228883013,0.026937197228883013,0.026275477930903436,False,True,16000,True,0.00012031796359224245,True,0.0029835584573447704,cpu,patch_nearest_normal,last2,14,0.05,False,,,0.00011148409976158291,0.00012004206546407001,True,True,True,True
2026-08-16 12:23:51,full_ctta,zipper,monitor,C:/cira_batch_test/zipper/good_16.png,good_16.png,normal,False,0.024338841438293457,2.74181360282455e-07,0.026937197228883013,0.026937197228883013,0.026275477930903436,False,True,16000,True,0.000131190667161718,True,0.0027608436066657305,cpu,patch_nearest_normal,last2,14,0.05,False,,,0.00011559009726624936,0.00012004206546407001,True,True,True,True
2026-08-16 12:23:52,full_ctta,zipper,monitor,C:/cira_batch_test/zipper/bad_12.png,bad_12.png,normal,False,0.023183047771453857,3.516674098591466e-07,0.026937197228883013,0.026937197228883013,0.026275477930903436,False,True,16000,True,0.00011235717101953924,True,0.0026773831341415644,cpu,patch_nearest_normal,last2,14,0.05,False,,,9.620602213544771e-05,0.00012004206546407001,True,True,True,True
2026-08-16 12:23:54,full_ctta,zipper,monitor,C:/cira_batch_test/zipper/good_11.png,good_11.png,normal,False,0.019407665356993675,2.682209014892578e-07,0.026937197228883013,0.026937197228883013,0.026275477930903436,False,True,16000,True,0.00011265635839663446,True,0.0026472981553524733,cpu,patch_nearest_normal,last2,14,0.05,False,,,0.00010765466140583158,0.00012004206546407001,True,True,True,True
2026-08-16 12:23:55,full_ctta,zipper,monitor,C:/cira_batch_test/zipper/bad_13.png,bad_13.png,anomaly,True,0.03978440910577774,0.03978440910577774,0.026937197228883013,0.026937197228883013,0.026275477930903436,False,False,16000,False,,False,0.0,cpu,patch_nearest_normal,last2,14,0.05,False,,,0.00011215315316803753,0.00012004206546407001,False,True,True,True
2026-08-16 12:23:57,full_ctta,zipper,monitor,C:/cira_batch_test/zipper/good_7.png,good_7.png,normal,False,0.02128046192228794,3.337860050578456e-07,0.026937197228883013,0.026937197228883013,0.026275477930903436,False,True,16000,True,0.00012508660438470542,True,0.002646304201334715,cpu,patch_nearest_normal,last2,14,0.05,False,,,0.00011934110807487741,0.00012004206546407001,True,True,True,True
2026-08-16 12:23:59,full_ctta,zipper,monitor,C:/cira_batch_test/zipper/good_8.png,good_8.png,normal,False,0.026622921228408813,0.026622921228408813,0.026937197228883013,0.026937197228883013,0.026275477930903436,False,False,16000,False,,False,0.0,cpu,patch_nearest_normal,last2,14,0.05,False,,,0.00010952992306556553,0.00012004206546407001,False,True,True,True
2026-08-16 12:24:00,full_ctta,zipper,monitor,C:/cira_batch_test/zipper/bad_20.png,bad_20.png,anomaly,True,0.046694837510585785,0.046694837510585785,0.026937197228883013,0.026937197228883013,0.026275477930903436,False,False,16000,False,,False,0.0,cpu,patch_nearest_normal,last2,14,0.05,False,,,0.00011544748849701136,0.00012004206546407001,False,True,True,True
2026-08-16 12:24:02,full_ctta,zipper,monitor,C:/cira_batch_test/zipper/good_19.png,good_19.png,normal,False,0.021060537546873093,2.1457671550706436e-07,0.026937197228883013,0.026937197228883013,0.026275477930903436,False,True,16000,True,0.0001270587381441146,True,0.002657004166394472,cpu,patch_nearest_normal,last2,14,0.05,False,,,0.00010981389641528949,0.00012004206546407001,True,True,True,True
2026-08-16 12:24:03,full_ctta,zipper,monitor,C:/cira_batch_test/zipper/bad_3.png,bad_3.png,anomaly,True,0.02861332893371582,0.02861332893371582,0.026937197228883013,0.026937197228883013,0.026275477930903436,False,False,16000,False,,False,0.0,cpu,patch_nearest_normal,last2,14,0.05,False,,,0.00011987786274403334,0.00012004206546407001,False,True,True,True
2026-08-16 12:24:05,full_ctta,zipper,monitor,C:/cira_batch_test/zipper/bad_7.png,bad_7.png,anomaly,True,0.08843190968036652,0.08843190968036652,0.026937197228883013,0.026937197228883013,0.026275477930903436,False,False,16000,False,,False,0.0,cpu,patch_nearest_normal,last2,14,0.05,False,,,0.00010997132631018758,0.00012004206546407001,False,True,True,True
2026-08-16 12:24:06,full_ctta,zipper,monitor,C:/cira_batch_test/zipper/bad_15.png,bad_15.png,anomaly,True,0.0696725845336914,0.0696725845336914,0.026937197228883013,0.026937197228883013,0.026275477930903436,False,False,16000,False,,False,0.0,cpu,patch_nearest_normal,last2,14,0.05,False,,,0.00011366343824192882,0.00012004206546407001,False,True,True,True
2026-08-16 12:24:08,full_ctta,zipper,monitor,C:/cira_batch_test/zipper/good_5.png,good_5.png,anomaly,True,0.027021264657378197,0.027021264657378197,0.026937197228883013,0.026937197228883013,0.026275477930903436,False,False,16000,False,,False,0.0,cpu,patch_nearest_normal,last2,14,0.05,False,,,9.652550215832889e-05,0.00012004206546407001,False,True,True,True
2026-08-16 12:24:09,full_ctta,zipper,monitor,C:/cira_batch_test/zipper/good_14.png,good_14.png,normal,False,0.021020960062742233,2.682209014892578e-07,0.026937197228883013,0.026937197228883013,0.026275477930903436,False,True,16000,True,0.00011479844397399575,True,0.00264744576998055,cpu,patch_nearest_normal,last2,14,0.05,False,,,0.00010592267062747851,0.00012004206546407001,True,True,True,True
2026-08-16 12:24:11,full_ctta,zipper,monitor,C:/cira_batch_test/zipper/bad_4.png,bad_4.png,anomaly,True,0.09645979106426239,0.09645979106426239,0.026937197228883013,0.026937197228883013,0.026275477930903436,False,False,16000,False,,False,0.0,cpu,patch_nearest_normal,last2,14,0.05,False,,,0.00010738607670646161,0.00012004206546407001,False,True,True,True
2026-08-16 12:24:13,full_ctta,zipper,monitor,C:/cira_batch_test/zipper/good_20.png,good_20.png,normal,False,0.021093452349305153,3.099441414633475e-07,0.026937197228883013,0.026937197228883013,0.026275477930903436,False,True,16000,True,0.00012013035302516073,True,0.0026531571056693792,cpu,patch_nearest_normal,last2,14,0.05,False,,,0.00010387507063569501,0.00012004206546407001,True,True,True,True
2026-08-16 12:24:14,full_ctta,zipper,monitor,C:/cira_batch_test/zipper/good_13.png,good_13.png,normal,False,0.023616541177034378,2.682209014892578e-07,0.026937197228883013,0.026937197228883013,0.026275477930903436,False,True,16000,True,0.00011453968909336254,True,0.002642012434080243,cpu,patch_nearest_normal,last2,14,0.05,False,,,0.00010935207683360204,0.00012004206546407001,True,True,True,True
2026-08-16 12:24:16,full_ctta,zipper,monitor,C:/cira_batch_test/zipper/good_15.png,good_15.png,normal,False,0.018202489241957664,2.9206276508375595e-07,0.026937197228883013,0.026937197228883013,0.026275477930903436,False,True,16000,True,0.00012469904322642833,True,0.0026540711987763643,cpu,patch_nearest_normal,last2,14,0.05,True,C:\cira_ttl_checkpoints\zipper\patch_memory_bank_update_10.pt,C:\cira_ttl_checkpoints\zipper\patch_adapter_update_10.pt,0.00011252063268329948,0.00012004206546407001,True,True,True,True
2026-08-16 12:24:18,full_ctta,zipper,monitor,C:/cira_batch_test/zipper/good_6.png,good_6.png,normal,False,0.02081129513680935,2.5033949668795685e-07,0.026937197228883013,0.026937197228883013,0.026275477930903436,False,True,16000,True,0.0001233024668181315,True,0.00265308516100049,cpu,patch_nearest_normal,last2,14,0.05,False,,,0.00011392199667170644,0.00012004206546407001,True,True,True,True
2026-08-16 12:24:19,full_ctta,zipper,monitor,C:/cira_batch_test/zipper/good_4.png,good_4.png,normal,False,0.02575479820370674,2.8610230629055877e-07,0.026937197228883013,0.026937197228883013,0.026275477930903436,False,True,16000,True,0.00011266231012996286,True,0.002642837818711996,cpu,patch_nearest_normal,last2,14,0.05,False,,,0.00011034456838387996,0.00012004206546407001,True,True,True,True
2026-08-16 12:24:21,full_ctta,zipper,monitor,C:/cira_batch_test/zipper/bad_16.png,bad_16.png,anomaly,True,0.04781250283122063,0.04781250283122063,0.026937197228883013,0.026937197228883013,0.026275477930903436,False,False,16000,False,,False,0.0,cpu,patch_nearest_normal,last2,14,0.05,False,,,0.00011936900409637019,0.00012004206546407001,False,True,True,True
2026-08-16 12:24:23,full_ctta,zipper,monitor,C:/cira_batch_test/zipper/good_10.png,good_10.png,normal,False,0.020005637779831886,2.8610230629055877e-07,0.026937197228883013,0.026937197228883013,0.026275477930903436,False,True,16000,True,0.0001234916999237612,True,0.0026494378689676523,cpu,patch_nearest_normal,last2,14,0.05,False,,,0.00010916135215666145,0.00012004206546407001,True,True,True,True
2026-08-16 12:24:24,full_ctta,zipper,monitor,C:/cira_batch_test/zipper/bad_18.png,bad_18.png,anomaly,True,0.06162096932530403,0.06162096932530403,0.026937197228883013,0.026937197228883013,0.026275477930903436,False,False,16000,False,,False,0.0,cpu,patch_nearest_normal,last2,14,0.05,False,,,0.00010492050205357373,0.00012004206546407001,False,True,True,True
2026-08-16 12:24:26,full_ctta,zipper,monitor,C:/cira_batch_test/zipper/good_3.png,good_3.png,normal,False,0.022012192755937576,2.682209014892578e-07,0.026937197228883013,0.026937197228883013,0.026275477930903436,False,True,16000,True,0.00011611149238888174,True,0.0026409763377159834,cpu,patch_nearest_normal,last2,14,0.05,False,,,9.684255201136693e-05,0.00012004206546407001,True,True,True,True
2026-08-16 12:24:27,full_ctta,zipper,monitor,C:/cira_batch_test/zipper/bad_14.png,bad_14.png,anomaly,True,0.04747612401843071,0.04747612401843071,0.026937197228883013,0.026937197228883013,0.026275477930903436,False,False,16000,False,,False,0.0,cpu,patch_nearest_normal,last2,14,0.05,False,,,0.00011227972572669387,0.00012004206546407001,False,True,True,True
2026-08-16 12:24:29,full_ctta,zipper,monitor,C:/cira_batch_test/zipper/bad_6.png,bad_6.png,anomaly,True,0.07931684702634811,0.07931684702634811,0.026937197228883013,0.026937197228883013,0.026275477930903436,False,False,16000,False,,False,0.0,cpu,patch_nearest_normal,last2,14,0.05,False,,,0.00011209880176465958,0.00012004206546407001,False,True,True,True
2026-08-16 12:24:30,full_ctta,zipper,monitor,C:/cira_batch_test/zipper/bad_8.png,bad_8.png,anomaly,True,0.1377701312303543,0.1377701312303543,0.026937197228883013,0.026937197228883013,0.026275477930903436,False,False,16000,False,,False,0.0,cpu,patch_nearest_normal,last2,14,0.05,False,,,0.00011754116712836549,0.00012004206546407001,False,True,True,True
2026-08-16 12:24:32,full_ctta,zipper,monitor,C:/cira_batch_test/zipper/bad_11.png,bad_11.png,anomaly,True,0.03422679752111435,0.03422679752111435,0.026937197228883013,0.026937197228883013,0.026275477930903436,False,False,16000,False,,False,0.0,cpu,patch_nearest_normal,last2,14,0.05,False,,,0.00010705336171668023,0.00012004206546407001,False,True,True,True
2026-08-16 12:24:33,full_ctta,zipper,monitor,C:/cira_batch_test/zipper/bad_9.png,bad_9.png,anomaly,True,0.13579589128494263,0.13579589128494263,0.026937197228883013,0.026937197228883013,0.026275477930903436,False,False,16000,False,,False,0.0,cpu,patch_nearest_normal,last2,14,0.05,False,,,0.00011253653792664409,0.00012004206546407001,False,True,True,True
2026-08-16 12:24:35,full_ctta,zipper,monitor,C:/cira_batch_test/zipper/bad_5.png,bad_5.png,anomaly,True,0.042253583669662476,0.042253583669662476,0.026937197228883013,0.026937197228883013,0.026275477930903436,False,False,16000,False,,False,0.0,cpu,patch_nearest_normal,last2,14,0.05,False,,,0.00011773694131989032,0.00012004206546407001,False,True,True,True
2026-08-16 12:24:36,full_ctta,zipper,monitor,C:/cira_batch_test/zipper/good_9.png,good_9.png,normal,False,0.019787371158599854,3.2186508747145126e-07,0.026937197228883013,0.026937197228883013,0.026275477930903436,False,True,16000,True,0.00011599242134252563,True,0.0026347460225224495,cpu,patch_nearest_normal,last2,14,0.05,False,,,0.00010610516619635746,0.00012004206546407001,True,True,True,True
2026-08-16 12:24:38,full_ctta,zipper,monitor,C:/cira_batch_test/zipper/good_2.png,good_2.png,normal,False,0.02569747529923916,3.635883274455409e-07,0.026937197228883013,0.026937197228883013,0.026275477930903436,False,True,16000,True,0.00011367782281013206,True,0.0026285387575626373,cpu,patch_nearest_normal,last2,14,0.05,False,,,9.758512896951288e-05,0.00012004206546407001,True,True,True,True
2026-08-16 12:24:39,full_ctta,zipper,monitor,C:/cira_batch_test/zipper/bad_2.png,bad_2.png,anomaly,True,0.04785330221056938,0.04785330221056938,0.026937197228883013,0.026937197228883013,0.026275477930903436,False,False,16000,False,,False,0.0,cpu,patch_nearest_normal,last2,14,0.05,False,,,0.00011615300172707066,0.00012004206546407001,False,True,True,True
2026-08-16 12:24:41,full_ctta,zipper,monitor,C:/cira_batch_test/zipper/bad_17.png,bad_17.png,anomaly,True,0.0536968894302845,0.0536968894302845,0.026937197228883013,0.026937197228883013,0.026275477930903436,False,False,16000,False,,False,0.0,cpu,patch_nearest_normal,last2,14,0.05,False,,,9.166063682641834e-05,0.00012004206546407001,False,True,True,True
2026-08-16 12:24:42,full_ctta,zipper,monitor,C:/cira_batch_test/zipper/bad_1.png,bad_1.png,anomaly,True,0.0323004350066185,0.0323004350066185,0.026937197228883013,0.026937197228883013,0.026275477930903436,False,False,16000,False,,False,0.0,cpu,patch_nearest_normal,last2,14,0.05,False,,,0.00011873800394823775,0.00012004206546407001,False,True,True,True
2026-08-16 12:24:44,full_ctta,zipper,monitor,C:/cira_batch_test/zipper/good_12.png,good_12.png,normal,False,0.020134245976805687,2.6226044269606064e-07,0.026937197228883013,0.026937197228883013,0.026275477930903436,False,True,16000,True,0.000108512700535357,True,0.002615259727463126,cpu,patch_nearest_normal,last2,14,0.05,False,,,0.00010442329221405089,0.00012004206546407001,True,True,True,True
2026-08-16 12:24:46,full_ctta,zipper,monitor,C:/cira_batch_test/zipper/good_18.png,good_18.png,normal,False,0.01972251571714878,2.9206276508375595e-07,0.026937197228883013,0.026937197228883013,0.026275477930903436,False,True,16000,True,0.00011949631152674556,True,0.0026150608900934458,cpu,patch_nearest_normal,last2,14,0.05,False,,,0.0001174941353383474,0.00012004206546407001,True,True,True,True
2026-08-16 12:24:48,full_ctta,zipper,monitor,C:/cira_batch_test/zipper/good_17.png,good_17.png,normal,False,0.021887117996811867,2.980232238769531e-07,0.026937197228883013,0.026937197228883013,0.026275477930903436,False,True,16000,True,0.00012324094132054597,True,0.002609465504065156,cpu,patch_nearest_normal,last2,14,0.05,False,,,0.00011609659850364551,0.00012004206546407001,True,True,True,True
2026-08-16 12:24:49,full_ctta,zipper,monitor,C:/cira_batch_test/zipper/bad_19.png,bad_19.png,anomaly,True,0.05293247848749161,0.05293247848749161,0.026937197228883013,0.026937197228883013,0.026275477930903436,False,False,16000,False,,False,0.0,cpu,patch_nearest_normal,last2,14,0.05,False,,,0.00011208151408936828,0.00012004206546407001,False,True,True,True
2026-08-16 12:24:51,full_ctta,zipper,monitor,C:/cira_batch_test/zipper/good_1.png,good_1.png,normal,False,0.022141635417938232,2.443790378947597e-07,0.026937197228883013,0.026937197228883013,0.026275477930903436,False,True,16000,True,0.00012393135693855584,True,0.002602588152512908,cpu,patch_nearest_normal,last2,14,0.05,True,C:\cira_ttl_checkpoints\zipper\patch_memory_bank_update_20.pt,C:\cira_ttl_checkpoints\zipper\patch_adapter_update_20.pt,0.00010935897444142029,0.00012004206546407001,True,True,True,True
