timestamp,experiment,category,mode,image_path,file_name,label,is_anomaly,score_before,anomaly_score,threshold,anomaly_threshold,update_threshold,threshold_reloaded,updated_memory,memory_size,update_allowed,update_loss,adapter_updated,adapter_delta_norm,device,score_method,feature_choice,patch_grid,patch_top_fraction,checkpoint_saved,checkpoint_memory_path,checkpoint_adapter_path,consistency_error,consistency_threshold,score_gate_pass,consistency_gate_pass,adapter_update_enabled,memory_update_enabled
2026-08-16 17:03:29,full_ctta,bottle,monitor,C:/cira_batch_test/bottle/good_1.png,good_1.png,normal,False,0.025081897154450417,2.74181360282455e-07,0.02815022391963134,0.02815022391963134,0.02531116753816605,False,True,16000,True,0.00012001369759673253,True,0.0029811039566993713,cpu,patch_nearest_normal,last2,14,0.05,False,,,0.00011199424625374377,0.00011476924591981,True,True,True,True
2026-08-16 17:03:31,full_ctta,bottle,monitor,C:/cira_batch_test/bottle/bad_16.png,bad_16.png,anomaly,True,0.30627721548080444,0.30627721548080444,0.02815022391963134,0.02815022391963134,0.02531116753816605,False,False,16000,False,,False,0.0,cpu,patch_nearest_normal,last2,14,0.05,False,,,0.00011789167911047116,0.00011476924591981,False,False,True,True
2026-08-16 17:03:32,full_ctta,bottle,monitor,C:/cira_batch_test/bottle/bad_20.png,bad_20.png,anomaly,True,0.21115975081920624,0.21115975081920624,0.02815022391963134,0.02815022391963134,0.02531116753816605,False,False,16000,False,,False,0.0,cpu,patch_nearest_normal,last2,14,0.05,False,,,0.00011443164112279192,0.00011476924591981,False,True,True,True
2026-08-16 17:03:34,full_ctta,bottle,monitor,C:/cira_batch_test/bottle/bad_12.png,bad_12.png,anomaly,True,0.22895307838916779,0.22895307838916779,0.02815022391963134,0.02815022391963134,0.02531116753816605,False,False,16000,False,,False,0.0,cpu,patch_nearest_normal,last2,14,0.05,False,,,0.00011184059258084744,0.00011476924591981,False,True,True,True
2026-08-16 17:03:36,full_ctta,bottle,monitor,C:/cira_batch_test/bottle/good_17.png,good_17.png,normal,False,0.022713815793395042,2.2649764730431343e-07,0.02815022391963134,0.02815022391963134,0.02531116753816605,False,True,16000,True,0.00011061932309530675,True,0.002833273960277438,cpu,patch_nearest_normal,last2,14,0.05,False,,,0.00010508869308978319,0.00011476924591981,True,True,True,True
2026-08-16 17:03:37,full_ctta,bottle,monitor,C:/cira_batch_test/bottle/bad_9.png,bad_9.png,anomaly,True,0.32074183225631714,0.32074183225631714,0.02815022391963134,0.02815022391963134,0.02531116753816605,False,False,16000,False,,False,0.0,cpu,patch_nearest_normal,last2,14,0.05,False,,,0.00014049197488930076,0.00011476924591981,False,False,True,True
2026-08-16 17:03:39,full_ctta,bottle,monitor,C:/cira_batch_test/bottle/bad_18.png,bad_18.png,anomaly,True,0.18260879814624786,0.18260879814624786,0.02815022391963134,0.02815022391963134,0.02531116753816605,False,False,16000,False,,False,0.0,cpu,patch_nearest_normal,last2,14,0.05,False,,,0.00012285728007555008,0.00011476924591981,False,False,True,True
2026-08-16 17:03:40,full_ctta,bottle,monitor,C:/cira_batch_test/bottle/bad_13.png,bad_13.png,anomaly,True,0.26761871576309204,0.26761871576309204,0.02815022391963134,0.02815022391963134,0.02531116753816605,False,False,16000,False,,False,0.0,cpu,patch_nearest_normal,last2,14,0.05,False,,,0.00012042652815580368,0.00011476924591981,False,False,True,True
2026-08-16 17:03:42,full_ctta,bottle,monitor,C:/cira_batch_test/bottle/bad_2.png,bad_2.png,anomaly,True,0.08648581057786942,0.08648581057786942,0.02815022391963134,0.02815022391963134,0.02531116753816605,False,False,16000,False,,False,0.0,cpu,patch_nearest_normal,last2,14,0.05,False,,,0.00010954475874314085,0.00011476924591981,False,True,True,True
2026-08-16 17:03:44,full_ctta,bottle,monitor,C:/cira_batch_test/bottle/good_6.png,good_6.png,normal,False,0.01903054118156433,2.443790378947597e-07,0.02815022391963134,0.02815022391963134,0.02531116753816605,False,True,16000,True,0.0001138511361205019,True,0.0027967060450464487,cpu,patch_nearest_normal,last2,14,0.05,False,,,0.00010589108569547534,0.00011476924591981,True,True,True,True
2026-08-16 17:03:45,full_ctta,bottle,monitor,C:/cira_batch_test/bottle/good_10.png,good_10.png,normal,False,0.026482755318284035,0.026482755318284035,0.02815022391963134,0.02815022391963134,0.02531116753816605,False,False,16000,False,,False,0.0,cpu,patch_nearest_normal,last2,14,0.05,False,,,0.00010164733976125717,0.00011476924591981,False,True,True,True
2026-08-16 17:03:47,full_ctta,bottle,monitor,C:/cira_batch_test/bottle/good_7.png,good_7.png,anomaly,True,0.03159649297595024,0.03159649297595024,0.02815022391963134,0.02815022391963134,0.02531116753816605,False,False,16000,False,,False,0.0,cpu,patch_nearest_normal,last2,14,0.05,False,,,0.0001164124914794229,0.00011476924591981,False,False,True,True
2026-08-16 17:03:48,full_ctta,bottle,monitor,C:/cira_batch_test/bottle/bad_8.png,bad_8.png,anomaly,True,0.280470073223114,0.280470073223114,0.02815022391963134,0.02815022391963134,0.02531116753816605,False,False,16000,False,,False,0.0,cpu,patch_nearest_normal,last2,14,0.05,False,,,0.00013997229689266533,0.00011476924591981,False,False,True,True
2026-08-16 17:03:50,full_ctta,bottle,monitor,C:/cira_batch_test/bottle/bad_10.png,bad_10.png,anomaly,True,0.16757312417030334,0.16757312417030334,0.02815022391963134,0.02815022391963134,0.02531116753816605,False,False,16000,False,,False,0.0,cpu,patch_nearest_normal,last2,14,0.05,False,,,0.0001265713362954557,0.00011476924591981,False,False,True,True
2026-08-16 17:03:52,full_ctta,bottle,monitor,C:/cira_batch_test/bottle/good_4.png,good_4.png,normal,False,0.018302571028470993,2.74181360282455e-07,0.02815022391963134,0.02815022391963134,0.02531116753816605,False,True,16000,True,0.0001213005161844194,True,0.0027734634932130575,cpu,patch_nearest_normal,last2,14,0.05,False,,,0.00010390621173428372,0.00011476924591981,True,True,True,True
2026-08-16 17:03:53,full_ctta,bottle,monitor,C:/cira_batch_test/bottle/bad_5.png,bad_5.png,anomaly,True,0.3174852728843689,0.3174852728843689,0.02815022391963134,0.02815022391963134,0.02531116753816605,False,False,16000,False,,False,0.0,cpu,patch_nearest_normal,last2,14,0.05,False,,,0.0001364739437121898,0.00011476924591981,False,False,True,True
2026-08-16 17:03:55,full_ctta,bottle,monitor,C:/cira_batch_test/bottle/good_20.png,good_20.png,normal,False,0.026716262102127075,0.026716262102127075,0.02815022391963134,0.02815022391963134,0.02531116753816605,False,False,16000,False,,False,0.0,cpu,patch_nearest_normal,last2,14,0.05,False,,,0.00010330812801839784,0.00011476924591981,False,True,True,True
2026-08-16 17:03:57,full_ctta,bottle,monitor,C:/cira_batch_test/bottle/good_18.png,good_18.png,normal,False,0.01869242824614048,2.980232238769531e-07,0.02815022391963134,0.02815022391963134,0.02531116753816605,False,True,16000,True,0.00012023437739117071,True,0.002761245472356677,cpu,patch_nearest_normal,last2,14,0.05,False,,,0.00010352829121984541,0.00011476924591981,True,True,True,True
2026-08-16 17:03:58,full_ctta,bottle,monitor,C:/cira_batch_test/bottle/good_11.png,good_11.png,normal,False,0.016769129782915115,2.9206276508375595e-07,0.02815022391963134,0.02815022391963134,0.02531116753816605,False,True,16000,True,0.00011600403377087787,True,0.002754187909886241,cpu,patch_nearest_normal,last2,14,0.05,False,,,0.00010446396481711417,0.00011476924591981,True,True,True,True
2026-08-16 17:04:00,full_ctta,bottle,monitor,C:/cira_batch_test/bottle/good_9.png,good_9.png,normal,False,0.0231147650629282,2.9206276508375595e-07,0.02815022391963134,0.02815022391963134,0.02531116753816605,False,True,16000,True,0.00011190526856807992,True,0.002726979088038206,cpu,patch_nearest_normal,last2,14,0.05,False,,,0.00010227777966065332,0.00011476924591981,True,True,True,True
2026-08-16 17:04:02,full_ctta,bottle,monitor,C:/cira_batch_test/bottle/good_16.png,good_16.png,normal,False,0.02410811185836792,3.397464638510428e-07,0.02815022391963134,0.02815022391963134,0.02531116753816605,False,True,16000,True,0.00011762392387026921,True,0.0027203757781535387,cpu,patch_nearest_normal,last2,14,0.05,False,,,9.794785728445277e-05,0.00011476924591981,True,True,True,True
2026-08-16 17:04:04,full_ctta,bottle,monitor,C:/cira_batch_test/bottle/bad_7.png,bad_7.png,anomaly,True,0.3203074038028717,0.3203074038028717,0.02815022391963134,0.02815022391963134,0.02531116753816605,False,False,16000,False,,False,0.0,cpu,patch_nearest_normal,last2,14,0.05,False,,,0.00011632258974714205,0.00011476924591981,False,False,True,True
2026-08-16 17:04:05,full_ctta,bottle,monitor,C:/cira_batch_test/bottle/good_13.png,good_13.png,normal,False,0.021675873547792435,2.6226044269606064e-07,0.02815022391963134,0.02815022391963134,0.02531116753816605,False,True,16000,True,0.00011769577395170927,True,0.002714046509936452,cpu,patch_nearest_normal,last2,14,0.05,False,,,0.00010342181485611945,0.00011476924591981,True,True,True,True
2026-08-16 17:04:07,full_ctta,bottle,monitor,C:/cira_batch_test/bottle/good_5.png,good_5.png,normal,False,0.01559485774487257,2.8014181907565217e-07,0.02815022391963134,0.02815022391963134,0.02531116753816605,False,True,16000,True,0.0001167250084108673,True,0.0027163212653249502,cpu,patch_nearest_normal,last2,14,0.05,True,C:\cira_ttl_checkpoints\bottle\patch_memory_bank_update_10.pt,C:\cira_ttl_checkpoints\bottle\patch_adapter_update_10.pt,0.00011017582437489182,0.00011476924591981,True,True,True,True
2026-08-16 17:04:09,full_ctta,bottle,monitor,C:/cira_batch_test/bottle/good_2.png,good_2.png,normal,False,0.023600077256560326,2.9206276508375595e-07,0.02815022391963134,0.02815022391963134,0.02531116753816605,False,True,16000,True,0.00012094595876988024,True,0.0027110150549560785,cpu,patch_nearest_normal,last2,14,0.05,False,,,0.0001073695020750165,0.00011476924591981,True,True,True,True
2026-08-16 17:04:11,full_ctta,bottle,monitor,C:/cira_batch_test/bottle/bad_6.png,bad_6.png,anomaly,True,0.2236138880252838,0.2236138880252838,0.02815022391963134,0.02815022391963134,0.02531116753816605,False,False,16000,False,,False,0.0,cpu,patch_nearest_normal,last2,14,0.05,False,,,0.00011822903616121039,0.00011476924591981,False,False,True,True
2026-08-16 17:04:13,full_ctta,bottle,monitor,C:/cira_batch_test/bottle/bad_14.png,bad_14.png,anomaly,True,0.1683426797389984,0.1683426797389984,0.02815022391963134,0.02815022391963134,0.02531116753816605,False,False,16000,False,,False,0.0,cpu,patch_nearest_normal,last2,14,0.05,False,,,0.00011270534741925076,0.00011476924591981,False,True,True,True
2026-08-16 17:04:15,full_ctta,bottle,monitor,C:/cira_batch_test/bottle/good_3.png,good_3.png,normal,False,0.021677803248167038,2.9206276508375595e-07,0.02815022391963134,0.02815022391963134,0.02531116753816605,False,True,16000,True,0.00010718627891037613,True,0.002696672687307,cpu,patch_nearest_normal,last2,14,0.05,False,,,9.420290007255971e-05,0.00011476924591981,True,True,True,True
2026-08-16 17:04:16,full_ctta,bottle,monitor,C:/cira_batch_test/bottle/bad_4.png,bad_4.png,anomaly,True,0.2008325606584549,0.2008325606584549,0.02815022391963134,0.02815022391963134,0.02531116753816605,False,False,16000,False,,False,0.0,cpu,patch_nearest_normal,last2,14,0.05,False,,,0.0001082825765479356,0.00011476924591981,False,True,True,True
2026-08-16 17:04:18,full_ctta,bottle,monitor,C:/cira_batch_test/bottle/bad_15.png,bad_15.png,anomaly,True,0.42274004220962524,0.42274004220962524,0.02815022391963134,0.02815022391963134,0.02531116753816605,False,False,16000,False,,False,0.0,cpu,patch_nearest_normal,last2,14,0.05,False,,,0.00013780067092739046,0.00011476924591981,False,False,True,True
2026-08-16 17:04:19,full_ctta,bottle,monitor,C:/cira_batch_test/bottle/good_8.png,good_8.png,normal,False,0.020924162119627,3.039836826701503e-07,0.02815022391963134,0.02815022391963134,0.02531116753816605,False,True,16000,True,0.00011418770009186119,True,0.002694707131013274,cpu,patch_nearest_normal,last2,14,0.05,False,,,0.00010119743819814175,0.00011476924591981,True,True,True,True
2026-08-16 17:04:21,full_ctta,bottle,monitor,C:/cira_batch_test/bottle/bad_3.png,bad_3.png,anomaly,True,0.1871296465396881,0.1871296465396881,0.02815022391963134,0.02815022391963134,0.02531116753816605,False,False,16000,False,,False,0.0,cpu,patch_nearest_normal,last2,14,0.05,False,,,0.00011336275201756507,0.00011476924591981,False,True,True,True
2026-08-16 17:04:23,full_ctta,bottle,monitor,C:/cira_batch_test/bottle/bad_11.png,bad_11.png,anomaly,True,0.05466095730662346,0.05466095730662346,0.02815022391963134,0.02815022391963134,0.02531116753816605,False,False,16000,False,,False,0.0,cpu,patch_nearest_normal,last2,14,0.05,False,,,0.00010162594844587147,0.00011476924591981,False,True,True,True
2026-08-16 17:04:24,full_ctta,bottle,monitor,C:/cira_batch_test/bottle/good_19.png,good_19.png,normal,False,0.01530380267649889,2.682209014892578e-07,0.02815022391963134,0.02815022391963134,0.02531116753816605,False,True,16000,True,0.00011293269926682115,True,0.002693518763408065,cpu,patch_nearest_normal,last2,14,0.05,False,,,0.00010165788989979774,0.00011476924591981,True,True,True,True
2026-08-16 17:04:26,full_ctta,bottle,monitor,C:/cira_batch_test/bottle/good_12.png,good_12.png,normal,False,0.01707323268055916,3.099441414633475e-07,0.02815022391963134,0.02815022391963134,0.02531116753816605,False,True,16000,True,0.00011143404844915494,True,0.0026871063746511936,cpu,patch_nearest_normal,last2,14,0.05,False,,,0.00010125646804226562,0.00011476924591981,True,True,True,True
2026-08-16 17:04:28,full_ctta,bottle,monitor,C:/cira_batch_test/bottle/good_15.png,good_15.png,normal,False,0.01909150555729866,2.8014181907565217e-07,0.02815022391963134,0.02815022391963134,0.02531116753816605,False,True,16000,True,0.00011473248014226556,True,0.002693751361221075,cpu,patch_nearest_normal,last2,14,0.05,False,,,0.00010301276051905006,0.00011476924591981,True,True,True,True
2026-08-16 17:04:30,full_ctta,bottle,monitor,C:/cira_batch_test/bottle/bad_17.png,bad_17.png,anomaly,True,0.18552669882774353,0.18552669882774353,0.02815022391963134,0.02815022391963134,0.02531116753816605,False,False,16000,False,,False,0.0,cpu,patch_nearest_normal,last2,14,0.05,False,,,0.00011829991126433015,0.00011476924591981,False,False,True,True
2026-08-16 17:04:31,full_ctta,bottle,monitor,C:/cira_batch_test/bottle/bad_19.png,bad_19.png,anomaly,True,0.19688157737255096,0.19688157737255096,0.02815022391963134,0.02815022391963134,0.02531116753816605,False,False,16000,False,,False,0.0,cpu,patch_nearest_normal,last2,14,0.05,False,,,0.00010933090379694477,0.00011476924591981,False,True,True,True
2026-08-16 17:04:33,full_ctta,bottle,monitor,C:/cira_batch_test/bottle/bad_1.png,bad_1.png,anomaly,True,0.05540316551923752,0.05540316551923752,0.02815022391963134,0.02815022391963134,0.02531116753816605,False,False,16000,False,,False,0.0,cpu,patch_nearest_normal,last2,14,0.05,False,,,0.00011027089931303635,0.00011476924591981,False,True,True,True
2026-08-16 17:04:35,full_ctta,bottle,monitor,C:/cira_batch_test/bottle/good_14.png,good_14.png,normal,False,0.021167080849409103,3.039836826701503e-07,0.02815022391963134,0.02815022391963134,0.02531116753816605,False,True,16000,True,0.00011258267477387562,True,0.002687695436179638,cpu,patch_nearest_normal,last2,14,0.05,False,,,0.0001002871067612432,0.00011476924591981,True,True,True,True
2026-08-16 17:04:36,full_ctta,cable,monitor,C:/cira_batch_test/cable/good_1.png,good_1.png,normal,False,0.08960090577602386,0.08960090577602386,0.09852251798848576,0.09852251798848576,0.08661089912056923,False,False,16000,False,,False,0.0,cpu,patch_nearest_normal,last2,14,0.05,False,,,0.0001614116335986182,0.00019554235113892002,False,True,True,True
2026-08-16 17:04:38,full_ctta,cable,monitor,C:/cira_batch_test/cable/bad_16.png,bad_16.png,anomaly,True,0.2695935070514679,0.2695935070514679,0.09852251798848576,0.09852251798848576,0.08661089912056923,False,False,16000,False,,False,0.0,cpu,patch_nearest_normal,last2,14,0.05,False,,,0.0001752272801240906,0.00019554235113892002,False,True,True,True
2026-08-16 17:04:39,full_ctta,cable,monitor,C:/cira_batch_test/cable/bad_20.png,bad_20.png,anomaly,True,0.19632980227470398,0.19632980227470398,0.09852251798848576,0.09852251798848576,0.08661089912056923,False,False,16000,False,,False,0.0,cpu,patch_nearest_normal,last2,14,0.05,False,,,0.00017733666754793376,0.00019554235113892002,False,True,True,True
2026-08-16 17:04:41,full_ctta,cable,monitor,C:/cira_batch_test/cable/bad_12.png,bad_12.png,anomaly,True,0.10627879947423935,0.10627879947423935,0.09852251798848576,0.09852251798848576,0.08661089912056923,False,False,16000,False,,False,0.0,cpu,patch_nearest_normal,last2,14,0.05,False,,,0.00014161782746668905,0.00019554235113892002,False,True,True,True
2026-08-16 17:04:43,full_ctta,cable,monitor,C:/cira_batch_test/cable/good_17.png,good_17.png,normal,False,0.0832907110452652,2.6226044269606064e-07,0.09852251798848576,0.09852251798848576,0.08661089912056923,False,True,16000,True,0.00018745221314020455,True,0.003004743717610836,cpu,patch_nearest_normal,last2,14,0.05,False,,,0.00016285850142594427,0.00019554235113892002,True,True,True,True
2026-08-16 17:04:45,full_ctta,cable,monitor,C:/cira_batch_test/cable/bad_9.png,bad_9.png,anomaly,True,0.1566684991121292,0.1566684991121292,0.09852251798848576,0.09852251798848576,0.08661089912056923,False,False,16000,False,,False,0.0,cpu,patch_nearest_normal,last2,14,0.05,False,,,0.0001809208479244262,0.00019554235113892002,False,True,True,True
2026-08-16 17:04:46,full_ctta,cable,monitor,C:/cira_batch_test/cable/bad_18.png,bad_18.png,anomaly,True,0.24599607288837433,0.24599607288837433,0.09852251798848576,0.09852251798848576,0.08661089912056923,False,False,16000,False,,False,0.0,cpu,patch_nearest_normal,last2,14,0.05,False,,,0.00015784888819325715,0.00019554235113892002,False,True,True,True
2026-08-16 17:04:48,full_ctta,cable,monitor,C:/cira_batch_test/cable/bad_13.png,bad_13.png,anomaly,True,0.11103782802820206,0.11103782802820206,0.09852251798848576,0.09852251798848576,0.08661089912056923,False,False,16000,False,,False,0.0,cpu,patch_nearest_normal,last2,14,0.05,False,,,0.00016822852194309235,0.00019554235113892002,False,True,True,True
2026-08-16 17:04:49,full_ctta,cable,monitor,C:/cira_batch_test/cable/bad_2.png,bad_2.png,anomaly,True,0.2926926612854004,0.2926926612854004,0.09852251798848576,0.09852251798848576,0.08661089912056923,False,False,16000,False,,False,0.0,cpu,patch_nearest_normal,last2,14,0.05,False,,,0.00017164989549200982,0.00019554235113892002,False,True,True,True
2026-08-16 17:04:51,full_ctta,cable,monitor,C:/cira_batch_test/cable/good_6.png,good_6.png,anomaly,True,0.10393951088190079,0.10393951088190079,0.09852251798848576,0.09852251798848576,0.08661089912056923,False,False,16000,False,,False,0.0,cpu,patch_nearest_normal,last2,14,0.05,False,,,0.00015170300321187824,0.00019554235113892002,False,True,True,True
2026-08-16 17:04:53,full_ctta,cable,monitor,C:/cira_batch_test/cable/good_10.png,good_10.png,normal,False,0.08571086078882217,2.443790378947597e-07,0.09852251798848576,0.09852251798848576,0.08661089912056923,False,True,16000,True,0.00018144623027183115,True,0.0026386349927634,cpu,patch_nearest_normal,last2,14,0.05,False,,,0.0001710747164906934,0.00019554235113892002,True,True,True,True
2026-08-16 17:04:55,full_ctta,cable,monitor,C:/cira_batch_test/cable/good_7.png,good_7.png,normal,False,0.0823899582028389,3.099441414633475e-07,0.09852251798848576,0.09852251798848576,0.08661089912056923,False,True,16000,True,0.00018773420015349984,True,0.0025857205037027597,cpu,patch_nearest_normal,last2,14,0.05,False,,,0.00016495049931108952,0.00019554235113892002,True,True,True,True
2026-08-16 17:04:56,full_ctta,cable,monitor,C:/cira_batch_test/cable/bad_8.png,bad_8.png,anomaly,True,0.12686316668987274,0.12686316668987274,0.09852251798848576,0.09852251798848576,0.08661089912056923,False,False,16000,False,,False,0.0,cpu,patch_nearest_normal,last2,14,0.05,False,,,0.00018120546883437783,0.00019554235113892002,False,True,True,True
2026-08-16 17:04:58,full_ctta,cable,monitor,C:/cira_batch_test/cable/bad_10.png,bad_10.png,anomaly,True,0.11300414800643921,0.11300414800643921,0.09852251798848576,0.09852251798848576,0.08661089912056923,False,False,16000,False,,False,0.0,cpu,patch_nearest_normal,last2,14,0.05,False,,,0.00017593470693100244,0.00019554235113892002,False,True,True,True
2026-08-16 17:05:00,full_ctta,cable,monitor,C:/cira_batch_test/cable/good_4.png,good_4.png,normal,False,0.07377512753009796,2.9206276508375595e-07,0.09852251798848576,0.09852251798848576,0.08661089912056923,False,True,16000,True,0.00019140868971589953,True,0.0025295959785580635,cpu,patch_nearest_normal,last2,14,0.05,False,,,0.00017396968905813992,0.00019554235113892002,True,True,True,True
2026-08-16 17:05:01,full_ctta,cable,monitor,C:/cira_batch_test/cable/bad_5.png,bad_5.png,anomaly,True,0.13594898581504822,0.13594898581504822,0.09852251798848576,0.09852251798848576,0.08661089912056923,False,False,16000,False,,False,0.0,cpu,patch_nearest_normal,last2,14,0.05,False,,,0.0001750049414113164,0.00019554235113892002,False,True,True,True
2026-08-16 17:05:03,full_ctta,cable,monitor,C:/cira_batch_test/cable/good_20.png,good_20.png,normal,False,0.08779380470514297,0.08779380470514297,0.09852251798848576,0.09852251798848576,0.08661089912056923,False,False,16000,False,,False,0.0,cpu,patch_nearest_normal,last2,14,0.05,False,,,0.0001691845536697656,0.00019554235113892002,False,True,True,True
2026-08-16 17:05:05,full_ctta,cable,monitor,C:/cira_batch_test/cable/good_18.png,good_18.png,normal,False,0.07399214059114456,2.980232238769531e-07,0.09852251798848576,0.09852251798848576,0.08661089912056923,False,True,16000,True,0.00017929915338754654,True,0.002534054685384035,cpu,patch_nearest_normal,last2,14,0.05,False,,,0.00016106442490126938,0.00019554235113892002,True,True,True,True
2026-08-16 17:05:07,full_ctta,cable,monitor,C:/cira_batch_test/cable/good_11.png,good_11.png,normal,False,0.07568880915641785,2.5629998390286346e-07,0.09852251798848576,0.09852251798848576,0.08661089912056923,False,True,16000,True,0.00019039414473809302,True,0.002508743666112423,cpu,patch_nearest_normal,last2,14,0.05,False,,,0.0001843973877839744,0.00019554235113892002,True,True,True,True
2026-08-16 17:05:09,full_ctta,cable,monitor,C:/cira_batch_test/cable/good_9.png,good_9.png,normal,False,0.08782640844583511,0.08782640844583511,0.09852251798848576,0.09852251798848576,0.08661089912056923,False,False,16000,False,,False,0.0,cpu,patch_nearest_normal,last2,14,0.05,False,,,0.00017125188605859876,0.00019554235113892002,False,True,True,True
2026-08-16 17:05:10,full_ctta,cable,monitor,C:/cira_batch_test/cable/good_16.png,good_16.png,normal,False,0.07130127400159836,2.8610230629055877e-07,0.09852251798848576,0.09852251798848576,0.08661089912056923,False,True,16000,True,0.00018479018763173372,True,0.002492379629984498,cpu,patch_nearest_normal,last2,14,0.05,False,,,0.0001597358495928347,0.00019554235113892002,True,True,True,True
2026-08-16 17:05:12,full_ctta,cable,monitor,C:/cira_batch_test/cable/bad_7.png,bad_7.png,anomaly,True,0.12917053699493408,0.12917053699493408,0.09852251798848576,0.09852251798848576,0.08661089912056923,False,False,16000,False,,False,0.0,cpu,patch_nearest_normal,last2,14,0.05,False,,,0.0001630753104109317,0.00019554235113892002,False,True,True,True
2026-08-16 17:05:14,full_ctta,cable,monitor,C:/cira_batch_test/cable/good_13.png,good_13.png,normal,False,0.08851265907287598,0.08851265907287598,0.09852251798848576,0.09852251798848576,0.08661089912056923,False,False,16000,False,,False,0.0,cpu,patch_nearest_normal,last2,14,0.05,False,,,0.00016420612519141287,0.00019554235113892002,False,True,True,True
2026-08-16 17:05:15,full_ctta,cable,monitor,C:/cira_batch_test/cable/good_5.png,good_5.png,normal,False,0.08843909204006195,0.08843909204006195,0.09852251798848576,0.09852251798848576,0.08661089912056923,False,False,16000,False,,False,0.0,cpu,patch_nearest_normal,last2,14,0.05,False,,,0.0001667194301262498,0.00019554235113892002,False,True,True,True
2026-08-16 17:05:17,full_ctta,cable,monitor,C:/cira_batch_test/cable/good_2.png,good_2.png,normal,False,0.08668584376573563,0.08668584376573563,0.09852251798848576,0.09852251798848576,0.08661089912056923,False,False,16000,False,,False,0.0,cpu,patch_nearest_normal,last2,14,0.05,False,,,0.00017365091480314732,0.00019554235113892002,False,True,True,True
2026-08-16 17:05:19,full_ctta,cable,monitor,C:/cira_batch_test/cable/bad_6.png,bad_6.png,anomaly,True,0.24214701354503632,0.24214701354503632,0.09852251798848576,0.09852251798848576,0.08661089912056923,False,False,16000,False,,False,0.0,cpu,patch_nearest_normal,last2,14,0.05,False,,,0.00016851935652084649,0.00019554235113892002,False,True,True,True
2026-08-16 17:05:20,full_ctta,cable,monitor,C:/cira_batch_test/cable/bad_14.png,bad_14.png,anomaly,True,0.10125968605279922,0.10125968605279922,0.09852251798848576,0.09852251798848576,0.08661089912056923,False,False,16000,False,,False,0.0,cpu,patch_nearest_normal,last2,14,0.05,False,,,0.00019575469195842743,0.00019554235113892002,False,False,True,True
2026-08-16 17:05:22,full_ctta,cable,monitor,C:/cira_batch_test/cable/good_3.png,good_3.png,anomaly,True,0.11450137197971344,0.11450137197971344,0.09852251798848576,0.09852251798848576,0.08661089912056923,False,False,16000,False,,False,0.0,cpu,patch_nearest_normal,last2,14,0.05,False,,,0.00016356137348338962,0.00019554235113892002,False,True,True,True
2026-08-16 17:05:23,full_ctta,cable,monitor,C:/cira_batch_test/cable/bad_4.png,bad_4.png,anomaly,True,0.37656450271606445,0.37656450271606445,0.09852251798848576,0.09852251798848576,0.08661089912056923,False,False,16000,False,,False,0.0,cpu,patch_nearest_normal,last2,14,0.05,False,,,0.00017132653738372028,0.00019554235113892002,False,True,True,True
2026-08-16 17:05:25,full_ctta,cable,monitor,C:/cira_batch_test/cable/bad_15.png,bad_15.png,anomaly,True,0.21892967820167542,0.21892967820167542,0.09852251798848576,0.09852251798848576,0.08661089912056923,False,False,16000,False,,False,0.0,cpu,patch_nearest_normal,last2,14,0.05,False,,,0.00017953607311937958,0.00019554235113892002,False,True,True,True
2026-08-16 17:05:27,full_ctta,cable,monitor,C:/cira_batch_test/cable/good_8.png,good_8.png,normal,False,0.09761029481887817,0.09761029481887817,0.09852251798848576,0.09852251798848576,0.08661089912056923,False,False,16000,False,,False,0.0,cpu,patch_nearest_normal,last2,14,0.05,False,,,0.0001647764875087887,0.00019554235113892002,False,True,True,True
2026-08-16 17:05:28,full_ctta,cable,monitor,C:/cira_batch_test/cable/bad_3.png,bad_3.png,anomaly,True,0.15458330512046814,0.15458330512046814,0.09852251798848576,0.09852251798848576,0.08661089912056923,False,False,16000,False,,False,0.0,cpu,patch_nearest_normal,last2,14,0.05,False,,,0.00017858718638308346,0.00019554235113892002,False,True,True,True
2026-08-16 17:05:30,full_ctta,cable,monitor,C:/cira_batch_test/cable/bad_11.png,bad_11.png,anomaly,True,0.19067874550819397,0.19067874550819397,0.09852251798848576,0.09852251798848576,0.08661089912056923,False,False,16000,False,,False,0.0,cpu,patch_nearest_normal,last2,14,0.05,False,,,0.0001766403001965955,0.00019554235113892002,False,True,True,True
2026-08-16 17:05:32,full_ctta,cable,monitor,C:/cira_batch_test/cable/good_19.png,good_19.png,normal,False,0.06667046248912811,2.9206276508375595e-07,0.09852251798848576,0.09852251798848576,0.08661089912056923,False,True,16000,True,0.00017393508460372686,True,0.0024902464356273413,cpu,patch_nearest_normal,last2,14,0.05,False,,,0.00015849836927372962,0.00019554235113892002,True,True,True,True
2026-08-16 17:05:34,full_ctta,cable,monitor,C:/cira_batch_test/cable/good_12.png,good_12.png,normal,False,0.07946918904781342,2.5033949668795685e-07,0.09852251798848576,0.09852251798848576,0.08661089912056923,False,True,16000,True,0.00018622662173584104,True,0.0024926227051764727,cpu,patch_nearest_normal,last2,14,0.05,False,,,0.00015965275815688074,0.00019554235113892002,True,True,True,True
2026-08-16 17:05:36,full_ctta,cable,monitor,C:/cira_batch_test/cable/good_15.png,good_15.png,normal,False,0.07955174148082733,3.039836826701503e-07,0.09852251798848576,0.09852251798848576,0.08661089912056923,False,True,16000,True,0.00017767949611879885,True,0.0024902494624257088,cpu,patch_nearest_normal,last2,14,0.05,True,C:\cira_ttl_checkpoints\cable\patch_memory_bank_update_10.pt,C:\cira_ttl_checkpoints\cable\patch_adapter_update_10.pt,0.00016043712093960494,0.00019554235113892002,True,True,True,True
2026-08-16 17:05:37,full_ctta,cable,monitor,C:/cira_batch_test/cable/bad_17.png,bad_17.png,anomaly,True,0.1483629047870636,0.1483629047870636,0.09852251798848576,0.09852251798848576,0.08661089912056923,False,False,16000,False,,False,0.0,cpu,patch_nearest_normal,last2,14,0.05,False,,,0.00018862239085137844,0.00019554235113892002,False,True,True,True
2026-08-16 17:05:39,full_ctta,cable,monitor,C:/cira_batch_test/cable/bad_19.png,bad_19.png,normal,False,0.09328551590442657,0.09328551590442657,0.09852251798848576,0.09852251798848576,0.08661089912056923,False,False,16000,False,,False,0.0,cpu,patch_nearest_normal,last2,14,0.05,False,,,0.00015369837637990713,0.00019554235113892002,False,True,True,True
2026-08-16 17:05:40,full_ctta,cable,monitor,C:/cira_batch_test/cable/bad_1.png,bad_1.png,anomaly,True,0.2541413903236389,0.2541413903236389,0.09852251798848576,0.09852251798848576,0.08661089912056923,False,False,16000,False,,False,0.0,cpu,patch_nearest_normal,last2,14,0.05,False,,,0.00016257818788290024,0.00019554235113892002,False,True,True,True
2026-08-16 17:05:42,full_ctta,cable,monitor,C:/cira_batch_test/cable/good_14.png,good_14.png,normal,False,0.09563738107681274,0.09563738107681274,0.09852251798848576,0.09852251798848576,0.08661089912056923,False,False,16000,False,,False,0.0,cpu,patch_nearest_normal,last2,14,0.05,False,,,0.0001642483111936599,0.00019554235113892002,False,True,True,True
2026-08-16 17:05:44,full_ctta,capsule,monitor,C:/cira_batch_test/capsule/good_1.png,good_1.png,normal,False,0.024378538131713867,2.682209014892578e-07,0.04299485732503146,0.04299485732503146,0.031231427378952504,False,True,16000,True,0.00011721432383637875,True,0.003023535246029496,cpu,patch_nearest_normal,last2,14,0.05,False,,,0.00010806958744069561,0.0001107694308302,True,True,True,True
2026-08-16 17:05:46,full_ctta,capsule,monitor,C:/cira_batch_test/capsule/bad_16.png,bad_16.png,anomaly,True,0.0742075964808464,0.0742075964808464,0.04299485732503146,0.04299485732503146,0.031231427378952504,False,False,16000,False,,False,0.0,cpu,patch_nearest_normal,last2,14,0.05,False,,,8.654130942886695e-05,0.0001107694308302,False,True,True,True
2026-08-16 17:05:47,full_ctta,capsule,monitor,C:/cira_batch_test/capsule/bad_20.png,bad_20.png,anomaly,True,0.05209224298596382,0.05209224298596382,0.04299485732503146,0.04299485732503146,0.031231427378952504,False,False,16000,False,,False,0.0,cpu,patch_nearest_normal,last2,14,0.05,False,,,9.765447612153366e-05,0.0001107694308302,False,True,True,True
2026-08-16 17:05:49,full_ctta,capsule,monitor,C:/cira_batch_test/capsule/bad_12.png,bad_12.png,anomaly,True,0.04922720044851303,0.04922720044851303,0.04299485732503146,0.04299485732503146,0.031231427378952504,False,False,16000,False,,False,0.0,cpu,patch_nearest_normal,last2,14,0.05,False,,,0.00010322251182515174,0.0001107694308302,False,True,True,True
2026-08-16 17:05:51,full_ctta,capsule,monitor,C:/cira_batch_test/capsule/good_17.png,good_17.png,normal,False,0.0199802927672863,3.2186508747145126e-07,0.04299485732503146,0.04299485732503146,0.031231427378952504,False,True,16000,True,0.00013095194299239665,True,0.002757500624284148,cpu,patch_nearest_normal,last2,14,0.05,False,,,0.00010825197387021035,0.0001107694308302,True,True,True,True
2026-08-16 17:05:52,full_ctta,capsule,monitor,C:/cira_batch_test/capsule/bad_9.png,bad_9.png,anomaly,True,0.17552055418491364,0.17552055418491364,0.04299485732503146,0.04299485732503146,0.031231427378952504,False,False,16000,False,,False,0.0,cpu,patch_nearest_normal,last2,14,0.05,False,,,9.787895396584645e-05,0.0001107694308302,False,True,True,True
2026-08-16 17:05:54,full_ctta,capsule,monitor,C:/cira_batch_test/capsule/bad_18.png,bad_18.png,anomaly,True,0.060316938906908035,0.060316938906908035,0.04299485732503146,0.04299485732503146,0.031231427378952504,False,False,16000,False,,False,0.0,cpu,patch_nearest_normal,last2,14,0.05,False,,,9.770119504537433e-05,0.0001107694308302,False,True,True,True
2026-08-16 17:05:56,full_ctta,capsule,monitor,C:/cira_batch_test/capsule/bad_13.png,bad_13.png,anomaly,True,0.04361600801348686,0.04361600801348686,0.04299485732503146,0.04299485732503146,0.031231427378952504,False,False,16000,False,,False,0.0,cpu,patch_nearest_normal,last2,14,0.05,False,,,9.606667299522087e-05,0.0001107694308302,False,True,True,True
2026-08-16 17:05:57,full_ctta,capsule,monitor,C:/cira_batch_test/capsule/bad_2.png,bad_2.png,anomaly,True,0.2617432475090027,0.2617432475090027,0.04299485732503146,0.04299485732503146,0.031231427378952504,False,False,16000,False,,False,0.0,cpu,patch_nearest_normal,last2,14,0.05,False,,,9.890461660688743e-05,0.0001107694308302,False,True,True,True
2026-08-16 17:05:59,full_ctta,capsule,monitor,C:/cira_batch_test/capsule/good_6.png,good_6.png,normal,False,0.015938108786940575,2.443790378947597e-07,0.04299485732503146,0.04299485732503146,0.031231427378952504,False,True,16000,True,9.909663640428334e-05,True,0.0026491633616387844,cpu,patch_nearest_normal,last2,14,0.05,False,,,9.937204595189542e-05,0.0001107694308302,True,True,True,True
2026-08-16 17:06:01,full_ctta,capsule,monitor,C:/cira_batch_test/capsule/good_10.png,good_10.png,normal,False,0.025630926713347435,3.039836826701503e-07,0.04299485732503146,0.04299485732503146,0.031231427378952504,False,True,16000,True,0.00010181262769037858,True,0.002615327015519142,cpu,patch_nearest_normal,last2,14,0.05,False,,,9.897089330479503e-05,0.0001107694308302,True,True,True,True
2026-08-16 17:06:03,full_ctta,capsule,monitor,C:/cira_batch_test/capsule/good_7.png,good_7.png,anomaly,True,0.06794263422489166,0.06794263422489166,0.04299485732503146,0.04299485732503146,0.031231427378952504,False,False,16000,False,,False,0.0,cpu,patch_nearest_normal,last2,14,0.05,False,,,8.749433618504554e-05,0.0001107694308302,False,True,True,True
2026-08-16 17:06:04,full_ctta,capsule,monitor,C:/cira_batch_test/capsule/bad_8.png,bad_8.png,anomaly,True,0.12467990070581436,0.12467990070581436,0.04299485732503146,0.04299485732503146,0.031231427378952504,False,False,16000,False,,False,0.0,cpu,patch_nearest_normal,last2,14,0.05,False,,,9.277943900087848e-05,0.0001107694308302,False,True,True,True
2026-08-16 17:06:06,full_ctta,capsule,monitor,C:/cira_batch_test/capsule/bad_10.png,bad_10.png,anomaly,True,0.06710311025381088,0.06710311025381088,0.04299485732503146,0.04299485732503146,0.031231427378952504,False,False,16000,False,,False,0.0,cpu,patch_nearest_normal,last2,14,0.05,False,,,9.579356265021488e-05,0.0001107694308302,False,True,True,True
2026-08-16 17:06:08,full_ctta,capsule,monitor,C:/cira_batch_test/capsule/good_4.png,good_4.png,normal,False,0.020396053791046143,3.397464638510428e-07,0.04299485732503146,0.04299485732503146,0.031231427378952504,False,True,16000,True,0.0001044671589625068,True,0.0026232092641294003,cpu,patch_nearest_normal,last2,14,0.05,False,,,0.00011073675705119967,0.0001107694308302,True,True,True,True
2026-08-16 17:06:09,full_ctta,capsule,monitor,C:/cira_batch_test/capsule/bad_5.png,bad_5.png,normal,False,0.041807740926742554,0.041807740926742554,0.04299485732503146,0.04299485732503146,0.031231427378952504,False,False,16000,False,,False,0.0,cpu,patch_nearest_normal,last2,14,0.05,False,,,0.00010237656533718109,0.0001107694308302,False,True,True,True
2026-08-16 17:06:11,full_ctta,capsule,monitor,C:/cira_batch_test/capsule/good_20.png,good_20.png,normal,False,0.03175947815179825,0.03175947815179825,0.04299485732503146,0.04299485732503146,0.031231427378952504,False,False,16000,False,,False,0.0,cpu,patch_nearest_normal,last2,14,0.05,False,,,9.843670704867691e-05,0.0001107694308302,False,True,True,True
2026-08-16 17:06:13,full_ctta,capsule,monitor,C:/cira_batch_test/capsule/good_18.png,good_18.png,normal,False,0.018258338794112206,3.2186508747145126e-07,0.04299485732503146,0.04299485732503146,0.031231427378952504,False,True,16000,True,0.00010049746924778447,True,0.002623321721330285,cpu,patch_nearest_normal,last2,14,0.05,False,,,0.00010624602873576805,0.0001107694308302,True,True,True,True
2026-08-16 17:06:15,full_ctta,capsule,monitor,C:/cira_batch_test/capsule/good_11.png,good_11.png,normal,False,0.02651461400091648,2.5629998390286346e-07,0.04299485732503146,0.04299485732503146,0.031231427378952504,False,True,16000,True,9.73272108240053e-05,True,0.0026042002718895674,cpu,patch_nearest_normal,last2,14,0.05,False,,,9.505546768195927e-05,0.0001107694308302,True,True,True,True
2026-08-16 17:06:17,full_ctta,capsule,monitor,C:/cira_batch_test/capsule/good_9.png,good_9.png,normal,False,0.018575942143797874,2.5629998390286346e-07,0.04299485732503146,0.04299485732503146,0.031231427378952504,False,True,16000,True,9.750125900609419e-05,True,0.00259542278945446,cpu,patch_nearest_normal,last2,14,0.05,False,,,9.762993431650102e-05,0.0001107694308302,True,True,True,True
2026-08-16 17:06:19,full_ctta,capsule,monitor,C:/cira_batch_test/capsule/good_16.png,good_16.png,normal,False,0.026243234053254128,2.8610230629055877e-07,0.04299485732503146,0.04299485732503146,0.031231427378952504,False,True,16000,True,0.00011422212264733389,True,0.0025938795879483223,cpu,patch_nearest_normal,last2,14,0.05,False,,,0.00010793565161293373,0.0001107694308302,True,True,True,True
2026-08-16 17:06:20,full_ctta,capsule,monitor,C:/cira_batch_test/capsule/bad_7.png,bad_7.png,anomaly,True,0.07629863917827606,0.07629863917827606,0.04299485732503146,0.04299485732503146,0.031231427378952504,False,False,16000,False,,False,0.0,cpu,patch_nearest_normal,last2,14,0.05,False,,,9.909682557918131e-05,0.0001107694308302,False,True,True,True
2026-08-16 17:06:22,full_ctta,capsule,monitor,C:/cira_batch_test/capsule/good_13.png,good_13.png,normal,False,0.027273869141936302,2.6226044269606064e-07,0.04299485732503146,0.04299485732503146,0.031231427378952504,False,True,16000,True,0.00011163211456732824,True,0.0025788825005292892,cpu,patch_nearest_normal,last2,14,0.05,True,C:\cira_ttl_checkpoints\capsule\patch_memory_bank_update_10.pt,C:\cira_ttl_checkpoints\capsule\patch_adapter_update_10.pt,0.00010690087219700217,0.0001107694308302,True,True,True,True
2026-08-16 17:06:24,full_ctta,capsule,monitor,C:/cira_batch_test/capsule/good_5.png,good_5.png,normal,False,0.021287376061081886,2.8014181907565217e-07,0.04299485732503146,0.04299485732503146,0.031231427378952504,False,True,16000,True,9.807747119339183e-05,True,0.002561691217124462,cpu,patch_nearest_normal,last2,14,0.05,False,,,9.419934212928638e-05,0.0001107694308302,True,True,True,True
2026-08-16 17:06:26,full_ctta,capsule,monitor,C:/cira_batch_test/capsule/good_2.png,good_2.png,normal,False,0.016923433169722557,2.8610230629055877e-07,0.04299485732503146,0.04299485732503146,0.031231427378952504,False,True,16000,True,0.00010461836063768715,True,0.00256502628326416,cpu,patch_nearest_normal,last2,14,0.05,False,,,0.00010198930976912379,0.0001107694308302,True,True,True,True
2026-08-16 17:06:28,full_ctta,capsule,monitor,C:/cira_batch_test/capsule/bad_6.png,bad_6.png,anomaly,True,0.12001373618841171,0.12001373618841171,0.04299485732503146,0.04299485732503146,0.031231427378952504,False,False,16000,False,,False,0.0,cpu,patch_nearest_normal,last2,14,0.05,False,,,8.418077777605504e-05,0.0001107694308302,False,True,True,True
2026-08-16 17:06:29,full_ctta,capsule,monitor,C:/cira_batch_test/capsule/bad_14.png,bad_14.png,normal,False,0.03589830920100212,0.03589830920100212,0.04299485732503146,0.04299485732503146,0.031231427378952504,False,False,16000,False,,False,0.0,cpu,patch_nearest_normal,last2,14,0.05,False,,,9.819181286729872e-05,0.0001107694308302,False,True,True,True
2026-08-16 17:06:31,full_ctta,capsule,monitor,C:/cira_batch_test/capsule/good_3.png,good_3.png,normal,False,0.03855949640274048,0.03855949640274048,0.04299485732503146,0.04299485732503146,0.031231427378952504,False,False,16000,False,,False,0.0,cpu,patch_nearest_normal,last2,14,0.05,False,,,9.64030550676398e-05,0.0001107694308302,False,True,True,True
2026-08-16 17:06:32,full_ctta,capsule,monitor,C:/cira_batch_test/capsule/bad_4.png,bad_4.png,normal,False,0.03682289272546768,0.03682289272546768,0.04299485732503146,0.04299485732503146,0.031231427378952504,False,False,16000,False,,False,0.0,cpu,patch_nearest_normal,last2,14,0.05,False,,,0.00010385723726358265,0.0001107694308302,False,True,True,True
2026-08-16 17:06:34,full_ctta,capsule,monitor,C:/cira_batch_test/capsule/bad_15.png,bad_15.png,anomaly,True,0.07974590361118317,0.07974590361118317,0.04299485732503146,0.04299485732503146,0.031231427378952504,False,False,16000,False,,False,0.0,cpu,patch_nearest_normal,last2,14,0.05,False,,,0.00011323776561766863,0.0001107694308302,False,False,True,True
2026-08-16 17:06:36,full_ctta,capsule,monitor,C:/cira_batch_test/capsule/good_8.png,good_8.png,normal,False,0.02965044416487217,2.9206276508375595e-07,0.04299485732503146,0.04299485732503146,0.031231427378952504,False,True,16000,True,0.00010598477092571557,True,0.0025580290239304304,cpu,patch_nearest_normal,last2,14,0.05,False,,,0.00010497290350031108,0.0001107694308302,True,True,True,True
2026-08-16 17:06:38,full_ctta,capsule,monitor,C:/cira_batch_test/capsule/bad_3.png,bad_3.png,anomaly,True,0.09211821109056473,0.09211821109056473,0.04299485732503146,0.04299485732503146,0.031231427378952504,False,False,16000,False,,False,0.0,cpu,patch_nearest_normal,last2,14,0.05,False,,,0.00010922244837274775,0.0001107694308302,False,True,True,True
2026-08-16 17:06:39,full_ctta,capsule,monitor,C:/cira_batch_test/capsule/bad_11.png,bad_11.png,anomaly,True,0.044941533356904984,0.044941533356904984,0.04299485732503146,0.04299485732503146,0.031231427378952504,False,False,16000,False,,False,0.0,cpu,patch_nearest_normal,last2,14,0.05,False,,,9.43902850849554e-05,0.0001107694308302,False,True,True,True
2026-08-16 17:06:41,full_ctta,capsule,monitor,C:/cira_batch_test/capsule/good_19.png,good_19.png,normal,False,0.016310716047883034,3.2186508747145126e-07,0.04299485732503146,0.04299485732503146,0.031231427378952504,False,True,16000,True,9.966257493942976e-05,True,0.002558464417234063,cpu,patch_nearest_normal,last2,14,0.05,False,,,9.8714794148691e-05,0.0001107694308302,True,True,True,True
2026-08-16 17:06:43,full_ctta,capsule,monitor,C:/cira_batch_test/capsule/good_12.png,good_12.png,normal,False,0.03608550876379013,0.03608550876379013,0.04299485732503146,0.04299485732503146,0.031231427378952504,False,False,16000,False,,False,0.0,cpu,patch_nearest_normal,last2,14,0.05,False,,,0.00010071531141875312,0.0001107694308302,False,True,True,True
2026-08-16 17:06:45,full_ctta,capsule,monitor,C:/cira_batch_test/capsule/good_15.png,good_15.png,normal,False,0.028087109327316284,2.980232238769531e-07,0.04299485732503146,0.04299485732503146,0.031231427378952504,False,True,16000,True,0.0001137095969170332,True,0.0025464550126343966,cpu,patch_nearest_normal,last2,14,0.05,False,,,0.00010522926459088922,0.0001107694308302,True,True,True,True
2026-08-16 17:06:46,full_ctta,capsule,monitor,C:/cira_batch_test/capsule/bad_17.png,bad_17.png,anomaly,True,0.05236135050654411,0.05236135050654411,0.04299485732503146,0.04299485732503146,0.031231427378952504,False,False,16000,False,,False,0.0,cpu,patch_nearest_normal,last2,14,0.05,False,,,9.678955393610522e-05,0.0001107694308302,False,True,True,True
2026-08-16 17:06:48,full_ctta,capsule,monitor,C:/cira_batch_test/capsule/bad_19.png,bad_19.png,anomaly,True,0.10891066491603851,0.10891066491603851,0.04299485732503146,0.04299485732503146,0.031231427378952504,False,False,16000,False,,False,0.0,cpu,patch_nearest_normal,last2,14,0.05,False,,,0.0001028805854730308,0.0001107694308302,False,True,True,True
2026-08-16 17:06:50,full_ctta,capsule,monitor,C:/cira_batch_test/capsule/bad_1.png,bad_1.png,anomaly,True,0.17261233925819397,0.17261233925819397,0.04299485732503146,0.04299485732503146,0.031231427378952504,False,False,16000,False,,False,0.0,cpu,patch_nearest_normal,last2,14,0.05,False,,,0.00010801475582411513,0.0001107694308302,False,True,True,True
2026-08-16 17:06:52,full_ctta,capsule,monitor,C:/cira_batch_test/capsule/good_14.png,good_14.png,normal,False,0.01945326291024685,2.9206276508375595e-07,0.04299485732503146,0.04299485732503146,0.031231427378952504,False,True,16000,True,9.870032226899639e-05,True,0.0025305815506726503,cpu,patch_nearest_normal,last2,14,0.05,False,,,9.713834151625633e-05,0.0001107694308302,True,True,True,True
2026-08-16 17:06:54,full_ctta,carpet,monitor,C:/cira_batch_test/carpet/good_1.png,good_1.png,normal,False,0.02601250447332859,3.814697322468419e-07,0.0343417185988487,0.0343417185988487,0.03367696963250637,False,True,16000,True,4.6685727284057066e-05,True,0.0029009950812906027,cpu,patch_nearest_normal,last2,14,0.05,False,,,4.08664345741272e-05,6.111156617407686e-05,True,True,True,True
2026-08-16 17:06:55,full_ctta,carpet,monitor,C:/cira_batch_test/carpet/bad_16.png,bad_16.png,anomaly,True,0.13193637132644653,0.13193637132644653,0.0343417185988487,0.0343417185988487,0.03367696963250637,False,False,16000,False,,False,0.0,cpu,patch_nearest_normal,last2,14,0.05,False,,,5.242490806267597e-05,6.111156617407686e-05,False,True,True,True
2026-08-16 17:06:57,full_ctta,carpet,monitor,C:/cira_batch_test/carpet/bad_20.png,bad_20.png,anomaly,True,0.13808469474315643,0.13808469474315643,0.0343417185988487,0.0343417185988487,0.03367696963250637,False,False,16000,False,,False,0.0,cpu,patch_nearest_normal,last2,14,0.05,False,,,4.856853774981573e-05,6.111156617407686e-05,False,True,True,True
2026-08-16 17:06:59,full_ctta,carpet,monitor,C:/cira_batch_test/carpet/bad_12.png,bad_12.png,normal,False,0.03408602997660637,0.03408602997660637,0.0343417185988487,0.0343417185988487,0.03367696963250637,False,False,16000,False,,False,0.0,cpu,patch_nearest_normal,last2,14,0.05,False,,,3.750206815311685e-05,6.111156617407686e-05,False,True,True,True
2026-08-16 17:07:01,full_ctta,carpet,monitor,C:/cira_batch_test/carpet/good_17.png,good_17.png,normal,False,0.03193209320306778,3.099441414633475e-07,0.0343417185988487,0.0343417185988487,0.03367696963250637,False,True,16000,True,4.787524085259065e-05,True,0.002711900742724538,cpu,patch_nearest_normal,last2,14,0.05,False,,,4.3726511648856103e-05,6.111156617407686e-05,True,True,True,True
2026-08-16 17:07:02,full_ctta,carpet,monitor,C:/cira_batch_test/carpet/bad_9.png,bad_9.png,anomaly,True,0.3492055833339691,0.3492055833339691,0.0343417185988487,0.0343417185988487,0.03367696963250637,False,False,16000,False,,False,0.0,cpu,patch_nearest_normal,last2,14,0.05,False,,,7.734279643045738e-05,6.111156617407686e-05,False,False,True,True
2026-08-16 17:07:04,full_ctta,carpet,monitor,C:/cira_batch_test/carpet/bad_18.png,bad_18.png,anomaly,True,0.3329697251319885,0.3329697251319885,0.0343417185988487,0.0343417185988487,0.03367696963250637,False,False,16000,False,,False,0.0,cpu,patch_nearest_normal,last2,14,0.05,False,,,5.070585393696092e-05,6.111156617407686e-05,False,True,True,True
2026-08-16 17:07:06,full_ctta,carpet,monitor,C:/cira_batch_test/carpet/bad_13.png,bad_13.png,anomaly,True,0.03505765646696091,0.03505765646696091,0.0343417185988487,0.0343417185988487,0.03367696963250637,False,False,16000,False,,False,0.0,cpu,patch_nearest_normal,last2,14,0.05,False,,,5.023966514272615e-05,6.111156617407686e-05,False,True,True,True
2026-08-16 17:07:07,full_ctta,carpet,monitor,C:/cira_batch_test/carpet/bad_2.png,bad_2.png,anomaly,True,0.15551504492759705,0.15551504492759705,0.0343417185988487,0.0343417185988487,0.03367696963250637,False,False,16000,False,,False,0.0,cpu,patch_nearest_normal,last2,14,0.05,False,,,4.973974500899203e-05,6.111156617407686e-05,False,True,True,True
2026-08-16 17:07:09,full_ctta,carpet,monitor,C:/cira_batch_test/carpet/good_6.png,good_6.png,normal,False,0.03394988924264908,0.03394988924264908,0.0343417185988487,0.0343417185988487,0.03367696963250637,False,False,16000,False,,False,0.0,cpu,patch_nearest_normal,last2,14,0.05,False,,,4.0267870645038784e-05,6.111156617407686e-05,False,True,True,True
2026-08-16 17:07:11,full_ctta,carpet,monitor,C:/cira_batch_test/carpet/good_10.png,good_10.png,anomaly,True,0.037919480353593826,0.037919480353593826,0.0343417185988487,0.0343417185988487,0.03367696963250637,False,False,16000,False,,False,0.0,cpu,patch_nearest_normal,last2,14,0.05,False,,,2.9711733077419922e-05,6.111156617407686e-05,False,True,True,True
2026-08-16 17:07:12,full_ctta,carpet,monitor,C:/cira_batch_test/carpet/good_7.png,good_7.png,anomaly,True,0.03608303517103195,0.03608303517103195,0.0343417185988487,0.0343417185988487,0.03367696963250637,False,False,16000,False,,False,0.0,cpu,patch_nearest_normal,last2,14,0.05,False,,,4.056355464854278e-05,6.111156617407686e-05,False,True,True,True
2026-08-16 17:07:14,full_ctta,carpet,monitor,C:/cira_batch_test/carpet/bad_8.png,bad_8.png,anomaly,True,0.29425811767578125,0.29425811767578125,0.0343417185988487,0.0343417185988487,0.03367696963250637,False,False,16000,False,,False,0.0,cpu,patch_nearest_normal,last2,14,0.05,False,,,5.9121510275872424e-05,6.111156617407686e-05,False,True,True,True
2026-08-16 17:07:16,full_ctta,carpet,monitor,C:/cira_batch_test/carpet/bad_10.png,bad_10.png,anomaly,True,0.23423118889331818,0.23423118889331818,0.0343417185988487,0.0343417185988487,0.03367696963250637,False,False,16000,False,,False,0.0,cpu,patch_nearest_normal,last2,14,0.05,False,,,5.051438347436488e-05,6.111156617407686e-05,False,True,True,True
2026-08-16 17:07:17,full_ctta,carpet,monitor,C:/cira_batch_test/carpet/good_4.png,good_4.png,normal,False,0.03308641165494919,3.2186508747145126e-07,0.0343417185988487,0.0343417185988487,0.03367696963250637,False,True,16000,True,4.684477607952431e-05,True,0.002629040041938424,cpu,patch_nearest_normal,last2,14,0.05,False,,,4.147552317590453e-05,6.111156617407686e-05,True,True,True,True
2026-08-16 17:07:19,full_ctta,carpet,monitor,C:/cira_batch_test/carpet/bad_5.png,bad_5.png,anomaly,True,0.23438024520874023,0.23438024520874023,0.0343417185988487,0.0343417185988487,0.03367696963250637,False,False,16000,False,,False,0.0,cpu,patch_nearest_normal,last2,14,0.05,False,,,6.432500958908349e-05,6.111156617407686e-05,False,False,True,True
2026-08-16 17:07:21,full_ctta,carpet,monitor,C:/cira_batch_test/carpet/good_20.png,good_20.png,anomaly,True,0.037704866379499435,0.037704866379499435,0.0343417185988487,0.0343417185988487,0.03367696963250637,False,False,16000,False,,False,0.0,cpu,patch_nearest_normal,last2,14,0.05,False,,,5.111684004077688e-05,6.111156617407686e-05,False,True,True,True
2026-08-16 17:07:23,full_ctta,carpet,monitor,C:/cira_batch_test/carpet/good_18.png,good_18.png,normal,False,0.027258645743131638,2.8014181907565217e-07,0.0343417185988487,0.0343417185988487,0.03367696963250637,False,True,16000,True,5.464087735163048e-05,True,0.002593252807855606,cpu,patch_nearest_normal,last2,14,0.05,False,,,4.867639290750958e-05,6.111156617407686e-05,True,True,True,True
2026-08-16 17:07:24,full_ctta,carpet,monitor,C:/cira_batch_test/carpet/good_11.png,good_11.png,anomaly,True,0.037705790251493454,0.037705790251493454,0.0343417185988487,0.0343417185988487,0.03367696963250637,False,False,16000,False,,False,0.0,cpu,patch_nearest_normal,last2,14,0.05,False,,,4.7507557610515505e-05,6.111156617407686e-05,False,True,True,True
2026-08-16 17:07:26,full_ctta,carpet,monitor,C:/cira_batch_test/carpet/good_9.png,good_9.png,anomaly,True,0.04635266214609146,0.04635266214609146,0.0343417185988487,0.0343417185988487,0.03367696963250637,False,False,16000,False,,False,0.0,cpu,patch_nearest_normal,last2,14,0.05,False,,,3.425955947022885e-05,6.111156617407686e-05,False,True,True,True
2026-08-16 17:07:28,full_ctta,carpet,monitor,C:/cira_batch_test/carpet/good_16.png,good_16.png,anomaly,True,0.03446073457598686,0.03446073457598686,0.0343417185988487,0.0343417185988487,0.03367696963250637,False,False,16000,False,,False,0.0,cpu,patch_nearest_normal,last2,14,0.05,False,,,3.6356224882183596e-05,6.111156617407686e-05,False,True,True,True
2026-08-16 17:07:29,full_ctta,carpet,monitor,C:/cira_batch_test/carpet/bad_7.png,bad_7.png,anomaly,True,0.07124559581279755,0.07124559581279755,0.0343417185988487,0.0343417185988487,0.03367696963250637,False,False,16000,False,,False,0.0,cpu,patch_nearest_normal,last2,14,0.05,False,,,5.370993312681094e-05,6.111156617407686e-05,False,True,True,True
2026-08-16 17:07:31,full_ctta,carpet,monitor,C:/cira_batch_test/carpet/good_13.png,good_13.png,normal,False,0.03392571955919266,0.03392571955919266,0.0343417185988487,0.0343417185988487,0.03367696963250637,False,False,16000,False,,False,0.0,cpu,patch_nearest_normal,last2,14,0.05,False,,,3.154717342113145e-05,6.111156617407686e-05,False,True,True,True
2026-08-16 17:07:33,full_ctta,carpet,monitor,C:/cira_batch_test/carpet/good_5.png,good_5.png,normal,False,0.034229010343551636,0.034229010343551636,0.0343417185988487,0.0343417185988487,0.03367696963250637,False,False,16000,False,,False,0.0,cpu,patch_nearest_normal,last2,14,0.05,False,,,3.8384649087674916e-05,6.111156617407686e-05,False,True,True,True
2026-08-16 17:07:35,full_ctta,carpet,monitor,C:/cira_batch_test/carpet/good_2.png,good_2.png,normal,False,0.03309009596705437,3.397464638510428e-07,0.0343417185988487,0.0343417185988487,0.03367696963250637,False,True,16000,True,5.486110967467539e-05,True,0.002613664837554097,cpu,patch_nearest_normal,last2,14,0.05,False,,,4.84773627249524e-05,6.111156617407686e-05,True,True,True,True
2026-08-16 17:07:36,full_ctta,carpet,monitor,C:/cira_batch_test/carpet/bad_6.png,bad_6.png,anomaly,True,0.10267005115747452,0.10267005115747452,0.0343417185988487,0.0343417185988487,0.03367696963250637,False,False,16000,False,,False,0.0,cpu,patch_nearest_normal,last2,14,0.05,False,,,3.996102896053344e-05,6.111156617407686e-05,False,True,True,True
2026-08-16 17:07:38,full_ctta,carpet,monitor,C:/cira_batch_test/carpet/bad_14.png,bad_14.png,anomaly,True,0.2176361083984375,0.2176361083984375,0.0343417185988487,0.0343417185988487,0.03367696963250637,False,False,16000,False,,False,0.0,cpu,patch_nearest_normal,last2,14,0.05,False,,,5.545965177589096e-05,6.111156617407686e-05,False,True,True,True
2026-08-16 17:07:40,full_ctta,carpet,monitor,C:/cira_batch_test/carpet/good_3.png,good_3.png,normal,False,0.03303630277514458,2.9206276508375595e-07,0.0343417185988487,0.0343417185988487,0.03367696963250637,False,True,16000,True,4.297211125958711e-05,True,0.0025886776857078075,cpu,patch_nearest_normal,last2,14,0.05,False,,,4.101029480807483e-05,6.111156617407686e-05,True,True,True,True
2026-08-16 17:07:41,full_ctta,carpet,monitor,C:/cira_batch_test/carpet/bad_4.png,bad_4.png,anomaly,True,0.27522826194763184,0.27522826194763184,0.0343417185988487,0.0343417185988487,0.03367696963250637,False,False,16000,False,,False,0.0,cpu,patch_nearest_normal,last2,14,0.05,False,,,5.796395271318033e-05,6.111156617407686e-05,False,True,True,True
2026-08-16 17:07:43,full_ctta,carpet,monitor,C:/cira_batch_test/carpet/bad_15.png,bad_15.png,anomaly,True,0.03896865248680115,0.03896865248680115,0.0343417185988487,0.0343417185988487,0.03367696963250637,False,False,16000,False,,False,0.0,cpu,patch_nearest_normal,last2,14,0.05,False,,,3.660506627056748e-05,6.111156617407686e-05,False,True,True,True
2026-08-16 17:07:45,full_ctta,carpet,monitor,C:/cira_batch_test/carpet/good_8.png,good_8.png,normal,False,0.02893073484301567,2.9206276508375595e-07,0.0343417185988487,0.0343417185988487,0.03367696963250637,False,True,16000,True,4.52086424047593e-05,True,0.0026020496152341366,cpu,patch_nearest_normal,last2,14,0.05,False,,,3.884139732690528e-05,6.111156617407686e-05,True,True,True,True
2026-08-16 17:07:47,full_ctta,carpet,monitor,C:/cira_batch_test/carpet/bad_3.png,bad_3.png,anomaly,True,0.35580459237098694,0.35580459237098694,0.0343417185988487,0.0343417185988487,0.03367696963250637,False,False,16000,False,,False,0.0,cpu,patch_nearest_normal,last2,14,0.05,False,,,4.388873276184313e-05,6.111156617407686e-05,False,True,True,True
2026-08-16 17:07:48,full_ctta,carpet,monitor,C:/cira_batch_test/carpet/bad_11.png,bad_11.png,anomaly,True,0.08586417138576508,0.08586417138576508,0.0343417185988487,0.0343417185988487,0.03367696963250637,False,False,16000,False,,False,0.0,cpu,patch_nearest_normal,last2,14,0.05,False,,,4.728442945634015e-05,6.111156617407686e-05,False,True,True,True
2026-08-16 17:07:50,full_ctta,carpet,monitor,C:/cira_batch_test/carpet/good_19.png,good_19.png,normal,False,0.032439492642879486,3.5762786865234375e-07,0.0343417185988487,0.0343417185988487,0.03367696963250637,False,True,16000,True,6.005422619637102e-05,True,0.002598546212539077,cpu,patch_nearest_normal,last2,14,0.05,False,,,5.025840437156148e-05,6.111156617407686e-05,True,True,True,True
2026-08-16 17:07:52,full_ctta,carpet,monitor,C:/cira_batch_test/carpet/good_12.png,good_12.png,normal,False,0.03149240463972092,3.099441414633475e-07,0.0343417185988487,0.0343417185988487,0.03367696963250637,False,True,16000,True,5.953384970780462e-05,True,0.0025887093506753445,cpu,patch_nearest_normal,last2,14,0.05,False,,,5.260040416033007e-05,6.111156617407686e-05,True,True,True,True
2026-08-16 17:07:54,full_ctta,carpet,monitor,C:/cira_batch_test/carpet/good_15.png,good_15.png,anomaly,True,0.035505227744579315,0.035505227744579315,0.0343417185988487,0.0343417185988487,0.03367696963250637,False,False,16000,False,,False,0.0,cpu,patch_nearest_normal,last2,14,0.05,False,,,3.457193815847859e-05,6.111156617407686e-05,False,True,True,True
2026-08-16 17:07:56,full_ctta,carpet,monitor,C:/cira_batch_test/carpet/bad_17.png,bad_17.png,anomaly,True,0.05052917078137398,0.05052917078137398,0.0343417185988487,0.0343417185988487,0.03367696963250637,False,False,16000,False,,False,0.0,cpu,patch_nearest_normal,last2,14,0.05,False,,,5.474727367982268e-05,6.111156617407686e-05,False,True,True,True
2026-08-16 17:07:57,full_ctta,carpet,monitor,C:/cira_batch_test/carpet/bad_19.png,bad_19.png,anomaly,True,0.11034780740737915,0.11034780740737915,0.0343417185988487,0.0343417185988487,0.03367696963250637,False,False,16000,False,,False,0.0,cpu,patch_nearest_normal,last2,14,0.05,False,,,5.430722376331687e-05,6.111156617407686e-05,False,True,True,True
2026-08-16 17:07:59,full_ctta,carpet,monitor,C:/cira_batch_test/carpet/bad_1.png,bad_1.png,anomaly,True,0.055085401982069016,0.055085401982069016,0.0343417185988487,0.0343417185988487,0.03367696963250637,False,False,16000,False,,False,0.0,cpu,patch_nearest_normal,last2,14,0.05,False,,,5.362455704016611e-05,6.111156617407686e-05,False,True,True,True
2026-08-16 17:08:01,full_ctta,carpet,monitor,C:/cira_batch_test/carpet/good_14.png,good_14.png,anomaly,True,0.03749636933207512,0.03749636933207512,0.0343417185988487,0.0343417185988487,0.03367696963250637,False,False,16000,False,,False,0.0,cpu,patch_nearest_normal,last2,14,0.05,False,,,3.863618621835485e-05,6.111156617407686e-05,False,True,True,True
2026-08-16 17:08:02,full_ctta,grid,monitor,C:/cira_batch_test/grid/good_1.png,good_1.png,anomaly,True,0.05813353508710861,0.05813353508710861,0.053714152485093335,0.053714152485093335,0.04894002191722393,False,False,16000,False,,False,0.0,cpu,patch_nearest_normal,last2,14,0.05,False,,,0.00020538840908557177,0.00020260438468534505,False,False,True,True
2026-08-16 17:08:04,full_ctta,grid,monitor,C:/cira_batch_test/grid/bad_16.png,bad_16.png,anomaly,True,0.05864829942584038,0.05864829942584038,0.053714152485093335,0.053714152485093335,0.04894002191722393,False,False,16000,False,,False,0.0,cpu,patch_nearest_normal,last2,14,0.05,False,,,0.0001342795294476673,0.00020260438468534505,False,True,True,True
2026-08-16 17:08:05,full_ctta,grid,monitor,C:/cira_batch_test/grid/bad_20.png,bad_20.png,normal,False,0.05339302495121956,0.05339302495121956,0.053714152485093335,0.053714152485093335,0.04894002191722393,False,False,16000,False,,False,0.0,cpu,patch_nearest_normal,last2,14,0.05,False,,,0.00011360548523953184,0.00020260438468534505,False,True,True,True
2026-08-16 17:08:07,full_ctta,grid,monitor,C:/cira_batch_test/grid/bad_12.png,bad_12.png,anomaly,True,0.10632707923650742,0.10632707923650742,0.053714152485093335,0.053714152485093335,0.04894002191722393,False,False,16000,False,,False,0.0,cpu,patch_nearest_normal,last2,14,0.05,False,,,0.00019676683587022126,0.00020260438468534505,False,True,True,True
2026-08-16 17:08:09,full_ctta,grid,monitor,C:/cira_batch_test/grid/good_17.png,good_17.png,normal,False,0.043960608541965485,2.74181360282455e-07,0.053714152485093335,0.053714152485093335,0.04894002191722393,False,True,16000,True,0.0002077625977108255,True,0.003008500440046191,cpu,patch_nearest_normal,last2,14,0.05,False,,,0.00018318647926207632,0.00020260438468534505,True,True,True,True
2026-08-16 17:08:11,full_ctta,grid,monitor,C:/cira_batch_test/grid/bad_9.png,bad_9.png,anomaly,True,0.0647614449262619,0.0647614449262619,0.053714152485093335,0.053714152485093335,0.04894002191722393,False,False,16000,False,,False,0.0,cpu,patch_nearest_normal,last2,14,0.05,False,,,0.0001150007956312038,0.00020260438468534505,False,True,True,True
2026-08-16 17:08:12,full_ctta,grid,monitor,C:/cira_batch_test/grid/bad_18.png,bad_18.png,anomaly,True,0.06122592091560364,0.06122592091560364,0.053714152485093335,0.053714152485093335,0.04894002191722393,False,False,16000,False,,False,0.0,cpu,patch_nearest_normal,last2,14,0.05,False,,,0.00015142682241275907,0.00020260438468534505,False,True,True,True
2026-08-16 17:08:14,full_ctta,grid,monitor,C:/cira_batch_test/grid/bad_13.png,bad_13.png,normal,False,0.04783090949058533,2.980232238769531e-07,0.053714152485093335,0.053714152485093335,0.04894002191722393,False,True,16000,True,0.0001217041935888119,True,0.002579845255240798,cpu,patch_nearest_normal,last2,14,0.05,False,,,0.00010997983190463856,0.00020260438468534505,True,True,True,True
2026-08-16 17:08:16,full_ctta,grid,monitor,C:/cira_batch_test/grid/bad_2.png,bad_2.png,anomaly,True,0.055175065994262695,0.055175065994262695,0.053714152485093335,0.053714152485093335,0.04894002191722393,False,False,16000,False,,False,0.0,cpu,patch_nearest_normal,last2,14,0.05,False,,,0.00018539857410360128,0.00020260438468534505,False,True,True,True
2026-08-16 17:08:17,full_ctta,grid,monitor,C:/cira_batch_test/grid/good_6.png,good_6.png,anomaly,True,0.06403619796037674,0.06403619796037674,0.053714152485093335,0.053714152485093335,0.04894002191722393,False,False,16000,False,,False,0.0,cpu,patch_nearest_normal,last2,14,0.05,False,,,0.00011411419836804271,0.00020260438468534505,False,True,True,True
2026-08-16 17:08:19,full_ctta,grid,monitor,C:/cira_batch_test/grid/good_10.png,good_10.png,normal,False,0.04540237784385681,3.337860050578456e-07,0.053714152485093335,0.053714152485093335,0.04894002191722393,False,True,16000,True,0.00014259967429097742,True,0.002330241957679391,cpu,patch_nearest_normal,last2,14,0.05,False,,,0.00012459495337679982,0.00020260438468534505,True,True,True,True
2026-08-16 17:08:21,full_ctta,grid,monitor,C:/cira_batch_test/grid/good_7.png,good_7.png,anomaly,True,0.057498037815093994,0.057498037815093994,0.053714152485093335,0.053714152485093335,0.04894002191722393,False,False,16000,False,,False,0.0,cpu,patch_nearest_normal,last2,14,0.05,False,,,0.0001170756368082948,0.00020260438468534505,False,True,True,True
2026-08-16 17:08:22,full_ctta,grid,monitor,C:/cira_batch_test/grid/bad_8.png,bad_8.png,normal,False,0.046716295182704926,2.980232238769531e-07,0.053714152485093335,0.053714152485093335,0.04894002191722393,False,True,16000,True,0.0001502966770203784,True,0.00228589097969234,cpu,patch_nearest_normal,last2,14,0.05,False,,,0.00014525486039929092,0.00020260438468534505,True,True,True,True
2026-08-16 17:08:24,full_ctta,grid,monitor,C:/cira_batch_test/grid/bad_10.png,bad_10.png,anomaly,True,0.07212945073843002,0.07212945073843002,0.053714152485093335,0.053714152485093335,0.04894002191722393,False,False,16000,False,,False,0.0,cpu,patch_nearest_normal,last2,14,0.05,False,,,0.00012526212958618999,0.00020260438468534505,False,True,True,True
2026-08-16 17:08:26,full_ctta,grid,monitor,C:/cira_batch_test/grid/good_4.png,good_4.png,anomaly,True,0.05590001866221428,0.05590001866221428,0.053714152485093335,0.053714152485093335,0.04894002191722393,False,False,16000,False,,False,0.0,cpu,patch_nearest_normal,last2,14,0.05,False,,,0.00023599901760462672,0.00020260438468534505,False,False,True,True
2026-08-16 17:08:27,full_ctta,grid,monitor,C:/cira_batch_test/grid/bad_5.png,bad_5.png,anomaly,True,0.06522396206855774,0.06522396206855774,0.053714152485093335,0.053714152485093335,0.04894002191722393,False,False,16000,False,,False,0.0,cpu,patch_nearest_normal,last2,14,0.05,False,,,0.00012442907609511167,0.00020260438468534505,False,True,True,True
2026-08-16 17:08:29,full_ctta,grid,monitor,C:/cira_batch_test/grid/good_20.png,good_20.png,normal,False,0.047125231474637985,3.2186508747145126e-07,0.053714152485093335,0.053714152485093335,0.04894002191722393,False,True,16000,True,0.00014943481073714793,True,0.002250795718282461,cpu,patch_nearest_normal,last2,14,0.05,False,,,0.00013815697457175702,0.00020260438468534505,True,True,True,True
2026-08-16 17:08:31,full_ctta,grid,monitor,C:/cira_batch_test/grid/good_18.png,good_18.png,anomaly,True,0.05540081858634949,0.05540081858634949,0.053714152485093335,0.053714152485093335,0.04894002191722393,False,False,16000,False,,False,0.0,cpu,patch_nearest_normal,last2,14,0.05,False,,,0.00012195137242088094,0.00020260438468534505,False,True,True,True
2026-08-16 17:08:33,full_ctta,grid,monitor,C:/cira_batch_test/grid/good_11.png,good_11.png,normal,False,0.04489780589938164,2.8014181907565217e-07,0.053714152485093335,0.053714152485093335,0.04894002191722393,False,True,16000,True,0.00011428039579186589,True,0.002171727130189538,cpu,patch_nearest_normal,last2,14,0.05,False,,,0.00011268306843703613,0.00020260438468534505,True,True,True,True
2026-08-16 17:08:34,full_ctta,grid,monitor,C:/cira_batch_test/grid/good_9.png,good_9.png,normal,False,0.04510708525776863,3.2186508747145126e-07,0.053714152485093335,0.053714152485093335,0.04894002191722393,False,True,16000,True,0.0001292604283662513,True,0.0021306839771568775,cpu,patch_nearest_normal,last2,14,0.05,False,,,0.00011933786299778149,0.00020260438468534505,True,True,True,True
2026-08-16 17:08:36,full_ctta,grid,monitor,C:/cira_batch_test/grid/good_16.png,good_16.png,anomaly,True,0.05556103587150574,0.05556103587150574,0.053714152485093335,0.053714152485093335,0.04894002191722393,False,False,16000,False,,False,0.0,cpu,patch_nearest_normal,last2,14,0.05,False,,,0.00016045662050601095,0.00020260438468534505,False,True,True,True
2026-08-16 17:08:38,full_ctta,grid,monitor,C:/cira_batch_test/grid/bad_7.png,bad_7.png,anomaly,True,0.11537543684244156,0.11537543684244156,0.053714152485093335,0.053714152485093335,0.04894002191722393,False,False,16000,False,,False,0.0,cpu,patch_nearest_normal,last2,14,0.05,False,,,0.00011926655861316249,0.00020260438468534505,False,True,True,True
2026-08-16 17:08:40,full_ctta,grid,monitor,C:/cira_batch_test/grid/good_13.png,good_13.png,normal,False,0.04229192063212395,2.682209014892578e-07,0.053714152485093335,0.053714152485093335,0.04894002191722393,False,True,16000,True,0.00011631947563728318,True,0.0021068602800369263,cpu,patch_nearest_normal,last2,14,0.05,False,,,0.00010778007708722726,0.00020260438468534505,True,True,True,True
2026-08-16 17:08:41,full_ctta,grid,monitor,C:/cira_batch_test/grid/good_5.png,good_5.png,anomaly,True,0.06395454704761505,0.06395454704761505,0.053714152485093335,0.053714152485093335,0.04894002191722393,False,False,16000,False,,False,0.0,cpu,patch_nearest_normal,last2,14,0.05,False,,,0.0001251483627129346,0.00020260438468534505,False,True,True,True
2026-08-16 17:08:43,full_ctta,grid,monitor,C:/cira_batch_test/grid/good_2.png,good_2.png,normal,False,0.05192993953824043,0.05192993953824043,0.053714152485093335,0.053714152485093335,0.04894002191722393,False,False,16000,False,,False,0.0,cpu,patch_nearest_normal,last2,14,0.05,False,,,0.00018492911476641893,0.00020260438468534505,False,True,True,True
2026-08-16 17:08:45,full_ctta,grid,monitor,C:/cira_batch_test/grid/bad_6.png,bad_6.png,normal,False,0.04624534770846367,2.8610230629055877e-07,0.053714152485093335,0.053714152485093335,0.04894002191722393,False,True,16000,True,0.00012120632163714617,True,0.0020413838792592287,cpu,patch_nearest_normal,last2,14,0.05,False,,,0.00011642665776889771,0.00020260438468534505,True,True,True,True
2026-08-16 17:08:47,full_ctta,grid,monitor,C:/cira_batch_test/grid/bad_14.png,bad_14.png,normal,False,0.053701240569353104,0.053701240569353104,0.053714152485093335,0.053714152485093335,0.04894002191722393,False,False,16000,False,,False,0.0,cpu,patch_nearest_normal,last2,14,0.05,False,,,0.00010796073911478743,0.00020260438468534505,False,True,True,True
2026-08-16 17:08:48,full_ctta,grid,monitor,C:/cira_batch_test/grid/good_3.png,good_3.png,normal,False,0.04868727922439575,0.04868727922439575,0.053714152485093335,0.053714152485093335,0.04894002191722393,False,False,16000,False,,False,0.0,cpu,patch_nearest_normal,last2,14,0.05,False,,,0.0002114798699039966,0.00020260438468534505,True,False,True,True
2026-08-16 17:08:50,full_ctta,grid,monitor,C:/cira_batch_test/grid/bad_4.png,bad_4.png,anomaly,True,0.09550782293081284,0.09550782293081284,0.053714152485093335,0.053714152485093335,0.04894002191722393,False,False,16000,False,,False,0.0,cpu,patch_nearest_normal,last2,14,0.05,False,,,0.00011863019608426839,0.00020260438468534505,False,True,True,True
2026-08-16 17:08:52,full_ctta,grid,monitor,C:/cira_batch_test/grid/bad_15.png,bad_15.png,anomaly,True,0.059936292469501495,0.059936292469501495,0.053714152485093335,0.053714152485093335,0.04894002191722393,False,False,16000,False,,False,0.0,cpu,patch_nearest_normal,last2,14,0.05,False,,,0.0001616525842109695,0.00020260438468534505,False,True,True,True
2026-08-16 17:08:54,full_ctta,grid,monitor,C:/cira_batch_test/grid/good_8.png,good_8.png,normal,False,0.04483727738261223,3.5762786865234375e-07,0.053714152485093335,0.053714152485093335,0.04894002191722393,False,True,16000,True,0.00013000528269913048,True,0.0019970820285379887,cpu,patch_nearest_normal,last2,14,0.05,True,C:\cira_ttl_checkpoints\grid\patch_memory_bank_update_10.pt,C:\cira_ttl_checkpoints\grid\patch_adapter_update_10.pt,0.00011418850772315636,0.00020260438468534505,True,True,True,True
2026-08-16 17:08:55,full_ctta,grid,monitor,C:/cira_batch_test/grid/bad_3.png,bad_3.png,anomaly,True,0.06440644711256027,0.06440644711256027,0.053714152485093335,0.053714152485093335,0.04894002191722393,False,False,16000,False,,False,0.0,cpu,patch_nearest_normal,last2,14,0.05,False,,,0.00011441187234595418,0.00020260438468534505,False,True,True,True
2026-08-16 17:08:57,full_ctta,grid,monitor,C:/cira_batch_test/grid/bad_11.png,bad_11.png,anomaly,True,0.056097548454999924,0.056097548454999924,0.053714152485093335,0.053714152485093335,0.04894002191722393,False,False,16000,False,,False,0.0,cpu,patch_nearest_normal,last2,14,0.05,False,,,0.00016905828670132905,0.00020260438468534505,False,True,True,True
2026-08-16 17:08:58,full_ctta,grid,monitor,C:/cira_batch_test/grid/good_19.png,good_19.png,anomaly,True,0.06230819970369339,0.06230819970369339,0.053714152485093335,0.053714152485093335,0.04894002191722393,False,False,16000,False,,False,0.0,cpu,patch_nearest_normal,last2,14,0.05,False,,,0.0001223885192302987,0.00020260438468534505,False,True,True,True
2026-08-16 17:09:00,full_ctta,grid,monitor,C:/cira_batch_test/grid/good_12.png,good_12.png,normal,False,0.039213359355926514,2.8014181907565217e-07,0.053714152485093335,0.053714152485093335,0.04894002191722393,False,True,16000,True,0.00015793151396792382,True,0.0020192109514027834,cpu,patch_nearest_normal,last2,14,0.05,False,,,0.00014681281754747033,0.00020260438468534505,True,True,True,True
2026-08-16 17:09:02,full_ctta,grid,monitor,C:/cira_batch_test/grid/good_15.png,good_15.png,normal,False,0.03572732210159302,3.039836826701503e-07,0.053714152485093335,0.053714152485093335,0.04894002191722393,False,True,16000,True,0.00013872087583877146,True,0.0020015097688883543,cpu,patch_nearest_normal,last2,14,0.05,False,,,0.00012795963266398758,0.00020260438468534505,True,True,True,True
2026-08-16 17:09:04,full_ctta,grid,monitor,C:/cira_batch_test/grid/bad_17.png,bad_17.png,normal,False,0.04647795110940933,3.635883274455409e-07,0.053714152485093335,0.053714152485093335,0.04894002191722393,False,True,16000,True,9.65303770499304e-05,True,0.0019469750113785267,cpu,patch_nearest_normal,last2,14,0.05,False,,,9.107467485591769e-05,0.00020260438468534505,True,True,True,True
2026-08-16 17:09:06,full_ctta,grid,monitor,C:/cira_batch_test/grid/bad_19.png,bad_19.png,anomaly,True,0.09598536044359207,0.09598536044359207,0.053714152485093335,0.053714152485093335,0.04894002191722393,False,False,16000,False,,False,0.0,cpu,patch_nearest_normal,last2,14,0.05,False,,,0.00015036057448014617,0.00020260438468534505,False,True,True,True
2026-08-16 17:09:07,full_ctta,grid,monitor,C:/cira_batch_test/grid/bad_1.png,bad_1.png,anomaly,True,0.08933139592409134,0.08933139592409134,0.053714152485093335,0.053714152485093335,0.04894002191722393,False,False,16000,False,,False,0.0,cpu,patch_nearest_normal,last2,14,0.05,False,,,0.00019903060456272215,0.00020260438468534505,False,True,True,True
2026-08-16 17:09:09,full_ctta,grid,monitor,C:/cira_batch_test/grid/good_14.png,good_14.png,normal,False,0.04992187023162842,0.04992187023162842,0.053714152485093335,0.053714152485093335,0.04894002191722393,False,False,16000,False,,False,0.0,cpu,patch_nearest_normal,last2,14,0.05,False,,,0.00014344218652695417,0.00020260438468534505,False,True,True,True
2026-08-16 17:09:11,full_ctta,hazelnut,monitor,C:/cira_batch_test/hazelnut/good_1.png,good_1.png,normal,False,0.10071440041065216,2.682209014892578e-07,0.11622385221571559,0.11622385221571559,0.11048602908849717,False,True,16000,True,0.00017839677457232028,True,0.0030190336983650923,cpu,patch_nearest_normal,last2,14,0.05,False,,,0.00014869427832309157,0.00018771860486589,True,True,True,True
2026-08-16 17:09:13,full_ctta,hazelnut,monitor,C:/cira_batch_test/hazelnut/bad_16.png,bad_16.png,anomaly,True,0.24376511573791504,0.24376511573791504,0.11622385221571559,0.11622385221571559,0.11048602908849717,False,False,16000,False,,False,0.0,cpu,patch_nearest_normal,last2,14,0.05,False,,,0.0001231310161529109,0.00018771860486589,False,True,True,True
2026-08-16 17:09:14,full_ctta,hazelnut,monitor,C:/cira_batch_test/hazelnut/bad_20.png,bad_20.png,anomaly,True,0.23135724663734436,0.23135724663734436,0.11622385221571559,0.11622385221571559,0.11048602908849717,False,False,16000,False,,False,0.0,cpu,patch_nearest_normal,last2,14,0.05,False,,,0.00014801800716668367,0.00018771860486589,False,True,True,True
2026-08-16 17:09:16,full_ctta,hazelnut,monitor,C:/cira_batch_test/hazelnut/bad_12.png,bad_12.png,anomaly,True,0.13197648525238037,0.13197648525238037,0.11622385221571559,0.11622385221571559,0.11048602908849717,False,False,16000,False,,False,0.0,cpu,patch_nearest_normal,last2,14,0.05,False,,,0.00014891928003635257,0.00018771860486589,False,True,True,True
2026-08-16 17:09:17,full_ctta,hazelnut,monitor,C:/cira_batch_test/hazelnut/good_17.png,good_17.png,normal,False,0.11527812480926514,0.11527812480926514,0.11622385221571559,0.11622385221571559,0.11048602908849717,False,False,16000,False,,False,0.0,cpu,patch_nearest_normal,last2,14,0.05,False,,,0.0001578692754264921,0.00018771860486589,False,True,True,True
2026-08-16 17:09:19,full_ctta,hazelnut,monitor,C:/cira_batch_test/hazelnut/bad_9.png,bad_9.png,anomaly,True,0.15173739194869995,0.15173739194869995,0.11622385221571559,0.11622385221571559,0.11048602908849717,False,False,16000,False,,False,0.0,cpu,patch_nearest_normal,last2,14,0.05,False,,,0.00015424276352860034,0.00018771860486589,False,True,True,True
2026-08-16 17:09:21,full_ctta,hazelnut,monitor,C:/cira_batch_test/hazelnut/bad_18.png,bad_18.png,anomaly,True,0.22209949791431427,0.22209949791431427,0.11622385221571559,0.11622385221571559,0.11048602908849717,False,False,16000,False,,False,0.0,cpu,patch_nearest_normal,last2,14,0.05,False,,,0.00014553505752701312,0.00018771860486589,False,True,True,True
2026-08-16 17:09:22,full_ctta,hazelnut,monitor,C:/cira_batch_test/hazelnut/bad_13.png,bad_13.png,anomaly,True,0.12671419978141785,0.12671419978141785,0.11622385221571559,0.11622385221571559,0.11048602908849717,False,False,16000,False,,False,0.0,cpu,patch_nearest_normal,last2,14,0.05,False,,,0.00011803631787188351,0.00018771860486589,False,True,True,True
2026-08-16 17:09:24,full_ctta,hazelnut,monitor,C:/cira_batch_test/hazelnut/bad_2.png,bad_2.png,anomaly,True,0.19874155521392822,0.19874155521392822,0.11622385221571559,0.11622385221571559,0.11048602908849717,False,False,16000,False,,False,0.0,cpu,patch_nearest_normal,last2,14,0.05,False,,,0.0001745071931509301,0.00018771860486589,False,True,True,True
2026-08-16 17:09:26,full_ctta,hazelnut,monitor,C:/cira_batch_test/hazelnut/good_6.png,good_6.png,anomaly,True,0.12118189036846161,0.12118189036846161,0.11622385221571559,0.11622385221571559,0.11048602908849717,False,False,16000,False,,False,0.0,cpu,patch_nearest_normal,last2,14,0.05,False,,,0.00012431447976268828,0.00018771860486589,False,True,True,True
2026-08-16 17:09:27,full_ctta,hazelnut,monitor,C:/cira_batch_test/hazelnut/good_10.png,good_10.png,normal,False,0.10747011005878448,2.682209014892578e-07,0.11622385221571559,0.11622385221571559,0.11048602908849717,False,True,16000,True,0.00017231768288183957,True,0.002665113192051649,cpu,patch_nearest_normal,last2,14,0.05,False,,,0.00015530544624198228,0.00018771860486589,True,True,True,True
2026-08-16 17:09:29,full_ctta,hazelnut,monitor,C:/cira_batch_test/hazelnut/good_7.png,good_7.png,normal,False,0.0990917757153511,3.159046286782541e-07,0.11622385221571559,0.11622385221571559,0.11048602908849717,False,True,16000,True,0.00015167899255175143,True,0.002591462805867195,cpu,patch_nearest_normal,last2,14,0.05,False,,,0.00013699254486709833,0.00018771860486589,True,True,True,True
2026-08-16 17:09:31,full_ctta,hazelnut,monitor,C:/cira_batch_test/hazelnut/bad_8.png,bad_8.png,anomaly,True,0.16618838906288147,0.16618838906288147,0.11622385221571559,0.11622385221571559,0.11048602908849717,False,False,16000,False,,False,0.0,cpu,patch_nearest_normal,last2,14,0.05,False,,,0.00016914414300117642,0.00018771860486589,False,True,True,True
2026-08-16 17:09:32,full_ctta,hazelnut,monitor,C:/cira_batch_test/hazelnut/bad_10.png,bad_10.png,anomaly,True,0.24015426635742188,0.24015426635742188,0.11622385221571559,0.11622385221571559,0.11048602908849717,False,False,16000,False,,False,0.0,cpu,patch_nearest_normal,last2,14,0.05,False,,,0.00014100219414103776,0.00018771860486589,False,True,True,True
2026-08-16 17:09:34,full_ctta,hazelnut,monitor,C:/cira_batch_test/hazelnut/good_4.png,good_4.png,normal,False,0.09185844659805298,2.6226044269606064e-07,0.11622385221571559,0.11622385221571559,0.11048602908849717,False,True,16000,True,0.00017439897055737674,True,0.002522286493331194,cpu,patch_nearest_normal,last2,14,0.05,False,,,0.00015042361337691545,0.00018771860486589,True,True,True,True
2026-08-16 17:09:36,full_ctta,hazelnut,monitor,C:/cira_batch_test/hazelnut/bad_5.png,bad_5.png,anomaly,True,0.1672563999891281,0.1672563999891281,0.11622385221571559,0.11622385221571559,0.11048602908849717,False,False,16000,False,,False,0.0,cpu,patch_nearest_normal,last2,14,0.05,False,,,0.00015005683235358447,0.00018771860486589,False,True,True,True
2026-08-16 17:09:38,full_ctta,hazelnut,monitor,C:/cira_batch_test/hazelnut/good_20.png,good_20.png,normal,False,0.10107886791229248,3.159046286782541e-07,0.11622385221571559,0.11622385221571559,0.11048602908849717,False,True,16000,True,0.0001756504934746772,True,0.002486738609150052,cpu,patch_nearest_normal,last2,14,0.05,False,,,0.0001437499886378646,0.00018771860486589,True,True,True,True
2026-08-16 17:09:40,full_ctta,hazelnut,monitor,C:/cira_batch_test/hazelnut/good_18.png,good_18.png,normal,False,0.09722266346216202,2.9206276508375595e-07,0.11622385221571559,0.11622385221571559,0.11048602908849717,False,True,16000,True,0.0001619999238755554,True,0.0024432153441011906,cpu,patch_nearest_normal,last2,14,0.05,False,,,0.00016228045569732785,0.00018771860486589,True,True,True,True
2026-08-16 17:09:42,full_ctta,hazelnut,monitor,C:/cira_batch_test/hazelnut/good_11.png,good_11.png,normal,False,0.09041044116020203,2.384185791015625e-07,0.11622385221571559,0.11622385221571559,0.11048602908849717,False,True,16000,True,0.00017134279187303036,True,0.0024174354039132595,cpu,patch_nearest_normal,last2,14,0.05,False,,,0.00014755732263438404,0.00018771860486589,True,True,True,True
2026-08-16 17:09:44,full_ctta,hazelnut,monitor,C:/cira_batch_test/hazelnut/good_9.png,good_9.png,normal,False,0.10217835754156113,2.8014181907565217e-07,0.11622385221571559,0.11622385221571559,0.11048602908849717,False,True,16000,True,0.0001626510638743639,True,0.0024075782857835293,cpu,patch_nearest_normal,last2,14,0.05,False,,,0.0001477403857279569,0.00018771860486589,True,True,True,True
2026-08-16 17:09:46,full_ctta,hazelnut,monitor,C:/cira_batch_test/hazelnut/good_16.png,good_16.png,normal,False,0.09198446571826935,3.099441414633475e-07,0.11622385221571559,0.11622385221571559,0.11048602908849717,False,True,16000,True,0.0001640973350731656,True,0.0024032669607549906,cpu,patch_nearest_normal,last2,14,0.05,False,,,0.00013470188423525542,0.00018771860486589,True,True,True,True
2026-08-16 17:09:47,full_ctta,hazelnut,monitor,C:/cira_batch_test/hazelnut/bad_7.png,bad_7.png,anomaly,True,0.2012040615081787,0.2012040615081787,0.11622385221571559,0.11622385221571559,0.11048602908849717,False,False,16000,False,,False,0.0,cpu,patch_nearest_normal,last2,14,0.05,False,,,0.00012589227117132396,0.00018771860486589,False,True,True,True
2026-08-16 17:09:49,full_ctta,hazelnut,monitor,C:/cira_batch_test/hazelnut/good_13.png,good_13.png,normal,False,0.09360630810260773,2.5629998390286346e-07,0.11622385221571559,0.11622385221571559,0.11048602908849717,False,True,16000,True,0.00016119019710458815,True,0.0024035165552049875,cpu,patch_nearest_normal,last2,14,0.05,True,C:\cira_ttl_checkpoints\hazelnut\patch_memory_bank_update_10.pt,C:\cira_ttl_checkpoints\hazelnut\patch_adapter_update_10.pt,0.0001388666860293597,0.00018771860486589,True,True,True,True
2026-08-16 17:09:51,full_ctta,hazelnut,monitor,C:/cira_batch_test/hazelnut/good_5.png,good_5.png,normal,False,0.08122216165065765,3.099441414633475e-07,0.11622385221571559,0.11622385221571559,0.11048602908849717,False,True,16000,True,0.0001447925897082314,True,0.002394068753346801,cpu,patch_nearest_normal,last2,14,0.05,False,,,0.00014600835856981575,0.00018771860486589,True,True,True,True
2026-08-16 17:09:53,full_ctta,hazelnut,monitor,C:/cira_batch_test/hazelnut/good_2.png,good_2.png,normal,False,0.0905497595667839,2.9206276508375595e-07,0.11622385221571559,0.11622385221571559,0.11048602908849717,False,True,16000,True,0.00016568329010624439,True,0.002396354451775551,cpu,patch_nearest_normal,last2,14,0.05,False,,,0.00014153256779536605,0.00018771860486589,True,True,True,True
2026-08-16 17:09:55,full_ctta,hazelnut,monitor,C:/cira_batch_test/hazelnut/bad_6.png,bad_6.png,anomaly,True,0.2047370970249176,0.2047370970249176,0.11622385221571559,0.11622385221571559,0.11048602908849717,False,False,16000,False,,False,0.0,cpu,patch_nearest_normal,last2,14,0.05,False,,,0.000134763540700078,0.00018771860486589,False,True,True,True
2026-08-16 17:09:56,full_ctta,hazelnut,monitor,C:/cira_batch_test/hazelnut/bad_14.png,bad_14.png,anomaly,True,0.2061162292957306,0.2061162292957306,0.11622385221571559,0.11622385221571559,0.11048602908849717,False,False,16000,False,,False,0.0,cpu,patch_nearest_normal,last2,14,0.05,False,,,0.0001320894225500524,0.00018771860486589,False,True,True,True
2026-08-16 17:10:00,full_ctta,hazelnut,monitor,C:/cira_batch_test/hazelnut/good_3.png,good_3.png,normal,False,0.10323236137628555,3.2782554626464844e-07,0.11622385221571559,0.11622385221571559,0.11048602908849717,False,True,16000,True,0.00015318334044422954,True,0.0023854156024754047,cpu,patch_nearest_normal,last2,14,0.05,False,,,0.0001425332302460447,0.00018771860486589,True,True,True,True
2026-08-16 17:10:02,full_ctta,hazelnut,monitor,C:/cira_batch_test/hazelnut/bad_4.png,bad_4.png,anomaly,True,0.20754393935203552,0.20754393935203552,0.11622385221571559,0.11622385221571559,0.11048602908849717,False,False,16000,False,,False,0.0,cpu,patch_nearest_normal,last2,14,0.05,False,,,0.00013349601067602634,0.00018771860486589,False,True,True,True
2026-08-16 17:10:04,full_ctta,hazelnut,monitor,C:/cira_batch_test/hazelnut/bad_15.png,bad_15.png,anomaly,True,0.22529463469982147,0.22529463469982147,0.11622385221571559,0.11622385221571559,0.11048602908849717,False,False,16000,False,,False,0.0,cpu,patch_nearest_normal,last2,14,0.05,False,,,0.00013332688831724226,0.00018771860486589,False,True,True,True
2026-08-16 17:10:06,full_ctta,hazelnut,monitor,C:/cira_batch_test/hazelnut/good_8.png,good_8.png,normal,False,0.1023857444524765,2.682209014892578e-07,0.11622385221571559,0.11622385221571559,0.11048602908849717,False,True,16000,True,0.0001561218232382089,True,0.002381638390943408,cpu,patch_nearest_normal,last2,14,0.05,False,,,0.00013940536882728338,0.00018771860486589,True,True,True,True
2026-08-16 17:10:07,full_ctta,hazelnut,monitor,C:/cira_batch_test/hazelnut/bad_3.png,bad_3.png,anomaly,True,0.20996960997581482,0.20996960997581482,0.11622385221571559,0.11622385221571559,0.11048602908849717,False,False,16000,False,,False,0.0,cpu,patch_nearest_normal,last2,14,0.05,False,,,0.00015280743537005037,0.00018771860486589,False,True,True,True
2026-08-16 17:10:09,full_ctta,hazelnut,monitor,C:/cira_batch_test/hazelnut/bad_11.png,bad_11.png,anomaly,True,0.2068379819393158,0.2068379819393158,0.11622385221571559,0.11622385221571559,0.11048602908849717,False,False,16000,False,,False,0.0,cpu,patch_nearest_normal,last2,14,0.05,False,,,0.00015000608982518315,0.00018771860486589,False,True,True,True
2026-08-16 17:10:11,full_ctta,hazelnut,monitor,C:/cira_batch_test/hazelnut/good_19.png,good_19.png,normal,False,0.104350745677948,2.682209014892578e-07,0.11622385221571559,0.11622385221571559,0.11048602908849717,False,True,16000,True,0.000151298227137886,True,0.0023730171378701925,cpu,patch_nearest_normal,last2,14,0.05,False,,,0.00013730651699006557,0.00018771860486589,True,True,True,True
2026-08-16 17:10:13,full_ctta,hazelnut,monitor,C:/cira_batch_test/hazelnut/good_12.png,good_12.png,normal,False,0.09430871158838272,3.159046286782541e-07,0.11622385221571559,0.11622385221571559,0.11048602908849717,False,True,16000,True,0.00016848229279275984,True,0.002379182493314147,cpu,patch_nearest_normal,last2,14,0.05,False,,,0.0001483303785789758,0.00018771860486589,True,True,True,True
2026-08-16 17:10:15,full_ctta,hazelnut,monitor,C:/cira_batch_test/hazelnut/good_15.png,good_15.png,normal,False,0.09829428791999817,2.6226044269606064e-07,0.11622385221571559,0.11622385221571559,0.11048602908849717,False,True,16000,True,0.0001620542025193572,True,0.002379914978519082,cpu,patch_nearest_normal,last2,14,0.05,False,,,0.00016108609270304441,0.00018771860486589,True,True,True,True
2026-08-16 17:10:16,full_ctta,hazelnut,monitor,C:/cira_batch_test/hazelnut/bad_17.png,bad_17.png,anomaly,True,0.21680192649364471,0.21680192649364471,0.11622385221571559,0.11622385221571559,0.11048602908849717,False,False,16000,False,,False,0.0,cpu,patch_nearest_normal,last2,14,0.05,False,,,0.0001426632807124406,0.00018771860486589,False,True,True,True
2026-08-16 17:10:18,full_ctta,hazelnut,monitor,C:/cira_batch_test/hazelnut/bad_19.png,bad_19.png,anomaly,True,0.1210695132613182,0.1210695132613182,0.11622385221571559,0.11622385221571559,0.11048602908849717,False,False,16000,False,,False,0.0,cpu,patch_nearest_normal,last2,14,0.05,False,,,0.00011485278082545847,0.00018771860486589,False,True,True,True
2026-08-16 17:10:19,full_ctta,hazelnut,monitor,C:/cira_batch_test/hazelnut/bad_1.png,bad_1.png,anomaly,True,0.15688729286193848,0.15688729286193848,0.11622385221571559,0.11622385221571559,0.11048602908849717,False,False,16000,False,,False,0.0,cpu,patch_nearest_normal,last2,14,0.05,False,,,0.0001419001055182889,0.00018771860486589,False,True,True,True
2026-08-16 17:10:21,full_ctta,hazelnut,monitor,C:/cira_batch_test/hazelnut/good_14.png,good_14.png,normal,False,0.09137709438800812,3.099441414633475e-07,0.11622385221571559,0.11622385221571559,0.11048602908849717,False,True,16000,True,0.00014596145774703473,True,0.0023761114571243525,cpu,patch_nearest_normal,last2,14,0.05,False,,,0.00014107635070104152,0.00018771860486589,True,True,True,True
2026-08-16 17:10:23,full_ctta,leather,monitor,C:/cira_batch_test/leather/good_1.png,good_1.png,anomaly,True,0.035275984555482864,0.035275984555482864,0.03417175290126485,0.03417175290126485,0.030724090337753297,False,False,16000,False,,False,0.0,cpu,patch_nearest_normal,last2,14,0.05,False,,,0.00012098306615371257,0.000215753776865275,False,True,True,True
2026-08-16 17:10:25,full_ctta,leather,monitor,C:/cira_batch_test/leather/bad_16.png,bad_16.png,anomaly,True,0.041029274463653564,0.041029274463653564,0.03417175290126485,0.03417175290126485,0.030724090337753297,False,False,16000,False,,False,0.0,cpu,patch_nearest_normal,last2,14,0.05,False,,,0.00012548331869766116,0.000215753776865275,False,True,True,True
2026-08-16 17:10:26,full_ctta,leather,monitor,C:/cira_batch_test/leather/bad_20.png,bad_20.png,anomaly,True,0.10156619548797607,0.10156619548797607,0.03417175290126485,0.03417175290126485,0.030724090337753297,False,False,16000,False,,False,0.0,cpu,patch_nearest_normal,last2,14,0.05,False,,,0.0001773885596776381,0.000215753776865275,False,True,True,True
2026-08-16 17:10:28,full_ctta,leather,monitor,C:/cira_batch_test/leather/bad_12.png,bad_12.png,anomaly,True,0.37309738993644714,0.37309738993644714,0.03417175290126485,0.03417175290126485,0.030724090337753297,False,False,16000,False,,False,0.0,cpu,patch_nearest_normal,last2,14,0.05,False,,,0.0001276468246942386,0.000215753776865275,False,True,True,True
2026-08-16 17:10:30,full_ctta,leather,monitor,C:/cira_batch_test/leather/good_17.png,good_17.png,normal,False,0.03057551383972168,3.2782554626464844e-07,0.03417175290126485,0.03417175290126485,0.030724090337753297,False,True,16000,True,0.00014623258903156966,True,0.003010546788573265,cpu,patch_nearest_normal,last2,14,0.05,False,,,0.0001309991639573127,0.000215753776865275,True,True,True,True
2026-08-16 17:10:31,full_ctta,leather,monitor,C:/cira_batch_test/leather/bad_9.png,bad_9.png,anomaly,True,0.03539317846298218,0.03539317846298218,0.03417175290126485,0.03417175290126485,0.030724090337753297,False,False,16000,False,,False,0.0,cpu,patch_nearest_normal,last2,14,0.05,False,,,0.00013423127529677004,0.000215753776865275,False,True,True,True
2026-08-16 17:10:33,full_ctta,leather,monitor,C:/cira_batch_test/leather/bad_18.png,bad_18.png,anomaly,True,0.03449741005897522,0.03449741005897522,0.03417175290126485,0.03417175290126485,0.030724090337753297,False,False,16000,False,,False,0.0,cpu,patch_nearest_normal,last2,14,0.05,False,,,0.00011651574459392577,0.000215753776865275,False,True,True,True
2026-08-16 17:10:35,full_ctta,leather,monitor,C:/cira_batch_test/leather/bad_13.png,bad_13.png,normal,False,0.0329224094748497,0.0329224094748497,0.03417175290126485,0.03417175290126485,0.030724090337753297,False,False,16000,False,,False,0.0,cpu,patch_nearest_normal,last2,14,0.05,False,,,0.0001310819643549621,0.000215753776865275,False,True,True,True
2026-08-16 17:10:37,full_ctta,leather,monitor,C:/cira_batch_test/leather/bad_2.png,bad_2.png,anomaly,True,0.2675548493862152,0.2675548493862152,0.03417175290126485,0.03417175290126485,0.030724090337753297,False,False,16000,False,,False,0.0,cpu,patch_nearest_normal,last2,14,0.05,False,,,0.00010548809223109856,0.000215753776865275,False,True,True,True
2026-08-16 17:10:38,full_ctta,leather,monitor,C:/cira_batch_test/leather/good_6.png,good_6.png,anomaly,True,0.03627678006887436,0.03627678006887436,0.03417175290126485,0.03417175290126485,0.030724090337753297,False,False,16000,False,,False,0.0,cpu,patch_nearest_normal,last2,14,0.05,False,,,0.00014364671369548887,0.000215753776865275,False,True,True,True
2026-08-16 17:10:40,full_ctta,leather,monitor,C:/cira_batch_test/leather/good_10.png,good_10.png,normal,False,0.033441223204135895,0.033441223204135895,0.03417175290126485,0.03417175290126485,0.030724090337753297,False,False,16000,False,,False,0.0,cpu,patch_nearest_normal,last2,14,0.05,False,,,0.00012179708573967218,0.000215753776865275,False,True,True,True
2026-08-16 17:10:42,full_ctta,leather,monitor,C:/cira_batch_test/leather/good_7.png,good_7.png,anomaly,True,0.0357663556933403,0.0357663556933403,0.03417175290126485,0.03417175290126485,0.030724090337753297,False,False,16000,False,,False,0.0,cpu,patch_nearest_normal,last2,14,0.05,False,,,0.00011687727965181693,0.000215753776865275,False,True,True,True
2026-08-16 17:10:43,full_ctta,leather,monitor,C:/cira_batch_test/leather/bad_8.png,bad_8.png,anomaly,True,0.03949166089296341,0.03949166089296341,0.03417175290126485,0.03417175290126485,0.030724090337753297,False,False,16000,False,,False,0.0,cpu,patch_nearest_normal,last2,14,0.05,False,,,0.00017320261395070702,0.000215753776865275,False,True,True,True
2026-08-16 17:10:45,full_ctta,leather,monitor,C:/cira_batch_test/leather/bad_10.png,bad_10.png,anomaly,True,0.08176826685667038,0.08176826685667038,0.03417175290126485,0.03417175290126485,0.030724090337753297,False,False,16000,False,,False,0.0,cpu,patch_nearest_normal,last2,14,0.05,False,,,0.00012715597404167056,0.000215753776865275,False,True,True,True
2026-08-16 17:10:46,full_ctta,leather,monitor,C:/cira_batch_test/leather/good_4.png,good_4.png,anomaly,True,0.03738129884004593,0.03738129884004593,0.03417175290126485,0.03417175290126485,0.030724090337753297,False,False,16000,False,,False,0.0,cpu,patch_nearest_normal,last2,14,0.05,False,,,0.00011230732343392447,0.000215753776865275,False,True,True,True
2026-08-16 17:10:48,full_ctta,leather,monitor,C:/cira_batch_test/leather/bad_5.png,bad_5.png,anomaly,True,0.04367206618189812,0.04367206618189812,0.03417175290126485,0.03417175290126485,0.030724090337753297,False,False,16000,False,,False,0.0,cpu,patch_nearest_normal,last2,14,0.05,False,,,0.0001263953890884295,0.000215753776865275,False,True,True,True
2026-08-16 17:10:50,full_ctta,leather,monitor,C:/cira_batch_test/leather/good_20.png,good_20.png,anomaly,True,0.03825511783361435,0.03825511783361435,0.03417175290126485,0.03417175290126485,0.030724090337753297,False,False,16000,False,,False,0.0,cpu,patch_nearest_normal,last2,14,0.05,False,,,0.00014092799392528832,0.000215753776865275,False,True,True,True
2026-08-16 17:10:51,full_ctta,leather,monitor,C:/cira_batch_test/leather/good_18.png,good_18.png,normal,False,0.03187832981348038,0.03187832981348038,0.03417175290126485,0.03417175290126485,0.030724090337753297,False,False,16000,False,,False,0.0,cpu,patch_nearest_normal,last2,14,0.05,False,,,0.00012230681022629142,0.000215753776865275,False,True,True,True
2026-08-16 17:10:53,full_ctta,leather,monitor,C:/cira_batch_test/leather/good_11.png,good_11.png,anomaly,True,0.039509277790784836,0.039509277790784836,0.03417175290126485,0.03417175290126485,0.030724090337753297,False,False,16000,False,,False,0.0,cpu,patch_nearest_normal,last2,14,0.05,False,,,0.0001111697347369045,0.000215753776865275,False,True,True,True
2026-08-16 17:10:55,full_ctta,leather,monitor,C:/cira_batch_test/leather/good_9.png,good_9.png,normal,False,0.03391727805137634,0.03391727805137634,0.03417175290126485,0.03417175290126485,0.030724090337753297,False,False,16000,False,,False,0.0,cpu,patch_nearest_normal,last2,14,0.05,False,,,0.00012211379362270236,0.000215753776865275,False,True,True,True
2026-08-16 17:10:56,full_ctta,leather,monitor,C:/cira_batch_test/leather/good_16.png,good_16.png,normal,False,0.03258086368441582,0.03258086368441582,0.03417175290126485,0.03417175290126485,0.030724090337753297,False,False,16000,False,,False,0.0,cpu,patch_nearest_normal,last2,14,0.05,False,,,0.00014525414735544473,0.000215753776865275,False,True,True,True
2026-08-16 17:10:58,full_ctta,leather,monitor,C:/cira_batch_test/leather/bad_7.png,bad_7.png,anomaly,True,0.18820209801197052,0.18820209801197052,0.03417175290126485,0.03417175290126485,0.030724090337753297,False,False,16000,False,,False,0.0,cpu,patch_nearest_normal,last2,14,0.05,False,,,0.0001370733807561919,0.000215753776865275,False,True,True,True
2026-08-16 17:11:00,full_ctta,leather,monitor,C:/cira_batch_test/leather/good_13.png,good_13.png,anomaly,True,0.04145117476582527,0.04145117476582527,0.03417175290126485,0.03417175290126485,0.030724090337753297,False,False,16000,False,,False,0.0,cpu,patch_nearest_normal,last2,14,0.05,False,,,0.00012663485540542752,0.000215753776865275,False,True,True,True
2026-08-16 17:11:01,full_ctta,leather,monitor,C:/cira_batch_test/leather/good_5.png,good_5.png,anomaly,True,0.034290529787540436,0.034290529787540436,0.03417175290126485,0.03417175290126485,0.030724090337753297,False,False,16000,False,,False,0.0,cpu,patch_nearest_normal,last2,14,0.05,False,,,0.00011979748524026945,0.000215753776865275,False,True,True,True
2026-08-16 17:11:03,full_ctta,leather,monitor,C:/cira_batch_test/leather/good_2.png,good_2.png,anomaly,True,0.03589819744229317,0.03589819744229317,0.03417175290126485,0.03417175290126485,0.030724090337753297,False,False,16000,False,,False,0.0,cpu,patch_nearest_normal,last2,14,0.05,False,,,0.00010930556891253218,0.000215753776865275,False,True,True,True
2026-08-16 17:11:04,full_ctta,leather,monitor,C:/cira_batch_test/leather/bad_6.png,bad_6.png,anomaly,True,0.03680042549967766,0.03680042549967766,0.03417175290126485,0.03417175290126485,0.030724090337753297,False,False,16000,False,,False,0.0,cpu,patch_nearest_normal,last2,14,0.05,False,,,0.0001246064784936607,0.000215753776865275,False,True,True,True
2026-08-16 17:11:06,full_ctta,leather,monitor,C:/cira_batch_test/leather/bad_14.png,bad_14.png,anomaly,True,0.3570707142353058,0.3570707142353058,0.03417175290126485,0.03417175290126485,0.030724090337753297,False,False,16000,False,,False,0.0,cpu,patch_nearest_normal,last2,14,0.05,False,,,0.00010482489597052336,0.000215753776865275,False,True,True,True
2026-08-16 17:11:08,full_ctta,leather,monitor,C:/cira_batch_test/leather/good_3.png,good_3.png,anomaly,True,0.035661548376083374,0.035661548376083374,0.03417175290126485,0.03417175290126485,0.030724090337753297,False,False,16000,False,,False,0.0,cpu,patch_nearest_normal,last2,14,0.05,False,,,0.00013055108138360083,0.000215753776865275,False,True,True,True
2026-08-16 17:11:09,full_ctta,leather,monitor,C:/cira_batch_test/leather/bad_4.png,bad_4.png,anomaly,True,0.0734453946352005,0.0734453946352005,0.03417175290126485,0.03417175290126485,0.030724090337753297,False,False,16000,False,,False,0.0,cpu,patch_nearest_normal,last2,14,0.05,False,,,0.00014112310600467026,0.000215753776865275,False,True,True,True
2026-08-16 17:11:11,full_ctta,leather,monitor,C:/cira_batch_test/leather/bad_15.png,bad_15.png,anomaly,True,0.1346512734889984,0.1346512734889984,0.03417175290126485,0.03417175290126485,0.030724090337753297,False,False,16000,False,,False,0.0,cpu,patch_nearest_normal,last2,14,0.05,False,,,0.00013825867790728807,0.000215753776865275,False,True,True,True
2026-08-16 17:11:13,full_ctta,leather,monitor,C:/cira_batch_test/leather/good_8.png,good_8.png,anomaly,True,0.035226039588451385,0.035226039588451385,0.03417175290126485,0.03417175290126485,0.030724090337753297,False,False,16000,False,,False,0.0,cpu,patch_nearest_normal,last2,14,0.05,False,,,0.00011216349230380729,0.000215753776865275,False,True,True,True
2026-08-16 17:11:14,full_ctta,leather,monitor,C:/cira_batch_test/leather/bad_3.png,bad_3.png,anomaly,True,0.3744436204433441,0.3744436204433441,0.03417175290126485,0.03417175290126485,0.030724090337753297,False,False,16000,False,,False,0.0,cpu,patch_nearest_normal,last2,14,0.05,False,,,0.0001611962798051536,0.000215753776865275,False,True,True,True
2026-08-16 17:11:16,full_ctta,leather,monitor,C:/cira_batch_test/leather/bad_11.png,bad_11.png,anomaly,True,0.3872286379337311,0.3872286379337311,0.03417175290126485,0.03417175290126485,0.030724090337753297,False,False,16000,False,,False,0.0,cpu,patch_nearest_normal,last2,14,0.05,False,,,0.00017250188102480024,0.000215753776865275,False,True,True,True
2026-08-16 17:11:18,full_ctta,leather,monitor,C:/cira_batch_test/leather/good_19.png,good_19.png,normal,False,0.02686098776757717,2.980232238769531e-07,0.03417175290126485,0.03417175290126485,0.030724090337753297,False,True,16000,True,0.0001414341968484223,True,0.002876706188544631,cpu,patch_nearest_normal,last2,14,0.05,False,,,0.00013873203715775162,0.000215753776865275,True,True,True,True
2026-08-16 17:11:20,full_ctta,leather,monitor,C:/cira_batch_test/leather/good_12.png,good_12.png,anomaly,True,0.041584379971027374,0.041584379971027374,0.03417175290126485,0.03417175290126485,0.030724090337753297,False,False,16000,False,,False,0.0,cpu,patch_nearest_normal,last2,14,0.05,False,,,0.00010771625238703564,0.000215753776865275,False,True,True,True
2026-08-16 17:11:21,full_ctta,leather,monitor,C:/cira_batch_test/leather/good_15.png,good_15.png,normal,False,0.025820862501859665,3.5762786865234375e-07,0.03417175290126485,0.03417175290126485,0.030724090337753297,False,True,16000,True,0.0001658585388213396,True,0.0028519434854388237,cpu,patch_nearest_normal,last2,14,0.05,False,,,0.00016395536658819765,0.000215753776865275,True,True,True,True
2026-08-16 17:11:23,full_ctta,leather,monitor,C:/cira_batch_test/leather/bad_17.png,bad_17.png,anomaly,True,0.24062800407409668,0.24062800407409668,0.03417175290126485,0.03417175290126485,0.030724090337753297,False,False,16000,False,,False,0.0,cpu,patch_nearest_normal,last2,14,0.05,False,,,0.00017952831694856286,0.000215753776865275,False,True,True,True
2026-08-16 17:11:25,full_ctta,leather,monitor,C:/cira_batch_test/leather/bad_19.png,bad_19.png,normal,False,0.03185872361063957,0.03185872361063957,0.03417175290126485,0.03417175290126485,0.030724090337753297,False,False,16000,False,,False,0.0,cpu,patch_nearest_normal,last2,14,0.05,False,,,0.00018617685418576002,0.000215753776865275,False,True,True,True
2026-08-16 17:11:26,full_ctta,leather,monitor,C:/cira_batch_test/leather/bad_1.png,bad_1.png,anomaly,True,0.04879683256149292,0.04879683256149292,0.03417175290126485,0.03417175290126485,0.030724090337753297,False,False,16000,False,,False,0.0,cpu,patch_nearest_normal,last2,14,0.05,False,,,0.0001348860387224704,0.000215753776865275,False,True,True,True
2026-08-16 17:11:28,full_ctta,leather,monitor,C:/cira_batch_test/leather/good_14.png,good_14.png,anomaly,True,0.0465024933218956,0.0465024933218956,0.03417175290126485,0.03417175290126485,0.030724090337753297,False,False,16000,False,,False,0.0,cpu,patch_nearest_normal,last2,14,0.05,False,,,0.0001160114916274324,0.000215753776865275,False,True,True,True
2026-08-16 17:11:30,full_ctta,metal_nut,monitor,C:/cira_batch_test/metal_nut/good_1.png,good_1.png,normal,False,0.05869795009493828,2.980232238769531e-07,0.07371339670893942,0.07371339670893942,0.06968219578266144,False,True,16000,True,0.00010611799370963126,True,0.0029818189796060324,cpu,patch_nearest_normal,last2,14,0.05,False,,,8.507584425387904e-05,0.00010222778946618,True,True,True,True
2026-08-16 17:11:32,full_ctta,metal_nut,monitor,C:/cira_batch_test/metal_nut/bad_16.png,bad_16.png,anomaly,True,0.18671758472919464,0.18671758472919464,0.07371339670893942,0.07371339670893942,0.06968219578266144,False,False,16000,False,,False,0.0,cpu,patch_nearest_normal,last2,14,0.05,False,,,0.00011580179125303403,0.00010222778946618,False,False,True,True
2026-08-16 17:11:33,full_ctta,metal_nut,monitor,C:/cira_batch_test/metal_nut/bad_20.png,bad_20.png,anomaly,True,0.1625395119190216,0.1625395119190216,0.07371339670893942,0.07371339670893942,0.06968219578266144,False,False,16000,False,,False,0.0,cpu,patch_nearest_normal,last2,14,0.05,False,,,0.00010968082642648369,0.00010222778946618,False,False,True,True
2026-08-16 17:11:35,full_ctta,metal_nut,monitor,C:/cira_batch_test/metal_nut/bad_12.png,bad_12.png,anomaly,True,0.11915220320224762,0.11915220320224762,0.07371339670893942,0.07371339670893942,0.06968219578266144,False,False,16000,False,,False,0.0,cpu,patch_nearest_normal,last2,14,0.05,False,,,0.00010214031499344856,0.00010222778946618,False,True,True,True
2026-08-16 17:11:36,full_ctta,metal_nut,monitor,C:/cira_batch_test/metal_nut/good_17.png,good_17.png,anomaly,True,0.0890200287103653,0.0890200287103653,0.07371339670893942,0.07371339670893942,0.06968219578266144,False,False,16000,False,,False,0.0,cpu,patch_nearest_normal,last2,14,0.05,False,,,0.00010767181811388582,0.00010222778946618,False,False,True,True
2026-08-16 17:11:38,full_ctta,metal_nut,monitor,C:/cira_batch_test/metal_nut/bad_9.png,bad_9.png,anomaly,True,0.15975648164749146,0.15975648164749146,0.07371339670893942,0.07371339670893942,0.06968219578266144,False,False,16000,False,,False,0.0,cpu,patch_nearest_normal,last2,14,0.05,False,,,0.00010199276584899053,0.00010222778946618,False,True,True,True
2026-08-16 17:11:39,full_ctta,metal_nut,monitor,C:/cira_batch_test/metal_nut/bad_18.png,bad_18.png,anomaly,True,0.12501545250415802,0.12501545250415802,0.07371339670893942,0.07371339670893942,0.06968219578266144,False,False,16000,False,,False,0.0,cpu,patch_nearest_normal,last2,14,0.05,False,,,9.437473636353388e-05,0.00010222778946618,False,True,True,True
2026-08-16 17:11:41,full_ctta,metal_nut,monitor,C:/cira_batch_test/metal_nut/bad_13.png,bad_13.png,anomaly,True,0.18734028935432434,0.18734028935432434,0.07371339670893942,0.07371339670893942,0.06968219578266144,False,False,16000,False,,False,0.0,cpu,patch_nearest_normal,last2,14,0.05,False,,,0.00010582790127955377,0.00010222778946618,False,False,True,True
2026-08-16 17:11:42,full_ctta,metal_nut,monitor,C:/cira_batch_test/metal_nut/bad_2.png,bad_2.png,anomaly,True,0.07889215648174286,0.07889215648174286,0.07371339670893942,0.07371339670893942,0.06968219578266144,False,False,16000,False,,False,0.0,cpu,patch_nearest_normal,last2,14,0.05,False,,,0.00011122253636131063,0.00010222778946618,False,False,True,True
2026-08-16 17:11:44,full_ctta,metal_nut,monitor,C:/cira_batch_test/metal_nut/good_6.png,good_6.png,normal,False,0.06662146747112274,2.8014181907565217e-07,0.07371339670893942,0.07371339670893942,0.06968219578266144,False,True,16000,True,0.00011514522338984534,True,0.002706345170736313,cpu,patch_nearest_normal,last2,14,0.05,False,,,9.991061961045489e-05,0.00010222778946618,True,True,True,True
2026-08-16 17:11:45,full_ctta,metal_nut,monitor,C:/cira_batch_test/metal_nut/good_10.png,good_10.png,anomaly,True,0.07411548495292664,0.07411548495292664,0.07371339670893942,0.07371339670893942,0.06968219578266144,False,False,16000,False,,False,0.0,cpu,patch_nearest_normal,last2,14,0.05,False,,,9.081750613404438e-05,0.00010222778946618,False,True,True,True
2026-08-16 17:11:47,full_ctta,metal_nut,monitor,C:/cira_batch_test/metal_nut/good_7.png,good_7.png,normal,False,0.06700614094734192,3.099441414633475e-07,0.07371339670893942,0.07371339670893942,0.06968219578266144,False,True,16000,True,0.00010887867392739281,True,0.0026082219555974007,cpu,patch_nearest_normal,last2,14,0.05,False,,,9.431001672055572e-05,0.00010222778946618,True,True,True,True
2026-08-16 17:11:49,full_ctta,metal_nut,monitor,C:/cira_batch_test/metal_nut/bad_8.png,bad_8.png,anomaly,True,0.16764412820339203,0.16764412820339203,0.07371339670893942,0.07371339670893942,0.06968219578266144,False,False,16000,False,,False,0.0,cpu,patch_nearest_normal,last2,14,0.05,False,,,0.00012314926425460726,0.00010222778946618,False,False,True,True
2026-08-16 17:11:50,full_ctta,metal_nut,monitor,C:/cira_batch_test/metal_nut/bad_10.png,bad_10.png,anomaly,True,0.11278994381427765,0.11278994381427765,0.07371339670893942,0.07371339670893942,0.06968219578266144,False,False,16000,False,,False,0.0,cpu,patch_nearest_normal,last2,14,0.05,False,,,0.00010452813148731366,0.00010222778946618,False,False,True,True
2026-08-16 17:11:52,full_ctta,metal_nut,monitor,C:/cira_batch_test/metal_nut/good_4.png,good_4.png,normal,False,0.06171727180480957,2.8014181907565217e-07,0.07371339670893942,0.07371339670893942,0.06968219578266144,False,True,16000,True,0.00010257783287670463,True,0.0025338074192404747,cpu,patch_nearest_normal,last2,14,0.05,False,,,9.247055277228355e-05,0.00010222778946618,True,True,True,True
2026-08-16 17:11:53,full_ctta,metal_nut,monitor,C:/cira_batch_test/metal_nut/bad_5.png,bad_5.png,anomaly,True,0.1518716663122177,0.1518716663122177,0.07371339670893942,0.07371339670893942,0.06968219578266144,False,False,16000,False,,False,0.0,cpu,patch_nearest_normal,last2,14,0.05,False,,,0.00011398550122976303,0.00010222778946618,False,False,True,True
2026-08-16 17:11:55,full_ctta,metal_nut,monitor,C:/cira_batch_test/metal_nut/good_20.png,good_20.png,normal,False,0.060467787086963654,3.159046286782541e-07,0.07371339670893942,0.07371339670893942,0.06968219578266144,False,True,16000,True,0.00010738059063442051,True,0.002492098603397608,cpu,patch_nearest_normal,last2,14,0.05,False,,,9.916933777276427e-05,0.00010222778946618,True,True,True,True
2026-08-16 17:11:57,full_ctta,metal_nut,monitor,C:/cira_batch_test/metal_nut/good_18.png,good_18.png,normal,False,0.05917626619338989,2.443790378947597e-07,0.07371339670893942,0.07371339670893942,0.06968219578266144,False,True,16000,True,0.0001192227573483251,True,0.002498653484508395,cpu,patch_nearest_normal,last2,14,0.05,False,,,0.00010149587615160272,0.00010222778946618,True,True,True,True
2026-08-16 17:11:59,full_ctta,metal_nut,monitor,C:/cira_batch_test/metal_nut/good_11.png,good_11.png,anomaly,True,0.07585285604000092,0.07585285604000092,0.07371339670893942,0.07371339670893942,0.06968219578266144,False,False,16000,False,,False,0.0,cpu,patch_nearest_normal,last2,14,0.05,False,,,8.878579683369026e-05,0.00010222778946618,False,True,True,True
2026-08-16 17:12:00,full_ctta,metal_nut,monitor,C:/cira_batch_test/metal_nut/good_9.png,good_9.png,anomaly,True,0.08001497387886047,0.08001497387886047,0.07371339670893942,0.07371339670893942,0.06968219578266144,False,False,16000,False,,False,0.0,cpu,patch_nearest_normal,last2,14,0.05,False,,,9.490283264312893e-05,0.00010222778946618,False,True,True,True
2026-08-16 17:12:02,full_ctta,metal_nut,monitor,C:/cira_batch_test/metal_nut/good_16.png,good_16.png,normal,False,0.07095003873109818,0.07095003873109818,0.07371339670893942,0.07371339670893942,0.06968219578266144,False,False,16000,False,,False,0.0,cpu,patch_nearest_normal,last2,14,0.05,False,,,9.292003232985735e-05,0.00010222778946618,False,True,True,True
2026-08-16 17:12:03,full_ctta,metal_nut,monitor,C:/cira_batch_test/metal_nut/bad_7.png,bad_7.png,anomaly,True,0.14709503948688507,0.14709503948688507,0.07371339670893942,0.07371339670893942,0.06968219578266144,False,False,16000,False,,False,0.0,cpu,patch_nearest_normal,last2,14,0.05,False,,,0.00011511221237014979,0.00010222778946618,False,False,True,True
2026-08-16 17:12:05,full_ctta,metal_nut,monitor,C:/cira_batch_test/metal_nut/good_13.png,good_13.png,normal,False,0.0687909871339798,2.5629998390286346e-07,0.07371339670893942,0.07371339670893942,0.06968219578266144,False,True,16000,True,9.914318798109889e-05,True,0.002459366573020816,cpu,patch_nearest_normal,last2,14,0.05,False,,,8.374623575946316e-05,0.00010222778946618,True,True,True,True
2026-08-16 17:12:07,full_ctta,metal_nut,monitor,C:/cira_batch_test/metal_nut/good_5.png,good_5.png,normal,False,0.05916411802172661,2.443790378947597e-07,0.07371339670893942,0.07371339670893942,0.06968219578266144,False,True,16000,True,0.0001061410948750563,True,0.002467242069542408,cpu,patch_nearest_normal,last2,14,0.05,False,,,9.714992484077811e-05,0.00010222778946618,True,True,True,True
2026-08-16 17:12:08,full_ctta,metal_nut,monitor,C:/cira_batch_test/metal_nut/good_2.png,good_2.png,normal,False,0.060366444289684296,2.3245812030836532e-07,0.07371339670893942,0.07371339670893942,0.06968219578266144,False,True,16000,True,0.00010942641529254615,True,0.0024683524388819933,cpu,patch_nearest_normal,last2,14,0.05,False,,,9.759102249518037e-05,0.00010222778946618,True,True,True,True
2026-08-16 17:12:10,full_ctta,metal_nut,monitor,C:/cira_batch_test/metal_nut/bad_6.png,bad_6.png,anomaly,True,0.1569124013185501,0.1569124013185501,0.07371339670893942,0.07371339670893942,0.06968219578266144,False,False,16000,False,,False,0.0,cpu,patch_nearest_normal,last2,14,0.05,False,,,0.00013282739382702857,0.00010222778946618,False,False,True,True
2026-08-16 17:12:11,full_ctta,metal_nut,monitor,C:/cira_batch_test/metal_nut/bad_14.png,bad_14.png,anomaly,True,0.16224737465381622,0.16224737465381622,0.07371339670893942,0.07371339670893942,0.06968219578266144,False,False,16000,False,,False,0.0,cpu,patch_nearest_normal,last2,14,0.05,False,,,0.00010642903362167999,0.00010222778946618,False,False,True,True
2026-08-16 17:12:13,full_ctta,metal_nut,monitor,C:/cira_batch_test/metal_nut/good_3.png,good_3.png,normal,False,0.062422893941402435,2.682209014892578e-07,0.07371339670893942,0.07371339670893942,0.06968219578266144,False,True,16000,True,0.00010507554543437436,True,0.0024664397351443768,cpu,patch_nearest_normal,last2,14,0.05,True,C:\cira_ttl_checkpoints\metal_nut\patch_memory_bank_update_10.pt,C:\cira_ttl_checkpoints\metal_nut\patch_adapter_update_10.pt,0.00010068043775390834,0.00010222778946618,True,True,True,True
2026-08-16 17:12:15,full_ctta,metal_nut,monitor,C:/cira_batch_test/metal_nut/bad_4.png,bad_4.png,anomaly,True,0.19570356607437134,0.19570356607437134,0.07371339670893942,0.07371339670893942,0.06968219578266144,False,False,16000,False,,False,0.0,cpu,patch_nearest_normal,last2,14,0.05,False,,,0.00010610027675284073,0.00010222778946618,False,False,True,True
2026-08-16 17:12:16,full_ctta,metal_nut,monitor,C:/cira_batch_test/metal_nut/bad_15.png,bad_15.png,anomaly,True,0.16265153884887695,0.16265153884887695,0.07371339670893942,0.07371339670893942,0.06968219578266144,False,False,16000,False,,False,0.0,cpu,patch_nearest_normal,last2,14,0.05,False,,,0.00013341785233933479,0.00010222778946618,False,False,True,True
2026-08-16 17:12:18,full_ctta,metal_nut,monitor,C:/cira_batch_test/metal_nut/good_8.png,good_8.png,anomaly,True,0.0772184357047081,0.0772184357047081,0.07371339670893942,0.07371339670893942,0.06968219578266144,False,False,16000,False,,False,0.0,cpu,patch_nearest_normal,last2,14,0.05,False,,,9.64148057391867e-05,0.00010222778946618,False,True,True,True
2026-08-16 17:12:19,full_ctta,metal_nut,monitor,C:/cira_batch_test/metal_nut/bad_3.png,bad_3.png,anomaly,True,0.14901316165924072,0.14901316165924072,0.07371339670893942,0.07371339670893942,0.06968219578266144,False,False,16000,False,,False,0.0,cpu,patch_nearest_normal,last2,14,0.05,False,,,0.0001045631361193955,0.00010222778946618,False,False,True,True
2026-08-16 17:12:21,full_ctta,metal_nut,monitor,C:/cira_batch_test/metal_nut/bad_11.png,bad_11.png,anomaly,True,0.1617557555437088,0.1617557555437088,0.07371339670893942,0.07371339670893942,0.06968219578266144,False,False,16000,False,,False,0.0,cpu,patch_nearest_normal,last2,14,0.05,False,,,0.00013244006549939513,0.00010222778946618,False,False,True,True
2026-08-16 17:12:22,full_ctta,metal_nut,monitor,C:/cira_batch_test/metal_nut/good_19.png,good_19.png,normal,False,0.053678013384342194,0.053678013384342194,0.07371339670893942,0.07371339670893942,0.06968219578266144,False,False,16000,False,,False,0.0,cpu,patch_nearest_normal,last2,14,0.05,False,,,0.00010461112833581865,0.00010222778946618,True,False,True,True
2026-08-16 17:12:24,full_ctta,metal_nut,monitor,C:/cira_batch_test/metal_nut/good_12.png,good_12.png,normal,False,0.07273601740598679,0.07273601740598679,0.07371339670893942,0.07371339670893942,0.06968219578266144,False,False,16000,False,,False,0.0,cpu,patch_nearest_normal,last2,14,0.05,False,,,9.631116699893028e-05,0.00010222778946618,False,True,True,True
2026-08-16 17:12:26,full_ctta,metal_nut,monitor,C:/cira_batch_test/metal_nut/good_15.png,good_15.png,normal,False,0.05874842405319214,2.980232238769531e-07,0.07371339670893942,0.07371339670893942,0.06968219578266144,False,True,16000,True,0.00010470832785358652,True,0.0024605728685855865,cpu,patch_nearest_normal,last2,14,0.05,False,,,9.288830915465951e-05,0.00010222778946618,True,True,True,True
2026-08-16 17:12:27,full_ctta,metal_nut,monitor,C:/cira_batch_test/metal_nut/bad_17.png,bad_17.png,anomaly,True,0.14752228558063507,0.14752228558063507,0.07371339670893942,0.07371339670893942,0.06968219578266144,False,False,16000,False,,False,0.0,cpu,patch_nearest_normal,last2,14,0.05,False,,,0.00010703900625230744,0.00010222778946618,False,False,True,True
2026-08-16 17:12:29,full_ctta,metal_nut,monitor,C:/cira_batch_test/metal_nut/bad_19.png,bad_19.png,anomaly,True,0.1566520482301712,0.1566520482301712,0.07371339670893942,0.07371339670893942,0.06968219578266144,False,False,16000,False,,False,0.0,cpu,patch_nearest_normal,last2,14,0.05,False,,,0.00012817457900382578,0.00010222778946618,False,False,True,True
2026-08-16 17:12:30,full_ctta,metal_nut,monitor,C:/cira_batch_test/metal_nut/bad_1.png,bad_1.png,anomaly,True,0.12026922404766083,0.12026922404766083,0.07371339670893942,0.07371339670893942,0.06968219578266144,False,False,16000,False,,False,0.0,cpu,patch_nearest_normal,last2,14,0.05,False,,,0.00010360019223298877,0.00010222778946618,False,False,True,True
2026-08-16 17:12:32,full_ctta,metal_nut,monitor,C:/cira_batch_test/metal_nut/good_14.png,good_14.png,normal,False,0.0700383186340332,0.0700383186340332,0.07371339670893942,0.07371339670893942,0.06968219578266144,False,False,16000,False,,False,0.0,cpu,patch_nearest_normal,last2,14,0.05,False,,,8.682263433001935e-05,0.00010222778946618,False,True,True,True
2026-08-16 17:12:34,full_ctta,pill,monitor,C:/cira_batch_test/pill/good_1.png,good_1.png,normal,False,0.04695393890142441,2.980232238769531e-07,0.05881828558520522,0.05881828558520522,0.05084799118340016,False,True,16000,True,0.00017239790759049356,True,0.0030009623151272535,cpu,patch_nearest_normal,last2,14,0.05,False,,,0.0001551501773064956,0.00015804108188598499,True,True,True,True
2026-08-16 17:12:35,full_ctta,pill,monitor,C:/cira_batch_test/pill/bad_16.png,bad_16.png,anomaly,True,0.07491927593946457,0.07491927593946457,0.05881828558520522,0.05881828558520522,0.05084799118340016,False,False,16000,False,,False,0.0,cpu,patch_nearest_normal,last2,14,0.05,False,,,0.0001404577196808532,0.00015804108188598499,False,True,True,True
2026-08-16 17:12:37,full_ctta,pill,monitor,C:/cira_batch_test/pill/bad_20.png,bad_20.png,anomaly,True,0.0632767453789711,0.0632767453789711,0.05881828558520522,0.05881828558520522,0.05084799118340016,False,False,16000,False,,False,0.0,cpu,patch_nearest_normal,last2,14,0.05,False,,,0.0001355595886707306,0.00015804108188598499,False,True,True,True
2026-08-16 17:12:38,full_ctta,pill,monitor,C:/cira_batch_test/pill/bad_12.png,bad_12.png,anomaly,True,0.12496659904718399,0.12496659904718399,0.05881828558520522,0.05881828558520522,0.05084799118340016,False,False,16000,False,,False,0.0,cpu,patch_nearest_normal,last2,14,0.05,False,,,0.00017200317233800888,0.00015804108188598499,False,False,True,True
2026-08-16 17:12:40,full_ctta,pill,monitor,C:/cira_batch_test/pill/good_17.png,good_17.png,normal,False,0.05523787811398506,0.05523787811398506,0.05881828558520522,0.05881828558520522,0.05084799118340016,False,False,16000,False,,False,0.0,cpu,patch_nearest_normal,last2,14,0.05,False,,,0.00015926704509183764,0.00015804108188598499,False,False,True,True
2026-08-16 17:12:41,full_ctta,pill,monitor,C:/cira_batch_test/pill/bad_9.png,bad_9.png,anomaly,True,0.06176232546567917,0.06176232546567917,0.05881828558520522,0.05881828558520522,0.05084799118340016,False,False,16000,False,,False,0.0,cpu,patch_nearest_normal,last2,14,0.05,False,,,0.0001399422180838883,0.00015804108188598499,False,True,True,True
2026-08-16 17:12:43,full_ctta,pill,monitor,C:/cira_batch_test/pill/bad_18.png,bad_18.png,normal,False,0.055282555520534515,0.055282555520534515,0.05881828558520522,0.05881828558520522,0.05084799118340016,False,False,16000,False,,False,0.0,cpu,patch_nearest_normal,last2,14,0.05,False,,,0.00012573909771163017,0.00015804108188598499,False,True,True,True
2026-08-16 17:12:44,full_ctta,pill,monitor,C:/cira_batch_test/pill/bad_13.png,bad_13.png,normal,False,0.05809495598077774,0.05809495598077774,0.05881828558520522,0.05881828558520522,0.05084799118340016,False,False,16000,False,,False,0.0,cpu,patch_nearest_normal,last2,14,0.05,False,,,0.0001527984713902697,0.00015804108188598499,False,True,True,True
2026-08-16 17:12:46,full_ctta,pill,monitor,C:/cira_batch_test/pill/bad_2.png,bad_2.png,anomaly,True,0.07585950195789337,0.07585950195789337,0.05881828558520522,0.05881828558520522,0.05084799118340016,False,False,16000,False,,False,0.0,cpu,patch_nearest_normal,last2,14,0.05,False,,,0.0001487735571572557,0.00015804108188598499,False,True,True,True
2026-08-16 17:12:48,full_ctta,pill,monitor,C:/cira_batch_test/pill/good_6.png,good_6.png,normal,False,0.04515768215060234,3.159046286782541e-07,0.05881828558520522,0.05881828558520522,0.05084799118340016,False,True,16000,True,0.0001501352380728349,True,0.002775690983980894,cpu,patch_nearest_normal,last2,14,0.05,False,,,0.000147185186506249,0.00015804108188598499,True,True,True,True
2026-08-16 17:12:50,full_ctta,pill,monitor,C:/cira_batch_test/pill/good_10.png,good_10.png,normal,False,0.04494766518473625,3.2782554626464844e-07,0.05881828558520522,0.05881828558520522,0.05084799118340016,False,True,16000,True,0.00014231850218493491,True,0.0026775312144309282,cpu,patch_nearest_normal,last2,14,0.05,False,,,0.00013245237641967833,0.00015804108188598499,True,True,True,True
2026-08-16 17:12:51,full_ctta,pill,monitor,C:/cira_batch_test/pill/good_7.png,good_7.png,normal,False,0.04493601992726326,3.2782554626464844e-07,0.05881828558520522,0.05881828558520522,0.05084799118340016,False,True,16000,True,0.00016905304801184684,True,0.0026626023463904858,cpu,patch_nearest_normal,last2,14,0.05,False,,,0.00015407249156851321,0.00015804108188598499,True,True,True,True
2026-08-16 17:12:53,full_ctta,pill,monitor,C:/cira_batch_test/pill/bad_8.png,bad_8.png,anomaly,True,0.11635375022888184,0.11635375022888184,0.05881828558520522,0.05881828558520522,0.05084799118340016,False,False,16000,False,,False,0.0,cpu,patch_nearest_normal,last2,14,0.05,False,,,0.00014709452807437629,0.00015804108188598499,False,True,True,True
2026-08-16 17:12:55,full_ctta,pill,monitor,C:/cira_batch_test/pill/bad_10.png,bad_10.png,normal,False,0.045196980237960815,3.635883274455409e-07,0.05881828558520522,0.05881828558520522,0.05084799118340016,False,True,16000,True,0.00016719276027288288,True,0.0026401143986731768,cpu,patch_nearest_normal,last2,14,0.05,False,,,0.00015591157716698945,0.00015804108188598499,True,True,True,True
2026-08-16 17:12:56,full_ctta,pill,monitor,C:/cira_batch_test/pill/good_4.png,good_4.png,normal,False,0.04711990803480148,2.8014181907565217e-07,0.05881828558520522,0.05881828558520522,0.05084799118340016,False,True,16000,True,0.0001616154913790524,True,0.0026172229554504156,cpu,patch_nearest_normal,last2,14,0.05,False,,,0.00015360917313955724,0.00015804108188598499,True,True,True,True
2026-08-16 17:12:58,full_ctta,pill,monitor,C:/cira_batch_test/pill/bad_5.png,bad_5.png,anomaly,True,0.18663296103477478,0.18663296103477478,0.05881828558520522,0.05881828558520522,0.05084799118340016,False,False,16000,False,,False,0.0,cpu,patch_nearest_normal,last2,14,0.05,False,,,0.00013768934877589345,0.00015804108188598499,False,True,True,True
2026-08-16 17:13:00,full_ctta,pill,monitor,C:/cira_batch_test/pill/good_20.png,good_20.png,normal,False,0.049752093851566315,3.755092734536447e-07,0.05881828558520522,0.05881828558520522,0.05084799118340016,False,True,16000,True,0.00014964744332246482,True,0.00259157782420516,cpu,patch_nearest_normal,last2,14,0.05,False,,,0.00013342020974960178,0.00015804108188598499,True,True,True,True
2026-08-16 17:13:01,full_ctta,pill,monitor,C:/cira_batch_test/pill/good_18.png,good_18.png,normal,False,0.04858989641070366,0.04858989641070366,0.05881828558520522,0.05881828558520522,0.05084799118340016,False,False,16000,False,,False,0.0,cpu,patch_nearest_normal,last2,14,0.05,False,,,0.00016066941316239536,0.00015804108188598499,True,False,True,True
2026-08-16 17:13:03,full_ctta,pill,monitor,C:/cira_batch_test/pill/good_11.png,good_11.png,normal,False,0.04729332774877548,3.099441414633475e-07,0.05881828558520522,0.05881828558520522,0.05084799118340016,False,True,16000,True,0.00013437501911539584,True,0.00255417893640697,cpu,patch_nearest_normal,last2,14,0.05,False,,,0.00012534366396721452,0.00015804108188598499,True,True,True,True
2026-08-16 17:13:05,full_ctta,pill,monitor,C:/cira_batch_test/pill/good_9.png,good_9.png,normal,False,0.0477253794670105,2.682209014892578e-07,0.05881828558520522,0.05881828558520522,0.05084799118340016,False,True,16000,True,0.00015264819376170635,True,0.0025467609521001577,cpu,patch_nearest_normal,last2,14,0.05,False,,,0.0001324036275036633,0.00015804108188598499,True,True,True,True
2026-08-16 17:13:07,full_ctta,pill,monitor,C:/cira_batch_test/pill/good_16.png,good_16.png,normal,False,0.051332421600818634,0.051332421600818634,0.05881828558520522,0.05881828558520522,0.05084799118340016,False,False,16000,False,,False,0.0,cpu,patch_nearest_normal,last2,14,0.05,False,,,0.00014777197793591768,0.00015804108188598499,False,True,True,True
2026-08-16 17:13:08,full_ctta,pill,monitor,C:/cira_batch_test/pill/bad_7.png,bad_7.png,anomaly,True,0.0723656713962555,0.0723656713962555,0.05881828558520522,0.05881828558520522,0.05084799118340016,False,False,16000,False,,False,0.0,cpu,patch_nearest_normal,last2,14,0.05,False,,,0.00014418836508411914,0.00015804108188598499,False,True,True,True
2026-08-16 17:13:10,full_ctta,pill,monitor,C:/cira_batch_test/pill/good_13.png,good_13.png,normal,False,0.05615291744470596,0.05615291744470596,0.05881828558520522,0.05881828558520522,0.05084799118340016,False,False,16000,False,,False,0.0,cpu,patch_nearest_normal,last2,14,0.05,False,,,0.00014759181067347527,0.00015804108188598499,False,True,True,True
2026-08-16 17:13:11,full_ctta,pill,monitor,C:/cira_batch_test/pill/good_5.png,good_5.png,normal,False,0.03976704925298691,3.695487862387381e-07,0.05881828558520522,0.05881828558520522,0.05084799118340016,False,True,16000,True,0.00016434394638054073,True,0.0025642092805355787,cpu,patch_nearest_normal,last2,14,0.05,True,C:\cira_ttl_checkpoints\pill\patch_memory_bank_update_10.pt,C:\cira_ttl_checkpoints\pill\patch_adapter_update_10.pt,0.0001315398985752836,0.00015804108188598499,True,True,True,True
2026-08-16 17:13:13,full_ctta,pill,monitor,C:/cira_batch_test/pill/good_2.png,good_2.png,normal,False,0.0422540083527565,2.74181360282455e-07,0.05881828558520522,0.05881828558520522,0.05084799118340016,False,True,16000,True,0.0001357941364403814,True,0.0025575754698365927,cpu,patch_nearest_normal,last2,14,0.05,False,,,0.00013935673632659018,0.00015804108188598499,True,True,True,True
2026-08-16 17:13:15,full_ctta,pill,monitor,C:/cira_batch_test/pill/bad_6.png,bad_6.png,anomaly,True,0.0763404443860054,0.0763404443860054,0.05881828558520522,0.05881828558520522,0.05084799118340016,False,False,16000,False,,False,0.0,cpu,patch_nearest_normal,last2,14,0.05,False,,,0.00016620589303784072,0.00015804108188598499,False,False,True,True
2026-08-16 17:13:16,full_ctta,pill,monitor,C:/cira_batch_test/pill/bad_14.png,bad_14.png,anomaly,True,0.06764410436153412,0.06764410436153412,0.05881828558520522,0.05881828558520522,0.05084799118340016,False,False,16000,False,,False,0.0,cpu,patch_nearest_normal,last2,14,0.05,False,,,0.00015077610441949219,0.00015804108188598499,False,True,True,True
2026-08-16 17:13:18,full_ctta,pill,monitor,C:/cira_batch_test/pill/good_3.png,good_3.png,normal,False,0.04147811979055405,2.682209014892578e-07,0.05881828558520522,0.05881828558520522,0.05084799118340016,False,True,16000,True,0.00014830102736596018,True,0.0025495130103081465,cpu,patch_nearest_normal,last2,14,0.05,False,,,0.0001385418145218864,0.00015804108188598499,True,True,True,True
2026-08-16 17:13:20,full_ctta,pill,monitor,C:/cira_batch_test/pill/bad_4.png,bad_4.png,anomaly,True,0.06862396746873856,0.06862396746873856,0.05881828558520522,0.05881828558520522,0.05084799118340016,False,False,16000,False,,False,0.0,cpu,patch_nearest_normal,last2,14,0.05,False,,,0.00016153193428181112,0.00015804108188598499,False,False,True,True
2026-08-16 17:13:21,full_ctta,pill,monitor,C:/cira_batch_test/pill/bad_15.png,bad_15.png,anomaly,True,0.07161111384630203,0.07161111384630203,0.05881828558520522,0.05881828558520522,0.05084799118340016,False,False,16000,False,,False,0.0,cpu,patch_nearest_normal,last2,14,0.05,False,,,0.00014464595005847514,0.00015804108188598499,False,True,True,True
2026-08-16 17:13:23,full_ctta,pill,monitor,C:/cira_batch_test/pill/good_8.png,good_8.png,anomaly,True,0.059040140360593796,0.059040140360593796,0.05881828558520522,0.05881828558520522,0.05084799118340016,False,False,16000,False,,False,0.0,cpu,patch_nearest_normal,last2,14,0.05,False,,,0.00012931329547427595,0.00015804108188598499,False,True,True,True
2026-08-16 17:13:24,full_ctta,pill,monitor,C:/cira_batch_test/pill/bad_3.png,bad_3.png,anomaly,True,0.06886400282382965,0.06886400282382965,0.05881828558520522,0.05881828558520522,0.05084799118340016,False,False,16000,False,,False,0.0,cpu,patch_nearest_normal,last2,14,0.05,False,,,0.0001445132656954229,0.00015804108188598499,False,True,True,True
2026-08-16 17:13:26,full_ctta,pill,monitor,C:/cira_batch_test/pill/bad_11.png,bad_11.png,anomaly,True,0.0942356064915657,0.0942356064915657,0.05881828558520522,0.05881828558520522,0.05084799118340016,False,False,16000,False,,False,0.0,cpu,patch_nearest_normal,last2,14,0.05,False,,,0.0001494229945819825,0.00015804108188598499,False,True,True,True
2026-08-16 17:13:27,full_ctta,pill,monitor,C:/cira_batch_test/pill/good_19.png,good_19.png,normal,False,0.05719093233346939,0.05719093233346939,0.05881828558520522,0.05881828558520522,0.05084799118340016,False,False,16000,False,,False,0.0,cpu,patch_nearest_normal,last2,14,0.05,False,,,0.00015496424748562276,0.00015804108188598499,False,True,True,True
2026-08-16 17:13:29,full_ctta,pill,monitor,C:/cira_batch_test/pill/good_12.png,good_12.png,normal,False,0.051212430000305176,0.051212430000305176,0.05881828558520522,0.05881828558520522,0.05084799118340016,False,False,16000,False,,False,0.0,cpu,patch_nearest_normal,last2,14,0.05,False,,,0.0001396596635458991,0.00015804108188598499,False,True,True,True
2026-08-16 17:13:31,full_ctta,pill,monitor,C:/cira_batch_test/pill/good_15.png,good_15.png,normal,False,0.05047329142689705,2.8014181907565217e-07,0.05881828558520522,0.05881828558520522,0.05084799118340016,False,True,16000,True,0.00013710929488297552,True,0.0025420666206628084,cpu,patch_nearest_normal,last2,14,0.05,False,,,0.00013749537174589932,0.00015804108188598499,True,True,True,True
2026-08-16 17:13:32,full_ctta,pill,monitor,C:/cira_batch_test/pill/bad_17.png,bad_17.png,anomaly,True,0.07752501964569092,0.07752501964569092,0.05881828558520522,0.05881828558520522,0.05084799118340016,False,False,16000,False,,False,0.0,cpu,patch_nearest_normal,last2,14,0.05,False,,,0.00016791380767244846,0.00015804108188598499,False,False,True,True
2026-08-16 17:13:34,full_ctta,pill,monitor,C:/cira_batch_test/pill/bad_19.png,bad_19.png,anomaly,True,0.060670942068099976,0.060670942068099976,0.05881828558520522,0.05881828558520522,0.05084799118340016,False,False,16000,False,,False,0.0,cpu,patch_nearest_normal,last2,14,0.05,False,,,0.0001398345484631136,0.00015804108188598499,False,True,True,True
2026-08-16 17:13:35,full_ctta,pill,monitor,C:/cira_batch_test/pill/bad_1.png,bad_1.png,anomaly,True,0.0804392620921135,0.0804392620921135,0.05881828558520522,0.05881828558520522,0.05084799118340016,False,False,16000,False,,False,0.0,cpu,patch_nearest_normal,last2,14,0.05,False,,,0.0001474395685363561,0.00015804108188598499,False,True,True,True
2026-08-16 17:13:37,full_ctta,pill,monitor,C:/cira_batch_test/pill/good_14.png,good_14.png,normal,False,0.048484962433576584,2.980232238769531e-07,0.05881828558520522,0.05881828558520522,0.05084799118340016,False,True,16000,True,0.0001259575947187841,True,0.0025290343910455704,cpu,patch_nearest_normal,last2,14,0.05,False,,,0.00012196275201858953,0.00015804108188598499,True,True,True,True
2026-08-16 17:13:39,full_ctta,screw,monitor,C:/cira_batch_test/screw/good_1.png,good_1.png,normal,False,0.05231552571058273,2.9206276508375595e-07,0.06300563204730296,0.06300563204730296,0.05946885421872139,False,True,16000,True,0.00012691100710071623,True,0.0030400785617530346,cpu,patch_nearest_normal,last2,14,0.05,False,,,0.00010417265730211511,0.00012727336943498,True,True,True,True
2026-08-16 17:13:41,full_ctta,screw,monitor,C:/cira_batch_test/screw/bad_16.png,bad_16.png,anomaly,True,0.06382466852664948,0.06382466852664948,0.06300563204730296,0.06300563204730296,0.05946885421872139,False,False,16000,False,,False,0.0,cpu,patch_nearest_normal,last2,14,0.05,False,,,9.624133235774934e-05,0.00012727336943498,False,True,True,True
2026-08-16 17:13:42,full_ctta,screw,monitor,C:/cira_batch_test/screw/bad_20.png,bad_20.png,anomaly,True,0.06554429233074188,0.06554429233074188,0.06300563204730296,0.06300563204730296,0.05946885421872139,False,False,16000,False,,False,0.0,cpu,patch_nearest_normal,last2,14,0.05,False,,,0.00014576710236724466,0.00012727336943498,False,False,True,True
2026-08-16 17:13:44,full_ctta,screw,monitor,C:/cira_batch_test/screw/bad_12.png,bad_12.png,anomaly,True,0.07179998606443405,0.07179998606443405,0.06300563204730296,0.06300563204730296,0.05946885421872139,False,False,16000,False,,False,0.0,cpu,patch_nearest_normal,last2,14,0.05,False,,,0.00013013269926887006,0.00012727336943498,False,False,True,True
2026-08-16 17:13:46,full_ctta,screw,monitor,C:/cira_batch_test/screw/good_17.png,good_17.png,normal,False,0.05655684322118759,2.980232238769531e-07,0.06300563204730296,0.06300563204730296,0.05946885421872139,False,True,16000,True,0.00012667257396969944,True,0.0027064576279371977,cpu,patch_nearest_normal,last2,14,0.05,False,,,0.00011813671153504401,0.00012727336943498,True,True,True,True
2026-08-16 17:13:47,full_ctta,screw,monitor,C:/cira_batch_test/screw/bad_9.png,bad_9.png,anomaly,True,0.06889598071575165,0.06889598071575165,0.06300563204730296,0.06300563204730296,0.05946885421872139,False,False,16000,False,,False,0.0,cpu,patch_nearest_normal,last2,14,0.05,False,,,0.00012256772606633604,0.00012727336943498,False,True,True,True
2026-08-16 17:13:49,full_ctta,screw,monitor,C:/cira_batch_test/screw/bad_18.png,bad_18.png,normal,False,0.05313299223780632,2.8610230629055877e-07,0.06300563204730296,0.06300563204730296,0.05946885421872139,False,True,16000,True,0.00012427105684764683,True,0.0026486318092793226,cpu,patch_nearest_normal,last2,14,0.05,False,,,0.00011734244617400691,0.00012727336943498,True,True,True,True
2026-08-16 17:13:51,full_ctta,screw,monitor,C:/cira_batch_test/screw/bad_13.png,bad_13.png,anomaly,True,0.08291853219270706,0.08291853219270706,0.06300563204730296,0.06300563204730296,0.05946885421872139,False,False,16000,False,,False,0.0,cpu,patch_nearest_normal,last2,14,0.05,False,,,9.128892270382494e-05,0.00012727336943498,False,True,True,True
2026-08-16 17:13:53,full_ctta,screw,monitor,C:/cira_batch_test/screw/bad_2.png,bad_2.png,anomaly,True,0.0637858659029007,0.0637858659029007,0.06300563204730296,0.06300563204730296,0.05946885421872139,False,False,16000,False,,False,0.0,cpu,patch_nearest_normal,last2,14,0.05,False,,,0.00010548919817665592,0.00012727336943498,False,True,True,True
2026-08-16 17:13:54,full_ctta,screw,monitor,C:/cira_batch_test/screw/good_6.png,good_6.png,anomaly,True,0.08160631358623505,0.08160631358623505,0.06300563204730296,0.06300563204730296,0.05946885421872139,False,False,16000,False,,False,0.0,cpu,patch_nearest_normal,last2,14,0.05,False,,,0.00012697633064817637,0.00012727336943498,False,True,True,True
2026-08-16 17:13:56,full_ctta,screw,monitor,C:/cira_batch_test/screw/good_10.png,good_10.png,normal,False,0.045304447412490845,2.682209014892578e-07,0.06300563204730296,0.06300563204730296,0.05946885421872139,False,True,16000,True,0.00011263295164098963,True,0.002585303271189332,cpu,patch_nearest_normal,last2,14,0.05,False,,,0.0001083800962078385,0.00012727336943498,True,True,True,True
2026-08-16 17:13:58,full_ctta,screw,monitor,C:/cira_batch_test/screw/good_7.png,good_7.png,normal,False,0.04474912956357002,2.6226044269606064e-07,0.06300563204730296,0.06300563204730296,0.05946885421872139,False,True,16000,True,0.00011005767737515271,True,0.0025376195553690195,cpu,patch_nearest_normal,last2,14,0.05,False,,,0.00010945324902422726,0.00012727336943498,True,True,True,True
2026-08-16 17:14:00,full_ctta,screw,monitor,C:/cira_batch_test/screw/bad_8.png,bad_8.png,normal,False,0.05836259201169014,3.397464638510428e-07,0.06300563204730296,0.06300563204730296,0.05946885421872139,False,True,16000,True,0.0001324155309703201,True,0.0025231109466403723,cpu,patch_nearest_normal,last2,14,0.05,False,,,0.00012414286902640015,0.00012727336943498,True,True,True,True
2026-08-16 17:14:01,full_ctta,screw,monitor,C:/cira_batch_test/screw/bad_10.png,bad_10.png,anomaly,True,0.06570618599653244,0.06570618599653244,0.06300563204730296,0.06300563204730296,0.05946885421872139,False,False,16000,False,,False,0.0,cpu,patch_nearest_normal,last2,14,0.05,False,,,9.906425111694261e-05,0.00012727336943498,False,True,True,True
2026-08-16 17:14:03,full_ctta,screw,monitor,C:/cira_batch_test/screw/good_4.png,good_4.png,normal,False,0.06132321432232857,0.06132321432232857,0.06300563204730296,0.06300563204730296,0.05946885421872139,False,False,16000,False,,False,0.0,cpu,patch_nearest_normal,last2,14,0.05,False,,,0.00012674613390117884,0.00012727336943498,False,True,True,True
2026-08-16 17:14:05,full_ctta,screw,monitor,C:/cira_batch_test/screw/bad_5.png,bad_5.png,anomaly,True,0.0922199934720993,0.0922199934720993,0.06300563204730296,0.06300563204730296,0.05946885421872139,False,False,16000,False,,False,0.0,cpu,patch_nearest_normal,last2,14,0.05,False,,,0.0001136748687713407,0.00012727336943498,False,True,True,True
2026-08-16 17:14:06,full_ctta,screw,monitor,C:/cira_batch_test/screw/good_20.png,good_20.png,anomaly,True,0.06913048774003983,0.06913048774003983,0.06300563204730296,0.06300563204730296,0.05946885421872139,False,False,16000,False,,False,0.0,cpu,patch_nearest_normal,last2,14,0.05,False,,,0.0001138187653850764,0.00012727336943498,False,True,True,True
2026-08-16 17:14:08,full_ctta,screw,monitor,C:/cira_batch_test/screw/good_18.png,good_18.png,anomaly,True,0.06618929654359818,0.06618929654359818,0.06300563204730296,0.06300563204730296,0.05946885421872139,False,False,16000,False,,False,0.0,cpu,patch_nearest_normal,last2,14,0.05,False,,,0.00011281553452135995,0.00012727336943498,False,True,True,True
2026-08-16 17:14:10,full_ctta,screw,monitor,C:/cira_batch_test/screw/good_11.png,good_11.png,normal,False,0.052082013338804245,2.682209014892578e-07,0.06300563204730296,0.06300563204730296,0.05946885421872139,False,True,16000,True,0.00012071294622728601,True,0.0024677289184182882,cpu,patch_nearest_normal,last2,14,0.05,False,,,9.769123425940052e-05,0.00012727336943498,True,True,True,True
2026-08-16 17:14:13,full_ctta,screw,monitor,C:/cira_batch_test/screw/good_9.png,good_9.png,normal,False,0.046549759805202484,2.5629998390286346e-07,0.06300563204730296,0.06300563204730296,0.05946885421872139,False,True,16000,True,0.00011534332588780671,True,0.0024466875474900007,cpu,patch_nearest_normal,last2,14,0.05,False,,,0.00010386012581875548,0.00012727336943498,True,True,True,True
2026-08-16 17:14:15,full_ctta,screw,monitor,C:/cira_batch_test/screw/good_16.png,good_16.png,anomaly,True,0.06513065099716187,0.06513065099716187,0.06300563204730296,0.06300563204730296,0.05946885421872139,False,False,16000,False,,False,0.0,cpu,patch_nearest_normal,last2,14,0.05,False,,,0.00011074638314312324,0.00012727336943498,False,True,True,True
2026-08-16 17:14:16,full_ctta,screw,monitor,C:/cira_batch_test/screw/bad_7.png,bad_7.png,anomaly,True,0.08183886855840683,0.08183886855840683,0.06300563204730296,0.06300563204730296,0.05946885421872139,False,False,16000,False,,False,0.0,cpu,patch_nearest_normal,last2,14,0.05,False,,,0.00011143871233798563,0.00012727336943498,False,True,True,True
2026-08-16 17:14:18,full_ctta,screw,monitor,C:/cira_batch_test/screw/good_13.png,good_13.png,normal,False,0.05898652598261833,3.2782554626464844e-07,0.06300563204730296,0.06300563204730296,0.05946885421872139,False,True,16000,True,0.00013324771134648472,True,0.0024699780624359846,cpu,patch_nearest_normal,last2,14,0.05,False,,,0.00011986561730736867,0.00012727336943498,True,True,True,True
2026-08-16 17:14:20,full_ctta,screw,monitor,C:/cira_batch_test/screw/good_5.png,good_5.png,normal,False,0.046360187232494354,2.8014181907565217e-07,0.06300563204730296,0.06300563204730296,0.05946885421872139,False,True,16000,True,0.0001098752545658499,True,0.002468942664563656,cpu,patch_nearest_normal,last2,14,0.05,True,C:\cira_ttl_checkpoints\screw\patch_memory_bank_update_10.pt,C:\cira_ttl_checkpoints\screw\patch_adapter_update_10.pt,0.00010896451567532495,0.00012727336943498,True,True,True,True
2026-08-16 17:14:22,full_ctta,screw,monitor,C:/cira_batch_test/screw/good_2.png,good_2.png,anomaly,True,0.06496315449476242,0.06496315449476242,0.06300563204730296,0.06300563204730296,0.05946885421872139,False,False,16000,False,,False,0.0,cpu,patch_nearest_normal,last2,14,0.05,False,,,0.00012244052777532488,0.00012727336943498,False,True,True,True
2026-08-16 17:14:23,full_ctta,screw,monitor,C:/cira_batch_test/screw/bad_6.png,bad_6.png,anomaly,True,0.06524057686328888,0.06524057686328888,0.06300563204730296,0.06300563204730296,0.05946885421872139,False,False,16000,False,,False,0.0,cpu,patch_nearest_normal,last2,14,0.05,False,,,0.00010767693311208859,0.00012727336943498,False,True,True,True
2026-08-16 17:14:25,full_ctta,screw,monitor,C:/cira_batch_test/screw/bad_14.png,bad_14.png,anomaly,True,0.0719665139913559,0.0719665139913559,0.06300563204730296,0.06300563204730296,0.05946885421872139,False,False,16000,False,,False,0.0,cpu,patch_nearest_normal,last2,14,0.05,False,,,0.00011277921294094995,0.00012727336943498,False,True,True,True
2026-08-16 17:14:26,full_ctta,screw,monitor,C:/cira_batch_test/screw/good_3.png,good_3.png,anomaly,True,0.06756089627742767,0.06756089627742767,0.06300563204730296,0.06300563204730296,0.05946885421872139,False,False,16000,False,,False,0.0,cpu,patch_nearest_normal,last2,14,0.05,False,,,0.00010394776472821832,0.00012727336943498,False,True,True,True
2026-08-16 17:14:28,full_ctta,screw,monitor,C:/cira_batch_test/screw/bad_4.png,bad_4.png,normal,False,0.058687567710876465,3.5762786865234375e-07,0.06300563204730296,0.06300563204730296,0.05946885421872139,False,True,16000,True,9.931615204550326e-05,True,0.0024251302238553762,cpu,patch_nearest_normal,last2,14,0.05,False,,,8.531411731382832e-05,0.00012727336943498,True,True,True,True
2026-08-16 17:14:30,full_ctta,screw,monitor,C:/cira_batch_test/screw/bad_15.png,bad_15.png,anomaly,True,0.08240464329719543,0.08240464329719543,0.06300563204730296,0.06300563204730296,0.05946885421872139,False,False,16000,False,,False,0.0,cpu,patch_nearest_normal,last2,14,0.05,False,,,9.994731226470321e-05,0.00012727336943498,False,True,True,True
2026-08-16 17:14:32,full_ctta,screw,monitor,C:/cira_batch_test/screw/good_8.png,good_8.png,normal,False,0.05260322242975235,3.457069510659494e-07,0.06300563204730296,0.06300563204730296,0.05946885421872139,False,True,16000,True,0.00011105144221801311,True,0.002413154114037752,cpu,patch_nearest_normal,last2,14,0.05,False,,,0.00010840265895240009,0.00012727336943498,True,True,True,True
2026-08-16 17:14:33,full_ctta,screw,monitor,C:/cira_batch_test/screw/bad_3.png,bad_3.png,normal,False,0.061217207461595535,0.061217207461595535,0.06300563204730296,0.06300563204730296,0.05946885421872139,False,False,16000,False,,False,0.0,cpu,patch_nearest_normal,last2,14,0.05,False,,,0.00011663945770123973,0.00012727336943498,False,True,True,True
2026-08-16 17:14:35,full_ctta,screw,monitor,C:/cira_batch_test/screw/bad_11.png,bad_11.png,anomaly,True,0.06773550808429718,0.06773550808429718,0.06300563204730296,0.06300563204730296,0.05946885421872139,False,False,16000,False,,False,0.0,cpu,patch_nearest_normal,last2,14,0.05,False,,,0.00010282888251822442,0.00012727336943498,False,True,True,True
2026-08-16 17:14:37,full_ctta,screw,monitor,C:/cira_batch_test/screw/good_19.png,good_19.png,normal,False,0.04641105607151985,2.682209014892578e-07,0.06300563204730296,0.06300563204730296,0.05946885421872139,False,True,16000,True,0.0001046921024681069,True,0.0024023058358579874,cpu,patch_nearest_normal,last2,14,0.05,False,,,9.59578828769736e-05,0.00012727336943498,True,True,True,True
2026-08-16 17:14:39,full_ctta,screw,monitor,C:/cira_batch_test/screw/good_12.png,good_12.png,normal,False,0.060530729591846466,0.060530729591846466,0.06300563204730296,0.06300563204730296,0.05946885421872139,False,False,16000,False,,False,0.0,cpu,patch_nearest_normal,last2,14,0.05,False,,,0.00011018473742296919,0.00012727336943498,False,True,True,True
2026-08-16 17:14:40,full_ctta,screw,monitor,C:/cira_batch_test/screw/good_15.png,good_15.png,normal,False,0.04953797534108162,3.337860050578456e-07,0.06300563204730296,0.06300563204730296,0.05946885421872139,False,True,16000,True,0.00010995248157996684,True,0.0023985090665519238,cpu,patch_nearest_normal,last2,14,0.05,False,,,9.878477430902421e-05,0.00012727336943498,True,True,True,True
2026-08-16 17:14:42,full_ctta,screw,monitor,C:/cira_batch_test/screw/bad_17.png,bad_17.png,normal,False,0.05855327844619751,3.099441414633475e-07,0.06300563204730296,0.06300563204730296,0.05946885421872139,False,True,16000,True,0.00010613865742925555,True,0.0023872319143265486,cpu,patch_nearest_normal,last2,14,0.05,False,,,9.427181794308126e-05,0.00012727336943498,True,True,True,True
2026-08-16 17:14:44,full_ctta,screw,monitor,C:/cira_batch_test/screw/bad_19.png,bad_19.png,normal,False,0.06114211678504944,0.06114211678504944,0.06300563204730296,0.06300563204730296,0.05946885421872139,False,False,16000,False,,False,0.0,cpu,patch_nearest_normal,last2,14,0.05,False,,,8.251079270849004e-05,0.00012727336943498,False,True,True,True
2026-08-16 17:14:46,full_ctta,screw,monitor,C:/cira_batch_test/screw/bad_1.png,bad_1.png,normal,False,0.057562969624996185,2.6226044269606064e-07,0.06300563204730296,0.06300563204730296,0.05946885421872139,False,True,16000,True,0.0001249035558430478,True,0.002382826991379261,cpu,patch_nearest_normal,last2,14,0.05,False,,,0.00012036714906571433,0.00012727336943498,True,True,True,True
2026-08-16 17:14:48,full_ctta,screw,monitor,C:/cira_batch_test/screw/good_14.png,good_14.png,normal,False,0.05463951826095581,3.159046286782541e-07,0.06300563204730296,0.06300563204730296,0.05946885421872139,False,True,16000,True,0.00012860061542596668,True,0.0023909376468509436,cpu,patch_nearest_normal,last2,14,0.05,False,,,0.00010696779645513743,0.00012727336943498,True,True,True,True
2026-08-16 17:14:50,full_ctta,tile,monitor,C:/cira_batch_test/tile/good_1.png,good_1.png,normal,False,0.04876633360981941,3.635883274455409e-07,0.06531576363636363,0.06531576363636363,0.05311408117413522,False,True,16000,True,0.00020048252190463245,True,0.0029892325401306152,cpu,patch_nearest_normal,last2,14,0.05,False,,,0.00020578621479216963,0.000230512705456835,True,True,True,True
2026-08-16 17:14:51,full_ctta,tile,monitor,C:/cira_batch_test/tile/bad_16.png,bad_16.png,anomaly,True,0.08089962601661682,0.08089962601661682,0.06531576363636363,0.06531576363636363,0.05311408117413522,False,False,16000,False,,False,0.0,cpu,patch_nearest_normal,last2,14,0.05,False,,,0.00022269529290497303,0.000230512705456835,False,True,True,True
2026-08-16 17:14:53,full_ctta,tile,monitor,C:/cira_batch_test/tile/bad_20.png,bad_20.png,anomaly,True,0.11425845324993134,0.11425845324993134,0.06531576363636363,0.06531576363636363,0.05311408117413522,False,False,16000,False,,False,0.0,cpu,patch_nearest_normal,last2,14,0.05,False,,,0.00019069678091909736,0.000230512705456835,False,True,True,True
2026-08-16 17:14:54,full_ctta,tile,monitor,C:/cira_batch_test/tile/bad_12.png,bad_12.png,normal,False,0.054288990795612335,0.054288990795612335,0.06531576363636363,0.06531576363636363,0.05311408117413522,False,False,16000,False,,False,0.0,cpu,patch_nearest_normal,last2,14,0.05,False,,,0.00021446510800160468,0.000230512705456835,False,True,True,True
2026-08-16 17:14:56,full_ctta,tile,monitor,C:/cira_batch_test/tile/good_17.png,good_17.png,normal,False,0.04668036848306656,3.337860050578456e-07,0.06531576363636363,0.06531576363636363,0.05311408117413522,False,True,16000,True,0.0001926583208842203,True,0.002753088716417551,cpu,patch_nearest_normal,last2,14,0.05,False,,,0.00019891603733412921,0.000230512705456835,True,True,True,True
2026-08-16 17:14:58,full_ctta,tile,monitor,C:/cira_batch_test/tile/bad_9.png,bad_9.png,anomaly,True,0.3200741410255432,0.3200741410255432,0.06531576363636363,0.06531576363636363,0.05311408117413522,False,False,16000,False,,False,0.0,cpu,patch_nearest_normal,last2,14,0.05,False,,,0.00022278042160905898,0.000230512705456835,False,True,True,True
2026-08-16 17:14:59,full_ctta,tile,monitor,C:/cira_batch_test/tile/bad_18.png,bad_18.png,anomaly,True,0.07150164246559143,0.07150164246559143,0.06531576363636363,0.06531576363636363,0.05311408117413522,False,False,16000,False,,False,0.0,cpu,patch_nearest_normal,last2,14,0.05,False,,,0.0001950460864463821,0.000230512705456835,False,True,True,True
2026-08-16 17:15:01,full_ctta,tile,monitor,C:/cira_batch_test/tile/bad_13.png,bad_13.png,anomaly,True,0.15732333064079285,0.15732333064079285,0.06531576363636363,0.06531576363636363,0.05311408117413522,False,False,16000,False,,False,0.0,cpu,patch_nearest_normal,last2,14,0.05,False,,,0.00019025513029191643,0.000230512705456835,False,True,True,True
2026-08-16 17:15:03,full_ctta,tile,monitor,C:/cira_batch_test/tile/bad_2.png,bad_2.png,anomaly,True,0.4382753372192383,0.4382753372192383,0.06531576363636363,0.06531576363636363,0.05311408117413522,False,False,16000,False,,False,0.0,cpu,patch_nearest_normal,last2,14,0.05,False,,,0.00012859856360591948,0.000230512705456835,False,True,True,True
2026-08-16 17:15:04,full_ctta,tile,monitor,C:/cira_batch_test/tile/good_6.png,good_6.png,normal,False,0.04662448167800903,3.8743019104003906e-07,0.06531576363636363,0.06531576363636363,0.05311408117413522,False,True,16000,True,0.0001798019657144323,True,0.002663647523149848,cpu,patch_nearest_normal,last2,14,0.05,False,,,0.00017024390399456024,0.000230512705456835,True,True,True,True
2026-08-16 17:15:06,full_ctta,tile,monitor,C:/cira_batch_test/tile/good_10.png,good_10.png,normal,False,0.05163433030247688,3.695487862387381e-07,0.06531576363636363,0.06531576363636363,0.05311408117413522,False,True,16000,True,0.00018512748647481203,True,0.0025453846901655197,cpu,patch_nearest_normal,last2,14,0.05,False,,,0.0001716226397547871,0.000230512705456835,True,True,True,True
2026-08-16 17:15:08,full_ctta,tile,monitor,C:/cira_batch_test/tile/good_7.png,good_7.png,normal,False,0.043759483844041824,2.980232238769531e-07,0.06531576363636363,0.06531576363636363,0.05311408117413522,False,True,16000,True,0.00022000532771926373,True,0.0025748186744749546,cpu,patch_nearest_normal,last2,14,0.05,False,,,0.0002073758078040555,0.000230512705456835,True,True,True,True
2026-08-16 17:15:10,full_ctta,tile,monitor,C:/cira_batch_test/tile/bad_8.png,bad_8.png,anomaly,True,0.16868534684181213,0.16868534684181213,0.06531576363636363,0.06531576363636363,0.05311408117413522,False,False,16000,False,,False,0.0,cpu,patch_nearest_normal,last2,14,0.05,False,,,0.00020656027481891215,0.000230512705456835,False,True,True,True
2026-08-16 17:15:11,full_ctta,tile,monitor,C:/cira_batch_test/tile/bad_10.png,bad_10.png,anomaly,True,0.09989968687295914,0.09989968687295914,0.06531576363636363,0.06531576363636363,0.05311408117413522,False,False,16000,False,,False,0.0,cpu,patch_nearest_normal,last2,14,0.05,False,,,0.00019043288193643093,0.000230512705456835,False,True,True,True
2026-08-16 17:15:13,full_ctta,tile,monitor,C:/cira_batch_test/tile/good_4.png,good_4.png,normal,False,0.036686718463897705,3.397464638510428e-07,0.06531576363636363,0.06531576363636363,0.05311408117413522,False,True,16000,True,0.00021537631982937455,True,0.002600109903141856,cpu,patch_nearest_normal,last2,14,0.05,False,,,0.00022207612346392125,0.000230512705456835,True,True,True,True
2026-08-16 17:15:15,full_ctta,tile,monitor,C:/cira_batch_test/tile/bad_5.png,bad_5.png,anomaly,True,0.1573360711336136,0.1573360711336136,0.06531576363636363,0.06531576363636363,0.05311408117413522,False,False,16000,False,,False,0.0,cpu,patch_nearest_normal,last2,14,0.05,False,,,0.00013266890891827643,0.000230512705456835,False,True,True,True
2026-08-16 17:15:17,full_ctta,tile,monitor,C:/cira_batch_test/tile/good_20.png,good_20.png,normal,False,0.04175075143575668,3.695487862387381e-07,0.06531576363636363,0.06531576363636363,0.05311408117413522,False,True,16000,True,0.00019765952310990542,True,0.002574726939201355,cpu,patch_nearest_normal,last2,14,0.05,False,,,0.00017950334586203098,0.000230512705456835,True,True,True,True
2026-08-16 17:15:18,full_ctta,tile,monitor,C:/cira_batch_test/tile/good_18.png,good_18.png,anomaly,True,0.06656940281391144,0.06656940281391144,0.06531576363636363,0.06531576363636363,0.05311408117413522,False,False,16000,False,,False,0.0,cpu,patch_nearest_normal,last2,14,0.05,False,,,0.00022161695233080536,0.000230512705456835,False,True,True,True
2026-08-16 17:15:20,full_ctta,tile,monitor,C:/cira_batch_test/tile/good_11.png,good_11.png,normal,False,0.04082078859210014,3.457069510659494e-07,0.06531576363636363,0.06531576363636363,0.05311408117413522,False,True,16000,True,0.00017120823031291366,True,0.002551586367189884,cpu,patch_nearest_normal,last2,14,0.05,False,,,0.0001538341020932421,0.000230512705456835,True,True,True,True
2026-08-16 17:15:22,full_ctta,tile,monitor,C:/cira_batch_test/tile/good_9.png,good_9.png,normal,False,0.03601965308189392,3.457069510659494e-07,0.06531576363636363,0.06531576363636363,0.05311408117413522,False,True,16000,True,0.00023544952273368835,True,0.002578384941443801,cpu,patch_nearest_normal,last2,14,0.05,False,,,0.00021415310038719326,0.000230512705456835,True,True,True,True
2026-08-16 17:15:24,full_ctta,tile,monitor,C:/cira_batch_test/tile/good_16.png,good_16.png,normal,False,0.036513395607471466,4.112720546345372e-07,0.06531576363636363,0.06531576363636363,0.05311408117413522,False,True,16000,True,0.00024323517573066056,True,0.0026051905006170273,cpu,patch_nearest_normal,last2,14,0.05,True,C:\cira_ttl_checkpoints\tile\patch_memory_bank_update_10.pt,C:\cira_ttl_checkpoints\tile\patch_adapter_update_10.pt,0.00021978515724185854,0.000230512705456835,True,True,True,True
2026-08-16 17:15:25,full_ctta,tile,monitor,C:/cira_batch_test/tile/bad_7.png,bad_7.png,anomaly,True,0.211897611618042,0.211897611618042,0.06531576363636363,0.06531576363636363,0.05311408117413522,False,False,16000,False,,False,0.0,cpu,patch_nearest_normal,last2,14,0.05,False,,,0.0001813799754017964,0.000230512705456835,False,True,True,True
2026-08-16 17:15:27,full_ctta,tile,monitor,C:/cira_batch_test/tile/good_13.png,good_13.png,normal,False,0.04869871586561203,3.635883274455409e-07,0.06531576363636363,0.06531576363636363,0.05311408117413522,False,True,16000,True,0.00015956736751832068,True,0.002549451543018222,cpu,patch_nearest_normal,last2,14,0.05,False,,,0.00015376464580185711,0.000230512705456835,True,True,True,True
2026-08-16 17:15:29,full_ctta,tile,monitor,C:/cira_batch_test/tile/good_5.png,good_5.png,normal,False,0.048375628888607025,2.9206276508375595e-07,0.06531576363636363,0.06531576363636363,0.05311408117413522,False,True,16000,True,0.0002316834288649261,True,0.0025777448900043964,cpu,patch_nearest_normal,last2,14,0.05,False,,,0.00021295291662681848,0.000230512705456835,True,True,True,True
2026-08-16 17:15:31,full_ctta,tile,monitor,C:/cira_batch_test/tile/good_2.png,good_2.png,normal,False,0.0484856478869915,3.695487862387381e-07,0.06531576363636363,0.06531576363636363,0.05311408117413522,False,True,16000,True,0.00023342834901995957,True,0.0025939291808754206,cpu,patch_nearest_normal,last2,14,0.05,False,,,0.0002090954512823373,0.000230512705456835,True,True,True,True
2026-08-16 17:15:33,full_ctta,tile,monitor,C:/cira_batch_test/tile/bad_6.png,bad_6.png,anomaly,True,0.22919109463691711,0.22919109463691711,0.06531576363636363,0.06531576363636363,0.05311408117413522,False,False,16000,False,,False,0.0,cpu,patch_nearest_normal,last2,14,0.05,False,,,0.0002116966206813231,0.000230512705456835,False,True,True,True
2026-08-16 17:15:34,full_ctta,tile,monitor,C:/cira_batch_test/tile/bad_14.png,bad_14.png,anomaly,True,0.15918125212192535,0.15918125212192535,0.06531576363636363,0.06531576363636363,0.05311408117413522,False,False,16000,False,,False,0.0,cpu,patch_nearest_normal,last2,14,0.05,False,,,0.0002099003759212792,0.000230512705456835,False,True,True,True
2026-08-16 17:15:36,full_ctta,tile,monitor,C:/cira_batch_test/tile/good_3.png,good_3.png,normal,False,0.04049122333526611,2.980232238769531e-07,0.06531576363636363,0.06531576363636363,0.05311408117413522,False,True,16000,True,0.00020291194960009307,True,0.002601126441732049,cpu,patch_nearest_normal,last2,14,0.05,False,,,0.0002045532746706158,0.000230512705456835,True,True,True,True
2026-08-16 17:15:38,full_ctta,tile,monitor,C:/cira_batch_test/tile/bad_4.png,bad_4.png,anomaly,True,0.11215873062610626,0.11215873062610626,0.06531576363636363,0.06531576363636363,0.05311408117413522,False,False,16000,False,,False,0.0,cpu,patch_nearest_normal,last2,14,0.05,False,,,0.00012438700650818646,0.000230512705456835,False,True,True,True
2026-08-16 17:15:39,full_ctta,tile,monitor,C:/cira_batch_test/tile/bad_15.png,bad_15.png,anomaly,True,0.1760680079460144,0.1760680079460144,0.06531576363636363,0.06531576363636363,0.05311408117413522,False,False,16000,False,,False,0.0,cpu,patch_nearest_normal,last2,14,0.05,False,,,0.00022977583284955472,0.000230512705456835,False,True,True,True
2026-08-16 17:15:41,full_ctta,tile,monitor,C:/cira_batch_test/tile/good_8.png,good_8.png,normal,False,0.038630515336990356,3.516674098591466e-07,0.06531576363636363,0.06531576363636363,0.05311408117413522,False,True,16000,True,0.0002201552124461159,True,0.0026187244802713394,cpu,patch_nearest_normal,last2,14,0.05,False,,,0.0002163086028303951,0.000230512705456835,True,True,True,True
2026-08-16 17:15:43,full_ctta,tile,monitor,C:/cira_batch_test/tile/bad_3.png,bad_3.png,anomaly,True,0.3821737468242645,0.3821737468242645,0.06531576363636363,0.06531576363636363,0.05311408117413522,False,False,16000,False,,False,0.0,cpu,patch_nearest_normal,last2,14,0.05,False,,,0.0002188952057622373,0.000230512705456835,False,True,True,True
2026-08-16 17:15:44,full_ctta,tile,monitor,C:/cira_batch_test/tile/bad_11.png,bad_11.png,anomaly,True,0.15003158152103424,0.15003158152103424,0.06531576363636363,0.06531576363636363,0.05311408117413522,False,False,16000,False,,False,0.0,cpu,patch_nearest_normal,last2,14,0.05,False,,,0.00014282282791100442,0.000230512705456835,False,True,True,True
2026-08-16 17:15:46,full_ctta,tile,monitor,C:/cira_batch_test/tile/good_19.png,good_19.png,normal,False,0.0498073510825634,3.9339064983323624e-07,0.06531576363636363,0.06531576363636363,0.05311408117413522,False,True,16000,True,0.0002150744548998773,True,0.002633016323670745,cpu,patch_nearest_normal,last2,14,0.05,False,,,0.0001961034577107057,0.000230512705456835,True,True,True,True
2026-08-16 17:15:48,full_ctta,tile,monitor,C:/cira_batch_test/tile/good_12.png,good_12.png,normal,False,0.040360283106565475,3.993511086264334e-07,0.06531576363636363,0.06531576363636363,0.05311408117413522,False,True,16000,True,0.00021598998864647,True,0.002638934412971139,cpu,patch_nearest_normal,last2,14,0.05,False,,,0.00020187324844300747,0.000230512705456835,True,True,True,True
2026-08-16 17:15:50,full_ctta,tile,monitor,C:/cira_batch_test/tile/good_15.png,good_15.png,normal,False,0.03896193951368332,3.099441414633475e-07,0.06531576363636363,0.06531576363636363,0.05311408117413522,False,True,16000,True,0.00017813575686886907,True,0.0026299902237951756,cpu,patch_nearest_normal,last2,14,0.05,False,,,0.0001724014146020636,0.000230512705456835,True,True,True,True
2026-08-16 17:15:52,full_ctta,tile,monitor,C:/cira_batch_test/tile/bad_17.png,bad_17.png,anomaly,True,0.3824140131473541,0.3824140131473541,0.06531576363636363,0.06531576363636363,0.05311408117413522,False,False,16000,False,,False,0.0,cpu,patch_nearest_normal,last2,14,0.05,False,,,0.00022543195518665016,0.000230512705456835,False,True,True,True
2026-08-16 17:15:53,full_ctta,tile,monitor,C:/cira_batch_test/tile/bad_19.png,bad_19.png,anomaly,True,0.09532023221254349,0.09532023221254349,0.06531576363636363,0.06531576363636363,0.05311408117413522,False,False,16000,False,,False,0.0,cpu,patch_nearest_normal,last2,14,0.05,False,,,0.00020785568631254137,0.000230512705456835,False,True,True,True
2026-08-16 17:15:55,full_ctta,tile,monitor,C:/cira_batch_test/tile/bad_1.png,bad_1.png,anomaly,True,0.4191122055053711,0.4191122055053711,0.06531576363636363,0.06531576363636363,0.05311408117413522,False,False,16000,False,,False,0.0,cpu,patch_nearest_normal,last2,14,0.05,False,,,0.00016904130461625755,0.000230512705456835,False,True,True,True
2026-08-16 17:15:57,full_ctta,tile,monitor,C:/cira_batch_test/tile/good_14.png,good_14.png,normal,False,0.04091251641511917,3.337860050578456e-07,0.06531576363636363,0.06531576363636363,0.05311408117413522,False,True,16000,True,0.00017177958216052502,True,0.0026195808313786983,cpu,patch_nearest_normal,last2,14,0.05,False,,,0.0001624080614419654,0.000230512705456835,True,True,True,True
2026-08-16 17:15:58,full_ctta,toothbrush,monitor,C:/cira_batch_test/toothbrush/good_1.png,good_1.png,normal,False,0.051045335829257965,0.051045335829257965,0.0701888715806552,0.0701888715806552,0.0501871842890978,False,False,9408,False,,False,0.0,cpu,patch_nearest_normal,last2,14,0.05,False,,,0.00012488024367485195,0.00012676088372241001,False,True,True,True
2026-08-16 17:16:00,full_ctta,toothbrush,monitor,C:/cira_batch_test/toothbrush/bad_16.png,bad_16.png,anomaly,True,0.3498750329017639,0.3498750329017639,0.0701888715806552,0.0701888715806552,0.0501871842890978,False,False,9408,False,,False,0.0,cpu,patch_nearest_normal,last2,14,0.05,False,,,0.00011704280768753961,0.00012676088372241001,False,True,True,True
2026-08-16 17:16:02,full_ctta,toothbrush,monitor,C:/cira_batch_test/toothbrush/bad_20.png,bad_20.png,anomaly,True,0.3277304172515869,0.3277304172515869,0.0701888715806552,0.0701888715806552,0.0501871842890978,False,False,9408,False,,False,0.0,cpu,patch_nearest_normal,last2,14,0.05,False,,,0.00013136935012880713,0.00012676088372241001,False,False,True,True
2026-08-16 17:16:03,full_ctta,toothbrush,monitor,C:/cira_batch_test/toothbrush/bad_12.png,bad_12.png,anomaly,True,0.3752124011516571,0.3752124011516571,0.0701888715806552,0.0701888715806552,0.0501871842890978,False,False,9408,False,,False,0.0,cpu,patch_nearest_normal,last2,14,0.05,False,,,0.00011941695265704766,0.00012676088372241001,False,True,True,True
2026-08-16 17:16:05,full_ctta,toothbrush,monitor,C:/cira_batch_test/toothbrush/good_17.png,good_17.png,normal,False,0.019736070185899734,2.8610230629055877e-07,0.0701888715806552,0.0701888715806552,0.0501871842890978,False,True,9604,True,0.00011482676200103015,True,0.003014516783878207,cpu,patch_nearest_normal,last2,14,0.05,False,,,0.00011222978355363011,0.00012676088372241001,True,True,True,True
2026-08-16 17:16:07,full_ctta,toothbrush,monitor,C:/cira_batch_test/toothbrush/bad_9.png,bad_9.png,normal,False,0.0494234673678875,2.8610230629055877e-07,0.0701888715806552,0.0701888715806552,0.0501871842890978,False,True,9800,True,0.00012057183630531654,True,0.0027112660463899374,cpu,patch_nearest_normal,last2,14,0.05,False,,,0.00011502339475555345,0.00012676088372241001,True,True,True,True
2026-08-16 17:16:08,full_ctta,toothbrush,monitor,C:/cira_batch_test/toothbrush/bad_18.png,bad_18.png,anomaly,True,0.2712046504020691,0.2712046504020691,0.0701888715806552,0.0701888715806552,0.0501871842890978,False,False,9800,False,,False,0.0,cpu,patch_nearest_normal,last2,14,0.05,False,,,0.00011092625936726108,0.00012676088372241001,False,True,True,True
2026-08-16 17:16:10,full_ctta,toothbrush,monitor,C:/cira_batch_test/toothbrush/bad_13.png,bad_13.png,normal,False,0.055013079196214676,0.055013079196214676,0.0701888715806552,0.0701888715806552,0.0501871842890978,False,False,9800,False,,False,0.0,cpu,patch_nearest_normal,last2,14,0.05,False,,,0.00011465051647974178,0.00012676088372241001,False,True,True,True
2026-08-16 17:16:12,full_ctta,toothbrush,monitor,C:/cira_batch_test/toothbrush/bad_2.png,bad_2.png,normal,False,0.06693647056818008,0.06693647056818008,0.0701888715806552,0.0701888715806552,0.0501871842890978,False,False,9800,False,,False,0.0,cpu,patch_nearest_normal,last2,14,0.05,False,,,0.00010931210272246972,0.00012676088372241001,False,True,True,True
2026-08-16 17:16:13,full_ctta,toothbrush,monitor,C:/cira_batch_test/toothbrush/good_6.png,good_6.png,normal,False,0.04645649716258049,2.5033949668795685e-07,0.0701888715806552,0.0701888715806552,0.0501871842890978,False,True,9996,True,0.0001224284351337701,True,0.0026753838174045086,cpu,patch_nearest_normal,last2,14,0.05,False,,,0.00011821860971394926,0.00012676088372241001,True,True,True,True
2026-08-16 17:16:15,full_ctta,toothbrush,monitor,C:/cira_batch_test/toothbrush/good_10.png,good_10.png,anomaly,True,0.07695697993040085,0.07695697993040085,0.0701888715806552,0.0701888715806552,0.0501871842890978,False,False,9996,False,,False,0.0,cpu,patch_nearest_normal,last2,14,0.05,False,,,0.00013246889284346253,0.00012676088372241001,False,False,True,True
2026-08-16 17:16:16,full_ctta,toothbrush,monitor,C:/cira_batch_test/toothbrush/good_7.png,good_7.png,normal,False,0.05973635986447334,0.05973635986447334,0.0701888715806552,0.0701888715806552,0.0501871842890978,False,False,9996,False,,False,0.0,cpu,patch_nearest_normal,last2,14,0.05,False,,,0.00012091029930161312,0.00012676088372241001,False,True,True,True
2026-08-16 17:16:18,full_ctta,toothbrush,monitor,C:/cira_batch_test/toothbrush/bad_8.png,bad_8.png,anomaly,True,0.3541989326477051,0.3541989326477051,0.0701888715806552,0.0701888715806552,0.0501871842890978,False,False,9996,False,,False,0.0,cpu,patch_nearest_normal,last2,14,0.05,False,,,0.00012389793118927628,0.00012676088372241001,False,True,True,True
2026-08-16 17:16:20,full_ctta,toothbrush,monitor,C:/cira_batch_test/toothbrush/bad_10.png,bad_10.png,anomaly,True,0.12803144752979279,0.12803144752979279,0.0701888715806552,0.0701888715806552,0.0501871842890978,False,False,9996,False,,False,0.0,cpu,patch_nearest_normal,last2,14,0.05,False,,,0.00012152473209425807,0.00012676088372241001,False,True,True,True
2026-08-16 17:16:22,full_ctta,toothbrush,monitor,C:/cira_batch_test/toothbrush/good_4.png,good_4.png,normal,False,0.045798409730196,3.2782554626464844e-07,0.0701888715806552,0.0701888715806552,0.0501871842890978,False,True,10192,True,0.00012070583034073934,True,0.002621809020638466,cpu,patch_nearest_normal,last2,14,0.05,False,,,0.00011025775893358514,0.00012676088372241001,True,True,True,True
2026-08-16 17:16:23,full_ctta,toothbrush,monitor,C:/cira_batch_test/toothbrush/bad_5.png,bad_5.png,normal,False,0.056156009435653687,0.056156009435653687,0.0701888715806552,0.0701888715806552,0.0501871842890978,False,False,10192,False,,False,0.0,cpu,patch_nearest_normal,last2,14,0.05,False,,,0.00012289856385905296,0.00012676088372241001,False,True,True,True
2026-08-16 17:16:25,full_ctta,toothbrush,monitor,C:/cira_batch_test/toothbrush/good_20.png,good_20.png,normal,False,0.018427353352308273,2.8610230629055877e-07,0.0701888715806552,0.0701888715806552,0.0501871842890978,False,True,10388,True,0.00012341063120402396,True,0.0026173994410783052,cpu,patch_nearest_normal,last2,14,0.05,False,,,0.00010894059960264713,0.00012676088372241001,True,True,True,True
2026-08-16 17:16:27,full_ctta,toothbrush,monitor,C:/cira_batch_test/toothbrush/good_18.png,good_18.png,normal,False,0.04408454895019531,2.74181360282455e-07,0.0701888715806552,0.0701888715806552,0.0501871842890978,False,True,10584,True,0.0001295208785450086,True,0.002590178046375513,cpu,patch_nearest_normal,last2,14,0.05,False,,,0.00011283723870292306,0.00012676088372241001,True,True,True,True
2026-08-16 17:16:28,full_ctta,toothbrush,monitor,C:/cira_batch_test/toothbrush/good_11.png,good_11.png,normal,False,0.053482282906770706,0.053482282906770706,0.0701888715806552,0.0701888715806552,0.0501871842890978,False,False,10584,False,,False,0.0,cpu,patch_nearest_normal,last2,14,0.05,False,,,0.00011488720338093117,0.00012676088372241001,False,True,True,True
2026-08-16 17:16:30,full_ctta,toothbrush,monitor,C:/cira_batch_test/toothbrush/good_9.png,good_9.png,normal,False,0.045136936008930206,2.8014181907565217e-07,0.0701888715806552,0.0701888715806552,0.0501871842890978,False,True,10780,True,0.0001264596648979932,True,0.0025643245317041874,cpu,patch_nearest_normal,last2,14,0.05,False,,,0.0001181140833068639,0.00012676088372241001,True,True,True,True
2026-08-16 17:16:32,full_ctta,toothbrush,monitor,C:/cira_batch_test/toothbrush/good_16.png,good_16.png,normal,False,0.0399802140891552,2.6226044269606064e-07,0.0701888715806552,0.0701888715806552,0.0501871842890978,False,True,10976,True,0.0001291750668315217,True,0.00256390986032784,cpu,patch_nearest_normal,last2,14,0.05,False,,,0.00011600635480135679,0.00012676088372241001,True,True,True,True
2026-08-16 17:16:34,full_ctta,toothbrush,monitor,C:/cira_batch_test/toothbrush/bad_7.png,bad_7.png,anomaly,True,0.13265958428382874,0.13265958428382874,0.0701888715806552,0.0701888715806552,0.0501871842890978,False,False,10976,False,,False,0.0,cpu,patch_nearest_normal,last2,14,0.05,False,,,0.00011681619071168825,0.00012676088372241001,False,True,True,True
2026-08-16 17:16:35,full_ctta,toothbrush,monitor,C:/cira_batch_test/toothbrush/good_13.png,good_13.png,normal,False,0.05618376284837723,0.05618376284837723,0.0701888715806552,0.0701888715806552,0.0501871842890978,False,False,10976,False,,False,0.0,cpu,patch_nearest_normal,last2,14,0.05,False,,,0.00012287613935768604,0.00012676088372241001,False,True,True,True
2026-08-16 17:16:37,full_ctta,toothbrush,monitor,C:/cira_batch_test/toothbrush/good_5.png,good_5.png,normal,False,0.018329506739974022,2.74181360282455e-07,0.0701888715806552,0.0701888715806552,0.0501871842890978,False,True,11172,True,0.00011335585440974683,True,0.00254778447560966,cpu,patch_nearest_normal,last2,14,0.05,False,,,0.0001159970706794411,0.00012676088372241001,True,True,True,True
2026-08-16 17:16:39,full_ctta,toothbrush,monitor,C:/cira_batch_test/toothbrush/good_2.png,good_2.png,normal,False,0.04994882270693779,3.159046286782541e-07,0.0701888715806552,0.0701888715806552,0.0501871842890978,False,True,11368,True,0.00011874679330503568,True,0.0025410570669919252,cpu,patch_nearest_normal,last2,14,0.05,True,C:\cira_ttl_checkpoints\toothbrush\patch_memory_bank_update_10.pt,C:\cira_ttl_checkpoints\toothbrush\patch_adapter_update_10.pt,0.00012152065755799413,0.00012676088372241001,True,True,True,True
2026-08-16 17:16:40,full_ctta,toothbrush,monitor,C:/cira_batch_test/toothbrush/bad_6.png,bad_6.png,normal,False,0.050205595791339874,0.050205595791339874,0.0701888715806552,0.0701888715806552,0.0501871842890978,False,False,11368,False,,False,0.0,cpu,patch_nearest_normal,last2,14,0.05,False,,,0.0001225798187078908,0.00012676088372241001,False,True,True,True
2026-08-16 17:16:42,full_ctta,toothbrush,monitor,C:/cira_batch_test/toothbrush/bad_14.png,bad_14.png,anomaly,True,0.2526300251483917,0.2526300251483917,0.0701888715806552,0.0701888715806552,0.0501871842890978,False,False,11368,False,,False,0.0,cpu,patch_nearest_normal,last2,14,0.05,False,,,0.00011971641652053222,0.00012676088372241001,False,True,True,True
2026-08-16 17:16:44,full_ctta,toothbrush,monitor,C:/cira_batch_test/toothbrush/good_3.png,good_3.png,normal,False,0.035816024988889694,3.457069510659494e-07,0.0701888715806552,0.0701888715806552,0.0501871842890978,False,True,11564,True,0.00011457232176326215,True,0.002539840992540121,cpu,patch_nearest_normal,last2,14,0.05,False,,,0.00010686012683436275,0.00012676088372241001,True,True,True,True
2026-08-16 17:16:45,full_ctta,toothbrush,monitor,C:/cira_batch_test/toothbrush/bad_4.png,bad_4.png,normal,False,0.06931042671203613,0.06931042671203613,0.0701888715806552,0.0701888715806552,0.0501871842890978,False,False,11564,False,,False,0.0,cpu,patch_nearest_normal,last2,14,0.05,False,,,0.0001080908186850138,0.00012676088372241001,False,True,True,True
2026-08-16 17:16:47,full_ctta,toothbrush,monitor,C:/cira_batch_test/toothbrush/bad_15.png,bad_15.png,normal,False,0.06413613259792328,0.06413613259792328,0.0701888715806552,0.0701888715806552,0.0501871842890978,False,False,11564,False,,False,0.0,cpu,patch_nearest_normal,last2,14,0.05,False,,,0.00011667087528621778,0.00012676088372241001,False,True,True,True
2026-08-16 17:16:49,full_ctta,toothbrush,monitor,C:/cira_batch_test/toothbrush/good_8.png,good_8.png,anomaly,True,0.07624849677085876,0.07624849677085876,0.0701888715806552,0.0701888715806552,0.0501871842890978,False,False,11564,False,,False,0.0,cpu,patch_nearest_normal,last2,14,0.05,False,,,0.00011600132711464539,0.00012676088372241001,False,True,True,True
2026-08-16 17:16:50,full_ctta,toothbrush,monitor,C:/cira_batch_test/toothbrush/bad_3.png,bad_3.png,anomaly,True,0.12501588463783264,0.12501588463783264,0.0701888715806552,0.0701888715806552,0.0501871842890978,False,False,11564,False,,False,0.0,cpu,patch_nearest_normal,last2,14,0.05,False,,,0.00010987342830048874,0.00012676088372241001,False,True,True,True
2026-08-16 17:16:52,full_ctta,toothbrush,monitor,C:/cira_batch_test/toothbrush/bad_11.png,bad_11.png,anomaly,True,0.2753400206565857,0.2753400206565857,0.0701888715806552,0.0701888715806552,0.0501871842890978,False,False,11564,False,,False,0.0,cpu,patch_nearest_normal,last2,14,0.05,False,,,0.00011387914855731651,0.00012676088372241001,False,True,True,True
2026-08-16 17:16:54,full_ctta,toothbrush,monitor,C:/cira_batch_test/toothbrush/good_19.png,good_19.png,normal,False,0.018567198887467384,2.9206276508375595e-07,0.0701888715806552,0.0701888715806552,0.0501871842890978,False,True,11760,True,0.00011907561565749347,True,0.0025241784751415253,cpu,patch_nearest_normal,last2,14,0.05,False,,,0.00011707638623192906,0.00012676088372241001,True,True,True,True
2026-08-16 17:16:55,full_ctta,toothbrush,monitor,C:/cira_batch_test/toothbrush/good_12.png,good_12.png,normal,False,0.059732578694820404,0.059732578694820404,0.0701888715806552,0.0701888715806552,0.0501871842890978,False,False,11760,False,,False,0.0,cpu,patch_nearest_normal,last2,14,0.05,False,,,0.00011497680679894984,0.00012676088372241001,False,True,True,True
2026-08-16 17:16:57,full_ctta,toothbrush,monitor,C:/cira_batch_test/toothbrush/good_15.png,good_15.png,normal,False,0.035344719886779785,3.159046286782541e-07,0.0701888715806552,0.0701888715806552,0.0501871842890978,False,True,11956,True,0.00012812564091291279,True,0.002539163688197732,cpu,patch_nearest_normal,last2,14,0.05,False,,,0.00011174011888215318,0.00012676088372241001,True,True,True,True
2026-08-16 17:16:59,full_ctta,toothbrush,monitor,C:/cira_batch_test/toothbrush/bad_17.png,bad_17.png,anomaly,True,0.26224762201309204,0.26224762201309204,0.0701888715806552,0.0701888715806552,0.0501871842890978,False,False,11956,False,,False,0.0,cpu,patch_nearest_normal,last2,14,0.05,False,,,0.00011750702833523974,0.00012676088372241001,False,True,True,True
2026-08-16 17:17:00,full_ctta,toothbrush,monitor,C:/cira_batch_test/toothbrush/bad_19.png,bad_19.png,anomaly,True,0.0782255306839943,0.0782255306839943,0.0701888715806552,0.0701888715806552,0.0501871842890978,False,False,11956,False,,False,0.0,cpu,patch_nearest_normal,last2,14,0.05,False,,,0.00011805222311522812,0.00012676088372241001,False,True,True,True
2026-08-16 17:17:02,full_ctta,toothbrush,monitor,C:/cira_batch_test/toothbrush/bad_1.png,bad_1.png,anomaly,True,0.2907007336616516,0.2907007336616516,0.0701888715806552,0.0701888715806552,0.0501871842890978,False,False,11956,False,,False,0.0,cpu,patch_nearest_normal,last2,14,0.05,False,,,0.00011718602036125958,0.00012676088372241001,False,True,True,True
2026-08-16 17:17:03,full_ctta,toothbrush,monitor,C:/cira_batch_test/toothbrush/good_14.png,good_14.png,normal,False,0.06924010813236237,0.06924010813236237,0.0701888715806552,0.0701888715806552,0.0501871842890978,False,False,11956,False,,False,0.0,cpu,patch_nearest_normal,last2,14,0.05,False,,,0.00011418687790865079,0.00012676088372241001,False,True,True,True
2026-08-16 17:17:05,full_ctta,transistor,monitor,C:/cira_batch_test/transistor/good_1.png,good_1.png,normal,False,0.05782352015376091,2.682209014892578e-07,0.08374595860198465,0.08374595860198465,0.075458013266325,False,True,16000,True,0.0001784919877536595,True,0.003033237997442484,cpu,patch_nearest_normal,last2,14,0.05,False,,,0.0001662513823248446,0.000183458399987945,True,True,True,True
2026-08-16 17:17:07,full_ctta,transistor,monitor,C:/cira_batch_test/transistor/bad_16.png,bad_16.png,anomaly,True,0.17846523225307465,0.17846523225307465,0.08374595860198465,0.08374595860198465,0.075458013266325,False,False,16000,False,,False,0.0,cpu,patch_nearest_normal,last2,14,0.05,False,,,0.00018375930085312575,0.000183458399987945,False,False,True,True
2026-08-16 17:17:09,full_ctta,transistor,monitor,C:/cira_batch_test/transistor/bad_20.png,bad_20.png,anomaly,True,0.2927454113960266,0.2927454113960266,0.08374595860198465,0.08374595860198465,0.075458013266325,False,False,16000,False,,False,0.0,cpu,patch_nearest_normal,last2,14,0.05,False,,,0.00018999577150680125,0.000183458399987945,False,False,True,True
2026-08-16 17:17:10,full_ctta,transistor,monitor,C:/cira_batch_test/transistor/bad_12.png,bad_12.png,anomaly,True,0.252385675907135,0.252385675907135,0.08374595860198465,0.08374595860198465,0.075458013266325,False,False,16000,False,,False,0.0,cpu,patch_nearest_normal,last2,14,0.05,False,,,0.00015202973736450076,0.000183458399987945,False,True,True,True
2026-08-16 17:17:12,full_ctta,transistor,monitor,C:/cira_batch_test/transistor/good_17.png,good_17.png,normal,False,0.05828876048326492,3.635883274455409e-07,0.08374595860198465,0.08374595860198465,0.075458013266325,False,True,16000,True,0.00019801246526185423,True,0.0027605474460870028,cpu,patch_nearest_normal,last2,14,0.05,False,,,0.00016430647519882768,0.000183458399987945,True,True,True,True
2026-08-16 17:17:14,full_ctta,transistor,monitor,C:/cira_batch_test/transistor/bad_9.png,bad_9.png,anomaly,True,0.13207979500293732,0.13207979500293732,0.08374595860198465,0.08374595860198465,0.075458013266325,False,False,16000,False,,False,0.0,cpu,patch_nearest_normal,last2,14,0.05,False,,,0.0001787083747331053,0.000183458399987945,False,True,True,True
2026-08-16 17:17:15,full_ctta,transistor,monitor,C:/cira_batch_test/transistor/bad_18.png,bad_18.png,anomaly,True,0.14877258241176605,0.14877258241176605,0.08374595860198465,0.08374595860198465,0.075458013266325,False,False,16000,False,,False,0.0,cpu,patch_nearest_normal,last2,14,0.05,False,,,0.00018332499894313514,0.000183458399987945,False,True,True,True
2026-08-16 17:17:17,full_ctta,transistor,monitor,C:/cira_batch_test/transistor/bad_13.png,bad_13.png,anomaly,True,0.10850365459918976,0.10850365459918976,0.08374595860198465,0.08374595860198465,0.075458013266325,False,False,16000,False,,False,0.0,cpu,patch_nearest_normal,last2,14,0.05,False,,,0.00018290102889295667,0.000183458399987945,False,True,True,True
2026-08-16 17:17:19,full_ctta,transistor,monitor,C:/cira_batch_test/transistor/bad_2.png,bad_2.png,anomaly,True,0.20739135146141052,0.20739135146141052,0.08374595860198465,0.08374595860198465,0.075458013266325,False,False,16000,False,,False,0.0,cpu,patch_nearest_normal,last2,14,0.05,False,,,0.00015756783250253648,0.000183458399987945,False,True,True,True
2026-08-16 17:17:21,full_ctta,transistor,monitor,C:/cira_batch_test/transistor/good_6.png,good_6.png,normal,False,0.06576944887638092,2.74181360282455e-07,0.08374595860198465,0.08374595860198465,0.075458013266325,False,True,16000,True,0.00018514324619900435,True,0.002669692039489746,cpu,patch_nearest_normal,last2,14,0.05,False,,,0.00017056359502021223,0.000183458399987945,True,True,True,True
2026-08-16 17:17:23,full_ctta,transistor,monitor,C:/cira_batch_test/transistor/good_10.png,good_10.png,normal,False,0.07229684293270111,2.682209014892578e-07,0.08374595860198465,0.08374595860198465,0.075458013266325,False,True,16000,True,0.0001812709087971598,True,0.0026332468260079622,cpu,patch_nearest_normal,last2,14,0.05,False,,,0.00015989319945219904,0.000183458399987945,True,True,True,True
2026-08-16 17:17:25,full_ctta,transistor,monitor,C:/cira_batch_test/transistor/good_7.png,good_7.png,normal,False,0.07291150093078613,2.5033949668795685e-07,0.08374595860198465,0.08374595860198465,0.075458013266325,False,True,16000,True,0.0001856011076597497,True,0.0026089493185281754,cpu,patch_nearest_normal,last2,14,0.05,False,,,0.00017975278024096042,0.000183458399987945,True,True,True,True
2026-08-16 17:17:26,full_ctta,transistor,monitor,C:/cira_batch_test/transistor/bad_8.png,bad_8.png,anomaly,True,0.1694134771823883,0.1694134771823883,0.08374595860198465,0.08374595860198465,0.075458013266325,False,False,16000,False,,False,0.0,cpu,patch_nearest_normal,last2,14,0.05,False,,,0.0001679278793744743,0.000183458399987945,False,True,True,True
2026-08-16 17:17:28,full_ctta,transistor,monitor,C:/cira_batch_test/transistor/bad_10.png,bad_10.png,anomaly,True,0.12718656659126282,0.12718656659126282,0.08374595860198465,0.08374595860198465,0.075458013266325,False,False,16000,False,,False,0.0,cpu,patch_nearest_normal,last2,14,0.05,False,,,0.00017282429325859994,0.000183458399987945,False,True,True,True
2026-08-16 17:17:30,full_ctta,transistor,monitor,C:/cira_batch_test/transistor/good_4.png,good_4.png,normal,False,0.05885683372616768,2.74181360282455e-07,0.08374595860198465,0.08374595860198465,0.075458013266325,False,True,16000,True,0.0001925901451613754,True,0.0026082326658070087,cpu,patch_nearest_normal,last2,14,0.05,False,,,0.0001599256502231583,0.000183458399987945,True,True,True,True
2026-08-16 17:17:32,full_ctta,transistor,monitor,C:/cira_batch_test/transistor/bad_5.png,bad_5.png,anomaly,True,0.11330971866846085,0.11330971866846085,0.08374595860198465,0.08374595860198465,0.075458013266325,False,False,16000,False,,False,0.0,cpu,patch_nearest_normal,last2,14,0.05,False,,,0.00019251002231612802,0.000183458399987945,False,False,True,True
2026-08-16 17:17:33,full_ctta,transistor,monitor,C:/cira_batch_test/transistor/good_20.png,good_20.png,normal,False,0.06911724805831909,2.682209014892578e-07,0.08374595860198465,0.08374595860198465,0.075458013266325,False,True,16000,True,0.00019068129768129438,True,0.0026028372813016176,cpu,patch_nearest_normal,last2,14,0.05,False,,,0.00017858851060736924,0.000183458399987945,True,True,True,True
2026-08-16 17:17:35,full_ctta,transistor,monitor,C:/cira_batch_test/transistor/good_18.png,good_18.png,normal,False,0.06288138031959534,3.039836826701503e-07,0.08374595860198465,0.08374595860198465,0.075458013266325,False,True,16000,True,0.00020296030561439693,True,0.0025967066176235676,cpu,patch_nearest_normal,last2,14,0.05,False,,,0.0001765169872669503,0.000183458399987945,True,True,True,True
2026-08-16 17:17:37,full_ctta,transistor,monitor,C:/cira_batch_test/transistor/good_11.png,good_11.png,normal,False,0.05940979719161987,0.05940979719161987,0.08374595860198465,0.08374595860198465,0.075458013266325,False,False,16000,False,,False,0.0,cpu,patch_nearest_normal,last2,14,0.05,False,,,0.0001871298300102353,0.000183458399987945,True,False,True,True
2026-08-16 17:17:39,full_ctta,transistor,monitor,C:/cira_batch_test/transistor/good_9.png,good_9.png,normal,False,0.07235986739397049,0.07235986739397049,0.08374595860198465,0.08374595860198465,0.075458013266325,False,False,16000,False,,False,0.0,cpu,patch_nearest_normal,last2,14,0.05,False,,,0.00018963791080750525,0.000183458399987945,True,False,True,True
2026-08-16 17:17:40,full_ctta,transistor,monitor,C:/cira_batch_test/transistor/good_16.png,good_16.png,normal,False,0.06985744088888168,0.06985744088888168,0.08374595860198465,0.08374595860198465,0.075458013266325,False,False,16000,False,,False,0.0,cpu,patch_nearest_normal,last2,14,0.05,False,,,0.00019386121130082756,0.000183458399987945,True,False,True,True
2026-08-16 17:17:42,full_ctta,transistor,monitor,C:/cira_batch_test/transistor/bad_7.png,bad_7.png,anomaly,True,0.12638595700263977,0.12638595700263977,0.08374595860198465,0.08374595860198465,0.075458013266325,False,False,16000,False,,False,0.0,cpu,patch_nearest_normal,last2,14,0.05,False,,,0.00017097052477765828,0.000183458399987945,False,True,True,True
2026-08-16 17:17:44,full_ctta,transistor,monitor,C:/cira_batch_test/transistor/good_13.png,good_13.png,normal,False,0.05472039431333542,2.384185791015625e-07,0.08374595860198465,0.08374595860198465,0.075458013266325,False,True,16000,True,0.0001906081015476957,True,0.0025822254829108715,cpu,patch_nearest_normal,last2,14,0.05,False,,,0.00016787112690508366,0.000183458399987945,True,True,True,True
2026-08-16 17:17:46,full_ctta,transistor,monitor,C:/cira_batch_test/transistor/good_5.png,good_5.png,normal,False,0.06775717437267303,3.2186508747145126e-07,0.08374595860198465,0.08374595860198465,0.075458013266325,False,True,16000,True,0.00020790554117411375,True,0.002569658448919654,cpu,patch_nearest_normal,last2,14,0.05,True,C:\cira_ttl_checkpoints\transistor\patch_memory_bank_update_10.pt,C:\cira_ttl_checkpoints\transistor\patch_adapter_update_10.pt,0.00018135254504159093,0.000183458399987945,True,True,True,True
2026-08-16 17:17:47,full_ctta,transistor,monitor,C:/cira_batch_test/transistor/good_2.png,good_2.png,normal,False,0.0766822025179863,0.0766822025179863,0.08374595860198465,0.08374595860198465,0.075458013266325,False,False,16000,False,,False,0.0,cpu,patch_nearest_normal,last2,14,0.05,False,,,0.00016941747162491083,0.000183458399987945,False,True,True,True
2026-08-16 17:17:49,full_ctta,transistor,monitor,C:/cira_batch_test/transistor/bad_6.png,bad_6.png,normal,False,0.08329900354146957,0.08329900354146957,0.08374595860198465,0.08374595860198465,0.075458013266325,False,False,16000,False,,False,0.0,cpu,patch_nearest_normal,last2,14,0.05,False,,,0.0001538550277473405,0.000183458399987945,False,True,True,True
2026-08-16 17:17:51,full_ctta,transistor,monitor,C:/cira_batch_test/transistor/bad_14.png,bad_14.png,anomaly,True,0.09929628670215607,0.09929628670215607,0.08374595860198465,0.08374595860198465,0.075458013266325,False,False,16000,False,,False,0.0,cpu,patch_nearest_normal,last2,14,0.05,False,,,0.0001620359835214913,0.000183458399987945,False,True,True,True
2026-08-16 17:17:52,full_ctta,transistor,monitor,C:/cira_batch_test/transistor/good_3.png,good_3.png,normal,False,0.07936147600412369,0.07936147600412369,0.08374595860198465,0.08374595860198465,0.075458013266325,False,False,16000,False,,False,0.0,cpu,patch_nearest_normal,last2,14,0.05,False,,,0.00015867935144342482,0.000183458399987945,False,True,True,True
2026-08-16 17:17:54,full_ctta,transistor,monitor,C:/cira_batch_test/transistor/bad_4.png,bad_4.png,anomaly,True,0.09147662669420242,0.09147662669420242,0.08374595860198465,0.08374595860198465,0.075458013266325,False,False,16000,False,,False,0.0,cpu,patch_nearest_normal,last2,14,0.05,False,,,0.00013023643987253308,0.000183458399987945,False,True,True,True
2026-08-16 17:17:55,full_ctta,transistor,monitor,C:/cira_batch_test/transistor/bad_15.png,bad_15.png,anomaly,True,0.093247190117836,0.093247190117836,0.08374595860198465,0.08374595860198465,0.075458013266325,False,False,16000,False,,False,0.0,cpu,patch_nearest_normal,last2,14,0.05,False,,,0.0001698485721135512,0.000183458399987945,False,True,True,True
2026-08-16 17:17:57,full_ctta,transistor,monitor,C:/cira_batch_test/transistor/good_8.png,good_8.png,normal,False,0.05790727585554123,3.457069510659494e-07,0.08374595860198465,0.08374595860198465,0.075458013266325,False,True,16000,True,0.00017297128215432167,True,0.0025576548650860786,cpu,patch_nearest_normal,last2,14,0.05,False,,,0.00016771840455476195,0.000183458399987945,True,True,True,True
2026-08-16 17:17:59,full_ctta,transistor,monitor,C:/cira_batch_test/transistor/bad_3.png,bad_3.png,anomaly,True,0.09968332201242447,0.09968332201242447,0.08374595860198465,0.08374595860198465,0.075458013266325,False,False,16000,False,,False,0.0,cpu,patch_nearest_normal,last2,14,0.05,False,,,0.0001517634082119912,0.000183458399987945,False,True,True,True
2026-08-16 17:18:01,full_ctta,transistor,monitor,C:/cira_batch_test/transistor/bad_11.png,bad_11.png,normal,False,0.07439179718494415,2.74181360282455e-07,0.08374595860198465,0.08374595860198465,0.075458013266325,False,True,16000,True,0.000184990291018039,True,0.0025471847038716078,cpu,patch_nearest_normal,last2,14,0.05,False,,,0.00017117640527430922,0.000183458399987945,True,True,True,True
2026-08-16 17:18:03,full_ctta,transistor,monitor,C:/cira_batch_test/transistor/good_19.png,good_19.png,normal,False,0.06867285072803497,2.8610230629055877e-07,0.08374595860198465,0.08374595860198465,0.075458013266325,False,True,16000,True,0.00017703542835079134,True,0.002541622146964073,cpu,patch_nearest_normal,last2,14,0.05,False,,,0.00016940479690674692,0.000183458399987945,True,True,True,True
2026-08-16 17:18:04,full_ctta,transistor,monitor,C:/cira_batch_test/transistor/good_12.png,good_12.png,normal,False,0.051536936312913895,2.8014181907565217e-07,0.08374595860198465,0.08374595860198465,0.075458013266325,False,True,16000,True,0.00019803110626526177,True,0.002536048647016287,cpu,patch_nearest_normal,last2,14,0.05,False,,,0.00017663018661551178,0.000183458399987945,True,True,True,True
2026-08-16 17:18:06,full_ctta,transistor,monitor,C:/cira_batch_test/transistor/good_15.png,good_15.png,normal,False,0.06849260628223419,2.3245812030836532e-07,0.08374595860198465,0.08374595860198465,0.075458013266325,False,True,16000,True,0.00019115662144031376,True,0.0025445003993809223,cpu,patch_nearest_normal,last2,14,0.05,False,,,0.00017677452706266195,0.000183458399987945,True,True,True,True
2026-08-16 17:18:08,full_ctta,transistor,monitor,C:/cira_batch_test/transistor/bad_17.png,bad_17.png,anomaly,True,0.196750670671463,0.196750670671463,0.08374595860198465,0.08374595860198465,0.075458013266325,False,False,16000,False,,False,0.0,cpu,patch_nearest_normal,last2,14,0.05,False,,,0.00016400788445025682,0.000183458399987945,False,True,True,True
2026-08-16 17:18:10,full_ctta,transistor,monitor,C:/cira_batch_test/transistor/bad_19.png,bad_19.png,anomaly,True,0.09794487804174423,0.09794487804174423,0.08374595860198465,0.08374595860198465,0.075458013266325,False,False,16000,False,,False,0.0,cpu,patch_nearest_normal,last2,14,0.05,False,,,0.00016263035649899393,0.000183458399987945,False,True,True,True
2026-08-16 17:18:11,full_ctta,transistor,monitor,C:/cira_batch_test/transistor/bad_1.png,bad_1.png,anomaly,True,0.12243781238794327,0.12243781238794327,0.08374595860198465,0.08374595860198465,0.075458013266325,False,False,16000,False,,False,0.0,cpu,patch_nearest_normal,last2,14,0.05,False,,,0.00017499829118605703,0.000183458399987945,False,True,True,True
2026-08-16 17:18:13,full_ctta,transistor,monitor,C:/cira_batch_test/transistor/good_14.png,good_14.png,normal,False,0.0582474060356617,0.0582474060356617,0.08374595860198465,0.08374595860198465,0.075458013266325,False,False,16000,False,,False,0.0,cpu,patch_nearest_normal,last2,14,0.05,False,,,0.00018537694995757192,0.000183458399987945,True,False,True,True
2026-08-16 17:18:15,full_ctta,wood,monitor,C:/cira_batch_test/wood/good_1.png,good_1.png,normal,False,0.035984765738248825,3.337860050578456e-07,0.04761727861349719,0.04761727861349719,0.037343646213412296,False,True,16000,True,8.964082371676341e-05,True,0.002952219918370247,cpu,patch_nearest_normal,last2,14,0.05,False,,,8.491039625369012e-05,0.00010775983100752,True,True,True,True
2026-08-16 17:18:17,full_ctta,wood,monitor,C:/cira_batch_test/wood/bad_16.png,bad_16.png,anomaly,True,0.21783509850502014,0.21783509850502014,0.04761727861349719,0.04761727861349719,0.037343646213412296,False,False,16000,False,,False,0.0,cpu,patch_nearest_normal,last2,14,0.05,False,,,7.79713736847043e-05,0.00010775983100752,False,True,True,True
2026-08-16 17:18:18,full_ctta,wood,monitor,C:/cira_batch_test/wood/bad_20.png,bad_20.png,anomaly,True,0.17086485028266907,0.17086485028266907,0.04761727861349719,0.04761727861349719,0.037343646213412296,False,False,16000,False,,False,0.0,cpu,patch_nearest_normal,last2,14,0.05,False,,,9.809755283640698e-05,0.00010775983100752,False,True,True,True
2026-08-16 17:18:20,full_ctta,wood,monitor,C:/cira_batch_test/wood/bad_12.png,bad_12.png,anomaly,True,0.1832839697599411,0.1832839697599411,0.04761727861349719,0.04761727861349719,0.037343646213412296,False,False,16000,False,,False,0.0,cpu,patch_nearest_normal,last2,14,0.05,False,,,0.00015114709094632417,0.00010775983100752,False,False,True,True
2026-08-16 17:18:22,full_ctta,wood,monitor,C:/cira_batch_test/wood/good_17.png,good_17.png,normal,False,0.03983168676495552,0.03983168676495552,0.04761727861349719,0.04761727861349719,0.037343646213412296,False,False,16000,False,,False,0.0,cpu,patch_nearest_normal,last2,14,0.05,False,,,0.00010218570969300345,0.00010775983100752,False,True,True,True
2026-08-16 17:18:23,full_ctta,wood,monitor,C:/cira_batch_test/wood/bad_9.png,bad_9.png,anomaly,True,0.21407802402973175,0.21407802402973175,0.04761727861349719,0.04761727861349719,0.037343646213412296,False,False,16000,False,,False,0.0,cpu,patch_nearest_normal,last2,14,0.05,False,,,7.664401346119121e-05,0.00010775983100752,False,True,True,True
2026-08-16 17:18:25,full_ctta,wood,monitor,C:/cira_batch_test/wood/bad_18.png,bad_18.png,anomaly,True,0.39866453409194946,0.39866453409194946,0.04761727861349719,0.04761727861349719,0.037343646213412296,False,False,16000,False,,False,0.0,cpu,patch_nearest_normal,last2,14,0.05,False,,,8.475479990011081e-05,0.00010775983100752,False,True,True,True
2026-08-16 17:18:27,full_ctta,wood,monitor,C:/cira_batch_test/wood/bad_13.png,bad_13.png,anomaly,True,0.31546521186828613,0.31546521186828613,0.04761727861349719,0.04761727861349719,0.037343646213412296,False,False,16000,False,,False,0.0,cpu,patch_nearest_normal,last2,14,0.05,False,,,8.802863158052787e-05,0.00010775983100752,False,True,True,True
2026-08-16 17:18:28,full_ctta,wood,monitor,C:/cira_batch_test/wood/bad_2.png,bad_2.png,anomaly,True,0.2759014070034027,0.2759014070034027,0.04761727861349719,0.04761727861349719,0.037343646213412296,False,False,16000,False,,False,0.0,cpu,patch_nearest_normal,last2,14,0.05,False,,,0.00010555705375736579,0.00010775983100752,False,True,True,True
2026-08-16 17:18:30,full_ctta,wood,monitor,C:/cira_batch_test/wood/good_6.png,good_6.png,normal,False,0.02315731719136238,2.980232238769531e-07,0.04761727861349719,0.04761727861349719,0.037343646213412296,False,True,16000,True,8.013489423319697e-05,True,0.002763438271358609,cpu,patch_nearest_normal,last2,14,0.05,False,,,7.716196705587208e-05,0.00010775983100752,True,True,True,True
2026-08-16 17:18:32,full_ctta,wood,monitor,C:/cira_batch_test/wood/good_10.png,good_10.png,anomaly,True,0.0898466557264328,0.0898466557264328,0.04761727861349719,0.04761727861349719,0.037343646213412296,False,False,16000,False,,False,0.0,cpu,patch_nearest_normal,last2,14,0.05,False,,,0.00012030586367473006,0.00010775983100752,False,False,True,True
2026-08-16 17:18:34,full_ctta,wood,monitor,C:/cira_batch_test/wood/good_7.png,good_7.png,normal,False,0.020475249737501144,2.74181360282455e-07,0.04761727861349719,0.04761727861349719,0.037343646213412296,False,True,16000,True,9.295954805565998e-05,True,0.0027242761570960283,cpu,patch_nearest_normal,last2,14,0.05,False,,,9.07158901100047e-05,0.00010775983100752,True,True,True,True
2026-08-16 17:18:35,full_ctta,wood,monitor,C:/cira_batch_test/wood/bad_8.png,bad_8.png,anomaly,True,0.22143511474132538,0.22143511474132538,0.04761727861349719,0.04761727861349719,0.037343646213412296,False,False,16000,False,,False,0.0,cpu,patch_nearest_normal,last2,14,0.05,False,,,8.012537000468001e-05,0.00010775983100752,False,True,True,True
2026-08-16 17:18:37,full_ctta,wood,monitor,C:/cira_batch_test/wood/bad_10.png,bad_10.png,anomaly,True,0.27770113945007324,0.27770113945007324,0.04761727861349719,0.04761727861349719,0.037343646213412296,False,False,16000,False,,False,0.0,cpu,patch_nearest_normal,last2,14,0.05,False,,,7.729628123342991e-05,0.00010775983100752,False,True,True,True
2026-08-16 17:18:39,full_ctta,wood,monitor,C:/cira_batch_test/wood/good_4.png,good_4.png,normal,False,0.017040306702256203,2.6226044269606064e-07,0.04761727861349719,0.04761727861349719,0.037343646213412296,False,True,16000,True,8.248613448813558e-05,True,0.0027028003241866827,cpu,patch_nearest_normal,last2,14,0.05,False,,,7.281572470674291e-05,0.00010775983100752,True,True,True,True
2026-08-16 17:18:41,full_ctta,wood,monitor,C:/cira_batch_test/wood/bad_5.png,bad_5.png,anomaly,True,0.24007587134838104,0.24007587134838104,0.04761727861349719,0.04761727861349719,0.037343646213412296,False,False,16000,False,,False,0.0,cpu,patch_nearest_normal,last2,14,0.05,False,,,0.00010539487993810326,0.00010775983100752,False,True,True,True
2026-08-16 17:18:43,full_ctta,wood,monitor,C:/cira_batch_test/wood/good_20.png,good_20.png,normal,False,0.026416342705488205,3.337860050578456e-07,0.04761727861349719,0.04761727861349719,0.037343646213412296,False,True,16000,True,0.00010623173147905618,True,0.0026345604564994574,cpu,patch_nearest_normal,last2,14,0.05,False,,,9.864215098787099e-05,0.00010775983100752,True,True,True,True
2026-08-16 17:18:44,full_ctta,wood,monitor,C:/cira_batch_test/wood/good_18.png,good_18.png,normal,False,0.03964061662554741,0.03964061662554741,0.04761727861349719,0.04761727861349719,0.037343646213412296,False,False,16000,False,,False,0.0,cpu,patch_nearest_normal,last2,14,0.05,False,,,0.00010106358968187124,0.00010775983100752,False,True,True,True
2026-08-16 17:18:46,full_ctta,wood,monitor,C:/cira_batch_test/wood/good_11.png,good_11.png,normal,False,0.03580440208315849,2.74181360282455e-07,0.04761727861349719,0.04761727861349719,0.037343646213412296,False,True,16000,True,0.00011301652557449415,True,0.0025176836643368006,cpu,patch_nearest_normal,last2,14,0.05,False,,,0.00010633641795720905,0.00010775983100752,True,True,True,True
2026-08-16 17:18:48,full_ctta,wood,monitor,C:/cira_batch_test/wood/good_9.png,good_9.png,normal,False,0.03407067060470581,0.03407067060470581,0.04761727861349719,0.04761727861349719,0.037343646213412296,False,False,16000,False,,False,0.0,cpu,patch_nearest_normal,last2,14,0.05,False,,,0.00011420898226788267,0.00010775983100752,True,False,True,True
2026-08-16 17:18:50,full_ctta,wood,monitor,C:/cira_batch_test/wood/good_16.png,good_16.png,normal,False,0.03654487058520317,0.03654487058520317,0.04761727861349719,0.04761727861349719,0.037343646213412296,False,False,16000,False,,False,0.0,cpu,patch_nearest_normal,last2,14,0.05,False,,,0.00010859327448997647,0.00010775983100752,True,False,True,True
2026-08-16 17:18:51,full_ctta,wood,monitor,C:/cira_batch_test/wood/bad_7.png,bad_7.png,anomaly,True,0.0983821302652359,0.0983821302652359,0.04761727861349719,0.04761727861349719,0.037343646213412296,False,False,16000,False,,False,0.0,cpu,patch_nearest_normal,last2,14,0.05,False,,,9.762147965375334e-05,0.00010775983100752,False,True,True,True
2026-08-16 17:18:53,full_ctta,wood,monitor,C:/cira_batch_test/wood/good_13.png,good_13.png,normal,False,0.031468380242586136,0.031468380242586136,0.04761727861349719,0.04761727861349719,0.037343646213412296,False,False,16000,False,,False,0.0,cpu,patch_nearest_normal,last2,14,0.05,False,,,0.00011409047147026286,0.00010775983100752,True,False,True,True
2026-08-16 17:18:55,full_ctta,wood,monitor,C:/cira_batch_test/wood/good_5.png,good_5.png,normal,False,0.020254045724868774,3.457069510659494e-07,0.04761727861349719,0.04761727861349719,0.037343646213412296,False,True,16000,True,8.26664618216455e-05,True,0.0025209130253642797,cpu,patch_nearest_normal,last2,14,0.05,False,,,7.567241118522361e-05,0.00010775983100752,True,True,True,True
2026-08-16 17:18:57,full_ctta,wood,monitor,C:/cira_batch_test/wood/good_2.png,good_2.png,normal,False,0.022387390956282616,2.384185791015625e-07,0.04761727861349719,0.04761727861349719,0.037343646213412296,False,True,16000,True,8.818139758659527e-05,True,0.002537050750106573,cpu,patch_nearest_normal,last2,14,0.05,False,,,8.256536966655403e-05,0.00010775983100752,True,True,True,True
2026-08-16 17:18:59,full_ctta,wood,monitor,C:/cira_batch_test/wood/bad_6.png,bad_6.png,anomaly,True,0.2224549800157547,0.2224549800157547,0.04761727861349719,0.04761727861349719,0.037343646213412296,False,False,16000,False,,False,0.0,cpu,patch_nearest_normal,last2,14,0.05,False,,,0.00012653817248065025,0.00010775983100752,False,False,True,True
2026-08-16 17:19:00,full_ctta,wood,monitor,C:/cira_batch_test/wood/bad_14.png,bad_14.png,anomaly,True,0.2397805154323578,0.2397805154323578,0.04761727861349719,0.04761727861349719,0.037343646213412296,False,False,16000,False,,False,0.0,cpu,patch_nearest_normal,last2,14,0.05,False,,,8.630739466752857e-05,0.00010775983100752,False,True,True,True
2026-08-16 17:19:02,full_ctta,wood,monitor,C:/cira_batch_test/wood/good_3.png,good_3.png,normal,False,0.021216904744505882,2.8014181907565217e-07,0.04761727861349719,0.04761727861349719,0.037343646213412296,False,True,16000,True,8.260196045739576e-05,True,0.0025414482224732637,cpu,patch_nearest_normal,last2,14,0.05,False,,,8.333365258295089e-05,0.00010775983100752,True,True,True,True
2026-08-16 17:19:04,full_ctta,wood,monitor,C:/cira_batch_test/wood/bad_4.png,bad_4.png,anomaly,True,0.3489082157611847,0.3489082157611847,0.04761727861349719,0.04761727861349719,0.037343646213412296,False,False,16000,False,,False,0.0,cpu,patch_nearest_normal,last2,14,0.05,False,,,8.961565617937595e-05,0.00010775983100752,False,True,True,True
2026-08-16 17:19:05,full_ctta,wood,monitor,C:/cira_batch_test/wood/bad_15.png,bad_15.png,anomaly,True,0.21511141955852509,0.21511141955852509,0.04761727861349719,0.04761727861349719,0.037343646213412296,False,False,16000,False,,False,0.0,cpu,patch_nearest_normal,last2,14,0.05,False,,,9.47805674513802e-05,0.00010775983100752,False,True,True,True
2026-08-16 17:19:07,full_ctta,wood,monitor,C:/cira_batch_test/wood/good_8.png,good_8.png,normal,False,0.034395813941955566,0.034395813941955566,0.04761727861349719,0.04761727861349719,0.037343646213412296,False,False,16000,False,,False,0.0,cpu,patch_nearest_normal,last2,14,0.05,False,,,0.00013340999430511147,0.00010775983100752,True,False,True,True
2026-08-16 17:19:09,full_ctta,wood,monitor,C:/cira_batch_test/wood/bad_3.png,bad_3.png,anomaly,True,0.25366249680519104,0.25366249680519104,0.04761727861349719,0.04761727861349719,0.037343646213412296,False,False,16000,False,,False,0.0,cpu,patch_nearest_normal,last2,14,0.05,False,,,0.0001435574667993933,0.00010775983100752,False,False,True,True
2026-08-16 17:19:10,full_ctta,wood,monitor,C:/cira_batch_test/wood/bad_11.png,bad_11.png,anomaly,True,0.08598613739013672,0.08598613739013672,0.04761727861349719,0.04761727861349719,0.037343646213412296,False,False,16000,False,,False,0.0,cpu,patch_nearest_normal,last2,14,0.05,False,,,7.00817399774678e-05,0.00010775983100752,False,True,True,True
2026-08-16 17:19:12,full_ctta,wood,monitor,C:/cira_batch_test/wood/good_19.png,good_19.png,anomaly,True,0.0519215390086174,0.0519215390086174,0.04761727861349719,0.04761727861349719,0.037343646213412296,False,False,16000,False,,False,0.0,cpu,patch_nearest_normal,last2,14,0.05,False,,,9.805132867768407e-05,0.00010775983100752,False,True,True,True
2026-08-16 17:19:14,full_ctta,wood,monitor,C:/cira_batch_test/wood/good_12.png,good_12.png,normal,False,0.026408499106764793,3.516674098591466e-07,0.04761727861349719,0.04761727861349719,0.037343646213412296,False,True,16000,True,0.00010929898417089134,True,0.002510652644559741,cpu,patch_nearest_normal,last2,14,0.05,True,C:\cira_ttl_checkpoints\wood\patch_memory_bank_update_10.pt,C:\cira_ttl_checkpoints\wood\patch_adapter_update_10.pt,0.0001064519165083766,0.00010775983100752,True,True,True,True
2026-08-16 17:19:16,full_ctta,wood,monitor,C:/cira_batch_test/wood/good_15.png,good_15.png,anomaly,True,0.05160784721374512,0.05160784721374512,0.04761727861349719,0.04761727861349719,0.037343646213412296,False,False,16000,False,,False,0.0,cpu,patch_nearest_normal,last2,14,0.05,False,,,9.759458771441132e-05,0.00010775983100752,False,True,True,True
2026-08-16 17:19:17,full_ctta,wood,monitor,C:/cira_batch_test/wood/bad_17.png,bad_17.png,anomaly,True,0.3662758469581604,0.3662758469581604,0.04761727861349719,0.04761727861349719,0.037343646213412296,False,False,16000,False,,False,0.0,cpu,patch_nearest_normal,last2,14,0.05,False,,,9.026350016938522e-05,0.00010775983100752,False,True,True,True
2026-08-16 17:19:19,full_ctta,wood,monitor,C:/cira_batch_test/wood/bad_19.png,bad_19.png,anomaly,True,0.21862773597240448,0.21862773597240448,0.04761727861349719,0.04761727861349719,0.037343646213412296,False,False,16000,False,,False,0.0,cpu,patch_nearest_normal,last2,14,0.05,False,,,9.636105824029073e-05,0.00010775983100752,False,True,True,True
2026-08-16 17:19:21,full_ctta,wood,monitor,C:/cira_batch_test/wood/bad_1.png,bad_1.png,anomaly,True,0.3486518859863281,0.3486518859863281,0.04761727861349719,0.04761727861349719,0.037343646213412296,False,False,16000,False,,False,0.0,cpu,patch_nearest_normal,last2,14,0.05,False,,,8.968706970335916e-05,0.00010775983100752,False,True,True,True
2026-08-16 17:19:22,full_ctta,wood,monitor,C:/cira_batch_test/wood/good_14.png,good_14.png,normal,False,0.026837479323148727,0.026837479323148727,0.04761727861349719,0.04761727861349719,0.037343646213412296,False,False,16000,False,,False,0.0,cpu,patch_nearest_normal,last2,14,0.05,False,,,0.00011104906297987327,0.00010775983100752,True,False,True,True
2026-08-16 17:19:24,full_ctta,zipper,monitor,C:/cira_batch_test/zipper/good_1.png,good_1.png,normal,False,0.02195020392537117,2.6226044269606064e-07,0.026937197228883013,0.026937197228883013,0.026275477930903436,False,True,16000,True,0.00011741467460524291,True,0.0029695192351937294,cpu,patch_nearest_normal,last2,14,0.05,False,,,0.0001143744884757325,0.00012004206546407001,True,True,True,True
2026-08-16 17:19:26,full_ctta,zipper,monitor,C:/cira_batch_test/zipper/bad_16.png,bad_16.png,anomaly,True,0.04843549057841301,0.04843549057841301,0.026937197228883013,0.026937197228883013,0.026275477930903436,False,False,16000,False,,False,0.0,cpu,patch_nearest_normal,last2,14,0.05,False,,,0.00012253479508217424,0.00012004206546407001,False,False,True,True
2026-08-16 17:19:27,full_ctta,zipper,monitor,C:/cira_batch_test/zipper/bad_20.png,bad_20.png,anomaly,True,0.04825098440051079,0.04825098440051079,0.026937197228883013,0.026937197228883013,0.026275477930903436,False,False,16000,False,,False,0.0,cpu,patch_nearest_normal,last2,14,0.05,False,,,0.00010098693746840581,0.00012004206546407001,False,True,True,True
2026-08-16 17:19:29,full_ctta,zipper,monitor,C:/cira_batch_test/zipper/bad_12.png,bad_12.png,normal,False,0.0241120345890522,2.682209014892578e-07,0.026937197228883013,0.026937197228883013,0.026275477930903436,False,True,16000,True,0.00010977738565998152,True,0.002782110357657075,cpu,patch_nearest_normal,last2,14,0.05,False,,,9.143019269686192e-05,0.00012004206546407001,True,True,True,True
2026-08-16 17:19:31,full_ctta,zipper,monitor,C:/cira_batch_test/zipper/good_17.png,good_17.png,normal,False,0.022829866036772728,2.980232238769531e-07,0.026937197228883013,0.026937197228883013,0.026275477930903436,False,True,16000,True,0.00012127758236601949,True,0.002716850722208619,cpu,patch_nearest_normal,last2,14,0.05,False,,,0.00010749360080808401,0.00012004206546407001,True,True,True,True
2026-08-16 17:19:33,full_ctta,zipper,monitor,C:/cira_batch_test/zipper/bad_9.png,bad_9.png,anomaly,True,0.13831257820129395,0.13831257820129395,0.026937197228883013,0.026937197228883013,0.026275477930903436,False,False,16000,False,,False,0.0,cpu,patch_nearest_normal,last2,14,0.05,False,,,0.00010705689783208072,0.00012004206546407001,False,True,True,True
2026-08-16 17:19:34,full_ctta,zipper,monitor,C:/cira_batch_test/zipper/bad_18.png,bad_18.png,anomaly,True,0.06985645741224289,0.06985645741224289,0.026937197228883013,0.026937197228883013,0.026275477930903436,False,False,16000,False,,False,0.0,cpu,patch_nearest_normal,last2,14,0.05,False,,,0.00010639407264534384,0.00012004206546407001,False,True,True,True
2026-08-16 17:19:36,full_ctta,zipper,monitor,C:/cira_batch_test/zipper/bad_13.png,bad_13.png,anomaly,True,0.040009379386901855,0.040009379386901855,0.026937197228883013,0.026937197228883013,0.026275477930903436,False,False,16000,False,,False,0.0,cpu,patch_nearest_normal,last2,14,0.05,False,,,0.00012087656796211377,0.00012004206546407001,False,False,True,True
2026-08-16 17:19:38,full_ctta,zipper,monitor,C:/cira_batch_test/zipper/bad_2.png,bad_2.png,anomaly,True,0.046569474041461945,0.046569474041461945,0.026937197228883013,0.026937197228883013,0.026275477930903436,False,False,16000,False,,False,0.0,cpu,patch_nearest_normal,last2,14,0.05,False,,,0.00012250793224666268,0.00012004206546407001,False,False,True,True
2026-08-16 17:19:40,full_ctta,zipper,monitor,C:/cira_batch_test/zipper/good_6.png,good_6.png,normal,False,0.022344816476106644,2.8014181907565217e-07,0.026937197228883013,0.026937197228883013,0.026275477930903436,False,True,16000,True,0.0001209337860927917,True,0.0026930468156933784,cpu,patch_nearest_normal,last2,14,0.05,False,,,0.00010683436994440854,0.00012004206546407001,True,True,True,True
2026-08-16 17:19:41,full_ctta,zipper,monitor,C:/cira_batch_test/zipper/good_10.png,good_10.png,normal,False,0.022498900070786476,3.337860050578456e-07,0.026937197228883013,0.026937197228883013,0.026275477930903436,False,True,16000,True,0.00011653414549073204,True,0.0026668189093470573,cpu,patch_nearest_normal,last2,14,0.05,False,,,0.00010597897926345468,0.00012004206546407001,True,True,True,True
2026-08-16 17:19:43,full_ctta,zipper,monitor,C:/cira_batch_test/zipper/good_7.png,good_7.png,normal,False,0.019889790564775467,3.337860050578456e-07,0.026937197228883013,0.026937197228883013,0.026275477930903436,False,True,16000,True,0.00012382295972201973,True,0.002666198182851076,cpu,patch_nearest_normal,last2,14,0.05,False,,,0.00010836000728886575,0.00012004206546407001,True,True,True,True
2026-08-16 17:19:45,full_ctta,zipper,monitor,C:/cira_batch_test/zipper/bad_8.png,bad_8.png,anomaly,True,0.13764819502830505,0.13764819502830505,0.026937197228883013,0.026937197228883013,0.026275477930903436,False,False,16000,False,,False,0.0,cpu,patch_nearest_normal,last2,14,0.05,False,,,0.00012130891991546378,0.00012004206546407001,False,False,True,True
2026-08-16 17:19:47,full_ctta,zipper,monitor,C:/cira_batch_test/zipper/bad_10.png,bad_10.png,normal,False,0.024189811199903488,2.3245812030836532e-07,0.026937197228883013,0.026937197228883013,0.026275477930903436,False,True,16000,True,0.00012384203728288412,True,0.002669286448508501,cpu,patch_nearest_normal,last2,14,0.05,False,,,0.00011561141582205892,0.00012004206546407001,True,True,True,True
2026-08-16 17:19:48,full_ctta,zipper,monitor,C:/cira_batch_test/zipper/good_4.png,good_4.png,normal,False,0.026805942878127098,0.026805942878127098,0.026937197228883013,0.026937197228883013,0.026275477930903436,False,False,16000,False,,False,0.0,cpu,patch_nearest_normal,last2,14,0.05,False,,,0.00010779407602967694,0.00012004206546407001,False,True,True,True
2026-08-16 17:19:50,full_ctta,zipper,monitor,C:/cira_batch_test/zipper/bad_5.png,bad_5.png,anomaly,True,0.04222910478711128,0.04222910478711128,0.026937197228883013,0.026937197228883013,0.026275477930903436,False,False,16000,False,,False,0.0,cpu,patch_nearest_normal,last2,14,0.05,False,,,0.00012004283053101972,0.00012004206546407001,False,False,True,True
2026-08-16 17:19:52,full_ctta,zipper,monitor,C:/cira_batch_test/zipper/good_20.png,good_20.png,normal,False,0.021347517147660255,2.682209014892578e-07,0.026937197228883013,0.026937197228883013,0.026275477930903436,False,True,16000,True,0.0001256577525055036,True,0.002669912064447999,cpu,patch_nearest_normal,last2,14,0.05,False,,,0.00010466563981026411,0.00012004206546407001,True,True,True,True
2026-08-16 17:19:54,full_ctta,zipper,monitor,C:/cira_batch_test/zipper/good_18.png,good_18.png,normal,False,0.018656587228178978,3.099441414633475e-07,0.026937197228883013,0.026937197228883013,0.026275477930903436,False,True,16000,True,0.00012616839376278222,True,0.002682028105482459,cpu,patch_nearest_normal,last2,14,0.05,False,,,0.00011036292562494054,0.00012004206546407001,True,True,True,True
2026-08-16 17:19:56,full_ctta,zipper,monitor,C:/cira_batch_test/zipper/good_11.png,good_11.png,normal,False,0.018538618460297585,2.8610230629055877e-07,0.026937197228883013,0.026937197228883013,0.026275477930903436,False,True,16000,True,0.00011342642392264679,True,0.002670424757525325,cpu,patch_nearest_normal,last2,14,0.05,True,C:\cira_ttl_checkpoints\zipper\patch_memory_bank_update_10.pt,C:\cira_ttl_checkpoints\zipper\patch_adapter_update_10.pt,0.00010895723971771076,0.00012004206546407001,True,True,True,True
2026-08-16 17:20:01,full_ctta,zipper,monitor,C:/cira_batch_test/zipper/good_9.png,good_9.png,normal,False,0.02155236527323723,3.099441414633475e-07,0.026937197228883013,0.026937197228883013,0.026275477930903436,False,True,16000,True,0.00012035007239319384,True,0.0026687385980039835,cpu,patch_nearest_normal,last2,14,0.05,False,,,0.0001083805545931682,0.00012004206546407001,True,True,True,True
2026-08-16 17:20:03,full_ctta,zipper,monitor,C:/cira_batch_test/zipper/good_16.png,good_16.png,normal,False,0.022610455751419067,2.74181360282455e-07,0.026937197228883013,0.026937197228883013,0.026275477930903436,False,True,16000,True,0.00012073344987584278,True,0.002676455769687891,cpu,patch_nearest_normal,last2,14,0.05,False,,,0.00011791309952968732,0.00012004206546407001,True,True,True,True
2026-08-16 17:20:04,full_ctta,zipper,monitor,C:/cira_batch_test/zipper/bad_7.png,bad_7.png,anomaly,True,0.08811824768781662,0.08811824768781662,0.026937197228883013,0.026937197228883013,0.026275477930903436,False,False,16000,False,,False,0.0,cpu,patch_nearest_normal,last2,14,0.05,False,,,0.00011474534403532743,0.00012004206546407001,False,True,True,True
2026-08-16 17:20:06,full_ctta,zipper,monitor,C:/cira_batch_test/zipper/good_13.png,good_13.png,normal,False,0.02353270724415779,2.9206276508375595e-07,0.026937197228883013,0.026937197228883013,0.026275477930903436,False,True,16000,True,0.00011377754708519205,True,0.0026598020922392607,cpu,patch_nearest_normal,last2,14,0.05,False,,,9.846891043707728e-05,0.00012004206546407001,True,True,True,True
2026-08-16 17:20:08,full_ctta,zipper,monitor,C:/cira_batch_test/zipper/good_5.png,good_5.png,anomaly,True,0.02704089879989624,0.02704089879989624,0.026937197228883013,0.026937197228883013,0.026275477930903436,False,False,16000,False,,False,0.0,cpu,patch_nearest_normal,last2,14,0.05,False,,,9.365739970235154e-05,0.00012004206546407001,False,True,True,True
2026-08-16 17:20:10,full_ctta,zipper,monitor,C:/cira_batch_test/zipper/good_2.png,good_2.png,normal,False,0.02541491948068142,2.980232238769531e-07,0.026937197228883013,0.026937197228883013,0.026275477930903436,False,True,16000,True,0.0001108527576434426,True,0.002645035507157445,cpu,patch_nearest_normal,last2,14,0.05,False,,,0.00010013883729698136,0.00012004206546407001,True,True,True,True
2026-08-16 17:20:11,full_ctta,zipper,monitor,C:/cira_batch_test/zipper/bad_6.png,bad_6.png,anomaly,True,0.08089135587215424,0.08089135587215424,0.026937197228883013,0.026937197228883013,0.026275477930903436,False,False,16000,False,,False,0.0,cpu,patch_nearest_normal,last2,14,0.05,False,,,0.00011262835323577747,0.00012004206546407001,False,True,True,True
2026-08-16 17:20:13,full_ctta,zipper,monitor,C:/cira_batch_test/zipper/bad_14.png,bad_14.png,anomaly,True,0.047419555485248566,0.047419555485248566,0.026937197228883013,0.026937197228883013,0.026275477930903436,False,False,16000,False,,False,0.0,cpu,patch_nearest_normal,last2,14,0.05,False,,,0.00012221130600664765,0.00012004206546407001,False,False,True,True
2026-08-16 17:20:15,full_ctta,zipper,monitor,C:/cira_batch_test/zipper/good_3.png,good_3.png,normal,False,0.02243463322520256,2.8014181907565217e-07,0.026937197228883013,0.026937197228883013,0.026275477930903436,False,True,16000,True,0.00011911798355868086,True,0.0026397465262562037,cpu,patch_nearest_normal,last2,14,0.05,False,,,0.00011318080214550719,0.00012004206546407001,True,True,True,True
2026-08-16 17:20:16,full_ctta,zipper,monitor,C:/cira_batch_test/zipper/bad_4.png,bad_4.png,anomaly,True,0.09815091639757156,0.09815091639757156,0.026937197228883013,0.026937197228883013,0.026275477930903436,False,False,16000,False,,False,0.0,cpu,patch_nearest_normal,last2,14,0.05,False,,,0.00011803693632828072,0.00012004206546407001,False,True,True,True
2026-08-16 17:20:18,full_ctta,zipper,monitor,C:/cira_batch_test/zipper/bad_15.png,bad_15.png,anomaly,True,0.06991353631019592,0.06991353631019592,0.026937197228883013,0.026937197228883013,0.026275477930903436,False,False,16000,False,,False,0.0,cpu,patch_nearest_normal,last2,14,0.05,False,,,0.00012055757542839274,0.00012004206546407001,False,False,True,True
2026-08-16 17:20:19,full_ctta,zipper,monitor,C:/cira_batch_test/zipper/good_8.png,good_8.png,normal,False,0.026282966136932373,0.026282966136932373,0.026937197228883013,0.026937197228883013,0.026275477930903436,False,False,16000,False,,False,0.0,cpu,patch_nearest_normal,last2,14,0.05,False,,,0.00010733396629802883,0.00012004206546407001,False,True,True,True
2026-08-16 17:20:21,full_ctta,zipper,monitor,C:/cira_batch_test/zipper/bad_3.png,bad_3.png,anomaly,True,0.028193403035402298,0.028193403035402298,0.026937197228883013,0.026937197228883013,0.026275477930903436,False,False,16000,False,,False,0.0,cpu,patch_nearest_normal,last2,14,0.05,False,,,0.00011756693129427731,0.00012004206546407001,False,True,True,True
2026-08-16 17:20:23,full_ctta,zipper,monitor,C:/cira_batch_test/zipper/bad_11.png,bad_11.png,anomaly,True,0.035566121339797974,0.035566121339797974,0.026937197228883013,0.026937197228883013,0.026275477930903436,False,False,16000,False,,False,0.0,cpu,patch_nearest_normal,last2,14,0.05,False,,,0.00010477977048140019,0.00012004206546407001,False,True,True,True
2026-08-16 17:20:24,full_ctta,zipper,monitor,C:/cira_batch_test/zipper/good_19.png,good_19.png,normal,False,0.020094335079193115,2.74181360282455e-07,0.026937197228883013,0.026937197228883013,0.026275477930903436,False,True,16000,True,0.00011875968630192801,True,0.0026381558272987604,cpu,patch_nearest_normal,last2,14,0.05,False,,,0.00011377042392268777,0.00012004206546407001,True,True,True,True
2026-08-16 17:20:26,full_ctta,zipper,monitor,C:/cira_batch_test/zipper/good_12.png,good_12.png,normal,False,0.021630942821502686,2.3245812030836532e-07,0.026937197228883013,0.026937197228883013,0.026275477930903436,False,True,16000,True,0.00010422362538520247,True,0.0026125265285372734,cpu,patch_nearest_normal,last2,14,0.05,False,,,0.00010271948121953756,0.00012004206546407001,True,True,True,True
2026-08-16 17:20:28,full_ctta,zipper,monitor,C:/cira_batch_test/zipper/good_15.png,good_15.png,normal,False,0.0178698543459177,3.8743019104003906e-07,0.026937197228883013,0.026937197228883013,0.026275477930903436,False,True,16000,True,0.00012136934674344957,True,0.002624983200803399,cpu,patch_nearest_normal,last2,14,0.05,False,,,0.00011323780927341431,0.00012004206546407001,True,True,True,True
2026-08-16 17:20:30,full_ctta,zipper,monitor,C:/cira_batch_test/zipper/bad_17.png,bad_17.png,anomaly,True,0.053984902799129486,0.053984902799129486,0.026937197228883013,0.026937197228883013,0.026275477930903436,False,False,16000,False,,False,0.0,cpu,patch_nearest_normal,last2,14,0.05,False,,,0.0001016807509586215,0.00012004206546407001,False,True,True,True
2026-08-16 17:20:31,full_ctta,zipper,monitor,C:/cira_batch_test/zipper/bad_19.png,bad_19.png,anomaly,True,0.052846509963274,0.052846509963274,0.026937197228883013,0.026937197228883013,0.026275477930903436,False,False,16000,False,,False,0.0,cpu,patch_nearest_normal,last2,14,0.05,False,,,0.00011872658069478348,0.00012004206546407001,False,True,True,True
2026-08-16 17:20:33,full_ctta,zipper,monitor,C:/cira_batch_test/zipper/bad_1.png,bad_1.png,anomaly,True,0.03303588554263115,0.03303588554263115,0.026937197228883013,0.026937197228883013,0.026275477930903436,False,False,16000,False,,False,0.0,cpu,patch_nearest_normal,last2,14,0.05,False,,,0.00012398220133036375,0.00012004206546407001,False,False,True,True
2026-08-16 17:20:35,full_ctta,zipper,monitor,C:/cira_batch_test/zipper/good_14.png,good_14.png,normal,False,0.01977900229394436,2.9206276508375595e-07,0.026937197228883013,0.026937197228883013,0.026275477930903436,False,True,16000,True,0.00012481279554776847,True,0.0026263627223670483,cpu,patch_nearest_normal,last2,14,0.05,False,,,0.00010907551768468693,0.00012004206546407001,True,True,True,True
