timestamp,experiment,category,mode,image_path,file_name,label,is_anomaly,score_before,anomaly_score,threshold,anomaly_threshold,update_threshold,threshold_reloaded,updated_memory,memory_size,update_allowed,update_loss,adapter_updated,adapter_delta_norm,device,score_method,feature_choice,patch_grid,patch_top_fraction,checkpoint_saved,checkpoint_memory_path,checkpoint_adapter_path,consistency_error,consistency_threshold,score_gate_pass,consistency_gate_pass,adapter_update_enabled,memory_update_enabled
2026-08-16 02:12:16,full_ctta,bottle,monitor,C:/cira_batch_test/bottle/good_1.png,good_1.png,normal,False,0.025081897154450417,2.3245812030836532e-07,0.02815022391963134,0.02815022391963134,0.02531116753816605,False,True,16000,True,0.00012037551641697064,True,0.002973109483718872,cpu,patch_nearest_normal,last2,14,0.05,False,,,0.00010853160347323865,0.00011476924591981,True,True,True,True
2026-08-16 02:12:18,full_ctta,bottle,monitor,C:/cira_batch_test/bottle/good_7.png,good_7.png,anomaly,True,0.03167969733476639,0.03167969733476639,0.02815022391963134,0.02815022391963134,0.02531116753816605,False,False,16000,False,,False,0.0,cpu,patch_nearest_normal,last2,14,0.05,False,,,0.00011343463120283559,0.00011476924591981,False,True,True,True
2026-08-16 02:12:20,full_ctta,bottle,monitor,C:/cira_batch_test/bottle/good_9.png,good_9.png,normal,False,0.02355349063873291,2.74181360282455e-07,0.02815022391963134,0.02815022391963134,0.02531116753816605,False,True,16000,True,0.00012147746019763872,True,0.0027942974120378494,cpu,patch_nearest_normal,last2,14,0.05,False,,,0.00010408573871245608,0.00011476924591981,True,True,True,True
2026-08-16 02:12:21,full_ctta,bottle,monitor,C:/cira_batch_test/bottle/bad_8.png,bad_8.png,anomaly,True,0.27945104241371155,0.27945104241371155,0.02815022391963134,0.02815022391963134,0.02531116753816605,False,False,16000,False,,False,0.0,cpu,patch_nearest_normal,last2,14,0.05,False,,,0.0001432913850294426,0.00011476924591981,False,False,True,True
2026-08-16 02:12:22,full_ctta,bottle,monitor,C:/cira_batch_test/bottle/bad_1.png,bad_1.png,anomaly,True,0.057293474674224854,0.057293474674224854,0.02815022391963134,0.02815022391963134,0.02531116753816605,False,False,16000,False,,False,0.0,cpu,patch_nearest_normal,last2,14,0.05,False,,,0.00011095001536887139,0.00011476924591981,False,True,True,True
2026-08-16 02:12:24,full_ctta,bottle,monitor,C:/cira_batch_test/bottle/bad_14.png,bad_14.png,anomaly,True,0.1749216616153717,0.1749216616153717,0.02815022391963134,0.02815022391963134,0.02531116753816605,False,False,16000,False,,False,0.0,cpu,patch_nearest_normal,last2,14,0.05,False,,,0.00011347240069881082,0.00011476924591981,False,True,True,True
2026-08-16 02:12:25,full_ctta,bottle,monitor,C:/cira_batch_test/bottle/bad_15.png,bad_15.png,anomaly,True,0.42687758803367615,0.42687758803367615,0.02815022391963134,0.02815022391963134,0.02531116753816605,False,False,16000,False,,False,0.0,cpu,patch_nearest_normal,last2,14,0.05,False,,,0.00013427308294922113,0.00011476924591981,False,False,True,True
2026-08-16 02:12:27,full_ctta,bottle,monitor,C:/cira_batch_test/bottle/good_19.png,good_19.png,normal,False,0.018382245674729347,3.2782554626464844e-07,0.02815022391963134,0.02815022391963134,0.02531116753816605,False,True,16000,True,0.0001106193958548829,True,0.0027447163593024015,cpu,patch_nearest_normal,last2,14,0.05,False,,,0.00010486612154636532,0.00011476924591981,True,True,True,True
2026-08-16 02:12:28,full_ctta,bottle,monitor,C:/cira_batch_test/bottle/bad_3.png,bad_3.png,anomaly,True,0.18917566537857056,0.18917566537857056,0.02815022391963134,0.02815022391963134,0.02531116753816605,False,False,16000,False,,False,0.0,cpu,patch_nearest_normal,last2,14,0.05,False,,,0.0001104765833588317,0.00011476924591981,False,True,True,True
2026-08-16 02:12:30,full_ctta,bottle,monitor,C:/cira_batch_test/bottle/good_5.png,good_5.png,normal,False,0.015264397487044334,2.2649764730431343e-07,0.02815022391963134,0.02815022391963134,0.02531116753816605,False,True,16000,True,0.0001181481929961592,True,0.0027365470305085182,cpu,patch_nearest_normal,last2,14,0.05,False,,,0.00010432173439767212,0.00011476924591981,True,True,True,True
2026-08-16 02:12:32,full_ctta,bottle,monitor,C:/cira_batch_test/bottle/good_16.png,good_16.png,normal,False,0.026135195046663284,0.026135195046663284,0.02815022391963134,0.02815022391963134,0.02531116753816605,False,False,16000,False,,False,0.0,cpu,patch_nearest_normal,last2,14,0.05,False,,,0.00010538836795603856,0.00011476924591981,False,True,True,True
2026-08-16 02:12:33,full_ctta,bottle,monitor,C:/cira_batch_test/bottle/good_14.png,good_14.png,normal,False,0.023650269955396652,3.337860050578456e-07,0.02815022391963134,0.02815022391963134,0.02531116753816605,False,True,16000,True,0.00011666357022477314,True,0.0027306622359901667,cpu,patch_nearest_normal,last2,14,0.05,False,,,0.00010064487287309021,0.00011476924591981,True,True,True,True
2026-08-16 02:12:35,full_ctta,bottle,monitor,C:/cira_batch_test/bottle/good_2.png,good_2.png,normal,False,0.02449706755578518,2.2649764730431343e-07,0.02815022391963134,0.02815022391963134,0.02531116753816605,False,True,16000,True,0.00012072821846231818,True,0.0027134339325129986,cpu,patch_nearest_normal,last2,14,0.05,False,,,0.00011447705037426203,0.00011476924591981,True,True,True,True
2026-08-16 02:12:36,full_ctta,bottle,monitor,C:/cira_batch_test/bottle/bad_13.png,bad_13.png,anomaly,True,0.26126211881637573,0.26126211881637573,0.02815022391963134,0.02815022391963134,0.02531116753816605,False,False,16000,False,,False,0.0,cpu,patch_nearest_normal,last2,14,0.05,False,,,0.00011690657265717164,0.00011476924591981,False,False,True,True
2026-08-16 02:12:38,full_ctta,bottle,monitor,C:/cira_batch_test/bottle/good_10.png,good_10.png,normal,False,0.02505393698811531,2.682209014892578e-07,0.02815022391963134,0.02815022391963134,0.02531116753816605,False,True,16000,True,0.00012130913091823459,True,0.0027135773561894894,cpu,patch_nearest_normal,last2,14,0.05,False,,,0.00010528718848945573,0.00011476924591981,True,True,True,True
2026-08-16 02:12:40,full_ctta,bottle,monitor,C:/cira_batch_test/bottle/bad_19.png,bad_19.png,anomaly,True,0.19922269880771637,0.19922269880771637,0.02815022391963134,0.02815022391963134,0.02531116753816605,False,False,16000,False,,False,0.0,cpu,patch_nearest_normal,last2,14,0.05,False,,,0.00011831081792479381,0.00011476924591981,False,False,True,True
2026-08-16 02:12:41,full_ctta,bottle,monitor,C:/cira_batch_test/bottle/good_4.png,good_4.png,normal,False,0.019245881587266922,2.8610230629055877e-07,0.02815022391963134,0.02815022391963134,0.02531116753816605,False,True,16000,True,0.0001127687719417736,True,0.002713167807087302,cpu,patch_nearest_normal,last2,14,0.05,False,,,0.00010209111496806145,0.00011476924591981,True,True,True,True
2026-08-16 02:12:43,full_ctta,bottle,monitor,C:/cira_batch_test/bottle/bad_12.png,bad_12.png,anomaly,True,0.225132018327713,0.225132018327713,0.02815022391963134,0.02815022391963134,0.02531116753816605,False,False,16000,False,,False,0.0,cpu,patch_nearest_normal,last2,14,0.05,False,,,0.00011048556916648522,0.00011476924591981,False,True,True,True
2026-08-16 02:12:44,full_ctta,bottle,monitor,C:/cira_batch_test/bottle/good_18.png,good_18.png,normal,False,0.01972184143960476,2.1457671550706436e-07,0.02815022391963134,0.02815022391963134,0.02531116753816605,False,True,16000,True,0.0001172526681330055,True,0.0027130190283060074,cpu,patch_nearest_normal,last2,14,0.05,False,,,0.0001043277807184495,0.00011476924591981,True,True,True,True
2026-08-16 02:12:46,full_ctta,bottle,monitor,C:/cira_batch_test/bottle/bad_16.png,bad_16.png,anomaly,True,0.30355125665664673,0.30355125665664673,0.02815022391963134,0.02815022391963134,0.02531116753816605,False,False,16000,False,,False,0.0,cpu,patch_nearest_normal,last2,14,0.05,False,,,0.00011123539297841489,0.00011476924591981,False,True,True,True
2026-08-16 02:12:48,full_ctta,bottle,monitor,C:/cira_batch_test/bottle/good_6.png,good_6.png,normal,False,0.017618488520383835,2.980232238769531e-07,0.02815022391963134,0.02815022391963134,0.02531116753816605,False,True,16000,True,0.000112387933768332,True,0.002710522385314107,cpu,patch_nearest_normal,last2,14,0.05,True,C:\cira_ttl_checkpoints\bottle\patch_memory_bank_update_10.pt,C:\cira_ttl_checkpoints\bottle\patch_adapter_update_10.pt,0.00010244268923997879,0.00011476924591981,True,True,True,True
2026-08-16 02:12:49,full_ctta,bottle,monitor,C:/cira_batch_test/bottle/good_13.png,good_13.png,normal,False,0.021204311400651932,2.6226044269606064e-07,0.02815022391963134,0.02815022391963134,0.02531116753816605,False,True,16000,True,0.00011754577280953526,True,0.002714059315621853,cpu,patch_nearest_normal,last2,14,0.05,False,,,0.0001093222526833415,0.00011476924591981,True,True,True,True
2026-08-16 02:12:51,full_ctta,bottle,monitor,C:/cira_batch_test/bottle/good_15.png,good_15.png,normal,False,0.01931251958012581,2.980232238769531e-07,0.02815022391963134,0.02815022391963134,0.02531116753816605,False,True,16000,True,0.00011558472760953009,True,0.00271197990514338,cpu,patch_nearest_normal,last2,14,0.05,False,,,0.00010384109918959439,0.00011476924591981,True,True,True,True
2026-08-16 02:12:53,full_ctta,bottle,monitor,C:/cira_batch_test/bottle/good_20.png,good_20.png,normal,False,0.024974655359983444,2.384185791015625e-07,0.02815022391963134,0.02815022391963134,0.02531116753816605,False,True,16000,True,0.00011571080540306866,True,0.0026987819001078606,cpu,patch_nearest_normal,last2,14,0.05,False,,,0.00011069000902352855,0.00011476924591981,True,True,True,True
2026-08-16 02:12:54,full_ctta,bottle,monitor,C:/cira_batch_test/bottle/bad_17.png,bad_17.png,anomaly,True,0.18585512042045593,0.18585512042045593,0.02815022391963134,0.02815022391963134,0.02531116753816605,False,False,16000,False,,False,0.0,cpu,patch_nearest_normal,last2,14,0.05,False,,,0.0001093770915758796,0.00011476924591981,False,True,True,True
2026-08-16 02:12:56,full_ctta,bottle,monitor,C:/cira_batch_test/bottle/good_11.png,good_11.png,normal,False,0.016575563699007034,2.2053718851111626e-07,0.02815022391963134,0.02815022391963134,0.02531116753816605,False,True,16000,True,0.00011303706560283899,True,0.0026918784715235233,cpu,patch_nearest_normal,last2,14,0.05,False,,,0.00010877499880734831,0.00011476924591981,True,True,True,True
2026-08-16 02:12:57,full_ctta,bottle,monitor,C:/cira_batch_test/bottle/bad_20.png,bad_20.png,anomaly,True,0.20698027312755585,0.20698027312755585,0.02815022391963134,0.02815022391963134,0.02531116753816605,False,False,16000,False,,False,0.0,cpu,patch_nearest_normal,last2,14,0.05,False,,,0.00010766115883598104,0.00011476924591981,False,True,True,True
2026-08-16 02:12:59,full_ctta,bottle,monitor,C:/cira_batch_test/bottle/good_8.png,good_8.png,normal,False,0.02005150355398655,2.8014181907565217e-07,0.02815022391963134,0.02815022391963134,0.02531116753816605,False,True,16000,True,0.0001078513014363125,True,0.0026775950100272894,cpu,patch_nearest_normal,last2,14,0.05,False,,,0.00010224511788692325,0.00011476924591981,True,True,True,True
2026-08-16 02:13:01,full_ctta,bottle,monitor,C:/cira_batch_test/bottle/bad_10.png,bad_10.png,anomaly,True,0.1674526482820511,0.1674526482820511,0.02815022391963134,0.02815022391963134,0.02531116753816605,False,False,16000,False,,False,0.0,cpu,patch_nearest_normal,last2,14,0.05,False,,,0.00012353097554296255,0.00011476924591981,False,False,True,True
2026-08-16 02:13:02,full_ctta,bottle,monitor,C:/cira_batch_test/bottle/good_3.png,good_3.png,normal,False,0.021207083016633987,2.682209014892578e-07,0.02815022391963134,0.02815022391963134,0.02531116753816605,False,True,16000,True,0.00010568057041382417,True,0.002671453868970275,cpu,patch_nearest_normal,last2,14,0.05,False,,,9.857537952484563e-05,0.00011476924591981,True,True,True,True
2026-08-16 02:13:04,full_ctta,bottle,monitor,C:/cira_batch_test/bottle/bad_11.png,bad_11.png,anomaly,True,0.0535263828933239,0.0535263828933239,0.02815022391963134,0.02815022391963134,0.02531116753816605,False,False,16000,False,,False,0.0,cpu,patch_nearest_normal,last2,14,0.05,False,,,9.86814484349452e-05,0.00011476924591981,False,True,True,True
2026-08-16 02:13:05,full_ctta,bottle,monitor,C:/cira_batch_test/bottle/bad_18.png,bad_18.png,anomaly,True,0.1798802614212036,0.1798802614212036,0.02815022391963134,0.02815022391963134,0.02531116753816605,False,False,16000,False,,False,0.0,cpu,patch_nearest_normal,last2,14,0.05,False,,,0.000122228724649176,0.00011476924591981,False,False,True,True
2026-08-16 02:13:07,full_ctta,bottle,monitor,C:/cira_batch_test/bottle/good_12.png,good_12.png,normal,False,0.017189819365739822,2.9206276508375595e-07,0.02815022391963134,0.02815022391963134,0.02531116753816605,False,True,16000,True,0.0001092333986889571,True,0.002666973741725087,cpu,patch_nearest_normal,last2,14,0.05,False,,,0.00010057730105472729,0.00011476924591981,True,True,True,True
2026-08-16 02:13:09,full_ctta,bottle,monitor,C:/cira_batch_test/bottle/good_17.png,good_17.png,normal,False,0.020900994539260864,2.74181360282455e-07,0.02815022391963134,0.02815022391963134,0.02531116753816605,False,True,16000,True,0.00011259915481787175,True,0.002661279868334532,cpu,patch_nearest_normal,last2,14,0.05,False,,,0.00010814689449034631,0.00011476924591981,True,True,True,True
2026-08-16 02:13:10,full_ctta,bottle,monitor,C:/cira_batch_test/bottle/bad_5.png,bad_5.png,anomaly,True,0.306648313999176,0.306648313999176,0.02815022391963134,0.02815022391963134,0.02531116753816605,False,False,16000,False,,False,0.0,cpu,patch_nearest_normal,last2,14,0.05,False,,,0.0001368018565699458,0.00011476924591981,False,False,True,True
2026-08-16 02:13:11,full_ctta,bottle,monitor,C:/cira_batch_test/bottle/bad_6.png,bad_6.png,anomaly,True,0.22290101647377014,0.22290101647377014,0.02815022391963134,0.02815022391963134,0.02531116753816605,False,False,16000,False,,False,0.0,cpu,patch_nearest_normal,last2,14,0.05,False,,,0.00011013888433808461,0.00011476924591981,False,True,True,True
2026-08-16 02:13:13,full_ctta,bottle,monitor,C:/cira_batch_test/bottle/bad_7.png,bad_7.png,anomaly,True,0.3196476995944977,0.3196476995944977,0.02815022391963134,0.02815022391963134,0.02531116753816605,False,False,16000,False,,False,0.0,cpu,patch_nearest_normal,last2,14,0.05,False,,,0.00011338932381477207,0.00011476924591981,False,True,True,True
2026-08-16 02:13:14,full_ctta,bottle,monitor,C:/cira_batch_test/bottle/bad_9.png,bad_9.png,anomaly,True,0.3165828585624695,0.3165828585624695,0.02815022391963134,0.02815022391963134,0.02531116753816605,False,False,16000,False,,False,0.0,cpu,patch_nearest_normal,last2,14,0.05,False,,,0.0001252312067663297,0.00011476924591981,False,False,True,True
2026-08-16 02:13:16,full_ctta,bottle,monitor,C:/cira_batch_test/bottle/bad_4.png,bad_4.png,anomaly,True,0.2011304646730423,0.2011304646730423,0.02815022391963134,0.02815022391963134,0.02531116753816605,False,False,16000,False,,False,0.0,cpu,patch_nearest_normal,last2,14,0.05,False,,,0.00011302394705126062,0.00011476924591981,False,True,True,True
2026-08-16 02:13:17,full_ctta,bottle,monitor,C:/cira_batch_test/bottle/bad_2.png,bad_2.png,anomaly,True,0.08442435413599014,0.08442435413599014,0.02815022391963134,0.02815022391963134,0.02531116753816605,False,False,16000,False,,False,0.0,cpu,patch_nearest_normal,last2,14,0.05,False,,,0.00010250303603243083,0.00011476924591981,False,True,True,True
2026-08-16 02:13:19,full_ctta,cable,monitor,C:/cira_batch_test/cable/good_1.png,good_1.png,normal,False,0.08960090577602386,0.08960090577602386,0.09852251798848576,0.09852251798848576,0.08661089912056923,False,False,16000,False,,False,0.0,cpu,patch_nearest_normal,last2,14,0.05,False,,,0.00016597688954789191,0.00019554235113892002,False,True,True,True
2026-08-16 02:13:21,full_ctta,cable,monitor,C:/cira_batch_test/cable/good_7.png,good_7.png,normal,False,0.08281774818897247,3.2186508747145126e-07,0.09852251798848576,0.09852251798848576,0.08661089912056923,False,True,16000,True,0.000189024765859358,True,0.0030121468007564545,cpu,patch_nearest_normal,last2,14,0.05,False,,,0.0001689768541837111,0.00019554235113892002,True,True,True,True
2026-08-16 02:13:22,full_ctta,cable,monitor,C:/cira_batch_test/cable/good_9.png,good_9.png,normal,False,0.08765281736850739,0.08765281736850739,0.09852251798848576,0.09852251798848576,0.08661089912056923,False,False,16000,False,,False,0.0,cpu,patch_nearest_normal,last2,14,0.05,False,,,0.00016623659757897258,0.00019554235113892002,False,True,True,True
2026-08-16 02:13:24,full_ctta,cable,monitor,C:/cira_batch_test/cable/bad_8.png,bad_8.png,anomaly,True,0.1270429939031601,0.1270429939031601,0.09852251798848576,0.09852251798848576,0.08661089912056923,False,False,16000,False,,False,0.0,cpu,patch_nearest_normal,last2,14,0.05,False,,,0.00017998424300458282,0.00019554235113892002,False,True,True,True
2026-08-16 02:13:25,full_ctta,cable,monitor,C:/cira_batch_test/cable/bad_1.png,bad_1.png,anomaly,True,0.2558755874633789,0.2558755874633789,0.09852251798848576,0.09852251798848576,0.08661089912056923,False,False,16000,False,,False,0.0,cpu,patch_nearest_normal,last2,14,0.05,False,,,0.0001633942301850766,0.00019554235113892002,False,True,True,True
2026-08-16 02:13:27,full_ctta,cable,monitor,C:/cira_batch_test/cable/bad_14.png,bad_14.png,anomaly,True,0.10262713581323624,0.10262713581323624,0.09852251798848576,0.09852251798848576,0.08661089912056923,False,False,16000,False,,False,0.0,cpu,patch_nearest_normal,last2,14,0.05,False,,,0.00018759958038572222,0.00019554235113892002,False,True,True,True
2026-08-16 02:13:28,full_ctta,cable,monitor,C:/cira_batch_test/cable/bad_15.png,bad_15.png,anomaly,True,0.2193618267774582,0.2193618267774582,0.09852251798848576,0.09852251798848576,0.08661089912056923,False,False,16000,False,,False,0.0,cpu,patch_nearest_normal,last2,14,0.05,False,,,0.00017286447109654546,0.00019554235113892002,False,True,True,True
2026-08-16 02:13:30,full_ctta,cable,monitor,C:/cira_batch_test/cable/good_19.png,good_19.png,normal,False,0.08334372937679291,2.9206276508375595e-07,0.09852251798848576,0.09852251798848576,0.08661089912056923,False,True,16000,True,0.00017652609676588327,True,0.0027470265049487352,cpu,patch_nearest_normal,last2,14,0.05,False,,,0.00015575566794723272,0.00019554235113892002,True,True,True,True
2026-08-16 02:13:31,full_ctta,cable,monitor,C:/cira_batch_test/cable/bad_3.png,bad_3.png,anomaly,True,0.15505364537239075,0.15505364537239075,0.09852251798848576,0.09852251798848576,0.08661089912056923,False,False,16000,False,,False,0.0,cpu,patch_nearest_normal,last2,14,0.05,False,,,0.00017785589443519711,0.00019554235113892002,False,True,True,True
2026-08-16 02:13:33,full_ctta,cable,monitor,C:/cira_batch_test/cable/good_5.png,good_5.png,normal,False,0.09723228216171265,0.09723228216171265,0.09852251798848576,0.09852251798848576,0.08661089912056923,False,False,16000,False,,False,0.0,cpu,patch_nearest_normal,last2,14,0.05,False,,,0.00016881991177797318,0.00019554235113892002,False,True,True,True
2026-08-16 02:13:34,full_ctta,cable,monitor,C:/cira_batch_test/cable/good_16.png,good_16.png,normal,False,0.0735778659582138,3.457069510659494e-07,0.09852251798848576,0.09852251798848576,0.08661089912056923,False,True,16000,True,0.00018431988428346813,True,0.0026618754491209984,cpu,patch_nearest_normal,last2,14,0.05,False,,,0.0001669740304350853,0.00019554235113892002,True,True,True,True
2026-08-16 02:13:36,full_ctta,cable,monitor,C:/cira_batch_test/cable/good_14.png,good_14.png,normal,False,0.09623666852712631,0.09623666852712631,0.09852251798848576,0.09852251798848576,0.08661089912056923,False,False,16000,False,,False,0.0,cpu,patch_nearest_normal,last2,14,0.05,False,,,0.00016479688929393888,0.00019554235113892002,False,True,True,True
2026-08-16 02:13:38,full_ctta,cable,monitor,C:/cira_batch_test/cable/good_2.png,good_2.png,normal,False,0.08793016523122787,0.08793016523122787,0.09852251798848576,0.09852251798848576,0.08661089912056923,False,False,16000,False,,False,0.0,cpu,patch_nearest_normal,last2,14,0.05,False,,,0.00017291201220359653,0.00019554235113892002,False,True,True,True
2026-08-16 02:13:39,full_ctta,cable,monitor,C:/cira_batch_test/cable/bad_13.png,bad_13.png,anomaly,True,0.11101825535297394,0.11101825535297394,0.09852251798848576,0.09852251798848576,0.08661089912056923,False,False,16000,False,,False,0.0,cpu,patch_nearest_normal,last2,14,0.05,False,,,0.00016658788081258535,0.00019554235113892002,False,True,True,True
2026-08-16 02:13:41,full_ctta,cable,monitor,C:/cira_batch_test/cable/good_10.png,good_10.png,normal,False,0.08565086871385574,2.980232238769531e-07,0.09852251798848576,0.09852251798848576,0.08661089912056923,False,True,16000,True,0.00019508991681504995,True,0.002573842415586114,cpu,patch_nearest_normal,last2,14,0.05,False,,,0.00016124904504977167,0.00019554235113892002,True,True,True,True
2026-08-16 02:13:42,full_ctta,cable,monitor,C:/cira_batch_test/cable/bad_19.png,bad_19.png,normal,False,0.09257961064577103,0.09257961064577103,0.09852251798848576,0.09852251798848576,0.08661089912056923,False,False,16000,False,,False,0.0,cpu,patch_nearest_normal,last2,14,0.05,False,,,0.0001533442991785705,0.00019554235113892002,False,True,True,True
2026-08-16 02:13:44,full_ctta,cable,monitor,C:/cira_batch_test/cable/good_4.png,good_4.png,normal,False,0.07259292900562286,2.682209014892578e-07,0.09852251798848576,0.09852251798848576,0.08661089912056923,False,True,16000,True,0.00019440044707152992,True,0.0025286234449595213,cpu,patch_nearest_normal,last2,14,0.05,False,,,0.00017697573639452457,0.00019554235113892002,True,True,True,True
2026-08-16 02:13:45,full_ctta,cable,monitor,C:/cira_batch_test/cable/bad_12.png,bad_12.png,anomaly,True,0.10326163470745087,0.10326163470745087,0.09852251798848576,0.09852251798848576,0.08661089912056923,False,False,16000,False,,False,0.0,cpu,patch_nearest_normal,last2,14,0.05,False,,,0.0001545165287097916,0.00019554235113892002,False,True,True,True
2026-08-16 02:13:47,full_ctta,cable,monitor,C:/cira_batch_test/cable/good_18.png,good_18.png,normal,False,0.06897415220737457,3.516674098591466e-07,0.09852251798848576,0.09852251798848576,0.08661089912056923,False,True,16000,True,0.0001766766217770055,True,0.0025244802236557007,cpu,patch_nearest_normal,last2,14,0.05,False,,,0.00016499454795848578,0.00019554235113892002,True,True,True,True
2026-08-16 02:13:49,full_ctta,cable,monitor,C:/cira_batch_test/cable/bad_16.png,bad_16.png,anomaly,True,0.26879870891571045,0.26879870891571045,0.09852251798848576,0.09852251798848576,0.08661089912056923,False,False,16000,False,,False,0.0,cpu,patch_nearest_normal,last2,14,0.05,False,,,0.00016352051170542836,0.00019554235113892002,False,True,True,True
2026-08-16 02:13:50,full_ctta,cable,monitor,C:/cira_batch_test/cable/good_6.png,good_6.png,anomaly,True,0.10377804934978485,0.10377804934978485,0.09852251798848576,0.09852251798848576,0.08661089912056923,False,False,16000,False,,False,0.0,cpu,patch_nearest_normal,last2,14,0.05,False,,,0.00016124179819598794,0.00019554235113892002,False,True,True,True
2026-08-16 02:13:52,full_ctta,cable,monitor,C:/cira_batch_test/cable/good_13.png,good_13.png,normal,False,0.08851087838411331,0.08851087838411331,0.09852251798848576,0.09852251798848576,0.08661089912056923,False,False,16000,False,,False,0.0,cpu,patch_nearest_normal,last2,14,0.05,False,,,0.00017026443674694747,0.00019554235113892002,False,True,True,True
2026-08-16 02:13:54,full_ctta,cable,monitor,C:/cira_batch_test/cable/good_15.png,good_15.png,normal,False,0.07944237440824509,2.8014181907565217e-07,0.09852251798848576,0.09852251798848576,0.08661089912056923,False,True,16000,True,0.000182903662789613,True,0.0025131041184067726,cpu,patch_nearest_normal,last2,14,0.05,False,,,0.0001637783134356141,0.00019554235113892002,True,True,True,True
2026-08-16 02:13:55,full_ctta,cable,monitor,C:/cira_batch_test/cable/good_20.png,good_20.png,normal,False,0.0874340608716011,0.0874340608716011,0.09852251798848576,0.09852251798848576,0.08661089912056923,False,False,16000,False,,False,0.0,cpu,patch_nearest_normal,last2,14,0.05,False,,,0.0001705726026557386,0.00019554235113892002,False,True,True,True
2026-08-16 02:13:57,full_ctta,cable,monitor,C:/cira_batch_test/cable/bad_17.png,bad_17.png,anomaly,True,0.1486111581325531,0.1486111581325531,0.09852251798848576,0.09852251798848576,0.08661089912056923,False,False,16000,False,,False,0.0,cpu,patch_nearest_normal,last2,14,0.05,False,,,0.00017721427138894796,0.00019554235113892002,False,True,True,True
2026-08-16 02:13:58,full_ctta,cable,monitor,C:/cira_batch_test/cable/good_11.png,good_11.png,normal,False,0.07567904889583588,2.8610230629055877e-07,0.09852251798848576,0.09852251798848576,0.08661089912056923,False,True,16000,True,0.00019200870883651078,True,0.0024926920887082815,cpu,patch_nearest_normal,last2,14,0.05,False,,,0.000167698017321527,0.00019554235113892002,True,True,True,True
2026-08-16 02:14:00,full_ctta,cable,monitor,C:/cira_batch_test/cable/bad_20.png,bad_20.png,anomaly,True,0.1971549391746521,0.1971549391746521,0.09852251798848576,0.09852251798848576,0.08661089912056923,False,False,16000,False,,False,0.0,cpu,patch_nearest_normal,last2,14,0.05,False,,,0.00017688216757960618,0.00019554235113892002,False,True,True,True
2026-08-16 02:14:01,full_ctta,cable,monitor,C:/cira_batch_test/cable/good_8.png,good_8.png,normal,False,0.09609146416187286,0.09609146416187286,0.09852251798848576,0.09852251798848576,0.08661089912056923,False,False,16000,False,,False,0.0,cpu,patch_nearest_normal,last2,14,0.05,False,,,0.0001722142769722268,0.00019554235113892002,False,True,True,True
2026-08-16 02:14:03,full_ctta,cable,monitor,C:/cira_batch_test/cable/bad_10.png,bad_10.png,anomaly,True,0.106039859354496,0.106039859354496,0.09852251798848576,0.09852251798848576,0.08661089912056923,False,False,16000,False,,False,0.0,cpu,patch_nearest_normal,last2,14,0.05,False,,,0.00018023760640062392,0.00019554235113892002,False,True,True,True
2026-08-16 02:14:04,full_ctta,cable,monitor,C:/cira_batch_test/cable/good_3.png,good_3.png,anomaly,True,0.11450445652008057,0.11450445652008057,0.09852251798848576,0.09852251798848576,0.08661089912056923,False,False,16000,False,,False,0.0,cpu,patch_nearest_normal,last2,14,0.05,False,,,0.00016366865020245314,0.00019554235113892002,False,True,True,True
2026-08-16 02:14:06,full_ctta,cable,monitor,C:/cira_batch_test/cable/bad_11.png,bad_11.png,anomaly,True,0.19162684679031372,0.19162684679031372,0.09852251798848576,0.09852251798848576,0.08661089912056923,False,False,16000,False,,False,0.0,cpu,patch_nearest_normal,last2,14,0.05,False,,,0.00017271489195991307,0.00019554235113892002,False,True,True,True
2026-08-16 02:14:07,full_ctta,cable,monitor,C:/cira_batch_test/cable/bad_18.png,bad_18.png,anomaly,True,0.24487535655498505,0.24487535655498505,0.09852251798848576,0.09852251798848576,0.08661089912056923,False,False,16000,False,,False,0.0,cpu,patch_nearest_normal,last2,14,0.05,False,,,0.00014695194840896875,0.00019554235113892002,False,True,True,True
2026-08-16 02:14:09,full_ctta,cable,monitor,C:/cira_batch_test/cable/good_12.png,good_12.png,normal,False,0.07864870876073837,2.5033949668795685e-07,0.09852251798848576,0.09852251798848576,0.08661089912056923,False,True,16000,True,0.00017919419042300433,True,0.002495253225788474,cpu,patch_nearest_normal,last2,14,0.05,False,,,0.00016597757348790765,0.00019554235113892002,True,True,True,True
2026-08-16 02:14:11,full_ctta,cable,monitor,C:/cira_batch_test/cable/good_17.png,good_17.png,normal,False,0.06652458012104034,2.8014181907565217e-07,0.09852251798848576,0.09852251798848576,0.08661089912056923,False,True,16000,True,0.00018231627473141998,True,0.0024815909564495087,cpu,patch_nearest_normal,last2,14,0.05,True,C:\cira_ttl_checkpoints\cable\patch_memory_bank_update_10.pt,C:\cira_ttl_checkpoints\cable\patch_adapter_update_10.pt,0.00015422547585330904,0.00019554235113892002,True,True,True,True
2026-08-16 02:14:12,full_ctta,cable,monitor,C:/cira_batch_test/cable/bad_5.png,bad_5.png,anomaly,True,0.13603217899799347,0.13603217899799347,0.09852251798848576,0.09852251798848576,0.08661089912056923,False,False,16000,False,,False,0.0,cpu,patch_nearest_normal,last2,14,0.05,False,,,0.0001775845157681033,0.00019554235113892002,False,True,True,True
2026-08-16 02:14:14,full_ctta,cable,monitor,C:/cira_batch_test/cable/bad_6.png,bad_6.png,anomaly,True,0.24178758263587952,0.24178758263587952,0.09852251798848576,0.09852251798848576,0.08661089912056923,False,False,16000,False,,False,0.0,cpu,patch_nearest_normal,last2,14,0.05,False,,,0.00017028138972818851,0.00019554235113892002,False,True,True,True
2026-08-16 02:14:15,full_ctta,cable,monitor,C:/cira_batch_test/cable/bad_7.png,bad_7.png,anomaly,True,0.12898528575897217,0.12898528575897217,0.09852251798848576,0.09852251798848576,0.08661089912056923,False,False,16000,False,,False,0.0,cpu,patch_nearest_normal,last2,14,0.05,False,,,0.00016650868928991258,0.00019554235113892002,False,True,True,True
2026-08-16 02:14:17,full_ctta,cable,monitor,C:/cira_batch_test/cable/bad_9.png,bad_9.png,anomaly,True,0.15675342082977295,0.15675342082977295,0.09852251798848576,0.09852251798848576,0.08661089912056923,False,False,16000,False,,False,0.0,cpu,patch_nearest_normal,last2,14,0.05,False,,,0.0001773287949617952,0.00019554235113892002,False,True,True,True
2026-08-16 02:14:19,full_ctta,cable,monitor,C:/cira_batch_test/cable/bad_4.png,bad_4.png,anomaly,True,0.37606555223464966,0.37606555223464966,0.09852251798848576,0.09852251798848576,0.08661089912056923,False,False,16000,False,,False,0.0,cpu,patch_nearest_normal,last2,14,0.05,False,,,0.00018009482300840318,0.00019554235113892002,False,True,True,True
2026-08-16 02:14:20,full_ctta,cable,monitor,C:/cira_batch_test/cable/bad_2.png,bad_2.png,anomaly,True,0.29117950797080994,0.29117950797080994,0.09852251798848576,0.09852251798848576,0.08661089912056923,False,False,16000,False,,False,0.0,cpu,patch_nearest_normal,last2,14,0.05,False,,,0.0001627330348128453,0.00019554235113892002,False,True,True,True
2026-08-16 02:14:22,full_ctta,capsule,monitor,C:/cira_batch_test/capsule/good_1.png,good_1.png,normal,False,0.024378538131713867,2.8014181907565217e-07,0.04299485732503146,0.04299485732503146,0.031231427378952504,False,True,16000,True,0.00011393754539312795,True,0.003010163316503167,cpu,patch_nearest_normal,last2,14,0.05,False,,,0.00010465749073773623,0.0001107694308302,True,True,True,True
2026-08-16 02:14:23,full_ctta,capsule,monitor,C:/cira_batch_test/capsule/good_7.png,good_7.png,anomaly,True,0.06806089729070663,0.06806089729070663,0.04299485732503146,0.04299485732503146,0.031231427378952504,False,False,16000,False,,False,0.0,cpu,patch_nearest_normal,last2,14,0.05,False,,,8.506057929480448e-05,0.0001107694308302,False,True,True,True
2026-08-16 02:14:25,full_ctta,capsule,monitor,C:/cira_batch_test/capsule/good_9.png,good_9.png,normal,False,0.01976943574845791,2.6226044269606064e-07,0.04299485732503146,0.04299485732503146,0.031231427378952504,False,True,16000,True,0.00010986933193635195,True,0.002807658165693283,cpu,patch_nearest_normal,last2,14,0.05,False,,,9.834920638240874e-05,0.0001107694308302,True,True,True,True
2026-08-16 02:14:26,full_ctta,capsule,monitor,C:/cira_batch_test/capsule/bad_8.png,bad_8.png,anomaly,True,0.12491883337497711,0.12491883337497711,0.04299485732503146,0.04299485732503146,0.031231427378952504,False,False,16000,False,,False,0.0,cpu,patch_nearest_normal,last2,14,0.05,False,,,8.429191802861169e-05,0.0001107694308302,False,True,True,True
2026-08-16 02:14:28,full_ctta,capsule,monitor,C:/cira_batch_test/capsule/bad_1.png,bad_1.png,anomaly,True,0.174256831407547,0.174256831407547,0.04299485732503146,0.04299485732503146,0.031231427378952504,False,False,16000,False,,False,0.0,cpu,patch_nearest_normal,last2,14,0.05,False,,,0.00010225471487501636,0.0001107694308302,False,True,True,True
2026-08-16 02:14:29,full_ctta,capsule,monitor,C:/cira_batch_test/capsule/bad_14.png,bad_14.png,normal,False,0.03645733743906021,0.03645733743906021,0.04299485732503146,0.04299485732503146,0.031231427378952504,False,False,16000,False,,False,0.0,cpu,patch_nearest_normal,last2,14,0.05,False,,,9.119784226641059e-05,0.0001107694308302,False,True,True,True
2026-08-16 02:14:31,full_ctta,capsule,monitor,C:/cira_batch_test/capsule/bad_15.png,bad_15.png,anomaly,True,0.07929204404354095,0.07929204404354095,0.04299485732503146,0.04299485732503146,0.031231427378952504,False,False,16000,False,,False,0.0,cpu,patch_nearest_normal,last2,14,0.05,False,,,0.00011385538527974859,0.0001107694308302,False,False,True,True
2026-08-16 02:14:33,full_ctta,capsule,monitor,C:/cira_batch_test/capsule/good_19.png,good_19.png,normal,False,0.017776161432266235,2.980232238769531e-07,0.04299485732503146,0.04299485732503146,0.031231427378952504,False,True,16000,True,0.00011208876094315201,True,0.0027463820297271013,cpu,patch_nearest_normal,last2,14,0.05,False,,,0.00010823504999279976,0.0001107694308302,True,True,True,True
2026-08-16 02:14:34,full_ctta,capsule,monitor,C:/cira_batch_test/capsule/bad_3.png,bad_3.png,anomaly,True,0.09416991472244263,0.09416991472244263,0.04299485732503146,0.04299485732503146,0.031231427378952504,False,False,16000,False,,False,0.0,cpu,patch_nearest_normal,last2,14,0.05,False,,,9.57790034590289e-05,0.0001107694308302,False,True,True,True
2026-08-16 02:14:36,full_ctta,capsule,monitor,C:/cira_batch_test/capsule/good_5.png,good_5.png,normal,False,0.02594655752182007,2.6226044269606064e-07,0.04299485732503146,0.04299485732503146,0.031231427378952504,False,True,16000,True,9.860042337095365e-05,True,0.002673603594303131,cpu,patch_nearest_normal,last2,14,0.05,False,,,0.00010318026761524379,0.0001107694308302,True,True,True,True
2026-08-16 02:14:38,full_ctta,capsule,monitor,C:/cira_batch_test/capsule/good_16.png,good_16.png,normal,False,0.02662157453596592,2.9206276508375595e-07,0.04299485732503146,0.04299485732503146,0.031231427378952504,False,True,16000,True,0.00011496177467051893,True,0.002652599476277828,cpu,patch_nearest_normal,last2,14,0.05,False,,,0.00010565348929958418,0.0001107694308302,True,True,True,True
2026-08-16 02:14:39,full_ctta,capsule,monitor,C:/cira_batch_test/capsule/good_14.png,good_14.png,normal,False,0.022532403469085693,2.9206276508375595e-07,0.04299485732503146,0.04299485732503146,0.031231427378952504,False,True,16000,True,0.0001111636302084662,True,0.002638759557157755,cpu,patch_nearest_normal,last2,14,0.05,False,,,0.00010052173456642777,0.0001107694308302,True,True,True,True
2026-08-16 02:14:41,full_ctta,capsule,monitor,C:/cira_batch_test/capsule/good_2.png,good_2.png,normal,False,0.01769236847758293,2.74181360282455e-07,0.04299485732503146,0.04299485732503146,0.031231427378952504,False,True,16000,True,0.00010813670814968646,True,0.0026361793279647827,cpu,patch_nearest_normal,last2,14,0.05,False,,,0.00010040307097369805,0.0001107694308302,True,True,True,True
2026-08-16 02:14:43,full_ctta,capsule,monitor,C:/cira_batch_test/capsule/bad_13.png,bad_13.png,anomaly,True,0.04309659078717232,0.04309659078717232,0.04299485732503146,0.04299485732503146,0.031231427378952504,False,False,16000,False,,False,0.0,cpu,patch_nearest_normal,last2,14,0.05,False,,,0.00010192832996835932,0.0001107694308302,False,True,True,True
2026-08-16 02:14:44,full_ctta,capsule,monitor,C:/cira_batch_test/capsule/good_10.png,good_10.png,normal,False,0.020708400756120682,2.9206276508375595e-07,0.04299485732503146,0.04299485732503146,0.031231427378952504,False,True,16000,True,9.50329631450586e-05,True,0.0026263948529958725,cpu,patch_nearest_normal,last2,14,0.05,False,,,9.325792780146003e-05,0.0001107694308302,True,True,True,True
2026-08-16 02:14:46,full_ctta,capsule,monitor,C:/cira_batch_test/capsule/bad_19.png,bad_19.png,anomaly,True,0.11239077150821686,0.11239077150821686,0.04299485732503146,0.04299485732503146,0.031231427378952504,False,False,16000,False,,False,0.0,cpu,patch_nearest_normal,last2,14,0.05,False,,,0.00010171713074669242,0.0001107694308302,False,True,True,True
2026-08-16 02:14:47,full_ctta,capsule,monitor,C:/cira_batch_test/capsule/good_4.png,good_4.png,normal,False,0.01818063296377659,0.01818063296377659,0.04299485732503146,0.04299485732503146,0.031231427378952504,False,False,16000,False,,False,0.0,cpu,patch_nearest_normal,last2,14,0.05,False,,,0.00011711352999554947,0.0001107694308302,True,False,True,True
2026-08-16 02:14:49,full_ctta,capsule,monitor,C:/cira_batch_test/capsule/bad_12.png,bad_12.png,anomaly,True,0.04597922042012215,0.04597922042012215,0.04299485732503146,0.04299485732503146,0.031231427378952504,False,False,16000,False,,False,0.0,cpu,patch_nearest_normal,last2,14,0.05,False,,,9.630213753553107e-05,0.0001107694308302,False,True,True,True
2026-08-16 02:14:50,full_ctta,capsule,monitor,C:/cira_batch_test/capsule/good_18.png,good_18.png,normal,False,0.01815704070031643,3.2782554626464844e-07,0.04299485732503146,0.04299485732503146,0.031231427378952504,False,True,16000,True,0.00010745340114226565,True,0.0026202381122857332,cpu,patch_nearest_normal,last2,14,0.05,False,,,9.533781849313527e-05,0.0001107694308302,True,True,True,True
2026-08-16 02:14:52,full_ctta,capsule,monitor,C:/cira_batch_test/capsule/bad_16.png,bad_16.png,anomaly,True,0.07193798571825027,0.07193798571825027,0.04299485732503146,0.04299485732503146,0.031231427378952504,False,False,16000,False,,False,0.0,cpu,patch_nearest_normal,last2,14,0.05,False,,,0.00010405365173937753,0.0001107694308302,False,True,True,True
2026-08-16 02:14:54,full_ctta,capsule,monitor,C:/cira_batch_test/capsule/good_6.png,good_6.png,normal,False,0.015288019552826881,2.8014181907565217e-07,0.04299485732503146,0.04299485732503146,0.031231427378952504,False,True,16000,True,9.947847865987569e-05,True,0.0026003653183579445,cpu,patch_nearest_normal,last2,14,0.05,True,C:\cira_ttl_checkpoints\capsule\patch_memory_bank_update_10.pt,C:\cira_ttl_checkpoints\capsule\patch_adapter_update_10.pt,9.706745913717896e-05,0.0001107694308302,True,True,True,True
2026-08-16 02:14:55,full_ctta,capsule,monitor,C:/cira_batch_test/capsule/good_13.png,good_13.png,normal,False,0.027766089886426926,0.027766089886426926,0.04299485732503146,0.04299485732503146,0.031231427378952504,False,False,16000,False,,False,0.0,cpu,patch_nearest_normal,last2,14,0.05,False,,,0.0001114086844609119,0.0001107694308302,True,False,True,True
2026-08-16 02:14:57,full_ctta,capsule,monitor,C:/cira_batch_test/capsule/good_15.png,good_15.png,normal,False,0.031840093433856964,0.031840093433856964,0.04299485732503146,0.04299485732503146,0.031231427378952504,False,False,16000,False,,False,0.0,cpu,patch_nearest_normal,last2,14,0.05,False,,,0.00011127869947813451,0.0001107694308302,False,False,True,True
2026-08-16 02:14:58,full_ctta,capsule,monitor,C:/cira_batch_test/capsule/good_20.png,good_20.png,normal,False,0.031726378947496414,0.031726378947496414,0.04299485732503146,0.04299485732503146,0.031231427378952504,False,False,16000,False,,False,0.0,cpu,patch_nearest_normal,last2,14,0.05,False,,,0.00010163986007682979,0.0001107694308302,False,True,True,True
2026-08-16 02:15:00,full_ctta,capsule,monitor,C:/cira_batch_test/capsule/bad_17.png,bad_17.png,anomaly,True,0.05371838063001633,0.05371838063001633,0.04299485732503146,0.04299485732503146,0.031231427378952504,False,False,16000,False,,False,0.0,cpu,patch_nearest_normal,last2,14,0.05,False,,,9.563178173266351e-05,0.0001107694308302,False,True,True,True
2026-08-16 02:15:02,full_ctta,capsule,monitor,C:/cira_batch_test/capsule/good_11.png,good_11.png,normal,False,0.026058757677674294,3.159046286782541e-07,0.04299485732503146,0.04299485732503146,0.031231427378952504,False,True,16000,True,9.990095713874325e-05,True,0.002589857904240489,cpu,patch_nearest_normal,last2,14,0.05,False,,,0.00010163479601033032,0.0001107694308302,True,True,True,True
2026-08-16 02:15:03,full_ctta,capsule,monitor,C:/cira_batch_test/capsule/bad_20.png,bad_20.png,anomaly,True,0.04940329119563103,0.04940329119563103,0.04299485732503146,0.04299485732503146,0.031231427378952504,False,False,16000,False,,False,0.0,cpu,patch_nearest_normal,last2,14,0.05,False,,,9.996196604333818e-05,0.0001107694308302,False,True,True,True
2026-08-16 02:15:05,full_ctta,capsule,monitor,C:/cira_batch_test/capsule/good_8.png,good_8.png,normal,False,0.03043212927877903,2.6226044269606064e-07,0.04299485732503146,0.04299485732503146,0.031231427378952504,False,True,16000,True,0.00011363821977283806,True,0.002566155744716525,cpu,patch_nearest_normal,last2,14,0.05,False,,,9.961114847101271e-05,0.0001107694308302,True,True,True,True
2026-08-16 02:15:06,full_ctta,capsule,monitor,C:/cira_batch_test/capsule/bad_10.png,bad_10.png,anomaly,True,0.06578604876995087,0.06578604876995087,0.04299485732503146,0.04299485732503146,0.031231427378952504,False,False,16000,False,,False,0.0,cpu,patch_nearest_normal,last2,14,0.05,False,,,9.160638728644699e-05,0.0001107694308302,False,True,True,True
2026-08-16 02:15:08,full_ctta,capsule,monitor,C:/cira_batch_test/capsule/good_3.png,good_3.png,normal,False,0.038550686091184616,0.038550686091184616,0.04299485732503146,0.04299485732503146,0.031231427378952504,False,False,16000,False,,False,0.0,cpu,patch_nearest_normal,last2,14,0.05,False,,,0.0001003742145258002,0.0001107694308302,False,True,True,True
2026-08-16 02:15:09,full_ctta,capsule,monitor,C:/cira_batch_test/capsule/bad_11.png,bad_11.png,normal,False,0.04262951761484146,0.04262951761484146,0.04299485732503146,0.04299485732503146,0.031231427378952504,False,False,16000,False,,False,0.0,cpu,patch_nearest_normal,last2,14,0.05,False,,,9.686368866823614e-05,0.0001107694308302,False,True,True,True
2026-08-16 02:15:11,full_ctta,capsule,monitor,C:/cira_batch_test/capsule/bad_18.png,bad_18.png,anomaly,True,0.05717971920967102,0.05717971920967102,0.04299485732503146,0.04299485732503146,0.031231427378952504,False,False,16000,False,,False,0.0,cpu,patch_nearest_normal,last2,14,0.05,False,,,9.705589764053002e-05,0.0001107694308302,False,True,True,True
2026-08-16 02:15:12,full_ctta,capsule,monitor,C:/cira_batch_test/capsule/good_12.png,good_12.png,normal,False,0.03635883331298828,0.03635883331298828,0.04299485732503146,0.04299485732503146,0.031231427378952504,False,False,16000,False,,False,0.0,cpu,patch_nearest_normal,last2,14,0.05,False,,,0.00010199481766903773,0.0001107694308302,False,True,True,True
2026-08-16 02:15:14,full_ctta,capsule,monitor,C:/cira_batch_test/capsule/good_17.png,good_17.png,normal,False,0.01736507937312126,0.01736507937312126,0.04299485732503146,0.04299485732503146,0.031231427378952504,False,False,16000,False,,False,0.0,cpu,patch_nearest_normal,last2,14,0.05,False,,,0.0001164772838819772,0.0001107694308302,True,False,True,True
2026-08-16 02:15:15,full_ctta,capsule,monitor,C:/cira_batch_test/capsule/bad_5.png,bad_5.png,normal,False,0.041908394545316696,0.041908394545316696,0.04299485732503146,0.04299485732503146,0.031231427378952504,False,False,16000,False,,False,0.0,cpu,patch_nearest_normal,last2,14,0.05,False,,,9.672233136370778e-05,0.0001107694308302,False,True,True,True
2026-08-16 02:15:17,full_ctta,capsule,monitor,C:/cira_batch_test/capsule/bad_6.png,bad_6.png,anomaly,True,0.12004564702510834,0.12004564702510834,0.04299485732503146,0.04299485732503146,0.031231427378952504,False,False,16000,False,,False,0.0,cpu,patch_nearest_normal,last2,14,0.05,False,,,0.00010540439689066261,0.0001107694308302,False,True,True,True
2026-08-16 02:15:18,full_ctta,capsule,monitor,C:/cira_batch_test/capsule/bad_7.png,bad_7.png,anomaly,True,0.07628648728132248,0.07628648728132248,0.04299485732503146,0.04299485732503146,0.031231427378952504,False,False,16000,False,,False,0.0,cpu,patch_nearest_normal,last2,14,0.05,False,,,9.173358557745814e-05,0.0001107694308302,False,True,True,True
2026-08-16 02:15:20,full_ctta,capsule,monitor,C:/cira_batch_test/capsule/bad_9.png,bad_9.png,anomaly,True,0.17518426477909088,0.17518426477909088,0.04299485732503146,0.04299485732503146,0.031231427378952504,False,False,16000,False,,False,0.0,cpu,patch_nearest_normal,last2,14,0.05,False,,,0.00010515827307244763,0.0001107694308302,False,True,True,True
2026-08-16 02:15:21,full_ctta,capsule,monitor,C:/cira_batch_test/capsule/bad_4.png,bad_4.png,normal,False,0.03683602809906006,0.03683602809906006,0.04299485732503146,0.04299485732503146,0.031231427378952504,False,False,16000,False,,False,0.0,cpu,patch_nearest_normal,last2,14,0.05,False,,,9.749486343935132e-05,0.0001107694308302,False,True,True,True
2026-08-16 02:15:23,full_ctta,capsule,monitor,C:/cira_batch_test/capsule/bad_2.png,bad_2.png,anomaly,True,0.25826790928840637,0.25826790928840637,0.04299485732503146,0.04299485732503146,0.031231427378952504,False,False,16000,False,,False,0.0,cpu,patch_nearest_normal,last2,14,0.05,False,,,0.00010691537318052724,0.0001107694308302,False,True,True,True
2026-08-16 02:15:25,full_ctta,carpet,monitor,C:/cira_batch_test/carpet/good_1.png,good_1.png,normal,False,0.02601250447332859,3.159046286782541e-07,0.0343417185988487,0.0343417185988487,0.03367696963250637,False,True,16000,True,4.6775941882515326e-05,True,0.0028904888313263655,cpu,patch_nearest_normal,last2,14,0.05,False,,,4.1815481381490827e-05,6.111156617407686e-05,True,True,True,True
2026-08-16 02:15:26,full_ctta,carpet,monitor,C:/cira_batch_test/carpet/good_7.png,good_7.png,anomaly,True,0.03607480973005295,0.03607480973005295,0.0343417185988487,0.0343417185988487,0.03367696963250637,False,False,16000,False,,False,0.0,cpu,patch_nearest_normal,last2,14,0.05,False,,,3.994619328295812e-05,6.111156617407686e-05,False,True,True,True
2026-08-16 02:15:28,full_ctta,carpet,monitor,C:/cira_batch_test/carpet/good_9.png,good_9.png,anomaly,True,0.05290058255195618,0.05290058255195618,0.0343417185988487,0.0343417185988487,0.03367696963250637,False,False,16000,False,,False,0.0,cpu,patch_nearest_normal,last2,14,0.05,False,,,3.403954906389117e-05,6.111156617407686e-05,False,True,True,True
2026-08-16 02:15:29,full_ctta,carpet,monitor,C:/cira_batch_test/carpet/bad_8.png,bad_8.png,anomaly,True,0.2970812916755676,0.2970812916755676,0.0343417185988487,0.0343417185988487,0.03367696963250637,False,False,16000,False,,False,0.0,cpu,patch_nearest_normal,last2,14,0.05,False,,,5.728050018660724e-05,6.111156617407686e-05,False,True,True,True
2026-08-16 02:15:31,full_ctta,carpet,monitor,C:/cira_batch_test/carpet/bad_1.png,bad_1.png,anomaly,True,0.061385177075862885,0.061385177075862885,0.0343417185988487,0.0343417185988487,0.03367696963250637,False,False,16000,False,,False,0.0,cpu,patch_nearest_normal,last2,14,0.05,False,,,5.748756666434929e-05,6.111156617407686e-05,False,True,True,True
2026-08-16 02:15:32,full_ctta,carpet,monitor,C:/cira_batch_test/carpet/bad_14.png,bad_14.png,anomaly,True,0.21713249385356903,0.21713249385356903,0.0343417185988487,0.0343417185988487,0.03367696963250637,False,False,16000,False,,False,0.0,cpu,patch_nearest_normal,last2,14,0.05,False,,,5.9764020988950506e-05,6.111156617407686e-05,False,True,True,True
2026-08-16 02:15:34,full_ctta,carpet,monitor,C:/cira_batch_test/carpet/bad_15.png,bad_15.png,anomaly,True,0.04106637090444565,0.04106637090444565,0.0343417185988487,0.0343417185988487,0.03367696963250637,False,False,16000,False,,False,0.0,cpu,patch_nearest_normal,last2,14,0.05,False,,,4.1550443711457774e-05,6.111156617407686e-05,False,True,True,True
2026-08-16 02:15:35,full_ctta,carpet,monitor,C:/cira_batch_test/carpet/good_19.png,good_19.png,anomaly,True,0.034665994346141815,0.034665994346141815,0.0343417185988487,0.0343417185988487,0.03367696963250637,False,False,16000,False,,False,0.0,cpu,patch_nearest_normal,last2,14,0.05,False,,,4.935395554639399e-05,6.111156617407686e-05,False,True,True,True
2026-08-16 02:15:37,full_ctta,carpet,monitor,C:/cira_batch_test/carpet/bad_3.png,bad_3.png,anomaly,True,0.35498636960983276,0.35498636960983276,0.0343417185988487,0.0343417185988487,0.03367696963250637,False,False,16000,False,,False,0.0,cpu,patch_nearest_normal,last2,14,0.05,False,,,4.5674900320591405e-05,6.111156617407686e-05,False,True,True,True
2026-08-16 02:15:38,full_ctta,carpet,monitor,C:/cira_batch_test/carpet/good_5.png,good_5.png,anomaly,True,0.03464251756668091,0.03464251756668091,0.0343417185988487,0.0343417185988487,0.03367696963250637,False,False,16000,False,,False,0.0,cpu,patch_nearest_normal,last2,14,0.05,False,,,3.667016062536277e-05,6.111156617407686e-05,False,True,True,True
2026-08-16 02:15:40,full_ctta,carpet,monitor,C:/cira_batch_test/carpet/good_16.png,good_16.png,anomaly,True,0.036374159157276154,0.036374159157276154,0.0343417185988487,0.0343417185988487,0.03367696963250637,False,False,16000,False,,False,0.0,cpu,patch_nearest_normal,last2,14,0.05,False,,,3.534416828188114e-05,6.111156617407686e-05,False,True,True,True
2026-08-16 02:15:41,full_ctta,carpet,monitor,C:/cira_batch_test/carpet/good_14.png,good_14.png,anomaly,True,0.0411079116165638,0.0411079116165638,0.0343417185988487,0.0343417185988487,0.03367696963250637,False,False,16000,False,,False,0.0,cpu,patch_nearest_normal,last2,14,0.05,False,,,3.69828958355356e-05,6.111156617407686e-05,False,True,True,True
2026-08-16 02:15:44,full_ctta,carpet,monitor,C:/cira_batch_test/carpet/good_2.png,good_2.png,normal,False,0.03311911225318909,3.457069510659494e-07,0.0343417185988487,0.0343417185988487,0.03367696963250637,False,True,16000,True,5.53581012354698e-05,True,0.0027439603582024574,cpu,patch_nearest_normal,last2,14,0.05,False,,,4.450333653949201e-05,6.111156617407686e-05,True,True,True,True
2026-08-16 02:15:46,full_ctta,carpet,monitor,C:/cira_batch_test/carpet/bad_13.png,bad_13.png,normal,False,0.03431561589241028,0.03431561589241028,0.0343417185988487,0.0343417185988487,0.03367696963250637,False,False,16000,False,,False,0.0,cpu,patch_nearest_normal,last2,14,0.05,False,,,4.6729121095268056e-05,6.111156617407686e-05,False,True,True,True
2026-08-16 02:15:48,full_ctta,carpet,monitor,C:/cira_batch_test/carpet/good_10.png,good_10.png,anomaly,True,0.039439596235752106,0.039439596235752106,0.0343417185988487,0.0343417185988487,0.03367696963250637,False,False,16000,False,,False,0.0,cpu,patch_nearest_normal,last2,14,0.05,False,,,3.2346182706533e-05,6.111156617407686e-05,False,True,True,True
2026-08-16 02:15:49,full_ctta,carpet,monitor,C:/cira_batch_test/carpet/bad_19.png,bad_19.png,anomaly,True,0.11377837508916855,0.11377837508916855,0.0343417185988487,0.0343417185988487,0.03367696963250637,False,False,16000,False,,False,0.0,cpu,patch_nearest_normal,last2,14,0.05,False,,,5.218697333475575e-05,6.111156617407686e-05,False,True,True,True
2026-08-16 02:15:51,full_ctta,carpet,monitor,C:/cira_batch_test/carpet/good_4.png,good_4.png,normal,False,0.03289175033569336,3.2186508747145126e-07,0.0343417185988487,0.0343417185988487,0.03367696963250637,False,True,16000,True,4.3003539758501574e-05,True,0.0026432506274431944,cpu,patch_nearest_normal,last2,14,0.05,False,,,3.823284350801259e-05,6.111156617407686e-05,True,True,True,True
2026-08-16 02:15:53,full_ctta,carpet,monitor,C:/cira_batch_test/carpet/bad_12.png,bad_12.png,normal,False,0.03259623795747757,3.635883274455409e-07,0.0343417185988487,0.0343417185988487,0.03367696963250637,False,True,16000,True,5.013240661355667e-05,True,0.002639983780682087,cpu,patch_nearest_normal,last2,14,0.05,False,,,4.137229916523211e-05,6.111156617407686e-05,True,True,True,True
2026-08-16 02:15:55,full_ctta,carpet,monitor,C:/cira_batch_test/carpet/good_18.png,good_18.png,normal,False,0.027508556842803955,3.039836826701503e-07,0.0343417185988487,0.0343417185988487,0.03367696963250637,False,True,16000,True,5.4729585826862603e-05,True,0.002614688826724887,cpu,patch_nearest_normal,last2,14,0.05,False,,,4.579890446620993e-05,6.111156617407686e-05,True,True,True,True
2026-08-16 02:15:56,full_ctta,carpet,monitor,C:/cira_batch_test/carpet/bad_16.png,bad_16.png,anomaly,True,0.13035930693149567,0.13035930693149567,0.0343417185988487,0.0343417185988487,0.03367696963250637,False,False,16000,False,,False,0.0,cpu,patch_nearest_normal,last2,14,0.05,False,,,5.527893517864868e-05,6.111156617407686e-05,False,True,True,True
2026-08-16 02:15:58,full_ctta,carpet,monitor,C:/cira_batch_test/carpet/good_6.png,good_6.png,normal,False,0.03249760717153549,3.2782554626464844e-07,0.0343417185988487,0.0343417185988487,0.03367696963250637,False,True,16000,True,4.734376125270501e-05,True,0.002604729263111949,cpu,patch_nearest_normal,last2,14,0.05,False,,,3.6337874917080626e-05,6.111156617407686e-05,True,True,True,True
2026-08-16 02:16:00,full_ctta,carpet,monitor,C:/cira_batch_test/carpet/good_13.png,good_13.png,normal,False,0.03266489505767822,3.2186508747145126e-07,0.0343417185988487,0.0343417185988487,0.03367696963250637,False,True,16000,True,4.001017441623844e-05,True,0.0025780571158975363,cpu,patch_nearest_normal,last2,14,0.05,False,,,3.244622712372802e-05,6.111156617407686e-05,True,True,True,True
2026-08-16 02:16:01,full_ctta,carpet,monitor,C:/cira_batch_test/carpet/good_15.png,good_15.png,anomaly,True,0.03556167334318161,0.03556167334318161,0.0343417185988487,0.0343417185988487,0.03367696963250637,False,False,16000,False,,False,0.0,cpu,patch_nearest_normal,last2,14,0.05,False,,,3.615970490500331e-05,6.111156617407686e-05,False,True,True,True
2026-08-16 02:16:03,full_ctta,carpet,monitor,C:/cira_batch_test/carpet/good_20.png,good_20.png,anomaly,True,0.03562687709927559,0.03562687709927559,0.0343417185988487,0.0343417185988487,0.03367696963250637,False,False,16000,False,,False,0.0,cpu,patch_nearest_normal,last2,14,0.05,False,,,5.183113171369769e-05,6.111156617407686e-05,False,True,True,True
2026-08-16 02:16:04,full_ctta,carpet,monitor,C:/cira_batch_test/carpet/bad_17.png,bad_17.png,anomaly,True,0.049988843500614166,0.049988843500614166,0.0343417185988487,0.0343417185988487,0.03367696963250637,False,False,16000,False,,False,0.0,cpu,patch_nearest_normal,last2,14,0.05,False,,,5.737036553910002e-05,6.111156617407686e-05,False,True,True,True
2026-08-16 02:16:06,full_ctta,carpet,monitor,C:/cira_batch_test/carpet/good_11.png,good_11.png,anomaly,True,0.03796327859163284,0.03796327859163284,0.0343417185988487,0.0343417185988487,0.03367696963250637,False,False,16000,False,,False,0.0,cpu,patch_nearest_normal,last2,14,0.05,False,,,4.73812069685664e-05,6.111156617407686e-05,False,True,True,True
2026-08-16 02:16:07,full_ctta,carpet,monitor,C:/cira_batch_test/carpet/bad_20.png,bad_20.png,anomaly,True,0.13727888464927673,0.13727888464927673,0.0343417185988487,0.0343417185988487,0.03367696963250637,False,False,16000,False,,False,0.0,cpu,patch_nearest_normal,last2,14,0.05,False,,,4.566385905491188e-05,6.111156617407686e-05,False,True,True,True
2026-08-16 02:16:09,full_ctta,carpet,monitor,C:/cira_batch_test/carpet/good_8.png,good_8.png,normal,False,0.027681058272719383,2.8014181907565217e-07,0.0343417185988487,0.0343417185988487,0.03367696963250637,False,True,16000,True,4.8640096792951226e-05,True,0.0025771749205887318,cpu,patch_nearest_normal,last2,14,0.05,False,,,4.284541864763014e-05,6.111156617407686e-05,True,True,True,True
2026-08-16 02:16:11,full_ctta,carpet,monitor,C:/cira_batch_test/carpet/bad_10.png,bad_10.png,anomaly,True,0.23082251846790314,0.23082251846790314,0.0343417185988487,0.0343417185988487,0.03367696963250637,False,False,16000,False,,False,0.0,cpu,patch_nearest_normal,last2,14,0.05,False,,,5.253374911262654e-05,6.111156617407686e-05,False,True,True,True
2026-08-16 02:16:12,full_ctta,carpet,monitor,C:/cira_batch_test/carpet/good_3.png,good_3.png,normal,False,0.027650754898786545,3.039836826701503e-07,0.0343417185988487,0.0343417185988487,0.03367696963250637,False,True,16000,True,4.2914936784654856e-05,True,0.0025818170979619026,cpu,patch_nearest_normal,last2,14,0.05,False,,,3.652454324765131e-05,6.111156617407686e-05,True,True,True,True
2026-08-16 02:16:14,full_ctta,carpet,monitor,C:/cira_batch_test/carpet/bad_11.png,bad_11.png,anomaly,True,0.08331765979528427,0.08331765979528427,0.0343417185988487,0.0343417185988487,0.03367696963250637,False,False,16000,False,,False,0.0,cpu,patch_nearest_normal,last2,14,0.05,False,,,5.127744225319475e-05,6.111156617407686e-05,False,True,True,True
2026-08-16 02:16:15,full_ctta,carpet,monitor,C:/cira_batch_test/carpet/bad_18.png,bad_18.png,anomaly,True,0.33316484093666077,0.33316484093666077,0.0343417185988487,0.0343417185988487,0.03367696963250637,False,False,16000,False,,False,0.0,cpu,patch_nearest_normal,last2,14,0.05,False,,,4.822624032385647e-05,6.111156617407686e-05,False,True,True,True
2026-08-16 02:16:17,full_ctta,carpet,monitor,C:/cira_batch_test/carpet/good_12.png,good_12.png,normal,False,0.032259006053209305,3.159046286782541e-07,0.0343417185988487,0.0343417185988487,0.03367696963250637,False,True,16000,True,5.679177775164135e-05,True,0.002536737360060215,cpu,patch_nearest_normal,last2,14,0.05,True,C:\cira_ttl_checkpoints\carpet\patch_memory_bank_update_10.pt,C:\cira_ttl_checkpoints\carpet\patch_adapter_update_10.pt,5.34525461262092e-05,6.111156617407686e-05,True,True,True,True
2026-08-16 02:16:19,full_ctta,carpet,monitor,C:/cira_batch_test/carpet/good_17.png,good_17.png,normal,False,0.029567737132310867,3.337860050578456e-07,0.0343417185988487,0.0343417185988487,0.03367696963250637,False,True,16000,True,4.7490368160652e-05,True,0.0025186350103467703,cpu,patch_nearest_normal,last2,14,0.05,False,,,4.3800137063954026e-05,6.111156617407686e-05,True,True,True,True
2026-08-16 02:16:21,full_ctta,carpet,monitor,C:/cira_batch_test/carpet/bad_5.png,bad_5.png,anomaly,True,0.23441705107688904,0.23441705107688904,0.0343417185988487,0.0343417185988487,0.03367696963250637,False,False,16000,False,,False,0.0,cpu,patch_nearest_normal,last2,14,0.05,False,,,5.7767996622715145e-05,6.111156617407686e-05,False,True,True,True
2026-08-16 02:16:22,full_ctta,carpet,monitor,C:/cira_batch_test/carpet/bad_6.png,bad_6.png,anomaly,True,0.10262580215930939,0.10262580215930939,0.0343417185988487,0.0343417185988487,0.03367696963250637,False,False,16000,False,,False,0.0,cpu,patch_nearest_normal,last2,14,0.05,False,,,3.803638173849322e-05,6.111156617407686e-05,False,True,True,True
2026-08-16 02:16:24,full_ctta,carpet,monitor,C:/cira_batch_test/carpet/bad_7.png,bad_7.png,anomaly,True,0.06966208666563034,0.06966208666563034,0.0343417185988487,0.0343417185988487,0.03367696963250637,False,False,16000,False,,False,0.0,cpu,patch_nearest_normal,last2,14,0.05,False,,,4.8527403123443946e-05,6.111156617407686e-05,False,True,True,True
2026-08-16 02:16:25,full_ctta,carpet,monitor,C:/cira_batch_test/carpet/bad_9.png,bad_9.png,anomaly,True,0.3507871627807617,0.3507871627807617,0.0343417185988487,0.0343417185988487,0.03367696963250637,False,False,16000,False,,False,0.0,cpu,patch_nearest_normal,last2,14,0.05,False,,,6.726186984451488e-05,6.111156617407686e-05,False,False,True,True
2026-08-16 02:16:27,full_ctta,carpet,monitor,C:/cira_batch_test/carpet/bad_4.png,bad_4.png,anomaly,True,0.27524852752685547,0.27524852752685547,0.0343417185988487,0.0343417185988487,0.03367696963250637,False,False,16000,False,,False,0.0,cpu,patch_nearest_normal,last2,14,0.05,False,,,5.8860521676251665e-05,6.111156617407686e-05,False,True,True,True
2026-08-16 02:16:28,full_ctta,carpet,monitor,C:/cira_batch_test/carpet/bad_2.png,bad_2.png,anomaly,True,0.15364763140678406,0.15364763140678406,0.0343417185988487,0.0343417185988487,0.03367696963250637,False,False,16000,False,,False,0.0,cpu,patch_nearest_normal,last2,14,0.05,False,,,5.2389459597179666e-05,6.111156617407686e-05,False,True,True,True
2026-08-16 02:16:30,full_ctta,grid,monitor,C:/cira_batch_test/grid/good_1.png,good_1.png,anomaly,True,0.05813353508710861,0.05813353508710861,0.053714152485093335,0.053714152485093335,0.04894002191722393,False,False,16000,False,,False,0.0,cpu,patch_nearest_normal,last2,14,0.05,False,,,0.0002056858065770939,0.00020260438468534505,False,False,True,True
2026-08-16 02:16:31,full_ctta,grid,monitor,C:/cira_batch_test/grid/good_7.png,good_7.png,anomaly,True,0.05755096673965454,0.05755096673965454,0.053714152485093335,0.053714152485093335,0.04894002191722393,False,False,16000,False,,False,0.0,cpu,patch_nearest_normal,last2,14,0.05,False,,,0.00012343125126790255,0.00020260438468534505,False,True,True,True
2026-08-16 02:16:33,full_ctta,grid,monitor,C:/cira_batch_test/grid/good_9.png,good_9.png,normal,False,0.045922499150037766,2.8014181907565217e-07,0.053714152485093335,0.053714152485093335,0.04894002191722393,False,True,16000,True,0.00012873116065748036,True,0.0029719516169279814,cpu,patch_nearest_normal,last2,14,0.05,False,,,0.00012271787272766232,0.00020260438468534505,True,True,True,True
2026-08-16 02:16:35,full_ctta,grid,monitor,C:/cira_batch_test/grid/bad_8.png,bad_8.png,normal,False,0.0467345230281353,2.74181360282455e-07,0.053714152485093335,0.053714152485093335,0.04894002191722393,False,True,16000,True,0.00016058636538218707,True,0.0025658155791461468,cpu,patch_nearest_normal,last2,14,0.05,False,,,0.0001434824662283063,0.00020260438468534505,True,True,True,True
2026-08-16 02:16:36,full_ctta,grid,monitor,C:/cira_batch_test/grid/bad_1.png,bad_1.png,anomaly,True,0.0884171649813652,0.0884171649813652,0.053714152485093335,0.053714152485093335,0.04894002191722393,False,False,16000,False,,False,0.0,cpu,patch_nearest_normal,last2,14,0.05,False,,,0.00020712922560051084,0.00020260438468534505,False,False,True,True
2026-08-16 02:16:38,full_ctta,grid,monitor,C:/cira_batch_test/grid/bad_14.png,bad_14.png,anomaly,True,0.05388758331537247,0.05388758331537247,0.053714152485093335,0.053714152485093335,0.04894002191722393,False,False,16000,False,,False,0.0,cpu,patch_nearest_normal,last2,14,0.05,False,,,0.00010327200288884342,0.00020260438468534505,False,True,True,True
2026-08-16 02:16:39,full_ctta,grid,monitor,C:/cira_batch_test/grid/bad_15.png,bad_15.png,anomaly,True,0.0647585541009903,0.0647585541009903,0.053714152485093335,0.053714152485093335,0.04894002191722393,False,False,16000,False,,False,0.0,cpu,patch_nearest_normal,last2,14,0.05,False,,,0.00015613391587976366,0.00020260438468534505,False,True,True,True
2026-08-16 02:16:41,full_ctta,grid,monitor,C:/cira_batch_test/grid/good_19.png,good_19.png,anomaly,True,0.06334532797336578,0.06334532797336578,0.053714152485093335,0.053714152485093335,0.04894002191722393,False,False,16000,False,,False,0.0,cpu,patch_nearest_normal,last2,14,0.05,False,,,0.00012328921002335846,0.00020260438468534505,False,True,True,True
2026-08-16 02:16:42,full_ctta,grid,monitor,C:/cira_batch_test/grid/bad_3.png,bad_3.png,anomaly,True,0.06524743884801865,0.06524743884801865,0.053714152485093335,0.053714152485093335,0.04894002191722393,False,False,16000,False,,False,0.0,cpu,patch_nearest_normal,last2,14,0.05,False,,,0.00011587647895794362,0.00020260438468534505,False,True,True,True
2026-08-16 02:16:44,full_ctta,grid,monitor,C:/cira_batch_test/grid/good_5.png,good_5.png,anomaly,True,0.06396226584911346,0.06396226584911346,0.053714152485093335,0.053714152485093335,0.04894002191722393,False,False,16000,False,,False,0.0,cpu,patch_nearest_normal,last2,14,0.05,False,,,0.00012080746091669425,0.00020260438468534505,False,True,True,True
2026-08-16 02:16:45,full_ctta,grid,monitor,C:/cira_batch_test/grid/good_16.png,good_16.png,anomaly,True,0.05479470640420914,0.05479470640420914,0.053714152485093335,0.053714152485093335,0.04894002191722393,False,False,16000,False,,False,0.0,cpu,patch_nearest_normal,last2,14,0.05,False,,,0.00016441378102172166,0.00020260438468534505,False,True,True,True
2026-08-16 02:16:47,full_ctta,grid,monitor,C:/cira_batch_test/grid/good_14.png,good_14.png,normal,False,0.049641430377960205,0.049641430377960205,0.053714152485093335,0.053714152485093335,0.04894002191722393,False,False,16000,False,,False,0.0,cpu,patch_nearest_normal,last2,14,0.05,False,,,0.0001536642957944423,0.00020260438468534505,False,True,True,True
2026-08-16 02:16:48,full_ctta,grid,monitor,C:/cira_batch_test/grid/good_2.png,good_2.png,normal,False,0.05138355493545532,0.05138355493545532,0.053714152485093335,0.053714152485093335,0.04894002191722393,False,False,16000,False,,False,0.0,cpu,patch_nearest_normal,last2,14,0.05,False,,,0.00017289997776970267,0.00020260438468534505,False,True,True,True
2026-08-16 02:16:50,full_ctta,grid,monitor,C:/cira_batch_test/grid/bad_13.png,bad_13.png,normal,False,0.04781535267829895,2.5033949668795685e-07,0.053714152485093335,0.053714152485093335,0.04894002191722393,False,True,16000,True,0.000125427934108302,True,0.0023185820318758488,cpu,patch_nearest_normal,last2,14,0.05,False,,,0.00011717207235051319,0.00020260438468534505,True,True,True,True
2026-08-16 02:16:52,full_ctta,grid,monitor,C:/cira_batch_test/grid/good_10.png,good_10.png,normal,False,0.04538348317146301,3.695487862387381e-07,0.053714152485093335,0.053714152485093335,0.04894002191722393,False,True,16000,True,0.00013561810192186385,True,0.00223634229041636,cpu,patch_nearest_normal,last2,14,0.05,False,,,0.0001260106946574524,0.00020260438468534505,True,True,True,True
2026-08-16 02:16:53,full_ctta,grid,monitor,C:/cira_batch_test/grid/bad_19.png,bad_19.png,anomaly,True,0.10995714366436005,0.10995714366436005,0.053714152485093335,0.053714152485093335,0.04894002191722393,False,False,16000,False,,False,0.0,cpu,patch_nearest_normal,last2,14,0.05,False,,,0.00014731817645952106,0.00020260438468534505,False,True,True,True
2026-08-16 02:16:55,full_ctta,grid,monitor,C:/cira_batch_test/grid/good_4.png,good_4.png,anomaly,True,0.05582251027226448,0.05582251027226448,0.053714152485093335,0.053714152485093335,0.04894002191722393,False,False,16000,False,,False,0.0,cpu,patch_nearest_normal,last2,14,0.05,False,,,0.000231490601436235,0.00020260438468534505,False,False,True,True
2026-08-16 02:16:56,full_ctta,grid,monitor,C:/cira_batch_test/grid/bad_12.png,bad_12.png,anomaly,True,0.10594610869884491,0.10594610869884491,0.053714152485093335,0.053714152485093335,0.04894002191722393,False,False,16000,False,,False,0.0,cpu,patch_nearest_normal,last2,14,0.05,False,,,0.00019851060642395169,0.00020260438468534505,False,True,True,True
2026-08-16 02:16:58,full_ctta,grid,monitor,C:/cira_batch_test/grid/good_18.png,good_18.png,anomaly,True,0.055045194923877716,0.055045194923877716,0.053714152485093335,0.053714152485093335,0.04894002191722393,False,False,16000,False,,False,0.0,cpu,patch_nearest_normal,last2,14,0.05,False,,,0.00011864437692565843,0.00020260438468534505,False,True,True,True
2026-08-16 02:16:59,full_ctta,grid,monitor,C:/cira_batch_test/grid/bad_16.png,bad_16.png,anomaly,True,0.05905802175402641,0.05905802175402641,0.053714152485093335,0.053714152485093335,0.04894002191722393,False,False,16000,False,,False,0.0,cpu,patch_nearest_normal,last2,14,0.05,False,,,0.0001366016367683187,0.00020260438468534505,False,True,True,True
2026-08-16 02:17:01,full_ctta,grid,monitor,C:/cira_batch_test/grid/good_6.png,good_6.png,anomaly,True,0.063889279961586,0.063889279961586,0.053714152485093335,0.053714152485093335,0.04894002191722393,False,False,16000,False,,False,0.0,cpu,patch_nearest_normal,last2,14,0.05,False,,,0.00011896984506165609,0.00020260438468534505,False,True,True,True
2026-08-16 02:17:02,full_ctta,grid,monitor,C:/cira_batch_test/grid/good_13.png,good_13.png,normal,False,0.04281642287969589,3.039836826701503e-07,0.053714152485093335,0.053714152485093335,0.04894002191722393,False,True,16000,True,0.00011587140761548653,True,0.002202647505328059,cpu,patch_nearest_normal,last2,14,0.05,False,,,0.00010725167521741241,0.00020260438468534505,True,True,True,True
2026-08-16 02:17:04,full_ctta,grid,monitor,C:/cira_batch_test/grid/good_15.png,good_15.png,normal,False,0.03731118515133858,2.9206276508375595e-07,0.053714152485093335,0.053714152485093335,0.04894002191722393,False,True,16000,True,0.00013324317114893347,True,0.002145275240764022,cpu,patch_nearest_normal,last2,14,0.05,False,,,0.00012376566883176565,0.00020260438468534505,True,True,True,True
2026-08-16 02:17:06,full_ctta,grid,monitor,C:/cira_batch_test/grid/good_20.png,good_20.png,normal,False,0.04680926725268364,3.039836826701503e-07,0.053714152485093335,0.053714152485093335,0.04894002191722393,False,True,16000,True,0.00015350553439930081,True,0.002143566031008959,cpu,patch_nearest_normal,last2,14,0.05,False,,,0.00014019303489476442,0.00020260438468534505,True,True,True,True
2026-08-16 02:17:07,full_ctta,grid,monitor,C:/cira_batch_test/grid/bad_17.png,bad_17.png,normal,False,0.04972822219133377,0.04972822219133377,0.053714152485093335,0.053714152485093335,0.04894002191722393,False,False,16000,False,,False,0.0,cpu,patch_nearest_normal,last2,14,0.05,False,,,8.675236313138157e-05,0.00020260438468534505,False,True,True,True
2026-08-16 02:17:09,full_ctta,grid,monitor,C:/cira_batch_test/grid/good_11.png,good_11.png,normal,False,0.04371641203761101,3.159046286782541e-07,0.053714152485093335,0.053714152485093335,0.04894002191722393,False,True,16000,True,0.00011663248733384535,True,0.0021143550984561443,cpu,patch_nearest_normal,last2,14,0.05,False,,,0.00010820505121955648,0.00020260438468534505,True,True,True,True
2026-08-16 02:17:10,full_ctta,grid,monitor,C:/cira_batch_test/grid/bad_20.png,bad_20.png,normal,False,0.04895860701799393,0.04895860701799393,0.053714152485093335,0.053714152485093335,0.04894002191722393,False,False,16000,False,,False,0.0,cpu,patch_nearest_normal,last2,14,0.05,False,,,0.00010989908332703635,0.00020260438468534505,False,True,True,True
2026-08-16 02:17:12,full_ctta,grid,monitor,C:/cira_batch_test/grid/good_8.png,good_8.png,normal,False,0.04356883093714714,2.443790378947597e-07,0.053714152485093335,0.053714152485093335,0.04894002191722393,False,True,16000,True,0.0001197641686303541,True,0.002102951053529978,cpu,patch_nearest_normal,last2,14,0.05,False,,,0.00011398500646464527,0.00020260438468534505,True,True,True,True
2026-08-16 02:17:14,full_ctta,grid,monitor,C:/cira_batch_test/grid/bad_10.png,bad_10.png,anomaly,True,0.07243742048740387,0.07243742048740387,0.053714152485093335,0.053714152485093335,0.04894002191722393,False,False,16000,False,,False,0.0,cpu,patch_nearest_normal,last2,14,0.05,False,,,0.00012723567488137633,0.00020260438468534505,False,True,True,True
2026-08-16 02:17:15,full_ctta,grid,monitor,C:/cira_batch_test/grid/good_3.png,good_3.png,normal,False,0.048591624945402145,0.048591624945402145,0.053714152485093335,0.053714152485093335,0.04894002191722393,False,False,16000,False,,False,0.0,cpu,patch_nearest_normal,last2,14,0.05,False,,,0.00021279804059304297,0.00020260438468534505,True,False,True,True
2026-08-16 02:17:17,full_ctta,grid,monitor,C:/cira_batch_test/grid/bad_11.png,bad_11.png,anomaly,True,0.056226037442684174,0.056226037442684174,0.053714152485093335,0.053714152485093335,0.04894002191722393,False,False,16000,False,,False,0.0,cpu,patch_nearest_normal,last2,14,0.05,False,,,0.00018117782019544393,0.00020260438468534505,False,True,True,True
2026-08-16 02:17:18,full_ctta,grid,monitor,C:/cira_batch_test/grid/bad_18.png,bad_18.png,anomaly,True,0.06101909279823303,0.06101909279823303,0.053714152485093335,0.053714152485093335,0.04894002191722393,False,False,16000,False,,False,0.0,cpu,patch_nearest_normal,last2,14,0.05,False,,,0.00015104832709766924,0.00020260438468534505,False,True,True,True
2026-08-16 02:17:20,full_ctta,grid,monitor,C:/cira_batch_test/grid/good_12.png,good_12.png,normal,False,0.039088815450668335,2.9206276508375595e-07,0.053714152485093335,0.053714152485093335,0.04894002191722393,False,True,16000,True,0.00016167733701877296,True,0.002079365309327841,cpu,patch_nearest_normal,last2,14,0.05,True,C:\cira_ttl_checkpoints\grid\patch_memory_bank_update_10.pt,C:\cira_ttl_checkpoints\grid\patch_adapter_update_10.pt,0.00015262152010109276,0.00020260438468534505,True,True,True,True
2026-08-16 02:17:21,full_ctta,grid,monitor,C:/cira_batch_test/grid/good_17.png,good_17.png,normal,False,0.04506229609251022,3.2186508747145126e-07,0.053714152485093335,0.053714152485093335,0.04894002191722393,False,True,16000,True,0.00019924493972212076,True,0.002091404516249895,cpu,patch_nearest_normal,last2,14,0.05,False,,,0.00018690782599151134,0.00020260438468534505,True,True,True,True
2026-08-16 02:17:23,full_ctta,grid,monitor,C:/cira_batch_test/grid/bad_5.png,bad_5.png,anomaly,True,0.0653308555483818,0.0653308555483818,0.053714152485093335,0.053714152485093335,0.04894002191722393,False,False,16000,False,,False,0.0,cpu,patch_nearest_normal,last2,14,0.05,False,,,0.00012910815712530166,0.00020260438468534505,False,True,True,True
2026-08-16 02:17:25,full_ctta,grid,monitor,C:/cira_batch_test/grid/bad_6.png,bad_6.png,normal,False,0.04612165689468384,2.980232238769531e-07,0.053714152485093335,0.053714152485093335,0.04894002191722393,False,True,16000,True,0.00012006387987639755,True,0.0020480442326515913,cpu,patch_nearest_normal,last2,14,0.05,False,,,0.00011501806875457987,0.00020260438468534505,True,True,True,True
2026-08-16 02:17:26,full_ctta,grid,monitor,C:/cira_batch_test/grid/bad_7.png,bad_7.png,anomaly,True,0.11481738090515137,0.11481738090515137,0.053714152485093335,0.053714152485093335,0.04894002191722393,False,False,16000,False,,False,0.0,cpu,patch_nearest_normal,last2,14,0.05,False,,,0.00012088991206837818,0.00020260438468534505,False,True,True,True
2026-08-16 02:17:28,full_ctta,grid,monitor,C:/cira_batch_test/grid/bad_9.png,bad_9.png,anomaly,True,0.06393696367740631,0.06393696367740631,0.053714152485093335,0.053714152485093335,0.04894002191722393,False,False,16000,False,,False,0.0,cpu,patch_nearest_normal,last2,14,0.05,False,,,0.00012340093962848186,0.00020260438468534505,False,True,True,True
2026-08-16 02:17:29,full_ctta,grid,monitor,C:/cira_batch_test/grid/bad_4.png,bad_4.png,anomaly,True,0.09553570300340652,0.09553570300340652,0.053714152485093335,0.053714152485093335,0.04894002191722393,False,False,16000,False,,False,0.0,cpu,patch_nearest_normal,last2,14,0.05,False,,,0.00012069568765582517,0.00020260438468534505,False,True,True,True
2026-08-16 02:17:31,full_ctta,grid,monitor,C:/cira_batch_test/grid/bad_2.png,bad_2.png,anomaly,True,0.0549018569290638,0.0549018569290638,0.053714152485093335,0.053714152485093335,0.04894002191722393,False,False,16000,False,,False,0.0,cpu,patch_nearest_normal,last2,14,0.05,False,,,0.00019052898278459907,0.00020260438468534505,False,True,True,True
2026-08-16 02:17:32,full_ctta,hazelnut,monitor,C:/cira_batch_test/hazelnut/good_1.png,good_1.png,normal,False,0.10071440041065216,3.039836826701503e-07,0.11622385221571559,0.11622385221571559,0.11048602908849717,False,True,16000,True,0.00017845143156591803,True,0.0030248991679400206,cpu,patch_nearest_normal,last2,14,0.05,False,,,0.00015684428217355162,0.00018771860486589,True,True,True,True
2026-08-16 02:17:34,full_ctta,hazelnut,monitor,C:/cira_batch_test/hazelnut/good_7.png,good_7.png,normal,False,0.10413436591625214,2.5629998390286346e-07,0.11622385221571559,0.11622385221571559,0.11048602908849717,False,True,16000,True,0.00016233057249337435,True,0.0027072506491094828,cpu,patch_nearest_normal,last2,14,0.05,False,,,0.00014147274487186223,0.00018771860486589,True,True,True,True
2026-08-16 02:17:36,full_ctta,hazelnut,monitor,C:/cira_batch_test/hazelnut/good_9.png,good_9.png,normal,False,0.10811404883861542,2.8014181907565217e-07,0.11622385221571559,0.11622385221571559,0.11048602908849717,False,True,16000,True,0.00015604743384756148,True,0.0025998486671596766,cpu,patch_nearest_normal,last2,14,0.05,False,,,0.00014986061432864517,0.00018771860486589,True,True,True,True
2026-08-16 02:17:37,full_ctta,hazelnut,monitor,C:/cira_batch_test/hazelnut/bad_8.png,bad_8.png,anomaly,True,0.16712132096290588,0.16712132096290588,0.11622385221571559,0.11622385221571559,0.11048602908849717,False,False,16000,False,,False,0.0,cpu,patch_nearest_normal,last2,14,0.05,False,,,0.00016411827527917922,0.00018771860486589,False,True,True,True
2026-08-16 02:17:39,full_ctta,hazelnut,monitor,C:/cira_batch_test/hazelnut/bad_1.png,bad_1.png,anomaly,True,0.15993532538414001,0.15993532538414001,0.11622385221571559,0.11622385221571559,0.11048602908849717,False,False,16000,False,,False,0.0,cpu,patch_nearest_normal,last2,14,0.05,False,,,0.00014590643695555627,0.00018771860486589,False,True,True,True
2026-08-16 02:17:40,full_ctta,hazelnut,monitor,C:/cira_batch_test/hazelnut/bad_14.png,bad_14.png,anomaly,True,0.20688176155090332,0.20688176155090332,0.11622385221571559,0.11622385221571559,0.11048602908849717,False,False,16000,False,,False,0.0,cpu,patch_nearest_normal,last2,14,0.05,False,,,0.00012863255687989295,0.00018771860486589,False,True,True,True
2026-08-16 02:17:42,full_ctta,hazelnut,monitor,C:/cira_batch_test/hazelnut/bad_15.png,bad_15.png,anomaly,True,0.2253931760787964,0.2253931760787964,0.11622385221571559,0.11622385221571559,0.11048602908849717,False,False,16000,False,,False,0.0,cpu,patch_nearest_normal,last2,14,0.05,False,,,0.00014355142775457352,0.00018771860486589,False,True,True,True
2026-08-16 02:17:44,full_ctta,hazelnut,monitor,C:/cira_batch_test/hazelnut/good_19.png,good_19.png,normal,False,0.10286615788936615,3.099441414633475e-07,0.11622385221571559,0.11622385221571559,0.11048602908849717,False,True,16000,True,0.00014207835192792118,True,0.0025414242409169674,cpu,patch_nearest_normal,last2,14,0.05,False,,,0.0001291648659389466,0.00018771860486589,True,True,True,True
2026-08-16 02:17:45,full_ctta,hazelnut,monitor,C:/cira_batch_test/hazelnut/bad_3.png,bad_3.png,anomaly,True,0.21510663628578186,0.21510663628578186,0.11622385221571559,0.11622385221571559,0.11048602908849717,False,False,16000,False,,False,0.0,cpu,patch_nearest_normal,last2,14,0.05,False,,,0.0001554344198666513,0.00018771860486589,False,True,True,True
2026-08-16 02:17:47,full_ctta,hazelnut,monitor,C:/cira_batch_test/hazelnut/good_5.png,good_5.png,normal,False,0.08700349926948547,2.384185791015625e-07,0.11622385221571559,0.11622385221571559,0.11048602908849717,False,True,16000,True,0.00017117818060796708,True,0.0025096824392676353,cpu,patch_nearest_normal,last2,14,0.05,False,,,0.00014551433559972793,0.00018771860486589,True,True,True,True
2026-08-16 02:17:49,full_ctta,hazelnut,monitor,C:/cira_batch_test/hazelnut/good_16.png,good_16.png,normal,False,0.0936117023229599,2.5629998390286346e-07,0.11622385221571559,0.11622385221571559,0.11048602908849717,False,True,16000,True,0.00015392665227409452,True,0.0024720344226807356,cpu,patch_nearest_normal,last2,14,0.05,False,,,0.00014443686814047396,0.00018771860486589,True,True,True,True
2026-08-16 02:17:50,full_ctta,hazelnut,monitor,C:/cira_batch_test/hazelnut/good_14.png,good_14.png,normal,False,0.09284114837646484,2.682209014892578e-07,0.11622385221571559,0.11622385221571559,0.11048602908849717,False,True,16000,True,0.00015237487968988717,True,0.0024677151814103127,cpu,patch_nearest_normal,last2,14,0.05,False,,,0.00013326040061656386,0.00018771860486589,True,True,True,True
2026-08-16 02:17:52,full_ctta,hazelnut,monitor,C:/cira_batch_test/hazelnut/good_2.png,good_2.png,normal,False,0.0976308137178421,2.1457671550706436e-07,0.11622385221571559,0.11622385221571559,0.11048602908849717,False,True,16000,True,0.00017223873874172568,True,0.0024604173377156258,cpu,patch_nearest_normal,last2,14,0.05,False,,,0.00014144237502478063,0.00018771860486589,True,True,True,True
2026-08-16 02:17:53,full_ctta,hazelnut,monitor,C:/cira_batch_test/hazelnut/bad_13.png,bad_13.png,anomaly,True,0.12587572634220123,0.12587572634220123,0.11622385221571559,0.11622385221571559,0.11048602908849717,False,False,16000,False,,False,0.0,cpu,patch_nearest_normal,last2,14,0.05,False,,,0.00013275313540361822,0.00018771860486589,False,True,True,True
2026-08-16 02:17:55,full_ctta,hazelnut,monitor,C:/cira_batch_test/hazelnut/good_10.png,good_10.png,normal,False,0.10053732246160507,3.397464638510428e-07,0.11622385221571559,0.11622385221571559,0.11048602908849717,False,True,16000,True,0.00016884805518202484,True,0.0024370646569877863,cpu,patch_nearest_normal,last2,14,0.05,False,,,0.0001583779521752149,0.00018771860486589,True,True,True,True
2026-08-16 02:17:57,full_ctta,hazelnut,monitor,C:/cira_batch_test/hazelnut/bad_19.png,bad_19.png,anomaly,True,0.12592187523841858,0.12592187523841858,0.11622385221571559,0.11622385221571559,0.11048602908849717,False,False,16000,False,,False,0.0,cpu,patch_nearest_normal,last2,14,0.05,False,,,0.0001374066632706672,0.00018771860486589,False,True,True,True
2026-08-16 02:17:59,full_ctta,hazelnut,monitor,C:/cira_batch_test/hazelnut/good_4.png,good_4.png,normal,False,0.08564504235982895,2.5033949668795685e-07,0.11622385221571559,0.11622385221571559,0.11048602908849717,False,True,16000,True,0.000170419123605825,True,0.0024457157123833895,cpu,patch_nearest_normal,last2,14,0.05,True,C:\cira_ttl_checkpoints\hazelnut\patch_memory_bank_update_10.pt,C:\cira_ttl_checkpoints\hazelnut\patch_adapter_update_10.pt,0.00015954513219185174,0.00018771860486589,True,True,True,True
2026-08-16 02:18:00,full_ctta,hazelnut,monitor,C:/cira_batch_test/hazelnut/bad_12.png,bad_12.png,anomaly,True,0.12543338537216187,0.12543338537216187,0.11622385221571559,0.11622385221571559,0.11048602908849717,False,False,16000,False,,False,0.0,cpu,patch_nearest_normal,last2,14,0.05,False,,,0.00014779120101593435,0.00018771860486589,False,True,True,True
2026-08-16 02:18:02,full_ctta,hazelnut,monitor,C:/cira_batch_test/hazelnut/good_18.png,good_18.png,normal,False,0.09734278172254562,2.6226044269606064e-07,0.11622385221571559,0.11622385221571559,0.11048602908849717,False,True,16000,True,0.00017792035941965878,True,0.0024207201786339283,cpu,patch_nearest_normal,last2,14,0.05,False,,,0.00015408937179017812,0.00018771860486589,True,True,True,True
2026-08-16 02:18:03,full_ctta,hazelnut,monitor,C:/cira_batch_test/hazelnut/bad_16.png,bad_16.png,anomaly,True,0.2426057606935501,0.2426057606935501,0.11622385221571559,0.11622385221571559,0.11048602908849717,False,False,16000,False,,False,0.0,cpu,patch_nearest_normal,last2,14,0.05,False,,,0.0001281094882870093,0.00018771860486589,False,True,True,True
2026-08-16 02:18:05,full_ctta,hazelnut,monitor,C:/cira_batch_test/hazelnut/good_6.png,good_6.png,anomaly,True,0.11938957870006561,0.11938957870006561,0.11622385221571559,0.11622385221571559,0.11048602908849717,False,False,16000,False,,False,0.0,cpu,patch_nearest_normal,last2,14,0.05,False,,,0.00013063209189567715,0.00018771860486589,False,True,True,True
2026-08-16 02:18:07,full_ctta,hazelnut,monitor,C:/cira_batch_test/hazelnut/good_13.png,good_13.png,normal,False,0.0991472601890564,3.337860050578456e-07,0.11622385221571559,0.11622385221571559,0.11048602908849717,False,True,16000,True,0.0001565071288496256,True,0.0024182465858757496,cpu,patch_nearest_normal,last2,14,0.05,False,,,0.00013797430437989533,0.00018771860486589,True,True,True,True
2026-08-16 02:18:08,full_ctta,hazelnut,monitor,C:/cira_batch_test/hazelnut/good_15.png,good_15.png,normal,False,0.10234940052032471,2.682209014892578e-07,0.11622385221571559,0.11622385221571559,0.11048602908849717,False,True,16000,True,0.00015881354920566082,True,0.0024105983320623636,cpu,patch_nearest_normal,last2,14,0.05,False,,,0.00015997208538465202,0.00018771860486589,True,True,True,True
2026-08-16 02:18:10,full_ctta,hazelnut,monitor,C:/cira_batch_test/hazelnut/good_20.png,good_20.png,normal,False,0.09618156403303146,2.5033949668795685e-07,0.11622385221571559,0.11622385221571559,0.11048602908849717,False,True,16000,True,0.00016143730317708105,True,0.002406190149486065,cpu,patch_nearest_normal,last2,14,0.05,False,,,0.00015980788157321513,0.00018771860486589,True,True,True,True
2026-08-16 02:18:12,full_ctta,hazelnut,monitor,C:/cira_batch_test/hazelnut/bad_17.png,bad_17.png,anomaly,True,0.21503329277038574,0.21503329277038574,0.11622385221571559,0.11622385221571559,0.11048602908849717,False,False,16000,False,,False,0.0,cpu,patch_nearest_normal,last2,14,0.05,False,,,0.00012844317825511098,0.00018771860486589,False,True,True,True
2026-08-16 02:18:13,full_ctta,hazelnut,monitor,C:/cira_batch_test/hazelnut/good_11.png,good_11.png,normal,False,0.08549059927463531,3.039836826701503e-07,0.11622385221571559,0.11622385221571559,0.11048602908849717,False,True,16000,True,0.0001545542327221483,True,0.002394075971096754,cpu,patch_nearest_normal,last2,14,0.05,False,,,0.0001412278797943145,0.00018771860486589,True,True,True,True
2026-08-16 02:18:15,full_ctta,hazelnut,monitor,C:/cira_batch_test/hazelnut/bad_20.png,bad_20.png,anomaly,True,0.22614280879497528,0.22614280879497528,0.11622385221571559,0.11622385221571559,0.11048602908849717,False,False,16000,False,,False,0.0,cpu,patch_nearest_normal,last2,14,0.05,False,,,0.00013509829295799136,0.00018771860486589,False,True,True,True
2026-08-16 02:18:17,full_ctta,hazelnut,monitor,C:/cira_batch_test/hazelnut/good_8.png,good_8.png,normal,False,0.10593909025192261,2.8014181907565217e-07,0.11622385221571559,0.11622385221571559,0.11048602908849717,False,True,16000,True,0.00016742637671995908,True,0.0023961691185832024,cpu,patch_nearest_normal,last2,14,0.05,False,,,0.00012900566798634827,0.00018771860486589,True,True,True,True
2026-08-16 02:18:18,full_ctta,hazelnut,monitor,C:/cira_batch_test/hazelnut/bad_10.png,bad_10.png,anomaly,True,0.23687878251075745,0.23687878251075745,0.11622385221571559,0.11622385221571559,0.11048602908849717,False,False,16000,False,,False,0.0,cpu,patch_nearest_normal,last2,14,0.05,False,,,0.00013155554188415408,0.00018771860486589,False,True,True,True
2026-08-16 02:18:20,full_ctta,hazelnut,monitor,C:/cira_batch_test/hazelnut/good_3.png,good_3.png,normal,False,0.10191060602664948,2.5033949668795685e-07,0.11622385221571559,0.11622385221571559,0.11048602908849717,False,True,16000,True,0.00015346516738645732,True,0.002392579335719347,cpu,patch_nearest_normal,last2,14,0.05,False,,,0.00014486275904346257,0.00018771860486589,True,True,True,True
2026-08-16 02:18:21,full_ctta,hazelnut,monitor,C:/cira_batch_test/hazelnut/bad_11.png,bad_11.png,anomaly,True,0.20697875320911407,0.20697875320911407,0.11622385221571559,0.11622385221571559,0.11048602908849717,False,False,16000,False,,False,0.0,cpu,patch_nearest_normal,last2,14,0.05,False,,,0.00015533088298980147,0.00018771860486589,False,True,True,True
2026-08-16 02:18:23,full_ctta,hazelnut,monitor,C:/cira_batch_test/hazelnut/bad_18.png,bad_18.png,anomaly,True,0.21670250594615936,0.21670250594615936,0.11622385221571559,0.11622385221571559,0.11048602908849717,False,False,16000,False,,False,0.0,cpu,patch_nearest_normal,last2,14,0.05,False,,,0.00015793404600117356,0.00018771860486589,False,True,True,True
2026-08-16 02:18:25,full_ctta,hazelnut,monitor,C:/cira_batch_test/hazelnut/good_12.png,good_12.png,normal,False,0.09418414533138275,3.099441414633475e-07,0.11622385221571559,0.11622385221571559,0.11048602908849717,False,True,16000,True,0.0001697342231636867,True,0.0023973153438419104,cpu,patch_nearest_normal,last2,14,0.05,False,,,0.0001468854461563751,0.00018771860486589,True,True,True,True
2026-08-16 02:18:26,full_ctta,hazelnut,monitor,C:/cira_batch_test/hazelnut/good_17.png,good_17.png,normal,False,0.10959307104349136,2.8014181907565217e-07,0.11622385221571559,0.11622385221571559,0.11048602908849717,False,True,16000,True,0.00016762336599640548,True,0.0024075869005173445,cpu,patch_nearest_normal,last2,14,0.05,False,,,0.00016465818043798208,0.00018771860486589,True,True,True,True
2026-08-16 02:18:28,full_ctta,hazelnut,monitor,C:/cira_batch_test/hazelnut/bad_5.png,bad_5.png,anomaly,True,0.16372452676296234,0.16372452676296234,0.11622385221571559,0.11622385221571559,0.11048602908849717,False,False,16000,False,,False,0.0,cpu,patch_nearest_normal,last2,14,0.05,False,,,0.00014783094229642302,0.00018771860486589,False,True,True,True
2026-08-16 02:18:29,full_ctta,hazelnut,monitor,C:/cira_batch_test/hazelnut/bad_6.png,bad_6.png,anomaly,True,0.20407824218273163,0.20407824218273163,0.11622385221571559,0.11622385221571559,0.11048602908849717,False,False,16000,False,,False,0.0,cpu,patch_nearest_normal,last2,14,0.05,False,,,0.00013800062879454345,0.00018771860486589,False,True,True,True
2026-08-16 02:18:31,full_ctta,hazelnut,monitor,C:/cira_batch_test/hazelnut/bad_7.png,bad_7.png,anomaly,True,0.2011183202266693,0.2011183202266693,0.11622385221571559,0.11622385221571559,0.11048602908849717,False,False,16000,False,,False,0.0,cpu,patch_nearest_normal,last2,14,0.05,False,,,0.00013043743092566729,0.00018771860486589,False,True,True,True
2026-08-16 02:18:32,full_ctta,hazelnut,monitor,C:/cira_batch_test/hazelnut/bad_9.png,bad_9.png,anomaly,True,0.1536312848329544,0.1536312848329544,0.11622385221571559,0.11622385221571559,0.11048602908849717,False,False,16000,False,,False,0.0,cpu,patch_nearest_normal,last2,14,0.05,False,,,0.00013816381397191435,0.00018771860486589,False,True,True,True
2026-08-16 02:18:34,full_ctta,hazelnut,monitor,C:/cira_batch_test/hazelnut/bad_4.png,bad_4.png,anomaly,True,0.21669311821460724,0.21669311821460724,0.11622385221571559,0.11622385221571559,0.11048602908849717,False,False,16000,False,,False,0.0,cpu,patch_nearest_normal,last2,14,0.05,False,,,0.00013690160994883627,0.00018771860486589,False,True,True,True
2026-08-16 02:18:35,full_ctta,hazelnut,monitor,C:/cira_batch_test/hazelnut/bad_2.png,bad_2.png,anomaly,True,0.19357997179031372,0.19357997179031372,0.11622385221571559,0.11622385221571559,0.11048602908849717,False,False,16000,False,,False,0.0,cpu,patch_nearest_normal,last2,14,0.05,False,,,0.00016943264927249402,0.00018771860486589,False,True,True,True
2026-08-16 02:18:37,full_ctta,leather,monitor,C:/cira_batch_test/leather/good_1.png,good_1.png,anomaly,True,0.035275984555482864,0.035275984555482864,0.03417175290126485,0.03417175290126485,0.030724090337753297,False,False,16000,False,,False,0.0,cpu,patch_nearest_normal,last2,14,0.05,False,,,0.00011931537301279604,0.000215753776865275,False,True,True,True
2026-08-16 02:18:38,full_ctta,leather,monitor,C:/cira_batch_test/leather/good_7.png,good_7.png,anomaly,True,0.036726582795381546,0.036726582795381546,0.03417175290126485,0.03417175290126485,0.030724090337753297,False,False,16000,False,,False,0.0,cpu,patch_nearest_normal,last2,14,0.05,False,,,0.000120943681395147,0.000215753776865275,False,True,True,True
2026-08-16 02:18:40,full_ctta,leather,monitor,C:/cira_batch_test/leather/good_9.png,good_9.png,anomaly,True,0.035586826503276825,0.035586826503276825,0.03417175290126485,0.03417175290126485,0.030724090337753297,False,False,16000,False,,False,0.0,cpu,patch_nearest_normal,last2,14,0.05,False,,,0.00012491819506976753,0.000215753776865275,False,True,True,True
2026-08-16 02:18:42,full_ctta,leather,monitor,C:/cira_batch_test/leather/bad_8.png,bad_8.png,anomaly,True,0.04029615595936775,0.04029615595936775,0.03417175290126485,0.03417175290126485,0.030724090337753297,False,False,16000,False,,False,0.0,cpu,patch_nearest_normal,last2,14,0.05,False,,,0.0001769006485119462,0.000215753776865275,False,True,True,True
2026-08-16 02:18:43,full_ctta,leather,monitor,C:/cira_batch_test/leather/bad_1.png,bad_1.png,anomaly,True,0.051475733518600464,0.051475733518600464,0.03417175290126485,0.03417175290126485,0.030724090337753297,False,False,16000,False,,False,0.0,cpu,patch_nearest_normal,last2,14,0.05,False,,,0.00014929189637769014,0.000215753776865275,False,True,True,True
2026-08-16 02:18:45,full_ctta,leather,monitor,C:/cira_batch_test/leather/bad_14.png,bad_14.png,anomaly,True,0.3577588200569153,0.3577588200569153,0.03417175290126485,0.03417175290126485,0.030724090337753297,False,False,16000,False,,False,0.0,cpu,patch_nearest_normal,last2,14,0.05,False,,,0.00010744313476607203,0.000215753776865275,False,True,True,True
2026-08-16 02:18:46,full_ctta,leather,monitor,C:/cira_batch_test/leather/bad_15.png,bad_15.png,anomaly,True,0.13468047976493835,0.13468047976493835,0.03417175290126485,0.03417175290126485,0.030724090337753297,False,False,16000,False,,False,0.0,cpu,patch_nearest_normal,last2,14,0.05,False,,,0.0001289191422984004,0.000215753776865275,False,True,True,True
2026-08-16 02:18:48,full_ctta,leather,monitor,C:/cira_batch_test/leather/good_19.png,good_19.png,normal,False,0.03140809014439583,0.03140809014439583,0.03417175290126485,0.03417175290126485,0.030724090337753297,False,False,16000,False,,False,0.0,cpu,patch_nearest_normal,last2,14,0.05,False,,,0.00013812114775646478,0.000215753776865275,False,True,True,True
2026-08-16 02:18:49,full_ctta,leather,monitor,C:/cira_batch_test/leather/bad_3.png,bad_3.png,anomaly,True,0.375313937664032,0.375313937664032,0.03417175290126485,0.03417175290126485,0.030724090337753297,False,False,16000,False,,False,0.0,cpu,patch_nearest_normal,last2,14,0.05,False,,,0.00017325393855571747,0.000215753776865275,False,True,True,True
2026-08-16 02:18:51,full_ctta,leather,monitor,C:/cira_batch_test/leather/good_5.png,good_5.png,anomaly,True,0.03432568162679672,0.03432568162679672,0.03417175290126485,0.03417175290126485,0.030724090337753297,False,False,16000,False,,False,0.0,cpu,patch_nearest_normal,last2,14,0.05,False,,,0.0001120387896662578,0.000215753776865275,False,True,True,True
2026-08-16 02:18:52,full_ctta,leather,monitor,C:/cira_batch_test/leather/good_16.png,good_16.png,anomaly,True,0.03431837633252144,0.03431837633252144,0.03417175290126485,0.03417175290126485,0.030724090337753297,False,False,16000,False,,False,0.0,cpu,patch_nearest_normal,last2,14,0.05,False,,,0.00015291506133507937,0.000215753776865275,False,True,True,True
2026-08-16 02:18:54,full_ctta,leather,monitor,C:/cira_batch_test/leather/good_14.png,good_14.png,anomaly,True,0.04789183288812637,0.04789183288812637,0.03417175290126485,0.03417175290126485,0.030724090337753297,False,False,16000,False,,False,0.0,cpu,patch_nearest_normal,last2,14,0.05,False,,,0.00011834254109999165,0.000215753776865275,False,True,True,True
2026-08-16 02:18:55,full_ctta,leather,monitor,C:/cira_batch_test/leather/good_2.png,good_2.png,anomaly,True,0.03596530482172966,0.03596530482172966,0.03417175290126485,0.03417175290126485,0.030724090337753297,False,False,16000,False,,False,0.0,cpu,patch_nearest_normal,last2,14,0.05,False,,,0.00010965343244606629,0.000215753776865275,False,True,True,True
2026-08-16 02:18:57,full_ctta,leather,monitor,C:/cira_batch_test/leather/bad_13.png,bad_13.png,anomaly,True,0.0342017225921154,0.0342017225921154,0.03417175290126485,0.03417175290126485,0.030724090337753297,False,False,16000,False,,False,0.0,cpu,patch_nearest_normal,last2,14,0.05,False,,,0.00012904124741908163,0.000215753776865275,False,True,True,True
2026-08-16 02:18:58,full_ctta,leather,monitor,C:/cira_batch_test/leather/good_10.png,good_10.png,anomaly,True,0.034913837909698486,0.034913837909698486,0.03417175290126485,0.03417175290126485,0.030724090337753297,False,False,16000,False,,False,0.0,cpu,patch_nearest_normal,last2,14,0.05,False,,,0.00012778479140251875,0.000215753776865275,False,True,True,True
2026-08-16 02:19:00,full_ctta,leather,monitor,C:/cira_batch_test/leather/bad_19.png,bad_19.png,normal,False,0.03212640434503555,0.03212640434503555,0.03417175290126485,0.03417175290126485,0.030724090337753297,False,False,16000,False,,False,0.0,cpu,patch_nearest_normal,last2,14,0.05,False,,,0.0001825501531129703,0.000215753776865275,False,True,True,True
2026-08-16 02:19:01,full_ctta,leather,monitor,C:/cira_batch_test/leather/good_4.png,good_4.png,anomaly,True,0.037792980670928955,0.037792980670928955,0.03417175290126485,0.03417175290126485,0.030724090337753297,False,False,16000,False,,False,0.0,cpu,patch_nearest_normal,last2,14,0.05,False,,,0.0001207041204907,0.000215753776865275,False,True,True,True
2026-08-16 02:19:03,full_ctta,leather,monitor,C:/cira_batch_test/leather/bad_12.png,bad_12.png,anomaly,True,0.37309738993644714,0.37309738993644714,0.03417175290126485,0.03417175290126485,0.030724090337753297,False,False,16000,False,,False,0.0,cpu,patch_nearest_normal,last2,14,0.05,False,,,0.00012163192877778783,0.000215753776865275,False,True,True,True
2026-08-16 02:19:04,full_ctta,leather,monitor,C:/cira_batch_test/leather/good_18.png,good_18.png,normal,False,0.03228149563074112,0.03228149563074112,0.03417175290126485,0.03417175290126485,0.030724090337753297,False,False,16000,False,,False,0.0,cpu,patch_nearest_normal,last2,14,0.05,False,,,0.00012739705562125891,0.000215753776865275,False,True,True,True
2026-08-16 02:19:06,full_ctta,leather,monitor,C:/cira_batch_test/leather/bad_16.png,bad_16.png,anomaly,True,0.041029274463653564,0.041029274463653564,0.03417175290126485,0.03417175290126485,0.030724090337753297,False,False,16000,False,,False,0.0,cpu,patch_nearest_normal,last2,14,0.05,False,,,0.0001216646924149245,0.000215753776865275,False,True,True,True
2026-08-16 02:19:07,full_ctta,leather,monitor,C:/cira_batch_test/leather/good_6.png,good_6.png,anomaly,True,0.03634696081280708,0.03634696081280708,0.03417175290126485,0.03417175290126485,0.030724090337753297,False,False,16000,False,,False,0.0,cpu,patch_nearest_normal,last2,14,0.05,False,,,0.00014681898755952716,0.000215753776865275,False,True,True,True
2026-08-16 02:19:09,full_ctta,leather,monitor,C:/cira_batch_test/leather/good_13.png,good_13.png,anomaly,True,0.04109293967485428,0.04109293967485428,0.03417175290126485,0.03417175290126485,0.030724090337753297,False,False,16000,False,,False,0.0,cpu,patch_nearest_normal,last2,14,0.05,False,,,0.00012902042362838984,0.000215753776865275,False,True,True,True
2026-08-16 02:19:11,full_ctta,leather,monitor,C:/cira_batch_test/leather/good_15.png,good_15.png,normal,False,0.027622688561677933,2.9206276508375595e-07,0.03417175290126485,0.03417175290126485,0.030724090337753297,False,True,16000,True,0.00016953551676124334,True,0.0030235983431339264,cpu,patch_nearest_normal,last2,14,0.05,False,,,0.00015170629194471985,0.000215753776865275,True,True,True,True
2026-08-16 02:19:12,full_ctta,leather,monitor,C:/cira_batch_test/leather/good_20.png,good_20.png,anomaly,True,0.03719237446784973,0.03719237446784973,0.03417175290126485,0.03417175290126485,0.030724090337753297,False,False,16000,False,,False,0.0,cpu,patch_nearest_normal,last2,14,0.05,False,,,0.0001252646470675245,0.000215753776865275,False,True,True,True
2026-08-16 02:19:14,full_ctta,leather,monitor,C:/cira_batch_test/leather/bad_17.png,bad_17.png,anomaly,True,0.24229416251182556,0.24229416251182556,0.03417175290126485,0.03417175290126485,0.030724090337753297,False,False,16000,False,,False,0.0,cpu,patch_nearest_normal,last2,14,0.05,False,,,0.0001840152544900775,0.000215753776865275,False,True,True,True
2026-08-16 02:19:15,full_ctta,leather,monitor,C:/cira_batch_test/leather/good_11.png,good_11.png,anomaly,True,0.039074141532182693,0.039074141532182693,0.03417175290126485,0.03417175290126485,0.030724090337753297,False,False,16000,False,,False,0.0,cpu,patch_nearest_normal,last2,14,0.05,False,,,0.00010796055721584707,0.000215753776865275,False,True,True,True
2026-08-16 02:19:17,full_ctta,leather,monitor,C:/cira_batch_test/leather/bad_20.png,bad_20.png,anomaly,True,0.1002340316772461,0.1002340316772461,0.03417175290126485,0.03417175290126485,0.030724090337753297,False,False,16000,False,,False,0.0,cpu,patch_nearest_normal,last2,14,0.05,False,,,0.00016792950918897986,0.000215753776865275,False,True,True,True
2026-08-16 02:19:18,full_ctta,leather,monitor,C:/cira_batch_test/leather/good_8.png,good_8.png,anomaly,True,0.03519108146429062,0.03519108146429062,0.03417175290126485,0.03417175290126485,0.030724090337753297,False,False,16000,False,,False,0.0,cpu,patch_nearest_normal,last2,14,0.05,False,,,0.00011363709199940786,0.000215753776865275,False,True,True,True
2026-08-16 02:19:20,full_ctta,leather,monitor,C:/cira_batch_test/leather/bad_10.png,bad_10.png,anomaly,True,0.08101232349872589,0.08101232349872589,0.03417175290126485,0.03417175290126485,0.030724090337753297,False,False,16000,False,,False,0.0,cpu,patch_nearest_normal,last2,14,0.05,False,,,0.00012383567809592932,0.000215753776865275,False,True,True,True
2026-08-16 02:19:21,full_ctta,leather,monitor,C:/cira_batch_test/leather/good_3.png,good_3.png,anomaly,True,0.03518969565629959,0.03518969565629959,0.03417175290126485,0.03417175290126485,0.030724090337753297,False,False,16000,False,,False,0.0,cpu,patch_nearest_normal,last2,14,0.05,False,,,0.00013269780902191997,0.000215753776865275,False,True,True,True
2026-08-16 02:19:23,full_ctta,leather,monitor,C:/cira_batch_test/leather/bad_11.png,bad_11.png,anomaly,True,0.387588769197464,0.387588769197464,0.03417175290126485,0.03417175290126485,0.030724090337753297,False,False,16000,False,,False,0.0,cpu,patch_nearest_normal,last2,14,0.05,False,,,0.00017686100909486413,0.000215753776865275,False,True,True,True
2026-08-16 02:19:24,full_ctta,leather,monitor,C:/cira_batch_test/leather/bad_18.png,bad_18.png,anomaly,True,0.0356474444270134,0.0356474444270134,0.03417175290126485,0.03417175290126485,0.030724090337753297,False,False,16000,False,,False,0.0,cpu,patch_nearest_normal,last2,14,0.05,False,,,0.00011914356582565233,0.000215753776865275,False,True,True,True
2026-08-16 02:19:26,full_ctta,leather,monitor,C:/cira_batch_test/leather/good_12.png,good_12.png,anomaly,True,0.04198231175541878,0.04198231175541878,0.03417175290126485,0.03417175290126485,0.030724090337753297,False,False,16000,False,,False,0.0,cpu,patch_nearest_normal,last2,14,0.05,False,,,0.00011069804895669222,0.000215753776865275,False,True,True,True
2026-08-16 02:19:28,full_ctta,leather,monitor,C:/cira_batch_test/leather/good_17.png,good_17.png,normal,False,0.029496926814317703,3.039836826701503e-07,0.03417175290126485,0.03417175290126485,0.030724090337753297,False,True,16000,True,0.00014168235065881163,True,0.0028663461562246084,cpu,patch_nearest_normal,last2,14,0.05,False,,,0.00013805797789245844,0.000215753776865275,True,True,True,True
2026-08-16 02:19:29,full_ctta,leather,monitor,C:/cira_batch_test/leather/bad_5.png,bad_5.png,anomaly,True,0.04334505274891853,0.04334505274891853,0.03417175290126485,0.03417175290126485,0.030724090337753297,False,False,16000,False,,False,0.0,cpu,patch_nearest_normal,last2,14,0.05,False,,,0.0001214746807818301,0.000215753776865275,False,True,True,True
2026-08-16 02:19:31,full_ctta,leather,monitor,C:/cira_batch_test/leather/bad_6.png,bad_6.png,anomaly,True,0.03600078821182251,0.03600078821182251,0.03417175290126485,0.03417175290126485,0.030724090337753297,False,False,16000,False,,False,0.0,cpu,patch_nearest_normal,last2,14,0.05,False,,,0.00012209810665808618,0.000215753776865275,False,True,True,True
2026-08-16 02:19:32,full_ctta,leather,monitor,C:/cira_batch_test/leather/bad_7.png,bad_7.png,anomaly,True,0.1879691332578659,0.1879691332578659,0.03417175290126485,0.03417175290126485,0.030724090337753297,False,False,16000,False,,False,0.0,cpu,patch_nearest_normal,last2,14,0.05,False,,,0.00013869706890545785,0.000215753776865275,False,True,True,True
2026-08-16 02:19:34,full_ctta,leather,monitor,C:/cira_batch_test/leather/bad_9.png,bad_9.png,anomaly,True,0.034327052533626556,0.034327052533626556,0.03417175290126485,0.03417175290126485,0.030724090337753297,False,False,16000,False,,False,0.0,cpu,patch_nearest_normal,last2,14,0.05,False,,,0.00012898635759484023,0.000215753776865275,False,True,True,True
2026-08-16 02:19:35,full_ctta,leather,monitor,C:/cira_batch_test/leather/bad_4.png,bad_4.png,anomaly,True,0.07337978482246399,0.07337978482246399,0.03417175290126485,0.03417175290126485,0.030724090337753297,False,False,16000,False,,False,0.0,cpu,patch_nearest_normal,last2,14,0.05,False,,,0.00014931336045265198,0.000215753776865275,False,True,True,True
2026-08-16 02:19:37,full_ctta,leather,monitor,C:/cira_batch_test/leather/bad_2.png,bad_2.png,anomaly,True,0.2675526738166809,0.2675526738166809,0.03417175290126485,0.03417175290126485,0.030724090337753297,False,False,16000,False,,False,0.0,cpu,patch_nearest_normal,last2,14,0.05,False,,,9.460563160246238e-05,0.000215753776865275,False,True,True,True
2026-08-16 02:19:38,full_ctta,metal_nut,monitor,C:/cira_batch_test/metal_nut/good_1.png,good_1.png,normal,False,0.05869795009493828,2.8014181907565217e-07,0.07371339670893942,0.07371339670893942,0.06968219578266144,False,True,16000,True,0.00010749783541541547,True,0.002991366432979703,cpu,patch_nearest_normal,last2,14,0.05,False,,,9.128920646617189e-05,0.00010222778946618,True,True,True,True
2026-08-16 02:19:40,full_ctta,metal_nut,monitor,C:/cira_batch_test/metal_nut/good_7.png,good_7.png,normal,False,0.0668473094701767,2.5033949668795685e-07,0.07371339670893942,0.07371339670893942,0.06968219578266144,False,True,16000,True,0.00011900361278094351,True,0.0026776783633977175,cpu,patch_nearest_normal,last2,14,0.05,False,,,0.00010077544720843434,0.00010222778946618,True,True,True,True
2026-08-16 02:19:42,full_ctta,metal_nut,monitor,C:/cira_batch_test/metal_nut/good_9.png,good_9.png,anomaly,True,0.08020801842212677,0.08020801842212677,0.07371339670893942,0.07371339670893942,0.06968219578266144,False,False,16000,False,,False,0.0,cpu,patch_nearest_normal,last2,14,0.05,False,,,9.655205212766305e-05,0.00010222778946618,False,True,True,True
2026-08-16 02:19:43,full_ctta,metal_nut,monitor,C:/cira_batch_test/metal_nut/bad_8.png,bad_8.png,anomaly,True,0.16745270788669586,0.16745270788669586,0.07371339670893942,0.07371339670893942,0.06968219578266144,False,False,16000,False,,False,0.0,cpu,patch_nearest_normal,last2,14,0.05,False,,,0.000127943538245745,0.00010222778946618,False,False,True,True
2026-08-16 02:19:45,full_ctta,metal_nut,monitor,C:/cira_batch_test/metal_nut/bad_1.png,bad_1.png,anomaly,True,0.12011720985174179,0.12011720985174179,0.07371339670893942,0.07371339670893942,0.06968219578266144,False,False,16000,False,,False,0.0,cpu,patch_nearest_normal,last2,14,0.05,False,,,0.00010103097883984447,0.00010222778946618,False,True,True,True
2026-08-16 02:19:46,full_ctta,metal_nut,monitor,C:/cira_batch_test/metal_nut/bad_14.png,bad_14.png,anomaly,True,0.16330547630786896,0.16330547630786896,0.07371339670893942,0.07371339670893942,0.06968219578266144,False,False,16000,False,,False,0.0,cpu,patch_nearest_normal,last2,14,0.05,False,,,9.613246220396832e-05,0.00010222778946618,False,True,True,True
2026-08-16 02:19:47,full_ctta,metal_nut,monitor,C:/cira_batch_test/metal_nut/bad_15.png,bad_15.png,anomaly,True,0.16518092155456543,0.16518092155456543,0.07371339670893942,0.07371339670893942,0.06968219578266144,False,False,16000,False,,False,0.0,cpu,patch_nearest_normal,last2,14,0.05,False,,,0.0001325865596299991,0.00010222778946618,False,False,True,True
2026-08-16 02:19:49,full_ctta,metal_nut,monitor,C:/cira_batch_test/metal_nut/good_19.png,good_19.png,normal,False,0.05264636129140854,0.05264636129140854,0.07371339670893942,0.07371339670893942,0.06968219578266144,False,False,16000,False,,False,0.0,cpu,patch_nearest_normal,last2,14,0.05,False,,,0.00010880281479330733,0.00010222778946618,True,False,True,True
2026-08-16 02:19:50,full_ctta,metal_nut,monitor,C:/cira_batch_test/metal_nut/bad_3.png,bad_3.png,anomaly,True,0.14970684051513672,0.14970684051513672,0.07371339670893942,0.07371339670893942,0.06968219578266144,False,False,16000,False,,False,0.0,cpu,patch_nearest_normal,last2,14,0.05,False,,,0.0001019073388306424,0.00010222778946618,False,True,True,True
2026-08-16 02:19:52,full_ctta,metal_nut,monitor,C:/cira_batch_test/metal_nut/good_5.png,good_5.png,normal,False,0.06090794876217842,2.5033949668795685e-07,0.07371339670893942,0.07371339670893942,0.06968219578266144,False,True,16000,True,0.00010473861766513437,True,0.002595501486212015,cpu,patch_nearest_normal,last2,14,0.05,False,,,9.678009519120678e-05,0.00010222778946618,True,True,True,True
2026-08-16 02:19:53,full_ctta,metal_nut,monitor,C:/cira_batch_test/metal_nut/good_16.png,good_16.png,normal,False,0.07087509334087372,0.07087509334087372,0.07371339670893942,0.07371339670893942,0.06968219578266144,False,False,16000,False,,False,0.0,cpu,patch_nearest_normal,last2,14,0.05,False,,,8.92543321242556e-05,0.00010222778946618,False,True,True,True
2026-08-16 02:19:55,full_ctta,metal_nut,monitor,C:/cira_batch_test/metal_nut/good_14.png,good_14.png,normal,False,0.06952273100614548,2.086162567138672e-07,0.07371339670893942,0.07371339670893942,0.06968219578266144,False,True,16000,True,0.00010622198897181079,True,0.0025401299353688955,cpu,patch_nearest_normal,last2,14,0.05,False,,,8.996889664558694e-05,0.00010222778946618,True,True,True,True
2026-08-16 02:19:59,full_ctta,metal_nut,monitor,C:/cira_batch_test/metal_nut/good_2.png,good_2.png,normal,False,0.06018932908773422,3.397464638510428e-07,0.07371339670893942,0.07371339670893942,0.06968219578266144,False,True,16000,True,0.00010880574700422585,True,0.002520942594856024,cpu,patch_nearest_normal,last2,14,0.05,False,,,9.65354047366418e-05,0.00010222778946618,True,True,True,True
2026-08-16 02:20:00,full_ctta,metal_nut,monitor,C:/cira_batch_test/metal_nut/bad_13.png,bad_13.png,anomaly,True,0.18466635048389435,0.18466635048389435,0.07371339670893942,0.07371339670893942,0.06968219578266144,False,False,16000,False,,False,0.0,cpu,patch_nearest_normal,last2,14,0.05,False,,,0.0001058026755345054,0.00010222778946618,False,False,True,True
2026-08-16 02:20:02,full_ctta,metal_nut,monitor,C:/cira_batch_test/metal_nut/good_10.png,good_10.png,normal,False,0.07196927070617676,0.07196927070617676,0.07371339670893942,0.07371339670893942,0.06968219578266144,False,False,16000,False,,False,0.0,cpu,patch_nearest_normal,last2,14,0.05,False,,,8.786498074186966e-05,0.00010222778946618,False,True,True,True
2026-08-16 02:20:03,full_ctta,metal_nut,monitor,C:/cira_batch_test/metal_nut/bad_19.png,bad_19.png,anomaly,True,0.1575535088777542,0.1575535088777542,0.07371339670893942,0.07371339670893942,0.06968219578266144,False,False,16000,False,,False,0.0,cpu,patch_nearest_normal,last2,14,0.05,False,,,0.000127019127830863,0.00010222778946618,False,False,True,True
2026-08-16 02:20:05,full_ctta,metal_nut,monitor,C:/cira_batch_test/metal_nut/good_4.png,good_4.png,normal,False,0.061681490391492844,2.74181360282455e-07,0.07371339670893942,0.07371339670893942,0.06968219578266144,False,True,16000,True,0.00010660568659659475,True,0.002505323151126504,cpu,patch_nearest_normal,last2,14,0.05,False,,,9.153044811682776e-05,0.00010222778946618,True,True,True,True
2026-08-16 02:20:06,full_ctta,metal_nut,monitor,C:/cira_batch_test/metal_nut/bad_12.png,bad_12.png,anomaly,True,0.11814192682504654,0.11814192682504654,0.07371339670893942,0.07371339670893942,0.06968219578266144,False,False,16000,False,,False,0.0,cpu,patch_nearest_normal,last2,14,0.05,False,,,9.77104136836715e-05,0.00010222778946618,False,True,True,True
2026-08-16 02:20:08,full_ctta,metal_nut,monitor,C:/cira_batch_test/metal_nut/good_18.png,good_18.png,normal,False,0.06153572350740433,0.06153572350740433,0.07371339670893942,0.07371339670893942,0.06968219578266144,False,False,16000,False,,False,0.0,cpu,patch_nearest_normal,last2,14,0.05,False,,,0.00010749397188192233,0.00010222778946618,True,False,True,True
2026-08-16 02:20:09,full_ctta,metal_nut,monitor,C:/cira_batch_test/metal_nut/bad_16.png,bad_16.png,anomaly,True,0.18394547700881958,0.18394547700881958,0.07371339670893942,0.07371339670893942,0.06968219578266144,False,False,16000,False,,False,0.0,cpu,patch_nearest_normal,last2,14,0.05,False,,,0.00011099804396508262,0.00010222778946618,False,False,True,True
2026-08-16 02:20:11,full_ctta,metal_nut,monitor,C:/cira_batch_test/metal_nut/good_6.png,good_6.png,normal,False,0.06768951565027237,2.9206276508375595e-07,0.07371339670893942,0.07371339670893942,0.06968219578266144,False,True,16000,True,0.00011000677477568388,True,0.0024945014156401157,cpu,patch_nearest_normal,last2,14,0.05,False,,,0.00010150604794034734,0.00010222778946618,True,True,True,True
2026-08-16 02:20:12,full_ctta,metal_nut,monitor,C:/cira_batch_test/metal_nut/good_13.png,good_13.png,normal,False,0.06881529092788696,2.980232238769531e-07,0.07371339670893942,0.07371339670893942,0.06968219578266144,False,True,16000,True,0.00010153238690691069,True,0.0024631042033433914,cpu,patch_nearest_normal,last2,14,0.05,False,,,8.708210225449875e-05,0.00010222778946618,True,True,True,True
2026-08-16 02:20:14,full_ctta,metal_nut,monitor,C:/cira_batch_test/metal_nut/good_15.png,good_15.png,normal,False,0.05866359919309616,2.9206276508375595e-07,0.07371339670893942,0.07371339670893942,0.06968219578266144,False,True,16000,True,0.00010456389281898737,True,0.002454818459227681,cpu,patch_nearest_normal,last2,14,0.05,False,,,9.4077258836478e-05,0.00010222778946618,True,True,True,True
2026-08-16 02:20:16,full_ctta,metal_nut,monitor,C:/cira_batch_test/metal_nut/good_20.png,good_20.png,normal,False,0.055319420993328094,2.8610230629055877e-07,0.07371339670893942,0.07371339670893942,0.06968219578266144,False,True,16000,True,0.00011215470294700935,True,0.0024589363019913435,cpu,patch_nearest_normal,last2,14,0.05,True,C:\cira_ttl_checkpoints\metal_nut\patch_memory_bank_update_10.pt,C:\cira_ttl_checkpoints\metal_nut\patch_adapter_update_10.pt,9.482578025199473e-05,0.00010222778946618,True,True,True,True
2026-08-16 02:20:17,full_ctta,metal_nut,monitor,C:/cira_batch_test/metal_nut/bad_17.png,bad_17.png,anomaly,True,0.14875268936157227,0.14875268936157227,0.07371339670893942,0.07371339670893942,0.06968219578266144,False,False,16000,False,,False,0.0,cpu,patch_nearest_normal,last2,14,0.05,False,,,0.00011121627176180482,0.00010222778946618,False,False,True,True
2026-08-16 02:20:19,full_ctta,metal_nut,monitor,C:/cira_batch_test/metal_nut/good_11.png,good_11.png,anomaly,True,0.07390812039375305,0.07390812039375305,0.07371339670893942,0.07371339670893942,0.06968219578266144,False,False,16000,False,,False,0.0,cpu,patch_nearest_normal,last2,14,0.05,False,,,8.913803321775049e-05,0.00010222778946618,False,True,True,True
2026-08-16 02:20:20,full_ctta,metal_nut,monitor,C:/cira_batch_test/metal_nut/bad_20.png,bad_20.png,anomaly,True,0.16255739331245422,0.16255739331245422,0.07371339670893942,0.07371339670893942,0.06968219578266144,False,False,16000,False,,False,0.0,cpu,patch_nearest_normal,last2,14,0.05,False,,,0.00010272079089190811,0.00010222778946618,False,False,True,True
2026-08-16 02:20:22,full_ctta,metal_nut,monitor,C:/cira_batch_test/metal_nut/good_8.png,good_8.png,anomaly,True,0.07573781907558441,0.07573781907558441,0.07371339670893942,0.07371339670893942,0.06968219578266144,False,False,16000,False,,False,0.0,cpu,patch_nearest_normal,last2,14,0.05,False,,,9.332940680906177e-05,0.00010222778946618,False,True,True,True
2026-08-16 02:20:23,full_ctta,metal_nut,monitor,C:/cira_batch_test/metal_nut/bad_10.png,bad_10.png,anomaly,True,0.11316490173339844,0.11316490173339844,0.07371339670893942,0.07371339670893942,0.06968219578266144,False,False,16000,False,,False,0.0,cpu,patch_nearest_normal,last2,14,0.05,False,,,0.00010462723003001884,0.00010222778946618,False,False,True,True
2026-08-16 02:20:25,full_ctta,metal_nut,monitor,C:/cira_batch_test/metal_nut/good_3.png,good_3.png,normal,False,0.06252554804086685,2.9206276508375595e-07,0.07371339670893942,0.07371339670893942,0.06968219578266144,False,True,16000,True,0.00010789147927425802,True,0.002441703574731946,cpu,patch_nearest_normal,last2,14,0.05,False,,,9.296817006543279e-05,0.00010222778946618,True,True,True,True
2026-08-16 02:20:26,full_ctta,metal_nut,monitor,C:/cira_batch_test/metal_nut/bad_11.png,bad_11.png,anomaly,True,0.16161049902439117,0.16161049902439117,0.07371339670893942,0.07371339670893942,0.06968219578266144,False,False,16000,False,,False,0.0,cpu,patch_nearest_normal,last2,14,0.05,False,,,0.00013403418415691704,0.00010222778946618,False,False,True,True
2026-08-16 02:20:28,full_ctta,metal_nut,monitor,C:/cira_batch_test/metal_nut/bad_18.png,bad_18.png,anomaly,True,0.12442399561405182,0.12442399561405182,0.07371339670893942,0.07371339670893942,0.06968219578266144,False,False,16000,False,,False,0.0,cpu,patch_nearest_normal,last2,14,0.05,False,,,0.00010003981878980994,0.00010222778946618,False,True,True,True
2026-08-16 02:20:29,full_ctta,metal_nut,monitor,C:/cira_batch_test/metal_nut/good_12.png,good_12.png,normal,False,0.055942289531230927,2.8014181907565217e-07,0.07371339670893942,0.07371339670893942,0.06968219578266144,False,True,16000,True,0.00010222388664260507,True,0.0024445902090519667,cpu,patch_nearest_normal,last2,14,0.05,False,,,9.637211769586429e-05,0.00010222778946618,True,True,True,True
2026-08-16 02:20:31,full_ctta,metal_nut,monitor,C:/cira_batch_test/metal_nut/good_17.png,good_17.png,anomaly,True,0.08226089179515839,0.08226089179515839,0.07371339670893942,0.07371339670893942,0.06968219578266144,False,False,16000,False,,False,0.0,cpu,patch_nearest_normal,last2,14,0.05,False,,,0.00010522555385250598,0.00010222778946618,False,False,True,True
2026-08-16 02:20:32,full_ctta,metal_nut,monitor,C:/cira_batch_test/metal_nut/bad_5.png,bad_5.png,anomaly,True,0.15138420462608337,0.15138420462608337,0.07371339670893942,0.07371339670893942,0.06968219578266144,False,False,16000,False,,False,0.0,cpu,patch_nearest_normal,last2,14,0.05,False,,,0.00011609776993282139,0.00010222778946618,False,False,True,True
2026-08-16 02:20:33,full_ctta,metal_nut,monitor,C:/cira_batch_test/metal_nut/bad_6.png,bad_6.png,anomaly,True,0.1563442051410675,0.1563442051410675,0.07371339670893942,0.07371339670893942,0.06968219578266144,False,False,16000,False,,False,0.0,cpu,patch_nearest_normal,last2,14,0.05,False,,,0.00013926587416790426,0.00010222778946618,False,False,True,True
2026-08-16 02:20:35,full_ctta,metal_nut,monitor,C:/cira_batch_test/metal_nut/bad_7.png,bad_7.png,anomaly,True,0.1431734263896942,0.1431734263896942,0.07371339670893942,0.07371339670893942,0.06968219578266144,False,False,16000,False,,False,0.0,cpu,patch_nearest_normal,last2,14,0.05,False,,,0.00010588424629531801,0.00010222778946618,False,False,True,True
2026-08-16 02:20:36,full_ctta,metal_nut,monitor,C:/cira_batch_test/metal_nut/bad_9.png,bad_9.png,anomaly,True,0.160623699426651,0.160623699426651,0.07371339670893942,0.07371339670893942,0.06968219578266144,False,False,16000,False,,False,0.0,cpu,patch_nearest_normal,last2,14,0.05,False,,,0.00010966618719976395,0.00010222778946618,False,False,True,True
2026-08-16 02:20:38,full_ctta,metal_nut,monitor,C:/cira_batch_test/metal_nut/bad_4.png,bad_4.png,anomaly,True,0.19541306793689728,0.19541306793689728,0.07371339670893942,0.07371339670893942,0.06968219578266144,False,False,16000,False,,False,0.0,cpu,patch_nearest_normal,last2,14,0.05,False,,,0.00011085678852396086,0.00010222778946618,False,False,True,True
2026-08-16 02:20:39,full_ctta,metal_nut,monitor,C:/cira_batch_test/metal_nut/bad_2.png,bad_2.png,anomaly,True,0.0750301405787468,0.0750301405787468,0.07371339670893942,0.07371339670893942,0.06968219578266144,False,False,16000,False,,False,0.0,cpu,patch_nearest_normal,last2,14,0.05,False,,,0.00010451416164869443,0.00010222778946618,False,False,True,True
2026-08-16 02:20:41,full_ctta,pill,monitor,C:/cira_batch_test/pill/good_1.png,good_1.png,normal,False,0.04695393890142441,2.9206276508375595e-07,0.05881828558520522,0.05881828558520522,0.05084799118340016,False,True,16000,True,0.0001644293952267617,True,0.002999398158863187,cpu,patch_nearest_normal,last2,14,0.05,False,,,0.00015742683899588883,0.00015804108188598499,True,True,True,True
2026-08-16 02:20:42,full_ctta,pill,monitor,C:/cira_batch_test/pill/good_7.png,good_7.png,normal,False,0.044965196400880814,2.8014181907565217e-07,0.05881828558520522,0.05881828558520522,0.05084799118340016,False,True,16000,True,0.0001591695036040619,True,0.002753470791503787,cpu,patch_nearest_normal,last2,14,0.05,False,,,0.00014998693950474262,0.00015804108188598499,True,True,True,True
2026-08-16 02:20:44,full_ctta,pill,monitor,C:/cira_batch_test/pill/good_9.png,good_9.png,normal,False,0.048113249242305756,2.74181360282455e-07,0.05881828558520522,0.05881828558520522,0.05084799118340016,False,True,16000,True,0.00014832204033154994,True,0.002677264390513301,cpu,patch_nearest_normal,last2,14,0.05,False,,,0.0001372902188450098,0.00015804108188598499,True,True,True,True
2026-08-16 02:20:46,full_ctta,pill,monitor,C:/cira_batch_test/pill/bad_8.png,bad_8.png,anomaly,True,0.11640989780426025,0.11640989780426025,0.05881828558520522,0.05881828558520522,0.05084799118340016,False,False,16000,False,,False,0.0,cpu,patch_nearest_normal,last2,14,0.05,False,,,0.00014954716607462615,0.00015804108188598499,False,True,True,True
2026-08-16 02:20:47,full_ctta,pill,monitor,C:/cira_batch_test/pill/bad_1.png,bad_1.png,anomaly,True,0.0819571390748024,0.0819571390748024,0.05881828558520522,0.05881828558520522,0.05084799118340016,False,False,16000,False,,False,0.0,cpu,patch_nearest_normal,last2,14,0.05,False,,,0.00014277322043199092,0.00015804108188598499,False,True,True,True
2026-08-16 02:20:49,full_ctta,pill,monitor,C:/cira_batch_test/pill/bad_14.png,bad_14.png,anomaly,True,0.07044011354446411,0.07044011354446411,0.05881828558520522,0.05881828558520522,0.05084799118340016,False,False,16000,False,,False,0.0,cpu,patch_nearest_normal,last2,14,0.05,False,,,0.00014412363816518337,0.00015804108188598499,False,True,True,True
2026-08-16 02:20:50,full_ctta,pill,monitor,C:/cira_batch_test/pill/bad_15.png,bad_15.png,anomaly,True,0.07360334694385529,0.07360334694385529,0.05881828558520522,0.05881828558520522,0.05084799118340016,False,False,16000,False,,False,0.0,cpu,patch_nearest_normal,last2,14,0.05,False,,,0.00013701373245567083,0.00015804108188598499,False,True,True,True
2026-08-16 02:20:51,full_ctta,pill,monitor,C:/cira_batch_test/pill/good_19.png,good_19.png,normal,False,0.057407576590776443,0.057407576590776443,0.05881828558520522,0.05881828558520522,0.05084799118340016,False,False,16000,False,,False,0.0,cpu,patch_nearest_normal,last2,14,0.05,False,,,0.00015393586363643408,0.00015804108188598499,False,True,True,True
2026-08-16 02:20:53,full_ctta,pill,monitor,C:/cira_batch_test/pill/bad_3.png,bad_3.png,anomaly,True,0.0681249350309372,0.0681249350309372,0.05881828558520522,0.05881828558520522,0.05084799118340016,False,False,16000,False,,False,0.0,cpu,patch_nearest_normal,last2,14,0.05,False,,,0.00015147528029046953,0.00015804108188598499,False,True,True,True
2026-08-16 02:20:54,full_ctta,pill,monitor,C:/cira_batch_test/pill/good_5.png,good_5.png,normal,False,0.04000704362988472,2.682209014892578e-07,0.05881828558520522,0.05881828558520522,0.05084799118340016,False,True,16000,True,0.00014270306564867496,True,0.0026609182823449373,cpu,patch_nearest_normal,last2,14,0.05,False,,,0.00013464920630212873,0.00015804108188598499,True,True,True,True
2026-08-16 02:20:56,full_ctta,pill,monitor,C:/cira_batch_test/pill/good_16.png,good_16.png,normal,False,0.054697435349226,0.054697435349226,0.05881828558520522,0.05881828558520522,0.05084799118340016,False,False,16000,False,,False,0.0,cpu,patch_nearest_normal,last2,14,0.05,False,,,0.0001416426239302382,0.00015804108188598499,False,True,True,True
2026-08-16 02:20:58,full_ctta,pill,monitor,C:/cira_batch_test/pill/good_14.png,good_14.png,normal,False,0.047914259135723114,2.9206276508375595e-07,0.05881828558520522,0.05881828558520522,0.05084799118340016,False,True,16000,True,0.0001351304817944765,True,0.002632678719237447,cpu,patch_nearest_normal,last2,14,0.05,False,,,0.0001184094580821693,0.00015804108188598499,True,True,True,True
2026-08-16 02:20:59,full_ctta,pill,monitor,C:/cira_batch_test/pill/good_2.png,good_2.png,normal,False,0.04336760193109512,3.159046286782541e-07,0.05881828558520522,0.05881828558520522,0.05084799118340016,False,True,16000,True,0.00015133166743908077,True,0.002631709212437272,cpu,patch_nearest_normal,last2,14,0.05,False,,,0.00013281851715873927,0.00015804108188598499,True,True,True,True
2026-08-16 02:21:01,full_ctta,pill,monitor,C:/cira_batch_test/pill/bad_13.png,bad_13.png,normal,False,0.058357395231723785,0.058357395231723785,0.05881828558520522,0.05881828558520522,0.05084799118340016,False,False,16000,False,,False,0.0,cpu,patch_nearest_normal,last2,14,0.05,False,,,0.0001522409584140405,0.00015804108188598499,False,True,True,True
2026-08-16 02:21:02,full_ctta,pill,monitor,C:/cira_batch_test/pill/good_10.png,good_10.png,normal,False,0.04411937668919563,2.9206276508375595e-07,0.05881828558520522,0.05881828558520522,0.05084799118340016,False,True,16000,True,0.0001494983589509502,True,0.002634325297549367,cpu,patch_nearest_normal,last2,14,0.05,False,,,0.0001423055218765512,0.00015804108188598499,True,True,True,True
2026-08-16 02:21:04,full_ctta,pill,monitor,C:/cira_batch_test/pill/bad_19.png,bad_19.png,anomaly,True,0.06331142038106918,0.06331142038106918,0.05881828558520522,0.05881828558520522,0.05084799118340016,False,False,16000,False,,False,0.0,cpu,patch_nearest_normal,last2,14,0.05,False,,,0.0001438923936802894,0.00015804108188598499,False,True,True,True
2026-08-16 02:21:05,full_ctta,pill,monitor,C:/cira_batch_test/pill/good_4.png,good_4.png,normal,False,0.04730493947863579,2.74181360282455e-07,0.05881828558520522,0.05881828558520522,0.05084799118340016,False,True,16000,True,0.00015274743782356381,True,0.0026115109212696552,cpu,patch_nearest_normal,last2,14,0.05,False,,,0.00014343274233397096,0.00015804108188598499,True,True,True,True
2026-08-16 02:21:07,full_ctta,pill,monitor,C:/cira_batch_test/pill/bad_12.png,bad_12.png,anomaly,True,0.12178836017847061,0.12178836017847061,0.05881828558520522,0.05881828558520522,0.05084799118340016,False,False,16000,False,,False,0.0,cpu,patch_nearest_normal,last2,14,0.05,False,,,0.00015965731290634722,0.00015804108188598499,False,False,True,True
2026-08-16 02:21:08,full_ctta,pill,monitor,C:/cira_batch_test/pill/good_18.png,good_18.png,normal,False,0.048413991928100586,0.048413991928100586,0.05881828558520522,0.05881828558520522,0.05084799118340016,False,False,16000,False,,False,0.0,cpu,patch_nearest_normal,last2,14,0.05,False,,,0.00016410787065979093,0.00015804108188598499,True,False,True,True
2026-08-16 02:21:10,full_ctta,pill,monitor,C:/cira_batch_test/pill/bad_16.png,bad_16.png,anomaly,True,0.07318364828824997,0.07318364828824997,0.05881828558520522,0.05881828558520522,0.05084799118340016,False,False,16000,False,,False,0.0,cpu,patch_nearest_normal,last2,14,0.05,False,,,0.00014737600577063859,0.00015804108188598499,False,True,True,True
2026-08-16 02:21:11,full_ctta,pill,monitor,C:/cira_batch_test/pill/good_6.png,good_6.png,normal,False,0.045642953366041183,2.5629998390286346e-07,0.05881828558520522,0.05881828558520522,0.05084799118340016,False,True,16000,True,0.0001514050381956622,True,0.0026055274065583944,cpu,patch_nearest_normal,last2,14,0.05,False,,,0.0001448013645131141,0.00015804108188598499,True,True,True,True
2026-08-16 02:21:13,full_ctta,pill,monitor,C:/cira_batch_test/pill/good_13.png,good_13.png,normal,False,0.054522931575775146,0.054522931575775146,0.05881828558520522,0.05881828558520522,0.05084799118340016,False,False,16000,False,,False,0.0,cpu,patch_nearest_normal,last2,14,0.05,False,,,0.0001429502881364897,0.00015804108188598499,False,True,True,True
2026-08-16 02:21:15,full_ctta,pill,monitor,C:/cira_batch_test/pill/good_15.png,good_15.png,normal,False,0.05049172788858414,2.980232238769531e-07,0.05881828558520522,0.05881828558520522,0.05084799118340016,False,True,16000,True,0.0001500826037954539,True,0.00259640091098845,cpu,patch_nearest_normal,last2,14,0.05,True,C:\cira_ttl_checkpoints\pill\patch_memory_bank_update_10.pt,C:\cira_ttl_checkpoints\pill\patch_adapter_update_10.pt,0.00014106571325100958,0.00015804108188598499,True,True,True,True
2026-08-16 02:21:16,full_ctta,pill,monitor,C:/cira_batch_test/pill/good_20.png,good_20.png,normal,False,0.05174233391880989,0.05174233391880989,0.05881828558520522,0.05881828558520522,0.05084799118340016,False,False,16000,False,,False,0.0,cpu,patch_nearest_normal,last2,14,0.05,False,,,0.00012773153139278293,0.00015804108188598499,False,True,True,True
2026-08-16 02:21:17,full_ctta,pill,monitor,C:/cira_batch_test/pill/bad_17.png,bad_17.png,anomaly,True,0.07888219505548477,0.07888219505548477,0.05881828558520522,0.05881828558520522,0.05084799118340016,False,False,16000,False,,False,0.0,cpu,patch_nearest_normal,last2,14,0.05,False,,,0.00016879888426046818,0.00015804108188598499,False,False,True,True
2026-08-16 02:21:19,full_ctta,pill,monitor,C:/cira_batch_test/pill/good_11.png,good_11.png,normal,False,0.0484367236495018,3.159046286782541e-07,0.05881828558520522,0.05881828558520522,0.05084799118340016,False,True,16000,True,0.0001290695508942008,True,0.0025441814213991165,cpu,patch_nearest_normal,last2,14,0.05,False,,,0.00012414096272550523,0.00015804108188598499,True,True,True,True
2026-08-16 02:21:20,full_ctta,pill,monitor,C:/cira_batch_test/pill/bad_20.png,bad_20.png,anomaly,True,0.06199130415916443,0.06199130415916443,0.05881828558520522,0.05881828558520522,0.05084799118340016,False,False,16000,False,,False,0.0,cpu,patch_nearest_normal,last2,14,0.05,False,,,0.00013452372513711452,0.00015804108188598499,False,True,True,True
2026-08-16 02:21:22,full_ctta,pill,monitor,C:/cira_batch_test/pill/good_8.png,good_8.png,normal,False,0.055338770151138306,0.055338770151138306,0.05881828558520522,0.05881828558520522,0.05084799118340016,False,False,16000,False,,False,0.0,cpu,patch_nearest_normal,last2,14,0.05,False,,,0.00012532746768556535,0.00015804108188598499,False,True,True,True
2026-08-16 02:21:24,full_ctta,pill,monitor,C:/cira_batch_test/pill/bad_10.png,bad_10.png,normal,False,0.04524834826588631,3.2186508747145126e-07,0.05881828558520522,0.05881828558520522,0.05084799118340016,False,True,16000,True,0.00015069503569975495,True,0.0025500154588371515,cpu,patch_nearest_normal,last2,14,0.05,False,,,0.0001478861813666299,0.00015804108188598499,True,True,True,True
2026-08-16 02:21:25,full_ctta,pill,monitor,C:/cira_batch_test/pill/good_3.png,good_3.png,normal,False,0.04181575030088425,3.457069510659494e-07,0.05881828558520522,0.05881828558520522,0.05084799118340016,False,True,16000,True,0.0001393930724589154,True,0.002551320008933544,cpu,patch_nearest_normal,last2,14,0.05,False,,,0.0001342695759376511,0.00015804108188598499,True,True,True,True
2026-08-16 02:21:27,full_ctta,pill,monitor,C:/cira_batch_test/pill/bad_11.png,bad_11.png,anomaly,True,0.09416165202856064,0.09416165202856064,0.05881828558520522,0.05881828558520522,0.05084799118340016,False,False,16000,False,,False,0.0,cpu,patch_nearest_normal,last2,14,0.05,False,,,0.00016072174184955657,0.00015804108188598499,False,False,True,True
2026-08-16 02:21:28,full_ctta,pill,monitor,C:/cira_batch_test/pill/bad_18.png,bad_18.png,normal,False,0.05330511927604675,0.05330511927604675,0.05881828558520522,0.05881828558520522,0.05084799118340016,False,False,16000,False,,False,0.0,cpu,patch_nearest_normal,last2,14,0.05,False,,,0.0001378338783979416,0.00015804108188598499,False,True,True,True
2026-08-16 02:21:30,full_ctta,pill,monitor,C:/cira_batch_test/pill/good_12.png,good_12.png,normal,False,0.04942258074879646,2.682209014892578e-07,0.05881828558520522,0.05881828558520522,0.05084799118340016,False,True,16000,True,0.0001407342788297683,True,0.0025541335344314575,cpu,patch_nearest_normal,last2,14,0.05,False,,,0.00014567453763447702,0.00015804108188598499,True,True,True,True
2026-08-16 02:21:31,full_ctta,pill,monitor,C:/cira_batch_test/pill/good_17.png,good_17.png,normal,False,0.05431680753827095,0.05431680753827095,0.05881828558520522,0.05881828558520522,0.05084799118340016,False,False,16000,False,,False,0.0,cpu,patch_nearest_normal,last2,14,0.05,False,,,0.00015779395471327007,0.00015804108188598499,False,True,True,True
2026-08-16 02:21:33,full_ctta,pill,monitor,C:/cira_batch_test/pill/bad_5.png,bad_5.png,anomaly,True,0.18449518084526062,0.18449518084526062,0.05881828558520522,0.05881828558520522,0.05084799118340016,False,False,16000,False,,False,0.0,cpu,patch_nearest_normal,last2,14,0.05,False,,,0.00014330110570881516,0.00015804108188598499,False,True,True,True
2026-08-16 02:21:34,full_ctta,pill,monitor,C:/cira_batch_test/pill/bad_6.png,bad_6.png,anomaly,True,0.07649045437574387,0.07649045437574387,0.05881828558520522,0.05881828558520522,0.05084799118340016,False,False,16000,False,,False,0.0,cpu,patch_nearest_normal,last2,14,0.05,False,,,0.00015781712136231363,0.00015804108188598499,False,True,True,True
2026-08-16 02:21:36,full_ctta,pill,monitor,C:/cira_batch_test/pill/bad_7.png,bad_7.png,anomaly,True,0.07128845900297165,0.07128845900297165,0.05881828558520522,0.05881828558520522,0.05084799118340016,False,False,16000,False,,False,0.0,cpu,patch_nearest_normal,last2,14,0.05,False,,,0.0001475015451433137,0.00015804108188598499,False,True,True,True
2026-08-16 02:21:37,full_ctta,pill,monitor,C:/cira_batch_test/pill/bad_9.png,bad_9.png,anomaly,True,0.0615837462246418,0.0615837462246418,0.05881828558520522,0.05881828558520522,0.05084799118340016,False,False,16000,False,,False,0.0,cpu,patch_nearest_normal,last2,14,0.05,False,,,0.00014064965944271535,0.00015804108188598499,False,True,True,True
2026-08-16 02:21:39,full_ctta,pill,monitor,C:/cira_batch_test/pill/bad_4.png,bad_4.png,anomaly,True,0.06895454972982407,0.06895454972982407,0.05881828558520522,0.05881828558520522,0.05084799118340016,False,False,16000,False,,False,0.0,cpu,patch_nearest_normal,last2,14,0.05,False,,,0.0001620118273422122,0.00015804108188598499,False,False,True,True
2026-08-16 02:21:40,full_ctta,pill,monitor,C:/cira_batch_test/pill/bad_2.png,bad_2.png,anomaly,True,0.07480369508266449,0.07480369508266449,0.05881828558520522,0.05881828558520522,0.05084799118340016,False,False,16000,False,,False,0.0,cpu,patch_nearest_normal,last2,14,0.05,False,,,0.0001438127364963293,0.00015804108188598499,False,True,True,True
2026-08-16 02:21:42,full_ctta,screw,monitor,C:/cira_batch_test/screw/good_1.png,good_1.png,normal,False,0.05231552571058273,3.039836826701503e-07,0.06300563204730296,0.06300563204730296,0.05946885421872139,False,True,16000,True,0.00014185319014359266,True,0.003046544035896659,cpu,patch_nearest_normal,last2,14,0.05,False,,,0.0001146479116869159,0.00012727336943498,True,True,True,True
2026-08-16 02:21:43,full_ctta,screw,monitor,C:/cira_batch_test/screw/good_7.png,good_7.png,normal,False,0.043883275240659714,3.039836826701503e-07,0.06300563204730296,0.06300563204730296,0.05946885421872139,False,True,16000,True,0.00011114017979707569,True,0.0026763419155031443,cpu,patch_nearest_normal,last2,14,0.05,False,,,0.00010071937867905945,0.00012727336943498,True,True,True,True
2026-08-16 02:21:45,full_ctta,screw,monitor,C:/cira_batch_test/screw/good_9.png,good_9.png,normal,False,0.04788081720471382,2.74181360282455e-07,0.06300563204730296,0.06300563204730296,0.05946885421872139,False,True,16000,True,0.00011447214637883008,True,0.0025549663696438074,cpu,patch_nearest_normal,last2,14,0.05,False,,,0.00010507236584089696,0.00012727336943498,True,True,True,True
2026-08-16 02:21:47,full_ctta,screw,monitor,C:/cira_batch_test/screw/bad_8.png,bad_8.png,anomaly,True,0.06936337798833847,0.06936337798833847,0.06300563204730296,0.06300563204730296,0.05946885421872139,False,False,16000,False,,False,0.0,cpu,patch_nearest_normal,last2,14,0.05,False,,,0.00013487390242516994,0.00012727336943498,False,False,True,True
2026-08-16 02:21:48,full_ctta,screw,monitor,C:/cira_batch_test/screw/bad_1.png,bad_1.png,anomaly,True,0.0736716166138649,0.0736716166138649,0.06300563204730296,0.06300563204730296,0.05946885421872139,False,False,16000,False,,False,0.0,cpu,patch_nearest_normal,last2,14,0.05,False,,,0.00012867776968050748,0.00012727336943498,False,False,True,True
2026-08-16 02:21:50,full_ctta,screw,monitor,C:/cira_batch_test/screw/bad_14.png,bad_14.png,anomaly,True,0.07543306797742844,0.07543306797742844,0.06300563204730296,0.06300563204730296,0.05946885421872139,False,False,16000,False,,False,0.0,cpu,patch_nearest_normal,last2,14,0.05,False,,,0.00011018638906534761,0.00012727336943498,False,True,True,True
2026-08-16 02:21:51,full_ctta,screw,monitor,C:/cira_batch_test/screw/bad_15.png,bad_15.png,anomaly,True,0.08230216801166534,0.08230216801166534,0.06300563204730296,0.06300563204730296,0.05946885421872139,False,False,16000,False,,False,0.0,cpu,patch_nearest_normal,last2,14,0.05,False,,,0.00010493175068404526,0.00012727336943498,False,True,True,True
2026-08-16 02:21:53,full_ctta,screw,monitor,C:/cira_batch_test/screw/good_19.png,good_19.png,normal,False,0.04824674129486084,2.6226044269606064e-07,0.06300563204730296,0.06300563204730296,0.05946885421872139,False,True,16000,True,9.824198787100613e-05,True,0.0025107727851718664,cpu,patch_nearest_normal,last2,14,0.05,False,,,0.00010386644134996459,0.00012727336943498,True,True,True,True
2026-08-16 02:21:55,full_ctta,screw,monitor,C:/cira_batch_test/screw/bad_3.png,bad_3.png,normal,False,0.055626921355724335,2.9206276508375595e-07,0.06300563204730296,0.06300563204730296,0.05946885421872139,False,True,16000,True,0.00011690938845276833,True,0.002505397889763117,cpu,patch_nearest_normal,last2,14,0.05,False,,,0.00011727506353054196,0.00012727336943498,True,True,True,True
2026-08-16 02:21:56,full_ctta,screw,monitor,C:/cira_batch_test/screw/good_5.png,good_5.png,normal,False,0.04363236948847771,3.039836826701503e-07,0.06300563204730296,0.06300563204730296,0.05946885421872139,False,True,16000,True,0.00011708042438840494,True,0.0025075438898056746,cpu,patch_nearest_normal,last2,14,0.05,False,,,9.75916045717895e-05,0.00012727336943498,True,True,True,True
2026-08-16 02:21:58,full_ctta,screw,monitor,C:/cira_batch_test/screw/good_16.png,good_16.png,anomaly,True,0.06489281356334686,0.06489281356334686,0.06300563204730296,0.06300563204730296,0.05946885421872139,False,False,16000,False,,False,0.0,cpu,patch_nearest_normal,last2,14,0.05,False,,,0.00011001431994372979,0.00012727336943498,False,True,True,True
2026-08-16 02:21:59,full_ctta,screw,monitor,C:/cira_batch_test/screw/good_14.png,good_14.png,normal,False,0.061609428375959396,0.061609428375959396,0.06300563204730296,0.06300563204730296,0.05946885421872139,False,False,16000,False,,False,0.0,cpu,patch_nearest_normal,last2,14,0.05,False,,,0.00011928583262488246,0.00012727336943498,False,True,True,True
2026-08-16 02:22:01,full_ctta,screw,monitor,C:/cira_batch_test/screw/good_2.png,good_2.png,anomaly,True,0.0648198351264,0.0648198351264,0.06300563204730296,0.06300563204730296,0.05946885421872139,False,False,16000,False,,False,0.0,cpu,patch_nearest_normal,last2,14,0.05,False,,,0.00011543137225089595,0.00012727336943498,False,True,True,True
2026-08-16 02:22:02,full_ctta,screw,monitor,C:/cira_batch_test/screw/bad_13.png,bad_13.png,anomaly,True,0.07436231523752213,0.07436231523752213,0.06300563204730296,0.06300563204730296,0.05946885421872139,False,False,16000,False,,False,0.0,cpu,patch_nearest_normal,last2,14,0.05,False,,,9.933645924320444e-05,0.00012727336943498,False,True,True,True
2026-08-16 02:22:04,full_ctta,screw,monitor,C:/cira_batch_test/screw/good_10.png,good_10.png,normal,False,0.04560001939535141,2.8014181907565217e-07,0.06300563204730296,0.06300563204730296,0.05946885421872139,False,True,16000,True,0.00011220479791518301,True,0.002456953749060631,cpu,patch_nearest_normal,last2,14,0.05,False,,,0.00011247282236581668,0.00012727336943498,True,True,True,True
2026-08-16 02:22:06,full_ctta,screw,monitor,C:/cira_batch_test/screw/bad_19.png,bad_19.png,normal,False,0.061154089868068695,0.061154089868068695,0.06300563204730296,0.06300563204730296,0.05946885421872139,False,False,16000,False,,False,0.0,cpu,patch_nearest_normal,last2,14,0.05,False,,,8.719933248357847e-05,0.00012727336943498,False,True,True,True
2026-08-16 02:22:07,full_ctta,screw,monitor,C:/cira_batch_test/screw/good_4.png,good_4.png,normal,False,0.06252902001142502,0.06252902001142502,0.06300563204730296,0.06300563204730296,0.05946885421872139,False,False,16000,False,,False,0.0,cpu,patch_nearest_normal,last2,14,0.05,False,,,0.0001188490423373878,0.00012727336943498,False,True,True,True
2026-08-16 02:22:09,full_ctta,screw,monitor,C:/cira_batch_test/screw/bad_12.png,bad_12.png,anomaly,True,0.07104402035474777,0.07104402035474777,0.06300563204730296,0.06300563204730296,0.05946885421872139,False,False,16000,False,,False,0.0,cpu,patch_nearest_normal,last2,14,0.05,False,,,0.00012179737677797675,0.00012727336943498,False,True,True,True
2026-08-16 02:22:10,full_ctta,screw,monitor,C:/cira_batch_test/screw/good_18.png,good_18.png,anomaly,True,0.06646255403757095,0.06646255403757095,0.06300563204730296,0.06300563204730296,0.05946885421872139,False,False,16000,False,,False,0.0,cpu,patch_nearest_normal,last2,14,0.05,False,,,0.00010567660501692444,0.00012727336943498,False,True,True,True
2026-08-16 02:22:11,full_ctta,screw,monitor,C:/cira_batch_test/screw/bad_16.png,bad_16.png,anomaly,True,0.0637611374258995,0.0637611374258995,0.06300563204730296,0.06300563204730296,0.05946885421872139,False,False,16000,False,,False,0.0,cpu,patch_nearest_normal,last2,14,0.05,False,,,9.707066783448681e-05,0.00012727336943498,False,True,True,True
2026-08-16 02:22:13,full_ctta,screw,monitor,C:/cira_batch_test/screw/good_6.png,good_6.png,anomaly,True,0.08171072602272034,0.08171072602272034,0.06300563204730296,0.06300563204730296,0.05946885421872139,False,False,16000,False,,False,0.0,cpu,patch_nearest_normal,last2,14,0.05,False,,,0.00011475300561869517,0.00012727336943498,False,True,True,True
2026-08-16 02:22:15,full_ctta,screw,monitor,C:/cira_batch_test/screw/good_13.png,good_13.png,normal,False,0.058603186160326004,2.8014181907565217e-07,0.06300563204730296,0.06300563204730296,0.05946885421872139,False,True,16000,True,0.00011798550985986367,True,0.002438278403133154,cpu,patch_nearest_normal,last2,14,0.05,False,,,0.00011782078217947856,0.00012727336943498,True,True,True,True
2026-08-16 02:22:16,full_ctta,screw,monitor,C:/cira_batch_test/screw/good_15.png,good_15.png,normal,False,0.04913387820124626,2.8014181907565217e-07,0.06300563204730296,0.06300563204730296,0.05946885421872139,False,True,16000,True,0.00010756745177786797,True,0.0024321088567376137,cpu,patch_nearest_normal,last2,14,0.05,False,,,0.00010924447269644588,0.00012727336943498,True,True,True,True
2026-08-16 02:22:18,full_ctta,screw,monitor,C:/cira_batch_test/screw/good_20.png,good_20.png,anomaly,True,0.06909066438674927,0.06909066438674927,0.06300563204730296,0.06300563204730296,0.05946885421872139,False,False,16000,False,,False,0.0,cpu,patch_nearest_normal,last2,14,0.05,False,,,9.994488937081769e-05,0.00012727336943498,False,True,True,True
2026-08-16 02:22:19,full_ctta,screw,monitor,C:/cira_batch_test/screw/bad_17.png,bad_17.png,anomaly,True,0.064164899289608,0.064164899289608,0.06300563204730296,0.06300563204730296,0.05946885421872139,False,False,16000,False,,False,0.0,cpu,patch_nearest_normal,last2,14,0.05,False,,,9.69757602433674e-05,0.00012727336943498,False,True,True,True
2026-08-16 02:22:21,full_ctta,screw,monitor,C:/cira_batch_test/screw/good_11.png,good_11.png,normal,False,0.04820353910326958,2.74181360282455e-07,0.06300563204730296,0.06300563204730296,0.05946885421872139,False,True,16000,True,0.00011106924648629501,True,0.002425046404823661,cpu,patch_nearest_normal,last2,14,0.05,True,C:\cira_ttl_checkpoints\screw\patch_memory_bank_update_10.pt,C:\cira_ttl_checkpoints\screw\patch_adapter_update_10.pt,0.00010183014819631353,0.00012727336943498,True,True,True,True
2026-08-16 02:22:22,full_ctta,screw,monitor,C:/cira_batch_test/screw/bad_20.png,bad_20.png,anomaly,True,0.06641316413879395,0.06641316413879395,0.06300563204730296,0.06300563204730296,0.05946885421872139,False,False,16000,False,,False,0.0,cpu,patch_nearest_normal,last2,14,0.05,False,,,0.00015473640814889222,0.00012727336943498,False,False,True,True
2026-08-16 02:22:24,full_ctta,screw,monitor,C:/cira_batch_test/screw/good_8.png,good_8.png,normal,False,0.05368728190660477,2.8610230629055877e-07,0.06300563204730296,0.06300563204730296,0.05946885421872139,False,True,16000,True,0.00011193192040082067,True,0.0023881837259978056,cpu,patch_nearest_normal,last2,14,0.05,False,,,0.00010173726332141086,0.00012727336943498,True,True,True,True
2026-08-16 02:22:26,full_ctta,screw,monitor,C:/cira_batch_test/screw/bad_10.png,bad_10.png,anomaly,True,0.06637213379144669,0.06637213379144669,0.06300563204730296,0.06300563204730296,0.05946885421872139,False,False,16000,False,,False,0.0,cpu,patch_nearest_normal,last2,14,0.05,False,,,0.00010317059059161693,0.00012727336943498,False,True,True,True
2026-08-16 02:22:27,full_ctta,screw,monitor,C:/cira_batch_test/screw/good_3.png,good_3.png,anomaly,True,0.06850093603134155,0.06850093603134155,0.06300563204730296,0.06300563204730296,0.05946885421872139,False,False,16000,False,,False,0.0,cpu,patch_nearest_normal,last2,14,0.05,False,,,0.00010086284601129591,0.00012727336943498,False,True,True,True
2026-08-16 02:22:29,full_ctta,screw,monitor,C:/cira_batch_test/screw/bad_11.png,bad_11.png,anomaly,True,0.06743738800287247,0.06743738800287247,0.06300563204730296,0.06300563204730296,0.05946885421872139,False,False,16000,False,,False,0.0,cpu,patch_nearest_normal,last2,14,0.05,False,,,9.607832180336118e-05,0.00012727336943498,False,True,True,True
2026-08-16 02:22:30,full_ctta,screw,monitor,C:/cira_batch_test/screw/bad_18.png,bad_18.png,anomaly,True,0.06417332589626312,0.06417332589626312,0.06300563204730296,0.06300563204730296,0.05946885421872139,False,False,16000,False,,False,0.0,cpu,patch_nearest_normal,last2,14,0.05,False,,,0.00011523335706442595,0.00012727336943498,False,True,True,True
2026-08-16 02:22:32,full_ctta,screw,monitor,C:/cira_batch_test/screw/good_12.png,good_12.png,normal,False,0.060695309191942215,0.060695309191942215,0.06300563204730296,0.06300563204730296,0.05946885421872139,False,False,16000,False,,False,0.0,cpu,patch_nearest_normal,last2,14,0.05,False,,,0.00011294391879346222,0.00012727336943498,False,True,True,True
2026-08-16 02:22:33,full_ctta,screw,monitor,C:/cira_batch_test/screw/good_17.png,good_17.png,normal,False,0.05716971680521965,3.695487862387381e-07,0.06300563204730296,0.06300563204730296,0.05946885421872139,False,True,16000,True,0.0001267695624846965,True,0.002379327779635787,cpu,patch_nearest_normal,last2,14,0.05,False,,,0.00011250229727011174,0.00012727336943498,True,True,True,True
2026-08-16 02:22:35,full_ctta,screw,monitor,C:/cira_batch_test/screw/bad_5.png,bad_5.png,anomaly,True,0.09674152731895447,0.09674152731895447,0.06300563204730296,0.06300563204730296,0.05946885421872139,False,False,16000,False,,False,0.0,cpu,patch_nearest_normal,last2,14,0.05,False,,,0.00012467709893826395,0.00012727336943498,False,True,True,True
2026-08-16 02:22:36,full_ctta,screw,monitor,C:/cira_batch_test/screw/bad_6.png,bad_6.png,anomaly,True,0.06522222608327866,0.06522222608327866,0.06300563204730296,0.06300563204730296,0.05946885421872139,False,False,16000,False,,False,0.0,cpu,patch_nearest_normal,last2,14,0.05,False,,,0.00011443459516158327,0.00012727336943498,False,True,True,True
2026-08-16 02:22:38,full_ctta,screw,monitor,C:/cira_batch_test/screw/bad_7.png,bad_7.png,anomaly,True,0.08198191225528717,0.08198191225528717,0.06300563204730296,0.06300563204730296,0.05946885421872139,False,False,16000,False,,False,0.0,cpu,patch_nearest_normal,last2,14,0.05,False,,,0.00012354660429991782,0.00012727336943498,False,True,True,True
2026-08-16 02:22:39,full_ctta,screw,monitor,C:/cira_batch_test/screw/bad_9.png,bad_9.png,anomaly,True,0.06772541999816895,0.06772541999816895,0.06300563204730296,0.06300563204730296,0.05946885421872139,False,False,16000,False,,False,0.0,cpu,patch_nearest_normal,last2,14,0.05,False,,,0.00011939109390368685,0.00012727336943498,False,True,True,True
2026-08-16 02:22:41,full_ctta,screw,monitor,C:/cira_batch_test/screw/bad_4.png,bad_4.png,normal,False,0.059722792357206345,0.059722792357206345,0.06300563204730296,0.06300563204730296,0.05946885421872139,False,False,16000,False,,False,0.0,cpu,patch_nearest_normal,last2,14,0.05,False,,,8.396508928854018e-05,0.00012727336943498,False,True,True,True
2026-08-16 02:22:42,full_ctta,screw,monitor,C:/cira_batch_test/screw/bad_2.png,bad_2.png,anomaly,True,0.06423340737819672,0.06423340737819672,0.06300563204730296,0.06300563204730296,0.05946885421872139,False,False,16000,False,,False,0.0,cpu,patch_nearest_normal,last2,14,0.05,False,,,0.00010388287773821503,0.00012727336943498,False,True,True,True
2026-08-16 02:22:44,full_ctta,tile,monitor,C:/cira_batch_test/tile/good_1.png,good_1.png,normal,False,0.04876633360981941,3.2782554626464844e-07,0.06531576363636363,0.06531576363636363,0.05311408117413522,False,True,16000,True,0.0001993605401366949,True,0.0029967972077429295,cpu,patch_nearest_normal,last2,14,0.05,False,,,0.0002030888426816091,0.000230512705456835,True,True,True,True
2026-08-16 02:22:46,full_ctta,tile,monitor,C:/cira_batch_test/tile/good_7.png,good_7.png,normal,False,0.04344237968325615,3.457069510659494e-07,0.06531576363636363,0.06531576363636363,0.05311408117413522,False,True,16000,True,0.00021859057596884668,True,0.002828441094607115,cpu,patch_nearest_normal,last2,14,0.05,False,,,0.00021187250968068838,0.000230512705456835,True,True,True,True
2026-08-16 02:22:47,full_ctta,tile,monitor,C:/cira_batch_test/tile/good_9.png,good_9.png,normal,False,0.03667094185948372,2.8610230629055877e-07,0.06531576363636363,0.06531576363636363,0.05311408117413522,False,True,16000,True,0.00020003897952847183,True,0.002758260350674391,cpu,patch_nearest_normal,last2,14,0.05,False,,,0.00020029295410495251,0.000230512705456835,True,True,True,True
2026-08-16 02:22:49,full_ctta,tile,monitor,C:/cira_batch_test/tile/bad_8.png,bad_8.png,anomaly,True,0.16940706968307495,0.16940706968307495,0.06531576363636363,0.06531576363636363,0.05311408117413522,False,False,16000,False,,False,0.0,cpu,patch_nearest_normal,last2,14,0.05,False,,,0.00019532741862349212,0.000230512705456835,False,True,True,True
2026-08-16 02:22:50,full_ctta,tile,monitor,C:/cira_batch_test/tile/bad_1.png,bad_1.png,anomaly,True,0.42264261841773987,0.42264261841773987,0.06531576363636363,0.06531576363636363,0.05311408117413522,False,False,16000,False,,False,0.0,cpu,patch_nearest_normal,last2,14,0.05,False,,,0.00017073433264158666,0.000230512705456835,False,True,True,True
2026-08-16 02:22:52,full_ctta,tile,monitor,C:/cira_batch_test/tile/bad_14.png,bad_14.png,anomaly,True,0.1600472629070282,0.1600472629070282,0.06531576363636363,0.06531576363636363,0.05311408117413522,False,False,16000,False,,False,0.0,cpu,patch_nearest_normal,last2,14,0.05,False,,,0.00020504104031715542,0.000230512705456835,False,True,True,True
2026-08-16 02:22:53,full_ctta,tile,monitor,C:/cira_batch_test/tile/bad_15.png,bad_15.png,anomaly,True,0.17663529515266418,0.17663529515266418,0.06531576363636363,0.06531576363636363,0.05311408117413522,False,False,16000,False,,False,0.0,cpu,patch_nearest_normal,last2,14,0.05,False,,,0.00023429861175827682,0.000230512705456835,False,False,True,True
2026-08-16 02:22:55,full_ctta,tile,monitor,C:/cira_batch_test/tile/good_19.png,good_19.png,normal,False,0.04877781867980957,3.814697322468419e-07,0.06531576363636363,0.06531576363636363,0.05311408117413522,False,True,16000,True,0.00020000447693746537,True,0.002754775108769536,cpu,patch_nearest_normal,last2,14,0.05,False,,,0.00020519399549812078,0.000230512705456835,True,True,True,True
2026-08-16 02:22:56,full_ctta,tile,monitor,C:/cira_batch_test/tile/bad_3.png,bad_3.png,anomaly,True,0.38464850187301636,0.38464850187301636,0.06531576363636363,0.06531576363636363,0.05311408117413522,False,False,16000,False,,False,0.0,cpu,patch_nearest_normal,last2,14,0.05,False,,,0.00020346335077192634,0.000230512705456835,False,True,True,True
2026-08-16 02:22:58,full_ctta,tile,monitor,C:/cira_batch_test/tile/good_5.png,good_5.png,normal,False,0.04988042265176773,3.2782554626464844e-07,0.06531576363636363,0.06531576363636363,0.05311408117413522,False,True,16000,True,0.00023511705512646586,True,0.002751593943685293,cpu,patch_nearest_normal,last2,14,0.05,False,,,0.00021176754671614617,0.000230512705456835,True,True,True,True
2026-08-16 02:23:00,full_ctta,tile,monitor,C:/cira_batch_test/tile/good_16.png,good_16.png,normal,False,0.03651949763298035,3.457069510659494e-07,0.06531576363636363,0.06531576363636363,0.05311408117413522,False,True,16000,True,0.00021054520038887858,True,0.0027353849727660418,cpu,patch_nearest_normal,last2,14,0.05,False,,,0.00022222398547455668,0.000230512705456835,True,True,True,True
2026-08-16 02:23:01,full_ctta,tile,monitor,C:/cira_batch_test/tile/good_14.png,good_14.png,normal,False,0.042586855590343475,2.980232238769531e-07,0.06531576363636363,0.06531576363636363,0.05311408117413522,False,True,16000,True,0.00016488345863763243,True,0.002707955427467823,cpu,patch_nearest_normal,last2,14,0.05,False,,,0.00016852786939125508,0.000230512705456835,True,True,True,True
2026-08-16 02:23:03,full_ctta,tile,monitor,C:/cira_batch_test/tile/good_2.png,good_2.png,normal,False,0.048328183591365814,0.048328183591365814,0.06531576363636363,0.06531576363636363,0.05311408117413522,False,False,16000,False,,False,0.0,cpu,patch_nearest_normal,last2,14,0.05,False,,,0.00023373957083094865,0.000230512705456835,True,False,True,True
2026-08-16 02:23:04,full_ctta,tile,monitor,C:/cira_batch_test/tile/bad_13.png,bad_13.png,anomaly,True,0.15724563598632812,0.15724563598632812,0.06531576363636363,0.06531576363636363,0.05311408117413522,False,False,16000,False,,False,0.0,cpu,patch_nearest_normal,last2,14,0.05,False,,,0.00016717627295292914,0.000230512705456835,False,True,True,True
2026-08-16 02:23:06,full_ctta,tile,monitor,C:/cira_batch_test/tile/good_10.png,good_10.png,normal,False,0.05160537362098694,2.8014181907565217e-07,0.06531576363636363,0.06531576363636363,0.05311408117413522,False,True,16000,True,0.00018279437790624797,True,0.002620726590976119,cpu,patch_nearest_normal,last2,14,0.05,False,,,0.0001586314756423235,0.000230512705456835,True,True,True,True
2026-08-16 02:23:07,full_ctta,tile,monitor,C:/cira_batch_test/tile/bad_19.png,bad_19.png,anomaly,True,0.0980229526758194,0.0980229526758194,0.06531576363636363,0.06531576363636363,0.05311408117413522,False,False,16000,False,,False,0.0,cpu,patch_nearest_normal,last2,14,0.05,False,,,0.00022246559092309326,0.000230512705456835,False,True,True,True
2026-08-16 02:23:09,full_ctta,tile,monitor,C:/cira_batch_test/tile/good_4.png,good_4.png,normal,False,0.03687503933906555,3.814697322468419e-07,0.06531576363636363,0.06531576363636363,0.05311408117413522,False,True,16000,True,0.0002145409962395206,True,0.0026430857833474874,cpu,patch_nearest_normal,last2,14,0.05,False,,,0.00021475108223967254,0.000230512705456835,True,True,True,True
2026-08-16 02:23:11,full_ctta,tile,monitor,C:/cira_batch_test/tile/bad_12.png,bad_12.png,normal,False,0.054902058094739914,0.054902058094739914,0.06531576363636363,0.06531576363636363,0.05311408117413522,False,False,16000,False,,False,0.0,cpu,patch_nearest_normal,last2,14,0.05,False,,,0.00021548580843955278,0.000230512705456835,False,True,True,True
2026-08-16 02:23:12,full_ctta,tile,monitor,C:/cira_batch_test/tile/good_18.png,good_18.png,anomaly,True,0.06672623753547668,0.06672623753547668,0.06531576363636363,0.06531576363636363,0.05311408117413522,False,False,16000,False,,False,0.0,cpu,patch_nearest_normal,last2,14,0.05,False,,,0.00023354832956101745,0.000230512705456835,False,False,True,True
2026-08-16 02:23:14,full_ctta,tile,monitor,C:/cira_batch_test/tile/bad_16.png,bad_16.png,anomaly,True,0.0811413824558258,0.0811413824558258,0.06531576363636363,0.06531576363636363,0.05311408117413522,False,False,16000,False,,False,0.0,cpu,patch_nearest_normal,last2,14,0.05,False,,,0.00021948223002254963,0.000230512705456835,False,True,True,True
2026-08-16 02:23:15,full_ctta,tile,monitor,C:/cira_batch_test/tile/good_6.png,good_6.png,normal,False,0.04450161010026932,3.2186508747145126e-07,0.06531576363636363,0.06531576363636363,0.05311408117413522,False,True,16000,True,0.00018708049901761115,True,0.0026247415225952864,cpu,patch_nearest_normal,last2,14,0.05,True,C:\cira_ttl_checkpoints\tile\patch_memory_bank_update_10.pt,C:\cira_ttl_checkpoints\tile\patch_adapter_update_10.pt,0.00016766978660598397,0.000230512705456835,True,True,True,True
2026-08-16 02:23:17,full_ctta,tile,monitor,C:/cira_batch_test/tile/good_13.png,good_13.png,normal,False,0.04829713702201843,3.099441414633475e-07,0.06531576363636363,0.06531576363636363,0.05311408117413522,False,True,16000,True,0.00016479169426020235,True,0.0025530660059303045,cpu,patch_nearest_normal,last2,14,0.05,False,,,0.00015220072236843407,0.000230512705456835,True,True,True,True
2026-08-16 02:23:19,full_ctta,tile,monitor,C:/cira_batch_test/tile/good_15.png,good_15.png,normal,False,0.03980197757482529,3.516674098591466e-07,0.06531576363636363,0.06531576363636363,0.05311408117413522,False,True,16000,True,0.00017391769506502897,True,0.002558443695306778,cpu,patch_nearest_normal,last2,14,0.05,False,,,0.00016709430201444775,0.000230512705456835,True,True,True,True
2026-08-16 02:23:20,full_ctta,tile,monitor,C:/cira_batch_test/tile/good_20.png,good_20.png,normal,False,0.041330717504024506,3.039836826701503e-07,0.06531576363636363,0.06531576363636363,0.05311408117413522,False,True,16000,True,0.00017303784261457622,True,0.0025407730136066675,cpu,patch_nearest_normal,last2,14,0.05,False,,,0.0001811071124393493,0.000230512705456835,True,True,True,True
2026-08-16 02:23:22,full_ctta,tile,monitor,C:/cira_batch_test/tile/bad_17.png,bad_17.png,anomaly,True,0.38344764709472656,0.38344764709472656,0.06531576363636363,0.06531576363636363,0.05311408117413522,False,False,16000,False,,False,0.0,cpu,patch_nearest_normal,last2,14,0.05,False,,,0.00021348311565816402,0.000230512705456835,False,True,True,True
2026-08-16 02:23:24,full_ctta,tile,monitor,C:/cira_batch_test/tile/good_11.png,good_11.png,normal,False,0.040928732603788376,3.159046286782541e-07,0.06531576363636363,0.06531576363636363,0.05311408117413522,False,True,16000,True,0.00018150782852899283,True,0.0025303408037871122,cpu,patch_nearest_normal,last2,14,0.05,False,,,0.00014352146536111832,0.000230512705456835,True,True,True,True
2026-08-16 02:23:25,full_ctta,tile,monitor,C:/cira_batch_test/tile/bad_20.png,bad_20.png,anomaly,True,0.11551983654499054,0.11551983654499054,0.06531576363636363,0.06531576363636363,0.05311408117413522,False,False,16000,False,,False,0.0,cpu,patch_nearest_normal,last2,14,0.05,False,,,0.0001860345946624875,0.000230512705456835,False,True,True,True
2026-08-16 02:23:26,full_ctta,tile,monitor,C:/cira_batch_test/tile/good_8.png,good_8.png,normal,False,0.03867064788937569,0.03867064788937569,0.06531576363636363,0.06531576363636363,0.05311408117413522,False,False,16000,False,,False,0.0,cpu,patch_nearest_normal,last2,14,0.05,False,,,0.0002421311946818605,0.000230512705456835,True,False,True,True
2026-08-16 02:23:28,full_ctta,tile,monitor,C:/cira_batch_test/tile/bad_10.png,bad_10.png,anomaly,True,0.1001095399260521,0.1001095399260521,0.06531576363636363,0.06531576363636363,0.05311408117413522,False,False,16000,False,,False,0.0,cpu,patch_nearest_normal,last2,14,0.05,False,,,0.0001850170810939744,0.000230512705456835,False,True,True,True
2026-08-16 02:23:30,full_ctta,tile,monitor,C:/cira_batch_test/tile/good_3.png,good_3.png,normal,False,0.03924647718667984,2.8014181907565217e-07,0.06531576363636363,0.06531576363636363,0.05311408117413522,False,True,16000,True,0.0001994161430047825,True,0.002558043459430337,cpu,patch_nearest_normal,last2,14,0.05,False,,,0.0002065295266220346,0.000230512705456835,True,True,True,True
2026-08-16 02:23:31,full_ctta,tile,monitor,C:/cira_batch_test/tile/bad_11.png,bad_11.png,anomaly,True,0.15018999576568604,0.15018999576568604,0.06531576363636363,0.06531576363636363,0.05311408117413522,False,False,16000,False,,False,0.0,cpu,patch_nearest_normal,last2,14,0.05,False,,,0.00013947946717962623,0.000230512705456835,False,True,True,True
2026-08-16 02:23:32,full_ctta,tile,monitor,C:/cira_batch_test/tile/bad_18.png,bad_18.png,anomaly,True,0.07058929651975632,0.07058929651975632,0.06531576363636363,0.06531576363636363,0.05311408117413522,False,False,16000,False,,False,0.0,cpu,patch_nearest_normal,last2,14,0.05,False,,,0.00019581106607802212,0.000230512705456835,False,True,True,True
2026-08-16 02:23:34,full_ctta,tile,monitor,C:/cira_batch_test/tile/good_12.png,good_12.png,normal,False,0.04022311046719551,2.9206276508375595e-07,0.06531576363636363,0.06531576363636363,0.05311408117413522,False,True,16000,True,0.00020771460549440235,True,0.0025756782852113247,cpu,patch_nearest_normal,last2,14,0.05,False,,,0.00020186344045214355,0.000230512705456835,True,True,True,True
2026-08-16 02:23:36,full_ctta,tile,monitor,C:/cira_batch_test/tile/good_17.png,good_17.png,normal,False,0.04516494274139404,2.6226044269606064e-07,0.06531576363636363,0.06531576363636363,0.05311408117413522,False,True,16000,True,0.00021453876979649067,True,0.0025918229948729277,cpu,patch_nearest_normal,last2,14,0.05,False,,,0.00019072482245974243,0.000230512705456835,True,True,True,True
2026-08-16 02:23:37,full_ctta,tile,monitor,C:/cira_batch_test/tile/bad_5.png,bad_5.png,anomaly,True,0.15383581817150116,0.15383581817150116,0.06531576363636363,0.06531576363636363,0.05311408117413522,False,False,16000,False,,False,0.0,cpu,patch_nearest_normal,last2,14,0.05,False,,,0.00011892298061866313,0.000230512705456835,False,True,True,True
2026-08-16 02:23:39,full_ctta,tile,monitor,C:/cira_batch_test/tile/bad_6.png,bad_6.png,anomaly,True,0.2291240692138672,0.2291240692138672,0.06531576363636363,0.06531576363636363,0.05311408117413522,False,False,16000,False,,False,0.0,cpu,patch_nearest_normal,last2,14,0.05,False,,,0.00019291191711090505,0.000230512705456835,False,True,True,True
2026-08-16 02:23:40,full_ctta,tile,monitor,C:/cira_batch_test/tile/bad_7.png,bad_7.png,anomaly,True,0.2117185890674591,0.2117185890674591,0.06531576363636363,0.06531576363636363,0.05311408117413522,False,False,16000,False,,False,0.0,cpu,patch_nearest_normal,last2,14,0.05,False,,,0.00017280576867051423,0.000230512705456835,False,True,True,True
2026-08-16 02:23:42,full_ctta,tile,monitor,C:/cira_batch_test/tile/bad_9.png,bad_9.png,anomaly,True,0.3187583386898041,0.3187583386898041,0.06531576363636363,0.06531576363636363,0.05311408117413522,False,False,16000,False,,False,0.0,cpu,patch_nearest_normal,last2,14,0.05,False,,,0.00022856256691738963,0.000230512705456835,False,True,True,True
2026-08-16 02:23:43,full_ctta,tile,monitor,C:/cira_batch_test/tile/bad_4.png,bad_4.png,anomaly,True,0.1123170405626297,0.1123170405626297,0.06531576363636363,0.06531576363636363,0.05311408117413522,False,False,16000,False,,False,0.0,cpu,patch_nearest_normal,last2,14,0.05,False,,,0.00013635111099574715,0.000230512705456835,False,True,True,True
2026-08-16 02:23:45,full_ctta,tile,monitor,C:/cira_batch_test/tile/bad_2.png,bad_2.png,anomaly,True,0.4364040791988373,0.4364040791988373,0.06531576363636363,0.06531576363636363,0.05311408117413522,False,False,16000,False,,False,0.0,cpu,patch_nearest_normal,last2,14,0.05,False,,,0.00011551805800991133,0.000230512705456835,False,True,True,True
2026-08-16 02:23:46,full_ctta,toothbrush,monitor,C:/cira_batch_test/toothbrush/good_1.png,good_1.png,normal,False,0.051045335829257965,0.051045335829257965,0.0701888715806552,0.0701888715806552,0.0501871842890978,False,False,9408,False,,False,0.0,cpu,patch_nearest_normal,last2,14,0.05,False,,,0.00011735215957742184,0.00012676088372241001,False,True,True,True
2026-08-16 02:23:48,full_ctta,toothbrush,monitor,C:/cira_batch_test/toothbrush/good_7.png,good_7.png,normal,False,0.06097178906202316,0.06097178906202316,0.0701888715806552,0.0701888715806552,0.0501871842890978,False,False,9408,False,,False,0.0,cpu,patch_nearest_normal,last2,14,0.05,False,,,0.00012716022320091724,0.00012676088372241001,False,False,True,True
2026-08-16 02:23:49,full_ctta,toothbrush,monitor,C:/cira_batch_test/toothbrush/good_9.png,good_9.png,normal,False,0.04554165154695511,3.099441414633475e-07,0.0701888715806552,0.0701888715806552,0.0501871842890978,False,True,9604,True,0.00013052068243268877,True,0.003025866812095046,cpu,patch_nearest_normal,last2,14,0.05,False,,,0.00012195963790873066,0.00012676088372241001,True,True,True,True
2026-08-16 02:23:51,full_ctta,toothbrush,monitor,C:/cira_batch_test/toothbrush/bad_8.png,bad_8.png,anomaly,True,0.3559364080429077,0.3559364080429077,0.0701888715806552,0.0701888715806552,0.0501871842890978,False,False,9604,False,,False,0.0,cpu,patch_nearest_normal,last2,14,0.05,False,,,0.0001244463783223182,0.00012676088372241001,False,True,True,True
2026-08-16 02:23:52,full_ctta,toothbrush,monitor,C:/cira_batch_test/toothbrush/bad_1.png,bad_1.png,anomaly,True,0.2979237735271454,0.2979237735271454,0.0701888715806552,0.0701888715806552,0.0501871842890978,False,False,9604,False,,False,0.0,cpu,patch_nearest_normal,last2,14,0.05,False,,,0.00011377088230801746,0.00012676088372241001,False,True,True,True
2026-08-16 02:23:54,full_ctta,toothbrush,monitor,C:/cira_batch_test/toothbrush/bad_14.png,bad_14.png,anomaly,True,0.25942856073379517,0.25942856073379517,0.0701888715806552,0.0701888715806552,0.0501871842890978,False,False,9604,False,,False,0.0,cpu,patch_nearest_normal,last2,14,0.05,False,,,0.00012182904174551368,0.00012676088372241001,False,True,True,True
2026-08-16 02:23:55,full_ctta,toothbrush,monitor,C:/cira_batch_test/toothbrush/bad_15.png,bad_15.png,normal,False,0.06449819356203079,0.06449819356203079,0.0701888715806552,0.0701888715806552,0.0501871842890978,False,False,9604,False,,False,0.0,cpu,patch_nearest_normal,last2,14,0.05,False,,,0.00012241308286320418,0.00012676088372241001,False,True,True,True
2026-08-16 02:23:57,full_ctta,toothbrush,monitor,C:/cira_batch_test/toothbrush/good_19.png,good_19.png,normal,False,0.018781911581754684,2.8014181907565217e-07,0.0701888715806552,0.0701888715806552,0.0501871842890978,False,True,9800,True,0.0001270171342184767,True,0.002736198017373681,cpu,patch_nearest_normal,last2,14,0.05,False,,,0.00012593858991749585,0.00012676088372241001,True,True,True,True
2026-08-16 02:23:58,full_ctta,toothbrush,monitor,C:/cira_batch_test/toothbrush/bad_3.png,bad_3.png,anomaly,True,0.13452285528182983,0.13452285528182983,0.0701888715806552,0.0701888715806552,0.0501871842890978,False,False,9800,False,,False,0.0,cpu,patch_nearest_normal,last2,14,0.05,False,,,0.00011616729898378253,0.00012676088372241001,False,True,True,True
2026-08-16 02:24:00,full_ctta,toothbrush,monitor,C:/cira_batch_test/toothbrush/good_5.png,good_5.png,normal,False,0.01826532557606697,2.6226044269606064e-07,0.0701888715806552,0.0701888715806552,0.0501871842890978,False,True,9996,True,0.0001208759204018861,True,0.0026497533544898033,cpu,patch_nearest_normal,last2,14,0.05,False,,,0.00010992189345415682,0.00012676088372241001,True,True,True,True
2026-08-16 02:24:02,full_ctta,toothbrush,monitor,C:/cira_batch_test/toothbrush/good_16.png,good_16.png,normal,False,0.040585972368717194,2.74181360282455e-07,0.0701888715806552,0.0701888715806552,0.0501871842890978,False,True,10192,True,0.00012248761777300388,True,0.0026393323205411434,cpu,patch_nearest_normal,last2,14,0.05,False,,,0.00011274804273853078,0.00012676088372241001,True,True,True,True
2026-08-16 02:24:03,full_ctta,toothbrush,monitor,C:/cira_batch_test/toothbrush/good_14.png,good_14.png,normal,False,0.06923770904541016,0.06923770904541016,0.0701888715806552,0.0701888715806552,0.0501871842890978,False,False,10192,False,,False,0.0,cpu,patch_nearest_normal,last2,14,0.05,False,,,0.00011368331615813076,0.00012676088372241001,False,True,True,True
2026-08-16 02:24:05,full_ctta,toothbrush,monitor,C:/cira_batch_test/toothbrush/good_2.png,good_2.png,normal,False,0.053574979305267334,0.053574979305267334,0.0701888715806552,0.0701888715806552,0.0501871842890978,False,False,10192,False,,False,0.0,cpu,patch_nearest_normal,last2,14,0.05,False,,,0.00010761787416413426,0.00012676088372241001,False,True,True,True
2026-08-16 02:24:06,full_ctta,toothbrush,monitor,C:/cira_batch_test/toothbrush/bad_13.png,bad_13.png,normal,False,0.056289613246917725,0.056289613246917725,0.0701888715806552,0.0701888715806552,0.0501871842890978,False,False,10192,False,,False,0.0,cpu,patch_nearest_normal,last2,14,0.05,False,,,0.0001112704849219881,0.00012676088372241001,False,True,True,True
2026-08-16 02:24:08,full_ctta,toothbrush,monitor,C:/cira_batch_test/toothbrush/good_10.png,good_10.png,anomaly,True,0.07505954056978226,0.07505954056978226,0.0701888715806552,0.0701888715806552,0.0501871842890978,False,False,10192,False,,False,0.0,cpu,patch_nearest_normal,last2,14,0.05,False,,,0.00012300230446271598,0.00012676088372241001,False,True,True,True
2026-08-16 02:24:09,full_ctta,toothbrush,monitor,C:/cira_batch_test/toothbrush/bad_19.png,bad_19.png,anomaly,True,0.0785033255815506,0.0785033255815506,0.0701888715806552,0.0701888715806552,0.0501871842890978,False,False,10192,False,,False,0.0,cpu,patch_nearest_normal,last2,14,0.05,False,,,0.00011757584434235469,0.00012676088372241001,False,True,True,True
2026-08-16 02:24:11,full_ctta,toothbrush,monitor,C:/cira_batch_test/toothbrush/good_4.png,good_4.png,normal,False,0.04749123007059097,3.516674098591466e-07,0.0701888715806552,0.0701888715806552,0.0501871842890978,False,True,10388,True,0.00011891242320416495,True,0.0026156126987189054,cpu,patch_nearest_normal,last2,14,0.05,False,,,0.00010745166218839586,0.00012676088372241001,True,True,True,True
2026-08-16 02:24:12,full_ctta,toothbrush,monitor,C:/cira_batch_test/toothbrush/bad_12.png,bad_12.png,anomaly,True,0.3732090890407562,0.3732090890407562,0.0701888715806552,0.0701888715806552,0.0501871842890978,False,False,10388,False,,False,0.0,cpu,patch_nearest_normal,last2,14,0.05,False,,,0.00011914740753127262,0.00012676088372241001,False,True,True,True
2026-08-16 02:24:14,full_ctta,toothbrush,monitor,C:/cira_batch_test/toothbrush/good_18.png,good_18.png,normal,False,0.041782230138778687,2.5033949668795685e-07,0.0701888715806552,0.0701888715806552,0.0501871842890978,False,True,10584,True,0.00012819308903999627,True,0.0026065537240356207,cpu,patch_nearest_normal,last2,14,0.05,False,,,0.00012130497634643689,0.00012676088372241001,True,True,True,True
2026-08-16 02:24:16,full_ctta,toothbrush,monitor,C:/cira_batch_test/toothbrush/bad_16.png,bad_16.png,anomaly,True,0.3476261496543884,0.3476261496543884,0.0701888715806552,0.0701888715806552,0.0501871842890978,False,False,10584,False,,False,0.0,cpu,patch_nearest_normal,last2,14,0.05,False,,,0.00011735015141312033,0.00012676088372241001,False,True,True,True
2026-08-16 02:24:17,full_ctta,toothbrush,monitor,C:/cira_batch_test/toothbrush/good_6.png,good_6.png,normal,False,0.044936709105968475,3.159046286782541e-07,0.0701888715806552,0.0701888715806552,0.0501871842890978,False,True,10780,True,0.00012622175563592464,True,0.0025762799195945263,cpu,patch_nearest_normal,last2,14,0.05,False,,,0.00010818144073709846,0.00012676088372241001,True,True,True,True
2026-08-16 02:24:19,full_ctta,toothbrush,monitor,C:/cira_batch_test/toothbrush/good_13.png,good_13.png,normal,False,0.0561634786427021,0.0561634786427021,0.0701888715806552,0.0701888715806552,0.0501871842890978,False,False,10780,False,,False,0.0,cpu,patch_nearest_normal,last2,14,0.05,False,,,0.00010850718535948545,0.00012676088372241001,False,True,True,True
2026-08-16 02:24:20,full_ctta,toothbrush,monitor,C:/cira_batch_test/toothbrush/good_15.png,good_15.png,normal,False,0.035596199333667755,3.159046286782541e-07,0.0701888715806552,0.0701888715806552,0.0501871842890978,False,True,10976,True,0.00012094670091755688,True,0.0025755686219781637,cpu,patch_nearest_normal,last2,14,0.05,False,,,0.00011771958816098049,0.00012676088372241001,True,True,True,True
2026-08-16 02:24:22,full_ctta,toothbrush,monitor,C:/cira_batch_test/toothbrush/good_20.png,good_20.png,normal,False,0.018373537808656693,3.039836826701503e-07,0.0701888715806552,0.0701888715806552,0.0501871842890978,False,True,11172,True,0.00012523532495833933,True,0.0025525230448693037,cpu,patch_nearest_normal,last2,14,0.05,False,,,0.00011942582932533696,0.00012676088372241001,True,True,True,True
2026-08-16 02:24:24,full_ctta,toothbrush,monitor,C:/cira_batch_test/toothbrush/bad_17.png,bad_17.png,anomaly,True,0.2629113793373108,0.2629113793373108,0.0701888715806552,0.0701888715806552,0.0501871842890978,False,False,11172,False,,False,0.0,cpu,patch_nearest_normal,last2,14,0.05,False,,,0.00012126116780564189,0.00012676088372241001,False,True,True,True
2026-08-16 02:24:25,full_ctta,toothbrush,monitor,C:/cira_batch_test/toothbrush/good_11.png,good_11.png,normal,False,0.053288400173187256,0.053288400173187256,0.0701888715806552,0.0701888715806552,0.0501871842890978,False,False,11172,False,,False,0.0,cpu,patch_nearest_normal,last2,14,0.05,False,,,0.00011789389827754349,0.00012676088372241001,False,True,True,True
2026-08-16 02:24:26,full_ctta,toothbrush,monitor,C:/cira_batch_test/toothbrush/bad_20.png,bad_20.png,anomaly,True,0.32457438111305237,0.32457438111305237,0.0701888715806552,0.0701888715806552,0.0501871842890978,False,False,11172,False,,False,0.0,cpu,patch_nearest_normal,last2,14,0.05,False,,,0.00012842139403801411,0.00012676088372241001,False,False,True,True
2026-08-16 02:24:28,full_ctta,toothbrush,monitor,C:/cira_batch_test/toothbrush/good_8.png,good_8.png,anomaly,True,0.075375996530056,0.075375996530056,0.0701888715806552,0.0701888715806552,0.0501871842890978,False,False,11172,False,,False,0.0,cpu,patch_nearest_normal,last2,14,0.05,False,,,0.00013938550546299666,0.00012676088372241001,False,False,True,True
2026-08-16 02:24:29,full_ctta,toothbrush,monitor,C:/cira_batch_test/toothbrush/bad_10.png,bad_10.png,anomaly,True,0.12626147270202637,0.12626147270202637,0.0701888715806552,0.0701888715806552,0.0501871842890978,False,False,11172,False,,False,0.0,cpu,patch_nearest_normal,last2,14,0.05,False,,,0.00011408081627450883,0.00012676088372241001,False,True,True,True
2026-08-16 02:24:31,full_ctta,toothbrush,monitor,C:/cira_batch_test/toothbrush/good_3.png,good_3.png,normal,False,0.03626616671681404,3.635883274455409e-07,0.0701888715806552,0.0701888715806552,0.0501871842890978,False,True,11368,True,0.00011787678522523493,True,0.002538983942940831,cpu,patch_nearest_normal,last2,14,0.05,True,C:\cira_ttl_checkpoints\toothbrush\patch_memory_bank_update_10.pt,C:\cira_ttl_checkpoints\toothbrush\patch_adapter_update_10.pt,0.00011012847971869633,0.00012676088372241001,True,True,True,True
2026-08-16 02:24:33,full_ctta,toothbrush,monitor,C:/cira_batch_test/toothbrush/bad_11.png,bad_11.png,anomaly,True,0.2771819233894348,0.2771819233894348,0.0701888715806552,0.0701888715806552,0.0501871842890978,False,False,11368,False,,False,0.0,cpu,patch_nearest_normal,last2,14,0.05,False,,,0.00010714442032622173,0.00012676088372241001,False,True,True,True
2026-08-16 02:24:34,full_ctta,toothbrush,monitor,C:/cira_batch_test/toothbrush/bad_18.png,bad_18.png,anomaly,True,0.26889893412590027,0.26889893412590027,0.0701888715806552,0.0701888715806552,0.0501871842890978,False,False,11368,False,,False,0.0,cpu,patch_nearest_normal,last2,14,0.05,False,,,0.00011359187192283571,0.00012676088372241001,False,True,True,True
2026-08-16 02:24:36,full_ctta,toothbrush,monitor,C:/cira_batch_test/toothbrush/good_12.png,good_12.png,normal,False,0.059716302901506424,0.059716302901506424,0.0701888715806552,0.0701888715806552,0.0501871842890978,False,False,11368,False,,False,0.0,cpu,patch_nearest_normal,last2,14,0.05,False,,,0.00011722838826244697,0.00012676088372241001,False,True,True,True
2026-08-16 02:24:37,full_ctta,toothbrush,monitor,C:/cira_batch_test/toothbrush/good_17.png,good_17.png,normal,False,0.019468242302536964,3.2186508747145126e-07,0.0701888715806552,0.0701888715806552,0.0501871842890978,False,True,11564,True,0.00011561454448383301,True,0.0025240974500775337,cpu,patch_nearest_normal,last2,14,0.05,False,,,0.0001119598382501863,0.00012676088372241001,True,True,True,True
2026-08-16 02:24:39,full_ctta,toothbrush,monitor,C:/cira_batch_test/toothbrush/bad_5.png,bad_5.png,normal,False,0.053775809705257416,0.053775809705257416,0.0701888715806552,0.0701888715806552,0.0501871842890978,False,False,11564,False,,False,0.0,cpu,patch_nearest_normal,last2,14,0.05,False,,,0.00012025225441902876,0.00012676088372241001,False,True,True,True
2026-08-16 02:24:40,full_ctta,toothbrush,monitor,C:/cira_batch_test/toothbrush/bad_6.png,bad_6.png,normal,False,0.04993719980120659,3.159046286782541e-07,0.0701888715806552,0.0701888715806552,0.0501871842890978,False,True,11760,True,0.0001278434065170586,True,0.0025321594439446926,cpu,patch_nearest_normal,last2,14,0.05,False,,,0.00011564661690499634,0.00012676088372241001,True,True,True,True
2026-08-16 02:24:42,full_ctta,toothbrush,monitor,C:/cira_batch_test/toothbrush/bad_7.png,bad_7.png,anomaly,True,0.13113537430763245,0.13113537430763245,0.0701888715806552,0.0701888715806552,0.0501871842890978,False,False,11760,False,,False,0.0,cpu,patch_nearest_normal,last2,14,0.05,False,,,0.00011441735114203766,0.00012676088372241001,False,True,True,True
2026-08-16 02:24:44,full_ctta,toothbrush,monitor,C:/cira_batch_test/toothbrush/bad_9.png,bad_9.png,normal,False,0.04637215659022331,2.443790378947597e-07,0.0701888715806552,0.0701888715806552,0.0501871842890978,False,True,11956,True,0.00012337203952483833,True,0.002519727684557438,cpu,patch_nearest_normal,last2,14,0.05,False,,,0.000112680543679744,0.00012676088372241001,True,True,True,True
2026-08-16 02:24:45,full_ctta,toothbrush,monitor,C:/cira_batch_test/toothbrush/bad_4.png,bad_4.png,normal,False,0.06907211244106293,0.06907211244106293,0.0701888715806552,0.0701888715806552,0.0501871842890978,False,False,11956,False,,False,0.0,cpu,patch_nearest_normal,last2,14,0.05,False,,,0.00010404931526863948,0.00012676088372241001,False,True,True,True
2026-08-16 02:24:47,full_ctta,toothbrush,monitor,C:/cira_batch_test/toothbrush/bad_2.png,bad_2.png,normal,False,0.05650830268859863,0.05650830268859863,0.0701888715806552,0.0701888715806552,0.0501871842890978,False,False,11956,False,,False,0.0,cpu,patch_nearest_normal,last2,14,0.05,False,,,0.00010907697287620977,0.00012676088372241001,False,True,True,True
2026-08-16 02:24:48,full_ctta,transistor,monitor,C:/cira_batch_test/transistor/good_1.png,good_1.png,normal,False,0.05782352015376091,2.443790378947597e-07,0.08374595860198465,0.08374595860198465,0.075458013266325,False,True,16000,True,0.00019136459741275758,True,0.0030420348048210144,cpu,patch_nearest_normal,last2,14,0.05,False,,,0.000171714520547539,0.000183458399987945,True,True,True,True
2026-08-16 02:24:50,full_ctta,transistor,monitor,C:/cira_batch_test/transistor/good_7.png,good_7.png,normal,False,0.07311354577541351,0.07311354577541351,0.08374595860198465,0.08374595860198465,0.075458013266325,False,False,16000,False,,False,0.0,cpu,patch_nearest_normal,last2,14,0.05,False,,,0.00018557357543613762,0.000183458399987945,True,False,True,True
2026-08-16 02:24:51,full_ctta,transistor,monitor,C:/cira_batch_test/transistor/good_9.png,good_9.png,normal,False,0.07563209533691406,0.07563209533691406,0.08374595860198465,0.08374595860198465,0.075458013266325,False,False,16000,False,,False,0.0,cpu,patch_nearest_normal,last2,14,0.05,False,,,0.0001823429629439488,0.000183458399987945,False,True,True,True
2026-08-16 02:24:53,full_ctta,transistor,monitor,C:/cira_batch_test/transistor/bad_8.png,bad_8.png,anomaly,True,0.17268498241901398,0.17268498241901398,0.08374595860198465,0.08374595860198465,0.075458013266325,False,False,16000,False,,False,0.0,cpu,patch_nearest_normal,last2,14,0.05,False,,,0.000175771550857462,0.000183458399987945,False,True,True,True
2026-08-16 02:24:54,full_ctta,transistor,monitor,C:/cira_batch_test/transistor/bad_1.png,bad_1.png,anomaly,True,0.1221901997923851,0.1221901997923851,0.08374595860198465,0.08374595860198465,0.075458013266325,False,False,16000,False,,False,0.0,cpu,patch_nearest_normal,last2,14,0.05,False,,,0.00016238633543252945,0.000183458399987945,False,True,True,True
2026-08-16 02:24:56,full_ctta,transistor,monitor,C:/cira_batch_test/transistor/bad_14.png,bad_14.png,anomaly,True,0.10354606807231903,0.10354606807231903,0.08374595860198465,0.08374595860198465,0.075458013266325,False,False,16000,False,,False,0.0,cpu,patch_nearest_normal,last2,14,0.05,False,,,0.00017792254220694304,0.000183458399987945,False,True,True,True
2026-08-16 02:24:57,full_ctta,transistor,monitor,C:/cira_batch_test/transistor/bad_15.png,bad_15.png,anomaly,True,0.09702367335557938,0.09702367335557938,0.08374595860198465,0.08374595860198465,0.075458013266325,False,False,16000,False,,False,0.0,cpu,patch_nearest_normal,last2,14,0.05,False,,,0.00015642456128261983,0.000183458399987945,False,True,True,True
2026-08-16 02:24:59,full_ctta,transistor,monitor,C:/cira_batch_test/transistor/good_19.png,good_19.png,normal,False,0.07860482484102249,0.07860482484102249,0.08374595860198465,0.08374595860198465,0.075458013266325,False,False,16000,False,,False,0.0,cpu,patch_nearest_normal,last2,14,0.05,False,,,0.00016965971735771745,0.000183458399987945,False,True,True,True
2026-08-16 02:25:00,full_ctta,transistor,monitor,C:/cira_batch_test/transistor/bad_3.png,bad_3.png,anomaly,True,0.10180699825286865,0.10180699825286865,0.08374595860198465,0.08374595860198465,0.075458013266325,False,False,16000,False,,False,0.0,cpu,patch_nearest_normal,last2,14,0.05,False,,,0.00016884364595171064,0.000183458399987945,False,True,True,True
2026-08-16 02:25:02,full_ctta,transistor,monitor,C:/cira_batch_test/transistor/good_5.png,good_5.png,normal,False,0.0684242993593216,2.1457671550706436e-07,0.08374595860198465,0.08374595860198465,0.075458013266325,False,True,16000,True,0.0002144922036677599,True,0.0027925283648073673,cpu,patch_nearest_normal,last2,14,0.05,False,,,0.0001833424757933244,0.000183458399987945,True,True,True,True
2026-08-16 02:25:04,full_ctta,transistor,monitor,C:/cira_batch_test/transistor/good_16.png,good_16.png,normal,False,0.07538639008998871,0.07538639008998871,0.08374595860198465,0.08374595860198465,0.075458013266325,False,False,16000,False,,False,0.0,cpu,patch_nearest_normal,last2,14,0.05,False,,,0.0001870544219855219,0.000183458399987945,True,False,True,True
2026-08-16 02:25:05,full_ctta,transistor,monitor,C:/cira_batch_test/transistor/good_14.png,good_14.png,normal,False,0.06590371578931808,3.397464638510428e-07,0.08374595860198465,0.08374595860198465,0.075458013266325,False,True,16000,True,0.0001872352440841496,True,0.002670607063919306,cpu,patch_nearest_normal,last2,14,0.05,False,,,0.00017487579316366464,0.000183458399987945,True,True,True,True
2026-08-16 02:25:07,full_ctta,transistor,monitor,C:/cira_batch_test/transistor/good_2.png,good_2.png,normal,False,0.07576987147331238,0.07576987147331238,0.08374595860198465,0.08374595860198465,0.075458013266325,False,False,16000,False,,False,0.0,cpu,patch_nearest_normal,last2,14,0.05,False,,,0.00016788221546448767,0.000183458399987945,False,True,True,True
2026-08-16 02:25:08,full_ctta,transistor,monitor,C:/cira_batch_test/transistor/bad_13.png,bad_13.png,anomaly,True,0.1062891036272049,0.1062891036272049,0.08374595860198465,0.08374595860198465,0.075458013266325,False,False,16000,False,,False,0.0,cpu,patch_nearest_normal,last2,14,0.05,False,,,0.00019280356355011463,0.000183458399987945,False,False,True,True
2026-08-16 02:25:10,full_ctta,transistor,monitor,C:/cira_batch_test/transistor/good_10.png,good_10.png,normal,False,0.07332596927881241,2.5629998390286346e-07,0.08374595860198465,0.08374595860198465,0.075458013266325,False,True,16000,True,0.00018691796867642552,True,0.002591805998235941,cpu,patch_nearest_normal,last2,14,0.05,False,,,0.0001646808668738231,0.000183458399987945,True,True,True,True
2026-08-16 02:25:12,full_ctta,transistor,monitor,C:/cira_batch_test/transistor/bad_19.png,bad_19.png,anomaly,True,0.1016942709684372,0.1016942709684372,0.08374595860198465,0.08374595860198465,0.075458013266325,False,False,16000,False,,False,0.0,cpu,patch_nearest_normal,last2,14,0.05,False,,,0.00016982838860712945,0.000183458399987945,False,True,True,True
2026-08-16 02:25:13,full_ctta,transistor,monitor,C:/cira_batch_test/transistor/good_4.png,good_4.png,normal,False,0.06288997083902359,2.74181360282455e-07,0.08374595860198465,0.08374595860198465,0.075458013266325,False,True,16000,True,0.00020427932031452656,True,0.0025781134609133005,cpu,patch_nearest_normal,last2,14,0.05,False,,,0.00017864894471131265,0.000183458399987945,True,True,True,True
2026-08-16 02:25:15,full_ctta,transistor,monitor,C:/cira_batch_test/transistor/bad_12.png,bad_12.png,anomaly,True,0.2515535056591034,0.2515535056591034,0.08374595860198465,0.08374595860198465,0.075458013266325,False,False,16000,False,,False,0.0,cpu,patch_nearest_normal,last2,14,0.05,False,,,0.00015493978571612388,0.000183458399987945,False,True,True,True
2026-08-16 02:25:17,full_ctta,transistor,monitor,C:/cira_batch_test/transistor/good_18.png,good_18.png,normal,False,0.06406909227371216,2.980232238769531e-07,0.08374595860198465,0.08374595860198465,0.075458013266325,False,True,16000,True,0.00018996369908563793,True,0.00256818113848567,cpu,patch_nearest_normal,last2,14,0.05,False,,,0.0001754320546751842,0.000183458399987945,True,True,True,True
2026-08-16 02:25:18,full_ctta,transistor,monitor,C:/cira_batch_test/transistor/bad_16.png,bad_16.png,anomaly,True,0.177545428276062,0.177545428276062,0.08374595860198465,0.08374595860198465,0.075458013266325,False,False,16000,False,,False,0.0,cpu,patch_nearest_normal,last2,14,0.05,False,,,0.00018863908189814538,0.000183458399987945,False,False,True,True
2026-08-16 02:25:20,full_ctta,transistor,monitor,C:/cira_batch_test/transistor/good_6.png,good_6.png,normal,False,0.06551744788885117,3.039836826701503e-07,0.08374595860198465,0.08374595860198465,0.075458013266325,False,True,16000,True,0.000200554626644589,True,0.0025616188067942858,cpu,patch_nearest_normal,last2,14,0.05,False,,,0.0001641526905586943,0.000183458399987945,True,True,True,True
2026-08-16 02:25:22,full_ctta,transistor,monitor,C:/cira_batch_test/transistor/good_13.png,good_13.png,normal,False,0.05456037074327469,2.74181360282455e-07,0.08374595860198465,0.08374595860198465,0.075458013266325,False,True,16000,True,0.00018464865570422262,True,0.002559731248766184,cpu,patch_nearest_normal,last2,14,0.05,False,,,0.0001827882806537673,0.000183458399987945,True,True,True,True
2026-08-16 02:25:23,full_ctta,transistor,monitor,C:/cira_batch_test/transistor/good_15.png,good_15.png,normal,False,0.07017823308706284,2.2053718851111626e-07,0.08374595860198465,0.08374595860198465,0.075458013266325,False,True,16000,True,0.0001984597183763981,True,0.0025647091679275036,cpu,patch_nearest_normal,last2,14,0.05,False,,,0.0001650721242185682,0.000183458399987945,True,True,True,True
2026-08-16 02:25:25,full_ctta,transistor,monitor,C:/cira_batch_test/transistor/good_20.png,good_20.png,normal,False,0.0713857039809227,2.5033949668795685e-07,0.08374595860198465,0.08374595860198465,0.075458013266325,False,True,16000,True,0.00019876158330589533,True,0.002562078181654215,cpu,patch_nearest_normal,last2,14,0.05,True,C:\cira_ttl_checkpoints\transistor\patch_memory_bank_update_10.pt,C:\cira_ttl_checkpoints\transistor\patch_adapter_update_10.pt,0.0001711073418846354,0.000183458399987945,True,True,True,True
2026-08-16 02:25:27,full_ctta,transistor,monitor,C:/cira_batch_test/transistor/bad_17.png,bad_17.png,anomaly,True,0.20338018238544464,0.20338018238544464,0.08374595860198465,0.08374595860198465,0.075458013266325,False,False,16000,False,,False,0.0,cpu,patch_nearest_normal,last2,14,0.05,False,,,0.00017270221724174917,0.000183458399987945,False,True,True,True
2026-08-16 02:25:28,full_ctta,transistor,monitor,C:/cira_batch_test/transistor/good_11.png,good_11.png,normal,False,0.059452105313539505,0.059452105313539505,0.08374595860198465,0.08374595860198465,0.075458013266325,False,False,16000,False,,False,0.0,cpu,patch_nearest_normal,last2,14,0.05,False,,,0.00018875008390750736,0.000183458399987945,True,False,True,True
2026-08-16 02:25:30,full_ctta,transistor,monitor,C:/cira_batch_test/transistor/bad_20.png,bad_20.png,anomaly,True,0.2879379391670227,0.2879379391670227,0.08374595860198465,0.08374595860198465,0.075458013266325,False,False,16000,False,,False,0.0,cpu,patch_nearest_normal,last2,14,0.05,False,,,0.00019232655176892877,0.000183458399987945,False,False,True,True
2026-08-16 02:25:31,full_ctta,transistor,monitor,C:/cira_batch_test/transistor/good_8.png,good_8.png,normal,False,0.05769623443484306,2.6226044269606064e-07,0.08374595860198465,0.08374595860198465,0.075458013266325,False,True,16000,True,0.00018174535944126546,True,0.0025607766583561897,cpu,patch_nearest_normal,last2,14,0.05,False,,,0.00016723101725801826,0.000183458399987945,True,True,True,True
2026-08-16 02:25:33,full_ctta,transistor,monitor,C:/cira_batch_test/transistor/bad_10.png,bad_10.png,anomaly,True,0.12526139616966248,0.12526139616966248,0.08374595860198465,0.08374595860198465,0.075458013266325,False,False,16000,False,,False,0.0,cpu,patch_nearest_normal,last2,14,0.05,False,,,0.00016107491683214903,0.000183458399987945,False,True,True,True
2026-08-16 02:25:35,full_ctta,transistor,monitor,C:/cira_batch_test/transistor/good_3.png,good_3.png,normal,False,0.07888856530189514,0.07888856530189514,0.08374595860198465,0.08374595860198465,0.075458013266325,False,False,16000,False,,False,0.0,cpu,patch_nearest_normal,last2,14,0.05,False,,,0.00014292958076111972,0.000183458399987945,False,True,True,True
2026-08-16 02:25:36,full_ctta,transistor,monitor,C:/cira_batch_test/transistor/bad_11.png,bad_11.png,normal,False,0.07441994547843933,2.5629998390286346e-07,0.08374595860198465,0.08374595860198465,0.075458013266325,False,True,16000,True,0.00017971941269934177,True,0.002544965362176299,cpu,patch_nearest_normal,last2,14,0.05,False,,,0.0001821617188397795,0.000183458399987945,True,True,True,True
2026-08-16 02:25:38,full_ctta,transistor,monitor,C:/cira_batch_test/transistor/bad_18.png,bad_18.png,anomaly,True,0.1429140269756317,0.1429140269756317,0.08374595860198465,0.08374595860198465,0.075458013266325,False,False,16000,False,,False,0.0,cpu,patch_nearest_normal,last2,14,0.05,False,,,0.00017346545064356178,0.000183458399987945,False,True,True,True
2026-08-16 02:25:39,full_ctta,transistor,monitor,C:/cira_batch_test/transistor/good_12.png,good_12.png,normal,False,0.05333442613482475,0.05333442613482475,0.08374595860198465,0.08374595860198465,0.075458013266325,False,False,16000,False,,False,0.0,cpu,patch_nearest_normal,last2,14,0.05,False,,,0.00019167785649187863,0.000183458399987945,True,False,True,True
2026-08-16 02:25:41,full_ctta,transistor,monitor,C:/cira_batch_test/transistor/good_17.png,good_17.png,normal,False,0.05079229548573494,2.980232238769531e-07,0.08374595860198465,0.08374595860198465,0.075458013266325,False,True,16000,True,0.00018072585226036608,True,0.002542083850130439,cpu,patch_nearest_normal,last2,14,0.05,False,,,0.00017576402751728892,0.000183458399987945,True,True,True,True
2026-08-16 02:25:43,full_ctta,transistor,monitor,C:/cira_batch_test/transistor/bad_5.png,bad_5.png,anomaly,True,0.10950318723917007,0.10950318723917007,0.08374595860198465,0.08374595860198465,0.075458013266325,False,False,16000,False,,False,0.0,cpu,patch_nearest_normal,last2,14,0.05,False,,,0.00018232718866784126,0.000183458399987945,False,True,True,True
2026-08-16 02:25:44,full_ctta,transistor,monitor,C:/cira_batch_test/transistor/bad_6.png,bad_6.png,normal,False,0.07717551290988922,0.07717551290988922,0.08374595860198465,0.08374595860198465,0.075458013266325,False,False,16000,False,,False,0.0,cpu,patch_nearest_normal,last2,14,0.05,False,,,0.00015987749793566763,0.000183458399987945,False,True,True,True
2026-08-16 02:25:46,full_ctta,transistor,monitor,C:/cira_batch_test/transistor/bad_7.png,bad_7.png,anomaly,True,0.12162303924560547,0.12162303924560547,0.08374595860198465,0.08374595860198465,0.075458013266325,False,False,16000,False,,False,0.0,cpu,patch_nearest_normal,last2,14,0.05,False,,,0.00015492673264816403,0.000183458399987945,False,True,True,True
2026-08-16 02:25:47,full_ctta,transistor,monitor,C:/cira_batch_test/transistor/bad_9.png,bad_9.png,anomaly,True,0.12774863839149475,0.12774863839149475,0.08374595860198465,0.08374595860198465,0.075458013266325,False,False,16000,False,,False,0.0,cpu,patch_nearest_normal,last2,14,0.05,False,,,0.00017618623678572476,0.000183458399987945,False,True,True,True
2026-08-16 02:25:49,full_ctta,transistor,monitor,C:/cira_batch_test/transistor/bad_4.png,bad_4.png,anomaly,True,0.08944223821163177,0.08944223821163177,0.08374595860198465,0.08374595860198465,0.075458013266325,False,False,16000,False,,False,0.0,cpu,patch_nearest_normal,last2,14,0.05,False,,,0.00013139371003489941,0.000183458399987945,False,True,True,True
2026-08-16 02:25:50,full_ctta,transistor,monitor,C:/cira_batch_test/transistor/bad_2.png,bad_2.png,anomaly,True,0.2035258710384369,0.2035258710384369,0.08374595860198465,0.08374595860198465,0.075458013266325,False,False,16000,False,,False,0.0,cpu,patch_nearest_normal,last2,14,0.05,False,,,0.00016170390881597996,0.000183458399987945,False,True,True,True
2026-08-16 02:25:52,full_ctta,wood,monitor,C:/cira_batch_test/wood/good_1.png,good_1.png,normal,False,0.035984765738248825,2.9206276508375595e-07,0.04761727861349719,0.04761727861349719,0.037343646213412296,False,True,16000,True,9.461419540457428e-05,True,0.002956203417852521,cpu,patch_nearest_normal,last2,14,0.05,False,,,8.39866916066967e-05,0.00010775983100752,True,True,True,True
2026-08-16 02:25:54,full_ctta,wood,monitor,C:/cira_batch_test/wood/good_7.png,good_7.png,normal,False,0.02167731523513794,3.337860050578456e-07,0.04761727861349719,0.04761727861349719,0.037343646213412296,False,True,16000,True,9.527747897664085e-05,True,0.002749635837972164,cpu,patch_nearest_normal,last2,14,0.05,False,,,8.710281690582633e-05,0.00010775983100752,True,True,True,True
2026-08-16 02:25:55,full_ctta,wood,monitor,C:/cira_batch_test/wood/good_9.png,good_9.png,anomaly,True,0.055114638060331345,0.055114638060331345,0.04761727861349719,0.04761727861349719,0.037343646213412296,False,False,16000,False,,False,0.0,cpu,patch_nearest_normal,last2,14,0.05,False,,,0.00011690679093590006,0.00010775983100752,False,False,True,True
2026-08-16 02:25:57,full_ctta,wood,monitor,C:/cira_batch_test/wood/bad_8.png,bad_8.png,anomaly,True,0.2215956151485443,0.2215956151485443,0.04761727861349719,0.04761727861349719,0.037343646213412296,False,False,16000,False,,False,0.0,cpu,patch_nearest_normal,last2,14,0.05,False,,,7.870466652093455e-05,0.00010775983100752,False,True,True,True
2026-08-16 02:25:58,full_ctta,wood,monitor,C:/cira_batch_test/wood/bad_1.png,bad_1.png,anomaly,True,0.3485165238380432,0.3485165238380432,0.04761727861349719,0.04761727861349719,0.037343646213412296,False,False,16000,False,,False,0.0,cpu,patch_nearest_normal,last2,14,0.05,False,,,9.361578850075603e-05,0.00010775983100752,False,True,True,True
2026-08-16 02:26:00,full_ctta,wood,monitor,C:/cira_batch_test/wood/bad_14.png,bad_14.png,anomaly,True,0.23990269005298615,0.23990269005298615,0.04761727861349719,0.04761727861349719,0.037343646213412296,False,False,16000,False,,False,0.0,cpu,patch_nearest_normal,last2,14,0.05,False,,,8.145815081661567e-05,0.00010775983100752,False,True,True,True
2026-08-16 02:26:01,full_ctta,wood,monitor,C:/cira_batch_test/wood/bad_15.png,bad_15.png,anomaly,True,0.21485963463783264,0.21485963463783264,0.04761727861349719,0.04761727861349719,0.037343646213412296,False,False,16000,False,,False,0.0,cpu,patch_nearest_normal,last2,14,0.05,False,,,0.00010343745816498995,0.00010775983100752,False,True,True,True
2026-08-16 02:26:03,full_ctta,wood,monitor,C:/cira_batch_test/wood/good_19.png,good_19.png,anomaly,True,0.05212784931063652,0.05212784931063652,0.04761727861349719,0.04761727861349719,0.037343646213412296,False,False,16000,False,,False,0.0,cpu,patch_nearest_normal,last2,14,0.05,False,,,9.384394070366398e-05,0.00010775983100752,False,True,True,True
2026-08-16 02:26:04,full_ctta,wood,monitor,C:/cira_batch_test/wood/bad_3.png,bad_3.png,anomaly,True,0.2540125846862793,0.2540125846862793,0.04761727861349719,0.04761727861349719,0.037343646213412296,False,False,16000,False,,False,0.0,cpu,patch_nearest_normal,last2,14,0.05,False,,,0.000141764510772191,0.00010775983100752,False,False,True,True
2026-08-16 02:26:06,full_ctta,wood,monitor,C:/cira_batch_test/wood/good_5.png,good_5.png,normal,False,0.02102253958582878,3.039836826701503e-07,0.04761727861349719,0.04761727861349719,0.037343646213412296,False,True,16000,True,7.968476711539552e-05,True,0.002691592089831829,cpu,patch_nearest_normal,last2,14,0.05,False,,,7.07457511452958e-05,0.00010775983100752,True,True,True,True
2026-08-16 02:26:08,full_ctta,wood,monitor,C:/cira_batch_test/wood/good_16.png,good_16.png,normal,False,0.036882489919662476,0.036882489919662476,0.04761727861349719,0.04761727861349719,0.037343646213412296,False,False,16000,False,,False,0.0,cpu,patch_nearest_normal,last2,14,0.05,False,,,0.0001088806166080758,0.00010775983100752,True,False,True,True
2026-08-16 02:26:09,full_ctta,wood,monitor,C:/cira_batch_test/wood/good_14.png,good_14.png,anomaly,True,0.048663247376680374,0.048663247376680374,0.04761727861349719,0.04761727861349719,0.037343646213412296,False,False,16000,False,,False,0.0,cpu,patch_nearest_normal,last2,14,0.05,False,,,0.0001217372773680836,0.00010775983100752,False,False,True,True
2026-08-16 02:26:11,full_ctta,wood,monitor,C:/cira_batch_test/wood/good_2.png,good_2.png,normal,False,0.02432471513748169,2.6226044269606064e-07,0.04761727861349719,0.04761727861349719,0.037343646213412296,False,True,16000,True,8.859449008014053e-05,True,0.002699682954698801,cpu,patch_nearest_normal,last2,14,0.05,False,,,8.661866013426334e-05,0.00010775983100752,True,True,True,True
2026-08-16 02:26:13,full_ctta,wood,monitor,C:/cira_batch_test/wood/bad_13.png,bad_13.png,anomaly,True,0.3156174123287201,0.3156174123287201,0.04761727861349719,0.04761727861349719,0.037343646213412296,False,False,16000,False,,False,0.0,cpu,patch_nearest_normal,last2,14,0.05,False,,,9.147708624368533e-05,0.00010775983100752,False,True,True,True
2026-08-16 02:26:14,full_ctta,wood,monitor,C:/cira_batch_test/wood/good_10.png,good_10.png,anomaly,True,0.0896947830915451,0.0896947830915451,0.04761727861349719,0.04761727861349719,0.037343646213412296,False,False,16000,False,,False,0.0,cpu,patch_nearest_normal,last2,14,0.05,False,,,0.0001097590138670057,0.00010775983100752,False,False,True,True
2026-08-16 02:26:16,full_ctta,wood,monitor,C:/cira_batch_test/wood/bad_19.png,bad_19.png,anomaly,True,0.2183285504579544,0.2183285504579544,0.04761727861349719,0.04761727861349719,0.037343646213412296,False,False,16000,False,,False,0.0,cpu,patch_nearest_normal,last2,14,0.05,False,,,9.874714305624366e-05,0.00010775983100752,False,True,True,True
2026-08-16 02:26:17,full_ctta,wood,monitor,C:/cira_batch_test/wood/good_4.png,good_4.png,normal,False,0.016548341140151024,2.9206276508375595e-07,0.04761727861349719,0.04761727861349719,0.037343646213412296,False,True,16000,True,7.904739322839305e-05,True,0.0026895995251834393,cpu,patch_nearest_normal,last2,14,0.05,False,,,7.414386345772073e-05,0.00010775983100752,True,True,True,True
2026-08-16 02:26:19,full_ctta,wood,monitor,C:/cira_batch_test/wood/bad_12.png,bad_12.png,anomaly,True,0.1829937994480133,0.1829937994480133,0.04761727861349719,0.04761727861349719,0.037343646213412296,False,False,16000,False,,False,0.0,cpu,patch_nearest_normal,last2,14,0.05,False,,,0.0001335254783043638,0.00010775983100752,False,False,True,True
2026-08-16 02:26:20,full_ctta,wood,monitor,C:/cira_batch_test/wood/good_18.png,good_18.png,normal,False,0.03965393826365471,0.03965393826365471,0.04761727861349719,0.04761727861349719,0.037343646213412296,False,False,16000,False,,False,0.0,cpu,patch_nearest_normal,last2,14,0.05,False,,,0.0001013513101497665,0.00010775983100752,False,True,True,True
2026-08-16 02:26:22,full_ctta,wood,monitor,C:/cira_batch_test/wood/bad_16.png,bad_16.png,anomaly,True,0.2177782952785492,0.2177782952785492,0.04761727861349719,0.04761727861349719,0.037343646213412296,False,False,16000,False,,False,0.0,cpu,patch_nearest_normal,last2,14,0.05,False,,,7.891448331065476e-05,0.00010775983100752,False,True,True,True
2026-08-16 02:26:24,full_ctta,wood,monitor,C:/cira_batch_test/wood/good_6.png,good_6.png,normal,False,0.01857125759124756,2.9206276508375595e-07,0.04761727861349719,0.04761727861349719,0.037343646213412296,False,True,16000,True,7.400067988783121e-05,True,0.0026773246936500072,cpu,patch_nearest_normal,last2,14,0.05,False,,,7.192684279289097e-05,0.00010775983100752,True,True,True,True
2026-08-16 02:26:25,full_ctta,wood,monitor,C:/cira_batch_test/wood/good_13.png,good_13.png,anomaly,True,0.048213668167591095,0.048213668167591095,0.04761727861349719,0.04761727861349719,0.037343646213412296,False,False,16000,False,,False,0.0,cpu,patch_nearest_normal,last2,14,0.05,False,,,0.0001133098776335828,0.00010775983100752,False,False,True,True
2026-08-16 02:26:27,full_ctta,wood,monitor,C:/cira_batch_test/wood/good_15.png,good_15.png,anomaly,True,0.051884155720472336,0.051884155720472336,0.04761727861349719,0.04761727861349719,0.037343646213412296,False,False,16000,False,,False,0.0,cpu,patch_nearest_normal,last2,14,0.05,False,,,9.527154179522768e-05,0.00010775983100752,False,True,True,True
2026-08-16 02:26:29,full_ctta,wood,monitor,C:/cira_batch_test/wood/good_20.png,good_20.png,normal,False,0.026424717158079147,2.74181360282455e-07,0.04761727861349719,0.04761727861349719,0.037343646213412296,False,True,16000,True,0.0001033009248203598,True,0.002623225562274456,cpu,patch_nearest_normal,last2,14,0.05,False,,,9.792043420020491e-05,0.00010775983100752,True,True,True,True
2026-08-16 02:26:30,full_ctta,wood,monitor,C:/cira_batch_test/wood/bad_17.png,bad_17.png,anomaly,True,0.3652457296848297,0.3652457296848297,0.04761727861349719,0.04761727861349719,0.037343646213412296,False,False,16000,False,,False,0.0,cpu,patch_nearest_normal,last2,14,0.05,False,,,9.686825069366023e-05,0.00010775983100752,False,True,True,True
2026-08-16 02:26:32,full_ctta,wood,monitor,C:/cira_batch_test/wood/good_11.png,good_11.png,normal,False,0.03574315831065178,0.03574315831065178,0.04761727861349719,0.04761727861349719,0.037343646213412296,False,False,16000,False,,False,0.0,cpu,patch_nearest_normal,last2,14,0.05,False,,,0.00011322514183120802,0.00010775983100752,True,False,True,True
2026-08-16 02:26:33,full_ctta,wood,monitor,C:/cira_batch_test/wood/bad_20.png,bad_20.png,anomaly,True,0.17087697982788086,0.17087697982788086,0.04761727861349719,0.04761727861349719,0.037343646213412296,False,False,16000,False,,False,0.0,cpu,patch_nearest_normal,last2,14,0.05,False,,,9.3497583293356e-05,0.00010775983100752,False,True,True,True
2026-08-16 02:26:35,full_ctta,wood,monitor,C:/cira_batch_test/wood/good_8.png,good_8.png,anomaly,True,0.04864814132452011,0.04864814132452011,0.04761727861349719,0.04761727861349719,0.037343646213412296,False,False,16000,False,,False,0.0,cpu,patch_nearest_normal,last2,14,0.05,False,,,0.00012798869283869863,0.00010775983100752,False,False,True,True
2026-08-16 02:26:36,full_ctta,wood,monitor,C:/cira_batch_test/wood/bad_10.png,bad_10.png,anomaly,True,0.2776731848716736,0.2776731848716736,0.04761727861349719,0.04761727861349719,0.037343646213412296,False,False,16000,False,,False,0.0,cpu,patch_nearest_normal,last2,14,0.05,False,,,7.471678691217676e-05,0.00010775983100752,False,True,True,True
2026-08-16 02:26:38,full_ctta,wood,monitor,C:/cira_batch_test/wood/good_3.png,good_3.png,normal,False,0.021228134632110596,2.682209014892578e-07,0.04761727861349719,0.04761727861349719,0.037343646213412296,False,True,16000,True,8.340673957718536e-05,True,0.0026275848504155874,cpu,patch_nearest_normal,last2,14,0.05,False,,,8.496382361045107e-05,0.00010775983100752,True,True,True,True
2026-08-16 02:26:39,full_ctta,wood,monitor,C:/cira_batch_test/wood/bad_11.png,bad_11.png,anomaly,True,0.08594412356615067,0.08594412356615067,0.04761727861349719,0.04761727861349719,0.037343646213412296,False,False,16000,False,,False,0.0,cpu,patch_nearest_normal,last2,14,0.05,False,,,7.392917177639902e-05,0.00010775983100752,False,True,True,True
2026-08-16 02:26:41,full_ctta,wood,monitor,C:/cira_batch_test/wood/bad_18.png,bad_18.png,anomaly,True,0.3990665674209595,0.3990665674209595,0.04761727861349719,0.04761727861349719,0.037343646213412296,False,False,16000,False,,False,0.0,cpu,patch_nearest_normal,last2,14,0.05,False,,,7.88733086665161e-05,0.00010775983100752,False,True,True,True
2026-08-16 02:26:43,full_ctta,wood,monitor,C:/cira_batch_test/wood/good_12.png,good_12.png,normal,False,0.03766414523124695,0.03766414523124695,0.04761727861349719,0.04761727861349719,0.037343646213412296,False,False,16000,False,,False,0.0,cpu,patch_nearest_normal,last2,14,0.05,False,,,0.00010573721374385059,0.00010775983100752,False,True,True,True
2026-08-16 02:26:44,full_ctta,wood,monitor,C:/cira_batch_test/wood/good_17.png,good_17.png,normal,False,0.03983087092638016,0.03983087092638016,0.04761727861349719,0.04761727861349719,0.037343646213412296,False,False,16000,False,,False,0.0,cpu,patch_nearest_normal,last2,14,0.05,False,,,9.842975123319775e-05,0.00010775983100752,False,True,True,True
2026-08-16 02:26:46,full_ctta,wood,monitor,C:/cira_batch_test/wood/bad_5.png,bad_5.png,anomaly,True,0.2399880439043045,0.2399880439043045,0.04761727861349719,0.04761727861349719,0.037343646213412296,False,False,16000,False,,False,0.0,cpu,patch_nearest_normal,last2,14,0.05,False,,,0.00011372680455679074,0.00010775983100752,False,False,True,True
2026-08-16 02:26:47,full_ctta,wood,monitor,C:/cira_batch_test/wood/bad_6.png,bad_6.png,anomaly,True,0.2224518358707428,0.2224518358707428,0.04761727861349719,0.04761727861349719,0.037343646213412296,False,False,16000,False,,False,0.0,cpu,patch_nearest_normal,last2,14,0.05,False,,,0.00013424856297206134,0.00010775983100752,False,False,True,True
2026-08-16 02:26:49,full_ctta,wood,monitor,C:/cira_batch_test/wood/bad_7.png,bad_7.png,anomaly,True,0.09831340610980988,0.09831340610980988,0.04761727861349719,0.04761727861349719,0.037343646213412296,False,False,16000,False,,False,0.0,cpu,patch_nearest_normal,last2,14,0.05,False,,,0.00010049210686702281,0.00010775983100752,False,True,True,True
2026-08-16 02:26:50,full_ctta,wood,monitor,C:/cira_batch_test/wood/bad_9.png,bad_9.png,anomaly,True,0.2139727771282196,0.2139727771282196,0.04761727861349719,0.04761727861349719,0.037343646213412296,False,False,16000,False,,False,0.0,cpu,patch_nearest_normal,last2,14,0.05,False,,,7.567060674773529e-05,0.00010775983100752,False,True,True,True
2026-08-16 02:26:52,full_ctta,wood,monitor,C:/cira_batch_test/wood/bad_4.png,bad_4.png,anomaly,True,0.34877800941467285,0.34877800941467285,0.04761727861349719,0.04761727861349719,0.037343646213412296,False,False,16000,False,,False,0.0,cpu,patch_nearest_normal,last2,14,0.05,False,,,8.694904681760818e-05,0.00010775983100752,False,True,True,True
2026-08-16 02:26:53,full_ctta,wood,monitor,C:/cira_batch_test/wood/bad_2.png,bad_2.png,anomaly,True,0.27600327134132385,0.27600327134132385,0.04761727861349719,0.04761727861349719,0.037343646213412296,False,False,16000,False,,False,0.0,cpu,patch_nearest_normal,last2,14,0.05,False,,,0.00010908862896030769,0.00010775983100752,False,False,True,True
2026-08-16 02:26:55,full_ctta,zipper,monitor,C:/cira_batch_test/zipper/good_1.png,good_1.png,normal,False,0.02195020392537117,2.1457671550706436e-07,0.026937197228883013,0.026937197228883013,0.026275477930903436,False,True,16000,True,0.0001181948246085085,True,0.002975904382765293,cpu,patch_nearest_normal,last2,14,0.05,False,,,0.00011556706158444285,0.00012004206546407001,True,True,True,True
2026-08-16 02:26:57,full_ctta,zipper,monitor,C:/cira_batch_test/zipper/good_7.png,good_7.png,normal,False,0.021453797817230225,2.8610230629055877e-07,0.026937197228883013,0.026937197228883013,0.026275477930903436,False,True,16000,True,0.00012007314944639802,True,0.002796861343085766,cpu,patch_nearest_normal,last2,14,0.05,False,,,0.00011183638707734644,0.00012004206546407001,True,True,True,True
2026-08-16 02:26:59,full_ctta,zipper,monitor,C:/cira_batch_test/zipper/good_9.png,good_9.png,normal,False,0.022115856409072876,2.74181360282455e-07,0.026937197228883013,0.026937197228883013,0.026275477930903436,False,True,16000,True,0.00011939300748053938,True,0.0027472509536892176,cpu,patch_nearest_normal,last2,14,0.05,False,,,0.00011408620048314333,0.00012004206546407001,True,True,True,True
2026-08-16 02:27:00,full_ctta,zipper,monitor,C:/cira_batch_test/zipper/bad_8.png,bad_8.png,anomaly,True,0.13802054524421692,0.13802054524421692,0.026937197228883013,0.026937197228883013,0.026275477930903436,False,False,16000,False,,False,0.0,cpu,patch_nearest_normal,last2,14,0.05,False,,,0.00011366084800101817,0.00012004206546407001,False,True,True,True
2026-08-16 02:27:02,full_ctta,zipper,monitor,C:/cira_batch_test/zipper/bad_1.png,bad_1.png,anomaly,True,0.03202055022120476,0.03202055022120476,0.026937197228883013,0.026937197228883013,0.026275477930903436,False,False,16000,False,,False,0.0,cpu,patch_nearest_normal,last2,14,0.05,False,,,0.0001169066017610021,0.00012004206546407001,False,True,True,True
2026-08-16 02:27:03,full_ctta,zipper,monitor,C:/cira_batch_test/zipper/bad_14.png,bad_14.png,anomaly,True,0.04736609384417534,0.04736609384417534,0.026937197228883013,0.026937197228883013,0.026275477930903436,False,False,16000,False,,False,0.0,cpu,patch_nearest_normal,last2,14,0.05,False,,,0.00011752416321542114,0.00012004206546407001,False,True,True,True
2026-08-16 02:27:05,full_ctta,zipper,monitor,C:/cira_batch_test/zipper/bad_15.png,bad_15.png,anomaly,True,0.07012047618627548,0.07012047618627548,0.026937197228883013,0.026937197228883013,0.026275477930903436,False,False,16000,False,,False,0.0,cpu,patch_nearest_normal,last2,14,0.05,False,,,0.0001197103047161363,0.00012004206546407001,False,True,True,True
2026-08-16 02:27:06,full_ctta,zipper,monitor,C:/cira_batch_test/zipper/good_19.png,good_19.png,normal,False,0.022162359207868576,3.2186508747145126e-07,0.026937197228883013,0.026937197228883013,0.026275477930903436,False,True,16000,True,0.00012301577953621745,True,0.0027206421364098787,cpu,patch_nearest_normal,last2,14,0.05,False,,,0.00011507355520734563,0.00012004206546407001,True,True,True,True
2026-08-16 02:27:08,full_ctta,zipper,monitor,C:/cira_batch_test/zipper/bad_3.png,bad_3.png,anomaly,True,0.028949398547410965,0.028949398547410965,0.026937197228883013,0.026937197228883013,0.026275477930903436,False,False,16000,False,,False,0.0,cpu,patch_nearest_normal,last2,14,0.05,False,,,0.00011783167428802699,0.00012004206546407001,False,True,True,True
2026-08-16 02:27:09,full_ctta,zipper,monitor,C:/cira_batch_test/zipper/good_5.png,good_5.png,anomaly,True,0.027164578437805176,0.027164578437805176,0.026937197228883013,0.026937197228883013,0.026275477930903436,False,False,16000,False,,False,0.0,cpu,patch_nearest_normal,last2,14,0.05,False,,,0.00010246325109619647,0.00012004206546407001,False,True,True,True
2026-08-16 02:27:11,full_ctta,zipper,monitor,C:/cira_batch_test/zipper/good_16.png,good_16.png,normal,False,0.022597039118409157,2.5629998390286346e-07,0.026937197228883013,0.026937197228883013,0.026275477930903436,False,True,16000,True,0.00013166971621103585,True,0.0027145761996507645,cpu,patch_nearest_normal,last2,14,0.05,False,,,0.00011459080269560218,0.00012004206546407001,True,True,True,True
2026-08-16 02:27:13,full_ctta,zipper,monitor,C:/cira_batch_test/zipper/good_14.png,good_14.png,normal,False,0.020455818623304367,3.099441414633475e-07,0.026937197228883013,0.026937197228883013,0.026275477930903436,False,True,16000,True,0.00011839097714982927,True,0.0026983264833688736,cpu,patch_nearest_normal,last2,14,0.05,False,,,0.00011049610475311056,0.00012004206546407001,True,True,True,True
2026-08-16 02:27:14,full_ctta,zipper,monitor,C:/cira_batch_test/zipper/good_2.png,good_2.png,anomaly,True,0.026981741189956665,0.026981741189956665,0.026937197228883013,0.026937197228883013,0.026275477930903436,False,False,16000,False,,False,0.0,cpu,patch_nearest_normal,last2,14,0.05,False,,,0.00010452127025928348,0.00012004206546407001,False,True,True,True
2026-08-16 02:27:16,full_ctta,zipper,monitor,C:/cira_batch_test/zipper/bad_13.png,bad_13.png,anomaly,True,0.03971726447343826,0.03971726447343826,0.026937197228883013,0.026937197228883013,0.026275477930903436,False,False,16000,False,,False,0.0,cpu,patch_nearest_normal,last2,14,0.05,False,,,0.00011418871872592717,0.00012004206546407001,False,True,True,True
2026-08-16 02:27:17,full_ctta,zipper,monitor,C:/cira_batch_test/zipper/good_10.png,good_10.png,normal,False,0.020532894879579544,3.039836826701503e-07,0.026937197228883013,0.026937197228883013,0.026275477930903436,False,True,16000,True,0.00012147757661296055,True,0.002698085503652692,cpu,patch_nearest_normal,last2,14,0.05,False,,,0.00010331325756851584,0.00012004206546407001,True,True,True,True
2026-08-16 02:27:19,full_ctta,zipper,monitor,C:/cira_batch_test/zipper/bad_19.png,bad_19.png,anomaly,True,0.05425038933753967,0.05425038933753967,0.026937197228883013,0.026937197228883013,0.026275477930903436,False,False,16000,False,,False,0.0,cpu,patch_nearest_normal,last2,14,0.05,False,,,0.00011988242476945743,0.00012004206546407001,False,True,True,True
2026-08-16 02:27:21,full_ctta,zipper,monitor,C:/cira_batch_test/zipper/good_4.png,good_4.png,normal,False,0.02588018774986267,2.9206276508375595e-07,0.026937197228883013,0.026937197228883013,0.026275477930903436,False,True,16000,True,0.0001118822765420191,True,0.0026793230790644884,cpu,patch_nearest_normal,last2,14,0.05,False,,,0.00010473188012838364,0.00012004206546407001,True,True,True,True
2026-08-16 02:27:22,full_ctta,zipper,monitor,C:/cira_batch_test/zipper/bad_12.png,bad_12.png,normal,False,0.023176545277237892,2.8610230629055877e-07,0.026937197228883013,0.026937197228883013,0.026275477930903436,False,True,16000,True,0.00010549469152465463,True,0.002646020147949457,cpu,patch_nearest_normal,last2,14,0.05,False,,,9.908017818816006e-05,0.00012004206546407001,True,True,True,True
2026-08-16 02:27:24,full_ctta,zipper,monitor,C:/cira_batch_test/zipper/good_18.png,good_18.png,normal,False,0.019087303429841995,3.099441414633475e-07,0.026937197228883013,0.026937197228883013,0.026275477930903436,False,True,16000,True,0.00012062617315677926,True,0.002653250703588128,cpu,patch_nearest_normal,last2,14,0.05,True,C:\cira_ttl_checkpoints\zipper\patch_memory_bank_update_10.pt,C:\cira_ttl_checkpoints\zipper\patch_adapter_update_10.pt,0.00010523458331590518,0.00012004206546407001,True,True,True,True
2026-08-16 02:27:26,full_ctta,zipper,monitor,C:/cira_batch_test/zipper/bad_16.png,bad_16.png,anomaly,True,0.047514140605926514,0.047514140605926514,0.026937197228883013,0.026937197228883013,0.026275477930903436,False,False,16000,False,,False,0.0,cpu,patch_nearest_normal,last2,14,0.05,False,,,0.00011674084817059338,0.00012004206546407001,False,True,True,True
2026-08-16 02:27:27,full_ctta,zipper,monitor,C:/cira_batch_test/zipper/good_6.png,good_6.png,normal,False,0.020528871566057205,0.020528871566057205,0.026937197228883013,0.026937197228883013,0.026275477930903436,False,False,16000,False,,False,0.0,cpu,patch_nearest_normal,last2,14,0.05,False,,,0.0001203495921799913,0.00012004206546407001,True,False,True,True
2026-08-16 02:27:29,full_ctta,zipper,monitor,C:/cira_batch_test/zipper/good_13.png,good_13.png,normal,False,0.02319910004734993,3.159046286782541e-07,0.026937197228883013,0.026937197228883013,0.026275477930903436,False,True,16000,True,0.00011945089499931782,True,0.002651793183758855,cpu,patch_nearest_normal,last2,14,0.05,False,,,0.0001000160991679877,0.00012004206546407001,True,True,True,True
2026-08-16 02:27:30,full_ctta,zipper,monitor,C:/cira_batch_test/zipper/good_15.png,good_15.png,normal,False,0.018771570175886154,2.74181360282455e-07,0.026937197228883013,0.026937197228883013,0.026275477930903436,False,True,16000,True,0.00012653105659410357,True,0.002665427513420582,cpu,patch_nearest_normal,last2,14,0.05,False,,,0.00010933369776466861,0.00012004206546407001,True,True,True,True
2026-08-16 02:27:32,full_ctta,zipper,monitor,C:/cira_batch_test/zipper/good_20.png,good_20.png,normal,False,0.020383555442094803,3.099441414633475e-07,0.026937197228883013,0.026937197228883013,0.026275477930903436,False,True,16000,True,0.00011641741002677009,True,0.0026611099019646645,cpu,patch_nearest_normal,last2,14,0.05,False,,,0.0001077128981705755,0.00012004206546407001,True,True,True,True
2026-08-16 02:27:34,full_ctta,zipper,monitor,C:/cira_batch_test/zipper/bad_17.png,bad_17.png,anomaly,True,0.053952135145664215,0.053952135145664215,0.026937197228883013,0.026937197228883013,0.026275477930903436,False,False,16000,False,,False,0.0,cpu,patch_nearest_normal,last2,14,0.05,False,,,0.0001089631041395478,0.00012004206546407001,False,True,True,True
2026-08-16 02:27:35,full_ctta,zipper,monitor,C:/cira_batch_test/zipper/good_11.png,good_11.png,normal,False,0.017562562599778175,2.980232238769531e-07,0.026937197228883013,0.026937197228883013,0.026275477930903436,False,True,16000,True,0.00011663189070532098,True,0.002658829791471362,cpu,patch_nearest_normal,last2,14,0.05,False,,,0.0001123540205298923,0.00012004206546407001,True,True,True,True
2026-08-16 02:27:37,full_ctta,zipper,monitor,C:/cira_batch_test/zipper/bad_20.png,bad_20.png,anomaly,True,0.04302877187728882,0.04302877187728882,0.026937197228883013,0.026937197228883013,0.026275477930903436,False,False,16000,False,,False,0.0,cpu,patch_nearest_normal,last2,14,0.05,False,,,0.00010838601156137884,0.00012004206546407001,False,True,True,True
2026-08-16 02:27:38,full_ctta,zipper,monitor,C:/cira_batch_test/zipper/good_8.png,good_8.png,normal,False,0.026708442717790604,0.026708442717790604,0.026937197228883013,0.026937197228883013,0.026275477930903436,False,False,16000,False,,False,0.0,cpu,patch_nearest_normal,last2,14,0.05,False,,,0.00011706782970577478,0.00012004206546407001,False,True,True,True
2026-08-16 02:27:40,full_ctta,zipper,monitor,C:/cira_batch_test/zipper/bad_10.png,bad_10.png,normal,False,0.02479918673634529,2.3245812030836532e-07,0.026937197228883013,0.026937197228883013,0.026275477930903436,False,True,16000,True,0.00012089454685337842,True,0.00265328586101532,cpu,patch_nearest_normal,last2,14,0.05,False,,,0.00011204063048353419,0.00012004206546407001,True,True,True,True
2026-08-16 02:27:42,full_ctta,zipper,monitor,C:/cira_batch_test/zipper/good_3.png,good_3.png,normal,False,0.021739423274993896,2.682209014892578e-07,0.026937197228883013,0.026937197228883013,0.026275477930903436,False,True,16000,True,0.00011688654194585979,True,0.0026565284933894873,cpu,patch_nearest_normal,last2,14,0.05,False,,,9.993019921239465e-05,0.00012004206546407001,True,True,True,True
2026-08-16 02:27:43,full_ctta,zipper,monitor,C:/cira_batch_test/zipper/bad_11.png,bad_11.png,anomaly,True,0.033928412944078445,0.033928412944078445,0.026937197228883013,0.026937197228883013,0.026275477930903436,False,False,16000,False,,False,0.0,cpu,patch_nearest_normal,last2,14,0.05,False,,,9.87716848612763e-05,0.00012004206546407001,False,True,True,True
2026-08-16 02:27:45,full_ctta,zipper,monitor,C:/cira_batch_test/zipper/bad_18.png,bad_18.png,anomaly,True,0.06182802468538284,0.06182802468538284,0.026937197228883013,0.026937197228883013,0.026275477930903436,False,False,16000,False,,False,0.0,cpu,patch_nearest_normal,last2,14,0.05,False,,,0.00011104318400612101,0.00012004206546407001,False,True,True,True
2026-08-16 02:27:46,full_ctta,zipper,monitor,C:/cira_batch_test/zipper/good_12.png,good_12.png,normal,False,0.020217865705490112,2.74181360282455e-07,0.026937197228883013,0.026937197228883013,0.026275477930903436,False,True,16000,True,0.00010770688095362857,True,0.002641199855133891,cpu,patch_nearest_normal,last2,14,0.05,False,,,0.00010337433195672929,0.00012004206546407001,True,True,True,True
2026-08-16 02:27:48,full_ctta,zipper,monitor,C:/cira_batch_test/zipper/good_17.png,good_17.png,normal,False,0.02185679040849209,2.8610230629055877e-07,0.026937197228883013,0.026937197228883013,0.026275477930903436,False,True,16000,True,0.00012048976350342855,True,0.0026458106003701687,cpu,patch_nearest_normal,last2,14,0.05,False,,,0.00011334220471326262,0.00012004206546407001,True,True,True,True
2026-08-16 02:27:50,full_ctta,zipper,monitor,C:/cira_batch_test/zipper/bad_5.png,bad_5.png,anomaly,True,0.04345645383000374,0.04345645383000374,0.026937197228883013,0.026937197228883013,0.026275477930903436,False,False,16000,False,,False,0.0,cpu,patch_nearest_normal,last2,14,0.05,False,,,0.0001092259117285721,0.00012004206546407001,False,True,True,True
2026-08-16 02:27:51,full_ctta,zipper,monitor,C:/cira_batch_test/zipper/bad_6.png,bad_6.png,anomaly,True,0.07925502955913544,0.07925502955913544,0.026937197228883013,0.026937197228883013,0.026275477930903436,False,False,16000,False,,False,0.0,cpu,patch_nearest_normal,last2,14,0.05,False,,,0.0001133196783484891,0.00012004206546407001,False,True,True,True
2026-08-16 02:27:53,full_ctta,zipper,monitor,C:/cira_batch_test/zipper/bad_7.png,bad_7.png,anomaly,True,0.08875183016061783,0.08875183016061783,0.026937197228883013,0.026937197228883013,0.026275477930903436,False,False,16000,False,,False,0.0,cpu,patch_nearest_normal,last2,14,0.05,False,,,0.00011824319517472759,0.00012004206546407001,False,True,True,True
2026-08-16 02:27:54,full_ctta,zipper,monitor,C:/cira_batch_test/zipper/bad_9.png,bad_9.png,anomaly,True,0.13538303971290588,0.13538303971290588,0.026937197228883013,0.026937197228883013,0.026275477930903436,False,False,16000,False,,False,0.0,cpu,patch_nearest_normal,last2,14,0.05,False,,,0.00011299559992039576,0.00012004206546407001,False,True,True,True
2026-08-16 02:27:56,full_ctta,zipper,monitor,C:/cira_batch_test/zipper/bad_4.png,bad_4.png,anomaly,True,0.09747692197561264,0.09747692197561264,0.026937197228883013,0.026937197228883013,0.026275477930903436,False,False,16000,False,,False,0.0,cpu,patch_nearest_normal,last2,14,0.05,False,,,0.00011178723798366264,0.00012004206546407001,False,True,True,True
2026-08-16 02:27:57,full_ctta,zipper,monitor,C:/cira_batch_test/zipper/bad_2.png,bad_2.png,anomaly,True,0.04801745340228081,0.04801745340228081,0.026937197228883013,0.026937197228883013,0.026275477930903436,False,False,16000,False,,False,0.0,cpu,patch_nearest_normal,last2,14,0.05,False,,,0.00011652745888568461,0.00012004206546407001,False,True,True,True
