timestamp,experiment,category,mode,image_path,file_name,label,is_anomaly,score_before,anomaly_score,threshold,anomaly_threshold,update_threshold,threshold_reloaded,updated_memory,memory_size,update_allowed,update_loss,adapter_updated,adapter_delta_norm,device,score_method,feature_choice,patch_grid,patch_top_fraction,checkpoint_saved,checkpoint_memory_path,checkpoint_adapter_path,consistency_error,consistency_threshold,score_gate_pass,consistency_gate_pass,adapter_update_enabled,memory_update_enabled
2026-08-16 16:05:31,memory_ctta,bottle,monitor,C:/cira_batch_test/bottle/good_1.png,good_1.png,normal,False,0.025081897154450417,2.0265579792067e-07,0.02815022391963134,0.02815022391963134,0.02531116753816605,False,True,16000,True,,False,0.0,cpu,patch_nearest_normal,last2,14,0.05,False,,,0.00010829703387571499,0.00011476924591981,True,True,False,True
2026-08-16 16:05:32,memory_ctta,bottle,monitor,C:/cira_batch_test/bottle/bad_16.png,bad_16.png,anomaly,True,0.3065595328807831,0.3065595328807831,0.02815022391963134,0.02815022391963134,0.02531116753816605,False,False,16000,False,,False,0.0,cpu,patch_nearest_normal,last2,14,0.05,False,,,0.00010851209663087502,0.00011476924591981,False,True,False,True
2026-08-16 16:05:34,memory_ctta,bottle,monitor,C:/cira_batch_test/bottle/bad_20.png,bad_20.png,anomaly,True,0.2113770991563797,0.2113770991563797,0.02815022391963134,0.02815022391963134,0.02531116753816605,False,False,16000,False,,False,0.0,cpu,patch_nearest_normal,last2,14,0.05,False,,,0.00010997157369274646,0.00011476924591981,False,True,False,True
2026-08-16 16:05:35,memory_ctta,bottle,monitor,C:/cira_batch_test/bottle/bad_12.png,bad_12.png,anomaly,True,0.22920456528663635,0.22920456528663635,0.02815022391963134,0.02815022391963134,0.02531116753816605,False,False,16000,False,,False,0.0,cpu,patch_nearest_normal,last2,14,0.05,False,,,0.0001105983174056746,0.00011476924591981,False,True,False,True
2026-08-16 16:05:37,memory_ctta,bottle,monitor,C:/cira_batch_test/bottle/good_17.png,good_17.png,normal,False,0.02275192178785801,2.443790378947597e-07,0.02815022391963134,0.02815022391963134,0.02531116753816605,False,True,16000,True,,False,0.0,cpu,patch_nearest_normal,last2,14,0.05,False,,,0.00010504573583602905,0.00011476924591981,True,True,False,True
2026-08-16 16:05:40,memory_ctta,bottle,monitor,C:/cira_batch_test/bottle/bad_9.png,bad_9.png,anomaly,True,0.32130521535873413,0.32130521535873413,0.02815022391963134,0.02815022391963134,0.02531116753816605,False,False,16000,False,,False,0.0,cpu,patch_nearest_normal,last2,14,0.05,False,,,0.0001350023812847212,0.00011476924591981,False,False,False,True
2026-08-16 16:05:41,memory_ctta,bottle,monitor,C:/cira_batch_test/bottle/bad_18.png,bad_18.png,anomaly,True,0.18289987742900848,0.18289987742900848,0.02815022391963134,0.02815022391963134,0.02531116753816605,False,False,16000,False,,False,0.0,cpu,patch_nearest_normal,last2,14,0.05,False,,,0.0001196783923660405,0.00011476924591981,False,False,False,True
2026-08-16 16:05:43,memory_ctta,bottle,monitor,C:/cira_batch_test/bottle/bad_13.png,bad_13.png,anomaly,True,0.2682054042816162,0.2682054042816162,0.02815022391963134,0.02815022391963134,0.02531116753816605,False,False,16000,False,,False,0.0,cpu,patch_nearest_normal,last2,14,0.05,False,,,0.00011586694745346904,0.00011476924591981,False,False,False,True
2026-08-16 16:05:44,memory_ctta,bottle,monitor,C:/cira_batch_test/bottle/bad_2.png,bad_2.png,anomaly,True,0.08665619790554047,0.08665619790554047,0.02815022391963134,0.02815022391963134,0.02531116753816605,False,False,16000,False,,False,0.0,cpu,patch_nearest_normal,last2,14,0.05,False,,,0.00010187939915340394,0.00011476924591981,False,True,False,True
2026-08-16 16:05:46,memory_ctta,bottle,monitor,C:/cira_batch_test/bottle/good_6.png,good_6.png,normal,False,0.019090186804533005,2.3245812030836532e-07,0.02815022391963134,0.02815022391963134,0.02531116753816605,False,True,16000,True,,False,0.0,cpu,patch_nearest_normal,last2,14,0.05,False,,,0.00010328937787562609,0.00011476924591981,True,True,False,True
2026-08-16 16:05:47,memory_ctta,bottle,monitor,C:/cira_batch_test/bottle/good_10.png,good_10.png,normal,False,0.026615869253873825,0.026615869253873825,0.02815022391963134,0.02815022391963134,0.02531116753816605,False,False,16000,False,,False,0.0,cpu,patch_nearest_normal,last2,14,0.05,False,,,0.00010872561688302085,0.00011476924591981,False,True,False,True
2026-08-16 16:05:49,memory_ctta,bottle,monitor,C:/cira_batch_test/bottle/good_7.png,good_7.png,anomaly,True,0.03174582123756409,0.03174582123756409,0.02815022391963134,0.02815022391963134,0.02531116753816605,False,False,16000,False,,False,0.0,cpu,patch_nearest_normal,last2,14,0.05,False,,,0.00011120164708700031,0.00011476924591981,False,True,False,True
2026-08-16 16:05:51,memory_ctta,bottle,monitor,C:/cira_batch_test/bottle/bad_8.png,bad_8.png,anomaly,True,0.28122442960739136,0.28122442960739136,0.02815022391963134,0.02815022391963134,0.02531116753816605,False,False,16000,False,,False,0.0,cpu,patch_nearest_normal,last2,14,0.05,False,,,0.00013025754014961421,0.00011476924591981,False,False,False,True
2026-08-16 16:05:52,memory_ctta,bottle,monitor,C:/cira_batch_test/bottle/bad_10.png,bad_10.png,anomaly,True,0.167642742395401,0.167642742395401,0.02815022391963134,0.02815022391963134,0.02531116753816605,False,False,16000,False,,False,0.0,cpu,patch_nearest_normal,last2,14,0.05,False,,,0.00013090824359096587,0.00011476924591981,False,False,False,True
2026-08-16 16:05:54,memory_ctta,bottle,monitor,C:/cira_batch_test/bottle/good_4.png,good_4.png,normal,False,0.01836264692246914,2.74181360282455e-07,0.02815022391963134,0.02815022391963134,0.02531116753816605,False,True,16000,True,,False,0.0,cpu,patch_nearest_normal,last2,14,0.05,False,,,0.00010660330735845491,0.00011476924591981,True,True,False,True
2026-08-16 16:05:55,memory_ctta,bottle,monitor,C:/cira_batch_test/bottle/bad_5.png,bad_5.png,anomaly,True,0.3188246190547943,0.3188246190547943,0.02815022391963134,0.02815022391963134,0.02531116753816605,False,False,16000,False,,False,0.0,cpu,patch_nearest_normal,last2,14,0.05,False,,,0.00012892317317891866,0.00011476924591981,False,False,False,True
2026-08-16 16:05:57,memory_ctta,bottle,monitor,C:/cira_batch_test/bottle/good_20.png,good_20.png,normal,False,0.026808947324752808,0.026808947324752808,0.02815022391963134,0.02815022391963134,0.02531116753816605,False,False,16000,False,,False,0.0,cpu,patch_nearest_normal,last2,14,0.05,False,,,9.968969970941544e-05,0.00011476924591981,False,True,False,True
2026-08-16 16:05:59,memory_ctta,bottle,monitor,C:/cira_batch_test/bottle/good_18.png,good_18.png,normal,False,0.018746113404631615,3.159046286782541e-07,0.02815022391963134,0.02815022391963134,0.02531116753816605,False,True,16000,True,,False,0.0,cpu,patch_nearest_normal,last2,14,0.05,False,,,0.00010619077511364594,0.00011476924591981,True,True,False,True
2026-08-16 16:06:00,memory_ctta,bottle,monitor,C:/cira_batch_test/bottle/good_11.png,good_11.png,normal,False,0.016778040677309036,3.099441414633475e-07,0.02815022391963134,0.02815022391963134,0.02531116753816605,False,True,16000,True,,False,0.0,cpu,patch_nearest_normal,last2,14,0.05,False,,,0.00010647058661561459,0.00011476924591981,True,True,False,True
2026-08-16 16:06:02,memory_ctta,bottle,monitor,C:/cira_batch_test/bottle/good_9.png,good_9.png,normal,False,0.023295719176530838,2.2053718851111626e-07,0.02815022391963134,0.02815022391963134,0.02531116753816605,False,True,16000,True,,False,0.0,cpu,patch_nearest_normal,last2,14,0.05,False,,,0.00010373282566433772,0.00011476924591981,True,True,False,True
2026-08-16 16:06:03,memory_ctta,bottle,monitor,C:/cira_batch_test/bottle/good_16.png,good_16.png,normal,False,0.024345766752958298,2.443790378947597e-07,0.02815022391963134,0.02815022391963134,0.02531116753816605,False,True,16000,True,,False,0.0,cpu,patch_nearest_normal,last2,14,0.05,False,,,0.00010609540913719684,0.00011476924591981,True,True,False,True
2026-08-16 16:06:05,memory_ctta,bottle,monitor,C:/cira_batch_test/bottle/bad_7.png,bad_7.png,anomaly,True,0.32077452540397644,0.32077452540397644,0.02815022391963134,0.02815022391963134,0.02531116753816605,False,False,16000,False,,False,0.0,cpu,patch_nearest_normal,last2,14,0.05,False,,,0.00011719373287633061,0.00011476924591981,False,False,False,True
2026-08-16 16:06:07,memory_ctta,bottle,monitor,C:/cira_batch_test/bottle/good_13.png,good_13.png,normal,False,0.021767545491456985,2.6226044269606064e-07,0.02815022391963134,0.02815022391963134,0.02531116753816605,False,True,16000,True,,False,0.0,cpu,patch_nearest_normal,last2,14,0.05,False,,,0.00010482274956302717,0.00011476924591981,True,True,False,True
2026-08-16 16:06:08,memory_ctta,bottle,monitor,C:/cira_batch_test/bottle/good_5.png,good_5.png,normal,False,0.015603703446686268,2.9206276508375595e-07,0.02815022391963134,0.02815022391963134,0.02531116753816605,False,True,16000,True,,False,0.0,cpu,patch_nearest_normal,last2,14,0.05,True,C:\cira_ttl_checkpoints\bottle\patch_memory_bank_update_10.pt,C:\cira_ttl_checkpoints\bottle\patch_adapter_update_10.pt,0.00010358607687521726,0.00011476924591981,True,True,False,True
2026-08-16 16:06:10,memory_ctta,bottle,monitor,C:/cira_batch_test/bottle/good_2.png,good_2.png,normal,False,0.023776168003678322,2.8610230629055877e-07,0.02815022391963134,0.02815022391963134,0.02531116753816605,False,True,16000,True,,False,0.0,cpu,patch_nearest_normal,last2,14,0.05,False,,,0.00011087925668107346,0.00011476924591981,True,True,False,True
2026-08-16 16:06:11,memory_ctta,bottle,monitor,C:/cira_batch_test/bottle/bad_6.png,bad_6.png,anomaly,True,0.2260284423828125,0.2260284423828125,0.02815022391963134,0.02815022391963134,0.02531116753816605,False,False,16000,False,,False,0.0,cpu,patch_nearest_normal,last2,14,0.05,False,,,0.00011309274123050272,0.00011476924591981,False,True,False,True
2026-08-16 16:06:13,memory_ctta,bottle,monitor,C:/cira_batch_test/bottle/bad_14.png,bad_14.png,anomaly,True,0.1699303835630417,0.1699303835630417,0.02815022391963134,0.02815022391963134,0.02531116753816605,False,False,16000,False,,False,0.0,cpu,patch_nearest_normal,last2,14,0.05,False,,,0.00011622937745414674,0.00011476924591981,False,False,False,True
2026-08-16 16:06:15,memory_ctta,bottle,monitor,C:/cira_batch_test/bottle/good_3.png,good_3.png,normal,False,0.0218745656311512,2.8014181907565217e-07,0.02815022391963134,0.02815022391963134,0.02531116753816605,False,True,16000,True,,False,0.0,cpu,patch_nearest_normal,last2,14,0.05,False,,,0.00010027581447502598,0.00011476924591981,True,True,False,True
2026-08-16 16:06:16,memory_ctta,bottle,monitor,C:/cira_batch_test/bottle/bad_4.png,bad_4.png,anomaly,True,0.2025543451309204,0.2025543451309204,0.02815022391963134,0.02815022391963134,0.02531116753816605,False,False,16000,False,,False,0.0,cpu,patch_nearest_normal,last2,14,0.05,False,,,0.00011641121818684042,0.00011476924591981,False,False,False,True
2026-08-16 16:06:18,memory_ctta,bottle,monitor,C:/cira_batch_test/bottle/bad_15.png,bad_15.png,anomaly,True,0.4265616536140442,0.4265616536140442,0.02815022391963134,0.02815022391963134,0.02531116753816605,False,False,16000,False,,False,0.0,cpu,patch_nearest_normal,last2,14,0.05,False,,,0.0001340763847110793,0.00011476924591981,False,False,False,True
2026-08-16 16:06:20,memory_ctta,bottle,monitor,C:/cira_batch_test/bottle/good_8.png,good_8.png,normal,False,0.02101823128759861,2.443790378947597e-07,0.02815022391963134,0.02815022391963134,0.02531116753816605,False,True,16000,True,,False,0.0,cpu,patch_nearest_normal,last2,14,0.05,False,,,9.93873254628852e-05,0.00011476924591981,True,True,False,True
2026-08-16 16:06:21,memory_ctta,bottle,monitor,C:/cira_batch_test/bottle/bad_3.png,bad_3.png,anomaly,True,0.18869367241859436,0.18869367241859436,0.02815022391963134,0.02815022391963134,0.02531116753816605,False,False,16000,False,,False,0.0,cpu,patch_nearest_normal,last2,14,0.05,False,,,0.00011649888620013371,0.00011476924591981,False,False,False,True
2026-08-16 16:06:23,memory_ctta,bottle,monitor,C:/cira_batch_test/bottle/bad_11.png,bad_11.png,anomaly,True,0.05500023439526558,0.05500023439526558,0.02815022391963134,0.02815022391963134,0.02531116753816605,False,False,16000,False,,False,0.0,cpu,patch_nearest_normal,last2,14,0.05,False,,,0.00010251678759232163,0.00011476924591981,False,True,False,True
2026-08-16 16:06:24,memory_ctta,bottle,monitor,C:/cira_batch_test/bottle/good_19.png,good_19.png,normal,False,0.015488010831177235,2.6226044269606064e-07,0.02815022391963134,0.02815022391963134,0.02531116753816605,False,True,16000,True,,False,0.0,cpu,patch_nearest_normal,last2,14,0.05,False,,,0.00010982490493915975,0.00011476924591981,True,True,False,True
2026-08-16 16:06:26,memory_ctta,bottle,monitor,C:/cira_batch_test/bottle/good_12.png,good_12.png,normal,False,0.017160285264253616,2.980232238769531e-07,0.02815022391963134,0.02815022391963134,0.02531116753816605,False,True,16000,True,,False,0.0,cpu,patch_nearest_normal,last2,14,0.05,False,,,0.0001003214783850126,0.00011476924591981,True,True,False,True
2026-08-16 16:06:28,memory_ctta,bottle,monitor,C:/cira_batch_test/bottle/good_15.png,good_15.png,normal,False,0.019111376255750656,2.8014181907565217e-07,0.02815022391963134,0.02815022391963134,0.02531116753816605,False,True,16000,True,,False,0.0,cpu,patch_nearest_normal,last2,14,0.05,False,,,0.0001056631444953382,0.00011476924591981,True,True,False,True
2026-08-16 16:06:29,memory_ctta,bottle,monitor,C:/cira_batch_test/bottle/bad_17.png,bad_17.png,anomaly,True,0.18863356113433838,0.18863356113433838,0.02815022391963134,0.02815022391963134,0.02531116753816605,False,False,16000,False,,False,0.0,cpu,patch_nearest_normal,last2,14,0.05,False,,,0.00011311389971524477,0.00011476924591981,False,True,False,True
2026-08-16 16:06:31,memory_ctta,bottle,monitor,C:/cira_batch_test/bottle/bad_19.png,bad_19.png,anomaly,True,0.1996462047100067,0.1996462047100067,0.02815022391963134,0.02815022391963134,0.02531116753816605,False,False,16000,False,,False,0.0,cpu,patch_nearest_normal,last2,14,0.05,False,,,0.00010966668196488172,0.00011476924591981,False,True,False,True
2026-08-16 16:06:33,memory_ctta,bottle,monitor,C:/cira_batch_test/bottle/bad_1.png,bad_1.png,anomaly,True,0.055833857506513596,0.055833857506513596,0.02815022391963134,0.02815022391963134,0.02531116753816605,False,False,16000,False,,False,0.0,cpu,patch_nearest_normal,last2,14,0.05,False,,,0.00010876490705413744,0.00011476924591981,False,True,False,True
2026-08-16 16:06:34,memory_ctta,bottle,monitor,C:/cira_batch_test/bottle/good_14.png,good_14.png,normal,False,0.021285295486450195,2.443790378947597e-07,0.02815022391963134,0.02815022391963134,0.02531116753816605,False,True,16000,True,,False,0.0,cpu,patch_nearest_normal,last2,14,0.05,False,,,0.00010405539796920493,0.00011476924591981,True,True,False,True
2026-08-16 16:06:36,memory_ctta,cable,monitor,C:/cira_batch_test/cable/good_1.png,good_1.png,normal,False,0.08960090577602386,0.08960090577602386,0.09852251798848576,0.09852251798848576,0.08661089912056923,False,False,16000,False,,False,0.0,cpu,patch_nearest_normal,last2,14,0.05,False,,,0.00016300760034937412,0.00019554235113892002,False,True,False,True
2026-08-16 16:06:37,memory_ctta,cable,monitor,C:/cira_batch_test/cable/bad_16.png,bad_16.png,anomaly,True,0.2695935070514679,0.2695935070514679,0.09852251798848576,0.09852251798848576,0.08661089912056923,False,False,16000,False,,False,0.0,cpu,patch_nearest_normal,last2,14,0.05,False,,,0.0001752021926222369,0.00019554235113892002,False,True,False,True
2026-08-16 16:06:39,memory_ctta,cable,monitor,C:/cira_batch_test/cable/bad_20.png,bad_20.png,anomaly,True,0.19632980227470398,0.19632980227470398,0.09852251798848576,0.09852251798848576,0.08661089912056923,False,False,16000,False,,False,0.0,cpu,patch_nearest_normal,last2,14,0.05,False,,,0.00017329845286440104,0.00019554235113892002,False,True,False,True
2026-08-16 16:06:41,memory_ctta,cable,monitor,C:/cira_batch_test/cable/bad_12.png,bad_12.png,anomaly,True,0.10627879947423935,0.10627879947423935,0.09852251798848576,0.09852251798848576,0.08661089912056923,False,False,16000,False,,False,0.0,cpu,patch_nearest_normal,last2,14,0.05,False,,,0.00014395169273484498,0.00019554235113892002,False,True,False,True
2026-08-16 16:06:42,memory_ctta,cable,monitor,C:/cira_batch_test/cable/good_17.png,good_17.png,normal,False,0.0832907110452652,2.8610230629055877e-07,0.09852251798848576,0.09852251798848576,0.08661089912056923,False,True,16000,True,,False,0.0,cpu,patch_nearest_normal,last2,14,0.05,False,,,0.00015848196926526725,0.00019554235113892002,True,True,False,True
2026-08-16 16:06:44,memory_ctta,cable,monitor,C:/cira_batch_test/cable/bad_9.png,bad_9.png,anomaly,True,0.15676841139793396,0.15676841139793396,0.09852251798848576,0.09852251798848576,0.08661089912056923,False,False,16000,False,,False,0.0,cpu,patch_nearest_normal,last2,14,0.05,False,,,0.0001797531294869259,0.00019554235113892002,False,True,False,True
2026-08-16 16:06:46,memory_ctta,cable,monitor,C:/cira_batch_test/cable/bad_18.png,bad_18.png,anomaly,True,0.24616484344005585,0.24616484344005585,0.09852251798848576,0.09852251798848576,0.08661089912056923,False,False,16000,False,,False,0.0,cpu,patch_nearest_normal,last2,14,0.05,False,,,0.00015599664766341448,0.00019554235113892002,False,True,False,True
2026-08-16 16:06:48,memory_ctta,cable,monitor,C:/cira_batch_test/cable/bad_13.png,bad_13.png,anomaly,True,0.11107983440160751,0.11107983440160751,0.09852251798848576,0.09852251798848576,0.08661089912056923,False,False,16000,False,,False,0.0,cpu,patch_nearest_normal,last2,14,0.05,False,,,0.00016507867258042097,0.00019554235113892002,False,True,False,True
2026-08-16 16:06:49,memory_ctta,cable,monitor,C:/cira_batch_test/cable/bad_2.png,bad_2.png,anomaly,True,0.29285189509391785,0.29285189509391785,0.09852251798848576,0.09852251798848576,0.08661089912056923,False,False,16000,False,,False,0.0,cpu,patch_nearest_normal,last2,14,0.05,False,,,0.0001793271949281916,0.00019554235113892002,False,True,False,True
2026-08-16 16:06:51,memory_ctta,cable,monitor,C:/cira_batch_test/cable/good_6.png,good_6.png,anomaly,True,0.1040177121758461,0.1040177121758461,0.09852251798848576,0.09852251798848576,0.08661089912056923,False,False,16000,False,,False,0.0,cpu,patch_nearest_normal,last2,14,0.05,False,,,0.0001541177771287039,0.00019554235113892002,False,True,False,True
2026-08-16 16:06:53,memory_ctta,cable,monitor,C:/cira_batch_test/cable/good_10.png,good_10.png,normal,False,0.08573716133832932,3.337860050578456e-07,0.09852251798848576,0.09852251798848576,0.08661089912056923,False,True,16000,True,,False,0.0,cpu,patch_nearest_normal,last2,14,0.05,False,,,0.00016930159472394735,0.00019554235113892002,True,True,False,True
2026-08-16 16:06:54,memory_ctta,cable,monitor,C:/cira_batch_test/cable/good_7.png,good_7.png,normal,False,0.08253119885921478,2.9206276508375595e-07,0.09852251798848576,0.09852251798848576,0.08661089912056923,False,True,16000,True,,False,0.0,cpu,patch_nearest_normal,last2,14,0.05,False,,,0.0001741161395329982,0.00019554235113892002,True,True,False,True
2026-08-16 16:06:56,memory_ctta,cable,monitor,C:/cira_batch_test/cable/bad_8.png,bad_8.png,anomaly,True,0.12718644738197327,0.12718644738197327,0.09852251798848576,0.09852251798848576,0.08661089912056923,False,False,16000,False,,False,0.0,cpu,patch_nearest_normal,last2,14,0.05,False,,,0.000171305873664096,0.00019554235113892002,False,True,False,True
2026-08-16 16:06:58,memory_ctta,cable,monitor,C:/cira_batch_test/cable/bad_10.png,bad_10.png,anomaly,True,0.11313365399837494,0.11313365399837494,0.09852251798848576,0.09852251798848576,0.08661089912056923,False,False,16000,False,,False,0.0,cpu,patch_nearest_normal,last2,14,0.05,False,,,0.00017547010793350637,0.00019554235113892002,False,True,False,True
2026-08-16 16:06:59,memory_ctta,cable,monitor,C:/cira_batch_test/cable/good_4.png,good_4.png,normal,False,0.07387878000736237,2.2053718851111626e-07,0.09852251798848576,0.09852251798848576,0.08661089912056923,False,True,16000,True,,False,0.0,cpu,patch_nearest_normal,last2,14,0.05,False,,,0.00017639048746787012,0.00019554235113892002,True,True,False,True
2026-08-16 16:07:01,memory_ctta,cable,monitor,C:/cira_batch_test/cable/bad_5.png,bad_5.png,anomaly,True,0.13621710240840912,0.13621710240840912,0.09852251798848576,0.09852251798848576,0.08661089912056923,False,False,16000,False,,False,0.0,cpu,patch_nearest_normal,last2,14,0.05,False,,,0.00017607354675419629,0.00019554235113892002,False,True,False,True
2026-08-16 16:07:03,memory_ctta,cable,monitor,C:/cira_batch_test/cable/good_20.png,good_20.png,normal,False,0.08779191225767136,0.08779191225767136,0.09852251798848576,0.09852251798848576,0.08661089912056923,False,False,16000,False,,False,0.0,cpu,patch_nearest_normal,last2,14,0.05,False,,,0.00017133964865934104,0.00019554235113892002,False,True,False,True
2026-08-16 16:07:04,memory_ctta,cable,monitor,C:/cira_batch_test/cable/good_18.png,good_18.png,normal,False,0.07412080466747284,3.457069510659494e-07,0.09852251798848576,0.09852251798848576,0.08661089912056923,False,True,16000,True,,False,0.0,cpu,patch_nearest_normal,last2,14,0.05,False,,,0.000168226397363469,0.00019554235113892002,True,True,False,True
2026-08-16 16:07:06,memory_ctta,cable,monitor,C:/cira_batch_test/cable/good_11.png,good_11.png,normal,False,0.07575365155935287,3.039836826701503e-07,0.09852251798848576,0.09852251798848576,0.08661089912056923,False,True,16000,True,,False,0.0,cpu,patch_nearest_normal,last2,14,0.05,False,,,0.0001853590365499258,0.00019554235113892002,True,True,False,True
2026-08-16 16:07:08,memory_ctta,cable,monitor,C:/cira_batch_test/cable/good_9.png,good_9.png,normal,False,0.08815179765224457,0.08815179765224457,0.09852251798848576,0.09852251798848576,0.08661089912056923,False,False,16000,False,,False,0.0,cpu,patch_nearest_normal,last2,14,0.05,False,,,0.0001709091302473098,0.00019554235113892002,False,True,False,True
2026-08-16 16:07:09,memory_ctta,cable,monitor,C:/cira_batch_test/cable/good_16.png,good_16.png,normal,False,0.07134861499071121,3.039836826701503e-07,0.09852251798848576,0.09852251798848576,0.08661089912056923,False,True,16000,True,,False,0.0,cpu,patch_nearest_normal,last2,14,0.05,False,,,0.00016396938008256257,0.00019554235113892002,True,True,False,True
2026-08-16 16:07:11,memory_ctta,cable,monitor,C:/cira_batch_test/cable/bad_7.png,bad_7.png,anomaly,True,0.12975753843784332,0.12975753843784332,0.09852251798848576,0.09852251798848576,0.08661089912056923,False,False,16000,False,,False,0.0,cpu,patch_nearest_normal,last2,14,0.05,False,,,0.00016337260603904724,0.00019554235113892002,False,True,False,True
2026-08-16 16:07:13,memory_ctta,cable,monitor,C:/cira_batch_test/cable/good_13.png,good_13.png,normal,False,0.08870576322078705,0.08870576322078705,0.09852251798848576,0.09852251798848576,0.08661089912056923,False,False,16000,False,,False,0.0,cpu,patch_nearest_normal,last2,14,0.05,False,,,0.00017840082000475377,0.00019554235113892002,False,True,False,True
2026-08-16 16:07:14,memory_ctta,cable,monitor,C:/cira_batch_test/cable/good_5.png,good_5.png,normal,False,0.08876607567071915,0.08876607567071915,0.09852251798848576,0.09852251798848576,0.08661089912056923,False,False,16000,False,,False,0.0,cpu,patch_nearest_normal,last2,14,0.05,False,,,0.00016118571511469781,0.00019554235113892002,False,True,False,True
2026-08-16 16:07:16,memory_ctta,cable,monitor,C:/cira_batch_test/cable/good_2.png,good_2.png,normal,False,0.08684679865837097,0.08684679865837097,0.09852251798848576,0.09852251798848576,0.08661089912056923,False,False,16000,False,,False,0.0,cpu,patch_nearest_normal,last2,14,0.05,False,,,0.0001725753681967035,0.00019554235113892002,False,True,False,True
2026-08-16 16:07:18,memory_ctta,cable,monitor,C:/cira_batch_test/cable/bad_6.png,bad_6.png,anomaly,True,0.24352876842021942,0.24352876842021942,0.09852251798848576,0.09852251798848576,0.08661089912056923,False,False,16000,False,,False,0.0,cpu,patch_nearest_normal,last2,14,0.05,False,,,0.0001735929836286232,0.00019554235113892002,False,True,False,True
2026-08-16 16:07:19,memory_ctta,cable,monitor,C:/cira_batch_test/cable/bad_14.png,bad_14.png,anomaly,True,0.10136916488409042,0.10136916488409042,0.09852251798848576,0.09852251798848576,0.08661089912056923,False,False,16000,False,,False,0.0,cpu,patch_nearest_normal,last2,14,0.05,False,,,0.00018576763977762312,0.00019554235113892002,False,True,False,True
2026-08-16 16:07:21,memory_ctta,cable,monitor,C:/cira_batch_test/cable/good_3.png,good_3.png,anomaly,True,0.11452458798885345,0.11452458798885345,0.09852251798848576,0.09852251798848576,0.08661089912056923,False,False,16000,False,,False,0.0,cpu,patch_nearest_normal,last2,14,0.05,False,,,0.00016742614388931543,0.00019554235113892002,False,True,False,True
2026-08-16 16:07:23,memory_ctta,cable,monitor,C:/cira_batch_test/cable/bad_4.png,bad_4.png,anomaly,True,0.377718985080719,0.377718985080719,0.09852251798848576,0.09852251798848576,0.08661089912056923,False,False,16000,False,,False,0.0,cpu,patch_nearest_normal,last2,14,0.05,False,,,0.00017317004676442593,0.00019554235113892002,False,True,False,True
2026-08-16 16:07:24,memory_ctta,cable,monitor,C:/cira_batch_test/cable/bad_15.png,bad_15.png,anomaly,True,0.21986007690429688,0.21986007690429688,0.09852251798848576,0.09852251798848576,0.08661089912056923,False,False,16000,False,,False,0.0,cpu,patch_nearest_normal,last2,14,0.05,False,,,0.00017674433183856308,0.00019554235113892002,False,True,False,True
2026-08-16 16:07:26,memory_ctta,cable,monitor,C:/cira_batch_test/cable/good_8.png,good_8.png,normal,False,0.09794700890779495,0.09794700890779495,0.09852251798848576,0.09852251798848576,0.08661089912056923,False,False,16000,False,,False,0.0,cpu,patch_nearest_normal,last2,14,0.05,False,,,0.0001690253702690825,0.00019554235113892002,False,True,False,True
2026-08-16 16:07:28,memory_ctta,cable,monitor,C:/cira_batch_test/cable/bad_3.png,bad_3.png,anomaly,True,0.15526704490184784,0.15526704490184784,0.09852251798848576,0.09852251798848576,0.08661089912056923,False,False,16000,False,,False,0.0,cpu,patch_nearest_normal,last2,14,0.05,False,,,0.00018824868311639875,0.00019554235113892002,False,True,False,True
2026-08-16 16:07:29,memory_ctta,cable,monitor,C:/cira_batch_test/cable/bad_11.png,bad_11.png,anomaly,True,0.19119083881378174,0.19119083881378174,0.09852251798848576,0.09852251798848576,0.08661089912056923,False,False,16000,False,,False,0.0,cpu,patch_nearest_normal,last2,14,0.05,False,,,0.00017428197315894067,0.00019554235113892002,False,True,False,True
2026-08-16 16:07:31,memory_ctta,cable,monitor,C:/cira_batch_test/cable/good_19.png,good_19.png,normal,False,0.06675241142511368,3.039836826701503e-07,0.09852251798848576,0.09852251798848576,0.08661089912056923,False,True,16000,True,,False,0.0,cpu,patch_nearest_normal,last2,14,0.05,False,,,0.00015501731832046062,0.00019554235113892002,True,True,False,True
2026-08-16 16:07:33,memory_ctta,cable,monitor,C:/cira_batch_test/cable/good_12.png,good_12.png,normal,False,0.07960300147533417,2.443790378947597e-07,0.09852251798848576,0.09852251798848576,0.08661089912056923,False,True,16000,True,,False,0.0,cpu,patch_nearest_normal,last2,14,0.05,False,,,0.00016630305617582053,0.00019554235113892002,True,True,False,True
2026-08-16 16:07:35,memory_ctta,cable,monitor,C:/cira_batch_test/cable/good_15.png,good_15.png,normal,False,0.07974644005298615,3.039836826701503e-07,0.09852251798848576,0.09852251798848576,0.08661089912056923,False,True,16000,True,,False,0.0,cpu,patch_nearest_normal,last2,14,0.05,True,C:\cira_ttl_checkpoints\cable\patch_memory_bank_update_10.pt,C:\cira_ttl_checkpoints\cable\patch_adapter_update_10.pt,0.00016214518109336495,0.00019554235113892002,True,True,False,True
2026-08-16 16:07:36,memory_ctta,cable,monitor,C:/cira_batch_test/cable/bad_17.png,bad_17.png,anomaly,True,0.1491430550813675,0.1491430550813675,0.09852251798848576,0.09852251798848576,0.08661089912056923,False,False,16000,False,,False,0.0,cpu,patch_nearest_normal,last2,14,0.05,False,,,0.00018185129738412797,0.00019554235113892002,False,True,False,True
2026-08-16 16:07:38,memory_ctta,cable,monitor,C:/cira_batch_test/cable/bad_19.png,bad_19.png,normal,False,0.09364484995603561,0.09364484995603561,0.09852251798848576,0.09852251798848576,0.08661089912056923,False,False,16000,False,,False,0.0,cpu,patch_nearest_normal,last2,14,0.05,False,,,0.00015896688273642212,0.00019554235113892002,False,True,False,True
2026-08-16 16:07:39,memory_ctta,cable,monitor,C:/cira_batch_test/cable/bad_1.png,bad_1.png,anomaly,True,0.2560812830924988,0.2560812830924988,0.09852251798848576,0.09852251798848576,0.08661089912056923,False,False,16000,False,,False,0.0,cpu,patch_nearest_normal,last2,14,0.05,False,,,0.00016087788389995694,0.00019554235113892002,False,True,False,True
2026-08-16 16:07:41,memory_ctta,cable,monitor,C:/cira_batch_test/cable/good_14.png,good_14.png,normal,False,0.0957794040441513,0.0957794040441513,0.09852251798848576,0.09852251798848576,0.08661089912056923,False,False,16000,False,,False,0.0,cpu,patch_nearest_normal,last2,14,0.05,False,,,0.00018260281649418175,0.00019554235113892002,False,True,False,True
2026-08-16 16:07:43,memory_ctta,capsule,monitor,C:/cira_batch_test/capsule/good_1.png,good_1.png,normal,False,0.024378538131713867,0.024378538131713867,0.04299485732503146,0.04299485732503146,0.031231427378952504,False,False,16000,False,,False,0.0,cpu,patch_nearest_normal,last2,14,0.05,False,,,0.00011187017662450671,0.0001107694308302,True,False,False,True
2026-08-16 16:07:44,memory_ctta,capsule,monitor,C:/cira_batch_test/capsule/bad_16.png,bad_16.png,anomaly,True,0.07358697801828384,0.07358697801828384,0.04299485732503146,0.04299485732503146,0.031231427378952504,False,False,16000,False,,False,0.0,cpu,patch_nearest_normal,last2,14,0.05,False,,,9.18755104066804e-05,0.0001107694308302,False,True,False,True
2026-08-16 16:07:46,memory_ctta,capsule,monitor,C:/cira_batch_test/capsule/bad_20.png,bad_20.png,anomaly,True,0.05234730988740921,0.05234730988740921,0.04299485732503146,0.04299485732503146,0.031231427378952504,False,False,16000,False,,False,0.0,cpu,patch_nearest_normal,last2,14,0.05,False,,,0.00010474837472429499,0.0001107694308302,False,True,False,True
2026-08-16 16:07:48,memory_ctta,capsule,monitor,C:/cira_batch_test/capsule/bad_12.png,bad_12.png,anomaly,True,0.049266327172517776,0.049266327172517776,0.04299485732503146,0.04299485732503146,0.031231427378952504,False,False,16000,False,,False,0.0,cpu,patch_nearest_normal,last2,14,0.05,False,,,9.832294745137915e-05,0.0001107694308302,False,True,False,True
2026-08-16 16:07:49,memory_ctta,capsule,monitor,C:/cira_batch_test/capsule/good_17.png,good_17.png,normal,False,0.020368237048387527,0.020368237048387527,0.04299485732503146,0.04299485732503146,0.031231427378952504,False,False,16000,False,,False,0.0,cpu,patch_nearest_normal,last2,14,0.05,False,,,0.00011677003931254148,0.0001107694308302,True,False,False,True
2026-08-16 16:07:51,memory_ctta,capsule,monitor,C:/cira_batch_test/capsule/bad_9.png,bad_9.png,anomaly,True,0.17585599422454834,0.17585599422454834,0.04299485732503146,0.04299485732503146,0.031231427378952504,False,False,16000,False,,False,0.0,cpu,patch_nearest_normal,last2,14,0.05,False,,,9.754036000231281e-05,0.0001107694308302,False,True,False,True
2026-08-16 16:07:53,memory_ctta,capsule,monitor,C:/cira_batch_test/capsule/bad_18.png,bad_18.png,anomaly,True,0.06038259342312813,0.06038259342312813,0.04299485732503146,0.04299485732503146,0.031231427378952504,False,False,16000,False,,False,0.0,cpu,patch_nearest_normal,last2,14,0.05,False,,,9.209867857862264e-05,0.0001107694308302,False,True,False,True
2026-08-16 16:07:54,memory_ctta,capsule,monitor,C:/cira_batch_test/capsule/bad_13.png,bad_13.png,anomaly,True,0.04362291842699051,0.04362291842699051,0.04299485732503146,0.04299485732503146,0.031231427378952504,False,False,16000,False,,False,0.0,cpu,patch_nearest_normal,last2,14,0.05,False,,,9.789357864065096e-05,0.0001107694308302,False,True,False,True
2026-08-16 16:07:56,memory_ctta,capsule,monitor,C:/cira_batch_test/capsule/bad_2.png,bad_2.png,anomaly,True,0.2662004828453064,0.2662004828453064,0.04299485732503146,0.04299485732503146,0.031231427378952504,False,False,16000,False,,False,0.0,cpu,patch_nearest_normal,last2,14,0.05,False,,,0.00010683020082069561,0.0001107694308302,False,True,False,True
2026-08-16 16:07:57,memory_ctta,capsule,monitor,C:/cira_batch_test/capsule/good_6.png,good_6.png,normal,False,0.016428042203187943,2.682209014892578e-07,0.04299485732503146,0.04299485732503146,0.031231427378952504,False,True,16000,True,,False,0.0,cpu,patch_nearest_normal,last2,14,0.05,False,,,9.516528371023014e-05,0.0001107694308302,True,True,False,True
2026-08-16 16:07:59,memory_ctta,capsule,monitor,C:/cira_batch_test/capsule/good_10.png,good_10.png,normal,False,0.026020342484116554,2.443790378947597e-07,0.04299485732503146,0.04299485732503146,0.031231427378952504,False,True,16000,True,,False,0.0,cpu,patch_nearest_normal,last2,14,0.05,False,,,8.778715709922835e-05,0.0001107694308302,True,True,False,True
2026-08-16 16:08:01,memory_ctta,capsule,monitor,C:/cira_batch_test/capsule/good_7.png,good_7.png,anomaly,True,0.06811104714870453,0.06811104714870453,0.04299485732503146,0.04299485732503146,0.031231427378952504,False,False,16000,False,,False,0.0,cpu,patch_nearest_normal,last2,14,0.05,False,,,8.746900130063295e-05,0.0001107694308302,False,True,False,True
2026-08-16 16:08:03,memory_ctta,capsule,monitor,C:/cira_batch_test/capsule/bad_8.png,bad_8.png,anomaly,True,0.12507465481758118,0.12507465481758118,0.04299485732503146,0.04299485732503146,0.031231427378952504,False,False,16000,False,,False,0.0,cpu,patch_nearest_normal,last2,14,0.05,False,,,8.683874330017716e-05,0.0001107694308302,False,True,False,True
2026-08-16 16:08:04,memory_ctta,capsule,monitor,C:/cira_batch_test/capsule/bad_10.png,bad_10.png,anomaly,True,0.0672854334115982,0.0672854334115982,0.04299485732503146,0.04299485732503146,0.031231427378952504,False,False,16000,False,,False,0.0,cpu,patch_nearest_normal,last2,14,0.05,False,,,9.845598106039688e-05,0.0001107694308302,False,True,False,True
2026-08-16 16:08:06,memory_ctta,capsule,monitor,C:/cira_batch_test/capsule/good_4.png,good_4.png,normal,False,0.020830219611525536,2.9206276508375595e-07,0.04299485732503146,0.04299485732503146,0.031231427378952504,False,True,16000,True,,False,0.0,cpu,patch_nearest_normal,last2,14,0.05,False,,,0.00010656435188138857,0.0001107694308302,True,True,False,True
2026-08-16 16:08:08,memory_ctta,capsule,monitor,C:/cira_batch_test/capsule/bad_5.png,bad_5.png,normal,False,0.04192935675382614,0.04192935675382614,0.04299485732503146,0.04299485732503146,0.031231427378952504,False,False,16000,False,,False,0.0,cpu,patch_nearest_normal,last2,14,0.05,False,,,9.990439866669476e-05,0.0001107694308302,False,True,False,True
2026-08-16 16:08:09,memory_ctta,capsule,monitor,C:/cira_batch_test/capsule/good_20.png,good_20.png,normal,False,0.030500227585434914,3.159046286782541e-07,0.04299485732503146,0.04299485732503146,0.031231427378952504,False,True,16000,True,,False,0.0,cpu,patch_nearest_normal,last2,14,0.05,False,,,9.652028529671952e-05,0.0001107694308302,True,True,False,True
2026-08-16 16:08:11,memory_ctta,capsule,monitor,C:/cira_batch_test/capsule/good_18.png,good_18.png,normal,False,0.0191243477165699,2.8014181907565217e-07,0.04299485732503146,0.04299485732503146,0.031231427378952504,False,True,16000,True,,False,0.0,cpu,patch_nearest_normal,last2,14,0.05,False,,,0.00011015595373464748,0.0001107694308302,True,True,False,True
2026-08-16 16:08:13,memory_ctta,capsule,monitor,C:/cira_batch_test/capsule/good_11.png,good_11.png,normal,False,0.02672184631228447,3.2782554626464844e-07,0.04299485732503146,0.04299485732503146,0.031231427378952504,False,True,16000,True,,False,0.0,cpu,patch_nearest_normal,last2,14,0.05,False,,,0.0001006557940854691,0.0001107694308302,True,True,False,True
2026-08-16 16:08:14,memory_ctta,capsule,monitor,C:/cira_batch_test/capsule/good_9.png,good_9.png,normal,False,0.01910129189491272,2.9206276508375595e-07,0.04299485732503146,0.04299485732503146,0.031231427378952504,False,True,16000,True,,False,0.0,cpu,patch_nearest_normal,last2,14,0.05,False,,,9.863051673164591e-05,0.0001107694308302,True,True,False,True
2026-08-16 16:08:16,memory_ctta,capsule,monitor,C:/cira_batch_test/capsule/good_16.png,good_16.png,normal,False,0.026243258267641068,2.980232238769531e-07,0.04299485732503146,0.04299485732503146,0.031231427378952504,False,True,16000,True,,False,0.0,cpu,patch_nearest_normal,last2,14,0.05,False,,,0.00010539086360950023,0.0001107694308302,True,True,False,True
2026-08-16 16:08:18,memory_ctta,capsule,monitor,C:/cira_batch_test/capsule/bad_7.png,bad_7.png,anomaly,True,0.07446567714214325,0.07446567714214325,0.04299485732503146,0.04299485732503146,0.031231427378952504,False,False,16000,False,,False,0.0,cpu,patch_nearest_normal,last2,14,0.05,False,,,0.00010202005069004372,0.0001107694308302,False,True,False,True
2026-08-16 16:08:19,memory_ctta,capsule,monitor,C:/cira_batch_test/capsule/good_13.png,good_13.png,normal,False,0.027296626940369606,3.2186508747145126e-07,0.04299485732503146,0.04299485732503146,0.031231427378952504,False,True,16000,True,,False,0.0,cpu,patch_nearest_normal,last2,14,0.05,False,,,9.61831392487511e-05,0.0001107694308302,True,True,False,True
2026-08-16 16:08:21,memory_ctta,capsule,monitor,C:/cira_batch_test/capsule/good_5.png,good_5.png,normal,False,0.01979350484907627,2.8610230629055877e-07,0.04299485732503146,0.04299485732503146,0.031231427378952504,False,True,16000,True,,False,0.0,cpu,patch_nearest_normal,last2,14,0.05,True,C:\cira_ttl_checkpoints\capsule\patch_memory_bank_update_10.pt,C:\cira_ttl_checkpoints\capsule\patch_adapter_update_10.pt,9.846546890912578e-05,0.0001107694308302,True,True,False,True
2026-08-16 16:08:23,memory_ctta,capsule,monitor,C:/cira_batch_test/capsule/good_2.png,good_2.png,normal,False,0.016856539994478226,2.682209014892578e-07,0.04299485732503146,0.04299485732503146,0.031231427378952504,False,True,16000,True,,False,0.0,cpu,patch_nearest_normal,last2,14,0.05,False,,,0.00010023685899795964,0.0001107694308302,True,True,False,True
2026-08-16 16:08:24,memory_ctta,capsule,monitor,C:/cira_batch_test/capsule/bad_6.png,bad_6.png,anomaly,True,0.11989279091358185,0.11989279091358185,0.04299485732503146,0.04299485732503146,0.031231427378952504,False,False,16000,False,,False,0.0,cpu,patch_nearest_normal,last2,14,0.05,False,,,0.00010196497896686196,0.0001107694308302,False,True,False,True
2026-08-16 16:08:26,memory_ctta,capsule,monitor,C:/cira_batch_test/capsule/bad_14.png,bad_14.png,normal,False,0.03540651872754097,0.03540651872754097,0.04299485732503146,0.04299485732503146,0.031231427378952504,False,False,16000,False,,False,0.0,cpu,patch_nearest_normal,last2,14,0.05,False,,,8.853555482346565e-05,0.0001107694308302,False,True,False,True
2026-08-16 16:08:27,memory_ctta,capsule,monitor,C:/cira_batch_test/capsule/good_3.png,good_3.png,normal,False,0.03890080004930496,0.03890080004930496,0.04299485732503146,0.04299485732503146,0.031231427378952504,False,False,16000,False,,False,0.0,cpu,patch_nearest_normal,last2,14,0.05,False,,,0.00010524268145672977,0.0001107694308302,False,True,False,True
2026-08-16 16:08:29,memory_ctta,capsule,monitor,C:/cira_batch_test/capsule/bad_4.png,bad_4.png,normal,False,0.03692806884646416,0.03692806884646416,0.04299485732503146,0.04299485732503146,0.031231427378952504,False,False,16000,False,,False,0.0,cpu,patch_nearest_normal,last2,14,0.05,False,,,9.854989184532315e-05,0.0001107694308302,False,True,False,True
2026-08-16 16:08:31,memory_ctta,capsule,monitor,C:/cira_batch_test/capsule/bad_15.png,bad_15.png,anomaly,True,0.07988681644201279,0.07988681644201279,0.04299485732503146,0.04299485732503146,0.031231427378952504,False,False,16000,False,,False,0.0,cpu,patch_nearest_normal,last2,14,0.05,False,,,0.00010364205809310079,0.0001107694308302,False,True,False,True
2026-08-16 16:08:32,memory_ctta,capsule,monitor,C:/cira_batch_test/capsule/good_8.png,good_8.png,normal,False,0.030230646952986717,2.9206276508375595e-07,0.04299485732503146,0.04299485732503146,0.031231427378952504,False,True,16000,True,,False,0.0,cpu,patch_nearest_normal,last2,14,0.05,False,,,9.459689317736775e-05,0.0001107694308302,True,True,False,True
2026-08-16 16:08:34,memory_ctta,capsule,monitor,C:/cira_batch_test/capsule/bad_3.png,bad_3.png,anomaly,True,0.09379072487354279,0.09379072487354279,0.04299485732503146,0.04299485732503146,0.031231427378952504,False,False,16000,False,,False,0.0,cpu,patch_nearest_normal,last2,14,0.05,False,,,9.98839022940956e-05,0.0001107694308302,False,True,False,True
2026-08-16 16:08:36,memory_ctta,capsule,monitor,C:/cira_batch_test/capsule/bad_11.png,bad_11.png,anomaly,True,0.04600231721997261,0.04600231721997261,0.04299485732503146,0.04299485732503146,0.031231427378952504,False,False,16000,False,,False,0.0,cpu,patch_nearest_normal,last2,14,0.05,False,,,9.848189074546099e-05,0.0001107694308302,False,True,False,True
2026-08-16 16:08:37,memory_ctta,capsule,monitor,C:/cira_batch_test/capsule/good_19.png,good_19.png,normal,False,0.016154516488313675,3.099441414633475e-07,0.04299485732503146,0.04299485732503146,0.031231427378952504,False,True,16000,True,,False,0.0,cpu,patch_nearest_normal,last2,14,0.05,False,,,0.00010507804836379364,0.0001107694308302,True,True,False,True
2026-08-16 16:08:39,memory_ctta,capsule,monitor,C:/cira_batch_test/capsule/good_12.png,good_12.png,normal,False,0.03654537349939346,0.03654537349939346,0.04299485732503146,0.04299485732503146,0.031231427378952504,False,False,16000,False,,False,0.0,cpu,patch_nearest_normal,last2,14,0.05,False,,,0.00010682608262868598,0.0001107694308302,False,True,False,True
2026-08-16 16:08:41,memory_ctta,capsule,monitor,C:/cira_batch_test/capsule/good_15.png,good_15.png,normal,False,0.029498964548110962,0.029498964548110962,0.04299485732503146,0.04299485732503146,0.031231427378952504,False,False,16000,False,,False,0.0,cpu,patch_nearest_normal,last2,14,0.05,False,,,0.00011302810162305832,0.0001107694308302,True,False,False,True
2026-08-16 16:08:42,memory_ctta,capsule,monitor,C:/cira_batch_test/capsule/bad_17.png,bad_17.png,anomaly,True,0.05225389450788498,0.05225389450788498,0.04299485732503146,0.04299485732503146,0.031231427378952504,False,False,16000,False,,False,0.0,cpu,patch_nearest_normal,last2,14,0.05,False,,,9.800581028684974e-05,0.0001107694308302,False,True,False,True
2026-08-16 16:08:44,memory_ctta,capsule,monitor,C:/cira_batch_test/capsule/bad_19.png,bad_19.png,anomaly,True,0.10968158394098282,0.10968158394098282,0.04299485732503146,0.04299485732503146,0.031231427378952504,False,False,16000,False,,False,0.0,cpu,patch_nearest_normal,last2,14,0.05,False,,,0.00010732080409070477,0.0001107694308302,False,True,False,True
2026-08-16 16:08:46,memory_ctta,capsule,monitor,C:/cira_batch_test/capsule/bad_1.png,bad_1.png,anomaly,True,0.17325276136398315,0.17325276136398315,0.04299485732503146,0.04299485732503146,0.031231427378952504,False,False,16000,False,,False,0.0,cpu,patch_nearest_normal,last2,14,0.05,False,,,0.00010391699470346794,0.0001107694308302,False,True,False,True
2026-08-16 16:08:47,memory_ctta,capsule,monitor,C:/cira_batch_test/capsule/good_14.png,good_14.png,normal,False,0.02420824207365513,0.02420824207365513,0.04299485732503146,0.04299485732503146,0.031231427378952504,False,False,16000,False,,False,0.0,cpu,patch_nearest_normal,last2,14,0.05,False,,,0.00011494861973915249,0.0001107694308302,True,False,False,True
2026-08-16 16:08:49,memory_ctta,carpet,monitor,C:/cira_batch_test/carpet/good_1.png,good_1.png,normal,False,0.02601250447332859,3.2186508747145126e-07,0.0343417185988487,0.0343417185988487,0.03367696963250637,False,True,16000,True,,False,0.0,cpu,patch_nearest_normal,last2,14,0.05,False,,,4.365846325526945e-05,6.111156617407686e-05,True,True,False,True
2026-08-16 16:08:51,memory_ctta,carpet,monitor,C:/cira_batch_test/carpet/bad_16.png,bad_16.png,anomaly,True,0.13194267451763153,0.13194267451763153,0.0343417185988487,0.0343417185988487,0.03367696963250637,False,False,16000,False,,False,0.0,cpu,patch_nearest_normal,last2,14,0.05,False,,,5.7434681366430596e-05,6.111156617407686e-05,False,True,False,True
2026-08-16 16:08:52,memory_ctta,carpet,monitor,C:/cira_batch_test/carpet/bad_20.png,bad_20.png,anomaly,True,0.13801006972789764,0.13801006972789764,0.0343417185988487,0.0343417185988487,0.03367696963250637,False,False,16000,False,,False,0.0,cpu,patch_nearest_normal,last2,14,0.05,False,,,4.926722976961173e-05,6.111156617407686e-05,False,True,False,True
2026-08-16 16:08:54,memory_ctta,carpet,monitor,C:/cira_batch_test/carpet/bad_12.png,bad_12.png,normal,False,0.03406234830617905,0.03406234830617905,0.0343417185988487,0.0343417185988487,0.03367696963250637,False,False,16000,False,,False,0.0,cpu,patch_nearest_normal,last2,14,0.05,False,,,4.41574229625985e-05,6.111156617407686e-05,False,True,False,True
2026-08-16 16:08:56,memory_ctta,carpet,monitor,C:/cira_batch_test/carpet/good_17.png,good_17.png,normal,False,0.03191818669438362,2.9206276508375595e-07,0.0343417185988487,0.0343417185988487,0.03367696963250637,False,True,16000,True,,False,0.0,cpu,patch_nearest_normal,last2,14,0.05,False,,,4.366124630905688e-05,6.111156617407686e-05,True,True,False,True
2026-08-16 16:08:57,memory_ctta,carpet,monitor,C:/cira_batch_test/carpet/bad_9.png,bad_9.png,anomaly,True,0.34894585609436035,0.34894585609436035,0.0343417185988487,0.0343417185988487,0.03367696963250637,False,False,16000,False,,False,0.0,cpu,patch_nearest_normal,last2,14,0.05,False,,,6.550680700456724e-05,6.111156617407686e-05,False,False,False,True
2026-08-16 16:08:59,memory_ctta,carpet,monitor,C:/cira_batch_test/carpet/bad_18.png,bad_18.png,anomaly,True,0.33270353078842163,0.33270353078842163,0.0343417185988487,0.0343417185988487,0.03367696963250637,False,False,16000,False,,False,0.0,cpu,patch_nearest_normal,last2,14,0.05,False,,,4.903786975773983e-05,6.111156617407686e-05,False,True,False,True
2026-08-16 16:09:01,memory_ctta,carpet,monitor,C:/cira_batch_test/carpet/bad_13.png,bad_13.png,anomaly,True,0.035009585320949554,0.035009585320949554,0.0343417185988487,0.0343417185988487,0.03367696963250637,False,False,16000,False,,False,0.0,cpu,patch_nearest_normal,last2,14,0.05,False,,,4.870687916991301e-05,6.111156617407686e-05,False,True,False,True
2026-08-16 16:09:02,memory_ctta,carpet,monitor,C:/cira_batch_test/carpet/bad_2.png,bad_2.png,anomaly,True,0.15553204715251923,0.15553204715251923,0.0343417185988487,0.0343417185988487,0.03367696963250637,False,False,16000,False,,False,0.0,cpu,patch_nearest_normal,last2,14,0.05,False,,,5.448279989650473e-05,6.111156617407686e-05,False,True,False,True
2026-08-16 16:09:04,memory_ctta,carpet,monitor,C:/cira_batch_test/carpet/good_6.png,good_6.png,normal,False,0.033903539180755615,0.033903539180755615,0.0343417185988487,0.0343417185988487,0.03367696963250637,False,False,16000,False,,False,0.0,cpu,patch_nearest_normal,last2,14,0.05,False,,,4.0196391637437046e-05,6.111156617407686e-05,False,True,False,True
2026-08-16 16:09:06,memory_ctta,carpet,monitor,C:/cira_batch_test/carpet/good_10.png,good_10.png,anomaly,True,0.037965159863233566,0.037965159863233566,0.0343417185988487,0.0343417185988487,0.03367696963250637,False,False,16000,False,,False,0.0,cpu,patch_nearest_normal,last2,14,0.05,False,,,3.498959995340556e-05,6.111156617407686e-05,False,True,False,True
2026-08-16 16:09:07,memory_ctta,carpet,monitor,C:/cira_batch_test/carpet/good_7.png,good_7.png,anomaly,True,0.036074429750442505,0.036074429750442505,0.0343417185988487,0.0343417185988487,0.03367696963250637,False,False,16000,False,,False,0.0,cpu,patch_nearest_normal,last2,14,0.05,False,,,3.992876736447215e-05,6.111156617407686e-05,False,True,False,True
2026-08-16 16:09:09,memory_ctta,carpet,monitor,C:/cira_batch_test/carpet/bad_8.png,bad_8.png,anomaly,True,0.29414504766464233,0.29414504766464233,0.0343417185988487,0.0343417185988487,0.03367696963250637,False,False,16000,False,,False,0.0,cpu,patch_nearest_normal,last2,14,0.05,False,,,5.4731099226046354e-05,6.111156617407686e-05,False,True,False,True
2026-08-16 16:09:11,memory_ctta,carpet,monitor,C:/cira_batch_test/carpet/bad_10.png,bad_10.png,anomaly,True,0.23411878943443298,0.23411878943443298,0.0343417185988487,0.0343417185988487,0.03367696963250637,False,False,16000,False,,False,0.0,cpu,patch_nearest_normal,last2,14,0.05,False,,,5.246195360086858e-05,6.111156617407686e-05,False,True,False,True
2026-08-16 16:09:12,memory_ctta,carpet,monitor,C:/cira_batch_test/carpet/good_4.png,good_4.png,normal,False,0.03310232236981392,2.9206276508375595e-07,0.0343417185988487,0.0343417185988487,0.03367696963250637,False,True,16000,True,,False,0.0,cpu,patch_nearest_normal,last2,14,0.05,False,,,3.9307989936787635e-05,6.111156617407686e-05,True,True,False,True
2026-08-16 16:09:14,memory_ctta,carpet,monitor,C:/cira_batch_test/carpet/bad_5.png,bad_5.png,anomaly,True,0.2340812236070633,0.2340812236070633,0.0343417185988487,0.0343417185988487,0.03367696963250637,False,False,16000,False,,False,0.0,cpu,patch_nearest_normal,last2,14,0.05,False,,,5.911697371629998e-05,6.111156617407686e-05,False,True,False,True
2026-08-16 16:09:16,memory_ctta,carpet,monitor,C:/cira_batch_test/carpet/good_20.png,good_20.png,anomaly,True,0.037595681846141815,0.037595681846141815,0.0343417185988487,0.0343417185988487,0.03367696963250637,False,False,16000,False,,False,0.0,cpu,patch_nearest_normal,last2,14,0.05,False,,,5.481905463966541e-05,6.111156617407686e-05,False,True,False,True
2026-08-16 16:09:17,memory_ctta,carpet,monitor,C:/cira_batch_test/carpet/good_18.png,good_18.png,normal,False,0.027195584028959274,2.74181360282455e-07,0.0343417185988487,0.0343417185988487,0.03367696963250637,False,True,16000,True,,False,0.0,cpu,patch_nearest_normal,last2,14,0.05,False,,,4.8290447011822835e-05,6.111156617407686e-05,True,True,False,True
2026-08-16 16:09:19,memory_ctta,carpet,monitor,C:/cira_batch_test/carpet/good_11.png,good_11.png,anomaly,True,0.03749949857592583,0.03749949857592583,0.0343417185988487,0.0343417185988487,0.03367696963250637,False,False,16000,False,,False,0.0,cpu,patch_nearest_normal,last2,14,0.05,False,,,5.0443482905393466e-05,6.111156617407686e-05,False,True,False,True
2026-08-16 16:09:21,memory_ctta,carpet,monitor,C:/cira_batch_test/carpet/good_9.png,good_9.png,anomaly,True,0.0463176853954792,0.0463176853954792,0.0343417185988487,0.0343417185988487,0.03367696963250637,False,False,16000,False,,False,0.0,cpu,patch_nearest_normal,last2,14,0.05,False,,,3.4685497666941956e-05,6.111156617407686e-05,False,True,False,True
2026-08-16 16:09:22,memory_ctta,carpet,monitor,C:/cira_batch_test/carpet/good_16.png,good_16.png,anomaly,True,0.03453666716814041,0.03453666716814041,0.0343417185988487,0.0343417185988487,0.03367696963250637,False,False,16000,False,,False,0.0,cpu,patch_nearest_normal,last2,14,0.05,False,,,3.771060437429696e-05,6.111156617407686e-05,False,True,False,True
2026-08-16 16:09:24,memory_ctta,carpet,monitor,C:/cira_batch_test/carpet/bad_7.png,bad_7.png,anomaly,True,0.07121380418539047,0.07121380418539047,0.0343417185988487,0.0343417185988487,0.03367696963250637,False,False,16000,False,,False,0.0,cpu,patch_nearest_normal,last2,14,0.05,False,,,4.908186383545399e-05,6.111156617407686e-05,False,True,False,True
2026-08-16 16:09:26,memory_ctta,carpet,monitor,C:/cira_batch_test/carpet/good_13.png,good_13.png,normal,False,0.03393910452723503,0.03393910452723503,0.0343417185988487,0.0343417185988487,0.03367696963250637,False,False,16000,False,,False,0.0,cpu,patch_nearest_normal,last2,14,0.05,False,,,3.3737527701305225e-05,6.111156617407686e-05,False,True,False,True
2026-08-16 16:09:27,memory_ctta,carpet,monitor,C:/cira_batch_test/carpet/good_5.png,good_5.png,normal,False,0.0341215655207634,0.0341215655207634,0.0343417185988487,0.0343417185988487,0.03367696963250637,False,False,16000,False,,False,0.0,cpu,patch_nearest_normal,last2,14,0.05,False,,,4.5162207243265584e-05,6.111156617407686e-05,False,True,False,True
2026-08-16 16:09:29,memory_ctta,carpet,monitor,C:/cira_batch_test/carpet/good_2.png,good_2.png,normal,False,0.03292255848646164,2.8014181907565217e-07,0.0343417185988487,0.0343417185988487,0.03367696963250637,False,True,16000,True,,False,0.0,cpu,patch_nearest_normal,last2,14,0.05,False,,,4.794838241650723e-05,6.111156617407686e-05,True,True,False,True
2026-08-16 16:09:31,memory_ctta,carpet,monitor,C:/cira_batch_test/carpet/bad_6.png,bad_6.png,anomaly,True,0.10262829065322876,0.10262829065322876,0.0343417185988487,0.0343417185988487,0.03367696963250637,False,False,16000,False,,False,0.0,cpu,patch_nearest_normal,last2,14,0.05,False,,,4.510124563239515e-05,6.111156617407686e-05,False,True,False,True
2026-08-16 16:09:32,memory_ctta,carpet,monitor,C:/cira_batch_test/carpet/bad_14.png,bad_14.png,anomaly,True,0.2170318365097046,0.2170318365097046,0.0343417185988487,0.0343417185988487,0.03367696963250637,False,False,16000,False,,False,0.0,cpu,patch_nearest_normal,last2,14,0.05,False,,,5.678458546753973e-05,6.111156617407686e-05,False,True,False,True
2026-08-16 16:09:34,memory_ctta,carpet,monitor,C:/cira_batch_test/carpet/good_3.png,good_3.png,normal,False,0.03301919251680374,3.039836826701503e-07,0.0343417185988487,0.0343417185988487,0.03367696963250637,False,True,16000,True,,False,0.0,cpu,patch_nearest_normal,last2,14,0.05,False,,,3.5608540201792493e-05,6.111156617407686e-05,True,True,False,True
2026-08-16 16:09:36,memory_ctta,carpet,monitor,C:/cira_batch_test/carpet/bad_4.png,bad_4.png,anomaly,True,0.27444079518318176,0.27444079518318176,0.0343417185988487,0.0343417185988487,0.03367696963250637,False,False,16000,False,,False,0.0,cpu,patch_nearest_normal,last2,14,0.05,False,,,5.911280823056586e-05,6.111156617407686e-05,False,True,False,True
2026-08-16 16:09:37,memory_ctta,carpet,monitor,C:/cira_batch_test/carpet/bad_15.png,bad_15.png,anomaly,True,0.03888501971960068,0.03888501971960068,0.0343417185988487,0.0343417185988487,0.03367696963250637,False,False,16000,False,,False,0.0,cpu,patch_nearest_normal,last2,14,0.05,False,,,4.0723123674979433e-05,6.111156617407686e-05,False,True,False,True
2026-08-16 16:09:39,memory_ctta,carpet,monitor,C:/cira_batch_test/carpet/good_8.png,good_8.png,normal,False,0.028893297538161278,3.159046286782541e-07,0.0343417185988487,0.0343417185988487,0.03367696963250637,False,True,16000,True,,False,0.0,cpu,patch_nearest_normal,last2,14,0.05,False,,,3.8093567127361894e-05,6.111156617407686e-05,True,True,False,True
2026-08-16 16:09:41,memory_ctta,carpet,monitor,C:/cira_batch_test/carpet/bad_3.png,bad_3.png,anomaly,True,0.3548845648765564,0.3548845648765564,0.0343417185988487,0.0343417185988487,0.03367696963250637,False,False,16000,False,,False,0.0,cpu,patch_nearest_normal,last2,14,0.05,False,,,4.213779902784154e-05,6.111156617407686e-05,False,True,False,True
2026-08-16 16:09:42,memory_ctta,carpet,monitor,C:/cira_batch_test/carpet/bad_11.png,bad_11.png,anomaly,True,0.08585280925035477,0.08585280925035477,0.0343417185988487,0.0343417185988487,0.03367696963250637,False,False,16000,False,,False,0.0,cpu,patch_nearest_normal,last2,14,0.05,False,,,5.006549690733664e-05,6.111156617407686e-05,False,True,False,True
2026-08-16 16:09:44,memory_ctta,carpet,monitor,C:/cira_batch_test/carpet/good_19.png,good_19.png,normal,False,0.03225112706422806,3.457069510659494e-07,0.0343417185988487,0.0343417185988487,0.03367696963250637,False,True,16000,True,,False,0.0,cpu,patch_nearest_normal,last2,14,0.05,False,,,4.8179339501075447e-05,6.111156617407686e-05,True,True,False,True
2026-08-16 16:09:46,memory_ctta,carpet,monitor,C:/cira_batch_test/carpet/good_12.png,good_12.png,normal,False,0.0312484260648489,3.695487862387381e-07,0.0343417185988487,0.0343417185988487,0.03367696963250637,False,True,16000,True,,False,0.0,cpu,patch_nearest_normal,last2,14,0.05,False,,,5.0171762268291786e-05,6.111156617407686e-05,True,True,False,True
2026-08-16 16:09:48,memory_ctta,carpet,monitor,C:/cira_batch_test/carpet/good_15.png,good_15.png,anomaly,True,0.035334669053554535,0.035334669053554535,0.0343417185988487,0.0343417185988487,0.03367696963250637,False,False,16000,False,,False,0.0,cpu,patch_nearest_normal,last2,14,0.05,False,,,3.350857878103852e-05,6.111156617407686e-05,False,True,False,True
2026-08-16 16:09:49,memory_ctta,carpet,monitor,C:/cira_batch_test/carpet/bad_17.png,bad_17.png,anomaly,True,0.050315432250499725,0.050315432250499725,0.0343417185988487,0.0343417185988487,0.03367696963250637,False,False,16000,False,,False,0.0,cpu,patch_nearest_normal,last2,14,0.05,False,,,5.334750676411204e-05,6.111156617407686e-05,False,True,False,True
2026-08-16 16:09:51,memory_ctta,carpet,monitor,C:/cira_batch_test/carpet/bad_19.png,bad_19.png,anomaly,True,0.11027221381664276,0.11027221381664276,0.0343417185988487,0.0343417185988487,0.03367696963250637,False,False,16000,False,,False,0.0,cpu,patch_nearest_normal,last2,14,0.05,False,,,5.199289807933383e-05,6.111156617407686e-05,False,True,False,True
2026-08-16 16:09:53,memory_ctta,carpet,monitor,C:/cira_batch_test/carpet/bad_1.png,bad_1.png,anomaly,True,0.05497167631983757,0.05497167631983757,0.0343417185988487,0.0343417185988487,0.03367696963250637,False,False,16000,False,,False,0.0,cpu,patch_nearest_normal,last2,14,0.05,False,,,5.1090260967612267e-05,6.111156617407686e-05,False,True,False,True
2026-08-16 16:09:54,memory_ctta,carpet,monitor,C:/cira_batch_test/carpet/good_14.png,good_14.png,anomaly,True,0.037312258034944534,0.037312258034944534,0.0343417185988487,0.0343417185988487,0.03367696963250637,False,False,16000,False,,False,0.0,cpu,patch_nearest_normal,last2,14,0.05,False,,,3.513744013616815e-05,6.111156617407686e-05,False,True,False,True
2026-08-16 16:09:56,memory_ctta,grid,monitor,C:/cira_batch_test/grid/good_1.png,good_1.png,anomaly,True,0.05813353508710861,0.05813353508710861,0.053714152485093335,0.053714152485093335,0.04894002191722393,False,False,16000,False,,False,0.0,cpu,patch_nearest_normal,last2,14,0.05,False,,,0.00020836404291912913,0.00020260438468534505,False,False,False,True
2026-08-16 16:10:00,memory_ctta,grid,monitor,C:/cira_batch_test/grid/bad_16.png,bad_16.png,anomaly,True,0.05864829942584038,0.05864829942584038,0.053714152485093335,0.053714152485093335,0.04894002191722393,False,False,16000,False,,False,0.0,cpu,patch_nearest_normal,last2,14,0.05,False,,,0.00013476952153723687,0.00020260438468534505,False,True,False,True
2026-08-16 16:10:02,memory_ctta,grid,monitor,C:/cira_batch_test/grid/bad_20.png,bad_20.png,normal,False,0.05339302495121956,0.05339302495121956,0.053714152485093335,0.053714152485093335,0.04894002191722393,False,False,16000,False,,False,0.0,cpu,patch_nearest_normal,last2,14,0.05,False,,,0.00011043824633816257,0.00020260438468534505,False,True,False,True
2026-08-16 16:10:03,memory_ctta,grid,monitor,C:/cira_batch_test/grid/bad_12.png,bad_12.png,anomaly,True,0.10632707923650742,0.10632707923650742,0.053714152485093335,0.053714152485093335,0.04894002191722393,False,False,16000,False,,False,0.0,cpu,patch_nearest_normal,last2,14,0.05,False,,,0.00020244487677700818,0.00020260438468534505,False,True,False,True
2026-08-16 16:10:05,memory_ctta,grid,monitor,C:/cira_batch_test/grid/good_17.png,good_17.png,normal,False,0.043960608541965485,2.8014181907565217e-07,0.053714152485093335,0.053714152485093335,0.04894002191722393,False,True,16000,True,,False,0.0,cpu,patch_nearest_normal,last2,14,0.05,False,,,0.00017764803487807512,0.00020260438468534505,True,True,False,True
2026-08-16 16:10:07,memory_ctta,grid,monitor,C:/cira_batch_test/grid/bad_9.png,bad_9.png,anomaly,True,0.06481079757213593,0.06481079757213593,0.053714152485093335,0.053714152485093335,0.04894002191722393,False,False,16000,False,,False,0.0,cpu,patch_nearest_normal,last2,14,0.05,False,,,0.00011895431816810742,0.00020260438468534505,False,True,False,True
2026-08-16 16:10:09,memory_ctta,grid,monitor,C:/cira_batch_test/grid/bad_18.png,bad_18.png,anomaly,True,0.061266861855983734,0.061266861855983734,0.053714152485093335,0.053714152485093335,0.04894002191722393,False,False,16000,False,,False,0.0,cpu,patch_nearest_normal,last2,14,0.05,False,,,0.0001560208183946088,0.00020260438468534505,False,True,False,True
2026-08-16 16:10:10,memory_ctta,grid,monitor,C:/cira_batch_test/grid/bad_13.png,bad_13.png,normal,False,0.04784087464213371,2.682209014892578e-07,0.053714152485093335,0.053714152485093335,0.04894002191722393,False,True,16000,True,,False,0.0,cpu,patch_nearest_normal,last2,14,0.05,False,,,0.00011077327508246526,0.00020260438468534505,True,True,False,True
2026-08-16 16:10:12,memory_ctta,grid,monitor,C:/cira_batch_test/grid/bad_2.png,bad_2.png,anomaly,True,0.05522272735834122,0.05522272735834122,0.053714152485093335,0.053714152485093335,0.04894002191722393,False,False,16000,False,,False,0.0,cpu,patch_nearest_normal,last2,14,0.05,False,,,0.00018411832570564002,0.00020260438468534505,False,True,False,True
2026-08-16 16:10:13,memory_ctta,grid,monitor,C:/cira_batch_test/grid/good_6.png,good_6.png,anomaly,True,0.06407660245895386,0.06407660245895386,0.053714152485093335,0.053714152485093335,0.04894002191722393,False,False,16000,False,,False,0.0,cpu,patch_nearest_normal,last2,14,0.05,False,,,0.00010677742830011994,0.00020260438468534505,False,True,False,True
2026-08-16 16:10:15,memory_ctta,grid,monitor,C:/cira_batch_test/grid/good_10.png,good_10.png,normal,False,0.0454632043838501,2.9206276508375595e-07,0.053714152485093335,0.053714152485093335,0.04894002191722393,False,True,16000,True,,False,0.0,cpu,patch_nearest_normal,last2,14,0.05,False,,,0.000128070343635045,0.00020260438468534505,True,True,False,True
2026-08-16 16:10:17,memory_ctta,grid,monitor,C:/cira_batch_test/grid/good_7.png,good_7.png,anomaly,True,0.05755096673965454,0.05755096673965454,0.053714152485093335,0.053714152485093335,0.04894002191722393,False,False,16000,False,,False,0.0,cpu,patch_nearest_normal,last2,14,0.05,False,,,0.00011948589235544205,0.00020260438468534505,False,True,False,True
2026-08-16 16:10:18,memory_ctta,grid,monitor,C:/cira_batch_test/grid/bad_8.png,bad_8.png,normal,False,0.04675205424427986,2.1457671550706436e-07,0.053714152485093335,0.053714152485093335,0.04894002191722393,False,True,16000,True,,False,0.0,cpu,patch_nearest_normal,last2,14,0.05,False,,,0.0001509491994511336,0.00020260438468534505,True,True,False,True
2026-08-16 16:10:20,memory_ctta,grid,monitor,C:/cira_batch_test/grid/bad_10.png,bad_10.png,anomaly,True,0.07241924107074738,0.07241924107074738,0.053714152485093335,0.053714152485093335,0.04894002191722393,False,False,16000,False,,False,0.0,cpu,patch_nearest_normal,last2,14,0.05,False,,,0.00012878107372671366,0.00020260438468534505,False,True,False,True
2026-08-16 16:10:22,memory_ctta,grid,monitor,C:/cira_batch_test/grid/good_4.png,good_4.png,anomaly,True,0.055914491415023804,0.055914491415023804,0.053714152485093335,0.053714152485093335,0.04894002191722393,False,False,16000,False,,False,0.0,cpu,patch_nearest_normal,last2,14,0.05,False,,,0.0002320142521057278,0.00020260438468534505,False,False,False,True
2026-08-16 16:10:23,memory_ctta,grid,monitor,C:/cira_batch_test/grid/bad_5.png,bad_5.png,anomaly,True,0.06537973135709763,0.06537973135709763,0.053714152485093335,0.053714152485093335,0.04894002191722393,False,False,16000,False,,False,0.0,cpu,patch_nearest_normal,last2,14,0.05,False,,,0.0001280470023630187,0.00020260438468534505,False,True,False,True
2026-08-16 16:10:25,memory_ctta,grid,monitor,C:/cira_batch_test/grid/good_20.png,good_20.png,normal,False,0.047154564410448074,3.039836826701503e-07,0.053714152485093335,0.053714152485093335,0.04894002191722393,False,True,16000,True,,False,0.0,cpu,patch_nearest_normal,last2,14,0.05,False,,,0.0001418821921106428,0.00020260438468534505,True,True,False,True
2026-08-16 16:10:27,memory_ctta,grid,monitor,C:/cira_batch_test/grid/good_18.png,good_18.png,anomaly,True,0.055465929210186005,0.055465929210186005,0.053714152485093335,0.053714152485093335,0.04894002191722393,False,False,16000,False,,False,0.0,cpu,patch_nearest_normal,last2,14,0.05,False,,,0.0001134578778874129,0.00020260438468534505,False,True,False,True
2026-08-16 16:10:28,memory_ctta,grid,monitor,C:/cira_batch_test/grid/good_11.png,good_11.png,normal,False,0.04507913067936897,2.9206276508375595e-07,0.053714152485093335,0.053714152485093335,0.04894002191722393,False,True,16000,True,,False,0.0,cpu,patch_nearest_normal,last2,14,0.05,False,,,0.00011307594104437158,0.00020260438468534505,True,True,False,True
2026-08-16 16:10:30,memory_ctta,grid,monitor,C:/cira_batch_test/grid/good_9.png,good_9.png,normal,False,0.045383669435977936,3.457069510659494e-07,0.053714152485093335,0.053714152485093335,0.04894002191722393,False,True,16000,True,,False,0.0,cpu,patch_nearest_normal,last2,14,0.05,False,,,0.00011864087719004601,0.00020260438468534505,True,True,False,True
2026-08-16 16:10:32,memory_ctta,grid,monitor,C:/cira_batch_test/grid/good_16.png,good_16.png,anomaly,True,0.05574927479028702,0.05574927479028702,0.053714152485093335,0.053714152485093335,0.04894002191722393,False,False,16000,False,,False,0.0,cpu,patch_nearest_normal,last2,14,0.05,False,,,0.00016422185581177473,0.00020260438468534505,False,True,False,True
2026-08-16 16:10:33,memory_ctta,grid,monitor,C:/cira_batch_test/grid/bad_7.png,bad_7.png,anomaly,True,0.1163523942232132,0.1163523942232132,0.053714152485093335,0.053714152485093335,0.04894002191722393,False,False,16000,False,,False,0.0,cpu,patch_nearest_normal,last2,14,0.05,False,,,0.00011510222975630313,0.00020260438468534505,False,True,False,True
2026-08-16 16:10:35,memory_ctta,grid,monitor,C:/cira_batch_test/grid/good_13.png,good_13.png,normal,False,0.042360782623291016,2.5629998390286346e-07,0.053714152485093335,0.053714152485093335,0.04894002191722393,False,True,16000,True,,False,0.0,cpu,patch_nearest_normal,last2,14,0.05,False,,,0.0001111976889660582,0.00020260438468534505,True,True,False,True
2026-08-16 16:10:37,memory_ctta,grid,monitor,C:/cira_batch_test/grid/good_5.png,good_5.png,anomaly,True,0.06404125690460205,0.06404125690460205,0.053714152485093335,0.053714152485093335,0.04894002191722393,False,False,16000,False,,False,0.0,cpu,patch_nearest_normal,last2,14,0.05,False,,,0.00012314450577832758,0.00020260438468534505,False,True,False,True
2026-08-16 16:10:38,memory_ctta,grid,monitor,C:/cira_batch_test/grid/good_2.png,good_2.png,normal,False,0.05210752412676811,0.05210752412676811,0.053714152485093335,0.053714152485093335,0.04894002191722393,False,False,16000,False,,False,0.0,cpu,patch_nearest_normal,last2,14,0.05,False,,,0.00018665380775928497,0.00020260438468534505,False,True,False,True
2026-08-16 16:10:40,memory_ctta,grid,monitor,C:/cira_batch_test/grid/bad_6.png,bad_6.png,normal,False,0.04635925218462944,3.5762786865234375e-07,0.053714152485093335,0.053714152485093335,0.04894002191722393,False,True,16000,True,,False,0.0,cpu,patch_nearest_normal,last2,14,0.05,False,,,0.00011161954171257094,0.00020260438468534505,True,True,False,True
2026-08-16 16:10:41,memory_ctta,grid,monitor,C:/cira_batch_test/grid/bad_14.png,bad_14.png,anomaly,True,0.05401410534977913,0.05401410534977913,0.053714152485093335,0.053714152485093335,0.04894002191722393,False,False,16000,False,,False,0.0,cpu,patch_nearest_normal,last2,14,0.05,False,,,0.00011242783511988819,0.00020260438468534505,False,True,False,True
2026-08-16 16:10:43,memory_ctta,grid,monitor,C:/cira_batch_test/grid/good_3.png,good_3.png,normal,False,0.04924187809228897,0.04924187809228897,0.053714152485093335,0.053714152485093335,0.04894002191722393,False,False,16000,False,,False,0.0,cpu,patch_nearest_normal,last2,14,0.05,False,,,0.00021359772654250264,0.00020260438468534505,False,False,False,True
2026-08-16 16:10:45,memory_ctta,grid,monitor,C:/cira_batch_test/grid/bad_4.png,bad_4.png,anomaly,True,0.09609968215227127,0.09609968215227127,0.053714152485093335,0.053714152485093335,0.04894002191722393,False,False,16000,False,,False,0.0,cpu,patch_nearest_normal,last2,14,0.05,False,,,0.00011912406625924632,0.00020260438468534505,False,True,False,True
2026-08-16 16:10:46,memory_ctta,grid,monitor,C:/cira_batch_test/grid/bad_15.png,bad_15.png,anomaly,True,0.060100335627794266,0.060100335627794266,0.053714152485093335,0.053714152485093335,0.04894002191722393,False,False,16000,False,,False,0.0,cpu,patch_nearest_normal,last2,14,0.05,False,,,0.00015031665679998696,0.00020260438468534505,False,True,False,True
2026-08-16 16:10:48,memory_ctta,grid,monitor,C:/cira_batch_test/grid/good_8.png,good_8.png,normal,False,0.044893741607666016,2.74181360282455e-07,0.053714152485093335,0.053714152485093335,0.04894002191722393,False,True,16000,True,,False,0.0,cpu,patch_nearest_normal,last2,14,0.05,True,C:\cira_ttl_checkpoints\grid\patch_memory_bank_update_10.pt,C:\cira_ttl_checkpoints\grid\patch_adapter_update_10.pt,0.00011034066847059876,0.00020260438468534505,True,True,False,True
2026-08-16 16:10:50,memory_ctta,grid,monitor,C:/cira_batch_test/grid/bad_3.png,bad_3.png,anomaly,True,0.06486145406961441,0.06486145406961441,0.053714152485093335,0.053714152485093335,0.04894002191722393,False,False,16000,False,,False,0.0,cpu,patch_nearest_normal,last2,14,0.05,False,,,0.00011764432565541938,0.00020260438468534505,False,True,False,True
2026-08-16 16:10:51,memory_ctta,grid,monitor,C:/cira_batch_test/grid/bad_11.png,bad_11.png,anomaly,True,0.05669742077589035,0.05669742077589035,0.053714152485093335,0.053714152485093335,0.04894002191722393,False,False,16000,False,,False,0.0,cpu,patch_nearest_normal,last2,14,0.05,False,,,0.00017474939522799104,0.00020260438468534505,False,True,False,True
2026-08-16 16:10:53,memory_ctta,grid,monitor,C:/cira_batch_test/grid/good_19.png,good_19.png,anomaly,True,0.06261670589447021,0.06261670589447021,0.053714152485093335,0.053714152485093335,0.04894002191722393,False,False,16000,False,,False,0.0,cpu,patch_nearest_normal,last2,14,0.05,False,,,0.00012748746667057276,0.00020260438468534505,False,True,False,True
2026-08-16 16:10:54,memory_ctta,grid,monitor,C:/cira_batch_test/grid/good_12.png,good_12.png,normal,False,0.03937114402651787,3.516674098591466e-07,0.053714152485093335,0.053714152485093335,0.04894002191722393,False,True,16000,True,,False,0.0,cpu,patch_nearest_normal,last2,14,0.05,False,,,0.00014510302571579814,0.00020260438468534505,True,True,False,True
2026-08-16 16:10:56,memory_ctta,grid,monitor,C:/cira_batch_test/grid/good_15.png,good_15.png,normal,False,0.03610897809267044,2.74181360282455e-07,0.053714152485093335,0.053714152485093335,0.04894002191722393,False,True,16000,True,,False,0.0,cpu,patch_nearest_normal,last2,14,0.05,False,,,0.0001258026750292629,0.00020260438468534505,True,True,False,True
2026-08-16 16:10:58,memory_ctta,grid,monitor,C:/cira_batch_test/grid/bad_17.png,bad_17.png,normal,False,0.046897582709789276,2.8610230629055877e-07,0.053714152485093335,0.053714152485093335,0.04894002191722393,False,True,16000,True,,False,0.0,cpu,patch_nearest_normal,last2,14,0.05,False,,,8.511546911904588e-05,0.00020260438468534505,True,True,False,True
2026-08-16 16:11:00,memory_ctta,grid,monitor,C:/cira_batch_test/grid/bad_19.png,bad_19.png,anomaly,True,0.09690044820308685,0.09690044820308685,0.053714152485093335,0.053714152485093335,0.04894002191722393,False,False,16000,False,,False,0.0,cpu,patch_nearest_normal,last2,14,0.05,False,,,0.00015093198453541845,0.00020260438468534505,False,True,False,True
2026-08-16 16:11:01,memory_ctta,grid,monitor,C:/cira_batch_test/grid/bad_1.png,bad_1.png,anomaly,True,0.08978359401226044,0.08978359401226044,0.053714152485093335,0.053714152485093335,0.04894002191722393,False,False,16000,False,,False,0.0,cpu,patch_nearest_normal,last2,14,0.05,False,,,0.00019528756092768162,0.00020260438468534505,False,True,False,True
2026-08-16 16:11:03,memory_ctta,grid,monitor,C:/cira_batch_test/grid/good_14.png,good_14.png,normal,False,0.05032060667872429,0.05032060667872429,0.053714152485093335,0.053714152485093335,0.04894002191722393,False,False,16000,False,,False,0.0,cpu,patch_nearest_normal,last2,14,0.05,False,,,0.00015584222273901105,0.00020260438468534505,False,True,False,True
2026-08-16 16:11:05,memory_ctta,hazelnut,monitor,C:/cira_batch_test/hazelnut/good_1.png,good_1.png,normal,False,0.10071440041065216,2.5033949668795685e-07,0.11622385221571559,0.11622385221571559,0.11048602908849717,False,True,16000,True,,False,0.0,cpu,patch_nearest_normal,last2,14,0.05,False,,,0.00015988151426427066,0.00018771860486589,True,True,False,True
2026-08-16 16:11:06,memory_ctta,hazelnut,monitor,C:/cira_batch_test/hazelnut/bad_16.png,bad_16.png,anomaly,True,0.2439599484205246,0.2439599484205246,0.11622385221571559,0.11622385221571559,0.11048602908849717,False,False,16000,False,,False,0.0,cpu,patch_nearest_normal,last2,14,0.05,False,,,0.00012854109809268266,0.00018771860486589,False,True,False,True
2026-08-16 16:11:08,memory_ctta,hazelnut,monitor,C:/cira_batch_test/hazelnut/bad_20.png,bad_20.png,anomaly,True,0.23149952292442322,0.23149952292442322,0.11622385221571559,0.11622385221571559,0.11048602908849717,False,False,16000,False,,False,0.0,cpu,patch_nearest_normal,last2,14,0.05,False,,,0.00013351836241781712,0.00018771860486589,False,True,False,True
2026-08-16 16:11:10,memory_ctta,hazelnut,monitor,C:/cira_batch_test/hazelnut/bad_12.png,bad_12.png,anomaly,True,0.13209128379821777,0.13209128379821777,0.11622385221571559,0.11622385221571559,0.11048602908849717,False,False,16000,False,,False,0.0,cpu,patch_nearest_normal,last2,14,0.05,False,,,0.00015255616744980216,0.00018771860486589,False,True,False,True
2026-08-16 16:11:12,memory_ctta,hazelnut,monitor,C:/cira_batch_test/hazelnut/good_17.png,good_17.png,normal,False,0.11537128686904907,0.11537128686904907,0.11622385221571559,0.11622385221571559,0.11048602908849717,False,False,16000,False,,False,0.0,cpu,patch_nearest_normal,last2,14,0.05,False,,,0.00016774534014984965,0.00018771860486589,False,True,False,True
2026-08-16 16:11:14,memory_ctta,hazelnut,monitor,C:/cira_batch_test/hazelnut/bad_9.png,bad_9.png,anomaly,True,0.15189433097839355,0.15189433097839355,0.11622385221571559,0.11622385221571559,0.11048602908849717,False,False,16000,False,,False,0.0,cpu,patch_nearest_normal,last2,14,0.05,False,,,0.00014781068603042513,0.00018771860486589,False,True,False,True
2026-08-16 16:11:15,memory_ctta,hazelnut,monitor,C:/cira_batch_test/hazelnut/bad_18.png,bad_18.png,anomaly,True,0.22229532897472382,0.22229532897472382,0.11622385221571559,0.11622385221571559,0.11048602908849717,False,False,16000,False,,False,0.0,cpu,patch_nearest_normal,last2,14,0.05,False,,,0.0001524202962173149,0.00018771860486589,False,True,False,True
2026-08-16 16:11:17,memory_ctta,hazelnut,monitor,C:/cira_batch_test/hazelnut/bad_13.png,bad_13.png,anomaly,True,0.12681308388710022,0.12681308388710022,0.11622385221571559,0.11622385221571559,0.11048602908849717,False,False,16000,False,,False,0.0,cpu,patch_nearest_normal,last2,14,0.05,False,,,0.00012118409358663484,0.00018771860486589,False,True,False,True
2026-08-16 16:11:18,memory_ctta,hazelnut,monitor,C:/cira_batch_test/hazelnut/bad_2.png,bad_2.png,anomaly,True,0.1989687979221344,0.1989687979221344,0.11622385221571559,0.11622385221571559,0.11048602908849717,False,False,16000,False,,False,0.0,cpu,patch_nearest_normal,last2,14,0.05,False,,,0.00015690660802647471,0.00018771860486589,False,True,False,True
2026-08-16 16:11:20,memory_ctta,hazelnut,monitor,C:/cira_batch_test/hazelnut/good_6.png,good_6.png,anomaly,True,0.12127651274204254,0.12127651274204254,0.11622385221571559,0.11622385221571559,0.11048602908849717,False,False,16000,False,,False,0.0,cpu,patch_nearest_normal,last2,14,0.05,False,,,0.00013018747267778963,0.00018771860486589,False,True,False,True
2026-08-16 16:11:22,memory_ctta,hazelnut,monitor,C:/cira_batch_test/hazelnut/good_10.png,good_10.png,normal,False,0.10749413818120956,2.682209014892578e-07,0.11622385221571559,0.11622385221571559,0.11048602908849717,False,True,16000,True,,False,0.0,cpu,patch_nearest_normal,last2,14,0.05,False,,,0.00016514466551598161,0.00018771860486589,True,True,False,True
2026-08-16 16:11:23,memory_ctta,hazelnut,monitor,C:/cira_batch_test/hazelnut/good_7.png,good_7.png,normal,False,0.0992436334490776,2.443790378947597e-07,0.11622385221571559,0.11622385221571559,0.11048602908849717,False,True,16000,True,,False,0.0,cpu,patch_nearest_normal,last2,14,0.05,False,,,0.00013693385699298233,0.00018771860486589,True,True,False,True
2026-08-16 16:11:25,memory_ctta,hazelnut,monitor,C:/cira_batch_test/hazelnut/bad_8.png,bad_8.png,anomaly,True,0.1665552854537964,0.1665552854537964,0.11622385221571559,0.11622385221571559,0.11048602908849717,False,False,16000,False,,False,0.0,cpu,patch_nearest_normal,last2,14,0.05,False,,,0.00015469823847524822,0.00018771860486589,False,True,False,True
2026-08-16 16:11:27,memory_ctta,hazelnut,monitor,C:/cira_batch_test/hazelnut/bad_10.png,bad_10.png,anomaly,True,0.24062328040599823,0.24062328040599823,0.11622385221571559,0.11622385221571559,0.11048602908849717,False,False,16000,False,,False,0.0,cpu,patch_nearest_normal,last2,14,0.05,False,,,0.00014257080329116434,0.00018771860486589,False,True,False,True
2026-08-16 16:11:28,memory_ctta,hazelnut,monitor,C:/cira_batch_test/hazelnut/good_4.png,good_4.png,normal,False,0.09205275774002075,3.099441414633475e-07,0.11622385221571559,0.11622385221571559,0.11048602908849717,False,True,16000,True,,False,0.0,cpu,patch_nearest_normal,last2,14,0.05,False,,,0.00015743434778414667,0.00018771860486589,True,True,False,True
2026-08-16 16:11:30,memory_ctta,hazelnut,monitor,C:/cira_batch_test/hazelnut/bad_5.png,bad_5.png,anomaly,True,0.1677996665239334,0.1677996665239334,0.11622385221571559,0.11622385221571559,0.11048602908849717,False,False,16000,False,,False,0.0,cpu,patch_nearest_normal,last2,14,0.05,False,,,0.00016642583068460226,0.00018771860486589,False,True,False,True
2026-08-16 16:11:32,memory_ctta,hazelnut,monitor,C:/cira_batch_test/hazelnut/good_20.png,good_20.png,normal,False,0.10138802230358124,2.682209014892578e-07,0.11622385221571559,0.11622385221571559,0.11048602908849717,False,True,16000,True,,False,0.0,cpu,patch_nearest_normal,last2,14,0.05,False,,,0.0001501536025898531,0.00018771860486589,True,True,False,True
2026-08-16 16:11:33,memory_ctta,hazelnut,monitor,C:/cira_batch_test/hazelnut/good_18.png,good_18.png,normal,False,0.09729450941085815,2.8610230629055877e-07,0.11622385221571559,0.11622385221571559,0.11048602908849717,False,True,16000,True,,False,0.0,cpu,patch_nearest_normal,last2,14,0.05,False,,,0.00015442304720636457,0.00018771860486589,True,True,False,True
2026-08-16 16:11:35,memory_ctta,hazelnut,monitor,C:/cira_batch_test/hazelnut/good_11.png,good_11.png,normal,False,0.09079436212778091,2.980232238769531e-07,0.11622385221571559,0.11622385221571559,0.11048602908849717,False,True,16000,True,,False,0.0,cpu,patch_nearest_normal,last2,14,0.05,False,,,0.00014896795619279146,0.00018771860486589,True,True,False,True
2026-08-16 16:11:37,memory_ctta,hazelnut,monitor,C:/cira_batch_test/hazelnut/good_9.png,good_9.png,normal,False,0.10258418321609497,2.74181360282455e-07,0.11622385221571559,0.11622385221571559,0.11048602908849717,False,True,16000,True,,False,0.0,cpu,patch_nearest_normal,last2,14,0.05,False,,,0.00013920290803071111,0.00018771860486589,True,True,False,True
2026-08-16 16:11:39,memory_ctta,hazelnut,monitor,C:/cira_batch_test/hazelnut/good_16.png,good_16.png,normal,False,0.09252510964870453,2.5033949668795685e-07,0.11622385221571559,0.11622385221571559,0.11048602908849717,False,True,16000,True,,False,0.0,cpu,patch_nearest_normal,last2,14,0.05,False,,,0.00015224175876937807,0.00018771860486589,True,True,False,True
2026-08-16 16:11:40,memory_ctta,hazelnut,monitor,C:/cira_batch_test/hazelnut/bad_7.png,bad_7.png,anomaly,True,0.20240283012390137,0.20240283012390137,0.11622385221571559,0.11622385221571559,0.11048602908849717,False,False,16000,False,,False,0.0,cpu,patch_nearest_normal,last2,14,0.05,False,,,0.00012998298916500062,0.00018771860486589,False,True,False,True
2026-08-16 16:11:42,memory_ctta,hazelnut,monitor,C:/cira_batch_test/hazelnut/good_13.png,good_13.png,normal,False,0.09400172531604767,3.2186508747145126e-07,0.11622385221571559,0.11622385221571559,0.11048602908849717,False,True,16000,True,,False,0.0,cpu,patch_nearest_normal,last2,14,0.05,True,C:\cira_ttl_checkpoints\hazelnut\patch_memory_bank_update_10.pt,C:\cira_ttl_checkpoints\hazelnut\patch_adapter_update_10.pt,0.00014694604033138603,0.00018771860486589,True,True,False,True
2026-08-16 16:11:44,memory_ctta,hazelnut,monitor,C:/cira_batch_test/hazelnut/good_5.png,good_5.png,normal,False,0.08172321319580078,2.980232238769531e-07,0.11622385221571559,0.11622385221571559,0.11048602908849717,False,True,16000,True,,False,0.0,cpu,patch_nearest_normal,last2,14,0.05,False,,,0.00013847590889781713,0.00018771860486589,True,True,False,True
2026-08-16 16:11:45,memory_ctta,hazelnut,monitor,C:/cira_batch_test/hazelnut/good_2.png,good_2.png,normal,False,0.09109921753406525,3.457069510659494e-07,0.11622385221571559,0.11622385221571559,0.11048602908849717,False,True,16000,True,,False,0.0,cpu,patch_nearest_normal,last2,14,0.05,False,,,0.0001501162041677162,0.00018771860486589,True,True,False,True
2026-08-16 16:11:47,memory_ctta,hazelnut,monitor,C:/cira_batch_test/hazelnut/bad_6.png,bad_6.png,anomaly,True,0.20613250136375427,0.20613250136375427,0.11622385221571559,0.11622385221571559,0.11048602908849717,False,False,16000,False,,False,0.0,cpu,patch_nearest_normal,last2,14,0.05,False,,,0.00014436323544941843,0.00018771860486589,False,True,False,True
2026-08-16 16:11:49,memory_ctta,hazelnut,monitor,C:/cira_batch_test/hazelnut/bad_14.png,bad_14.png,anomaly,True,0.20721229910850525,0.20721229910850525,0.11622385221571559,0.11622385221571559,0.11048602908849717,False,False,16000,False,,False,0.0,cpu,patch_nearest_normal,last2,14,0.05,False,,,0.00013668241444975138,0.00018771860486589,False,True,False,True
2026-08-16 16:11:50,memory_ctta,hazelnut,monitor,C:/cira_batch_test/hazelnut/good_3.png,good_3.png,normal,False,0.10413942486047745,2.8014181907565217e-07,0.11622385221571559,0.11622385221571559,0.11048602908849717,False,True,16000,True,,False,0.0,cpu,patch_nearest_normal,last2,14,0.05,False,,,0.00013720720016863197,0.00018771860486589,True,True,False,True
2026-08-16 16:11:52,memory_ctta,hazelnut,monitor,C:/cira_batch_test/hazelnut/bad_4.png,bad_4.png,anomaly,True,0.20980362594127655,0.20980362594127655,0.11622385221571559,0.11622385221571559,0.11048602908849717,False,False,16000,False,,False,0.0,cpu,patch_nearest_normal,last2,14,0.05,False,,,0.00013065774692222476,0.00018771860486589,False,True,False,True
2026-08-16 16:11:54,memory_ctta,hazelnut,monitor,C:/cira_batch_test/hazelnut/bad_15.png,bad_15.png,anomaly,True,0.2277323305606842,0.2277323305606842,0.11622385221571559,0.11622385221571559,0.11048602908849717,False,False,16000,False,,False,0.0,cpu,patch_nearest_normal,last2,14,0.05,False,,,0.00013945598038844764,0.00018771860486589,False,True,False,True
2026-08-16 16:11:55,memory_ctta,hazelnut,monitor,C:/cira_batch_test/hazelnut/good_8.png,good_8.png,normal,False,0.10249052196741104,2.74181360282455e-07,0.11622385221571559,0.11622385221571559,0.11048602908849717,False,True,16000,True,,False,0.0,cpu,patch_nearest_normal,last2,14,0.05,False,,,0.00015224491653498262,0.00018771860486589,True,True,False,True
2026-08-16 16:11:57,memory_ctta,hazelnut,monitor,C:/cira_batch_test/hazelnut/bad_3.png,bad_3.png,anomaly,True,0.21178892254829407,0.21178892254829407,0.11622385221571559,0.11622385221571559,0.11048602908849717,False,False,16000,False,,False,0.0,cpu,patch_nearest_normal,last2,14,0.05,False,,,0.00015758632798679173,0.00018771860486589,False,True,False,True
2026-08-16 16:11:59,memory_ctta,hazelnut,monitor,C:/cira_batch_test/hazelnut/bad_11.png,bad_11.png,anomaly,True,0.20918957889080048,0.20918957889080048,0.11622385221571559,0.11622385221571559,0.11048602908849717,False,False,16000,False,,False,0.0,cpu,patch_nearest_normal,last2,14,0.05,False,,,0.00015041597362142056,0.00018771860486589,False,True,False,True
2026-08-16 16:12:00,memory_ctta,hazelnut,monitor,C:/cira_batch_test/hazelnut/good_19.png,good_19.png,normal,False,0.10473842918872833,2.8610230629055877e-07,0.11622385221571559,0.11622385221571559,0.11048602908849717,False,True,16000,True,,False,0.0,cpu,patch_nearest_normal,last2,14,0.05,False,,,0.00013317912817001343,0.00018771860486589,True,True,False,True
2026-08-16 16:12:02,memory_ctta,hazelnut,monitor,C:/cira_batch_test/hazelnut/good_12.png,good_12.png,normal,False,0.09516440331935883,2.980232238769531e-07,0.11622385221571559,0.11622385221571559,0.11048602908849717,False,True,16000,True,,False,0.0,cpu,patch_nearest_normal,last2,14,0.05,False,,,0.0001500574144301936,0.00018771860486589,True,True,False,True
2026-08-16 16:12:04,memory_ctta,hazelnut,monitor,C:/cira_batch_test/hazelnut/good_15.png,good_15.png,normal,False,0.09882540255784988,2.74181360282455e-07,0.11622385221571559,0.11622385221571559,0.11048602908849717,False,True,16000,True,,False,0.0,cpu,patch_nearest_normal,last2,14,0.05,False,,,0.0001613760250620544,0.00018771860486589,True,True,False,True
2026-08-16 16:12:05,memory_ctta,hazelnut,monitor,C:/cira_batch_test/hazelnut/bad_17.png,bad_17.png,anomaly,True,0.2188519686460495,0.2188519686460495,0.11622385221571559,0.11622385221571559,0.11048602908849717,False,False,16000,False,,False,0.0,cpu,patch_nearest_normal,last2,14,0.05,False,,,0.0001387588563375175,0.00018771860486589,False,True,False,True
2026-08-16 16:12:07,memory_ctta,hazelnut,monitor,C:/cira_batch_test/hazelnut/bad_19.png,bad_19.png,anomaly,True,0.12244242429733276,0.12244242429733276,0.11622385221571559,0.11622385221571559,0.11048602908849717,False,False,16000,False,,False,0.0,cpu,patch_nearest_normal,last2,14,0.05,False,,,0.0001319869770668447,0.00018771860486589,False,True,False,True
2026-08-16 16:12:09,memory_ctta,hazelnut,monitor,C:/cira_batch_test/hazelnut/bad_1.png,bad_1.png,anomaly,True,0.15864253044128418,0.15864253044128418,0.11622385221571559,0.11622385221571559,0.11048602908849717,False,False,16000,False,,False,0.0,cpu,patch_nearest_normal,last2,14,0.05,False,,,0.00014999075210653245,0.00018771860486589,False,True,False,True
2026-08-16 16:12:10,memory_ctta,hazelnut,monitor,C:/cira_batch_test/hazelnut/good_14.png,good_14.png,normal,False,0.09194811433553696,2.443790378947597e-07,0.11622385221571559,0.11622385221571559,0.11048602908849717,False,True,16000,True,,False,0.0,cpu,patch_nearest_normal,last2,14,0.05,False,,,0.0001387957890983671,0.00018771860486589,True,True,False,True
2026-08-16 16:12:12,memory_ctta,leather,monitor,C:/cira_batch_test/leather/good_1.png,good_1.png,anomaly,True,0.035275984555482864,0.035275984555482864,0.03417175290126485,0.03417175290126485,0.030724090337753297,False,False,16000,False,,False,0.0,cpu,patch_nearest_normal,last2,14,0.05,False,,,0.00011531691416166723,0.000215753776865275,False,True,False,True
2026-08-16 16:12:14,memory_ctta,leather,monitor,C:/cira_batch_test/leather/bad_16.png,bad_16.png,anomaly,True,0.041029274463653564,0.041029274463653564,0.03417175290126485,0.03417175290126485,0.030724090337753297,False,False,16000,False,,False,0.0,cpu,patch_nearest_normal,last2,14,0.05,False,,,0.00012420144048519433,0.000215753776865275,False,True,False,True
2026-08-16 16:12:15,memory_ctta,leather,monitor,C:/cira_batch_test/leather/bad_20.png,bad_20.png,anomaly,True,0.10156619548797607,0.10156619548797607,0.03417175290126485,0.03417175290126485,0.030724090337753297,False,False,16000,False,,False,0.0,cpu,patch_nearest_normal,last2,14,0.05,False,,,0.00017808054690249264,0.000215753776865275,False,True,False,True
2026-08-16 16:12:17,memory_ctta,leather,monitor,C:/cira_batch_test/leather/bad_12.png,bad_12.png,anomaly,True,0.37309738993644714,0.37309738993644714,0.03417175290126485,0.03417175290126485,0.030724090337753297,False,False,16000,False,,False,0.0,cpu,patch_nearest_normal,last2,14,0.05,False,,,0.00012812625209335238,0.000215753776865275,False,True,False,True
2026-08-16 16:12:19,memory_ctta,leather,monitor,C:/cira_batch_test/leather/good_17.png,good_17.png,normal,False,0.03057551383972168,2.5629998390286346e-07,0.03417175290126485,0.03417175290126485,0.030724090337753297,False,True,16000,True,,False,0.0,cpu,patch_nearest_normal,last2,14,0.05,False,,,0.00013406564539764076,0.000215753776865275,True,True,False,True
2026-08-16 16:12:20,memory_ctta,leather,monitor,C:/cira_batch_test/leather/bad_9.png,bad_9.png,anomaly,True,0.03541772440075874,0.03541772440075874,0.03417175290126485,0.03417175290126485,0.030724090337753297,False,False,16000,False,,False,0.0,cpu,patch_nearest_normal,last2,14,0.05,False,,,0.0001237953401869163,0.000215753776865275,False,True,False,True
2026-08-16 16:12:22,memory_ctta,leather,monitor,C:/cira_batch_test/leather/bad_18.png,bad_18.png,anomaly,True,0.03451858088374138,0.03451858088374138,0.03417175290126485,0.03417175290126485,0.030724090337753297,False,False,16000,False,,False,0.0,cpu,patch_nearest_normal,last2,14,0.05,False,,,0.00011588217603275552,0.000215753776865275,False,True,False,True
2026-08-16 16:12:23,memory_ctta,leather,monitor,C:/cira_batch_test/leather/bad_13.png,bad_13.png,normal,False,0.03293108195066452,0.03293108195066452,0.03417175290126485,0.03417175290126485,0.030724090337753297,False,False,16000,False,,False,0.0,cpu,patch_nearest_normal,last2,14,0.05,False,,,0.0001308215141762048,0.000215753776865275,False,True,False,True
2026-08-16 16:12:25,memory_ctta,leather,monitor,C:/cira_batch_test/leather/bad_2.png,bad_2.png,anomaly,True,0.2676451504230499,0.2676451504230499,0.03417175290126485,0.03417175290126485,0.030724090337753297,False,False,16000,False,,False,0.0,cpu,patch_nearest_normal,last2,14,0.05,False,,,0.00010189957538386807,0.000215753776865275,False,True,False,True
2026-08-16 16:12:27,memory_ctta,leather,monitor,C:/cira_batch_test/leather/good_6.png,good_6.png,anomaly,True,0.03629881143569946,0.03629881143569946,0.03417175290126485,0.03417175290126485,0.030724090337753297,False,False,16000,False,,False,0.0,cpu,patch_nearest_normal,last2,14,0.05,False,,,0.000142311881063506,0.000215753776865275,False,True,False,True
2026-08-16 16:12:29,memory_ctta,leather,monitor,C:/cira_batch_test/leather/good_10.png,good_10.png,normal,False,0.0334634967148304,0.0334634967148304,0.03417175290126485,0.03417175290126485,0.030724090337753297,False,False,16000,False,,False,0.0,cpu,patch_nearest_normal,last2,14,0.05,False,,,0.00012642305227927864,0.000215753776865275,False,True,False,True
2026-08-16 16:12:30,memory_ctta,leather,monitor,C:/cira_batch_test/leather/good_7.png,good_7.png,anomaly,True,0.03576935455203056,0.03576935455203056,0.03417175290126485,0.03417175290126485,0.030724090337753297,False,False,16000,False,,False,0.0,cpu,patch_nearest_normal,last2,14,0.05,False,,,0.00010998596553690732,0.000215753776865275,False,True,False,True
2026-08-16 16:12:32,memory_ctta,leather,monitor,C:/cira_batch_test/leather/bad_8.png,bad_8.png,anomaly,True,0.03952677920460701,0.03952677920460701,0.03417175290126485,0.03417175290126485,0.030724090337753297,False,False,16000,False,,False,0.0,cpu,patch_nearest_normal,last2,14,0.05,False,,,0.00017145364836324006,0.000215753776865275,False,True,False,True
2026-08-16 16:12:34,memory_ctta,leather,monitor,C:/cira_batch_test/leather/bad_10.png,bad_10.png,anomaly,True,0.0818314328789711,0.0818314328789711,0.03417175290126485,0.03417175290126485,0.030724090337753297,False,False,16000,False,,False,0.0,cpu,patch_nearest_normal,last2,14,0.05,False,,,0.00011912516492884606,0.000215753776865275,False,True,False,True
2026-08-16 16:12:35,memory_ctta,leather,monitor,C:/cira_batch_test/leather/good_4.png,good_4.png,anomaly,True,0.0374060794711113,0.0374060794711113,0.03417175290126485,0.03417175290126485,0.030724090337753297,False,False,16000,False,,False,0.0,cpu,patch_nearest_normal,last2,14,0.05,False,,,0.00011856236233143136,0.000215753776865275,False,True,False,True
2026-08-16 16:12:37,memory_ctta,leather,monitor,C:/cira_batch_test/leather/bad_5.png,bad_5.png,anomaly,True,0.043755024671554565,0.043755024671554565,0.03417175290126485,0.03417175290126485,0.030724090337753297,False,False,16000,False,,False,0.0,cpu,patch_nearest_normal,last2,14,0.05,False,,,0.0001260908757103607,0.000215753776865275,False,True,False,True
2026-08-16 16:12:39,memory_ctta,leather,monitor,C:/cira_batch_test/leather/good_20.png,good_20.png,anomaly,True,0.038277506828308105,0.038277506828308105,0.03417175290126485,0.03417175290126485,0.030724090337753297,False,False,16000,False,,False,0.0,cpu,patch_nearest_normal,last2,14,0.05,False,,,0.00013398392184171826,0.000215753776865275,False,True,False,True
2026-08-16 16:12:41,memory_ctta,leather,monitor,C:/cira_batch_test/leather/good_18.png,good_18.png,normal,False,0.031917374581098557,0.031917374581098557,0.03417175290126485,0.03417175290126485,0.030724090337753297,False,False,16000,False,,False,0.0,cpu,patch_nearest_normal,last2,14,0.05,False,,,0.00012878046254627407,0.000215753776865275,False,True,False,True
2026-08-16 16:12:43,memory_ctta,leather,monitor,C:/cira_batch_test/leather/good_11.png,good_11.png,anomaly,True,0.03955007717013359,0.03955007717013359,0.03417175290126485,0.03417175290126485,0.030724090337753297,False,False,16000,False,,False,0.0,cpu,patch_nearest_normal,last2,14,0.05,False,,,0.00010510790889384225,0.000215753776865275,False,True,False,True
2026-08-16 16:12:44,memory_ctta,leather,monitor,C:/cira_batch_test/leather/good_9.png,good_9.png,normal,False,0.033936768770217896,0.033936768770217896,0.03417175290126485,0.03417175290126485,0.030724090337753297,False,False,16000,False,,False,0.0,cpu,patch_nearest_normal,last2,14,0.05,False,,,0.00012494012480601668,0.000215753776865275,False,True,False,True
2026-08-16 16:12:46,memory_ctta,leather,monitor,C:/cira_batch_test/leather/good_16.png,good_16.png,normal,False,0.03260789066553116,0.03260789066553116,0.03417175290126485,0.03417175290126485,0.030724090337753297,False,False,16000,False,,False,0.0,cpu,patch_nearest_normal,last2,14,0.05,False,,,0.00014986646419856697,0.000215753776865275,False,True,False,True
2026-08-16 16:12:47,memory_ctta,leather,monitor,C:/cira_batch_test/leather/bad_7.png,bad_7.png,anomaly,True,0.1882544755935669,0.1882544755935669,0.03417175290126485,0.03417175290126485,0.030724090337753297,False,False,16000,False,,False,0.0,cpu,patch_nearest_normal,last2,14,0.05,False,,,0.0001406281371600926,0.000215753776865275,False,True,False,True
2026-08-16 16:12:49,memory_ctta,leather,monitor,C:/cira_batch_test/leather/good_13.png,good_13.png,anomaly,True,0.04149242118000984,0.04149242118000984,0.03417175290126485,0.03417175290126485,0.030724090337753297,False,False,16000,False,,False,0.0,cpu,patch_nearest_normal,last2,14,0.05,False,,,0.00012347803567536175,0.000215753776865275,False,True,False,True
2026-08-16 16:12:51,memory_ctta,leather,monitor,C:/cira_batch_test/leather/good_5.png,good_5.png,anomaly,True,0.03432568907737732,0.03432568907737732,0.03417175290126485,0.03417175290126485,0.030724090337753297,False,False,16000,False,,False,0.0,cpu,patch_nearest_normal,last2,14,0.05,False,,,0.00011044815619243309,0.000215753776865275,False,True,False,True
2026-08-16 16:12:52,memory_ctta,leather,monitor,C:/cira_batch_test/leather/good_2.png,good_2.png,anomaly,True,0.03594580292701721,0.03594580292701721,0.03417175290126485,0.03417175290126485,0.030724090337753297,False,False,16000,False,,False,0.0,cpu,patch_nearest_normal,last2,14,0.05,False,,,0.00011015024210792035,0.000215753776865275,False,True,False,True
2026-08-16 16:12:54,memory_ctta,leather,monitor,C:/cira_batch_test/leather/bad_6.png,bad_6.png,anomaly,True,0.03683886677026749,0.03683886677026749,0.03417175290126485,0.03417175290126485,0.030724090337753297,False,False,16000,False,,False,0.0,cpu,patch_nearest_normal,last2,14,0.05,False,,,0.0001313951361225918,0.000215753776865275,False,True,False,True
2026-08-16 16:12:56,memory_ctta,leather,monitor,C:/cira_batch_test/leather/bad_14.png,bad_14.png,anomaly,True,0.35711953043937683,0.35711953043937683,0.03417175290126485,0.03417175290126485,0.030724090337753297,False,False,16000,False,,False,0.0,cpu,patch_nearest_normal,last2,14,0.05,False,,,0.00011687917867675424,0.000215753776865275,False,True,False,True
2026-08-16 16:12:57,memory_ctta,leather,monitor,C:/cira_batch_test/leather/good_3.png,good_3.png,anomaly,True,0.03567728400230408,0.03567728400230408,0.03417175290126485,0.03417175290126485,0.030724090337753297,False,False,16000,False,,False,0.0,cpu,patch_nearest_normal,last2,14,0.05,False,,,0.00013532006414607167,0.000215753776865275,False,True,False,True
2026-08-16 16:12:59,memory_ctta,leather,monitor,C:/cira_batch_test/leather/bad_4.png,bad_4.png,anomaly,True,0.07353899627923965,0.07353899627923965,0.03417175290126485,0.03417175290126485,0.030724090337753297,False,False,16000,False,,False,0.0,cpu,patch_nearest_normal,last2,14,0.05,False,,,0.00014970763004384935,0.000215753776865275,False,True,False,True
2026-08-16 16:13:01,memory_ctta,leather,monitor,C:/cira_batch_test/leather/bad_15.png,bad_15.png,anomaly,True,0.13463902473449707,0.13463902473449707,0.03417175290126485,0.03417175290126485,0.030724090337753297,False,False,16000,False,,False,0.0,cpu,patch_nearest_normal,last2,14,0.05,False,,,0.00012242069351486862,0.000215753776865275,False,True,False,True
2026-08-16 16:13:02,memory_ctta,leather,monitor,C:/cira_batch_test/leather/good_8.png,good_8.png,anomaly,True,0.03525378182530403,0.03525378182530403,0.03417175290126485,0.03417175290126485,0.030724090337753297,False,False,16000,False,,False,0.0,cpu,patch_nearest_normal,last2,14,0.05,False,,,0.00011674209963530302,0.000215753776865275,False,True,False,True
2026-08-16 16:13:04,memory_ctta,leather,monitor,C:/cira_batch_test/leather/bad_3.png,bad_3.png,anomaly,True,0.37446609139442444,0.37446609139442444,0.03417175290126485,0.03417175290126485,0.030724090337753297,False,False,16000,False,,False,0.0,cpu,patch_nearest_normal,last2,14,0.05,False,,,0.00016282846627291292,0.000215753776865275,False,True,False,True
2026-08-16 16:13:05,memory_ctta,leather,monitor,C:/cira_batch_test/leather/bad_11.png,bad_11.png,anomaly,True,0.3873249888420105,0.3873249888420105,0.03417175290126485,0.03417175290126485,0.030724090337753297,False,False,16000,False,,False,0.0,cpu,patch_nearest_normal,last2,14,0.05,False,,,0.00017223552276846021,0.000215753776865275,False,True,False,True
2026-08-16 16:13:07,memory_ctta,leather,monitor,C:/cira_batch_test/leather/good_19.png,good_19.png,normal,False,0.0268719382584095,3.397464638510428e-07,0.03417175290126485,0.03417175290126485,0.030724090337753297,False,True,16000,True,,False,0.0,cpu,patch_nearest_normal,last2,14,0.05,False,,,0.00014614051906391978,0.000215753776865275,True,True,False,True
2026-08-16 16:13:09,memory_ctta,leather,monitor,C:/cira_batch_test/leather/good_12.png,good_12.png,anomaly,True,0.041568823158741,0.041568823158741,0.03417175290126485,0.03417175290126485,0.030724090337753297,False,False,16000,False,,False,0.0,cpu,patch_nearest_normal,last2,14,0.05,False,,,0.0001150578900706023,0.000215753776865275,False,True,False,True
2026-08-16 16:13:10,memory_ctta,leather,monitor,C:/cira_batch_test/leather/good_15.png,good_15.png,normal,False,0.025934357196092606,3.039836826701503e-07,0.03417175290126485,0.03417175290126485,0.030724090337753297,False,True,16000,True,,False,0.0,cpu,patch_nearest_normal,last2,14,0.05,False,,,0.0001589278399478644,0.000215753776865275,True,True,False,True
2026-08-16 16:13:12,memory_ctta,leather,monitor,C:/cira_batch_test/leather/bad_17.png,bad_17.png,anomaly,True,0.24078354239463806,0.24078354239463806,0.03417175290126485,0.03417175290126485,0.030724090337753297,False,False,16000,False,,False,0.0,cpu,patch_nearest_normal,last2,14,0.05,False,,,0.0001669672055868432,0.000215753776865275,False,True,False,True
2026-08-16 16:13:14,memory_ctta,leather,monitor,C:/cira_batch_test/leather/bad_19.png,bad_19.png,normal,False,0.031966984272003174,0.031966984272003174,0.03417175290126485,0.03417175290126485,0.030724090337753297,False,False,16000,False,,False,0.0,cpu,patch_nearest_normal,last2,14,0.05,False,,,0.00017377367476001382,0.000215753776865275,False,True,False,True
2026-08-16 16:13:15,memory_ctta,leather,monitor,C:/cira_batch_test/leather/bad_1.png,bad_1.png,anomaly,True,0.04887967184185982,0.04887967184185982,0.03417175290126485,0.03417175290126485,0.030724090337753297,False,False,16000,False,,False,0.0,cpu,patch_nearest_normal,last2,14,0.05,False,,,0.00013339378347154707,0.000215753776865275,False,True,False,True
2026-08-16 16:13:17,memory_ctta,leather,monitor,C:/cira_batch_test/leather/good_14.png,good_14.png,anomaly,True,0.046530455350875854,0.046530455350875854,0.03417175290126485,0.03417175290126485,0.030724090337753297,False,False,16000,False,,False,0.0,cpu,patch_nearest_normal,last2,14,0.05,False,,,0.00012083519686711952,0.000215753776865275,False,True,False,True
2026-08-16 16:13:19,memory_ctta,metal_nut,monitor,C:/cira_batch_test/metal_nut/good_1.png,good_1.png,normal,False,0.05869795009493828,2.6226044269606064e-07,0.07371339670893942,0.07371339670893942,0.06968219578266144,False,True,16000,True,,False,0.0,cpu,patch_nearest_normal,last2,14,0.05,False,,,8.491314656566828e-05,0.00010222778946618,True,True,False,True
2026-08-16 16:13:20,memory_ctta,metal_nut,monitor,C:/cira_batch_test/metal_nut/bad_16.png,bad_16.png,anomaly,True,0.18683616816997528,0.18683616816997528,0.07371339670893942,0.07371339670893942,0.06968219578266144,False,False,16000,False,,False,0.0,cpu,patch_nearest_normal,last2,14,0.05,False,,,0.00010504619422135875,0.00010222778946618,False,False,False,True
2026-08-16 16:13:22,memory_ctta,metal_nut,monitor,C:/cira_batch_test/metal_nut/bad_20.png,bad_20.png,anomaly,True,0.1626330316066742,0.1626330316066742,0.07371339670893942,0.07371339670893942,0.06968219578266144,False,False,16000,False,,False,0.0,cpu,patch_nearest_normal,last2,14,0.05,False,,,9.992747800424695e-05,0.00010222778946618,False,True,False,True
2026-08-16 16:13:23,memory_ctta,metal_nut,monitor,C:/cira_batch_test/metal_nut/bad_12.png,bad_12.png,anomaly,True,0.11925728619098663,0.11925728619098663,0.07371339670893942,0.07371339670893942,0.06968219578266144,False,False,16000,False,,False,0.0,cpu,patch_nearest_normal,last2,14,0.05,False,,,9.326854342361912e-05,0.00010222778946618,False,True,False,True
2026-08-16 16:13:25,memory_ctta,metal_nut,monitor,C:/cira_batch_test/metal_nut/good_17.png,good_17.png,anomaly,True,0.08906935155391693,0.08906935155391693,0.07371339670893942,0.07371339670893942,0.06968219578266144,False,False,16000,False,,False,0.0,cpu,patch_nearest_normal,last2,14,0.05,False,,,0.00010419028694741428,0.00010222778946618,False,False,False,True
2026-08-16 16:13:26,memory_ctta,metal_nut,monitor,C:/cira_batch_test/metal_nut/bad_9.png,bad_9.png,anomaly,True,0.15985605120658875,0.15985605120658875,0.07371339670893942,0.07371339670893942,0.06968219578266144,False,False,16000,False,,False,0.0,cpu,patch_nearest_normal,last2,14,0.05,False,,,0.00010529925202718005,0.00010222778946618,False,False,False,True
2026-08-16 16:13:28,memory_ctta,metal_nut,monitor,C:/cira_batch_test/metal_nut/bad_18.png,bad_18.png,anomaly,True,0.12510395050048828,0.12510395050048828,0.07371339670893942,0.07371339670893942,0.06968219578266144,False,False,16000,False,,False,0.0,cpu,patch_nearest_normal,last2,14,0.05,False,,,0.00010152328468393534,0.00010222778946618,False,True,False,True
2026-08-16 16:13:29,memory_ctta,metal_nut,monitor,C:/cira_batch_test/metal_nut/bad_13.png,bad_13.png,anomaly,True,0.1874048262834549,0.1874048262834549,0.07371339670893942,0.07371339670893942,0.06968219578266144,False,False,16000,False,,False,0.0,cpu,patch_nearest_normal,last2,14,0.05,False,,,9.852032962953672e-05,0.00010222778946618,False,True,False,True
2026-08-16 16:13:31,memory_ctta,metal_nut,monitor,C:/cira_batch_test/metal_nut/bad_2.png,bad_2.png,anomaly,True,0.0789165273308754,0.0789165273308754,0.07371339670893942,0.07371339670893942,0.06968219578266144,False,False,16000,False,,False,0.0,cpu,patch_nearest_normal,last2,14,0.05,False,,,0.00011014113260898739,0.00010222778946618,False,False,False,True
2026-08-16 16:13:33,memory_ctta,metal_nut,monitor,C:/cira_batch_test/metal_nut/good_6.png,good_6.png,normal,False,0.0666198804974556,0.0666198804974556,0.07371339670893942,0.07371339670893942,0.06968219578266144,False,False,16000,False,,False,0.0,cpu,patch_nearest_normal,last2,14,0.05,False,,,0.00010922721412498504,0.00010222778946618,True,False,False,True
2026-08-16 16:13:34,memory_ctta,metal_nut,monitor,C:/cira_batch_test/metal_nut/good_10.png,good_10.png,anomaly,True,0.07405859231948853,0.07405859231948853,0.07371339670893942,0.07371339670893942,0.06968219578266144,False,False,16000,False,,False,0.0,cpu,patch_nearest_normal,last2,14,0.05,False,,,8.895773498807102e-05,0.00010222778946618,False,True,False,True
2026-08-16 16:13:36,memory_ctta,metal_nut,monitor,C:/cira_batch_test/metal_nut/good_7.png,good_7.png,normal,False,0.06684857606887817,2.6226044269606064e-07,0.07371339670893942,0.07371339670893942,0.06968219578266144,False,True,16000,True,,False,0.0,cpu,patch_nearest_normal,last2,14,0.05,False,,,9.781718836165965e-05,0.00010222778946618,True,True,False,True
2026-08-16 16:13:37,memory_ctta,metal_nut,monitor,C:/cira_batch_test/metal_nut/bad_8.png,bad_8.png,anomaly,True,0.16784414649009705,0.16784414649009705,0.07371339670893942,0.07371339670893942,0.06968219578266144,False,False,16000,False,,False,0.0,cpu,patch_nearest_normal,last2,14,0.05,False,,,0.00012988927483092993,0.00010222778946618,False,False,False,True
2026-08-16 16:13:39,memory_ctta,metal_nut,monitor,C:/cira_batch_test/metal_nut/bad_10.png,bad_10.png,anomaly,True,0.11286713927984238,0.11286713927984238,0.07371339670893942,0.07371339670893942,0.06968219578266144,False,False,16000,False,,False,0.0,cpu,patch_nearest_normal,last2,14,0.05,False,,,0.00010497839684830979,0.00010222778946618,False,False,False,True
2026-08-16 16:13:40,memory_ctta,metal_nut,monitor,C:/cira_batch_test/metal_nut/good_4.png,good_4.png,normal,False,0.06178082153201103,2.6226044269606064e-07,0.07371339670893942,0.07371339670893942,0.06968219578266144,False,True,16000,True,,False,0.0,cpu,patch_nearest_normal,last2,14,0.05,False,,,9.018369019031525e-05,0.00010222778946618,True,True,False,True
2026-08-16 16:13:42,memory_ctta,metal_nut,monitor,C:/cira_batch_test/metal_nut/bad_5.png,bad_5.png,anomaly,True,0.1522161066532135,0.1522161066532135,0.07371339670893942,0.07371339670893942,0.06968219578266144,False,False,16000,False,,False,0.0,cpu,patch_nearest_normal,last2,14,0.05,False,,,0.00011640836601145566,0.00010222778946618,False,False,False,True
2026-08-16 16:13:44,memory_ctta,metal_nut,monitor,C:/cira_batch_test/metal_nut/good_20.png,good_20.png,normal,False,0.05908440425992012,2.8014181907565217e-07,0.07371339670893942,0.07371339670893942,0.06968219578266144,False,True,16000,True,,False,0.0,cpu,patch_nearest_normal,last2,14,0.05,False,,,9.722675167722628e-05,0.00010222778946618,True,True,False,True
2026-08-16 16:13:45,memory_ctta,metal_nut,monitor,C:/cira_batch_test/metal_nut/good_18.png,good_18.png,normal,False,0.06060028076171875,0.06060028076171875,0.07371339670893942,0.07371339670893942,0.06968219578266144,False,False,16000,False,,False,0.0,cpu,patch_nearest_normal,last2,14,0.05,False,,,0.0001046558900270611,0.00010222778946618,True,False,False,True
2026-08-16 16:13:47,memory_ctta,metal_nut,monitor,C:/cira_batch_test/metal_nut/good_11.png,good_11.png,anomaly,True,0.07571141421794891,0.07571141421794891,0.07371339670893942,0.07371339670893942,0.06968219578266144,False,False,16000,False,,False,0.0,cpu,patch_nearest_normal,last2,14,0.05,False,,,8.744407386984676e-05,0.00010222778946618,False,True,False,True
2026-08-16 16:13:48,memory_ctta,metal_nut,monitor,C:/cira_batch_test/metal_nut/good_9.png,good_9.png,anomaly,True,0.0800253227353096,0.0800253227353096,0.07371339670893942,0.07371339670893942,0.06968219578266144,False,False,16000,False,,False,0.0,cpu,patch_nearest_normal,last2,14,0.05,False,,,9.047289495356381e-05,0.00010222778946618,False,True,False,True
2026-08-16 16:13:50,memory_ctta,metal_nut,monitor,C:/cira_batch_test/metal_nut/good_16.png,good_16.png,normal,False,0.06925778090953827,2.9206276508375595e-07,0.07371339670893942,0.07371339670893942,0.06968219578266144,False,True,16000,True,,False,0.0,cpu,patch_nearest_normal,last2,14,0.05,False,,,8.709448593435809e-05,0.00010222778946618,True,True,False,True
2026-08-16 16:13:51,memory_ctta,metal_nut,monitor,C:/cira_batch_test/metal_nut/bad_7.png,bad_7.png,anomaly,True,0.1472412496805191,0.1472412496805191,0.07371339670893942,0.07371339670893942,0.06968219578266144,False,False,16000,False,,False,0.0,cpu,patch_nearest_normal,last2,14,0.05,False,,,0.00011565032764337957,0.00010222778946618,False,False,False,True
2026-08-16 16:13:53,memory_ctta,metal_nut,monitor,C:/cira_batch_test/metal_nut/good_13.png,good_13.png,normal,False,0.06833196431398392,2.443790378947597e-07,0.07371339670893942,0.07371339670893942,0.06968219578266144,False,True,16000,True,,False,0.0,cpu,patch_nearest_normal,last2,14,0.05,False,,,8.550027996534482e-05,0.00010222778946618,True,True,False,True
2026-08-16 16:13:54,memory_ctta,metal_nut,monitor,C:/cira_batch_test/metal_nut/good_5.png,good_5.png,normal,False,0.05896974354982376,2.682209014892578e-07,0.07371339670893942,0.07371339670893942,0.06968219578266144,False,True,16000,True,,False,0.0,cpu,patch_nearest_normal,last2,14,0.05,False,,,9.360400144942105e-05,0.00010222778946618,True,True,False,True
2026-08-16 16:13:56,memory_ctta,metal_nut,monitor,C:/cira_batch_test/metal_nut/good_2.png,good_2.png,normal,False,0.060516513884067535,2.980232238769531e-07,0.07371339670893942,0.07371339670893942,0.06968219578266144,False,True,16000,True,,False,0.0,cpu,patch_nearest_normal,last2,14,0.05,False,,,9.829666669247672e-05,0.00010222778946618,True,True,False,True
2026-08-16 16:13:58,memory_ctta,metal_nut,monitor,C:/cira_batch_test/metal_nut/bad_6.png,bad_6.png,anomaly,True,0.15864525735378265,0.15864525735378265,0.07371339670893942,0.07371339670893942,0.06968219578266144,False,False,16000,False,,False,0.0,cpu,patch_nearest_normal,last2,14,0.05,False,,,0.0001421584893250838,0.00010222778946618,False,False,False,True
2026-08-16 16:13:59,memory_ctta,metal_nut,monitor,C:/cira_batch_test/metal_nut/bad_14.png,bad_14.png,anomaly,True,0.16305036842823029,0.16305036842823029,0.07371339670893942,0.07371339670893942,0.06968219578266144,False,False,16000,False,,False,0.0,cpu,patch_nearest_normal,last2,14,0.05,False,,,0.00010413373092887923,0.00010222778946618,False,False,False,True
2026-08-16 16:14:01,memory_ctta,metal_nut,monitor,C:/cira_batch_test/metal_nut/good_3.png,good_3.png,normal,False,0.06197228282690048,2.682209014892578e-07,0.07371339670893942,0.07371339670893942,0.06968219578266144,False,True,16000,True,,False,0.0,cpu,patch_nearest_normal,last2,14,0.05,False,,,0.00010072588338516653,0.00010222778946618,True,True,False,True
2026-08-16 16:14:02,memory_ctta,metal_nut,monitor,C:/cira_batch_test/metal_nut/bad_4.png,bad_4.png,anomaly,True,0.1971045732498169,0.1971045732498169,0.07371339670893942,0.07371339670893942,0.06968219578266144,False,False,16000,False,,False,0.0,cpu,patch_nearest_normal,last2,14,0.05,False,,,0.00011566161265363917,0.00010222778946618,False,False,False,True
2026-08-16 16:14:04,memory_ctta,metal_nut,monitor,C:/cira_batch_test/metal_nut/bad_15.png,bad_15.png,anomaly,True,0.16560859978199005,0.16560859978199005,0.07371339670893942,0.07371339670893942,0.06968219578266144,False,False,16000,False,,False,0.0,cpu,patch_nearest_normal,last2,14,0.05,False,,,0.00013492202560883015,0.00010222778946618,False,False,False,True
2026-08-16 16:14:05,memory_ctta,metal_nut,monitor,C:/cira_batch_test/metal_nut/good_8.png,good_8.png,anomaly,True,0.07611600309610367,0.07611600309610367,0.07371339670893942,0.07371339670893942,0.06968219578266144,False,False,16000,False,,False,0.0,cpu,patch_nearest_normal,last2,14,0.05,False,,,9.336222137790173e-05,0.00010222778946618,False,True,False,True
2026-08-16 16:14:07,memory_ctta,metal_nut,monitor,C:/cira_batch_test/metal_nut/bad_3.png,bad_3.png,anomaly,True,0.1499841958284378,0.1499841958284378,0.07371339670893942,0.07371339670893942,0.06968219578266144,False,False,16000,False,,False,0.0,cpu,patch_nearest_normal,last2,14,0.05,False,,,0.0001018921539071016,0.00010222778946618,False,True,False,True
2026-08-16 16:14:08,memory_ctta,metal_nut,monitor,C:/cira_batch_test/metal_nut/bad_11.png,bad_11.png,anomaly,True,0.16310903429985046,0.16310903429985046,0.07371339670893942,0.07371339670893942,0.06968219578266144,False,False,16000,False,,False,0.0,cpu,patch_nearest_normal,last2,14,0.05,False,,,0.00013695674715563655,0.00010222778946618,False,False,False,True
2026-08-16 16:14:10,memory_ctta,metal_nut,monitor,C:/cira_batch_test/metal_nut/good_19.png,good_19.png,normal,False,0.054855138063430786,2.74181360282455e-07,0.07371339670893942,0.07371339670893942,0.06968219578266144,False,True,16000,True,,False,0.0,cpu,patch_nearest_normal,last2,14,0.05,True,C:\cira_ttl_checkpoints\metal_nut\patch_memory_bank_update_10.pt,C:\cira_ttl_checkpoints\metal_nut\patch_adapter_update_10.pt,0.00010131706949323416,0.00010222778946618,True,True,False,True
2026-08-16 16:14:12,memory_ctta,metal_nut,monitor,C:/cira_batch_test/metal_nut/good_12.png,good_12.png,normal,False,0.07280516624450684,0.07280516624450684,0.07371339670893942,0.07371339670893942,0.06968219578266144,False,False,16000,False,,False,0.0,cpu,patch_nearest_normal,last2,14,0.05,False,,,0.00010806018690345809,0.00010222778946618,False,False,False,True
2026-08-16 16:14:13,memory_ctta,metal_nut,monitor,C:/cira_batch_test/metal_nut/good_15.png,good_15.png,normal,False,0.05857216566801071,2.980232238769531e-07,0.07371339670893942,0.07371339670893942,0.06968219578266144,False,True,16000,True,,False,0.0,cpu,patch_nearest_normal,last2,14,0.05,False,,,9.561289334669709e-05,0.00010222778946618,True,True,False,True
2026-08-16 16:14:15,memory_ctta,metal_nut,monitor,C:/cira_batch_test/metal_nut/bad_17.png,bad_17.png,anomaly,True,0.1539536416530609,0.1539536416530609,0.07371339670893942,0.07371339670893942,0.06968219578266144,False,False,16000,False,,False,0.0,cpu,patch_nearest_normal,last2,14,0.05,False,,,0.00011104828445240855,0.00010222778946618,False,False,False,True
2026-08-16 16:14:16,memory_ctta,metal_nut,monitor,C:/cira_batch_test/metal_nut/bad_19.png,bad_19.png,anomaly,True,0.1577235460281372,0.1577235460281372,0.07371339670893942,0.07371339670893942,0.06968219578266144,False,False,16000,False,,False,0.0,cpu,patch_nearest_normal,last2,14,0.05,False,,,0.00013097829651087523,0.00010222778946618,False,False,False,True
2026-08-16 16:14:18,memory_ctta,metal_nut,monitor,C:/cira_batch_test/metal_nut/bad_1.png,bad_1.png,anomaly,True,0.12079068273305893,0.12079068273305893,0.07371339670893942,0.07371339670893942,0.06968219578266144,False,False,16000,False,,False,0.0,cpu,patch_nearest_normal,last2,14,0.05,False,,,9.806914022192359e-05,0.00010222778946618,False,True,False,True
2026-08-16 16:14:19,memory_ctta,metal_nut,monitor,C:/cira_batch_test/metal_nut/good_14.png,good_14.png,normal,False,0.07005228102207184,0.07005228102207184,0.07371339670893942,0.07371339670893942,0.06968219578266144,False,False,16000,False,,False,0.0,cpu,patch_nearest_normal,last2,14,0.05,False,,,9.297162614529952e-05,0.00010222778946618,False,True,False,True
2026-08-16 16:14:21,memory_ctta,pill,monitor,C:/cira_batch_test/pill/good_1.png,good_1.png,normal,False,0.04695393890142441,2.384185791015625e-07,0.05881828558520522,0.05881828558520522,0.05084799118340016,False,True,16000,True,,False,0.0,cpu,patch_nearest_normal,last2,14,0.05,False,,,0.00015103457553777844,0.00015804108188598499,True,True,False,True
2026-08-16 16:14:22,memory_ctta,pill,monitor,C:/cira_batch_test/pill/bad_16.png,bad_16.png,anomaly,True,0.0749705582857132,0.0749705582857132,0.05881828558520522,0.05881828558520522,0.05084799118340016,False,False,16000,False,,False,0.0,cpu,patch_nearest_normal,last2,14,0.05,False,,,0.0001482341904193163,0.00015804108188598499,False,True,False,True
2026-08-16 16:14:24,memory_ctta,pill,monitor,C:/cira_batch_test/pill/bad_20.png,bad_20.png,anomaly,True,0.06332916766405106,0.06332916766405106,0.05881828558520522,0.05881828558520522,0.05084799118340016,False,False,16000,False,,False,0.0,cpu,patch_nearest_normal,last2,14,0.05,False,,,0.00013765215408056974,0.00015804108188598499,False,True,False,True
2026-08-16 16:14:25,memory_ctta,pill,monitor,C:/cira_batch_test/pill/bad_12.png,bad_12.png,anomaly,True,0.12503094971179962,0.12503094971179962,0.05881828558520522,0.05881828558520522,0.05084799118340016,False,False,16000,False,,False,0.0,cpu,patch_nearest_normal,last2,14,0.05,False,,,0.00016860022151377052,0.00015804108188598499,False,False,False,True
2026-08-16 16:14:27,memory_ctta,pill,monitor,C:/cira_batch_test/pill/good_17.png,good_17.png,normal,False,0.05526960641145706,0.05526960641145706,0.05881828558520522,0.05881828558520522,0.05084799118340016,False,False,16000,False,,False,0.0,cpu,patch_nearest_normal,last2,14,0.05,False,,,0.0001590307947481051,0.00015804108188598499,False,False,False,True
2026-08-16 16:14:28,memory_ctta,pill,monitor,C:/cira_batch_test/pill/bad_9.png,bad_9.png,anomaly,True,0.06180184334516525,0.06180184334516525,0.05881828558520522,0.05881828558520522,0.05084799118340016,False,False,16000,False,,False,0.0,cpu,patch_nearest_normal,last2,14,0.05,False,,,0.00013384591147769243,0.00015804108188598499,False,True,False,True
2026-08-16 16:14:30,memory_ctta,pill,monitor,C:/cira_batch_test/pill/bad_18.png,bad_18.png,normal,False,0.05530353635549545,0.05530353635549545,0.05881828558520522,0.05881828558520522,0.05084799118340016,False,False,16000,False,,False,0.0,cpu,patch_nearest_normal,last2,14,0.05,False,,,0.00014296175504568964,0.00015804108188598499,False,True,False,True
2026-08-16 16:14:32,memory_ctta,pill,monitor,C:/cira_batch_test/pill/bad_13.png,bad_13.png,normal,False,0.05810772255063057,0.05810772255063057,0.05881828558520522,0.05881828558520522,0.05084799118340016,False,False,16000,False,,False,0.0,cpu,patch_nearest_normal,last2,14,0.05,False,,,0.00015816935047041625,0.00015804108188598499,False,False,False,True
2026-08-16 16:14:33,memory_ctta,pill,monitor,C:/cira_batch_test/pill/bad_2.png,bad_2.png,anomaly,True,0.07594049721956253,0.07594049721956253,0.05881828558520522,0.05881828558520522,0.05084799118340016,False,False,16000,False,,False,0.0,cpu,patch_nearest_normal,last2,14,0.05,False,,,0.00015213177539408207,0.00015804108188598499,False,True,False,True
2026-08-16 16:14:35,memory_ctta,pill,monitor,C:/cira_batch_test/pill/good_6.png,good_6.png,normal,False,0.04519394040107727,2.74181360282455e-07,0.05881828558520522,0.05881828558520522,0.05084799118340016,False,True,16000,True,,False,0.0,cpu,patch_nearest_normal,last2,14,0.05,False,,,0.00014658248983323574,0.00015804108188598499,True,True,False,True
2026-08-16 16:14:36,memory_ctta,pill,monitor,C:/cira_batch_test/pill/good_10.png,good_10.png,normal,False,0.04500020667910576,3.2186508747145126e-07,0.05881828558520522,0.05881828558520522,0.05084799118340016,False,True,16000,True,,False,0.0,cpu,patch_nearest_normal,last2,14,0.05,False,,,0.000131837441585958,0.00015804108188598499,True,True,False,True
2026-08-16 16:14:38,memory_ctta,pill,monitor,C:/cira_batch_test/pill/good_7.png,good_7.png,normal,False,0.04498597979545593,2.74181360282455e-07,0.05881828558520522,0.05881828558520522,0.05084799118340016,False,True,16000,True,,False,0.0,cpu,patch_nearest_normal,last2,14,0.05,False,,,0.00015549709496553987,0.00015804108188598499,True,True,False,True
2026-08-16 16:14:40,memory_ctta,pill,monitor,C:/cira_batch_test/pill/bad_8.png,bad_8.png,anomaly,True,0.11670470237731934,0.11670470237731934,0.05881828558520522,0.05881828558520522,0.05084799118340016,False,False,16000,False,,False,0.0,cpu,patch_nearest_normal,last2,14,0.05,False,,,0.00014325302618090063,0.00015804108188598499,False,True,False,True
2026-08-16 16:14:41,memory_ctta,pill,monitor,C:/cira_batch_test/pill/bad_10.png,bad_10.png,normal,False,0.04526616260409355,2.682209014892578e-07,0.05881828558520522,0.05881828558520522,0.05084799118340016,False,True,16000,True,,False,0.0,cpu,patch_nearest_normal,last2,14,0.05,False,,,0.00015668004925828427,0.00015804108188598499,True,True,False,True
2026-08-16 16:14:43,memory_ctta,pill,monitor,C:/cira_batch_test/pill/good_4.png,good_4.png,normal,False,0.04710718244314194,2.980232238769531e-07,0.05881828558520522,0.05881828558520522,0.05084799118340016,False,True,16000,True,,False,0.0,cpu,patch_nearest_normal,last2,14,0.05,False,,,0.0001488239213358611,0.00015804108188598499,True,True,False,True
2026-08-16 16:14:44,memory_ctta,pill,monitor,C:/cira_batch_test/pill/bad_5.png,bad_5.png,anomaly,True,0.1880561262369156,0.1880561262369156,0.05881828558520522,0.05881828558520522,0.05084799118340016,False,False,16000,False,,False,0.0,cpu,patch_nearest_normal,last2,14,0.05,False,,,0.00013558061618823558,0.00015804108188598499,False,True,False,True
2026-08-16 16:14:46,memory_ctta,pill,monitor,C:/cira_batch_test/pill/good_20.png,good_20.png,normal,False,0.049751896411180496,2.6226044269606064e-07,0.05881828558520522,0.05881828558520522,0.05084799118340016,False,True,16000,True,,False,0.0,cpu,patch_nearest_normal,last2,14,0.05,False,,,0.00012301841343287379,0.00015804108188598499,True,True,False,True
2026-08-16 16:14:48,memory_ctta,pill,monitor,C:/cira_batch_test/pill/good_18.png,good_18.png,normal,False,0.04879413917660713,2.9206276508375595e-07,0.05881828558520522,0.05881828558520522,0.05084799118340016,False,True,16000,True,,False,0.0,cpu,patch_nearest_normal,last2,14,0.05,False,,,0.00015698766219429672,0.00015804108188598499,True,True,False,True
2026-08-16 16:14:49,memory_ctta,pill,monitor,C:/cira_batch_test/pill/good_11.png,good_11.png,normal,False,0.04755569249391556,2.8014181907565217e-07,0.05881828558520522,0.05881828558520522,0.05084799118340016,False,True,16000,True,,False,0.0,cpu,patch_nearest_normal,last2,14,0.05,False,,,0.0001230462221428752,0.00015804108188598499,True,True,False,True
2026-08-16 16:14:51,memory_ctta,pill,monitor,C:/cira_batch_test/pill/good_9.png,good_9.png,normal,False,0.046285230666399,2.384185791015625e-07,0.05881828558520522,0.05881828558520522,0.05084799118340016,False,True,16000,True,,False,0.0,cpu,patch_nearest_normal,last2,14,0.05,True,C:\cira_ttl_checkpoints\pill\patch_memory_bank_update_10.pt,C:\cira_ttl_checkpoints\pill\patch_adapter_update_10.pt,0.00014111540804151446,0.00015804108188598499,True,True,False,True
2026-08-16 16:14:52,memory_ctta,pill,monitor,C:/cira_batch_test/pill/good_16.png,good_16.png,normal,False,0.05161695554852486,0.05161695554852486,0.05881828558520522,0.05881828558520522,0.05084799118340016,False,False,16000,False,,False,0.0,cpu,patch_nearest_normal,last2,14,0.05,False,,,0.0001447035901946947,0.00015804108188598499,False,True,False,True
2026-08-16 16:14:54,memory_ctta,pill,monitor,C:/cira_batch_test/pill/bad_7.png,bad_7.png,anomaly,True,0.0727357268333435,0.0727357268333435,0.05881828558520522,0.05881828558520522,0.05084799118340016,False,False,16000,False,,False,0.0,cpu,patch_nearest_normal,last2,14,0.05,False,,,0.00014274580462370068,0.00015804108188598499,False,True,False,True
2026-08-16 16:14:55,memory_ctta,pill,monitor,C:/cira_batch_test/pill/good_13.png,good_13.png,normal,False,0.056280117481946945,0.056280117481946945,0.05881828558520522,0.05881828558520522,0.05084799118340016,False,False,16000,False,,False,0.0,cpu,patch_nearest_normal,last2,14,0.05,False,,,0.00013644889986608177,0.00015804108188598499,False,True,False,True
2026-08-16 16:14:57,memory_ctta,pill,monitor,C:/cira_batch_test/pill/good_5.png,good_5.png,normal,False,0.04010695219039917,3.099441414633475e-07,0.05881828558520522,0.05881828558520522,0.05084799118340016,False,True,16000,True,,False,0.0,cpu,patch_nearest_normal,last2,14,0.05,False,,,0.00013335930998437107,0.00015804108188598499,True,True,False,True
2026-08-16 16:14:59,memory_ctta,pill,monitor,C:/cira_batch_test/pill/good_2.png,good_2.png,normal,False,0.042508821934461594,3.039836826701503e-07,0.05881828558520522,0.05881828558520522,0.05084799118340016,False,True,16000,True,,False,0.0,cpu,patch_nearest_normal,last2,14,0.05,False,,,0.0001334350963588804,0.00015804108188598499,True,True,False,True
2026-08-16 16:15:00,memory_ctta,pill,monitor,C:/cira_batch_test/pill/bad_6.png,bad_6.png,anomaly,True,0.07663323730230331,0.07663323730230331,0.05881828558520522,0.05881828558520522,0.05084799118340016,False,False,16000,False,,False,0.0,cpu,patch_nearest_normal,last2,14,0.05,False,,,0.00017515881336294115,0.00015804108188598499,False,False,False,True
2026-08-16 16:15:02,memory_ctta,pill,monitor,C:/cira_batch_test/pill/bad_14.png,bad_14.png,anomaly,True,0.0677238181233406,0.0677238181233406,0.05881828558520522,0.05881828558520522,0.05084799118340016,False,False,16000,False,,False,0.0,cpu,patch_nearest_normal,last2,14,0.05,False,,,0.0001507345150457695,0.00015804108188598499,False,True,False,True
2026-08-16 16:15:03,memory_ctta,pill,monitor,C:/cira_batch_test/pill/good_3.png,good_3.png,normal,False,0.041991375386714935,2.5033949668795685e-07,0.05881828558520522,0.05881828558520522,0.05084799118340016,False,True,16000,True,,False,0.0,cpu,patch_nearest_normal,last2,14,0.05,False,,,0.00012455962132662535,0.00015804108188598499,True,True,False,True
2026-08-16 16:15:05,memory_ctta,pill,monitor,C:/cira_batch_test/pill/bad_4.png,bad_4.png,anomaly,True,0.06860243529081345,0.06860243529081345,0.05881828558520522,0.05881828558520522,0.05084799118340016,False,False,16000,False,,False,0.0,cpu,patch_nearest_normal,last2,14,0.05,False,,,0.00016391048848163337,0.00015804108188598499,False,False,False,True
2026-08-16 16:15:07,memory_ctta,pill,monitor,C:/cira_batch_test/pill/bad_15.png,bad_15.png,anomaly,True,0.07232505828142166,0.07232505828142166,0.05881828558520522,0.05881828558520522,0.05084799118340016,False,False,16000,False,,False,0.0,cpu,patch_nearest_normal,last2,14,0.05,False,,,0.00014024408301338553,0.00015804108188598499,False,True,False,True
2026-08-16 16:15:09,memory_ctta,pill,monitor,C:/cira_batch_test/pill/good_8.png,good_8.png,anomaly,True,0.05951932072639465,0.05951932072639465,0.05881828558520522,0.05881828558520522,0.05084799118340016,False,False,16000,False,,False,0.0,cpu,patch_nearest_normal,last2,14,0.05,False,,,0.00013740078429691494,0.00015804108188598499,False,True,False,True
2026-08-16 16:15:10,memory_ctta,pill,monitor,C:/cira_batch_test/pill/bad_3.png,bad_3.png,anomaly,True,0.06902143359184265,0.06902143359184265,0.05881828558520522,0.05881828558520522,0.05084799118340016,False,False,16000,False,,False,0.0,cpu,patch_nearest_normal,last2,14,0.05,False,,,0.00014811352593824267,0.00015804108188598499,False,True,False,True
2026-08-16 16:15:12,memory_ctta,pill,monitor,C:/cira_batch_test/pill/bad_11.png,bad_11.png,anomaly,True,0.09472411125898361,0.09472411125898361,0.05881828558520522,0.05881828558520522,0.05084799118340016,False,False,16000,False,,False,0.0,cpu,patch_nearest_normal,last2,14,0.05,False,,,0.00015912990784272552,0.00015804108188598499,False,False,False,True
2026-08-16 16:15:13,memory_ctta,pill,monitor,C:/cira_batch_test/pill/good_19.png,good_19.png,normal,False,0.05852993577718735,0.05852993577718735,0.05881828558520522,0.05881828558520522,0.05084799118340016,False,False,16000,False,,False,0.0,cpu,patch_nearest_normal,last2,14,0.05,False,,,0.00015295248886104673,0.00015804108188598499,False,True,False,True
2026-08-16 16:15:15,memory_ctta,pill,monitor,C:/cira_batch_test/pill/good_12.png,good_12.png,normal,False,0.05154266208410263,0.05154266208410263,0.05881828558520522,0.05881828558520522,0.05084799118340016,False,False,16000,False,,False,0.0,cpu,patch_nearest_normal,last2,14,0.05,False,,,0.0001423676440026611,0.00015804108188598499,False,True,False,True
2026-08-16 16:15:16,memory_ctta,pill,monitor,C:/cira_batch_test/pill/good_15.png,good_15.png,normal,False,0.05064352601766586,3.2782554626464844e-07,0.05881828558520522,0.05881828558520522,0.05084799118340016,False,True,16000,True,,False,0.0,cpu,patch_nearest_normal,last2,14,0.05,False,,,0.0001343849435215816,0.00015804108188598499,True,True,False,True
2026-08-16 16:15:18,memory_ctta,pill,monitor,C:/cira_batch_test/pill/bad_17.png,bad_17.png,anomaly,True,0.07708732783794403,0.07708732783794403,0.05881828558520522,0.05881828558520522,0.05084799118340016,False,False,16000,False,,False,0.0,cpu,patch_nearest_normal,last2,14,0.05,False,,,0.0001623769203433767,0.00015804108188598499,False,False,False,True
2026-08-16 16:15:20,memory_ctta,pill,monitor,C:/cira_batch_test/pill/bad_19.png,bad_19.png,anomaly,True,0.06084473803639412,0.06084473803639412,0.05881828558520522,0.05881828558520522,0.05084799118340016,False,False,16000,False,,False,0.0,cpu,patch_nearest_normal,last2,14,0.05,False,,,0.00014747171371709555,0.00015804108188598499,False,True,False,True
2026-08-16 16:15:21,memory_ctta,pill,monitor,C:/cira_batch_test/pill/bad_1.png,bad_1.png,anomaly,True,0.08123142272233963,0.08123142272233963,0.05881828558520522,0.05881828558520522,0.05084799118340016,False,False,16000,False,,False,0.0,cpu,patch_nearest_normal,last2,14,0.05,False,,,0.00014219581498764455,0.00015804108188598499,False,True,False,True
2026-08-16 16:15:23,memory_ctta,pill,monitor,C:/cira_batch_test/pill/good_14.png,good_14.png,normal,False,0.048657286912202835,2.9206276508375595e-07,0.05881828558520522,0.05881828558520522,0.05084799118340016,False,True,16000,True,,False,0.0,cpu,patch_nearest_normal,last2,14,0.05,False,,,0.00011836516205221415,0.00015804108188598499,True,True,False,True
2026-08-16 16:15:24,memory_ctta,screw,monitor,C:/cira_batch_test/screw/good_1.png,good_1.png,normal,False,0.05231552571058273,2.5629998390286346e-07,0.06300563204730296,0.06300563204730296,0.05946885421872139,False,True,16000,True,,False,0.0,cpu,patch_nearest_normal,last2,14,0.05,False,,,0.0001179857790702954,0.00012727336943498,True,True,False,True
2026-08-16 16:15:26,memory_ctta,screw,monitor,C:/cira_batch_test/screw/bad_16.png,bad_16.png,anomaly,True,0.06388069689273834,0.06388069689273834,0.06300563204730296,0.06300563204730296,0.05946885421872139,False,False,16000,False,,False,0.0,cpu,patch_nearest_normal,last2,14,0.05,False,,,0.0001006458915071562,0.00012727336943498,False,True,False,True
2026-08-16 16:15:27,memory_ctta,screw,monitor,C:/cira_batch_test/screw/bad_20.png,bad_20.png,anomaly,True,0.06558404117822647,0.06558404117822647,0.06300563204730296,0.06300563204730296,0.05946885421872139,False,False,16000,False,,False,0.0,cpu,patch_nearest_normal,last2,14,0.05,False,,,0.00014447694411501288,0.00012727336943498,False,False,False,True
2026-08-16 16:15:29,memory_ctta,screw,monitor,C:/cira_batch_test/screw/bad_12.png,bad_12.png,anomaly,True,0.071831114590168,0.071831114590168,0.06300563204730296,0.06300563204730296,0.05946885421872139,False,False,16000,False,,False,0.0,cpu,patch_nearest_normal,last2,14,0.05,False,,,0.00012264975521247834,0.00012727336943498,False,True,False,True
2026-08-16 16:15:31,memory_ctta,screw,monitor,C:/cira_batch_test/screw/good_17.png,good_17.png,normal,False,0.05659465119242668,2.74181360282455e-07,0.06300563204730296,0.06300563204730296,0.05946885421872139,False,True,16000,True,,False,0.0,cpu,patch_nearest_normal,last2,14,0.05,False,,,0.00011381540389265865,0.00012727336943498,True,True,False,True
2026-08-16 16:15:32,memory_ctta,screw,monitor,C:/cira_batch_test/screw/bad_9.png,bad_9.png,anomaly,True,0.06896617263555527,0.06896617263555527,0.06300563204730296,0.06300563204730296,0.05946885421872139,False,False,16000,False,,False,0.0,cpu,patch_nearest_normal,last2,14,0.05,False,,,0.0001275181712117046,0.00012727336943498,False,False,False,True
2026-08-16 16:15:34,memory_ctta,screw,monitor,C:/cira_batch_test/screw/bad_18.png,bad_18.png,normal,False,0.05316857248544693,2.5629998390286346e-07,0.06300563204730296,0.06300563204730296,0.05946885421872139,False,True,16000,True,,False,0.0,cpu,patch_nearest_normal,last2,14,0.05,False,,,0.00011364653619239107,0.00012727336943498,True,True,False,True
2026-08-16 16:15:36,memory_ctta,screw,monitor,C:/cira_batch_test/screw/bad_13.png,bad_13.png,anomaly,True,0.08299233019351959,0.08299233019351959,0.06300563204730296,0.06300563204730296,0.05946885421872139,False,False,16000,False,,False,0.0,cpu,patch_nearest_normal,last2,14,0.05,False,,,9.300482633989304e-05,0.00012727336943498,False,True,False,True
2026-08-16 16:15:37,memory_ctta,screw,monitor,C:/cira_batch_test/screw/bad_2.png,bad_2.png,anomaly,True,0.06380908936262131,0.06380908936262131,0.06300563204730296,0.06300563204730296,0.05946885421872139,False,False,16000,False,,False,0.0,cpu,patch_nearest_normal,last2,14,0.05,False,,,0.00010637843661243096,0.00012727336943498,False,True,False,True
2026-08-16 16:15:39,memory_ctta,screw,monitor,C:/cira_batch_test/screw/good_6.png,good_6.png,anomaly,True,0.08165441453456879,0.08165441453456879,0.06300563204730296,0.06300563204730296,0.05946885421872139,False,False,16000,False,,False,0.0,cpu,patch_nearest_normal,last2,14,0.05,False,,,0.0001193943026009947,0.00012727336943498,False,True,False,True
2026-08-16 16:15:41,memory_ctta,screw,monitor,C:/cira_batch_test/screw/good_10.png,good_10.png,normal,False,0.04537900537252426,3.2186508747145126e-07,0.06300563204730296,0.06300563204730296,0.05946885421872139,False,True,16000,True,,False,0.0,cpu,patch_nearest_normal,last2,14,0.05,False,,,0.0001066261320374906,0.00012727336943498,True,True,False,True
2026-08-16 16:15:42,memory_ctta,screw,monitor,C:/cira_batch_test/screw/good_7.png,good_7.png,normal,False,0.04483760520815849,2.6226044269606064e-07,0.06300563204730296,0.06300563204730296,0.05946885421872139,False,True,16000,True,,False,0.0,cpu,patch_nearest_normal,last2,14,0.05,False,,,9.688005229691043e-05,0.00012727336943498,True,True,False,True
2026-08-16 16:15:44,memory_ctta,screw,monitor,C:/cira_batch_test/screw/bad_8.png,bad_8.png,normal,False,0.05851064249873161,0.05851064249873161,0.06300563204730296,0.06300563204730296,0.05946885421872139,False,False,16000,False,,False,0.0,cpu,patch_nearest_normal,last2,14,0.05,False,,,0.00013455313455779105,0.00012727336943498,True,False,False,True
2026-08-16 16:15:45,memory_ctta,screw,monitor,C:/cira_batch_test/screw/bad_10.png,bad_10.png,anomaly,True,0.06769163906574249,0.06769163906574249,0.06300563204730296,0.06300563204730296,0.05946885421872139,False,False,16000,False,,False,0.0,cpu,patch_nearest_normal,last2,14,0.05,False,,,0.00010970536823151633,0.00012727336943498,False,True,False,True
2026-08-16 16:15:47,memory_ctta,screw,monitor,C:/cira_batch_test/screw/good_4.png,good_4.png,normal,False,0.06222081929445267,0.06222081929445267,0.06300563204730296,0.06300563204730296,0.05946885421872139,False,False,16000,False,,False,0.0,cpu,patch_nearest_normal,last2,14,0.05,False,,,0.00011461079702712595,0.00012727336943498,False,True,False,True
2026-08-16 16:15:49,memory_ctta,screw,monitor,C:/cira_batch_test/screw/bad_5.png,bad_5.png,anomaly,True,0.09244628250598907,0.09244628250598907,0.06300563204730296,0.06300563204730296,0.05946885421872139,False,False,16000,False,,False,0.0,cpu,patch_nearest_normal,last2,14,0.05,False,,,0.0001157498627435416,0.00012727336943498,False,True,False,True
2026-08-16 16:15:50,memory_ctta,screw,monitor,C:/cira_batch_test/screw/good_20.png,good_20.png,anomaly,True,0.0693761333823204,0.0693761333823204,0.06300563204730296,0.06300563204730296,0.05946885421872139,False,False,16000,False,,False,0.0,cpu,patch_nearest_normal,last2,14,0.05,False,,,9.739815868670121e-05,0.00012727336943498,False,True,False,True
2026-08-16 16:15:52,memory_ctta,screw,monitor,C:/cira_batch_test/screw/good_18.png,good_18.png,anomaly,True,0.06609566509723663,0.06609566509723663,0.06300563204730296,0.06300563204730296,0.05946885421872139,False,False,16000,False,,False,0.0,cpu,patch_nearest_normal,last2,14,0.05,False,,,0.00010632989869918674,0.00012727336943498,False,True,False,True
2026-08-16 16:15:53,memory_ctta,screw,monitor,C:/cira_batch_test/screw/good_11.png,good_11.png,normal,False,0.05168769881129265,2.5629998390286346e-07,0.06300563204730296,0.06300563204730296,0.05946885421872139,False,True,16000,True,,False,0.0,cpu,patch_nearest_normal,last2,14,0.05,False,,,0.00010050417768070474,0.00012727336943498,True,True,False,True
2026-08-16 16:15:55,memory_ctta,screw,monitor,C:/cira_batch_test/screw/good_9.png,good_9.png,normal,False,0.04679062217473984,3.695487862387381e-07,0.06300563204730296,0.06300563204730296,0.05946885421872139,False,True,16000,True,,False,0.0,cpu,patch_nearest_normal,last2,14,0.05,False,,,0.00010498405754333362,0.00012727336943498,True,True,False,True
2026-08-16 16:15:56,memory_ctta,screw,monitor,C:/cira_batch_test/screw/good_16.png,good_16.png,anomaly,True,0.06502670049667358,0.06502670049667358,0.06300563204730296,0.06300563204730296,0.05946885421872139,False,False,16000,False,,False,0.0,cpu,patch_nearest_normal,last2,14,0.05,False,,,0.0001198097670567222,0.00012727336943498,False,True,False,True
2026-08-16 16:15:58,memory_ctta,screw,monitor,C:/cira_batch_test/screw/bad_7.png,bad_7.png,anomaly,True,0.08183654397726059,0.08183654397726059,0.06300563204730296,0.06300563204730296,0.05946885421872139,False,False,16000,False,,False,0.0,cpu,patch_nearest_normal,last2,14,0.05,False,,,0.00012460921425372362,0.00012727336943498,False,True,False,True
2026-08-16 16:16:00,memory_ctta,screw,monitor,C:/cira_batch_test/screw/good_13.png,good_13.png,normal,False,0.05875410512089729,2.8610230629055877e-07,0.06300563204730296,0.06300563204730296,0.05946885421872139,False,True,16000,True,,False,0.0,cpu,patch_nearest_normal,last2,14,0.05,False,,,0.0001234466180903837,0.00012727336943498,True,True,False,True
2026-08-16 16:16:01,memory_ctta,screw,monitor,C:/cira_batch_test/screw/good_5.png,good_5.png,normal,False,0.043567072600126266,2.682209014892578e-07,0.06300563204730296,0.06300563204730296,0.05946885421872139,False,True,16000,True,,False,0.0,cpu,patch_nearest_normal,last2,14,0.05,False,,,0.00010537095658946782,0.00012727336943498,True,True,False,True
2026-08-16 16:16:03,memory_ctta,screw,monitor,C:/cira_batch_test/screw/good_2.png,good_2.png,anomaly,True,0.06497485935688019,0.06497485935688019,0.06300563204730296,0.06300563204730296,0.05946885421872139,False,False,16000,False,,False,0.0,cpu,patch_nearest_normal,last2,14,0.05,False,,,0.00012043907190673053,0.00012727336943498,False,True,False,True
2026-08-16 16:16:05,memory_ctta,screw,monitor,C:/cira_batch_test/screw/bad_6.png,bad_6.png,anomaly,True,0.06533899158239365,0.06533899158239365,0.06300563204730296,0.06300563204730296,0.05946885421872139,False,False,16000,False,,False,0.0,cpu,patch_nearest_normal,last2,14,0.05,False,,,0.00010256180394208059,0.00012727336943498,False,True,False,True
2026-08-16 16:16:06,memory_ctta,screw,monitor,C:/cira_batch_test/screw/bad_14.png,bad_14.png,anomaly,True,0.07230217009782791,0.07230217009782791,0.06300563204730296,0.06300563204730296,0.05946885421872139,False,False,16000,False,,False,0.0,cpu,patch_nearest_normal,last2,14,0.05,False,,,0.00011158669803990051,0.00012727336943498,False,True,False,True
2026-08-16 16:16:08,memory_ctta,screw,monitor,C:/cira_batch_test/screw/good_3.png,good_3.png,anomaly,True,0.06781227886676788,0.06781227886676788,0.06300563204730296,0.06300563204730296,0.05946885421872139,False,False,16000,False,,False,0.0,cpu,patch_nearest_normal,last2,14,0.05,False,,,0.0001198420359287411,0.00012727336943498,False,True,False,True
2026-08-16 16:16:09,memory_ctta,screw,monitor,C:/cira_batch_test/screw/bad_4.png,bad_4.png,normal,False,0.05976418778300285,0.05976418778300285,0.06300563204730296,0.06300563204730296,0.05946885421872139,False,False,16000,False,,False,0.0,cpu,patch_nearest_normal,last2,14,0.05,False,,,8.711085683899e-05,0.00012727336943498,False,True,False,True
2026-08-16 16:16:11,memory_ctta,screw,monitor,C:/cira_batch_test/screw/bad_15.png,bad_15.png,anomaly,True,0.08235661685466766,0.08235661685466766,0.06300563204730296,0.06300563204730296,0.05946885421872139,False,False,16000,False,,False,0.0,cpu,patch_nearest_normal,last2,14,0.05,False,,,9.475950355408713e-05,0.00012727336943498,False,True,False,True
2026-08-16 16:16:13,memory_ctta,screw,monitor,C:/cira_batch_test/screw/good_8.png,good_8.png,normal,False,0.0536508746445179,2.74181360282455e-07,0.06300563204730296,0.06300563204730296,0.05946885421872139,False,True,16000,True,,False,0.0,cpu,patch_nearest_normal,last2,14,0.05,True,C:\cira_ttl_checkpoints\screw\patch_memory_bank_update_10.pt,C:\cira_ttl_checkpoints\screw\patch_adapter_update_10.pt,9.998600580729544e-05,0.00012727336943498,True,True,False,True
2026-08-16 16:16:14,memory_ctta,screw,monitor,C:/cira_batch_test/screw/bad_3.png,bad_3.png,normal,False,0.06147752329707146,0.06147752329707146,0.06300563204730296,0.06300563204730296,0.05946885421872139,False,False,16000,False,,False,0.0,cpu,patch_nearest_normal,last2,14,0.05,False,,,0.00011099614494014531,0.00012727336943498,False,True,False,True
2026-08-16 16:16:16,memory_ctta,screw,monitor,C:/cira_batch_test/screw/bad_11.png,bad_11.png,anomaly,True,0.06696482747793198,0.06696482747793198,0.06300563204730296,0.06300563204730296,0.05946885421872139,False,False,16000,False,,False,0.0,cpu,patch_nearest_normal,last2,14,0.05,False,,,0.00010701908468035981,0.00012727336943498,False,True,False,True
2026-08-16 16:16:17,memory_ctta,screw,monitor,C:/cira_batch_test/screw/good_19.png,good_19.png,normal,False,0.04643707349896431,2.682209014892578e-07,0.06300563204730296,0.06300563204730296,0.05946885421872139,False,True,16000,True,,False,0.0,cpu,patch_nearest_normal,last2,14,0.05,False,,,9.894388495013118e-05,0.00012727336943498,True,True,False,True
2026-08-16 16:16:19,memory_ctta,screw,monitor,C:/cira_batch_test/screw/good_12.png,good_12.png,normal,False,0.060570456087589264,0.060570456087589264,0.06300563204730296,0.06300563204730296,0.05946885421872139,False,False,16000,False,,False,0.0,cpu,patch_nearest_normal,last2,14,0.05,False,,,0.0001096361520467326,0.00012727336943498,False,True,False,True
2026-08-16 16:16:21,memory_ctta,screw,monitor,C:/cira_batch_test/screw/good_15.png,good_15.png,normal,False,0.04937329143285751,2.74181360282455e-07,0.06300563204730296,0.06300563204730296,0.05946885421872139,False,True,16000,True,,False,0.0,cpu,patch_nearest_normal,last2,14,0.05,False,,,0.00010128828580491245,0.00012727336943498,True,True,False,True
2026-08-16 16:16:22,memory_ctta,screw,monitor,C:/cira_batch_test/screw/bad_17.png,bad_17.png,anomaly,True,0.06440050899982452,0.06440050899982452,0.06300563204730296,0.06300563204730296,0.05946885421872139,False,False,16000,False,,False,0.0,cpu,patch_nearest_normal,last2,14,0.05,False,,,9.898177086142823e-05,0.00012727336943498,False,True,False,True
2026-08-16 16:16:24,memory_ctta,screw,monitor,C:/cira_batch_test/screw/bad_19.png,bad_19.png,normal,False,0.06135963648557663,0.06135963648557663,0.06300563204730296,0.06300563204730296,0.05946885421872139,False,False,16000,False,,False,0.0,cpu,patch_nearest_normal,last2,14,0.05,False,,,8.93713950063102e-05,0.00012727336943498,False,True,False,True
2026-08-16 16:16:25,memory_ctta,screw,monitor,C:/cira_batch_test/screw/bad_1.png,bad_1.png,anomaly,True,0.0735381469130516,0.0735381469130516,0.06300563204730296,0.06300563204730296,0.05946885421872139,False,False,16000,False,,False,0.0,cpu,patch_nearest_normal,last2,14,0.05,False,,,0.00013085872342344373,0.00012727336943498,False,False,False,True
2026-08-16 16:16:27,memory_ctta,screw,monitor,C:/cira_batch_test/screw/good_14.png,good_14.png,normal,False,0.05499127507209778,2.6226044269606064e-07,0.06300563204730296,0.06300563204730296,0.05946885421872139,False,True,16000,True,,False,0.0,cpu,patch_nearest_normal,last2,14,0.05,False,,,0.00011401899246266112,0.00012727336943498,True,True,False,True
2026-08-16 16:16:29,memory_ctta,tile,monitor,C:/cira_batch_test/tile/good_1.png,good_1.png,normal,False,0.04876633360981941,3.039836826701503e-07,0.06531576363636363,0.06531576363636363,0.05311408117413522,False,True,16000,True,,False,0.0,cpu,patch_nearest_normal,last2,14,0.05,False,,,0.00019259811961092055,0.000230512705456835,True,True,False,True
2026-08-16 16:16:30,memory_ctta,tile,monitor,C:/cira_batch_test/tile/bad_16.png,bad_16.png,anomaly,True,0.08088686317205429,0.08088686317205429,0.06531576363636363,0.06531576363636363,0.05311408117413522,False,False,16000,False,,False,0.0,cpu,patch_nearest_normal,last2,14,0.05,False,,,0.00022972766601014882,0.000230512705456835,False,True,False,True
2026-08-16 16:16:32,memory_ctta,tile,monitor,C:/cira_batch_test/tile/bad_20.png,bad_20.png,anomaly,True,0.11427193880081177,0.11427193880081177,0.06531576363636363,0.06531576363636363,0.05311408117413522,False,False,16000,False,,False,0.0,cpu,patch_nearest_normal,last2,14,0.05,False,,,0.00020875345217064023,0.000230512705456835,False,True,False,True
2026-08-16 16:16:34,memory_ctta,tile,monitor,C:/cira_batch_test/tile/bad_12.png,bad_12.png,normal,False,0.05426998808979988,0.05426998808979988,0.06531576363636363,0.06531576363636363,0.05311408117413522,False,False,16000,False,,False,0.0,cpu,patch_nearest_normal,last2,14,0.05,False,,,0.0002052485360763967,0.000230512705456835,False,True,False,True
2026-08-16 16:16:35,memory_ctta,tile,monitor,C:/cira_batch_test/tile/good_17.png,good_17.png,normal,False,0.04667789489030838,3.337860050578456e-07,0.06531576363636363,0.06531576363636363,0.05311408117413522,False,True,16000,True,,False,0.0,cpu,patch_nearest_normal,last2,14,0.05,False,,,0.0001938114146469161,0.000230512705456835,True,True,False,True
2026-08-16 16:16:37,memory_ctta,tile,monitor,C:/cira_batch_test/tile/bad_9.png,bad_9.png,anomaly,True,0.3202332556247711,0.3202332556247711,0.06531576363636363,0.06531576363636363,0.05311408117413522,False,False,16000,False,,False,0.0,cpu,patch_nearest_normal,last2,14,0.05,False,,,0.0002201975730713457,0.000230512705456835,False,True,False,True
2026-08-16 16:16:38,memory_ctta,tile,monitor,C:/cira_batch_test/tile/bad_18.png,bad_18.png,anomaly,True,0.07149763405323029,0.07149763405323029,0.06531576363636363,0.06531576363636363,0.05311408117413522,False,False,16000,False,,False,0.0,cpu,patch_nearest_normal,last2,14,0.05,False,,,0.00019621176761575043,0.000230512705456835,False,True,False,True
2026-08-16 16:16:40,memory_ctta,tile,monitor,C:/cira_batch_test/tile/bad_13.png,bad_13.png,anomaly,True,0.15737123787403107,0.15737123787403107,0.06531576363636363,0.06531576363636363,0.05311408117413522,False,False,16000,False,,False,0.0,cpu,patch_nearest_normal,last2,14,0.05,False,,,0.0001903459633467719,0.000230512705456835,False,True,False,True
2026-08-16 16:16:42,memory_ctta,tile,monitor,C:/cira_batch_test/tile/bad_2.png,bad_2.png,anomaly,True,0.43867287039756775,0.43867287039756775,0.06531576363636363,0.06531576363636363,0.05311408117413522,False,False,16000,False,,False,0.0,cpu,patch_nearest_normal,last2,14,0.05,False,,,0.00010516332986298949,0.000230512705456835,False,True,False,True
2026-08-16 16:16:43,memory_ctta,tile,monitor,C:/cira_batch_test/tile/good_6.png,good_6.png,normal,False,0.04664914682507515,2.5629998390286346e-07,0.06531576363636363,0.06531576363636363,0.05311408117413522,False,True,16000,True,,False,0.0,cpu,patch_nearest_normal,last2,14,0.05,False,,,0.00017731764819473028,0.000230512705456835,True,True,False,True
2026-08-16 16:16:45,memory_ctta,tile,monitor,C:/cira_batch_test/tile/good_10.png,good_10.png,normal,False,0.0516902431845665,3.397464638510428e-07,0.06531576363636363,0.06531576363636363,0.05311408117413522,False,True,16000,True,,False,0.0,cpu,patch_nearest_normal,last2,14,0.05,False,,,0.00016124662943184376,0.000230512705456835,True,True,False,True
2026-08-16 16:16:46,memory_ctta,tile,monitor,C:/cira_batch_test/tile/good_7.png,good_7.png,normal,False,0.04373328760266304,2.682209014892578e-07,0.06531576363636363,0.06531576363636363,0.05311408117413522,False,True,16000,True,,False,0.0,cpu,patch_nearest_normal,last2,14,0.05,False,,,0.00021656460012309253,0.000230512705456835,True,True,False,True
2026-08-16 16:16:48,memory_ctta,tile,monitor,C:/cira_batch_test/tile/bad_8.png,bad_8.png,anomaly,True,0.16911745071411133,0.16911745071411133,0.06531576363636363,0.06531576363636363,0.05311408117413522,False,False,16000,False,,False,0.0,cpu,patch_nearest_normal,last2,14,0.05,False,,,0.00020759811741299927,0.000230512705456835,False,True,False,True
2026-08-16 16:16:50,memory_ctta,tile,monitor,C:/cira_batch_test/tile/bad_10.png,bad_10.png,anomaly,True,0.09991626441478729,0.09991626441478729,0.06531576363636363,0.06531576363636363,0.05311408117413522,False,False,16000,False,,False,0.0,cpu,patch_nearest_normal,last2,14,0.05,False,,,0.00019248705939389765,0.000230512705456835,False,True,False,True
2026-08-16 16:16:51,memory_ctta,tile,monitor,C:/cira_batch_test/tile/good_4.png,good_4.png,normal,False,0.03670962527394295,3.5762786865234375e-07,0.06531576363636363,0.06531576363636363,0.05311408117413522,False,True,16000,True,,False,0.0,cpu,patch_nearest_normal,last2,14,0.05,False,,,0.0002239042951259762,0.000230512705456835,True,True,False,True
2026-08-16 16:16:53,memory_ctta,tile,monitor,C:/cira_batch_test/tile/bad_5.png,bad_5.png,anomaly,True,0.15775926411151886,0.15775926411151886,0.06531576363636363,0.06531576363636363,0.05311408117413522,False,False,16000,False,,False,0.0,cpu,patch_nearest_normal,last2,14,0.05,False,,,0.00013175483036320657,0.000230512705456835,False,True,False,True
2026-08-16 16:16:54,memory_ctta,tile,monitor,C:/cira_batch_test/tile/good_20.png,good_20.png,normal,False,0.04151392728090286,3.457069510659494e-07,0.06531576363636363,0.06531576363636363,0.05311408117413522,False,True,16000,True,,False,0.0,cpu,patch_nearest_normal,last2,14,0.05,False,,,0.00016763644816819578,0.000230512705456835,True,True,False,True
2026-08-16 16:16:56,memory_ctta,tile,monitor,C:/cira_batch_test/tile/good_18.png,good_18.png,anomaly,True,0.06633714586496353,0.06633714586496353,0.06531576363636363,0.06531576363636363,0.05311408117413522,False,False,16000,False,,False,0.0,cpu,patch_nearest_normal,last2,14,0.05,False,,,0.00023800943745300174,0.000230512705456835,False,False,False,True
2026-08-16 16:16:58,memory_ctta,tile,monitor,C:/cira_batch_test/tile/good_11.png,good_11.png,normal,False,0.04092580825090408,3.457069510659494e-07,0.06531576363636363,0.06531576363636363,0.05311408117413522,False,True,16000,True,,False,0.0,cpu,patch_nearest_normal,last2,14,0.05,False,,,0.0001666805474087596,0.000230512705456835,True,True,False,True
2026-08-16 16:16:59,memory_ctta,tile,monitor,C:/cira_batch_test/tile/good_9.png,good_9.png,normal,False,0.03598036617040634,3.159046286782541e-07,0.06531576363636363,0.06531576363636363,0.05311408117413522,False,True,16000,True,,False,0.0,cpu,patch_nearest_normal,last2,14,0.05,False,,,0.00021356735669542104,0.000230512705456835,True,True,False,True
2026-08-16 16:17:01,memory_ctta,tile,monitor,C:/cira_batch_test/tile/good_16.png,good_16.png,normal,False,0.03660855442285538,3.099441414633475e-07,0.06531576363636363,0.06531576363636363,0.05311408117413522,False,True,16000,True,,False,0.0,cpu,patch_nearest_normal,last2,14,0.05,True,C:\cira_ttl_checkpoints\tile\patch_memory_bank_update_10.pt,C:\cira_ttl_checkpoints\tile\patch_adapter_update_10.pt,0.00022465021174866706,0.000230512705456835,True,True,False,True
2026-08-16 16:17:03,memory_ctta,tile,monitor,C:/cira_batch_test/tile/bad_7.png,bad_7.png,anomaly,True,0.21292290091514587,0.21292290091514587,0.06531576363636363,0.06531576363636363,0.05311408117413522,False,False,16000,False,,False,0.0,cpu,patch_nearest_normal,last2,14,0.05,False,,,0.00017844440299086273,0.000230512705456835,False,True,False,True
2026-08-16 16:17:04,memory_ctta,tile,monitor,C:/cira_batch_test/tile/good_13.png,good_13.png,normal,False,0.048464782536029816,3.159046286782541e-07,0.06531576363636363,0.06531576363636363,0.05311408117413522,False,True,16000,True,,False,0.0,cpu,patch_nearest_normal,last2,14,0.05,False,,,0.00015905684267636389,0.000230512705456835,True,True,False,True
2026-08-16 16:17:06,memory_ctta,tile,monitor,C:/cira_batch_test/tile/good_5.png,good_5.png,normal,False,0.04820174723863602,3.099441414633475e-07,0.06531576363636363,0.06531576363636363,0.05311408117413522,False,True,16000,True,,False,0.0,cpu,patch_nearest_normal,last2,14,0.05,False,,,0.00021634131553582847,0.000230512705456835,True,True,False,True
2026-08-16 16:17:08,memory_ctta,tile,monitor,C:/cira_batch_test/tile/good_2.png,good_2.png,normal,False,0.04844806715846062,3.516674098591466e-07,0.06531576363636363,0.06531576363636363,0.05311408117413522,False,True,16000,True,,False,0.0,cpu,patch_nearest_normal,last2,14,0.05,False,,,0.00022839858138468117,0.000230512705456835,True,True,False,True
2026-08-16 16:17:09,memory_ctta,tile,monitor,C:/cira_batch_test/tile/bad_6.png,bad_6.png,anomaly,True,0.23074869811534882,0.23074869811534882,0.06531576363636363,0.06531576363636363,0.05311408117413522,False,False,16000,False,,False,0.0,cpu,patch_nearest_normal,last2,14,0.05,False,,,0.00021480291616171598,0.000230512705456835,False,True,False,True
2026-08-16 16:17:11,memory_ctta,tile,monitor,C:/cira_batch_test/tile/bad_14.png,bad_14.png,anomaly,True,0.16052374243736267,0.16052374243736267,0.06531576363636363,0.06531576363636363,0.05311408117413522,False,False,16000,False,,False,0.0,cpu,patch_nearest_normal,last2,14,0.05,False,,,0.00019307559705339372,0.000230512705456835,False,True,False,True
2026-08-16 16:17:12,memory_ctta,tile,monitor,C:/cira_batch_test/tile/good_3.png,good_3.png,normal,False,0.040431909263134,3.814697322468419e-07,0.06531576363636363,0.06531576363636363,0.05311408117413522,False,True,16000,True,,False,0.0,cpu,patch_nearest_normal,last2,14,0.05,False,,,0.0001722896413411945,0.000230512705456835,True,True,False,True
2026-08-16 16:17:14,memory_ctta,tile,monitor,C:/cira_batch_test/tile/bad_4.png,bad_4.png,anomaly,True,0.11248550564050674,0.11248550564050674,0.06531576363636363,0.06531576363636363,0.05311408117413522,False,False,16000,False,,False,0.0,cpu,patch_nearest_normal,last2,14,0.05,False,,,0.00012292445171624422,0.000230512705456835,False,True,False,True
2026-08-16 16:17:15,memory_ctta,tile,monitor,C:/cira_batch_test/tile/bad_15.png,bad_15.png,anomaly,True,0.17575713992118835,0.17575713992118835,0.06531576363636363,0.06531576363636363,0.05311408117413522,False,False,16000,False,,False,0.0,cpu,patch_nearest_normal,last2,14,0.05,False,,,0.0002246923977509141,0.000230512705456835,False,True,False,True
2026-08-16 16:17:17,memory_ctta,tile,monitor,C:/cira_batch_test/tile/good_8.png,good_8.png,normal,False,0.038417376577854156,3.635883274455409e-07,0.06531576363636363,0.06531576363636363,0.05311408117413522,False,True,16000,True,,False,0.0,cpu,patch_nearest_normal,last2,14,0.05,False,,,0.00019903187057934701,0.000230512705456835,True,True,False,True
2026-08-16 16:17:19,memory_ctta,tile,monitor,C:/cira_batch_test/tile/bad_3.png,bad_3.png,anomaly,True,0.3856334686279297,0.3856334686279297,0.06531576363636363,0.06531576363636363,0.05311408117413522,False,False,16000,False,,False,0.0,cpu,patch_nearest_normal,last2,14,0.05,False,,,0.00020999429398216307,0.000230512705456835,False,True,False,True
2026-08-16 16:17:20,memory_ctta,tile,monitor,C:/cira_batch_test/tile/bad_11.png,bad_11.png,anomaly,True,0.15072211623191833,0.15072211623191833,0.06531576363636363,0.06531576363636363,0.05311408117413522,False,False,16000,False,,False,0.0,cpu,patch_nearest_normal,last2,14,0.05,False,,,0.0001358795416308567,0.000230512705456835,False,True,False,True
2026-08-16 16:17:22,memory_ctta,tile,monitor,C:/cira_batch_test/tile/good_19.png,good_19.png,normal,False,0.04888774827122688,3.337860050578456e-07,0.06531576363636363,0.06531576363636363,0.05311408117413522,False,True,16000,True,,False,0.0,cpu,patch_nearest_normal,last2,14,0.05,False,,,0.0001931995211634785,0.000230512705456835,True,True,False,True
2026-08-16 16:17:24,memory_ctta,tile,monitor,C:/cira_batch_test/tile/good_12.png,good_12.png,normal,False,0.040213607251644135,3.159046286782541e-07,0.06531576363636363,0.06531576363636363,0.05311408117413522,False,True,16000,True,,False,0.0,cpu,patch_nearest_normal,last2,14,0.05,False,,,0.0002147315099136904,0.000230512705456835,True,True,False,True
2026-08-16 16:17:25,memory_ctta,tile,monitor,C:/cira_batch_test/tile/good_15.png,good_15.png,normal,False,0.03851526230573654,2.8014181907565217e-07,0.06531576363636363,0.06531576363636363,0.05311408117413522,False,True,16000,True,,False,0.0,cpu,patch_nearest_normal,last2,14,0.05,False,,,0.0001547589199617505,0.000230512705456835,True,True,False,True
2026-08-16 16:17:27,memory_ctta,tile,monitor,C:/cira_batch_test/tile/bad_17.png,bad_17.png,anomaly,True,0.38617557287216187,0.38617557287216187,0.06531576363636363,0.06531576363636363,0.05311408117413522,False,False,16000,False,,False,0.0,cpu,patch_nearest_normal,last2,14,0.05,False,,,0.0002286332455696538,0.000230512705456835,False,True,False,True
2026-08-16 16:17:28,memory_ctta,tile,monitor,C:/cira_batch_test/tile/bad_19.png,bad_19.png,anomaly,True,0.09540610760450363,0.09540610760450363,0.06531576363636363,0.06531576363636363,0.05311408117413522,False,False,16000,False,,False,0.0,cpu,patch_nearest_normal,last2,14,0.05,False,,,0.00020597962429746985,0.000230512705456835,False,True,False,True
2026-08-16 16:17:30,memory_ctta,tile,monitor,C:/cira_batch_test/tile/bad_1.png,bad_1.png,anomaly,True,0.4234047830104828,0.4234047830104828,0.06531576363636363,0.06531576363636363,0.05311408117413522,False,False,16000,False,,False,0.0,cpu,patch_nearest_normal,last2,14,0.05,False,,,0.00018051550432574004,0.000230512705456835,False,True,False,True
2026-08-16 16:17:32,memory_ctta,tile,monitor,C:/cira_batch_test/tile/good_14.png,good_14.png,normal,False,0.040960341691970825,3.039836826701503e-07,0.06531576363636363,0.06531576363636363,0.05311408117413522,False,True,16000,True,,False,0.0,cpu,patch_nearest_normal,last2,14,0.05,False,,,0.0001613824861124158,0.000230512705456835,True,True,False,True
2026-08-16 16:17:33,memory_ctta,toothbrush,monitor,C:/cira_batch_test/toothbrush/good_1.png,good_1.png,normal,False,0.051045335829257965,0.051045335829257965,0.0701888715806552,0.0701888715806552,0.0501871842890978,False,False,9408,False,,False,0.0,cpu,patch_nearest_normal,last2,14,0.05,False,,,0.00012007710756734014,0.00012676088372241001,False,True,False,True
2026-08-16 16:17:35,memory_ctta,toothbrush,monitor,C:/cira_batch_test/toothbrush/bad_16.png,bad_16.png,anomaly,True,0.3498750329017639,0.3498750329017639,0.0701888715806552,0.0701888715806552,0.0501871842890978,False,False,9408,False,,False,0.0,cpu,patch_nearest_normal,last2,14,0.05,False,,,0.0001183586718980223,0.00012676088372241001,False,True,False,True
2026-08-16 16:17:36,memory_ctta,toothbrush,monitor,C:/cira_batch_test/toothbrush/bad_20.png,bad_20.png,anomaly,True,0.3277304172515869,0.3277304172515869,0.0701888715806552,0.0701888715806552,0.0501871842890978,False,False,9408,False,,False,0.0,cpu,patch_nearest_normal,last2,14,0.05,False,,,0.00012188604159746319,0.00012676088372241001,False,True,False,True
2026-08-16 16:17:38,memory_ctta,toothbrush,monitor,C:/cira_batch_test/toothbrush/bad_12.png,bad_12.png,anomaly,True,0.3752124011516571,0.3752124011516571,0.0701888715806552,0.0701888715806552,0.0501871842890978,False,False,9408,False,,False,0.0,cpu,patch_nearest_normal,last2,14,0.05,False,,,0.00011503284622449428,0.00012676088372241001,False,True,False,True
2026-08-16 16:17:40,memory_ctta,toothbrush,monitor,C:/cira_batch_test/toothbrush/good_17.png,good_17.png,normal,False,0.019736070185899734,2.682209014892578e-07,0.0701888715806552,0.0701888715806552,0.0501871842890978,False,True,9604,True,,False,0.0,cpu,patch_nearest_normal,last2,14,0.05,False,,,0.00010862375347642228,0.00012676088372241001,True,True,False,True
2026-08-16 16:17:41,memory_ctta,toothbrush,monitor,C:/cira_batch_test/toothbrush/bad_9.png,bad_9.png,normal,False,0.049431800842285156,2.74181360282455e-07,0.0701888715806552,0.0701888715806552,0.0501871842890978,False,True,9800,True,,False,0.0,cpu,patch_nearest_normal,last2,14,0.05,False,,,0.00011564487067516893,0.00012676088372241001,True,True,False,True
2026-08-16 16:17:43,memory_ctta,toothbrush,monitor,C:/cira_batch_test/toothbrush/bad_18.png,bad_18.png,anomaly,True,0.2717684209346771,0.2717684209346771,0.0701888715806552,0.0701888715806552,0.0501871842890978,False,False,9800,False,,False,0.0,cpu,patch_nearest_normal,last2,14,0.05,False,,,0.00011667265789583325,0.00012676088372241001,False,True,False,True
2026-08-16 16:17:44,memory_ctta,toothbrush,monitor,C:/cira_batch_test/toothbrush/bad_13.png,bad_13.png,normal,False,0.055125653743743896,0.055125653743743896,0.0701888715806552,0.0701888715806552,0.0501871842890978,False,False,9800,False,,False,0.0,cpu,patch_nearest_normal,last2,14,0.05,False,,,0.00011229022493353114,0.00012676088372241001,False,True,False,True
2026-08-16 16:17:46,memory_ctta,toothbrush,monitor,C:/cira_batch_test/toothbrush/bad_2.png,bad_2.png,normal,False,0.0670899897813797,0.0670899897813797,0.0701888715806552,0.0701888715806552,0.0501871842890978,False,False,9800,False,,False,0.0,cpu,patch_nearest_normal,last2,14,0.05,False,,,0.00011040916433557868,0.00012676088372241001,False,True,False,True
2026-08-16 16:17:47,memory_ctta,toothbrush,monitor,C:/cira_batch_test/toothbrush/good_6.png,good_6.png,normal,False,0.046544015407562256,2.682209014892578e-07,0.0701888715806552,0.0701888715806552,0.0501871842890978,False,True,9996,True,,False,0.0,cpu,patch_nearest_normal,last2,14,0.05,False,,,0.00011760347842937335,0.00012676088372241001,True,True,False,True
2026-08-16 16:17:49,memory_ctta,toothbrush,monitor,C:/cira_batch_test/toothbrush/good_10.png,good_10.png,anomaly,True,0.07715845108032227,0.07715845108032227,0.0701888715806552,0.0701888715806552,0.0501871842890978,False,False,9996,False,,False,0.0,cpu,patch_nearest_normal,last2,14,0.05,False,,,0.00012062953464919701,0.00012676088372241001,False,True,False,True
2026-08-16 16:17:51,memory_ctta,toothbrush,monitor,C:/cira_batch_test/toothbrush/good_7.png,good_7.png,normal,False,0.059867314994335175,0.059867314994335175,0.0701888715806552,0.0701888715806552,0.0501871842890978,False,False,9996,False,,False,0.0,cpu,patch_nearest_normal,last2,14,0.05,False,,,0.00012301275273784995,0.00012676088372241001,False,True,False,True
2026-08-16 16:17:52,memory_ctta,toothbrush,monitor,C:/cira_batch_test/toothbrush/bad_8.png,bad_8.png,anomaly,True,0.35515451431274414,0.35515451431274414,0.0701888715806552,0.0701888715806552,0.0501871842890978,False,False,9996,False,,False,0.0,cpu,patch_nearest_normal,last2,14,0.05,False,,,0.00011116940731881186,0.00012676088372241001,False,True,False,True
2026-08-16 16:17:54,memory_ctta,toothbrush,monitor,C:/cira_batch_test/toothbrush/bad_10.png,bad_10.png,anomaly,True,0.1283612996339798,0.1283612996339798,0.0701888715806552,0.0701888715806552,0.0501871842890978,False,False,9996,False,,False,0.0,cpu,patch_nearest_normal,last2,14,0.05,False,,,0.00012949627125635743,0.00012676088372241001,False,False,False,True
2026-08-16 16:17:56,memory_ctta,toothbrush,monitor,C:/cira_batch_test/toothbrush/good_4.png,good_4.png,normal,False,0.04587507247924805,3.397464638510428e-07,0.0701888715806552,0.0701888715806552,0.0501871842890978,False,True,10192,True,,False,0.0,cpu,patch_nearest_normal,last2,14,0.05,False,,,0.00010959222709061578,0.00012676088372241001,True,True,False,True
2026-08-16 16:17:57,memory_ctta,toothbrush,monitor,C:/cira_batch_test/toothbrush/bad_5.png,bad_5.png,normal,False,0.05627362057566643,0.05627362057566643,0.0701888715806552,0.0701888715806552,0.0501871842890978,False,False,10192,False,,False,0.0,cpu,patch_nearest_normal,last2,14,0.05,False,,,0.00012333630002103746,0.00012676088372241001,False,True,False,True
2026-08-16 16:17:59,memory_ctta,toothbrush,monitor,C:/cira_batch_test/toothbrush/good_20.png,good_20.png,normal,False,0.01844852603971958,3.2782554626464844e-07,0.0701888715806552,0.0701888715806552,0.0501871842890978,False,True,10388,True,,False,0.0,cpu,patch_nearest_normal,last2,14,0.05,False,,,0.00011545426968950778,0.00012676088372241001,True,True,False,True
2026-08-16 16:18:00,memory_ctta,toothbrush,monitor,C:/cira_batch_test/toothbrush/good_18.png,good_18.png,normal,False,0.04424251243472099,2.443790378947597e-07,0.0701888715806552,0.0701888715806552,0.0501871842890978,False,True,10584,True,,False,0.0,cpu,patch_nearest_normal,last2,14,0.05,False,,,0.00011504074791446328,0.00012676088372241001,True,True,False,True
2026-08-16 16:18:02,memory_ctta,toothbrush,monitor,C:/cira_batch_test/toothbrush/good_11.png,good_11.png,normal,False,0.05370904132723808,0.05370904132723808,0.0701888715806552,0.0701888715806552,0.0501871842890978,False,False,10584,False,,False,0.0,cpu,patch_nearest_normal,last2,14,0.05,False,,,0.000120740536658559,0.00012676088372241001,False,True,False,True
2026-08-16 16:18:04,memory_ctta,toothbrush,monitor,C:/cira_batch_test/toothbrush/good_9.png,good_9.png,normal,False,0.04522216320037842,2.384185791015625e-07,0.0701888715806552,0.0701888715806552,0.0501871842890978,False,True,10780,True,,False,0.0,cpu,patch_nearest_normal,last2,14,0.05,False,,,0.00012460758443921804,0.00012676088372241001,True,True,False,True
2026-08-16 16:18:05,memory_ctta,toothbrush,monitor,C:/cira_batch_test/toothbrush/good_16.png,good_16.png,normal,False,0.040282655507326126,2.5033949668795685e-07,0.0701888715806552,0.0701888715806552,0.0501871842890978,False,True,10976,True,,False,0.0,cpu,patch_nearest_normal,last2,14,0.05,False,,,0.00011175373219884932,0.00012676088372241001,True,True,False,True
2026-08-16 16:18:07,memory_ctta,toothbrush,monitor,C:/cira_batch_test/toothbrush/bad_7.png,bad_7.png,anomaly,True,0.13377654552459717,0.13377654552459717,0.0701888715806552,0.0701888715806552,0.0501871842890978,False,False,10976,False,,False,0.0,cpu,patch_nearest_normal,last2,14,0.05,False,,,0.000113678201159928,0.00012676088372241001,False,True,False,True
2026-08-16 16:18:08,memory_ctta,toothbrush,monitor,C:/cira_batch_test/toothbrush/good_13.png,good_13.png,normal,False,0.056590307503938675,0.056590307503938675,0.0701888715806552,0.0701888715806552,0.0501871842890978,False,False,10976,False,,False,0.0,cpu,patch_nearest_normal,last2,14,0.05,False,,,0.00012366141891106963,0.00012676088372241001,False,True,False,True
2026-08-16 16:18:10,memory_ctta,toothbrush,monitor,C:/cira_batch_test/toothbrush/good_5.png,good_5.png,normal,False,0.018300676718354225,2.8014181907565217e-07,0.0701888715806552,0.0701888715806552,0.0501871842890978,False,True,11172,True,,False,0.0,cpu,patch_nearest_normal,last2,14,0.05,False,,,0.00011227718641748652,0.00012676088372241001,True,True,False,True
2026-08-16 16:18:12,memory_ctta,toothbrush,monitor,C:/cira_batch_test/toothbrush/good_2.png,good_2.png,normal,False,0.05035216733813286,0.05035216733813286,0.0701888715806552,0.0701888715806552,0.0501871842890978,False,False,11172,False,,False,0.0,cpu,patch_nearest_normal,last2,14,0.05,False,,,0.00011898736556759104,0.00012676088372241001,False,True,False,True
2026-08-16 16:18:13,memory_ctta,toothbrush,monitor,C:/cira_batch_test/toothbrush/bad_6.png,bad_6.png,normal,False,0.05112818628549576,0.05112818628549576,0.0701888715806552,0.0701888715806552,0.0501871842890978,False,False,11172,False,,False,0.0,cpu,patch_nearest_normal,last2,14,0.05,False,,,0.00011942374112550169,0.00012676088372241001,False,True,False,True
2026-08-16 16:18:15,memory_ctta,toothbrush,monitor,C:/cira_batch_test/toothbrush/bad_14.png,bad_14.png,anomaly,True,0.2551642954349518,0.2551642954349518,0.0701888715806552,0.0701888715806552,0.0501871842890978,False,False,11172,False,,False,0.0,cpu,patch_nearest_normal,last2,14,0.05,False,,,0.00012097998842364177,0.00012676088372241001,False,True,False,True
2026-08-16 16:18:16,memory_ctta,toothbrush,monitor,C:/cira_batch_test/toothbrush/good_3.png,good_3.png,normal,False,0.03658520430326462,2.682209014892578e-07,0.0701888715806552,0.0701888715806552,0.0501871842890978,False,True,11368,True,,False,0.0,cpu,patch_nearest_normal,last2,14,0.05,True,C:\cira_ttl_checkpoints\toothbrush\patch_memory_bank_update_10.pt,C:\cira_ttl_checkpoints\toothbrush\patch_adapter_update_10.pt,0.00010837458830792457,0.00012676088372241001,True,True,False,True
2026-08-16 16:18:18,memory_ctta,toothbrush,monitor,C:/cira_batch_test/toothbrush/bad_4.png,bad_4.png,normal,False,0.06980624049901962,0.06980624049901962,0.0701888715806552,0.0701888715806552,0.0501871842890978,False,False,11368,False,,False,0.0,cpu,patch_nearest_normal,last2,14,0.05,False,,,0.00010370674135629088,0.00012676088372241001,False,True,False,True
2026-08-16 16:18:20,memory_ctta,toothbrush,monitor,C:/cira_batch_test/toothbrush/bad_15.png,bad_15.png,normal,False,0.0645475760102272,0.0645475760102272,0.0701888715806552,0.0701888715806552,0.0501871842890978,False,False,11368,False,,False,0.0,cpu,patch_nearest_normal,last2,14,0.05,False,,,0.00011980117415077984,0.00012676088372241001,False,True,False,True
2026-08-16 16:18:21,memory_ctta,toothbrush,monitor,C:/cira_batch_test/toothbrush/good_8.png,good_8.png,anomaly,True,0.07683847844600677,0.07683847844600677,0.0701888715806552,0.0701888715806552,0.0501871842890978,False,False,11368,False,,False,0.0,cpu,patch_nearest_normal,last2,14,0.05,False,,,0.00012205279199406505,0.00012676088372241001,False,True,False,True
2026-08-16 16:18:23,memory_ctta,toothbrush,monitor,C:/cira_batch_test/toothbrush/bad_3.png,bad_3.png,anomaly,True,0.12632593512535095,0.12632593512535095,0.0701888715806552,0.0701888715806552,0.0501871842890978,False,False,11368,False,,False,0.0,cpu,patch_nearest_normal,last2,14,0.05,False,,,0.0001122720495914109,0.00012676088372241001,False,True,False,True
2026-08-16 16:18:24,memory_ctta,toothbrush,monitor,C:/cira_batch_test/toothbrush/bad_11.png,bad_11.png,anomaly,True,0.27842220664024353,0.27842220664024353,0.0701888715806552,0.0701888715806552,0.0501871842890978,False,False,11368,False,,False,0.0,cpu,patch_nearest_normal,last2,14,0.05,False,,,0.00012057753338012844,0.00012676088372241001,False,True,False,True
2026-08-16 16:18:26,memory_ctta,toothbrush,monitor,C:/cira_batch_test/toothbrush/good_19.png,good_19.png,normal,False,0.018680578097701073,2.1457671550706436e-07,0.0701888715806552,0.0701888715806552,0.0501871842890978,False,True,11564,True,,False,0.0,cpu,patch_nearest_normal,last2,14,0.05,False,,,0.0001120466404245235,0.00012676088372241001,True,True,False,True
2026-08-16 16:18:27,memory_ctta,toothbrush,monitor,C:/cira_batch_test/toothbrush/good_12.png,good_12.png,normal,False,0.06021793559193611,0.06021793559193611,0.0701888715806552,0.0701888715806552,0.0501871842890978,False,False,11564,False,,False,0.0,cpu,patch_nearest_normal,last2,14,0.05,False,,,0.00011711148545145988,0.00012676088372241001,False,True,False,True
2026-08-16 16:18:29,memory_ctta,toothbrush,monitor,C:/cira_batch_test/toothbrush/good_15.png,good_15.png,normal,False,0.03566005825996399,2.9206276508375595e-07,0.0701888715806552,0.0701888715806552,0.0501871842890978,False,True,11760,True,,False,0.0,cpu,patch_nearest_normal,last2,14,0.05,False,,,0.0001239497069036588,0.00012676088372241001,True,True,False,True
2026-08-16 16:18:31,memory_ctta,toothbrush,monitor,C:/cira_batch_test/toothbrush/bad_17.png,bad_17.png,anomaly,True,0.26540815830230713,0.26540815830230713,0.0701888715806552,0.0701888715806552,0.0501871842890978,False,False,11760,False,,False,0.0,cpu,patch_nearest_normal,last2,14,0.05,False,,,0.00012122540647396818,0.00012676088372241001,False,True,False,True
2026-08-16 16:18:33,memory_ctta,toothbrush,monitor,C:/cira_batch_test/toothbrush/bad_19.png,bad_19.png,anomaly,True,0.07885079085826874,0.07885079085826874,0.0701888715806552,0.0701888715806552,0.0501871842890978,False,False,11760,False,,False,0.0,cpu,patch_nearest_normal,last2,14,0.05,False,,,0.00012143435014877468,0.00012676088372241001,False,True,False,True
2026-08-16 16:18:34,memory_ctta,toothbrush,monitor,C:/cira_batch_test/toothbrush/bad_1.png,bad_1.png,anomaly,True,0.2944432199001312,0.2944432199001312,0.0701888715806552,0.0701888715806552,0.0501871842890978,False,False,11760,False,,False,0.0,cpu,patch_nearest_normal,last2,14,0.05,False,,,0.00011421497765695676,0.00012676088372241001,False,True,False,True
2026-08-16 16:18:36,memory_ctta,toothbrush,monitor,C:/cira_batch_test/toothbrush/good_14.png,good_14.png,normal,False,0.0694086030125618,0.0694086030125618,0.0701888715806552,0.0701888715806552,0.0501871842890978,False,False,11760,False,,False,0.0,cpu,patch_nearest_normal,last2,14,0.05,False,,,0.00011651354725472629,0.00012676088372241001,False,True,False,True
2026-08-16 16:18:38,memory_ctta,transistor,monitor,C:/cira_batch_test/transistor/good_1.png,good_1.png,normal,False,0.05782352015376091,2.980232238769531e-07,0.08374595860198465,0.08374595860198465,0.075458013266325,False,True,16000,True,,False,0.0,cpu,patch_nearest_normal,last2,14,0.05,False,,,0.00017447417485527694,0.000183458399987945,True,True,False,True
2026-08-16 16:18:39,memory_ctta,transistor,monitor,C:/cira_batch_test/transistor/bad_16.png,bad_16.png,anomaly,True,0.1786445677280426,0.1786445677280426,0.08374595860198465,0.08374595860198465,0.075458013266325,False,False,16000,False,,False,0.0,cpu,patch_nearest_normal,last2,14,0.05,False,,,0.00017579260747879744,0.000183458399987945,False,True,False,True
2026-08-16 16:18:41,memory_ctta,transistor,monitor,C:/cira_batch_test/transistor/bad_20.png,bad_20.png,anomaly,True,0.29301589727401733,0.29301589727401733,0.08374595860198465,0.08374595860198465,0.075458013266325,False,False,16000,False,,False,0.0,cpu,patch_nearest_normal,last2,14,0.05,False,,,0.00018312700558453798,0.000183458399987945,False,True,False,True
2026-08-16 16:18:42,memory_ctta,transistor,monitor,C:/cira_batch_test/transistor/bad_12.png,bad_12.png,anomaly,True,0.25258898735046387,0.25258898735046387,0.08374595860198465,0.08374595860198465,0.075458013266325,False,False,16000,False,,False,0.0,cpu,patch_nearest_normal,last2,14,0.05,False,,,0.00014467115397565067,0.000183458399987945,False,True,False,True
2026-08-16 16:18:44,memory_ctta,transistor,monitor,C:/cira_batch_test/transistor/good_17.png,good_17.png,normal,False,0.05833212286233902,2.980232238769531e-07,0.08374595860198465,0.08374595860198465,0.075458013266325,False,True,16000,True,,False,0.0,cpu,patch_nearest_normal,last2,14,0.05,False,,,0.00017542998830322176,0.000183458399987945,True,True,False,True
2026-08-16 16:18:46,memory_ctta,transistor,monitor,C:/cira_batch_test/transistor/bad_9.png,bad_9.png,anomaly,True,0.13217215240001678,0.13217215240001678,0.08374595860198465,0.08374595860198465,0.075458013266325,False,False,16000,False,,False,0.0,cpu,patch_nearest_normal,last2,14,0.05,False,,,0.0001776980934664607,0.000183458399987945,False,True,False,True
2026-08-16 16:18:47,memory_ctta,transistor,monitor,C:/cira_batch_test/transistor/bad_18.png,bad_18.png,anomaly,True,0.14903253316879272,0.14903253316879272,0.08374595860198465,0.08374595860198465,0.075458013266325,False,False,16000,False,,False,0.0,cpu,patch_nearest_normal,last2,14,0.05,False,,,0.00018081031157635152,0.000183458399987945,False,True,False,True
2026-08-16 16:18:49,memory_ctta,transistor,monitor,C:/cira_batch_test/transistor/bad_13.png,bad_13.png,anomaly,True,0.10869152843952179,0.10869152843952179,0.08374595860198465,0.08374595860198465,0.075458013266325,False,False,16000,False,,False,0.0,cpu,patch_nearest_normal,last2,14,0.05,False,,,0.00018877019465435296,0.000183458399987945,False,False,False,True
2026-08-16 16:18:51,memory_ctta,transistor,monitor,C:/cira_batch_test/transistor/bad_2.png,bad_2.png,anomaly,True,0.20772424340248108,0.20772424340248108,0.08374595860198465,0.08374595860198465,0.075458013266325,False,False,16000,False,,False,0.0,cpu,patch_nearest_normal,last2,14,0.05,False,,,0.00016192936163861305,0.000183458399987945,False,True,False,True
2026-08-16 16:18:52,memory_ctta,transistor,monitor,C:/cira_batch_test/transistor/good_6.png,good_6.png,normal,False,0.06584209203720093,2.9206276508375595e-07,0.08374595860198465,0.08374595860198465,0.075458013266325,False,True,16000,True,,False,0.0,cpu,patch_nearest_normal,last2,14,0.05,False,,,0.00017627127817831933,0.000183458399987945,True,True,False,True
2026-08-16 16:18:54,memory_ctta,transistor,monitor,C:/cira_batch_test/transistor/good_10.png,good_10.png,normal,False,0.07250779122114182,2.384185791015625e-07,0.08374595860198465,0.08374595860198465,0.075458013266325,False,True,16000,True,,False,0.0,cpu,patch_nearest_normal,last2,14,0.05,False,,,0.000172353713423945,0.000183458399987945,True,True,False,True
2026-08-16 16:18:56,memory_ctta,transistor,monitor,C:/cira_batch_test/transistor/good_7.png,good_7.png,normal,False,0.07316538691520691,3.039836826701503e-07,0.08374595860198465,0.08374595860198465,0.075458013266325,False,True,16000,True,,False,0.0,cpu,patch_nearest_normal,last2,14,0.05,False,,,0.00017792161088436842,0.000183458399987945,True,True,False,True
2026-08-16 16:18:57,memory_ctta,transistor,monitor,C:/cira_batch_test/transistor/bad_8.png,bad_8.png,anomaly,True,0.16999217867851257,0.16999217867851257,0.08374595860198465,0.08374595860198465,0.075458013266325,False,False,16000,False,,False,0.0,cpu,patch_nearest_normal,last2,14,0.05,False,,,0.00016664569557178766,0.000183458399987945,False,True,False,True
2026-08-16 16:18:59,memory_ctta,transistor,monitor,C:/cira_batch_test/transistor/bad_10.png,bad_10.png,anomaly,True,0.1277000606060028,0.1277000606060028,0.08374595860198465,0.08374595860198465,0.075458013266325,False,False,16000,False,,False,0.0,cpu,patch_nearest_normal,last2,14,0.05,False,,,0.00016135035548359156,0.000183458399987945,False,True,False,True
2026-08-16 16:19:01,memory_ctta,transistor,monitor,C:/cira_batch_test/transistor/good_4.png,good_4.png,normal,False,0.059079866856336594,2.74181360282455e-07,0.08374595860198465,0.08374595860198465,0.075458013266325,False,True,16000,True,,False,0.0,cpu,patch_nearest_normal,last2,14,0.05,False,,,0.00018202117644250393,0.000183458399987945,True,True,False,True
2026-08-16 16:19:02,memory_ctta,transistor,monitor,C:/cira_batch_test/transistor/bad_5.png,bad_5.png,anomaly,True,0.1136799082159996,0.1136799082159996,0.08374595860198465,0.08374595860198465,0.075458013266325,False,False,16000,False,,False,0.0,cpu,patch_nearest_normal,last2,14,0.05,False,,,0.00018118706066161394,0.000183458399987945,False,True,False,True
2026-08-16 16:19:04,memory_ctta,transistor,monitor,C:/cira_batch_test/transistor/good_20.png,good_20.png,normal,False,0.06934811919927597,2.8610230629055877e-07,0.08374595860198465,0.08374595860198465,0.075458013266325,False,True,16000,True,,False,0.0,cpu,patch_nearest_normal,last2,14,0.05,False,,,0.00016989927098620683,0.000183458399987945,True,True,False,True
2026-08-16 16:19:06,memory_ctta,transistor,monitor,C:/cira_batch_test/transistor/good_18.png,good_18.png,normal,False,0.06315706670284271,0.06315706670284271,0.08374595860198465,0.08374595860198465,0.075458013266325,False,False,16000,False,,False,0.0,cpu,patch_nearest_normal,last2,14,0.05,False,,,0.00018817912496160716,0.000183458399987945,True,False,False,True
2026-08-16 16:19:07,memory_ctta,transistor,monitor,C:/cira_batch_test/transistor/good_11.png,good_11.png,normal,False,0.05958162620663643,2.6226044269606064e-07,0.08374595860198465,0.08374595860198465,0.075458013266325,False,True,16000,True,,False,0.0,cpu,patch_nearest_normal,last2,14,0.05,False,,,0.00018173333955928683,0.000183458399987945,True,True,False,True
2026-08-16 16:19:09,memory_ctta,transistor,monitor,C:/cira_batch_test/transistor/good_9.png,good_9.png,normal,False,0.07275223731994629,0.07275223731994629,0.08374595860198465,0.08374595860198465,0.075458013266325,False,False,16000,False,,False,0.0,cpu,patch_nearest_normal,last2,14,0.05,False,,,0.00020040951494593173,0.000183458399987945,True,False,False,True
2026-08-16 16:19:11,memory_ctta,transistor,monitor,C:/cira_batch_test/transistor/good_16.png,good_16.png,normal,False,0.07093767821788788,0.07093767821788788,0.08374595860198465,0.08374595860198465,0.075458013266325,False,False,16000,False,,False,0.0,cpu,patch_nearest_normal,last2,14,0.05,False,,,0.00020490183669608086,0.000183458399987945,True,False,False,True
2026-08-16 16:19:12,memory_ctta,transistor,monitor,C:/cira_batch_test/transistor/bad_7.png,bad_7.png,anomaly,True,0.126988485455513,0.126988485455513,0.08374595860198465,0.08374595860198465,0.075458013266325,False,False,16000,False,,False,0.0,cpu,patch_nearest_normal,last2,14,0.05,False,,,0.00017011818999890238,0.000183458399987945,False,True,False,True
2026-08-16 16:19:14,memory_ctta,transistor,monitor,C:/cira_batch_test/transistor/good_13.png,good_13.png,normal,False,0.05496353656053543,2.443790378947597e-07,0.08374595860198465,0.08374595860198465,0.075458013266325,False,True,16000,True,,False,0.0,cpu,patch_nearest_normal,last2,14,0.05,False,,,0.00018102850299328566,0.000183458399987945,True,True,False,True
2026-08-16 16:19:16,memory_ctta,transistor,monitor,C:/cira_batch_test/transistor/good_5.png,good_5.png,normal,False,0.06828759610652924,0.06828759610652924,0.08374595860198465,0.08374595860198465,0.075458013266325,False,False,16000,False,,False,0.0,cpu,patch_nearest_normal,last2,14,0.05,False,,,0.0001942300150403753,0.000183458399987945,True,False,False,True
2026-08-16 16:19:17,memory_ctta,transistor,monitor,C:/cira_batch_test/transistor/good_2.png,good_2.png,normal,False,0.0836627334356308,0.0836627334356308,0.08374595860198465,0.08374595860198465,0.075458013266325,False,False,16000,False,,False,0.0,cpu,patch_nearest_normal,last2,14,0.05,False,,,0.00015964804333634675,0.000183458399987945,False,True,False,True
2026-08-16 16:19:19,memory_ctta,transistor,monitor,C:/cira_batch_test/transistor/bad_6.png,bad_6.png,normal,False,0.08362448215484619,0.08362448215484619,0.08374595860198465,0.08374595860198465,0.075458013266325,False,False,16000,False,,False,0.0,cpu,patch_nearest_normal,last2,14,0.05,False,,,0.00015457220433745533,0.000183458399987945,False,True,False,True
2026-08-16 16:19:21,memory_ctta,transistor,monitor,C:/cira_batch_test/transistor/bad_14.png,bad_14.png,anomaly,True,0.10148847103118896,0.10148847103118896,0.08374595860198465,0.08374595860198465,0.075458013266325,False,False,16000,False,,False,0.0,cpu,patch_nearest_normal,last2,14,0.05,False,,,0.00018377893138676882,0.000183458399987945,False,False,False,True
2026-08-16 16:19:22,memory_ctta,transistor,monitor,C:/cira_batch_test/transistor/good_3.png,good_3.png,normal,False,0.07986164093017578,0.07986164093017578,0.08374595860198465,0.08374595860198465,0.075458013266325,False,False,16000,False,,False,0.0,cpu,patch_nearest_normal,last2,14,0.05,False,,,0.00016050133854150772,0.000183458399987945,False,True,False,True
2026-08-16 16:19:24,memory_ctta,transistor,monitor,C:/cira_batch_test/transistor/bad_4.png,bad_4.png,anomaly,True,0.09219349920749664,0.09219349920749664,0.08374595860198465,0.08374595860198465,0.075458013266325,False,False,16000,False,,False,0.0,cpu,patch_nearest_normal,last2,14,0.05,False,,,0.00012339281965978444,0.000183458399987945,False,True,False,True
2026-08-16 16:19:25,memory_ctta,transistor,monitor,C:/cira_batch_test/transistor/bad_15.png,bad_15.png,anomaly,True,0.09377886354923248,0.09377886354923248,0.08374595860198465,0.08374595860198465,0.075458013266325,False,False,16000,False,,False,0.0,cpu,patch_nearest_normal,last2,14,0.05,False,,,0.00018128597002942115,0.000183458399987945,False,True,False,True
2026-08-16 16:19:27,memory_ctta,transistor,monitor,C:/cira_batch_test/transistor/good_8.png,good_8.png,normal,False,0.05820109322667122,2.8014181907565217e-07,0.08374595860198465,0.08374595860198465,0.075458013266325,False,True,16000,True,,False,0.0,cpu,patch_nearest_normal,last2,14,0.05,True,C:\cira_ttl_checkpoints\transistor\patch_memory_bank_update_10.pt,C:\cira_ttl_checkpoints\transistor\patch_adapter_update_10.pt,0.0001568827428855002,0.000183458399987945,True,True,False,True
2026-08-16 16:19:30,memory_ctta,transistor,monitor,C:/cira_batch_test/transistor/bad_3.png,bad_3.png,anomaly,True,0.10103647410869598,0.10103647410869598,0.08374595860198465,0.08374595860198465,0.075458013266325,False,False,16000,False,,False,0.0,cpu,patch_nearest_normal,last2,14,0.05,False,,,0.0001726821792544797,0.000183458399987945,False,True,False,True
2026-08-16 16:19:32,memory_ctta,transistor,monitor,C:/cira_batch_test/transistor/bad_11.png,bad_11.png,normal,False,0.07441709190607071,2.682209014892578e-07,0.08374595860198465,0.08374595860198465,0.075458013266325,False,True,16000,True,,False,0.0,cpu,patch_nearest_normal,last2,14,0.05,False,,,0.00016990026051644236,0.000183458399987945,True,True,False,True
2026-08-16 16:19:34,memory_ctta,transistor,monitor,C:/cira_batch_test/transistor/good_19.png,good_19.png,normal,False,0.06916917860507965,2.8610230629055877e-07,0.08374595860198465,0.08374595860198465,0.075458013266325,False,True,16000,True,,False,0.0,cpu,patch_nearest_normal,last2,14,0.05,False,,,0.00016202605911530554,0.000183458399987945,True,True,False,True
2026-08-16 16:19:35,memory_ctta,transistor,monitor,C:/cira_batch_test/transistor/good_12.png,good_12.png,normal,False,0.05196959525346756,2.980232238769531e-07,0.08374595860198465,0.08374595860198465,0.075458013266325,False,True,16000,True,,False,0.0,cpu,patch_nearest_normal,last2,14,0.05,False,,,0.00018345790158491582,0.000183458399987945,True,True,False,True
2026-08-16 16:19:37,memory_ctta,transistor,monitor,C:/cira_batch_test/transistor/good_15.png,good_15.png,normal,False,0.06960944831371307,0.06960944831371307,0.08374595860198465,0.08374595860198465,0.075458013266325,False,False,16000,False,,False,0.0,cpu,patch_nearest_normal,last2,14,0.05,False,,,0.00018962673493660986,0.000183458399987945,True,False,False,True
2026-08-16 16:19:39,memory_ctta,transistor,monitor,C:/cira_batch_test/transistor/bad_17.png,bad_17.png,anomaly,True,0.19920146465301514,0.19920146465301514,0.08374595860198465,0.08374595860198465,0.075458013266325,False,False,16000,False,,False,0.0,cpu,patch_nearest_normal,last2,14,0.05,False,,,0.0001829942484619096,0.000183458399987945,False,True,False,True
2026-08-16 16:19:40,memory_ctta,transistor,monitor,C:/cira_batch_test/transistor/bad_19.png,bad_19.png,anomaly,True,0.09911045432090759,0.09911045432090759,0.08374595860198465,0.08374595860198465,0.075458013266325,False,False,16000,False,,False,0.0,cpu,patch_nearest_normal,last2,14,0.05,False,,,0.0001699053536867723,0.000183458399987945,False,True,False,True
2026-08-16 16:19:42,memory_ctta,transistor,monitor,C:/cira_batch_test/transistor/bad_1.png,bad_1.png,anomaly,True,0.12393534183502197,0.12393534183502197,0.08374595860198465,0.08374595860198465,0.075458013266325,False,False,16000,False,,False,0.0,cpu,patch_nearest_normal,last2,14,0.05,False,,,0.00015736950444988906,0.000183458399987945,False,True,False,True
2026-08-16 16:19:44,memory_ctta,transistor,monitor,C:/cira_batch_test/transistor/good_14.png,good_14.png,normal,False,0.06103486567735672,3.397464638510428e-07,0.08374595860198465,0.08374595860198465,0.075458013266325,False,True,16000,True,,False,0.0,cpu,patch_nearest_normal,last2,14,0.05,False,,,0.00017746035882737488,0.000183458399987945,True,True,False,True
2026-08-16 16:19:45,memory_ctta,wood,monitor,C:/cira_batch_test/wood/good_1.png,good_1.png,normal,False,0.035984765738248825,2.74181360282455e-07,0.04761727861349719,0.04761727861349719,0.037343646213412296,False,True,16000,True,,False,0.0,cpu,patch_nearest_normal,last2,14,0.05,False,,,9.006362233776599e-05,0.00010775983100752,True,True,False,True
2026-08-16 16:19:47,memory_ctta,wood,monitor,C:/cira_batch_test/wood/bad_16.png,bad_16.png,anomaly,True,0.2178620994091034,0.2178620994091034,0.04761727861349719,0.04761727861349719,0.037343646213412296,False,False,16000,False,,False,0.0,cpu,patch_nearest_normal,last2,14,0.05,False,,,7.937274494906887e-05,0.00010775983100752,False,True,False,True
2026-08-16 16:19:49,memory_ctta,wood,monitor,C:/cira_batch_test/wood/bad_20.png,bad_20.png,anomaly,True,0.1708804816007614,0.1708804816007614,0.04761727861349719,0.04761727861349719,0.037343646213412296,False,False,16000,False,,False,0.0,cpu,patch_nearest_normal,last2,14,0.05,False,,,9.236014011548832e-05,0.00010775983100752,False,True,False,True
2026-08-16 16:19:50,memory_ctta,wood,monitor,C:/cira_batch_test/wood/bad_12.png,bad_12.png,anomaly,True,0.18334026634693146,0.18334026634693146,0.04761727861349719,0.04761727861349719,0.037343646213412296,False,False,16000,False,,False,0.0,cpu,patch_nearest_normal,last2,14,0.05,False,,,0.00012649476411752403,0.00010775983100752,False,False,False,True
2026-08-16 16:19:52,memory_ctta,wood,monitor,C:/cira_batch_test/wood/good_17.png,good_17.png,normal,False,0.03982666879892349,0.03982666879892349,0.04761727861349719,0.04761727861349719,0.037343646213412296,False,False,16000,False,,False,0.0,cpu,patch_nearest_normal,last2,14,0.05,False,,,0.00010225598816759884,0.00010775983100752,False,True,False,True
2026-08-16 16:19:54,memory_ctta,wood,monitor,C:/cira_batch_test/wood/bad_9.png,bad_9.png,anomaly,True,0.21411867439746857,0.21411867439746857,0.04761727861349719,0.04761727861349719,0.037343646213412296,False,False,16000,False,,False,0.0,cpu,patch_nearest_normal,last2,14,0.05,False,,,7.753652607789263e-05,0.00010775983100752,False,True,False,True
2026-08-16 16:19:55,memory_ctta,wood,monitor,C:/cira_batch_test/wood/bad_18.png,bad_18.png,anomaly,True,0.3986118733882904,0.3986118733882904,0.04761727861349719,0.04761727861349719,0.037343646213412296,False,False,16000,False,,False,0.0,cpu,patch_nearest_normal,last2,14,0.05,False,,,7.88089309935458e-05,0.00010775983100752,False,True,False,True
2026-08-16 16:20:00,memory_ctta,wood,monitor,C:/cira_batch_test/wood/bad_13.png,bad_13.png,anomaly,True,0.3154453635215759,0.3154453635215759,0.04761727861349719,0.04761727861349719,0.037343646213412296,False,False,16000,False,,False,0.0,cpu,patch_nearest_normal,last2,14,0.05,False,,,9.488038631388918e-05,0.00010775983100752,False,True,False,True
2026-08-16 16:20:03,memory_ctta,wood,monitor,C:/cira_batch_test/wood/bad_2.png,bad_2.png,anomaly,True,0.2760295271873474,0.2760295271873474,0.04761727861349719,0.04761727861349719,0.037343646213412296,False,False,16000,False,,False,0.0,cpu,patch_nearest_normal,last2,14,0.05,False,,,0.00010169751476496458,0.00010775983100752,False,True,False,True
2026-08-16 16:20:04,memory_ctta,wood,monitor,C:/cira_batch_test/wood/good_6.png,good_6.png,normal,False,0.02320256270468235,3.099441414633475e-07,0.04761727861349719,0.04761727861349719,0.037343646213412296,False,True,16000,True,,False,0.0,cpu,patch_nearest_normal,last2,14,0.05,False,,,7.240719423862174e-05,0.00010775983100752,True,True,False,True
2026-08-16 16:20:06,memory_ctta,wood,monitor,C:/cira_batch_test/wood/good_10.png,good_10.png,anomaly,True,0.09005147963762283,0.09005147963762283,0.04761727861349719,0.04761727861349719,0.037343646213412296,False,False,16000,False,,False,0.0,cpu,patch_nearest_normal,last2,14,0.05,False,,,0.00011195537081221119,0.00010775983100752,False,False,False,True
2026-08-16 16:20:08,memory_ctta,wood,monitor,C:/cira_batch_test/wood/good_7.png,good_7.png,normal,False,0.020513426512479782,2.8014181907565217e-07,0.04761727861349719,0.04761727861349719,0.037343646213412296,False,True,16000,True,,False,0.0,cpu,patch_nearest_normal,last2,14,0.05,False,,,8.57402992551215e-05,0.00010775983100752,True,True,False,True
2026-08-16 16:20:09,memory_ctta,wood,monitor,C:/cira_batch_test/wood/bad_8.png,bad_8.png,anomaly,True,0.22193968296051025,0.22193968296051025,0.04761727861349719,0.04761727861349719,0.037343646213412296,False,False,16000,False,,False,0.0,cpu,patch_nearest_normal,last2,14,0.05,False,,,7.839462341507897e-05,0.00010775983100752,False,True,False,True
2026-08-16 16:20:11,memory_ctta,wood,monitor,C:/cira_batch_test/wood/bad_10.png,bad_10.png,anomaly,True,0.2777043879032135,0.2777043879032135,0.04761727861349719,0.04761727861349719,0.037343646213412296,False,False,16000,False,,False,0.0,cpu,patch_nearest_normal,last2,14,0.05,False,,,7.510865543736145e-05,0.00010775983100752,False,True,False,True
2026-08-16 16:20:13,memory_ctta,wood,monitor,C:/cira_batch_test/wood/good_4.png,good_4.png,normal,False,0.01712726429104805,2.6226044269606064e-07,0.04761727861349719,0.04761727861349719,0.037343646213412296,False,True,16000,True,,False,0.0,cpu,patch_nearest_normal,last2,14,0.05,False,,,7.867567910579965e-05,0.00010775983100752,True,True,False,True
2026-08-16 16:20:14,memory_ctta,wood,monitor,C:/cira_batch_test/wood/bad_5.png,bad_5.png,anomaly,True,0.24019880592823029,0.24019880592823029,0.04761727861349719,0.04761727861349719,0.037343646213412296,False,False,16000,False,,False,0.0,cpu,patch_nearest_normal,last2,14,0.05,False,,,0.00010481852950761095,0.00010775983100752,False,True,False,True
2026-08-16 16:20:16,memory_ctta,wood,monitor,C:/cira_batch_test/wood/good_20.png,good_20.png,normal,False,0.026472818106412888,3.814697322468419e-07,0.04761727861349719,0.04761727861349719,0.037343646213412296,False,True,16000,True,,False,0.0,cpu,patch_nearest_normal,last2,14,0.05,False,,,9.420300193596631e-05,0.00010775983100752,True,True,False,True
2026-08-16 16:20:18,memory_ctta,wood,monitor,C:/cira_batch_test/wood/good_18.png,good_18.png,normal,False,0.03964800387620926,0.03964800387620926,0.04761727861349719,0.04761727861349719,0.037343646213412296,False,False,16000,False,,False,0.0,cpu,patch_nearest_normal,last2,14,0.05,False,,,9.609306289348751e-05,0.00010775983100752,False,True,False,True
2026-08-16 16:20:19,memory_ctta,wood,monitor,C:/cira_batch_test/wood/good_11.png,good_11.png,normal,False,0.036034613847732544,3.2186508747145126e-07,0.04761727861349719,0.04761727861349719,0.037343646213412296,False,True,16000,True,,False,0.0,cpu,patch_nearest_normal,last2,14,0.05,False,,,0.00010600658424664289,0.00010775983100752,True,True,False,True
2026-08-16 16:20:21,memory_ctta,wood,monitor,C:/cira_batch_test/wood/good_9.png,good_9.png,normal,False,0.03405863046646118,0.03405863046646118,0.04761727861349719,0.04761727861349719,0.037343646213412296,False,False,16000,False,,False,0.0,cpu,patch_nearest_normal,last2,14,0.05,False,,,0.00011918442032765597,0.00010775983100752,True,False,False,True
2026-08-16 16:20:23,memory_ctta,wood,monitor,C:/cira_batch_test/wood/good_16.png,good_16.png,normal,False,0.036336254328489304,2.8610230629055877e-07,0.04761727861349719,0.04761727861349719,0.037343646213412296,False,True,16000,True,,False,0.0,cpu,patch_nearest_normal,last2,14,0.05,False,,,0.00010481550998520106,0.00010775983100752,True,True,False,True
2026-08-16 16:20:24,memory_ctta,wood,monitor,C:/cira_batch_test/wood/bad_7.png,bad_7.png,anomaly,True,0.09860393404960632,0.09860393404960632,0.04761727861349719,0.04761727861349719,0.037343646213412296,False,False,16000,False,,False,0.0,cpu,patch_nearest_normal,last2,14,0.05,False,,,0.00010032980208052322,0.00010775983100752,False,True,False,True
2026-08-16 16:20:26,memory_ctta,wood,monitor,C:/cira_batch_test/wood/good_13.png,good_13.png,normal,False,0.03150320053100586,0.03150320053100586,0.04761727861349719,0.04761727861349719,0.037343646213412296,False,False,16000,False,,False,0.0,cpu,patch_nearest_normal,last2,14,0.05,False,,,0.00011031878966605291,0.00010775983100752,True,False,False,True
2026-08-16 16:20:28,memory_ctta,wood,monitor,C:/cira_batch_test/wood/good_5.png,good_5.png,normal,False,0.02025938592851162,3.099441414633475e-07,0.04761727861349719,0.04761727861349719,0.037343646213412296,False,True,16000,True,,False,0.0,cpu,patch_nearest_normal,last2,14,0.05,False,,,7.151543104555458e-05,0.00010775983100752,True,True,False,True
2026-08-16 16:20:29,memory_ctta,wood,monitor,C:/cira_batch_test/wood/good_2.png,good_2.png,normal,False,0.022406388074159622,2.2649764730431343e-07,0.04761727861349719,0.04761727861349719,0.037343646213412296,False,True,16000,True,,False,0.0,cpu,patch_nearest_normal,last2,14,0.05,False,,,8.248619269579649e-05,0.00010775983100752,True,True,False,True
2026-08-16 16:20:31,memory_ctta,wood,monitor,C:/cira_batch_test/wood/bad_6.png,bad_6.png,anomaly,True,0.22265997529029846,0.22265997529029846,0.04761727861349719,0.04761727861349719,0.037343646213412296,False,False,16000,False,,False,0.0,cpu,patch_nearest_normal,last2,14,0.05,False,,,0.00013145779666956514,0.00010775983100752,False,False,False,True
2026-08-16 16:20:33,memory_ctta,wood,monitor,C:/cira_batch_test/wood/bad_14.png,bad_14.png,anomaly,True,0.2407001554965973,0.2407001554965973,0.04761727861349719,0.04761727861349719,0.037343646213412296,False,False,16000,False,,False,0.0,cpu,patch_nearest_normal,last2,14,0.05,False,,,8.123072620946914e-05,0.00010775983100752,False,True,False,True
2026-08-16 16:20:35,memory_ctta,wood,monitor,C:/cira_batch_test/wood/good_3.png,good_3.png,normal,False,0.021177267655730247,3.635883274455409e-07,0.04761727861349719,0.04761727861349719,0.037343646213412296,False,True,16000,True,,False,0.0,cpu,patch_nearest_normal,last2,14,0.05,True,C:\cira_ttl_checkpoints\wood\patch_memory_bank_update_10.pt,C:\cira_ttl_checkpoints\wood\patch_adapter_update_10.pt,7.620899850735441e-05,0.00010775983100752,True,True,False,True
2026-08-16 16:20:36,memory_ctta,wood,monitor,C:/cira_batch_test/wood/bad_4.png,bad_4.png,anomaly,True,0.3489580750465393,0.3489580750465393,0.04761727861349719,0.04761727861349719,0.037343646213412296,False,False,16000,False,,False,0.0,cpu,patch_nearest_normal,last2,14,0.05,False,,,8.828748104861006e-05,0.00010775983100752,False,True,False,True
2026-08-16 16:20:38,memory_ctta,wood,monitor,C:/cira_batch_test/wood/bad_15.png,bad_15.png,anomaly,True,0.2152269333600998,0.2152269333600998,0.04761727861349719,0.04761727861349719,0.037343646213412296,False,False,16000,False,,False,0.0,cpu,patch_nearest_normal,last2,14,0.05,False,,,9.865088213700801e-05,0.00010775983100752,False,True,False,True
2026-08-16 16:20:40,memory_ctta,wood,monitor,C:/cira_batch_test/wood/good_8.png,good_8.png,normal,False,0.03457622975111008,0.03457622975111008,0.04761727861349719,0.04761727861349719,0.037343646213412296,False,False,16000,False,,False,0.0,cpu,patch_nearest_normal,last2,14,0.05,False,,,0.00012031939695589244,0.00010775983100752,True,False,False,True
2026-08-16 16:20:41,memory_ctta,wood,monitor,C:/cira_batch_test/wood/bad_3.png,bad_3.png,anomaly,True,0.25414711236953735,0.25414711236953735,0.04761727861349719,0.04761727861349719,0.037343646213412296,False,False,16000,False,,False,0.0,cpu,patch_nearest_normal,last2,14,0.05,False,,,0.00015176102169789374,0.00010775983100752,False,False,False,True
2026-08-16 16:20:43,memory_ctta,wood,monitor,C:/cira_batch_test/wood/bad_11.png,bad_11.png,anomaly,True,0.08594541996717453,0.08594541996717453,0.04761727861349719,0.04761727861349719,0.037343646213412296,False,False,16000,False,,False,0.0,cpu,patch_nearest_normal,last2,14,0.05,False,,,6.784631113987416e-05,0.00010775983100752,False,True,False,True
2026-08-16 16:20:44,memory_ctta,wood,monitor,C:/cira_batch_test/wood/good_19.png,good_19.png,anomaly,True,0.05047493055462837,0.05047493055462837,0.04761727861349719,0.04761727861349719,0.037343646213412296,False,False,16000,False,,False,0.0,cpu,patch_nearest_normal,last2,14,0.05,False,,,8.833763422444463e-05,0.00010775983100752,False,True,False,True
2026-08-16 16:20:46,memory_ctta,wood,monitor,C:/cira_batch_test/wood/good_12.png,good_12.png,normal,False,0.026571113616228104,0.026571113616228104,0.04761727861349719,0.04761727861349719,0.037343646213412296,False,False,16000,False,,False,0.0,cpu,patch_nearest_normal,last2,14,0.05,False,,,0.00011044193524867296,0.00010775983100752,True,False,False,True
2026-08-16 16:20:48,memory_ctta,wood,monitor,C:/cira_batch_test/wood/good_15.png,good_15.png,anomaly,True,0.05071365833282471,0.05071365833282471,0.04761727861349719,0.04761727861349719,0.037343646213412296,False,False,16000,False,,False,0.0,cpu,patch_nearest_normal,last2,14,0.05,False,,,9.35405696509406e-05,0.00010775983100752,False,True,False,True
2026-08-16 16:20:49,memory_ctta,wood,monitor,C:/cira_batch_test/wood/bad_17.png,bad_17.png,anomaly,True,0.3658318519592285,0.3658318519592285,0.04761727861349719,0.04761727861349719,0.037343646213412296,False,False,16000,False,,False,0.0,cpu,patch_nearest_normal,last2,14,0.05,False,,,0.00010919344640569761,0.00010775983100752,False,False,False,True
2026-08-16 16:20:51,memory_ctta,wood,monitor,C:/cira_batch_test/wood/bad_19.png,bad_19.png,anomaly,True,0.21853652596473694,0.21853652596473694,0.04761727861349719,0.04761727861349719,0.037343646213412296,False,False,16000,False,,False,0.0,cpu,patch_nearest_normal,last2,14,0.05,False,,,0.00010327441123081371,0.00010775983100752,False,True,False,True
2026-08-16 16:20:53,memory_ctta,wood,monitor,C:/cira_batch_test/wood/bad_1.png,bad_1.png,anomaly,True,0.34858831763267517,0.34858831763267517,0.04761727861349719,0.04761727861349719,0.037343646213412296,False,False,16000,False,,False,0.0,cpu,patch_nearest_normal,last2,14,0.05,False,,,8.68721617734991e-05,0.00010775983100752,False,True,False,True
2026-08-16 16:20:54,memory_ctta,wood,monitor,C:/cira_batch_test/wood/good_14.png,good_14.png,normal,False,0.029927575960755348,0.029927575960755348,0.04761727861349719,0.04761727861349719,0.037343646213412296,False,False,16000,False,,False,0.0,cpu,patch_nearest_normal,last2,14,0.05,False,,,0.00010983349056914449,0.00010775983100752,True,False,False,True
2026-08-16 16:20:56,memory_ctta,zipper,monitor,C:/cira_batch_test/zipper/good_1.png,good_1.png,normal,False,0.02195020392537117,2.8610230629055877e-07,0.026937197228883013,0.026937197228883013,0.026275477930903436,False,True,16000,True,,False,0.0,cpu,patch_nearest_normal,last2,14,0.05,False,,,0.00010940445645246655,0.00012004206546407001,True,True,False,True
2026-08-16 16:20:58,memory_ctta,zipper,monitor,C:/cira_batch_test/zipper/bad_16.png,bad_16.png,anomaly,True,0.048481184989213943,0.048481184989213943,0.026937197228883013,0.026937197228883013,0.026275477930903436,False,False,16000,False,,False,0.0,cpu,patch_nearest_normal,last2,14,0.05,False,,,0.00011968315811827779,0.00012004206546407001,False,True,False,True
2026-08-16 16:20:59,memory_ctta,zipper,monitor,C:/cira_batch_test/zipper/bad_20.png,bad_20.png,anomaly,True,0.048314113169908524,0.048314113169908524,0.026937197228883013,0.026937197228883013,0.026275477930903436,False,False,16000,False,,False,0.0,cpu,patch_nearest_normal,last2,14,0.05,False,,,0.00010266750905429944,0.00012004206546407001,False,True,False,True
2026-08-16 16:21:01,memory_ctta,zipper,monitor,C:/cira_batch_test/zipper/bad_12.png,bad_12.png,normal,False,0.024127954617142677,2.384185791015625e-07,0.026937197228883013,0.026937197228883013,0.026275477930903436,False,True,16000,True,,False,0.0,cpu,patch_nearest_normal,last2,14,0.05,False,,,0.0001008399049169384,0.00012004206546407001,True,True,False,True
2026-08-16 16:21:03,memory_ctta,zipper,monitor,C:/cira_batch_test/zipper/good_17.png,good_17.png,normal,False,0.022871291264891624,2.6226044269606064e-07,0.026937197228883013,0.026937197228883013,0.026275477930903436,False,True,16000,True,,False,0.0,cpu,patch_nearest_normal,last2,14,0.05,False,,,0.00011642782192211598,0.00012004206546407001,True,True,False,True
2026-08-16 16:21:04,memory_ctta,zipper,monitor,C:/cira_batch_test/zipper/bad_9.png,bad_9.png,anomaly,True,0.1388188898563385,0.1388188898563385,0.026937197228883013,0.026937197228883013,0.026275477930903436,False,False,16000,False,,False,0.0,cpu,patch_nearest_normal,last2,14,0.05,False,,,0.00010710867354646325,0.00012004206546407001,False,True,False,True
2026-08-16 16:21:06,memory_ctta,zipper,monitor,C:/cira_batch_test/zipper/bad_18.png,bad_18.png,anomaly,True,0.06991015374660492,0.06991015374660492,0.026937197228883013,0.026937197228883013,0.026275477930903436,False,False,16000,False,,False,0.0,cpu,patch_nearest_normal,last2,14,0.05,False,,,0.0001130404561990872,0.00012004206546407001,False,True,False,True
2026-08-16 16:21:08,memory_ctta,zipper,monitor,C:/cira_batch_test/zipper/bad_13.png,bad_13.png,anomaly,True,0.04014819860458374,0.04014819860458374,0.026937197228883013,0.026937197228883013,0.026275477930903436,False,False,16000,False,,False,0.0,cpu,patch_nearest_normal,last2,14,0.05,False,,,0.00011505369911901653,0.00012004206546407001,False,True,False,True
2026-08-16 16:21:09,memory_ctta,zipper,monitor,C:/cira_batch_test/zipper/bad_2.png,bad_2.png,anomaly,True,0.046556003391742706,0.046556003391742706,0.026937197228883013,0.026937197228883013,0.026275477930903436,False,False,16000,False,,False,0.0,cpu,patch_nearest_normal,last2,14,0.05,False,,,0.00011549617920536548,0.00012004206546407001,False,True,False,True
2026-08-16 16:21:11,memory_ctta,zipper,monitor,C:/cira_batch_test/zipper/good_6.png,good_6.png,normal,False,0.02240096963942051,2.5033949668795685e-07,0.026937197228883013,0.026937197228883013,0.026275477930903436,False,True,16000,True,,False,0.0,cpu,patch_nearest_normal,last2,14,0.05,False,,,0.00011206968338228762,0.00012004206546407001,True,True,False,True
2026-08-16 16:21:12,memory_ctta,zipper,monitor,C:/cira_batch_test/zipper/good_10.png,good_10.png,normal,False,0.022542679682374,2.8610230629055877e-07,0.026937197228883013,0.026937197228883013,0.026275477930903436,False,True,16000,True,,False,0.0,cpu,patch_nearest_normal,last2,14,0.05,False,,,0.00010884746734518558,0.00012004206546407001,True,True,False,True
2026-08-16 16:21:14,memory_ctta,zipper,monitor,C:/cira_batch_test/zipper/good_7.png,good_7.png,normal,False,0.019982194527983665,2.6226044269606064e-07,0.026937197228883013,0.026937197228883013,0.026275477930903436,False,True,16000,True,,False,0.0,cpu,patch_nearest_normal,last2,14,0.05,False,,,0.00010781883611343801,0.00012004206546407001,True,True,False,True
2026-08-16 16:21:16,memory_ctta,zipper,monitor,C:/cira_batch_test/zipper/bad_8.png,bad_8.png,anomaly,True,0.13829228281974792,0.13829228281974792,0.026937197228883013,0.026937197228883013,0.026275477930903436,False,False,16000,False,,False,0.0,cpu,patch_nearest_normal,last2,14,0.05,False,,,0.00011621964949881658,0.00012004206546407001,False,True,False,True
2026-08-16 16:21:17,memory_ctta,zipper,monitor,C:/cira_batch_test/zipper/bad_10.png,bad_10.png,normal,False,0.024394815787672997,2.8014181907565217e-07,0.026937197228883013,0.026937197228883013,0.026275477930903436,False,True,16000,True,,False,0.0,cpu,patch_nearest_normal,last2,14,0.05,False,,,0.00011567681940505281,0.00012004206546407001,True,True,False,True
2026-08-16 16:21:19,memory_ctta,zipper,monitor,C:/cira_batch_test/zipper/good_4.png,good_4.png,anomaly,True,0.026972007006406784,0.026972007006406784,0.026937197228883013,0.026937197228883013,0.026275477930903436,False,False,16000,False,,False,0.0,cpu,patch_nearest_normal,last2,14,0.05,False,,,0.00010447946988279,0.00012004206546407001,False,True,False,True
2026-08-16 16:21:21,memory_ctta,zipper,monitor,C:/cira_batch_test/zipper/bad_5.png,bad_5.png,anomaly,True,0.04240451380610466,0.04240451380610466,0.026937197228883013,0.026937197228883013,0.026275477930903436,False,False,16000,False,,False,0.0,cpu,patch_nearest_normal,last2,14,0.05,False,,,0.00011569395428523421,0.00012004206546407001,False,True,False,True
2026-08-16 16:21:22,memory_ctta,zipper,monitor,C:/cira_batch_test/zipper/good_20.png,good_20.png,normal,False,0.021288931369781494,3.039836826701503e-07,0.026937197228883013,0.026937197228883013,0.026275477930903436,False,True,16000,True,,False,0.0,cpu,patch_nearest_normal,last2,14,0.05,False,,,0.00011039105447707698,0.00012004206546407001,True,True,False,True
2026-08-16 16:21:24,memory_ctta,zipper,monitor,C:/cira_batch_test/zipper/good_18.png,good_18.png,normal,False,0.018432890996336937,3.159046286782541e-07,0.026937197228883013,0.026937197228883013,0.026275477930903436,False,True,16000,True,,False,0.0,cpu,patch_nearest_normal,last2,14,0.05,False,,,0.00011674736015265808,0.00012004206546407001,True,True,False,True
2026-08-16 16:21:26,memory_ctta,zipper,monitor,C:/cira_batch_test/zipper/good_11.png,good_11.png,normal,False,0.018438082188367844,2.682209014892578e-07,0.026937197228883013,0.026937197228883013,0.026275477930903436,False,True,16000,True,,False,0.0,cpu,patch_nearest_normal,last2,14,0.05,True,C:\cira_ttl_checkpoints\zipper\patch_memory_bank_update_10.pt,C:\cira_ttl_checkpoints\zipper\patch_adapter_update_10.pt,0.00010582175309536979,0.00012004206546407001,True,True,False,True
2026-08-16 16:21:27,memory_ctta,zipper,monitor,C:/cira_batch_test/zipper/good_9.png,good_9.png,normal,False,0.021557826548814774,3.2186508747145126e-07,0.026937197228883013,0.026937197228883013,0.026275477930903436,False,True,16000,True,,False,0.0,cpu,patch_nearest_normal,last2,14,0.05,False,,,0.00011218232975807041,0.00012004206546407001,True,True,False,True
2026-08-16 16:21:29,memory_ctta,zipper,monitor,C:/cira_batch_test/zipper/good_16.png,good_16.png,normal,False,0.02260751649737358,3.099441414633475e-07,0.026937197228883013,0.026937197228883013,0.026275477930903436,False,True,16000,True,,False,0.0,cpu,patch_nearest_normal,last2,14,0.05,False,,,0.00011450577585492283,0.00012004206546407001,True,True,False,True
2026-08-16 16:21:31,memory_ctta,zipper,monitor,C:/cira_batch_test/zipper/bad_7.png,bad_7.png,anomaly,True,0.08906172215938568,0.08906172215938568,0.026937197228883013,0.026937197228883013,0.026275477930903436,False,False,16000,False,,False,0.0,cpu,patch_nearest_normal,last2,14,0.05,False,,,0.0001094857434509322,0.00012004206546407001,False,True,False,True
2026-08-16 16:21:32,memory_ctta,zipper,monitor,C:/cira_batch_test/zipper/good_13.png,good_13.png,normal,False,0.02344788983464241,2.3245812030836532e-07,0.026937197228883013,0.026937197228883013,0.026275477930903436,False,True,16000,True,,False,0.0,cpu,patch_nearest_normal,last2,14,0.05,False,,,0.00011078467650804669,0.00012004206546407001,True,True,False,True
2026-08-16 16:21:34,memory_ctta,zipper,monitor,C:/cira_batch_test/zipper/good_5.png,good_5.png,anomaly,True,0.027125786989927292,0.027125786989927292,0.026937197228883013,0.026937197228883013,0.026275477930903436,False,False,16000,False,,False,0.0,cpu,patch_nearest_normal,last2,14,0.05,False,,,9.824794688029215e-05,0.00012004206546407001,False,True,False,True
2026-08-16 16:21:36,memory_ctta,zipper,monitor,C:/cira_batch_test/zipper/good_2.png,good_2.png,normal,False,0.025217384099960327,3.2782554626464844e-07,0.026937197228883013,0.026937197228883013,0.026275477930903436,False,True,16000,True,,False,0.0,cpu,patch_nearest_normal,last2,14,0.05,False,,,9.6263422165066e-05,0.00012004206546407001,True,True,False,True
2026-08-16 16:21:37,memory_ctta,zipper,monitor,C:/cira_batch_test/zipper/bad_6.png,bad_6.png,anomaly,True,0.08144714683294296,0.08144714683294296,0.026937197228883013,0.026937197228883013,0.026275477930903436,False,False,16000,False,,False,0.0,cpu,patch_nearest_normal,last2,14,0.05,False,,,0.0001116250132326968,0.00012004206546407001,False,True,False,True
2026-08-16 16:21:39,memory_ctta,zipper,monitor,C:/cira_batch_test/zipper/bad_14.png,bad_14.png,anomaly,True,0.04804684594273567,0.04804684594273567,0.026937197228883013,0.026937197228883013,0.026275477930903436,False,False,16000,False,,False,0.0,cpu,patch_nearest_normal,last2,14,0.05,False,,,0.00011752319551305845,0.00012004206546407001,False,True,False,True
2026-08-16 16:21:41,memory_ctta,zipper,monitor,C:/cira_batch_test/zipper/good_3.png,good_3.png,normal,False,0.022183185443282127,2.8014181907565217e-07,0.026937197228883013,0.026937197228883013,0.026275477930903436,False,True,16000,True,,False,0.0,cpu,patch_nearest_normal,last2,14,0.05,False,,,0.00010489554551895708,0.00012004206546407001,True,True,False,True
2026-08-16 16:21:42,memory_ctta,zipper,monitor,C:/cira_batch_test/zipper/bad_4.png,bad_4.png,anomaly,True,0.09894983470439911,0.09894983470439911,0.026937197228883013,0.026937197228883013,0.026275477930903436,False,False,16000,False,,False,0.0,cpu,patch_nearest_normal,last2,14,0.05,False,,,0.00011806724069174379,0.00012004206546407001,False,True,False,True
2026-08-16 16:21:44,memory_ctta,zipper,monitor,C:/cira_batch_test/zipper/bad_15.png,bad_15.png,anomaly,True,0.0702989399433136,0.0702989399433136,0.026937197228883013,0.026937197228883013,0.026275477930903436,False,False,16000,False,,False,0.0,cpu,patch_nearest_normal,last2,14,0.05,False,,,0.00011442257527960464,0.00012004206546407001,False,True,False,True
2026-08-16 16:21:45,memory_ctta,zipper,monitor,C:/cira_batch_test/zipper/good_8.png,good_8.png,normal,False,0.02646174468100071,0.02646174468100071,0.026937197228883013,0.026937197228883013,0.026275477930903436,False,False,16000,False,,False,0.0,cpu,patch_nearest_normal,last2,14,0.05,False,,,0.00011132598592666909,0.00012004206546407001,False,True,False,True
2026-08-16 16:21:47,memory_ctta,zipper,monitor,C:/cira_batch_test/zipper/bad_3.png,bad_3.png,anomaly,True,0.028365427628159523,0.028365427628159523,0.026937197228883013,0.026937197228883013,0.026275477930903436,False,False,16000,False,,False,0.0,cpu,patch_nearest_normal,last2,14,0.05,False,,,0.00012141426850575954,0.00012004206546407001,False,False,False,True
2026-08-16 16:21:49,memory_ctta,zipper,monitor,C:/cira_batch_test/zipper/bad_11.png,bad_11.png,anomaly,True,0.03570453077554703,0.03570453077554703,0.026937197228883013,0.026937197228883013,0.026275477930903436,False,False,16000,False,,False,0.0,cpu,patch_nearest_normal,last2,14,0.05,False,,,0.00010473994188942015,0.00012004206546407001,False,True,False,True
2026-08-16 16:21:50,memory_ctta,zipper,monitor,C:/cira_batch_test/zipper/good_19.png,good_19.png,normal,False,0.019999027252197266,2.8610230629055877e-07,0.026937197228883013,0.026937197228883013,0.026275477930903436,False,True,16000,True,,False,0.0,cpu,patch_nearest_normal,last2,14,0.05,False,,,0.00010638562525855377,0.00012004206546407001,True,True,False,True
2026-08-16 16:21:52,memory_ctta,zipper,monitor,C:/cira_batch_test/zipper/good_12.png,good_12.png,normal,False,0.02144862338900566,2.8014181907565217e-07,0.026937197228883013,0.026937197228883013,0.026275477930903436,False,True,16000,True,,False,0.0,cpu,patch_nearest_normal,last2,14,0.05,False,,,0.00010251803178107366,0.00012004206546407001,True,True,False,True
2026-08-16 16:21:54,memory_ctta,zipper,monitor,C:/cira_batch_test/zipper/good_15.png,good_15.png,normal,False,0.017761003226041794,2.8610230629055877e-07,0.026937197228883013,0.026937197228883013,0.026275477930903436,False,True,16000,True,,False,0.0,cpu,patch_nearest_normal,last2,14,0.05,False,,,0.00011332467693137005,0.00012004206546407001,True,True,False,True
2026-08-16 16:21:55,memory_ctta,zipper,monitor,C:/cira_batch_test/zipper/bad_17.png,bad_17.png,anomaly,True,0.054975491017103195,0.054975491017103195,0.026937197228883013,0.026937197228883013,0.026275477930903436,False,False,16000,False,,False,0.0,cpu,patch_nearest_normal,last2,14,0.05,False,,,0.00010087285772897303,0.00012004206546407001,False,True,False,True
2026-08-16 16:21:57,memory_ctta,zipper,monitor,C:/cira_batch_test/zipper/bad_19.png,bad_19.png,anomaly,True,0.05316014960408211,0.05316014960408211,0.026937197228883013,0.026937197228883013,0.026275477930903436,False,False,16000,False,,False,0.0,cpu,patch_nearest_normal,last2,14,0.05,False,,,0.00011460549285402521,0.00012004206546407001,False,True,False,True
2026-08-16 16:21:58,memory_ctta,zipper,monitor,C:/cira_batch_test/zipper/bad_1.png,bad_1.png,anomaly,True,0.03314357250928879,0.03314357250928879,0.026937197228883013,0.026937197228883013,0.026275477930903436,False,False,16000,False,,False,0.0,cpu,patch_nearest_normal,last2,14,0.05,False,,,0.00011613771494012326,0.00012004206546407001,False,True,False,True
2026-08-16 16:22:00,memory_ctta,zipper,monitor,C:/cira_batch_test/zipper/good_14.png,good_14.png,normal,False,0.019513707607984543,2.5629998390286346e-07,0.026937197228883013,0.026937197228883013,0.026275477930903436,False,True,16000,True,,False,0.0,cpu,patch_nearest_normal,last2,14,0.05,False,,,0.00010937583283521235,0.00012004206546407001,True,True,False,True
