timestamp,experiment,category,mode,image_path,file_name,label,is_anomaly,score_before,anomaly_score,threshold,anomaly_threshold,update_threshold,threshold_reloaded,updated_memory,memory_size,update_allowed,update_loss,adapter_updated,adapter_delta_norm,device,score_method,feature_choice,patch_grid,patch_top_fraction,checkpoint_saved,checkpoint_memory_path,checkpoint_adapter_path,consistency_error,consistency_threshold,score_gate_pass,consistency_gate_pass,adapter_update_enabled,memory_update_enabled
2026-08-16 21:36:30,memory_ctta,bottle,monitor,C:/cira_batch_test/bottle/good_1.png,good_1.png,normal,False,0.025081897154450417,2.0265579792067e-07,0.02815022391963134,0.02815022391963134,0.02531116753816605,False,True,16000,True,,False,0.0,cpu,patch_nearest_normal,last2,14,0.05,False,,,0.00010468567779753357,0.00011476924591981,True,True,False,True
2026-08-16 21:36:31,memory_ctta,bottle,monitor,C:/cira_batch_test/bottle/good_7.png,good_7.png,anomaly,True,0.03174582123756409,0.03174582123756409,0.02815022391963134,0.02815022391963134,0.02531116753816605,False,False,16000,False,,False,0.0,cpu,patch_nearest_normal,last2,14,0.05,False,,,0.00011200048902537674,0.00011476924591981,False,True,False,True
2026-08-16 21:36:33,memory_ctta,bottle,monitor,C:/cira_batch_test/bottle/good_9.png,good_9.png,normal,False,0.023602914065122604,2.2053718851111626e-07,0.02815022391963134,0.02815022391963134,0.02531116753816605,False,True,16000,True,,False,0.0,cpu,patch_nearest_normal,last2,14,0.05,False,,,9.802896238397807e-05,0.00011476924591981,True,True,False,True
2026-08-16 21:36:34,memory_ctta,bottle,monitor,C:/cira_batch_test/bottle/bad_8.png,bad_8.png,anomaly,True,0.2799452245235443,0.2799452245235443,0.02815022391963134,0.02815022391963134,0.02531116753816605,False,False,16000,False,,False,0.0,cpu,patch_nearest_normal,last2,14,0.05,False,,,0.0001324208569712937,0.00011476924591981,False,False,False,True
2026-08-16 21:36:35,memory_ctta,bottle,monitor,C:/cira_batch_test/bottle/bad_1.png,bad_1.png,anomaly,True,0.05740733817219734,0.05740733817219734,0.02815022391963134,0.02815022391963134,0.02531116753816605,False,False,16000,False,,False,0.0,cpu,patch_nearest_normal,last2,14,0.05,False,,,0.00010731961083365604,0.00011476924591981,False,True,False,True
2026-08-16 21:36:37,memory_ctta,bottle,monitor,C:/cira_batch_test/bottle/bad_14.png,bad_14.png,anomaly,True,0.17526283860206604,0.17526283860206604,0.02815022391963134,0.02815022391963134,0.02531116753816605,False,False,16000,False,,False,0.0,cpu,patch_nearest_normal,last2,14,0.05,False,,,0.00011153030936839059,0.00011476924591981,False,True,False,True
2026-08-16 21:36:38,memory_ctta,bottle,monitor,C:/cira_batch_test/bottle/bad_15.png,bad_15.png,anomaly,True,0.42756184935569763,0.42756184935569763,0.02815022391963134,0.02815022391963134,0.02531116753816605,False,False,16000,False,,False,0.0,cpu,patch_nearest_normal,last2,14,0.05,False,,,0.00013365362246986479,0.00011476924591981,False,False,False,True
2026-08-16 21:36:40,memory_ctta,bottle,monitor,C:/cira_batch_test/bottle/good_19.png,good_19.png,normal,False,0.018418824300169945,2.6226044269606064e-07,0.02815022391963134,0.02815022391963134,0.02531116753816605,False,True,16000,True,,False,0.0,cpu,patch_nearest_normal,last2,14,0.05,False,,,0.0001073249222827144,0.00011476924591981,True,True,False,True
2026-08-16 21:36:41,memory_ctta,bottle,monitor,C:/cira_batch_test/bottle/bad_3.png,bad_3.png,anomaly,True,0.18959379196166992,0.18959379196166992,0.02815022391963134,0.02815022391963134,0.02531116753816605,False,False,16000,False,,False,0.0,cpu,patch_nearest_normal,last2,14,0.05,False,,,0.00011658373841783032,0.00011476924591981,False,False,False,True
2026-08-16 21:36:43,memory_ctta,bottle,monitor,C:/cira_batch_test/bottle/good_5.png,good_5.png,normal,False,0.015319275669753551,2.9206276508375595e-07,0.02815022391963134,0.02815022391963134,0.02531116753816605,False,True,16000,True,,False,0.0,cpu,patch_nearest_normal,last2,14,0.05,False,,,0.00010414107237011194,0.00011476924591981,True,True,False,True
2026-08-16 21:36:44,memory_ctta,bottle,monitor,C:/cira_batch_test/bottle/good_16.png,good_16.png,normal,False,0.026250869035720825,0.026250869035720825,0.02815022391963134,0.02815022391963134,0.02531116753816605,False,False,16000,False,,False,0.0,cpu,patch_nearest_normal,last2,14,0.05,False,,,9.87878956948407e-05,0.00011476924591981,False,True,False,True
2026-08-16 21:36:46,memory_ctta,bottle,monitor,C:/cira_batch_test/bottle/good_14.png,good_14.png,normal,False,0.0237477608025074,2.443790378947597e-07,0.02815022391963134,0.02815022391963134,0.02531116753816605,False,True,16000,True,,False,0.0,cpu,patch_nearest_normal,last2,14,0.05,False,,,0.0001038838890963234,0.00011476924591981,True,True,False,True
2026-08-16 21:36:47,memory_ctta,bottle,monitor,C:/cira_batch_test/bottle/good_2.png,good_2.png,normal,False,0.024647872895002365,2.8610230629055877e-07,0.02815022391963134,0.02815022391963134,0.02531116753816605,False,True,16000,True,,False,0.0,cpu,patch_nearest_normal,last2,14,0.05,False,,,0.00010634108912199736,0.00011476924591981,True,True,False,True
2026-08-16 21:36:49,memory_ctta,bottle,monitor,C:/cira_batch_test/bottle/bad_13.png,bad_13.png,anomaly,True,0.26281893253326416,0.26281893253326416,0.02815022391963134,0.02815022391963134,0.02531116753816605,False,False,16000,False,,False,0.0,cpu,patch_nearest_normal,last2,14,0.05,False,,,0.00011321432975819334,0.00011476924591981,False,True,False,True
2026-08-16 21:36:50,memory_ctta,bottle,monitor,C:/cira_batch_test/bottle/good_10.png,good_10.png,normal,False,0.025215571746230125,2.74181360282455e-07,0.02815022391963134,0.02815022391963134,0.02531116753816605,False,True,16000,True,,False,0.0,cpu,patch_nearest_normal,last2,14,0.05,False,,,0.00010622976697050035,0.00011476924591981,True,True,False,True
2026-08-16 21:36:52,memory_ctta,bottle,monitor,C:/cira_batch_test/bottle/bad_19.png,bad_19.png,anomaly,True,0.20061548054218292,0.20061548054218292,0.02815022391963134,0.02815022391963134,0.02531116753816605,False,False,16000,False,,False,0.0,cpu,patch_nearest_normal,last2,14,0.05,False,,,0.0001165268404292874,0.00011476924591981,False,False,False,True
2026-08-16 21:36:53,memory_ctta,bottle,monitor,C:/cira_batch_test/bottle/good_4.png,good_4.png,normal,False,0.019366050139069557,2.74181360282455e-07,0.02815022391963134,0.02815022391963134,0.02531116753816605,False,True,16000,True,,False,0.0,cpu,patch_nearest_normal,last2,14,0.05,False,,,0.00010035557352239266,0.00011476924591981,True,True,False,True
2026-08-16 21:36:55,memory_ctta,bottle,monitor,C:/cira_batch_test/bottle/bad_12.png,bad_12.png,anomaly,True,0.22702977061271667,0.22702977061271667,0.02815022391963134,0.02815022391963134,0.02531116753816605,False,False,16000,False,,False,0.0,cpu,patch_nearest_normal,last2,14,0.05,False,,,0.00011439310037530959,0.00011476924591981,False,True,False,True
2026-08-16 21:36:56,memory_ctta,bottle,monitor,C:/cira_batch_test/bottle/good_18.png,good_18.png,normal,False,0.019819557666778564,3.159046286782541e-07,0.02815022391963134,0.02815022391963134,0.02531116753816605,False,True,16000,True,,False,0.0,cpu,patch_nearest_normal,last2,14,0.05,False,,,0.00010652976197889075,0.00011476924591981,True,True,False,True
2026-08-16 21:36:58,memory_ctta,bottle,monitor,C:/cira_batch_test/bottle/bad_16.png,bad_16.png,anomaly,True,0.30613237619400024,0.30613237619400024,0.02815022391963134,0.02815022391963134,0.02531116753816605,False,False,16000,False,,False,0.0,cpu,patch_nearest_normal,last2,14,0.05,False,,,0.00011048057058360428,0.00011476924591981,False,True,False,True
2026-08-16 21:36:59,memory_ctta,bottle,monitor,C:/cira_batch_test/bottle/good_6.png,good_6.png,normal,False,0.01776992157101631,2.3245812030836532e-07,0.02815022391963134,0.02815022391963134,0.02531116753816605,False,True,16000,True,,False,0.0,cpu,patch_nearest_normal,last2,14,0.05,True,C:\cira_ttl_checkpoints\bottle\patch_memory_bank_update_10.pt,C:\cira_ttl_checkpoints\bottle\patch_adapter_update_10.pt,0.00010381035826867446,0.00011476924591981,True,True,False,True
2026-08-16 21:37:01,memory_ctta,bottle,monitor,C:/cira_batch_test/bottle/good_13.png,good_13.png,normal,False,0.021290939301252365,2.6226044269606064e-07,0.02815022391963134,0.02815022391963134,0.02531116753816605,False,True,16000,True,,False,0.0,cpu,patch_nearest_normal,last2,14,0.05,False,,,0.00010597051732474938,0.00011476924591981,True,True,False,True
2026-08-16 21:37:02,memory_ctta,bottle,monitor,C:/cira_batch_test/bottle/good_15.png,good_15.png,normal,False,0.019498806446790695,2.8014181907565217e-07,0.02815022391963134,0.02815022391963134,0.02531116753816605,False,True,16000,True,,False,0.0,cpu,patch_nearest_normal,last2,14,0.05,False,,,0.00010667339665815234,0.00011476924591981,True,True,False,True
2026-08-16 21:37:04,memory_ctta,bottle,monitor,C:/cira_batch_test/bottle/good_20.png,good_20.png,normal,False,0.025154555216431618,2.5033949668795685e-07,0.02815022391963134,0.02815022391963134,0.02531116753816605,False,True,16000,True,,False,0.0,cpu,patch_nearest_normal,last2,14,0.05,False,,,0.0001055590546457097,0.00011476924591981,True,True,False,True
2026-08-16 21:37:05,memory_ctta,bottle,monitor,C:/cira_batch_test/bottle/bad_17.png,bad_17.png,anomaly,True,0.1886192262172699,0.1886192262172699,0.02815022391963134,0.02815022391963134,0.02531116753816605,False,False,16000,False,,False,0.0,cpu,patch_nearest_normal,last2,14,0.05,False,,,0.00010960370127577335,0.00011476924591981,False,True,False,True
2026-08-16 21:37:07,memory_ctta,bottle,monitor,C:/cira_batch_test/bottle/good_11.png,good_11.png,normal,False,0.016419166699051857,3.099441414633475e-07,0.02815022391963134,0.02815022391963134,0.02531116753816605,False,True,16000,True,,False,0.0,cpu,patch_nearest_normal,last2,14,0.05,False,,,0.00010536563786445186,0.00011476924591981,True,True,False,True
2026-08-16 21:37:08,memory_ctta,bottle,monitor,C:/cira_batch_test/bottle/bad_20.png,bad_20.png,anomaly,True,0.20960953831672668,0.20960953831672668,0.02815022391963134,0.02815022391963134,0.02531116753816605,False,False,16000,False,,False,0.0,cpu,patch_nearest_normal,last2,14,0.05,False,,,0.00011426802666392177,0.00011476924591981,False,True,False,True
2026-08-16 21:37:10,memory_ctta,bottle,monitor,C:/cira_batch_test/bottle/good_8.png,good_8.png,normal,False,0.020228654146194458,2.443790378947597e-07,0.02815022391963134,0.02815022391963134,0.02531116753816605,False,True,16000,True,,False,0.0,cpu,patch_nearest_normal,last2,14,0.05,False,,,9.842807048698887e-05,0.00011476924591981,True,True,False,True
2026-08-16 21:37:11,memory_ctta,bottle,monitor,C:/cira_batch_test/bottle/bad_10.png,bad_10.png,anomaly,True,0.167642742395401,0.167642742395401,0.02815022391963134,0.02815022391963134,0.02531116753816605,False,False,16000,False,,False,0.0,cpu,patch_nearest_normal,last2,14,0.05,False,,,0.00012724875705316663,0.00011476924591981,False,False,False,True
2026-08-16 21:37:13,memory_ctta,bottle,monitor,C:/cira_batch_test/bottle/good_3.png,good_3.png,normal,False,0.021362418308854103,2.8014181907565217e-07,0.02815022391963134,0.02815022391963134,0.02531116753816605,False,True,16000,True,,False,0.0,cpu,patch_nearest_normal,last2,14,0.05,False,,,9.819855768000707e-05,0.00011476924591981,True,True,False,True
2026-08-16 21:37:14,memory_ctta,bottle,monitor,C:/cira_batch_test/bottle/bad_11.png,bad_11.png,anomaly,True,0.053921736776828766,0.053921736776828766,0.02815022391963134,0.02815022391963134,0.02531116753816605,False,False,16000,False,,False,0.0,cpu,patch_nearest_normal,last2,14,0.05,False,,,0.00010083337110700086,0.00011476924591981,False,True,False,True
2026-08-16 21:37:16,memory_ctta,bottle,monitor,C:/cira_batch_test/bottle/bad_18.png,bad_18.png,anomaly,True,0.18183788657188416,0.18183788657188416,0.02815022391963134,0.02815022391963134,0.02531116753816605,False,False,16000,False,,False,0.0,cpu,patch_nearest_normal,last2,14,0.05,False,,,0.00012579145550262183,0.00011476924591981,False,False,False,True
2026-08-16 21:37:17,memory_ctta,bottle,monitor,C:/cira_batch_test/bottle/good_12.png,good_12.png,normal,False,0.017256569117307663,2.980232238769531e-07,0.02815022391963134,0.02815022391963134,0.02531116753816605,False,True,16000,True,,False,0.0,cpu,patch_nearest_normal,last2,14,0.05,False,,,0.00010485578241059557,0.00011476924591981,True,True,False,True
2026-08-16 21:37:19,memory_ctta,bottle,monitor,C:/cira_batch_test/bottle/good_17.png,good_17.png,normal,False,0.02099071815609932,2.443790378947597e-07,0.02815022391963134,0.02815022391963134,0.02531116753816605,False,True,16000,True,,False,0.0,cpu,patch_nearest_normal,last2,14,0.05,False,,,0.00010169063898501918,0.00011476924591981,True,True,False,True
2026-08-16 21:37:20,memory_ctta,bottle,monitor,C:/cira_batch_test/bottle/bad_5.png,bad_5.png,anomaly,True,0.31207647919654846,0.31207647919654846,0.02815022391963134,0.02815022391963134,0.02531116753816605,False,False,16000,False,,False,0.0,cpu,patch_nearest_normal,last2,14,0.05,False,,,0.0001366694923490286,0.00011476924591981,False,False,False,True
2026-08-16 21:37:22,memory_ctta,bottle,monitor,C:/cira_batch_test/bottle/bad_6.png,bad_6.png,anomaly,True,0.2266651690006256,0.2266651690006256,0.02815022391963134,0.02815022391963134,0.02531116753816605,False,False,16000,False,,False,0.0,cpu,patch_nearest_normal,last2,14,0.05,False,,,0.00011484824790386483,0.00011476924591981,False,False,False,True
2026-08-16 21:37:23,memory_ctta,bottle,monitor,C:/cira_batch_test/bottle/bad_7.png,bad_7.png,anomaly,True,0.3204302191734314,0.3204302191734314,0.02815022391963134,0.02815022391963134,0.02531116753816605,False,False,16000,False,,False,0.0,cpu,patch_nearest_normal,last2,14,0.05,False,,,0.00011783285299316049,0.00011476924591981,False,False,False,True
2026-08-16 21:37:25,memory_ctta,bottle,monitor,C:/cira_batch_test/bottle/bad_9.png,bad_9.png,anomaly,True,0.3210257589817047,0.3210257589817047,0.02815022391963134,0.02815022391963134,0.02531116753816605,False,False,16000,False,,False,0.0,cpu,patch_nearest_normal,last2,14,0.05,False,,,0.0001341083989245817,0.00011476924591981,False,False,False,True
2026-08-16 21:37:26,memory_ctta,bottle,monitor,C:/cira_batch_test/bottle/bad_4.png,bad_4.png,anomaly,True,0.20354922115802765,0.20354922115802765,0.02815022391963134,0.02815022391963134,0.02531116753816605,False,False,16000,False,,False,0.0,cpu,patch_nearest_normal,last2,14,0.05,False,,,0.00012169548426754773,0.00011476924591981,False,False,False,True
2026-08-16 21:37:27,memory_ctta,bottle,monitor,C:/cira_batch_test/bottle/bad_2.png,bad_2.png,anomaly,True,0.08520017564296722,0.08520017564296722,0.02815022391963134,0.02815022391963134,0.02531116753816605,False,False,16000,False,,False,0.0,cpu,patch_nearest_normal,last2,14,0.05,False,,,0.00010921133070951328,0.00011476924591981,False,True,False,True
2026-08-16 21:37:29,memory_ctta,cable,monitor,C:/cira_batch_test/cable/good_1.png,good_1.png,normal,False,0.08960090577602386,0.08960090577602386,0.09852251798848576,0.09852251798848576,0.08661089912056923,False,False,16000,False,,False,0.0,cpu,patch_nearest_normal,last2,14,0.05,False,,,0.00015539521700702608,0.00019554235113892002,False,True,False,True
2026-08-16 21:37:31,memory_ctta,cable,monitor,C:/cira_batch_test/cable/good_7.png,good_7.png,normal,False,0.08281774818897247,2.9206276508375595e-07,0.09852251798848576,0.09852251798848576,0.08661089912056923,False,True,16000,True,,False,0.0,cpu,patch_nearest_normal,last2,14,0.05,False,,,0.0001704487222013995,0.00019554235113892002,True,True,False,True
2026-08-16 21:37:32,memory_ctta,cable,monitor,C:/cira_batch_test/cable/good_9.png,good_9.png,normal,False,0.08772175014019012,0.08772175014019012,0.09852251798848576,0.09852251798848576,0.08661089912056923,False,False,16000,False,,False,0.0,cpu,patch_nearest_normal,last2,14,0.05,False,,,0.0001688120246399194,0.00019554235113892002,False,True,False,True
2026-08-16 21:37:34,memory_ctta,cable,monitor,C:/cira_batch_test/cable/bad_8.png,bad_8.png,anomaly,True,0.12718644738197327,0.12718644738197327,0.09852251798848576,0.09852251798848576,0.08661089912056923,False,False,16000,False,,False,0.0,cpu,patch_nearest_normal,last2,14,0.05,False,,,0.0001686739269644022,0.00019554235113892002,False,True,False,True
2026-08-16 21:37:35,memory_ctta,cable,monitor,C:/cira_batch_test/cable/bad_1.png,bad_1.png,anomaly,True,0.2560812830924988,0.2560812830924988,0.09852251798848576,0.09852251798848576,0.08661089912056923,False,False,16000,False,,False,0.0,cpu,patch_nearest_normal,last2,14,0.05,False,,,0.0001683890586718917,0.00019554235113892002,False,True,False,True
2026-08-16 21:37:37,memory_ctta,cable,monitor,C:/cira_batch_test/cable/bad_14.png,bad_14.png,anomaly,True,0.10263369232416153,0.10263369232416153,0.09852251798848576,0.09852251798848576,0.08661089912056923,False,False,16000,False,,False,0.0,cpu,patch_nearest_normal,last2,14,0.05,False,,,0.00018036985420621932,0.00019554235113892002,False,True,False,True
2026-08-16 21:37:38,memory_ctta,cable,monitor,C:/cira_batch_test/cable/bad_15.png,bad_15.png,anomaly,True,0.21952275931835175,0.21952275931835175,0.09852251798848576,0.09852251798848576,0.08661089912056923,False,False,16000,False,,False,0.0,cpu,patch_nearest_normal,last2,14,0.05,False,,,0.00017920447862707078,0.00019554235113892002,False,True,False,True
2026-08-16 21:37:40,memory_ctta,cable,monitor,C:/cira_batch_test/cable/good_19.png,good_19.png,normal,False,0.08337545394897461,3.039836826701503e-07,0.09852251798848576,0.09852251798848576,0.08661089912056923,False,True,16000,True,,False,0.0,cpu,patch_nearest_normal,last2,14,0.05,False,,,0.00015193673607427627,0.00019554235113892002,True,True,False,True
2026-08-16 21:37:41,memory_ctta,cable,monitor,C:/cira_batch_test/cable/bad_3.png,bad_3.png,anomaly,True,0.15526704490184784,0.15526704490184784,0.09852251798848576,0.09852251798848576,0.08661089912056923,False,False,16000,False,,False,0.0,cpu,patch_nearest_normal,last2,14,0.05,False,,,0.00017641902377363294,0.00019554235113892002,False,True,False,True
2026-08-16 21:37:43,memory_ctta,cable,monitor,C:/cira_batch_test/cable/good_5.png,good_5.png,normal,False,0.09735015779733658,0.09735015779733658,0.09852251798848576,0.09852251798848576,0.08661089912056923,False,False,16000,False,,False,0.0,cpu,patch_nearest_normal,last2,14,0.05,False,,,0.00015658656775485724,0.00019554235113892002,False,True,False,True
2026-08-16 21:37:44,memory_ctta,cable,monitor,C:/cira_batch_test/cable/good_16.png,good_16.png,normal,False,0.07358994334936142,3.039836826701503e-07,0.09852251798848576,0.09852251798848576,0.08661089912056923,False,True,16000,True,,False,0.0,cpu,patch_nearest_normal,last2,14,0.05,False,,,0.00016514607705175877,0.00019554235113892002,True,True,False,True
2026-08-16 21:37:46,memory_ctta,cable,monitor,C:/cira_batch_test/cable/good_14.png,good_14.png,normal,False,0.09633605927228928,0.09633605927228928,0.09852251798848576,0.09852251798848576,0.08661089912056923,False,False,16000,False,,False,0.0,cpu,patch_nearest_normal,last2,14,0.05,False,,,0.0001662782160565257,0.00019554235113892002,False,True,False,True
2026-08-16 21:37:47,memory_ctta,cable,monitor,C:/cira_batch_test/cable/good_2.png,good_2.png,normal,False,0.08807801455259323,0.08807801455259323,0.09852251798848576,0.09852251798848576,0.08661089912056923,False,False,16000,False,,False,0.0,cpu,patch_nearest_normal,last2,14,0.05,False,,,0.000170073370099999,0.00019554235113892002,False,True,False,True
2026-08-16 21:37:49,memory_ctta,cable,monitor,C:/cira_batch_test/cable/bad_13.png,bad_13.png,anomaly,True,0.11109726130962372,0.11109726130962372,0.09852251798848576,0.09852251798848576,0.08661089912056923,False,False,16000,False,,False,0.0,cpu,patch_nearest_normal,last2,14,0.05,False,,,0.0001690414355834946,0.00019554235113892002,False,True,False,True
2026-08-16 21:37:50,memory_ctta,cable,monitor,C:/cira_batch_test/cable/good_10.png,good_10.png,normal,False,0.08573715388774872,3.337860050578456e-07,0.09852251798848576,0.09852251798848576,0.08661089912056923,False,True,16000,True,,False,0.0,cpu,patch_nearest_normal,last2,14,0.05,False,,,0.00016819230222608894,0.00019554235113892002,True,True,False,True
2026-08-16 21:37:52,memory_ctta,cable,monitor,C:/cira_batch_test/cable/bad_19.png,bad_19.png,normal,False,0.09265775233507156,0.09265775233507156,0.09852251798848576,0.09852251798848576,0.08661089912056923,False,False,16000,False,,False,0.0,cpu,patch_nearest_normal,last2,14,0.05,False,,,0.0001618598325876519,0.00019554235113892002,False,True,False,True
2026-08-16 21:37:53,memory_ctta,cable,monitor,C:/cira_batch_test/cable/good_4.png,good_4.png,normal,False,0.07279232889413834,2.2053718851111626e-07,0.09852251798848576,0.09852251798848576,0.08661089912056923,False,True,16000,True,,False,0.0,cpu,patch_nearest_normal,last2,14,0.05,False,,,0.00017792043217923492,0.00019554235113892002,True,True,False,True
2026-08-16 21:37:55,memory_ctta,cable,monitor,C:/cira_batch_test/cable/bad_12.png,bad_12.png,anomaly,True,0.10360968112945557,0.10360968112945557,0.09852251798848576,0.09852251798848576,0.08661089912056923,False,False,16000,False,,False,0.0,cpu,patch_nearest_normal,last2,14,0.05,False,,,0.00015417112444993109,0.00019554235113892002,False,True,False,True
2026-08-16 21:37:56,memory_ctta,cable,monitor,C:/cira_batch_test/cable/good_18.png,good_18.png,normal,False,0.06901832669973373,3.457069510659494e-07,0.09852251798848576,0.09852251798848576,0.08661089912056923,False,True,16000,True,,False,0.0,cpu,patch_nearest_normal,last2,14,0.05,False,,,0.00015740949311293662,0.00019554235113892002,True,True,False,True
2026-08-16 21:37:58,memory_ctta,cable,monitor,C:/cira_batch_test/cable/bad_16.png,bad_16.png,anomaly,True,0.2695935070514679,0.2695935070514679,0.09852251798848576,0.09852251798848576,0.08661089912056923,False,False,16000,False,,False,0.0,cpu,patch_nearest_normal,last2,14,0.05,False,,,0.00016391201643273234,0.00019554235113892002,False,True,False,True
2026-08-16 21:37:59,memory_ctta,cable,monitor,C:/cira_batch_test/cable/good_6.png,good_6.png,anomaly,True,0.10417960584163666,0.10417960584163666,0.09852251798848576,0.09852251798848576,0.08661089912056923,False,False,16000,False,,False,0.0,cpu,patch_nearest_normal,last2,14,0.05,False,,,0.00015957819414325058,0.00019554235113892002,False,True,False,True
2026-08-16 21:38:01,memory_ctta,cable,monitor,C:/cira_batch_test/cable/good_13.png,good_13.png,normal,False,0.08870576322078705,0.08870576322078705,0.09852251798848576,0.09852251798848576,0.08661089912056923,False,False,16000,False,,False,0.0,cpu,patch_nearest_normal,last2,14,0.05,False,,,0.0001778521400410682,0.00019554235113892002,False,True,False,True
2026-08-16 21:38:03,memory_ctta,cable,monitor,C:/cira_batch_test/cable/good_15.png,good_15.png,normal,False,0.07964612543582916,3.039836826701503e-07,0.09852251798848576,0.09852251798848576,0.08661089912056923,False,True,16000,True,,False,0.0,cpu,patch_nearest_normal,last2,14,0.05,False,,,0.00016882282216101885,0.00019554235113892002,True,True,False,True
2026-08-16 21:38:04,memory_ctta,cable,monitor,C:/cira_batch_test/cable/good_20.png,good_20.png,normal,False,0.08748988807201385,0.08748988807201385,0.09852251798848576,0.09852251798848576,0.08661089912056923,False,False,16000,False,,False,0.0,cpu,patch_nearest_normal,last2,14,0.05,False,,,0.00016691090422682464,0.00019554235113892002,False,True,False,True
2026-08-16 21:38:06,memory_ctta,cable,monitor,C:/cira_batch_test/cable/bad_17.png,bad_17.png,anomaly,True,0.1491430550813675,0.1491430550813675,0.09852251798848576,0.09852251798848576,0.08661089912056923,False,False,16000,False,,False,0.0,cpu,patch_nearest_normal,last2,14,0.05,False,,,0.00017873341857921332,0.00019554235113892002,False,True,False,True
2026-08-16 21:38:07,memory_ctta,cable,monitor,C:/cira_batch_test/cable/good_11.png,good_11.png,normal,False,0.07575364410877228,3.039836826701503e-07,0.09852251798848576,0.09852251798848576,0.08661089912056923,False,True,16000,True,,False,0.0,cpu,patch_nearest_normal,last2,14,0.05,False,,,0.00019044542568735778,0.00019554235113892002,True,True,False,True
2026-08-16 21:38:09,memory_ctta,cable,monitor,C:/cira_batch_test/cable/bad_20.png,bad_20.png,anomaly,True,0.19764626026153564,0.19764626026153564,0.09852251798848576,0.09852251798848576,0.08661089912056923,False,False,16000,False,,False,0.0,cpu,patch_nearest_normal,last2,14,0.05,False,,,0.00019245078146923333,0.00019554235113892002,False,True,False,True
2026-08-16 21:38:10,memory_ctta,cable,monitor,C:/cira_batch_test/cable/good_8.png,good_8.png,normal,False,0.09649235755205154,0.09649235755205154,0.09852251798848576,0.09852251798848576,0.08661089912056923,False,False,16000,False,,False,0.0,cpu,patch_nearest_normal,last2,14,0.05,False,,,0.00016536793555133045,0.00019554235113892002,False,True,False,True
2026-08-16 21:38:12,memory_ctta,cable,monitor,C:/cira_batch_test/cable/bad_10.png,bad_10.png,anomaly,True,0.10641129314899445,0.10641129314899445,0.09852251798848576,0.09852251798848576,0.08661089912056923,False,False,16000,False,,False,0.0,cpu,patch_nearest_normal,last2,14,0.05,False,,,0.00018520791491027921,0.00019554235113892002,False,True,False,True
2026-08-16 21:38:13,memory_ctta,cable,monitor,C:/cira_batch_test/cable/good_3.png,good_3.png,anomaly,True,0.11452458798885345,0.11452458798885345,0.09852251798848576,0.09852251798848576,0.08661089912056923,False,False,16000,False,,False,0.0,cpu,patch_nearest_normal,last2,14,0.05,False,,,0.00016641183174215257,0.00019554235113892002,False,True,False,True
2026-08-16 21:38:15,memory_ctta,cable,monitor,C:/cira_batch_test/cable/bad_11.png,bad_11.png,anomaly,True,0.1921226680278778,0.1921226680278778,0.09852251798848576,0.09852251798848576,0.08661089912056923,False,False,16000,False,,False,0.0,cpu,patch_nearest_normal,last2,14,0.05,False,,,0.00017254441627301276,0.00019554235113892002,False,True,False,True
2026-08-16 21:38:16,memory_ctta,cable,monitor,C:/cira_batch_test/cable/bad_18.png,bad_18.png,anomaly,True,0.24616484344005585,0.24616484344005585,0.09852251798848576,0.09852251798848576,0.08661089912056923,False,False,16000,False,,False,0.0,cpu,patch_nearest_normal,last2,14,0.05,False,,,0.000147518323501572,0.00019554235113892002,False,True,False,True
2026-08-16 21:38:18,memory_ctta,cable,monitor,C:/cira_batch_test/cable/good_12.png,good_12.png,normal,False,0.07892027497291565,2.443790378947597e-07,0.09852251798848576,0.09852251798848576,0.08661089912056923,False,True,16000,True,,False,0.0,cpu,patch_nearest_normal,last2,14,0.05,False,,,0.00017058248340617865,0.00019554235113892002,True,True,False,True
2026-08-16 21:38:19,memory_ctta,cable,monitor,C:/cira_batch_test/cable/good_17.png,good_17.png,normal,False,0.06690298765897751,2.8610230629055877e-07,0.09852251798848576,0.09852251798848576,0.08661089912056923,False,True,16000,True,,False,0.0,cpu,patch_nearest_normal,last2,14,0.05,True,C:\cira_ttl_checkpoints\cable\patch_memory_bank_update_10.pt,C:\cira_ttl_checkpoints\cable\patch_adapter_update_10.pt,0.00016224842693191022,0.00019554235113892002,True,True,False,True
2026-08-16 21:38:21,memory_ctta,cable,monitor,C:/cira_batch_test/cable/bad_5.png,bad_5.png,anomaly,True,0.13653753697872162,0.13653753697872162,0.09852251798848576,0.09852251798848576,0.08661089912056923,False,False,16000,False,,False,0.0,cpu,patch_nearest_normal,last2,14,0.05,False,,,0.00017768329416867346,0.00019554235113892002,False,True,False,True
2026-08-16 21:38:22,memory_ctta,cable,monitor,C:/cira_batch_test/cable/bad_6.png,bad_6.png,anomaly,True,0.24352876842021942,0.24352876842021942,0.09852251798848576,0.09852251798848576,0.08661089912056923,False,False,16000,False,,False,0.0,cpu,patch_nearest_normal,last2,14,0.05,False,,,0.00017183434101752937,0.00019554235113892002,False,True,False,True
2026-08-16 21:38:24,memory_ctta,cable,monitor,C:/cira_batch_test/cable/bad_7.png,bad_7.png,anomaly,True,0.12975753843784332,0.12975753843784332,0.09852251798848576,0.09852251798848576,0.08661089912056923,False,False,16000,False,,False,0.0,cpu,patch_nearest_normal,last2,14,0.05,False,,,0.0001589109597261995,0.00019554235113892002,False,True,False,True
2026-08-16 21:38:25,memory_ctta,cable,monitor,C:/cira_batch_test/cable/bad_9.png,bad_9.png,anomaly,True,0.1575573980808258,0.1575573980808258,0.09852251798848576,0.09852251798848576,0.08661089912056923,False,False,16000,False,,False,0.0,cpu,patch_nearest_normal,last2,14,0.05,False,,,0.00018502795137465,0.00019554235113892002,False,True,False,True
2026-08-16 21:38:27,memory_ctta,cable,monitor,C:/cira_batch_test/cable/bad_4.png,bad_4.png,anomaly,True,0.377718985080719,0.377718985080719,0.09852251798848576,0.09852251798848576,0.08661089912056923,False,False,16000,False,,False,0.0,cpu,patch_nearest_normal,last2,14,0.05,False,,,0.00017679884331300855,0.00019554235113892002,False,True,False,True
2026-08-16 21:38:28,memory_ctta,cable,monitor,C:/cira_batch_test/cable/bad_2.png,bad_2.png,anomaly,True,0.29285189509391785,0.29285189509391785,0.09852251798848576,0.09852251798848576,0.08661089912056923,False,False,16000,False,,False,0.0,cpu,patch_nearest_normal,last2,14,0.05,False,,,0.0001765129272826016,0.00019554235113892002,False,True,False,True
2026-08-16 21:38:30,memory_ctta,capsule,monitor,C:/cira_batch_test/capsule/good_1.png,good_1.png,normal,False,0.024378538131713867,2.8610230629055877e-07,0.04299485732503146,0.04299485732503146,0.031231427378952504,False,True,16000,True,,False,0.0,cpu,patch_nearest_normal,last2,14,0.05,False,,,0.00010600152018014342,0.0001107694308302,True,True,False,True
2026-08-16 21:38:32,memory_ctta,capsule,monitor,C:/cira_batch_test/capsule/good_7.png,good_7.png,anomaly,True,0.06811104714870453,0.06811104714870453,0.04299485732503146,0.04299485732503146,0.031231427378952504,False,False,16000,False,,False,0.0,cpu,patch_nearest_normal,last2,14,0.05,False,,,9.527806105324998e-05,0.0001107694308302,False,True,False,True
2026-08-16 21:38:33,memory_ctta,capsule,monitor,C:/cira_batch_test/capsule/good_9.png,good_9.png,normal,False,0.019809294492006302,2.9206276508375595e-07,0.04299485732503146,0.04299485732503146,0.031231427378952504,False,True,16000,True,,False,0.0,cpu,patch_nearest_normal,last2,14,0.05,False,,,0.00010257645772071555,0.0001107694308302,True,True,False,True
2026-08-16 21:38:35,memory_ctta,capsule,monitor,C:/cira_batch_test/capsule/bad_8.png,bad_8.png,anomaly,True,0.12507465481758118,0.12507465481758118,0.04299485732503146,0.04299485732503146,0.031231427378952504,False,False,16000,False,,False,0.0,cpu,patch_nearest_normal,last2,14,0.05,False,,,9.196198516292498e-05,0.0001107694308302,False,True,False,True
2026-08-16 21:38:36,memory_ctta,capsule,monitor,C:/cira_batch_test/capsule/bad_1.png,bad_1.png,anomaly,True,0.1742943972349167,0.1742943972349167,0.04299485732503146,0.04299485732503146,0.031231427378952504,False,False,16000,False,,False,0.0,cpu,patch_nearest_normal,last2,14,0.05,False,,,0.00010565546836005524,0.0001107694308302,False,True,False,True
2026-08-16 21:38:38,memory_ctta,capsule,monitor,C:/cira_batch_test/capsule/bad_14.png,bad_14.png,normal,False,0.03646044805645943,0.03646044805645943,0.04299485732503146,0.04299485732503146,0.031231427378952504,False,False,16000,False,,False,0.0,cpu,patch_nearest_normal,last2,14,0.05,False,,,9.346318256575614e-05,0.0001107694308302,False,True,False,True
2026-08-16 21:38:39,memory_ctta,capsule,monitor,C:/cira_batch_test/capsule/bad_15.png,bad_15.png,anomaly,True,0.0793241336941719,0.0793241336941719,0.04299485732503146,0.04299485732503146,0.031231427378952504,False,False,16000,False,,False,0.0,cpu,patch_nearest_normal,last2,14,0.05,False,,,0.00010181152174482122,0.0001107694308302,False,True,False,True
2026-08-16 21:38:41,memory_ctta,capsule,monitor,C:/cira_batch_test/capsule/good_19.png,good_19.png,normal,False,0.01780148781836033,3.099441414633475e-07,0.04299485732503146,0.04299485732503146,0.031231427378952504,False,True,16000,True,,False,0.0,cpu,patch_nearest_normal,last2,14,0.05,False,,,0.00010244817531201988,0.0001107694308302,True,True,False,True
2026-08-16 21:38:43,memory_ctta,capsule,monitor,C:/cira_batch_test/capsule/bad_3.png,bad_3.png,anomaly,True,0.09421204030513763,0.09421204030513763,0.04299485732503146,0.04299485732503146,0.031231427378952504,False,False,16000,False,,False,0.0,cpu,patch_nearest_normal,last2,14,0.05,False,,,0.00010478961485205218,0.0001107694308302,False,True,False,True
2026-08-16 21:38:44,memory_ctta,capsule,monitor,C:/cira_batch_test/capsule/good_5.png,good_5.png,normal,False,0.026013946160674095,2.8610230629055877e-07,0.04299485732503146,0.04299485732503146,0.031231427378952504,False,True,16000,True,,False,0.0,cpu,patch_nearest_normal,last2,14,0.05,False,,,9.419104753760621e-05,0.0001107694308302,True,True,False,True
2026-08-16 21:38:46,memory_ctta,capsule,monitor,C:/cira_batch_test/capsule/good_16.png,good_16.png,normal,False,0.02666424587368965,2.980232238769531e-07,0.04299485732503146,0.04299485732503146,0.031231427378952504,False,True,16000,True,,False,0.0,cpu,patch_nearest_normal,last2,14,0.05,False,,,0.00010384256165707484,0.0001107694308302,True,True,False,True
2026-08-16 21:38:47,memory_ctta,capsule,monitor,C:/cira_batch_test/capsule/good_14.png,good_14.png,normal,False,0.02264445461332798,2.6226044269606064e-07,0.04299485732503146,0.04299485732503146,0.031231427378952504,False,True,16000,True,,False,0.0,cpu,patch_nearest_normal,last2,14,0.05,False,,,0.00010228290921077132,0.0001107694308302,True,True,False,True
2026-08-16 21:38:49,memory_ctta,capsule,monitor,C:/cira_batch_test/capsule/good_2.png,good_2.png,normal,False,0.01780950464308262,2.682209014892578e-07,0.04299485732503146,0.04299485732503146,0.031231427378952504,False,True,16000,True,,False,0.0,cpu,patch_nearest_normal,last2,14,0.05,False,,,9.962864714907482e-05,0.0001107694308302,True,True,False,True
2026-08-16 21:38:50,memory_ctta,capsule,monitor,C:/cira_batch_test/capsule/bad_13.png,bad_13.png,anomaly,True,0.04310348629951477,0.04310348629951477,0.04299485732503146,0.04299485732503146,0.031231427378952504,False,False,16000,False,,False,0.0,cpu,patch_nearest_normal,last2,14,0.05,False,,,0.00010978075442835689,0.0001107694308302,False,True,False,True
2026-08-16 21:38:52,memory_ctta,capsule,monitor,C:/cira_batch_test/capsule/good_10.png,good_10.png,normal,False,0.020778674632310867,2.443790378947597e-07,0.04299485732503146,0.04299485732503146,0.031231427378952504,False,True,16000,True,,False,0.0,cpu,patch_nearest_normal,last2,14,0.05,False,,,9.40556637942791e-05,0.0001107694308302,True,True,False,True
2026-08-16 21:38:53,memory_ctta,capsule,monitor,C:/cira_batch_test/capsule/bad_19.png,bad_19.png,anomaly,True,0.11241115629673004,0.11241115629673004,0.04299485732503146,0.04299485732503146,0.031231427378952504,False,False,16000,False,,False,0.0,cpu,patch_nearest_normal,last2,14,0.05,False,,,0.00010095247853314504,0.0001107694308302,False,True,False,True
2026-08-16 21:38:55,memory_ctta,capsule,monitor,C:/cira_batch_test/capsule/good_4.png,good_4.png,normal,False,0.018145889043807983,2.9206276508375595e-07,0.04299485732503146,0.04299485732503146,0.031231427378952504,False,True,16000,True,,False,0.0,cpu,patch_nearest_normal,last2,14,0.05,False,,,0.00010590565216261894,0.0001107694308302,True,True,False,True
2026-08-16 21:38:56,memory_ctta,capsule,monitor,C:/cira_batch_test/capsule/bad_12.png,bad_12.png,anomaly,True,0.04608108848333359,0.04608108848333359,0.04299485732503146,0.04299485732503146,0.031231427378952504,False,False,16000,False,,False,0.0,cpu,patch_nearest_normal,last2,14,0.05,False,,,0.00010917786130448803,0.0001107694308302,False,True,False,True
2026-08-16 21:38:58,memory_ctta,capsule,monitor,C:/cira_batch_test/capsule/good_18.png,good_18.png,normal,False,0.018387693911790848,0.018387693911790848,0.04299485732503146,0.04299485732503146,0.031231427378952504,False,False,16000,False,,False,0.0,cpu,patch_nearest_normal,last2,14,0.05,False,,,0.00011176500265719369,0.0001107694308302,True,False,False,True
2026-08-16 21:38:59,memory_ctta,capsule,monitor,C:/cira_batch_test/capsule/bad_16.png,bad_16.png,anomaly,True,0.07204777747392654,0.07204777747392654,0.04299485732503146,0.04299485732503146,0.031231427378952504,False,False,16000,False,,False,0.0,cpu,patch_nearest_normal,last2,14,0.05,False,,,9.720979869598523e-05,0.0001107694308302,False,True,False,True
2026-08-16 21:39:01,memory_ctta,capsule,monitor,C:/cira_batch_test/capsule/good_6.png,good_6.png,normal,False,0.015317469835281372,2.682209014892578e-07,0.04299485732503146,0.04299485732503146,0.031231427378952504,False,True,16000,True,,False,0.0,cpu,patch_nearest_normal,last2,14,0.05,True,C:\cira_ttl_checkpoints\capsule\patch_memory_bank_update_10.pt,C:\cira_ttl_checkpoints\capsule\patch_adapter_update_10.pt,9.19990852707997e-05,0.0001107694308302,True,True,False,True
2026-08-16 21:39:03,memory_ctta,capsule,monitor,C:/cira_batch_test/capsule/good_13.png,good_13.png,normal,False,0.027783889323472977,3.2186508747145126e-07,0.04299485732503146,0.04299485732503146,0.031231427378952504,False,True,16000,True,,False,0.0,cpu,patch_nearest_normal,last2,14,0.05,False,,,0.00010156250209547579,0.0001107694308302,True,True,False,True
2026-08-16 21:39:04,memory_ctta,capsule,monitor,C:/cira_batch_test/capsule/good_15.png,good_15.png,normal,False,0.02757338248193264,0.02757338248193264,0.04299485732503146,0.04299485732503146,0.031231427378952504,False,False,16000,False,,False,0.0,cpu,patch_nearest_normal,last2,14,0.05,False,,,0.00011372978042345494,0.0001107694308302,True,False,False,True
2026-08-16 21:39:06,memory_ctta,capsule,monitor,C:/cira_batch_test/capsule/good_20.png,good_20.png,normal,False,0.031612880527973175,0.031612880527973175,0.04299485732503146,0.04299485732503146,0.031231427378952504,False,False,16000,False,,False,0.0,cpu,patch_nearest_normal,last2,14,0.05,False,,,0.00010225197911495343,0.0001107694308302,False,True,False,True
2026-08-16 21:39:07,memory_ctta,capsule,monitor,C:/cira_batch_test/capsule/bad_17.png,bad_17.png,anomaly,True,0.05237443000078201,0.05237443000078201,0.04299485732503146,0.04299485732503146,0.031231427378952504,False,False,16000,False,,False,0.0,cpu,patch_nearest_normal,last2,14,0.05,False,,,9.331812179880217e-05,0.0001107694308302,False,True,False,True
2026-08-16 21:39:09,memory_ctta,capsule,monitor,C:/cira_batch_test/capsule/good_11.png,good_11.png,normal,False,0.02644592523574829,3.2782554626464844e-07,0.04299485732503146,0.04299485732503146,0.031231427378952504,False,True,16000,True,,False,0.0,cpu,patch_nearest_normal,last2,14,0.05,False,,,9.218215564033017e-05,0.0001107694308302,True,True,False,True
2026-08-16 21:39:10,memory_ctta,capsule,monitor,C:/cira_batch_test/capsule/bad_20.png,bad_20.png,anomaly,True,0.04960661381483078,0.04960661381483078,0.04299485732503146,0.04299485732503146,0.031231427378952504,False,False,16000,False,,False,0.0,cpu,patch_nearest_normal,last2,14,0.05,False,,,9.6374838904012e-05,0.0001107694308302,False,True,False,True
2026-08-16 21:39:12,memory_ctta,capsule,monitor,C:/cira_batch_test/capsule/good_8.png,good_8.png,normal,False,0.0303613543510437,2.9206276508375595e-07,0.04299485732503146,0.04299485732503146,0.031231427378952504,False,True,16000,True,,False,0.0,cpu,patch_nearest_normal,last2,14,0.05,False,,,8.765277016209438e-05,0.0001107694308302,True,True,False,True
2026-08-16 21:39:13,memory_ctta,capsule,monitor,C:/cira_batch_test/capsule/bad_10.png,bad_10.png,anomaly,True,0.06636407226324081,0.06636407226324081,0.04299485732503146,0.04299485732503146,0.031231427378952504,False,False,16000,False,,False,0.0,cpu,patch_nearest_normal,last2,14,0.05,False,,,9.590524132363498e-05,0.0001107694308302,False,True,False,True
2026-08-16 21:39:15,memory_ctta,capsule,monitor,C:/cira_batch_test/capsule/good_3.png,good_3.png,normal,False,0.03890080004930496,0.03890080004930496,0.04299485732503146,0.04299485732503146,0.031231427378952504,False,False,16000,False,,False,0.0,cpu,patch_nearest_normal,last2,14,0.05,False,,,9.403732838109136e-05,0.0001107694308302,False,True,False,True
2026-08-16 21:39:16,memory_ctta,capsule,monitor,C:/cira_batch_test/capsule/bad_11.png,bad_11.png,anomaly,True,0.042996276170015335,0.042996276170015335,0.04299485732503146,0.04299485732503146,0.031231427378952504,False,False,16000,False,,False,0.0,cpu,patch_nearest_normal,last2,14,0.05,False,,,9.991939441533759e-05,0.0001107694308302,False,True,False,True
2026-08-16 21:39:18,memory_ctta,capsule,monitor,C:/cira_batch_test/capsule/bad_18.png,bad_18.png,anomaly,True,0.057582490146160126,0.057582490146160126,0.04299485732503146,0.04299485732503146,0.031231427378952504,False,False,16000,False,,False,0.0,cpu,patch_nearest_normal,last2,14,0.05,False,,,9.606957610230893e-05,0.0001107694308302,False,True,False,True
2026-08-16 21:39:19,memory_ctta,capsule,monitor,C:/cira_batch_test/capsule/good_12.png,good_12.png,normal,False,0.036864809691905975,0.036864809691905975,0.04299485732503146,0.04299485732503146,0.031231427378952504,False,False,16000,False,,False,0.0,cpu,patch_nearest_normal,last2,14,0.05,False,,,0.00011123297008452937,0.0001107694308302,False,False,False,True
2026-08-16 21:39:21,memory_ctta,capsule,monitor,C:/cira_batch_test/capsule/good_17.png,good_17.png,normal,False,0.01830676756799221,3.159046286782541e-07,0.04299485732503146,0.04299485732503146,0.031231427378952504,False,True,16000,True,,False,0.0,cpu,patch_nearest_normal,last2,14,0.05,False,,,0.00010436285811010748,0.0001107694308302,True,True,False,True
2026-08-16 21:39:23,memory_ctta,capsule,monitor,C:/cira_batch_test/capsule/bad_5.png,bad_5.png,normal,False,0.04192935675382614,0.04192935675382614,0.04299485732503146,0.04299485732503146,0.031231427378952504,False,False,16000,False,,False,0.0,cpu,patch_nearest_normal,last2,14,0.05,False,,,9.463774767937139e-05,0.0001107694308302,False,True,False,True
2026-08-16 21:39:24,memory_ctta,capsule,monitor,C:/cira_batch_test/capsule/bad_6.png,bad_6.png,anomaly,True,0.11982591450214386,0.11982591450214386,0.04299485732503146,0.04299485732503146,0.031231427378952504,False,False,16000,False,,False,0.0,cpu,patch_nearest_normal,last2,14,0.05,False,,,9.813986252993345e-05,0.0001107694308302,False,True,False,True
2026-08-16 21:39:26,memory_ctta,capsule,monitor,C:/cira_batch_test/capsule/bad_7.png,bad_7.png,anomaly,True,0.08235853165388107,0.08235853165388107,0.04299485732503146,0.04299485732503146,0.031231427378952504,False,False,16000,False,,False,0.0,cpu,patch_nearest_normal,last2,14,0.05,False,,,9.632331057218835e-05,0.0001107694308302,False,True,False,True
2026-08-16 21:39:27,memory_ctta,capsule,monitor,C:/cira_batch_test/capsule/bad_9.png,bad_9.png,anomaly,True,0.17448021471500397,0.17448021471500397,0.04299485732503146,0.04299485732503146,0.031231427378952504,False,False,16000,False,,False,0.0,cpu,patch_nearest_normal,last2,14,0.05,False,,,0.00011455183994257823,0.0001107694308302,False,False,False,True
2026-08-16 21:39:29,memory_ctta,capsule,monitor,C:/cira_batch_test/capsule/bad_4.png,bad_4.png,normal,False,0.037102483212947845,0.037102483212947845,0.04299485732503146,0.04299485732503146,0.031231427378952504,False,False,16000,False,,False,0.0,cpu,patch_nearest_normal,last2,14,0.05,False,,,0.0001008972103591077,0.0001107694308302,False,True,False,True
2026-08-16 21:39:30,memory_ctta,capsule,monitor,C:/cira_batch_test/capsule/bad_2.png,bad_2.png,anomaly,True,0.2588346302509308,0.2588346302509308,0.04299485732503146,0.04299485732503146,0.031231427378952504,False,False,16000,False,,False,0.0,cpu,patch_nearest_normal,last2,14,0.05,False,,,0.00010296382242813706,0.0001107694308302,False,True,False,True
2026-08-16 21:39:32,memory_ctta,carpet,monitor,C:/cira_batch_test/carpet/good_1.png,good_1.png,normal,False,0.02601250447332859,3.2186508747145126e-07,0.0343417185988487,0.0343417185988487,0.03367696963250637,False,True,16000,True,,False,0.0,cpu,patch_nearest_normal,last2,14,0.05,False,,,4.423534119268879e-05,6.111156617407686e-05,True,True,False,True
2026-08-16 21:39:33,memory_ctta,carpet,monitor,C:/cira_batch_test/carpet/good_7.png,good_7.png,anomaly,True,0.036074429750442505,0.036074429750442505,0.0343417185988487,0.0343417185988487,0.03367696963250637,False,False,16000,False,,False,0.0,cpu,patch_nearest_normal,last2,14,0.05,False,,,4.178315430181101e-05,6.111156617407686e-05,False,True,False,True
2026-08-16 21:39:35,memory_ctta,carpet,monitor,C:/cira_batch_test/carpet/good_9.png,good_9.png,anomaly,True,0.052874647080898285,0.052874647080898285,0.0343417185988487,0.0343417185988487,0.03367696963250637,False,False,16000,False,,False,0.0,cpu,patch_nearest_normal,last2,14,0.05,False,,,3.245154584874399e-05,6.111156617407686e-05,False,True,False,True
2026-08-16 21:39:37,memory_ctta,carpet,monitor,C:/cira_batch_test/carpet/bad_8.png,bad_8.png,anomaly,True,0.29697147011756897,0.29697147011756897,0.0343417185988487,0.0343417185988487,0.03367696963250637,False,False,16000,False,,False,0.0,cpu,patch_nearest_normal,last2,14,0.05,False,,,5.8077370340470225e-05,6.111156617407686e-05,False,True,False,True
2026-08-16 21:39:38,memory_ctta,carpet,monitor,C:/cira_batch_test/carpet/bad_1.png,bad_1.png,anomaly,True,0.06134674698114395,0.06134674698114395,0.0343417185988487,0.0343417185988487,0.03367696963250637,False,False,16000,False,,False,0.0,cpu,patch_nearest_normal,last2,14,0.05,False,,,5.434009653981775e-05,6.111156617407686e-05,False,True,False,True
2026-08-16 21:39:40,memory_ctta,carpet,monitor,C:/cira_batch_test/carpet/bad_14.png,bad_14.png,anomaly,True,0.2170318365097046,0.2170318365097046,0.0343417185988487,0.0343417185988487,0.03367696963250637,False,False,16000,False,,False,0.0,cpu,patch_nearest_normal,last2,14,0.05,False,,,5.825518746860325e-05,6.111156617407686e-05,False,True,False,True
2026-08-16 21:39:41,memory_ctta,carpet,monitor,C:/cira_batch_test/carpet/bad_15.png,bad_15.png,anomaly,True,0.04109799861907959,0.04109799861907959,0.0343417185988487,0.0343417185988487,0.03367696963250637,False,False,16000,False,,False,0.0,cpu,patch_nearest_normal,last2,14,0.05,False,,,3.794147778535262e-05,6.111156617407686e-05,False,True,False,True
2026-08-16 21:39:43,memory_ctta,carpet,monitor,C:/cira_batch_test/carpet/good_19.png,good_19.png,anomaly,True,0.03462231159210205,0.03462231159210205,0.0343417185988487,0.0343417185988487,0.03367696963250637,False,False,16000,False,,False,0.0,cpu,patch_nearest_normal,last2,14,0.05,False,,,4.960628939443268e-05,6.111156617407686e-05,False,True,False,True
2026-08-16 21:39:44,memory_ctta,carpet,monitor,C:/cira_batch_test/carpet/bad_3.png,bad_3.png,anomaly,True,0.3548845648765564,0.3548845648765564,0.0343417185988487,0.0343417185988487,0.03367696963250637,False,False,16000,False,,False,0.0,cpu,patch_nearest_normal,last2,14,0.05,False,,,4.1528463043505326e-05,6.111156617407686e-05,False,True,False,True
2026-08-16 21:39:46,memory_ctta,carpet,monitor,C:/cira_batch_test/carpet/good_5.png,good_5.png,anomaly,True,0.03460466116666794,0.03460466116666794,0.0343417185988487,0.0343417185988487,0.03367696963250637,False,False,16000,False,,False,0.0,cpu,patch_nearest_normal,last2,14,0.05,False,,,4.0587125113233924e-05,6.111156617407686e-05,False,True,False,True
2026-08-16 21:39:47,memory_ctta,carpet,monitor,C:/cira_batch_test/carpet/good_16.png,good_16.png,anomaly,True,0.03636713698506355,0.03636713698506355,0.0343417185988487,0.0343417185988487,0.03367696963250637,False,False,16000,False,,False,0.0,cpu,patch_nearest_normal,last2,14,0.05,False,,,3.913226100848988e-05,6.111156617407686e-05,False,True,False,True
2026-08-16 21:39:49,memory_ctta,carpet,monitor,C:/cira_batch_test/carpet/good_14.png,good_14.png,anomaly,True,0.041095416992902756,0.041095416992902756,0.0343417185988487,0.0343417185988487,0.03367696963250637,False,False,16000,False,,False,0.0,cpu,patch_nearest_normal,last2,14,0.05,False,,,3.7210716982372105e-05,6.111156617407686e-05,False,True,False,True
2026-08-16 21:39:51,memory_ctta,carpet,monitor,C:/cira_batch_test/carpet/good_2.png,good_2.png,normal,False,0.033076006919145584,2.8014181907565217e-07,0.0343417185988487,0.0343417185988487,0.03367696963250637,False,True,16000,True,,False,0.0,cpu,patch_nearest_normal,last2,14,0.05,False,,,4.572017496684566e-05,6.111156617407686e-05,True,True,False,True
2026-08-16 21:39:52,memory_ctta,carpet,monitor,C:/cira_batch_test/carpet/bad_13.png,bad_13.png,normal,False,0.03422145918011665,0.03422145918011665,0.0343417185988487,0.0343417185988487,0.03367696963250637,False,False,16000,False,,False,0.0,cpu,patch_nearest_normal,last2,14,0.05,False,,,4.812854967894964e-05,6.111156617407686e-05,False,True,False,True
2026-08-16 21:39:54,memory_ctta,carpet,monitor,C:/cira_batch_test/carpet/good_10.png,good_10.png,anomaly,True,0.03945763781666756,0.03945763781666756,0.0343417185988487,0.0343417185988487,0.03367696963250637,False,False,16000,False,,False,0.0,cpu,patch_nearest_normal,last2,14,0.05,False,,,3.41692466463428e-05,6.111156617407686e-05,False,True,False,True
2026-08-16 21:39:55,memory_ctta,carpet,monitor,C:/cira_batch_test/carpet/bad_19.png,bad_19.png,anomaly,True,0.11373619735240936,0.11373619735240936,0.0343417185988487,0.0343417185988487,0.03367696963250637,False,False,16000,False,,False,0.0,cpu,patch_nearest_normal,last2,14,0.05,False,,,4.9703801778377965e-05,6.111156617407686e-05,False,True,False,True
2026-08-16 21:39:57,memory_ctta,carpet,monitor,C:/cira_batch_test/carpet/good_4.png,good_4.png,normal,False,0.03289094567298889,2.9206276508375595e-07,0.0343417185988487,0.0343417185988487,0.03367696963250637,False,True,16000,True,,False,0.0,cpu,patch_nearest_normal,last2,14,0.05,False,,,3.836354153463617e-05,6.111156617407686e-05,True,True,False,True
2026-08-16 21:40:00,memory_ctta,carpet,monitor,C:/cira_batch_test/carpet/bad_12.png,bad_12.png,normal,False,0.03255302831530571,2.9206276508375595e-07,0.0343417185988487,0.0343417185988487,0.03367696963250637,False,True,16000,True,,False,0.0,cpu,patch_nearest_normal,last2,14,0.05,False,,,3.975599247496575e-05,6.111156617407686e-05,True,True,False,True
2026-08-16 21:40:01,memory_ctta,carpet,monitor,C:/cira_batch_test/carpet/good_18.png,good_18.png,normal,False,0.027419066056609154,2.74181360282455e-07,0.0343417185988487,0.0343417185988487,0.03367696963250637,False,True,16000,True,,False,0.0,cpu,patch_nearest_normal,last2,14,0.05,False,,,4.7489771532127634e-05,6.111156617407686e-05,True,True,False,True
2026-08-16 21:40:03,memory_ctta,carpet,monitor,C:/cira_batch_test/carpet/bad_16.png,bad_16.png,anomaly,True,0.13046488165855408,0.13046488165855408,0.0343417185988487,0.0343417185988487,0.03367696963250637,False,False,16000,False,,False,0.0,cpu,patch_nearest_normal,last2,14,0.05,False,,,5.002687976229936e-05,6.111156617407686e-05,False,True,False,True
2026-08-16 21:40:04,memory_ctta,carpet,monitor,C:/cira_batch_test/carpet/good_6.png,good_6.png,normal,False,0.032395340502262115,3.039836826701503e-07,0.0343417185988487,0.0343417185988487,0.03367696963250637,False,True,16000,True,,False,0.0,cpu,patch_nearest_normal,last2,14,0.05,False,,,4.148247535340488e-05,6.111156617407686e-05,True,True,False,True
2026-08-16 21:40:06,memory_ctta,carpet,monitor,C:/cira_batch_test/carpet/good_13.png,good_13.png,normal,False,0.03261805698275566,2.8610230629055877e-07,0.0343417185988487,0.0343417185988487,0.03367696963250637,False,True,16000,True,,False,0.0,cpu,patch_nearest_normal,last2,14,0.05,False,,,3.328376624267548e-05,6.111156617407686e-05,True,True,False,True
2026-08-16 21:40:08,memory_ctta,carpet,monitor,C:/cira_batch_test/carpet/good_15.png,good_15.png,anomaly,True,0.03552567958831787,0.03552567958831787,0.0343417185988487,0.0343417185988487,0.03367696963250637,False,False,16000,False,,False,0.0,cpu,patch_nearest_normal,last2,14,0.05,False,,,3.222686791559681e-05,6.111156617407686e-05,False,True,False,True
2026-08-16 21:40:09,memory_ctta,carpet,monitor,C:/cira_batch_test/carpet/good_20.png,good_20.png,anomaly,True,0.035398583859205246,0.035398583859205246,0.0343417185988487,0.0343417185988487,0.03367696963250637,False,False,16000,False,,False,0.0,cpu,patch_nearest_normal,last2,14,0.05,False,,,5.5278280342463404e-05,6.111156617407686e-05,False,True,False,True
2026-08-16 21:40:11,memory_ctta,carpet,monitor,C:/cira_batch_test/carpet/bad_17.png,bad_17.png,anomaly,True,0.049778349697589874,0.049778349697589874,0.0343417185988487,0.0343417185988487,0.03367696963250637,False,False,16000,False,,False,0.0,cpu,patch_nearest_normal,last2,14,0.05,False,,,5.1184491894673556e-05,6.111156617407686e-05,False,True,False,True
2026-08-16 21:40:12,memory_ctta,carpet,monitor,C:/cira_batch_test/carpet/good_11.png,good_11.png,anomaly,True,0.037688665091991425,0.037688665091991425,0.0343417185988487,0.0343417185988487,0.03367696963250637,False,False,16000,False,,False,0.0,cpu,patch_nearest_normal,last2,14,0.05,False,,,4.980329322279431e-05,6.111156617407686e-05,False,True,False,True
2026-08-16 21:40:14,memory_ctta,carpet,monitor,C:/cira_batch_test/carpet/bad_20.png,bad_20.png,anomaly,True,0.13676877319812775,0.13676877319812775,0.0343417185988487,0.0343417185988487,0.03367696963250637,False,False,16000,False,,False,0.0,cpu,patch_nearest_normal,last2,14,0.05,False,,,4.483650263864547e-05,6.111156617407686e-05,False,True,False,True
2026-08-16 21:40:16,memory_ctta,carpet,monitor,C:/cira_batch_test/carpet/good_8.png,good_8.png,normal,False,0.027718503028154373,3.159046286782541e-07,0.0343417185988487,0.0343417185988487,0.03367696963250637,False,True,16000,True,,False,0.0,cpu,patch_nearest_normal,last2,14,0.05,False,,,4.162806726526469e-05,6.111156617407686e-05,True,True,False,True
2026-08-16 21:40:17,memory_ctta,carpet,monitor,C:/cira_batch_test/carpet/bad_10.png,bad_10.png,anomaly,True,0.23039546608924866,0.23039546608924866,0.0343417185988487,0.0343417185988487,0.03367696963250637,False,False,16000,False,,False,0.0,cpu,patch_nearest_normal,last2,14,0.05,False,,,4.850025288760662e-05,6.111156617407686e-05,False,True,False,True
2026-08-16 21:40:19,memory_ctta,carpet,monitor,C:/cira_batch_test/carpet/good_3.png,good_3.png,normal,False,0.027586650103330612,3.039836826701503e-07,0.0343417185988487,0.0343417185988487,0.03367696963250637,False,True,16000,True,,False,0.0,cpu,patch_nearest_normal,last2,14,0.05,False,,,3.7782392610097304e-05,6.111156617407686e-05,True,True,False,True
2026-08-16 21:40:20,memory_ctta,carpet,monitor,C:/cira_batch_test/carpet/bad_11.png,bad_11.png,anomaly,True,0.08308492600917816,0.08308492600917816,0.0343417185988487,0.0343417185988487,0.03367696963250637,False,False,16000,False,,False,0.0,cpu,patch_nearest_normal,last2,14,0.05,False,,,4.9822385335573927e-05,6.111156617407686e-05,False,True,False,True
2026-08-16 21:40:22,memory_ctta,carpet,monitor,C:/cira_batch_test/carpet/bad_18.png,bad_18.png,anomaly,True,0.3319382071495056,0.3319382071495056,0.0343417185988487,0.0343417185988487,0.03367696963250637,False,False,16000,False,,False,0.0,cpu,patch_nearest_normal,last2,14,0.05,False,,,5.132254591444507e-05,6.111156617407686e-05,False,True,False,True
2026-08-16 21:40:24,memory_ctta,carpet,monitor,C:/cira_batch_test/carpet/good_12.png,good_12.png,normal,False,0.03183383494615555,3.695487862387381e-07,0.0343417185988487,0.0343417185988487,0.03367696963250637,False,True,16000,True,,False,0.0,cpu,patch_nearest_normal,last2,14,0.05,True,C:\cira_ttl_checkpoints\carpet\patch_memory_bank_update_10.pt,C:\cira_ttl_checkpoints\carpet\patch_adapter_update_10.pt,5.608511855825782e-05,6.111156617407686e-05,True,True,False,True
2026-08-16 21:40:25,memory_ctta,carpet,monitor,C:/cira_batch_test/carpet/good_17.png,good_17.png,normal,False,0.029311437159776688,2.9206276508375595e-07,0.0343417185988487,0.0343417185988487,0.03367696963250637,False,True,16000,True,,False,0.0,cpu,patch_nearest_normal,last2,14,0.05,False,,,4.490388892008923e-05,6.111156617407686e-05,True,True,False,True
2026-08-16 21:40:27,memory_ctta,carpet,monitor,C:/cira_batch_test/carpet/bad_5.png,bad_5.png,anomaly,True,0.23320607841014862,0.23320607841014862,0.0343417185988487,0.0343417185988487,0.03367696963250637,False,False,16000,False,,False,0.0,cpu,patch_nearest_normal,last2,14,0.05,False,,,5.9544789110077545e-05,6.111156617407686e-05,False,True,False,True
2026-08-16 21:40:28,memory_ctta,carpet,monitor,C:/cira_batch_test/carpet/bad_6.png,bad_6.png,anomaly,True,0.10247019678354263,0.10247019678354263,0.0343417185988487,0.0343417185988487,0.03367696963250637,False,False,16000,False,,False,0.0,cpu,patch_nearest_normal,last2,14,0.05,False,,,4.099733632756397e-05,6.111156617407686e-05,False,True,False,True
2026-08-16 21:40:30,memory_ctta,carpet,monitor,C:/cira_batch_test/carpet/bad_7.png,bad_7.png,anomaly,True,0.06937960535287857,0.06937960535287857,0.0343417185988487,0.0343417185988487,0.03367696963250637,False,False,16000,False,,False,0.0,cpu,patch_nearest_normal,last2,14,0.05,False,,,4.652118877856992e-05,6.111156617407686e-05,False,True,False,True
2026-08-16 21:40:31,memory_ctta,carpet,monitor,C:/cira_batch_test/carpet/bad_9.png,bad_9.png,anomaly,True,0.34894585609436035,0.34894585609436035,0.0343417185988487,0.0343417185988487,0.03367696963250637,False,False,16000,False,,False,0.0,cpu,patch_nearest_normal,last2,14,0.05,False,,,6.803073483752087e-05,6.111156617407686e-05,False,False,False,True
2026-08-16 21:40:33,memory_ctta,carpet,monitor,C:/cira_batch_test/carpet/bad_4.png,bad_4.png,anomaly,True,0.2737352252006531,0.2737352252006531,0.0343417185988487,0.0343417185988487,0.03367696963250637,False,False,16000,False,,False,0.0,cpu,patch_nearest_normal,last2,14,0.05,False,,,6.038408537278883e-05,6.111156617407686e-05,False,True,False,True
2026-08-16 21:40:34,memory_ctta,carpet,monitor,C:/cira_batch_test/carpet/bad_2.png,bad_2.png,anomaly,True,0.1532832384109497,0.1532832384109497,0.0343417185988487,0.0343417185988487,0.03367696963250637,False,False,16000,False,,False,0.0,cpu,patch_nearest_normal,last2,14,0.05,False,,,5.722224523196928e-05,6.111156617407686e-05,False,True,False,True
2026-08-16 21:40:36,memory_ctta,grid,monitor,C:/cira_batch_test/grid/good_1.png,good_1.png,anomaly,True,0.05813353508710861,0.05813353508710861,0.053714152485093335,0.053714152485093335,0.04894002191722393,False,False,16000,False,,False,0.0,cpu,patch_nearest_normal,last2,14,0.05,False,,,0.00020769854017999023,0.00020260438468534505,False,False,False,True
2026-08-16 21:40:37,memory_ctta,grid,monitor,C:/cira_batch_test/grid/good_7.png,good_7.png,anomaly,True,0.05755096673965454,0.05755096673965454,0.053714152485093335,0.053714152485093335,0.04894002191722393,False,False,16000,False,,False,0.0,cpu,patch_nearest_normal,last2,14,0.05,False,,,0.00011758198525058106,0.00020260438468534505,False,True,False,True
2026-08-16 21:40:39,memory_ctta,grid,monitor,C:/cira_batch_test/grid/good_9.png,good_9.png,normal,False,0.045922499150037766,3.457069510659494e-07,0.053714152485093335,0.053714152485093335,0.04894002191722393,False,True,16000,True,,False,0.0,cpu,patch_nearest_normal,last2,14,0.05,False,,,0.00011473890481283888,0.00020260438468534505,True,True,False,True
2026-08-16 21:40:40,memory_ctta,grid,monitor,C:/cira_batch_test/grid/bad_8.png,bad_8.png,normal,False,0.046752046793699265,2.1457671550706436e-07,0.053714152485093335,0.053714152485093335,0.04894002191722393,False,True,16000,True,,False,0.0,cpu,patch_nearest_normal,last2,14,0.05,False,,,0.00015188542602118105,0.00020260438468534505,True,True,False,True
2026-08-16 21:40:42,memory_ctta,grid,monitor,C:/cira_batch_test/grid/bad_1.png,bad_1.png,anomaly,True,0.08857269585132599,0.08857269585132599,0.053714152485093335,0.053714152485093335,0.04894002191722393,False,False,16000,False,,False,0.0,cpu,patch_nearest_normal,last2,14,0.05,False,,,0.0001952194288605824,0.00020260438468534505,False,True,False,True
2026-08-16 21:40:43,memory_ctta,grid,monitor,C:/cira_batch_test/grid/bad_14.png,bad_14.png,anomaly,True,0.05401410534977913,0.05401410534977913,0.053714152485093335,0.053714152485093335,0.04894002191722393,False,False,16000,False,,False,0.0,cpu,patch_nearest_normal,last2,14,0.05,False,,,0.0001118114305427298,0.00020260438468534505,False,True,False,True
2026-08-16 21:40:45,memory_ctta,grid,monitor,C:/cira_batch_test/grid/bad_15.png,bad_15.png,anomaly,True,0.06484842300415039,0.06484842300415039,0.053714152485093335,0.053714152485093335,0.04894002191722393,False,False,16000,False,,False,0.0,cpu,patch_nearest_normal,last2,14,0.05,False,,,0.00015265338879544288,0.00020260438468534505,False,True,False,True
2026-08-16 21:40:46,memory_ctta,grid,monitor,C:/cira_batch_test/grid/good_19.png,good_19.png,anomaly,True,0.06345482170581818,0.06345482170581818,0.053714152485093335,0.053714152485093335,0.04894002191722393,False,False,16000,False,,False,0.0,cpu,patch_nearest_normal,last2,14,0.05,False,,,0.0001271924120374024,0.00020260438468534505,False,True,False,True
2026-08-16 21:40:48,memory_ctta,grid,monitor,C:/cira_batch_test/grid/bad_3.png,bad_3.png,anomaly,True,0.0654066950082779,0.0654066950082779,0.053714152485093335,0.053714152485093335,0.04894002191722393,False,False,16000,False,,False,0.0,cpu,patch_nearest_normal,last2,14,0.05,False,,,0.00011730370169971138,0.00020260438468534505,False,True,False,True
2026-08-16 21:40:49,memory_ctta,grid,monitor,C:/cira_batch_test/grid/good_5.png,good_5.png,anomaly,True,0.06403066217899323,0.06403066217899323,0.053714152485093335,0.053714152485093335,0.04894002191722393,False,False,16000,False,,False,0.0,cpu,patch_nearest_normal,last2,14,0.05,False,,,0.00012751581380143762,0.00020260438468534505,False,True,False,True
2026-08-16 21:40:51,memory_ctta,grid,monitor,C:/cira_batch_test/grid/good_16.png,good_16.png,anomaly,True,0.054867129772901535,0.054867129772901535,0.053714152485093335,0.053714152485093335,0.04894002191722393,False,False,16000,False,,False,0.0,cpu,patch_nearest_normal,last2,14,0.05,False,,,0.0001649851183174178,0.00020260438468534505,False,True,False,True
2026-08-16 21:40:52,memory_ctta,grid,monitor,C:/cira_batch_test/grid/good_14.png,good_14.png,normal,False,0.04976450651884079,0.04976450651884079,0.053714152485093335,0.053714152485093335,0.04894002191722393,False,False,16000,False,,False,0.0,cpu,patch_nearest_normal,last2,14,0.05,False,,,0.00015478560817427933,0.00020260438468534505,False,True,False,True
2026-08-16 21:40:54,memory_ctta,grid,monitor,C:/cira_batch_test/grid/good_2.png,good_2.png,normal,False,0.051466502249240875,0.051466502249240875,0.053714152485093335,0.053714152485093335,0.04894002191722393,False,False,16000,False,,False,0.0,cpu,patch_nearest_normal,last2,14,0.05,False,,,0.00019094676827080548,0.00020260438468534505,False,True,False,True
2026-08-16 21:40:55,memory_ctta,grid,monitor,C:/cira_batch_test/grid/bad_13.png,bad_13.png,normal,False,0.04784206300973892,2.682209014892578e-07,0.053714152485093335,0.053714152485093335,0.04894002191722393,False,True,16000,True,,False,0.0,cpu,patch_nearest_normal,last2,14,0.05,False,,,0.00011664111661957577,0.00020260438468534505,True,True,False,True
2026-08-16 21:40:57,memory_ctta,grid,monitor,C:/cira_batch_test/grid/good_10.png,good_10.png,normal,False,0.0454632043838501,2.9206276508375595e-07,0.053714152485093335,0.053714152485093335,0.04894002191722393,False,True,16000,True,,False,0.0,cpu,patch_nearest_normal,last2,14,0.05,False,,,0.00012818558025173843,0.00020260438468534505,True,True,False,True
2026-08-16 21:40:58,memory_ctta,grid,monitor,C:/cira_batch_test/grid/bad_19.png,bad_19.png,anomaly,True,0.11044621467590332,0.11044621467590332,0.053714152485093335,0.053714152485093335,0.04894002191722393,False,False,16000,False,,False,0.0,cpu,patch_nearest_normal,last2,14,0.05,False,,,0.00014610556536354125,0.00020260438468534505,False,True,False,True
2026-08-16 21:41:00,memory_ctta,grid,monitor,C:/cira_batch_test/grid/good_4.png,good_4.png,anomaly,True,0.055914491415023804,0.055914491415023804,0.053714152485093335,0.053714152485093335,0.04894002191722393,False,False,16000,False,,False,0.0,cpu,patch_nearest_normal,last2,14,0.05,False,,,0.00022876239381730556,0.00020260438468534505,False,False,False,True
2026-08-16 21:41:01,memory_ctta,grid,monitor,C:/cira_batch_test/grid/bad_12.png,bad_12.png,anomaly,True,0.10632707923650742,0.10632707923650742,0.053714152485093335,0.053714152485093335,0.04894002191722393,False,False,16000,False,,False,0.0,cpu,patch_nearest_normal,last2,14,0.05,False,,,0.00019685183360707015,0.00020260438468534505,False,True,False,True
2026-08-16 21:41:03,memory_ctta,grid,monitor,C:/cira_batch_test/grid/good_18.png,good_18.png,anomaly,True,0.05522800609469414,0.05522800609469414,0.053714152485093335,0.053714152485093335,0.04894002191722393,False,False,16000,False,,False,0.0,cpu,patch_nearest_normal,last2,14,0.05,False,,,0.00012616637104656547,0.00020260438468534505,False,True,False,True
2026-08-16 21:41:04,memory_ctta,grid,monitor,C:/cira_batch_test/grid/bad_16.png,bad_16.png,anomaly,True,0.059277068823575974,0.059277068823575974,0.053714152485093335,0.053714152485093335,0.04894002191722393,False,False,16000,False,,False,0.0,cpu,patch_nearest_normal,last2,14,0.05,False,,,0.0001363186602247879,0.00020260438468534505,False,True,False,True
2026-08-16 21:41:06,memory_ctta,grid,monitor,C:/cira_batch_test/grid/good_6.png,good_6.png,anomaly,True,0.06407660245895386,0.06407660245895386,0.053714152485093335,0.053714152485093335,0.04894002191722393,False,False,16000,False,,False,0.0,cpu,patch_nearest_normal,last2,14,0.05,False,,,0.00011237062426516786,0.00020260438468534505,False,True,False,True
2026-08-16 21:41:07,memory_ctta,grid,monitor,C:/cira_batch_test/grid/good_13.png,good_13.png,normal,False,0.042909957468509674,2.5629998390286346e-07,0.053714152485093335,0.053714152485093335,0.04894002191722393,False,True,16000,True,,False,0.0,cpu,patch_nearest_normal,last2,14,0.05,False,,,0.00010720604041125625,0.00020260438468534505,True,True,False,True
2026-08-16 21:41:09,memory_ctta,grid,monitor,C:/cira_batch_test/grid/good_15.png,good_15.png,normal,False,0.03756582736968994,2.74181360282455e-07,0.053714152485093335,0.053714152485093335,0.04894002191722393,False,True,16000,True,,False,0.0,cpu,patch_nearest_normal,last2,14,0.05,False,,,0.00013005123764742166,0.00020260438468534505,True,True,False,True
2026-08-16 21:41:10,memory_ctta,grid,monitor,C:/cira_batch_test/grid/good_20.png,good_20.png,normal,False,0.04702659696340561,3.039836826701503e-07,0.053714152485093335,0.053714152485093335,0.04894002191722393,False,True,16000,True,,False,0.0,cpu,patch_nearest_normal,last2,14,0.05,False,,,0.00014705346256960183,0.00020260438468534505,True,True,False,True
2026-08-16 21:41:12,memory_ctta,grid,monitor,C:/cira_batch_test/grid/bad_17.png,bad_17.png,normal,False,0.050122518092393875,0.050122518092393875,0.053714152485093335,0.053714152485093335,0.04894002191722393,False,False,16000,False,,False,0.0,cpu,patch_nearest_normal,last2,14,0.05,False,,,8.93335891305469e-05,0.00020260438468534505,False,True,False,True
2026-08-16 21:41:13,memory_ctta,grid,monitor,C:/cira_batch_test/grid/good_11.png,good_11.png,normal,False,0.043977975845336914,2.9206276508375595e-07,0.053714152485093335,0.053714152485093335,0.04894002191722393,False,True,16000,True,,False,0.0,cpu,patch_nearest_normal,last2,14,0.05,False,,,0.00010400073369964957,0.00020260438468534505,True,True,False,True
2026-08-16 21:41:15,memory_ctta,grid,monitor,C:/cira_batch_test/grid/bad_20.png,bad_20.png,normal,False,0.048958759754896164,0.048958759754896164,0.053714152485093335,0.053714152485093335,0.04894002191722393,False,False,16000,False,,False,0.0,cpu,patch_nearest_normal,last2,14,0.05,False,,,0.00011573121446417645,0.00020260438468534505,False,True,False,True
2026-08-16 21:41:16,memory_ctta,grid,monitor,C:/cira_batch_test/grid/good_8.png,good_8.png,normal,False,0.043682992458343506,2.74181360282455e-07,0.053714152485093335,0.053714152485093335,0.04894002191722393,False,True,16000,True,,False,0.0,cpu,patch_nearest_normal,last2,14,0.05,False,,,0.00011511726916069165,0.00020260438468534505,True,True,False,True
2026-08-16 21:41:18,memory_ctta,grid,monitor,C:/cira_batch_test/grid/bad_10.png,bad_10.png,anomaly,True,0.0730651468038559,0.0730651468038559,0.053714152485093335,0.053714152485093335,0.04894002191722393,False,False,16000,False,,False,0.0,cpu,patch_nearest_normal,last2,14,0.05,False,,,0.0001302088494412601,0.00020260438468534505,False,True,False,True
2026-08-16 21:41:19,memory_ctta,grid,monitor,C:/cira_batch_test/grid/good_3.png,good_3.png,normal,False,0.04924187809228897,0.04924187809228897,0.053714152485093335,0.053714152485093335,0.04894002191722393,False,False,16000,False,,False,0.0,cpu,patch_nearest_normal,last2,14,0.05,False,,,0.00020397260959725827,0.00020260438468534505,False,False,False,True
2026-08-16 21:41:21,memory_ctta,grid,monitor,C:/cira_batch_test/grid/bad_11.png,bad_11.png,anomaly,True,0.05669742077589035,0.05669742077589035,0.053714152485093335,0.053714152485093335,0.04894002191722393,False,False,16000,False,,False,0.0,cpu,patch_nearest_normal,last2,14,0.05,False,,,0.00017223021131940186,0.00020260438468534505,False,True,False,True
2026-08-16 21:41:22,memory_ctta,grid,monitor,C:/cira_batch_test/grid/bad_18.png,bad_18.png,anomaly,True,0.06141505762934685,0.06141505762934685,0.053714152485093335,0.053714152485093335,0.04894002191722393,False,False,16000,False,,False,0.0,cpu,patch_nearest_normal,last2,14,0.05,False,,,0.00016062661597970873,0.00020260438468534505,False,True,False,True
2026-08-16 21:41:25,memory_ctta,grid,monitor,C:/cira_batch_test/grid/good_12.png,good_12.png,normal,False,0.03937114402651787,3.516674098591466e-07,0.053714152485093335,0.053714152485093335,0.04894002191722393,False,True,16000,True,,False,0.0,cpu,patch_nearest_normal,last2,14,0.05,True,C:\cira_ttl_checkpoints\grid\patch_memory_bank_update_10.pt,C:\cira_ttl_checkpoints\grid\patch_adapter_update_10.pt,0.0001494504977017641,0.00020260438468534505,True,True,False,True
2026-08-16 21:41:26,memory_ctta,grid,monitor,C:/cira_batch_test/grid/good_17.png,good_17.png,normal,False,0.04521734640002251,2.8014181907565217e-07,0.053714152485093335,0.053714152485093335,0.04894002191722393,False,True,16000,True,,False,0.0,cpu,patch_nearest_normal,last2,14,0.05,False,,,0.00018117761646863073,0.00020260438468534505,True,True,False,True
2026-08-16 21:41:28,memory_ctta,grid,monitor,C:/cira_batch_test/grid/bad_5.png,bad_5.png,anomaly,True,0.06580418348312378,0.06580418348312378,0.053714152485093335,0.053714152485093335,0.04894002191722393,False,False,16000,False,,False,0.0,cpu,patch_nearest_normal,last2,14,0.05,False,,,0.00013335997937247157,0.00020260438468534505,False,True,False,True
2026-08-16 21:41:29,memory_ctta,grid,monitor,C:/cira_batch_test/grid/bad_6.png,bad_6.png,normal,False,0.04635925218462944,3.5762786865234375e-07,0.053714152485093335,0.053714152485093335,0.04894002191722393,False,True,16000,True,,False,0.0,cpu,patch_nearest_normal,last2,14,0.05,False,,,0.00011204804468434304,0.00020260438468534505,True,True,False,True
2026-08-16 21:41:31,memory_ctta,grid,monitor,C:/cira_batch_test/grid/bad_7.png,bad_7.png,anomaly,True,0.11648178100585938,0.11648178100585938,0.053714152485093335,0.053714152485093335,0.04894002191722393,False,False,16000,False,,False,0.0,cpu,patch_nearest_normal,last2,14,0.05,False,,,0.00011966516467509791,0.00020260438468534505,False,True,False,True
2026-08-16 21:41:32,memory_ctta,grid,monitor,C:/cira_batch_test/grid/bad_9.png,bad_9.png,anomaly,True,0.06474696099758148,0.06474696099758148,0.053714152485093335,0.053714152485093335,0.04894002191722393,False,False,16000,False,,False,0.0,cpu,patch_nearest_normal,last2,14,0.05,False,,,0.00011868600267916918,0.00020260438468534505,False,True,False,True
2026-08-16 21:41:34,memory_ctta,grid,monitor,C:/cira_batch_test/grid/bad_4.png,bad_4.png,anomaly,True,0.09630408138036728,0.09630408138036728,0.053714152485093335,0.053714152485093335,0.04894002191722393,False,False,16000,False,,False,0.0,cpu,patch_nearest_normal,last2,14,0.05,False,,,0.000113775058707688,0.00020260438468534505,False,True,False,True
2026-08-16 21:41:35,memory_ctta,grid,monitor,C:/cira_batch_test/grid/bad_2.png,bad_2.png,anomaly,True,0.05522272735834122,0.05522272735834122,0.053714152485093335,0.053714152485093335,0.04894002191722393,False,False,16000,False,,False,0.0,cpu,patch_nearest_normal,last2,14,0.05,False,,,0.00018446809554006904,0.00020260438468534505,False,True,False,True
2026-08-16 21:41:37,memory_ctta,hazelnut,monitor,C:/cira_batch_test/hazelnut/good_1.png,good_1.png,normal,False,0.10071440041065216,2.5033949668795685e-07,0.11622385221571559,0.11622385221571559,0.11048602908849717,False,True,16000,True,,False,0.0,cpu,patch_nearest_normal,last2,14,0.05,False,,,0.0001534360199002549,0.00018771860486589,True,True,False,True
2026-08-16 21:41:38,memory_ctta,hazelnut,monitor,C:/cira_batch_test/hazelnut/good_7.png,good_7.png,normal,False,0.10419611632823944,2.443790378947597e-07,0.11622385221571559,0.11622385221571559,0.11048602908849717,False,True,16000,True,,False,0.0,cpu,patch_nearest_normal,last2,14,0.05,False,,,0.00013639210374094546,0.00018771860486589,True,True,False,True
2026-08-16 21:41:40,memory_ctta,hazelnut,monitor,C:/cira_batch_test/hazelnut/good_9.png,good_9.png,normal,False,0.1082468181848526,2.74181360282455e-07,0.11622385221571559,0.11622385221571559,0.11048602908849717,False,True,16000,True,,False,0.0,cpu,patch_nearest_normal,last2,14,0.05,False,,,0.000141693206387572,0.00018771860486589,True,True,False,True
2026-08-16 21:41:41,memory_ctta,hazelnut,monitor,C:/cira_batch_test/hazelnut/bad_8.png,bad_8.png,anomaly,True,0.1674746572971344,0.1674746572971344,0.11622385221571559,0.11622385221571559,0.11048602908849717,False,False,16000,False,,False,0.0,cpu,patch_nearest_normal,last2,14,0.05,False,,,0.00015058479038998485,0.00018771860486589,False,True,False,True
2026-08-16 21:41:43,memory_ctta,hazelnut,monitor,C:/cira_batch_test/hazelnut/bad_1.png,bad_1.png,anomaly,True,0.16034150123596191,0.16034150123596191,0.11622385221571559,0.11622385221571559,0.11048602908849717,False,False,16000,False,,False,0.0,cpu,patch_nearest_normal,last2,14,0.05,False,,,0.00014550691412296146,0.00018771860486589,False,True,False,True
2026-08-16 21:41:44,memory_ctta,hazelnut,monitor,C:/cira_batch_test/hazelnut/bad_14.png,bad_14.png,anomaly,True,0.20721229910850525,0.20721229910850525,0.11622385221571559,0.11622385221571559,0.11048602908849717,False,False,16000,False,,False,0.0,cpu,patch_nearest_normal,last2,14,0.05,False,,,0.00015031687507871538,0.00018771860486589,False,True,False,True
2026-08-16 21:41:46,memory_ctta,hazelnut,monitor,C:/cira_batch_test/hazelnut/bad_15.png,bad_15.png,anomaly,True,0.22609829902648926,0.22609829902648926,0.11622385221571559,0.11622385221571559,0.11048602908849717,False,False,16000,False,,False,0.0,cpu,patch_nearest_normal,last2,14,0.05,False,,,0.00013920397032052279,0.00018771860486589,False,True,False,True
2026-08-16 21:41:47,memory_ctta,hazelnut,monitor,C:/cira_batch_test/hazelnut/good_19.png,good_19.png,normal,False,0.10307743400335312,2.8610230629055877e-07,0.11622385221571559,0.11622385221571559,0.11048602908849717,False,True,16000,True,,False,0.0,cpu,patch_nearest_normal,last2,14,0.05,False,,,0.00013428760576061904,0.00018771860486589,True,True,False,True
2026-08-16 21:41:49,memory_ctta,hazelnut,monitor,C:/cira_batch_test/hazelnut/bad_3.png,bad_3.png,anomaly,True,0.21584899723529816,0.21584899723529816,0.11622385221571559,0.11622385221571559,0.11048602908849717,False,False,16000,False,,False,0.0,cpu,patch_nearest_normal,last2,14,0.05,False,,,0.00016025727381929755,0.00018771860486589,False,True,False,True
2026-08-16 21:41:51,memory_ctta,hazelnut,monitor,C:/cira_batch_test/hazelnut/good_5.png,good_5.png,normal,False,0.0872795432806015,2.980232238769531e-07,0.11622385221571559,0.11622385221571559,0.11048602908849717,False,True,16000,True,,False,0.0,cpu,patch_nearest_normal,last2,14,0.05,False,,,0.00014626578195020556,0.00018771860486589,True,True,False,True
2026-08-16 21:41:52,memory_ctta,hazelnut,monitor,C:/cira_batch_test/hazelnut/good_16.png,good_16.png,normal,False,0.09403745085000992,2.5033949668795685e-07,0.11622385221571559,0.11622385221571559,0.11048602908849717,False,True,16000,True,,False,0.0,cpu,patch_nearest_normal,last2,14,0.05,False,,,0.0001565882412251085,0.00018771860486589,True,True,False,True
2026-08-16 21:41:54,memory_ctta,hazelnut,monitor,C:/cira_batch_test/hazelnut/good_14.png,good_14.png,normal,False,0.09316637367010117,2.443790378947597e-07,0.11622385221571559,0.11622385221571559,0.11048602908849717,False,True,16000,True,,False,0.0,cpu,patch_nearest_normal,last2,14,0.05,False,,,0.00014114161604084074,0.00018771860486589,True,True,False,True
2026-08-16 21:41:55,memory_ctta,hazelnut,monitor,C:/cira_batch_test/hazelnut/good_2.png,good_2.png,normal,False,0.09786717593669891,3.457069510659494e-07,0.11622385221571559,0.11622385221571559,0.11048602908849717,False,True,16000,True,,False,0.0,cpu,patch_nearest_normal,last2,14,0.05,False,,,0.00015690307191107422,0.00018771860486589,True,True,False,True
2026-08-16 21:41:57,memory_ctta,hazelnut,monitor,C:/cira_batch_test/hazelnut/bad_13.png,bad_13.png,anomaly,True,0.12654352188110352,0.12654352188110352,0.11622385221571559,0.11622385221571559,0.11048602908849717,False,False,16000,False,,False,0.0,cpu,patch_nearest_normal,last2,14,0.05,False,,,0.0001263535232283175,0.00018771860486589,False,True,False,True
2026-08-16 21:41:58,memory_ctta,hazelnut,monitor,C:/cira_batch_test/hazelnut/good_10.png,good_10.png,normal,False,0.1005946546792984,2.682209014892578e-07,0.11622385221571559,0.11622385221571559,0.11048602908849717,False,True,16000,True,,False,0.0,cpu,patch_nearest_normal,last2,14,0.05,False,,,0.00015211620484478772,0.00018771860486589,True,True,False,True
2026-08-16 21:42:00,memory_ctta,hazelnut,monitor,C:/cira_batch_test/hazelnut/bad_19.png,bad_19.png,anomaly,True,0.12667234241962433,0.12667234241962433,0.11622385221571559,0.11622385221571559,0.11048602908849717,False,False,16000,False,,False,0.0,cpu,patch_nearest_normal,last2,14,0.05,False,,,0.00012625577801372856,0.00018771860486589,False,True,False,True
2026-08-16 21:42:01,memory_ctta,hazelnut,monitor,C:/cira_batch_test/hazelnut/good_4.png,good_4.png,normal,False,0.08622802793979645,3.099441414633475e-07,0.11622385221571559,0.11622385221571559,0.11048602908849717,False,True,16000,True,,False,0.0,cpu,patch_nearest_normal,last2,14,0.05,True,C:\cira_ttl_checkpoints\hazelnut\patch_memory_bank_update_10.pt,C:\cira_ttl_checkpoints\hazelnut\patch_adapter_update_10.pt,0.00016901656636036932,0.00018771860486589,True,True,False,True
2026-08-16 21:42:03,memory_ctta,hazelnut,monitor,C:/cira_batch_test/hazelnut/bad_12.png,bad_12.png,anomaly,True,0.12617871165275574,0.12617871165275574,0.11622385221571559,0.11622385221571559,0.11048602908849717,False,False,16000,False,,False,0.0,cpu,patch_nearest_normal,last2,14,0.05,False,,,0.00014793495938647538,0.00018771860486589,False,True,False,True
2026-08-16 21:42:05,memory_ctta,hazelnut,monitor,C:/cira_batch_test/hazelnut/good_18.png,good_18.png,normal,False,0.09731189161539078,2.8610230629055877e-07,0.11622385221571559,0.11622385221571559,0.11048602908849717,False,True,16000,True,,False,0.0,cpu,patch_nearest_normal,last2,14,0.05,False,,,0.000147468046634458,0.00018771860486589,True,True,False,True
2026-08-16 21:42:06,memory_ctta,hazelnut,monitor,C:/cira_batch_test/hazelnut/bad_16.png,bad_16.png,anomaly,True,0.24440264701843262,0.24440264701843262,0.11622385221571559,0.11622385221571559,0.11048602908849717,False,False,16000,False,,False,0.0,cpu,patch_nearest_normal,last2,14,0.05,False,,,0.00012434524251148105,0.00018771860486589,False,True,False,True
2026-08-16 21:42:07,memory_ctta,hazelnut,monitor,C:/cira_batch_test/hazelnut/good_6.png,good_6.png,anomaly,True,0.12013258039951324,0.12013258039951324,0.11622385221571559,0.11622385221571559,0.11048602908849717,False,False,16000,False,,False,0.0,cpu,patch_nearest_normal,last2,14,0.05,False,,,0.0001259727869182825,0.00018771860486589,False,True,False,True
2026-08-16 21:42:09,memory_ctta,hazelnut,monitor,C:/cira_batch_test/hazelnut/good_13.png,good_13.png,normal,False,0.09948153793811798,3.2186508747145126e-07,0.11622385221571559,0.11622385221571559,0.11048602908849717,False,True,16000,True,,False,0.0,cpu,patch_nearest_normal,last2,14,0.05,False,,,0.00014294149877969176,0.00018771860486589,True,True,False,True
2026-08-16 21:42:11,memory_ctta,hazelnut,monitor,C:/cira_batch_test/hazelnut/good_15.png,good_15.png,normal,False,0.1028880700469017,2.74181360282455e-07,0.11622385221571559,0.11622385221571559,0.11048602908849717,False,True,16000,True,,False,0.0,cpu,patch_nearest_normal,last2,14,0.05,False,,,0.00015125387290026993,0.00018771860486589,True,True,False,True
2026-08-16 21:42:12,memory_ctta,hazelnut,monitor,C:/cira_batch_test/hazelnut/good_20.png,good_20.png,normal,False,0.09684384614229202,2.682209014892578e-07,0.11622385221571559,0.11622385221571559,0.11048602908849717,False,True,16000,True,,False,0.0,cpu,patch_nearest_normal,last2,14,0.05,False,,,0.00015629078552592546,0.00018771860486589,True,True,False,True
2026-08-16 21:42:14,memory_ctta,hazelnut,monitor,C:/cira_batch_test/hazelnut/bad_17.png,bad_17.png,anomaly,True,0.2168177366256714,0.2168177366256714,0.11622385221571559,0.11622385221571559,0.11048602908849717,False,False,16000,False,,False,0.0,cpu,patch_nearest_normal,last2,14,0.05,False,,,0.0001397057785652578,0.00018771860486589,False,True,False,True
2026-08-16 21:42:15,memory_ctta,hazelnut,monitor,C:/cira_batch_test/hazelnut/good_11.png,good_11.png,normal,False,0.08610072731971741,2.980232238769531e-07,0.11622385221571559,0.11622385221571559,0.11048602908849717,False,True,16000,True,,False,0.0,cpu,patch_nearest_normal,last2,14,0.05,False,,,0.00014393530727829784,0.00018771860486589,True,True,False,True
2026-08-16 21:42:17,memory_ctta,hazelnut,monitor,C:/cira_batch_test/hazelnut/bad_20.png,bad_20.png,anomaly,True,0.22784523665905,0.22784523665905,0.11622385221571559,0.11622385221571559,0.11048602908849717,False,False,16000,False,,False,0.0,cpu,patch_nearest_normal,last2,14,0.05,False,,,0.00013586920977104455,0.00018771860486589,False,True,False,True
2026-08-16 21:42:18,memory_ctta,hazelnut,monitor,C:/cira_batch_test/hazelnut/good_8.png,good_8.png,normal,False,0.10622765123844147,2.74181360282455e-07,0.11622385221571559,0.11622385221571559,0.11048602908849717,False,True,16000,True,,False,0.0,cpu,patch_nearest_normal,last2,14,0.05,False,,,0.00013809408119414002,0.00018771860486589,True,True,False,True
2026-08-16 21:42:20,memory_ctta,hazelnut,monitor,C:/cira_batch_test/hazelnut/bad_10.png,bad_10.png,anomaly,True,0.23888829350471497,0.23888829350471497,0.11622385221571559,0.11622385221571559,0.11048602908849717,False,False,16000,False,,False,0.0,cpu,patch_nearest_normal,last2,14,0.05,False,,,0.0001351625396637246,0.00018771860486589,False,True,False,True
2026-08-16 21:42:21,memory_ctta,hazelnut,monitor,C:/cira_batch_test/hazelnut/good_3.png,good_3.png,normal,False,0.10307580232620239,2.8014181907565217e-07,0.11622385221571559,0.11622385221571559,0.11048602908849717,False,True,16000,True,,False,0.0,cpu,patch_nearest_normal,last2,14,0.05,False,,,0.00013204851711634547,0.00018771860486589,True,True,False,True
2026-08-16 21:42:23,memory_ctta,hazelnut,monitor,C:/cira_batch_test/hazelnut/bad_11.png,bad_11.png,anomaly,True,0.20981350541114807,0.20981350541114807,0.11622385221571559,0.11622385221571559,0.11048602908849717,False,False,16000,False,,False,0.0,cpu,patch_nearest_normal,last2,14,0.05,False,,,0.00015638880722690374,0.00018771860486589,False,True,False,True
2026-08-16 21:42:24,memory_ctta,hazelnut,monitor,C:/cira_batch_test/hazelnut/bad_18.png,bad_18.png,anomaly,True,0.21900644898414612,0.21900644898414612,0.11622385221571559,0.11622385221571559,0.11048602908849717,False,False,16000,False,,False,0.0,cpu,patch_nearest_normal,last2,14,0.05,False,,,0.00015275839541573077,0.00018771860486589,False,True,False,True
2026-08-16 21:42:26,memory_ctta,hazelnut,monitor,C:/cira_batch_test/hazelnut/good_12.png,good_12.png,normal,False,0.09516440331935883,2.980232238769531e-07,0.11622385221571559,0.11622385221571559,0.11048602908849717,False,True,16000,True,,False,0.0,cpu,patch_nearest_normal,last2,14,0.05,False,,,0.0001538960204925388,0.00018771860486589,True,True,False,True
2026-08-16 21:42:28,memory_ctta,hazelnut,monitor,C:/cira_batch_test/hazelnut/good_17.png,good_17.png,normal,False,0.11056220531463623,0.11056220531463623,0.11622385221571559,0.11622385221571559,0.11048602908849717,False,False,16000,False,,False,0.0,cpu,patch_nearest_normal,last2,14,0.05,False,,,0.00016047879762481898,0.00018771860486589,False,True,False,True
2026-08-16 21:42:29,memory_ctta,hazelnut,monitor,C:/cira_batch_test/hazelnut/bad_5.png,bad_5.png,anomaly,True,0.16559097170829773,0.16559097170829773,0.11622385221571559,0.11622385221571559,0.11048602908849717,False,False,16000,False,,False,0.0,cpu,patch_nearest_normal,last2,14,0.05,False,,,0.00014708944945596159,0.00018771860486589,False,True,False,True
2026-08-16 21:42:31,memory_ctta,hazelnut,monitor,C:/cira_batch_test/hazelnut/bad_6.png,bad_6.png,anomaly,True,0.20613250136375427,0.20613250136375427,0.11622385221571559,0.11622385221571559,0.11048602908849717,False,False,16000,False,,False,0.0,cpu,patch_nearest_normal,last2,14,0.05,False,,,0.000141812939546071,0.00018771860486589,False,True,False,True
2026-08-16 21:42:32,memory_ctta,hazelnut,monitor,C:/cira_batch_test/hazelnut/bad_7.png,bad_7.png,anomaly,True,0.20240283012390137,0.20240283012390137,0.11622385221571559,0.11622385221571559,0.11048602908849717,False,False,16000,False,,False,0.0,cpu,patch_nearest_normal,last2,14,0.05,False,,,0.00013073650188744068,0.00018771860486589,False,True,False,True
2026-08-16 21:42:33,memory_ctta,hazelnut,monitor,C:/cira_batch_test/hazelnut/bad_9.png,bad_9.png,anomaly,True,0.1555115282535553,0.1555115282535553,0.11622385221571559,0.11622385221571559,0.11048602908849717,False,False,16000,False,,False,0.0,cpu,patch_nearest_normal,last2,14,0.05,False,,,0.00016325370233971626,0.00018771860486589,False,True,False,True
2026-08-16 21:42:35,memory_ctta,hazelnut,monitor,C:/cira_batch_test/hazelnut/bad_4.png,bad_4.png,anomaly,True,0.21136155724525452,0.21136155724525452,0.11622385221571559,0.11622385221571559,0.11048602908849717,False,False,16000,False,,False,0.0,cpu,patch_nearest_normal,last2,14,0.05,False,,,0.00014160232967697084,0.00018771860486589,False,True,False,True
2026-08-16 21:42:36,memory_ctta,hazelnut,monitor,C:/cira_batch_test/hazelnut/bad_2.png,bad_2.png,anomaly,True,0.19708414375782013,0.19708414375782013,0.11622385221571559,0.11622385221571559,0.11048602908849717,False,False,16000,False,,False,0.0,cpu,patch_nearest_normal,last2,14,0.05,False,,,0.00015849924238864332,0.00018771860486589,False,True,False,True
2026-08-16 21:42:38,memory_ctta,leather,monitor,C:/cira_batch_test/leather/good_1.png,good_1.png,anomaly,True,0.035275984555482864,0.035275984555482864,0.03417175290126485,0.03417175290126485,0.030724090337753297,False,False,16000,False,,False,0.0,cpu,patch_nearest_normal,last2,14,0.05,False,,,0.0001145266360254027,0.000215753776865275,False,True,False,True
2026-08-16 21:42:40,memory_ctta,leather,monitor,C:/cira_batch_test/leather/good_7.png,good_7.png,anomaly,True,0.036726582795381546,0.036726582795381546,0.03417175290126485,0.03417175290126485,0.030724090337753297,False,False,16000,False,,False,0.0,cpu,patch_nearest_normal,last2,14,0.05,False,,,0.00012097480794182047,0.000215753776865275,False,True,False,True
2026-08-16 21:42:41,memory_ctta,leather,monitor,C:/cira_batch_test/leather/good_9.png,good_9.png,anomaly,True,0.035586826503276825,0.035586826503276825,0.03417175290126485,0.03417175290126485,0.030724090337753297,False,False,16000,False,,False,0.0,cpu,patch_nearest_normal,last2,14,0.05,False,,,0.00013115745969116688,0.000215753776865275,False,True,False,True
2026-08-16 21:42:43,memory_ctta,leather,monitor,C:/cira_batch_test/leather/bad_8.png,bad_8.png,anomaly,True,0.04029615595936775,0.04029615595936775,0.03417175290126485,0.03417175290126485,0.030724090337753297,False,False,16000,False,,False,0.0,cpu,patch_nearest_normal,last2,14,0.05,False,,,0.00016521598445251584,0.000215753776865275,False,True,False,True
2026-08-16 21:42:44,memory_ctta,leather,monitor,C:/cira_batch_test/leather/bad_1.png,bad_1.png,anomaly,True,0.051475733518600464,0.051475733518600464,0.03417175290126485,0.03417175290126485,0.030724090337753297,False,False,16000,False,,False,0.0,cpu,patch_nearest_normal,last2,14,0.05,False,,,0.0001431242999387905,0.000215753776865275,False,True,False,True
2026-08-16 21:42:46,memory_ctta,leather,monitor,C:/cira_batch_test/leather/bad_14.png,bad_14.png,anomaly,True,0.3577588200569153,0.3577588200569153,0.03417175290126485,0.03417175290126485,0.030724090337753297,False,False,16000,False,,False,0.0,cpu,patch_nearest_normal,last2,14,0.05,False,,,0.00010327894415240735,0.000215753776865275,False,True,False,True
2026-08-16 21:42:47,memory_ctta,leather,monitor,C:/cira_batch_test/leather/bad_15.png,bad_15.png,anomaly,True,0.13468047976493835,0.13468047976493835,0.03417175290126485,0.03417175290126485,0.030724090337753297,False,False,16000,False,,False,0.0,cpu,patch_nearest_normal,last2,14,0.05,False,,,0.0001348685473203659,0.000215753776865275,False,True,False,True
2026-08-16 21:42:49,memory_ctta,leather,monitor,C:/cira_batch_test/leather/good_19.png,good_19.png,normal,False,0.03140809014439583,0.03140809014439583,0.03417175290126485,0.03417175290126485,0.030724090337753297,False,False,16000,False,,False,0.0,cpu,patch_nearest_normal,last2,14,0.05,False,,,0.00013420855975709856,0.000215753776865275,False,True,False,True
2026-08-16 21:42:50,memory_ctta,leather,monitor,C:/cira_batch_test/leather/bad_3.png,bad_3.png,anomaly,True,0.375313937664032,0.375313937664032,0.03417175290126485,0.03417175290126485,0.030724090337753297,False,False,16000,False,,False,0.0,cpu,patch_nearest_normal,last2,14,0.05,False,,,0.00017038134683389217,0.000215753776865275,False,True,False,True
2026-08-16 21:42:52,memory_ctta,leather,monitor,C:/cira_batch_test/leather/good_5.png,good_5.png,anomaly,True,0.03432568162679672,0.03432568162679672,0.03417175290126485,0.03417175290126485,0.030724090337753297,False,False,16000,False,,False,0.0,cpu,patch_nearest_normal,last2,14,0.05,False,,,0.00011428105062805116,0.000215753776865275,False,True,False,True
2026-08-16 21:42:53,memory_ctta,leather,monitor,C:/cira_batch_test/leather/good_16.png,good_16.png,anomaly,True,0.03431837633252144,0.03431837633252144,0.03417175290126485,0.03417175290126485,0.030724090337753297,False,False,16000,False,,False,0.0,cpu,patch_nearest_normal,last2,14,0.05,False,,,0.00015470373909920454,0.000215753776865275,False,True,False,True
2026-08-16 21:42:55,memory_ctta,leather,monitor,C:/cira_batch_test/leather/good_14.png,good_14.png,anomaly,True,0.04789183288812637,0.04789183288812637,0.03417175290126485,0.03417175290126485,0.030724090337753297,False,False,16000,False,,False,0.0,cpu,patch_nearest_normal,last2,14,0.05,False,,,0.00011989408085355535,0.000215753776865275,False,True,False,True
2026-08-16 21:42:56,memory_ctta,leather,monitor,C:/cira_batch_test/leather/good_2.png,good_2.png,anomaly,True,0.03596530482172966,0.03596530482172966,0.03417175290126485,0.03417175290126485,0.030724090337753297,False,False,16000,False,,False,0.0,cpu,patch_nearest_normal,last2,14,0.05,False,,,0.00010930716234724969,0.000215753776865275,False,True,False,True
2026-08-16 21:42:58,memory_ctta,leather,monitor,C:/cira_batch_test/leather/bad_13.png,bad_13.png,anomaly,True,0.0342017225921154,0.0342017225921154,0.03417175290126485,0.03417175290126485,0.030724090337753297,False,False,16000,False,,False,0.0,cpu,patch_nearest_normal,last2,14,0.05,False,,,0.00013036796008236706,0.000215753776865275,False,True,False,True
2026-08-16 21:42:59,memory_ctta,leather,monitor,C:/cira_batch_test/leather/good_10.png,good_10.png,anomaly,True,0.034913837909698486,0.034913837909698486,0.03417175290126485,0.03417175290126485,0.030724090337753297,False,False,16000,False,,False,0.0,cpu,patch_nearest_normal,last2,14,0.05,False,,,0.00012328023149166256,0.000215753776865275,False,True,False,True
2026-08-16 21:43:01,memory_ctta,leather,monitor,C:/cira_batch_test/leather/bad_19.png,bad_19.png,normal,False,0.03212640434503555,0.03212640434503555,0.03417175290126485,0.03417175290126485,0.030724090337753297,False,False,16000,False,,False,0.0,cpu,patch_nearest_normal,last2,14,0.05,False,,,0.0001765403285389766,0.000215753776865275,False,True,False,True
2026-08-16 21:43:02,memory_ctta,leather,monitor,C:/cira_batch_test/leather/good_4.png,good_4.png,anomaly,True,0.037792980670928955,0.037792980670928955,0.03417175290126485,0.03417175290126485,0.030724090337753297,False,False,16000,False,,False,0.0,cpu,patch_nearest_normal,last2,14,0.05,False,,,0.0001123820329667069,0.000215753776865275,False,True,False,True
2026-08-16 21:43:04,memory_ctta,leather,monitor,C:/cira_batch_test/leather/bad_12.png,bad_12.png,anomaly,True,0.37309738993644714,0.37309738993644714,0.03417175290126485,0.03417175290126485,0.030724090337753297,False,False,16000,False,,False,0.0,cpu,patch_nearest_normal,last2,14,0.05,False,,,0.00012228378909640014,0.000215753776865275,False,True,False,True
2026-08-16 21:43:05,memory_ctta,leather,monitor,C:/cira_batch_test/leather/good_18.png,good_18.png,normal,False,0.03228149563074112,0.03228149563074112,0.03417175290126485,0.03417175290126485,0.030724090337753297,False,False,16000,False,,False,0.0,cpu,patch_nearest_normal,last2,14,0.05,False,,,0.00012057342974003404,0.000215753776865275,False,True,False,True
2026-08-16 21:43:07,memory_ctta,leather,monitor,C:/cira_batch_test/leather/bad_16.png,bad_16.png,anomaly,True,0.041029274463653564,0.041029274463653564,0.03417175290126485,0.03417175290126485,0.030724090337753297,False,False,16000,False,,False,0.0,cpu,patch_nearest_normal,last2,14,0.05,False,,,0.00012273882748559117,0.000215753776865275,False,True,False,True
2026-08-16 21:43:08,memory_ctta,leather,monitor,C:/cira_batch_test/leather/good_6.png,good_6.png,anomaly,True,0.03634696081280708,0.03634696081280708,0.03417175290126485,0.03417175290126485,0.030724090337753297,False,False,16000,False,,False,0.0,cpu,patch_nearest_normal,last2,14,0.05,False,,,0.00013089606363791972,0.000215753776865275,False,True,False,True
2026-08-16 21:43:10,memory_ctta,leather,monitor,C:/cira_batch_test/leather/good_13.png,good_13.png,anomaly,True,0.04109293967485428,0.04109293967485428,0.03417175290126485,0.03417175290126485,0.030724090337753297,False,False,16000,False,,False,0.0,cpu,patch_nearest_normal,last2,14,0.05,False,,,0.00012185641389805824,0.000215753776865275,False,True,False,True
2026-08-16 21:43:11,memory_ctta,leather,monitor,C:/cira_batch_test/leather/good_15.png,good_15.png,normal,False,0.027622688561677933,3.039836826701503e-07,0.03417175290126485,0.03417175290126485,0.030724090337753297,False,True,16000,True,,False,0.0,cpu,patch_nearest_normal,last2,14,0.05,False,,,0.0001641831040615216,0.000215753776865275,True,True,False,True
2026-08-16 21:43:13,memory_ctta,leather,monitor,C:/cira_batch_test/leather/good_20.png,good_20.png,anomaly,True,0.03718962147831917,0.03718962147831917,0.03417175290126485,0.03417175290126485,0.030724090337753297,False,False,16000,False,,False,0.0,cpu,patch_nearest_normal,last2,14,0.05,False,,,0.00013204882270656526,0.000215753776865275,False,True,False,True
2026-08-16 21:43:14,memory_ctta,leather,monitor,C:/cira_batch_test/leather/bad_17.png,bad_17.png,anomaly,True,0.24229192733764648,0.24229192733764648,0.03417175290126485,0.03417175290126485,0.030724090337753297,False,False,16000,False,,False,0.0,cpu,patch_nearest_normal,last2,14,0.05,False,,,0.00018231893773190677,0.000215753776865275,False,True,False,True
2026-08-16 21:43:16,memory_ctta,leather,monitor,C:/cira_batch_test/leather/good_11.png,good_11.png,anomaly,True,0.039106585085392,0.039106585085392,0.03417175290126485,0.03417175290126485,0.030724090337753297,False,False,16000,False,,False,0.0,cpu,patch_nearest_normal,last2,14,0.05,False,,,0.00010909183765761554,0.000215753776865275,False,True,False,True
2026-08-16 21:43:17,memory_ctta,leather,monitor,C:/cira_batch_test/leather/bad_20.png,bad_20.png,anomaly,True,0.10021108388900757,0.10021108388900757,0.03417175290126485,0.03417175290126485,0.030724090337753297,False,False,16000,False,,False,0.0,cpu,patch_nearest_normal,last2,14,0.05,False,,,0.00017076500807888806,0.000215753776865275,False,True,False,True
2026-08-16 21:43:19,memory_ctta,leather,monitor,C:/cira_batch_test/leather/good_8.png,good_8.png,anomaly,True,0.03521054983139038,0.03521054983139038,0.03417175290126485,0.03417175290126485,0.030724090337753297,False,False,16000,False,,False,0.0,cpu,patch_nearest_normal,last2,14,0.05,False,,,0.00011503317364258692,0.000215753776865275,False,True,False,True
2026-08-16 21:43:20,memory_ctta,leather,monitor,C:/cira_batch_test/leather/bad_10.png,bad_10.png,anomaly,True,0.08102476596832275,0.08102476596832275,0.03417175290126485,0.03417175290126485,0.030724090337753297,False,False,16000,False,,False,0.0,cpu,patch_nearest_normal,last2,14,0.05,False,,,0.00013043094077147543,0.000215753776865275,False,True,False,True
2026-08-16 21:43:22,memory_ctta,leather,monitor,C:/cira_batch_test/leather/good_3.png,good_3.png,anomaly,True,0.03519206494092941,0.03519206494092941,0.03417175290126485,0.03417175290126485,0.030724090337753297,False,False,16000,False,,False,0.0,cpu,patch_nearest_normal,last2,14,0.05,False,,,0.0001293861132580787,0.000215753776865275,False,True,False,True
2026-08-16 21:43:23,memory_ctta,leather,monitor,C:/cira_batch_test/leather/bad_11.png,bad_11.png,anomaly,True,0.3876013159751892,0.3876013159751892,0.03417175290126485,0.03417175290126485,0.030724090337753297,False,False,16000,False,,False,0.0,cpu,patch_nearest_normal,last2,14,0.05,False,,,0.0001675242674537003,0.000215753776865275,False,True,False,True
2026-08-16 21:43:25,memory_ctta,leather,monitor,C:/cira_batch_test/leather/bad_18.png,bad_18.png,anomaly,True,0.03567584231495857,0.03567584231495857,0.03417175290126485,0.03417175290126485,0.030724090337753297,False,False,16000,False,,False,0.0,cpu,patch_nearest_normal,last2,14,0.05,False,,,0.00011683985212584957,0.000215753776865275,False,True,False,True
2026-08-16 21:43:26,memory_ctta,leather,monitor,C:/cira_batch_test/leather/good_12.png,good_12.png,anomaly,True,0.04197729751467705,0.04197729751467705,0.03417175290126485,0.03417175290126485,0.030724090337753297,False,False,16000,False,,False,0.0,cpu,patch_nearest_normal,last2,14,0.05,False,,,0.00010892344289459288,0.000215753776865275,False,True,False,True
2026-08-16 21:43:28,memory_ctta,leather,monitor,C:/cira_batch_test/leather/good_17.png,good_17.png,normal,False,0.029498005285859108,2.5629998390286346e-07,0.03417175290126485,0.03417175290126485,0.030724090337753297,False,True,16000,True,,False,0.0,cpu,patch_nearest_normal,last2,14,0.05,False,,,0.00014461050159297884,0.000215753776865275,True,True,False,True
2026-08-16 21:43:29,memory_ctta,leather,monitor,C:/cira_batch_test/leather/bad_5.png,bad_5.png,anomaly,True,0.043464355170726776,0.043464355170726776,0.03417175290126485,0.03417175290126485,0.030724090337753297,False,False,16000,False,,False,0.0,cpu,patch_nearest_normal,last2,14,0.05,False,,,0.00012910037185065448,0.000215753776865275,False,True,False,True
2026-08-16 21:43:31,memory_ctta,leather,monitor,C:/cira_batch_test/leather/bad_6.png,bad_6.png,anomaly,True,0.036051876842975616,0.036051876842975616,0.03417175290126485,0.03417175290126485,0.030724090337753297,False,False,16000,False,,False,0.0,cpu,patch_nearest_normal,last2,14,0.05,False,,,0.00012257044727448374,0.000215753776865275,False,True,False,True
2026-08-16 21:43:32,memory_ctta,leather,monitor,C:/cira_batch_test/leather/bad_7.png,bad_7.png,anomaly,True,0.18797904253005981,0.18797904253005981,0.03417175290126485,0.03417175290126485,0.030724090337753297,False,False,16000,False,,False,0.0,cpu,patch_nearest_normal,last2,14,0.05,False,,,0.00013858643069397658,0.000215753776865275,False,True,False,True
2026-08-16 21:43:34,memory_ctta,leather,monitor,C:/cira_batch_test/leather/bad_9.png,bad_9.png,anomaly,True,0.03433414548635483,0.03433414548635483,0.03417175290126485,0.03417175290126485,0.030724090337753297,False,False,16000,False,,False,0.0,cpu,patch_nearest_normal,last2,14,0.05,False,,,0.00011965132580371574,0.000215753776865275,False,True,False,True
2026-08-16 21:43:35,memory_ctta,leather,monitor,C:/cira_batch_test/leather/bad_4.png,bad_4.png,anomaly,True,0.07353899627923965,0.07353899627923965,0.03417175290126485,0.03417175290126485,0.030724090337753297,False,False,16000,False,,False,0.0,cpu,patch_nearest_normal,last2,14,0.05,False,,,0.0001517067721579224,0.000215753776865275,False,True,False,True
2026-08-16 21:43:37,memory_ctta,leather,monitor,C:/cira_batch_test/leather/bad_2.png,bad_2.png,anomaly,True,0.2676451504230499,0.2676451504230499,0.03417175290126485,0.03417175290126485,0.030724090337753297,False,False,16000,False,,False,0.0,cpu,patch_nearest_normal,last2,14,0.05,False,,,9.983716154238209e-05,0.000215753776865275,False,True,False,True
2026-08-16 21:43:39,memory_ctta,metal_nut,monitor,C:/cira_batch_test/metal_nut/good_1.png,good_1.png,normal,False,0.05869795009493828,2.6226044269606064e-07,0.07371339670893942,0.07371339670893942,0.06968219578266144,False,True,16000,True,,False,0.0,cpu,patch_nearest_normal,last2,14,0.05,False,,,8.96210185601376e-05,0.00010222778946618,True,True,False,True
2026-08-16 21:43:40,memory_ctta,metal_nut,monitor,C:/cira_batch_test/metal_nut/good_7.png,good_7.png,normal,False,0.06684857606887817,0.06684857606887817,0.07371339670893942,0.07371339670893942,0.06968219578266144,False,False,16000,False,,False,0.0,cpu,patch_nearest_normal,last2,14,0.05,False,,,0.00010482263314770535,0.00010222778946618,True,False,False,True
2026-08-16 21:43:42,memory_ctta,metal_nut,monitor,C:/cira_batch_test/metal_nut/good_9.png,good_9.png,anomaly,True,0.08020655810832977,0.08020655810832977,0.07371339670893942,0.07371339670893942,0.06968219578266144,False,False,16000,False,,False,0.0,cpu,patch_nearest_normal,last2,14,0.05,False,,,9.713316103443503e-05,0.00010222778946618,False,True,False,True
2026-08-16 21:43:43,memory_ctta,metal_nut,monitor,C:/cira_batch_test/metal_nut/bad_8.png,bad_8.png,anomaly,True,0.16784414649009705,0.16784414649009705,0.07371339670893942,0.07371339670893942,0.06968219578266144,False,False,16000,False,,False,0.0,cpu,patch_nearest_normal,last2,14,0.05,False,,,0.00012125506327720359,0.00010222778946618,False,False,False,True
2026-08-16 21:43:44,memory_ctta,metal_nut,monitor,C:/cira_batch_test/metal_nut/bad_1.png,bad_1.png,anomaly,True,0.120308056473732,0.120308056473732,0.07371339670893942,0.07371339670893942,0.06968219578266144,False,False,16000,False,,False,0.0,cpu,patch_nearest_normal,last2,14,0.05,False,,,0.00010779721196740866,0.00010222778946618,False,False,False,True
2026-08-16 21:43:46,memory_ctta,metal_nut,monitor,C:/cira_batch_test/metal_nut/bad_14.png,bad_14.png,anomaly,True,0.1635027825832367,0.1635027825832367,0.07371339670893942,0.07371339670893942,0.06968219578266144,False,False,16000,False,,False,0.0,cpu,patch_nearest_normal,last2,14,0.05,False,,,0.00010060332715511322,0.00010222778946618,False,True,False,True
2026-08-16 21:43:47,memory_ctta,metal_nut,monitor,C:/cira_batch_test/metal_nut/bad_15.png,bad_15.png,anomaly,True,0.16558368504047394,0.16558368504047394,0.07371339670893942,0.07371339670893942,0.06968219578266144,False,False,16000,False,,False,0.0,cpu,patch_nearest_normal,last2,14,0.05,False,,,0.00012642524961847812,0.00010222778946618,False,False,False,True
2026-08-16 21:43:49,memory_ctta,metal_nut,monitor,C:/cira_batch_test/metal_nut/good_19.png,good_19.png,normal,False,0.05218540504574776,0.05218540504574776,0.07371339670893942,0.07371339670893942,0.06968219578266144,False,False,16000,False,,False,0.0,cpu,patch_nearest_normal,last2,14,0.05,False,,,0.0001089040088118054,0.00010222778946618,True,False,False,True
2026-08-16 21:43:50,memory_ctta,metal_nut,monitor,C:/cira_batch_test/metal_nut/bad_3.png,bad_3.png,anomaly,True,0.14994709193706512,0.14994709193706512,0.07371339670893942,0.07371339670893942,0.06968219578266144,False,False,16000,False,,False,0.0,cpu,patch_nearest_normal,last2,14,0.05,False,,,0.00010335286060580984,0.00010222778946618,False,False,False,True
2026-08-16 21:43:52,memory_ctta,metal_nut,monitor,C:/cira_batch_test/metal_nut/good_5.png,good_5.png,normal,False,0.06078484654426575,2.682209014892578e-07,0.07371339670893942,0.07371339670893942,0.06968219578266144,False,True,16000,True,,False,0.0,cpu,patch_nearest_normal,last2,14,0.05,False,,,9.652737207943574e-05,0.00010222778946618,True,True,False,True
2026-08-16 21:43:53,memory_ctta,metal_nut,monitor,C:/cira_batch_test/metal_nut/good_16.png,good_16.png,normal,False,0.06987771391868591,0.06987771391868591,0.07371339670893942,0.07371339670893942,0.06968219578266144,False,False,16000,False,,False,0.0,cpu,patch_nearest_normal,last2,14,0.05,False,,,8.748861728236079e-05,0.00010222778946618,False,True,False,True
2026-08-16 21:43:54,memory_ctta,metal_nut,monitor,C:/cira_batch_test/metal_nut/good_14.png,good_14.png,normal,False,0.0709434300661087,0.0709434300661087,0.07371339670893942,0.07371339670893942,0.06968219578266144,False,False,16000,False,,False,0.0,cpu,patch_nearest_normal,last2,14,0.05,False,,,9.0673471277114e-05,0.00010222778946618,False,True,False,True
2026-08-16 21:43:56,memory_ctta,metal_nut,monitor,C:/cira_batch_test/metal_nut/good_2.png,good_2.png,normal,False,0.06030626222491264,2.980232238769531e-07,0.07371339670893942,0.07371339670893942,0.06968219578266144,False,True,16000,True,,False,0.0,cpu,patch_nearest_normal,last2,14,0.05,False,,,9.738165681483224e-05,0.00010222778946618,True,True,False,True
2026-08-16 21:43:57,memory_ctta,metal_nut,monitor,C:/cira_batch_test/metal_nut/bad_13.png,bad_13.png,anomaly,True,0.18518781661987305,0.18518781661987305,0.07371339670893942,0.07371339670893942,0.06968219578266144,False,False,16000,False,,False,0.0,cpu,patch_nearest_normal,last2,14,0.05,False,,,0.00010486266546649858,0.00010222778946618,False,False,False,True
2026-08-16 21:43:59,memory_ctta,metal_nut,monitor,C:/cira_batch_test/metal_nut/good_10.png,good_10.png,anomaly,True,0.07385794818401337,0.07385794818401337,0.07371339670893942,0.07371339670893942,0.06968219578266144,False,False,16000,False,,False,0.0,cpu,patch_nearest_normal,last2,14,0.05,False,,,8.764059020904824e-05,0.00010222778946618,False,True,False,True
2026-08-16 21:44:00,memory_ctta,metal_nut,monitor,C:/cira_batch_test/metal_nut/bad_19.png,bad_19.png,anomaly,True,0.15860620141029358,0.15860620141029358,0.07371339670893942,0.07371339670893942,0.06968219578266144,False,False,16000,False,,False,0.0,cpu,patch_nearest_normal,last2,14,0.05,False,,,0.00012662522203754634,0.00010222778946618,False,False,False,True
2026-08-16 21:44:02,memory_ctta,metal_nut,monitor,C:/cira_batch_test/metal_nut/good_4.png,good_4.png,normal,False,0.06178082153201103,2.6226044269606064e-07,0.07371339670893942,0.07371339670893942,0.06968219578266144,False,True,16000,True,,False,0.0,cpu,patch_nearest_normal,last2,14,0.05,False,,,9.727736323839054e-05,0.00010222778946618,True,True,False,True
2026-08-16 21:44:03,memory_ctta,metal_nut,monitor,C:/cira_batch_test/metal_nut/bad_12.png,bad_12.png,anomaly,True,0.11867678165435791,0.11867678165435791,0.07371339670893942,0.07371339670893942,0.06968219578266144,False,False,16000,False,,False,0.0,cpu,patch_nearest_normal,last2,14,0.05,False,,,9.594758739694953e-05,0.00010222778946618,False,True,False,True
2026-08-16 21:44:04,memory_ctta,metal_nut,monitor,C:/cira_batch_test/metal_nut/good_18.png,good_18.png,normal,False,0.061139583587646484,0.061139583587646484,0.07371339670893942,0.07371339670893942,0.06968219578266144,False,False,16000,False,,False,0.0,cpu,patch_nearest_normal,last2,14,0.05,False,,,0.00010618660598993301,0.00010222778946618,True,False,False,True
2026-08-16 21:44:06,memory_ctta,metal_nut,monitor,C:/cira_batch_test/metal_nut/bad_16.png,bad_16.png,anomaly,True,0.18552342057228088,0.18552342057228088,0.07371339670893942,0.07371339670893942,0.06968219578266144,False,False,16000,False,,False,0.0,cpu,patch_nearest_normal,last2,14,0.05,False,,,0.00011090145562775433,0.00010222778946618,False,False,False,True
2026-08-16 21:44:07,memory_ctta,metal_nut,monitor,C:/cira_batch_test/metal_nut/good_6.png,good_6.png,normal,False,0.0666198804974556,2.8014181907565217e-07,0.07371339670893942,0.07371339670893942,0.06968219578266144,False,True,16000,True,,False,0.0,cpu,patch_nearest_normal,last2,14,0.05,False,,,0.00010109263530466706,0.00010222778946618,True,True,False,True
2026-08-16 21:44:09,memory_ctta,metal_nut,monitor,C:/cira_batch_test/metal_nut/good_13.png,good_13.png,normal,False,0.06878014653921127,2.443790378947597e-07,0.07371339670893942,0.07371339670893942,0.06968219578266144,False,True,16000,True,,False,0.0,cpu,patch_nearest_normal,last2,14,0.05,False,,,8.49159769131802e-05,0.00010222778946618,True,True,False,True
2026-08-16 21:44:10,memory_ctta,metal_nut,monitor,C:/cira_batch_test/metal_nut/good_15.png,good_15.png,normal,False,0.06028614565730095,2.980232238769531e-07,0.07371339670893942,0.07371339670893942,0.06968219578266144,False,True,16000,True,,False,0.0,cpu,patch_nearest_normal,last2,14,0.05,False,,,9.955904533853754e-05,0.00010222778946618,True,True,False,True
2026-08-16 21:44:12,memory_ctta,metal_nut,monitor,C:/cira_batch_test/metal_nut/good_20.png,good_20.png,normal,False,0.05548013001680374,2.8014181907565217e-07,0.07371339670893942,0.07371339670893942,0.06968219578266144,False,True,16000,True,,False,0.0,cpu,patch_nearest_normal,last2,14,0.05,False,,,0.00010096352343680337,0.00010222778946618,True,True,False,True
2026-08-16 21:44:13,memory_ctta,metal_nut,monitor,C:/cira_batch_test/metal_nut/bad_17.png,bad_17.png,anomaly,True,0.14952197670936584,0.14952197670936584,0.07371339670893942,0.07371339670893942,0.06968219578266144,False,False,16000,False,,False,0.0,cpu,patch_nearest_normal,last2,14,0.05,False,,,0.00010851523256860673,0.00010222778946618,False,False,False,True
2026-08-16 21:44:15,memory_ctta,metal_nut,monitor,C:/cira_batch_test/metal_nut/good_11.png,good_11.png,anomaly,True,0.07607345283031464,0.07607345283031464,0.07371339670893942,0.07371339670893942,0.06968219578266144,False,False,16000,False,,False,0.0,cpu,patch_nearest_normal,last2,14,0.05,False,,,8.909712050808594e-05,0.00010222778946618,False,True,False,True
2026-08-16 21:44:16,memory_ctta,metal_nut,monitor,C:/cira_batch_test/metal_nut/bad_20.png,bad_20.png,anomaly,True,0.16347762942314148,0.16347762942314148,0.07371339670893942,0.07371339670893942,0.06968219578266144,False,False,16000,False,,False,0.0,cpu,patch_nearest_normal,last2,14,0.05,False,,,0.00010716537508415058,0.00010222778946618,False,False,False,True
2026-08-16 21:44:17,memory_ctta,metal_nut,monitor,C:/cira_batch_test/metal_nut/good_8.png,good_8.png,anomaly,True,0.07728211581707001,0.07728211581707001,0.07371339670893942,0.07371339670893942,0.06968219578266144,False,False,16000,False,,False,0.0,cpu,patch_nearest_normal,last2,14,0.05,False,,,9.368788596475497e-05,0.00010222778946618,False,True,False,True
2026-08-16 21:44:19,memory_ctta,metal_nut,monitor,C:/cira_batch_test/metal_nut/bad_10.png,bad_10.png,anomaly,True,0.11324379593133926,0.11324379593133926,0.07371339670893942,0.07371339670893942,0.06968219578266144,False,False,16000,False,,False,0.0,cpu,patch_nearest_normal,last2,14,0.05,False,,,0.00010454365110490471,0.00010222778946618,False,False,False,True
2026-08-16 21:44:20,memory_ctta,metal_nut,monitor,C:/cira_batch_test/metal_nut/good_3.png,good_3.png,normal,False,0.06221208721399307,2.682209014892578e-07,0.07371339670893942,0.07371339670893942,0.06968219578266144,False,True,16000,True,,False,0.0,cpu,patch_nearest_normal,last2,14,0.05,False,,,9.838938422035426e-05,0.00010222778946618,True,True,False,True
2026-08-16 21:44:22,memory_ctta,metal_nut,monitor,C:/cira_batch_test/metal_nut/bad_11.png,bad_11.png,anomaly,True,0.16309210658073425,0.16309210658073425,0.07371339670893942,0.07371339670893942,0.06968219578266144,False,False,16000,False,,False,0.0,cpu,patch_nearest_normal,last2,14,0.05,False,,,0.00012770375178661197,0.00010222778946618,False,False,False,True
2026-08-16 21:44:23,memory_ctta,metal_nut,monitor,C:/cira_batch_test/metal_nut/bad_18.png,bad_18.png,anomaly,True,0.12598565220832825,0.12598565220832825,0.07371339670893942,0.07371339670893942,0.06968219578266144,False,False,16000,False,,False,0.0,cpu,patch_nearest_normal,last2,14,0.05,False,,,0.00010102975647896528,0.00010222778946618,False,True,False,True
2026-08-16 21:44:25,memory_ctta,metal_nut,monitor,C:/cira_batch_test/metal_nut/good_12.png,good_12.png,normal,False,0.056542713195085526,2.9206276508375595e-07,0.07371339670893942,0.07371339670893942,0.06968219578266144,False,True,16000,True,,False,0.0,cpu,patch_nearest_normal,last2,14,0.05,True,C:\cira_ttl_checkpoints\metal_nut\patch_memory_bank_update_10.pt,C:\cira_ttl_checkpoints\metal_nut\patch_adapter_update_10.pt,9.098571899812669e-05,0.00010222778946618,True,True,False,True
2026-08-16 21:44:26,memory_ctta,metal_nut,monitor,C:/cira_batch_test/metal_nut/good_17.png,good_17.png,anomaly,True,0.08266358077526093,0.08266358077526093,0.07371339670893942,0.07371339670893942,0.06968219578266144,False,False,16000,False,,False,0.0,cpu,patch_nearest_normal,last2,14,0.05,False,,,0.00010030323028331622,0.00010222778946618,False,True,False,True
2026-08-16 21:44:28,memory_ctta,metal_nut,monitor,C:/cira_batch_test/metal_nut/bad_5.png,bad_5.png,anomaly,True,0.1522161066532135,0.1522161066532135,0.07371339670893942,0.07371339670893942,0.06968219578266144,False,False,16000,False,,False,0.0,cpu,patch_nearest_normal,last2,14,0.05,False,,,0.00011241988249821588,0.00010222778946618,False,False,False,True
2026-08-16 21:44:29,memory_ctta,metal_nut,monitor,C:/cira_batch_test/metal_nut/bad_6.png,bad_6.png,anomaly,True,0.15864525735378265,0.15864525735378265,0.07371339670893942,0.07371339670893942,0.06968219578266144,False,False,16000,False,,False,0.0,cpu,patch_nearest_normal,last2,14,0.05,False,,,0.0001362070324830711,0.00010222778946618,False,False,False,True
2026-08-16 21:44:30,memory_ctta,metal_nut,monitor,C:/cira_batch_test/metal_nut/bad_7.png,bad_7.png,anomaly,True,0.14415176212787628,0.14415176212787628,0.07371339670893942,0.07371339670893942,0.06968219578266144,False,False,16000,False,,False,0.0,cpu,patch_nearest_normal,last2,14,0.05,False,,,0.00010759665019577369,0.00010222778946618,False,False,False,True
2026-08-16 21:44:32,memory_ctta,metal_nut,monitor,C:/cira_batch_test/metal_nut/bad_9.png,bad_9.png,anomaly,True,0.16085121035575867,0.16085121035575867,0.07371339670893942,0.07371339670893942,0.06968219578266144,False,False,16000,False,,False,0.0,cpu,patch_nearest_normal,last2,14,0.05,False,,,0.00010998593643307686,0.00010222778946618,False,False,False,True
2026-08-16 21:44:33,memory_ctta,metal_nut,monitor,C:/cira_batch_test/metal_nut/bad_4.png,bad_4.png,anomaly,True,0.1967162787914276,0.1967162787914276,0.07371339670893942,0.07371339670893942,0.06968219578266144,False,False,16000,False,,False,0.0,cpu,patch_nearest_normal,last2,14,0.05,False,,,0.00011675167479552329,0.00010222778946618,False,False,False,True
2026-08-16 21:44:35,memory_ctta,metal_nut,monitor,C:/cira_batch_test/metal_nut/bad_2.png,bad_2.png,anomaly,True,0.07563874870538712,0.07563874870538712,0.07371339670893942,0.07371339670893942,0.06968219578266144,False,False,16000,False,,False,0.0,cpu,patch_nearest_normal,last2,14,0.05,False,,,0.00010871610720641911,0.00010222778946618,False,False,False,True
2026-08-16 21:44:36,memory_ctta,pill,monitor,C:/cira_batch_test/pill/good_1.png,good_1.png,normal,False,0.04695393890142441,0.04695393890142441,0.05881828558520522,0.05881828558520522,0.05084799118340016,False,False,16000,False,,False,0.0,cpu,patch_nearest_normal,last2,14,0.05,False,,,0.00015811996127013117,0.00015804108188598499,True,False,False,True
2026-08-16 21:44:38,memory_ctta,pill,monitor,C:/cira_batch_test/pill/good_7.png,good_7.png,normal,False,0.04541800171136856,2.74181360282455e-07,0.05881828558520522,0.05881828558520522,0.05084799118340016,False,True,16000,True,,False,0.0,cpu,patch_nearest_normal,last2,14,0.05,False,,,0.00015255267499014735,0.00015804108188598499,True,True,False,True
2026-08-16 21:44:39,memory_ctta,pill,monitor,C:/cira_batch_test/pill/good_9.png,good_9.png,normal,False,0.0481899157166481,2.384185791015625e-07,0.05881828558520522,0.05881828558520522,0.05084799118340016,False,True,16000,True,,False,0.0,cpu,patch_nearest_normal,last2,14,0.05,False,,,0.00013886753004044294,0.00015804108188598499,True,True,False,True
2026-08-16 21:44:41,memory_ctta,pill,monitor,C:/cira_batch_test/pill/bad_8.png,bad_8.png,anomaly,True,0.1174510270357132,0.1174510270357132,0.05881828558520522,0.05881828558520522,0.05084799118340016,False,False,16000,False,,False,0.0,cpu,patch_nearest_normal,last2,14,0.05,False,,,0.00015210862329695374,0.00015804108188598499,False,True,False,True
2026-08-16 21:44:42,memory_ctta,pill,monitor,C:/cira_batch_test/pill/bad_1.png,bad_1.png,anomaly,True,0.08221174031496048,0.08221174031496048,0.05881828558520522,0.05881828558520522,0.05084799118340016,False,False,16000,False,,False,0.0,cpu,patch_nearest_normal,last2,14,0.05,False,,,0.00015586231893394142,0.00015804108188598499,False,True,False,True
2026-08-16 21:44:43,memory_ctta,pill,monitor,C:/cira_batch_test/pill/bad_14.png,bad_14.png,anomaly,True,0.07052832096815109,0.07052832096815109,0.05881828558520522,0.05881828558520522,0.05084799118340016,False,False,16000,False,,False,0.0,cpu,patch_nearest_normal,last2,14,0.05,False,,,0.00015769964375067502,0.00015804108188598499,False,True,False,True
2026-08-16 21:44:45,memory_ctta,pill,monitor,C:/cira_batch_test/pill/bad_15.png,bad_15.png,anomaly,True,0.07377655804157257,0.07377655804157257,0.05881828558520522,0.05881828558520522,0.05084799118340016,False,False,16000,False,,False,0.0,cpu,patch_nearest_normal,last2,14,0.05,False,,,0.00013580515224020928,0.00015804108188598499,False,True,False,True
2026-08-16 21:44:46,memory_ctta,pill,monitor,C:/cira_batch_test/pill/good_19.png,good_19.png,normal,False,0.05778808519244194,0.05778808519244194,0.05881828558520522,0.05881828558520522,0.05084799118340016,False,False,16000,False,,False,0.0,cpu,patch_nearest_normal,last2,14,0.05,False,,,0.0001524243562016636,0.00015804108188598499,False,True,False,True
2026-08-16 21:44:48,memory_ctta,pill,monitor,C:/cira_batch_test/pill/bad_3.png,bad_3.png,anomaly,True,0.06867058575153351,0.06867058575153351,0.05881828558520522,0.05881828558520522,0.05084799118340016,False,False,16000,False,,False,0.0,cpu,patch_nearest_normal,last2,14,0.05,False,,,0.0001513679017079994,0.00015804108188598499,False,True,False,True
2026-08-16 21:44:49,memory_ctta,pill,monitor,C:/cira_batch_test/pill/good_5.png,good_5.png,normal,False,0.03966749459505081,3.099441414633475e-07,0.05881828558520522,0.05881828558520522,0.05084799118340016,False,True,16000,True,,False,0.0,cpu,patch_nearest_normal,last2,14,0.05,False,,,0.00013556091289501637,0.00015804108188598499,True,True,False,True
2026-08-16 21:44:51,memory_ctta,pill,monitor,C:/cira_batch_test/pill/good_16.png,good_16.png,normal,False,0.05489712953567505,0.05489712953567505,0.05881828558520522,0.05881828558520522,0.05084799118340016,False,False,16000,False,,False,0.0,cpu,patch_nearest_normal,last2,14,0.05,False,,,0.00014375403407029808,0.00015804108188598499,False,True,False,True
2026-08-16 21:44:52,memory_ctta,pill,monitor,C:/cira_batch_test/pill/good_14.png,good_14.png,normal,False,0.0480390302836895,2.9206276508375595e-07,0.05881828558520522,0.05881828558520522,0.05084799118340016,False,True,16000,True,,False,0.0,cpu,patch_nearest_normal,last2,14,0.05,False,,,0.0001167122827610001,0.00015804108188598499,True,True,False,True
2026-08-16 21:44:54,memory_ctta,pill,monitor,C:/cira_batch_test/pill/good_2.png,good_2.png,normal,False,0.04352094978094101,3.039836826701503e-07,0.05881828558520522,0.05881828558520522,0.05084799118340016,False,True,16000,True,,False,0.0,cpu,patch_nearest_normal,last2,14,0.05,False,,,0.0001324108598055318,0.00015804108188598499,True,True,False,True
2026-08-16 21:44:55,memory_ctta,pill,monitor,C:/cira_batch_test/pill/bad_13.png,bad_13.png,normal,False,0.05809999629855156,0.05809999629855156,0.05881828558520522,0.05881828558520522,0.05084799118340016,False,False,16000,False,,False,0.0,cpu,patch_nearest_normal,last2,14,0.05,False,,,0.00015951624664012343,0.00015804108188598499,False,False,False,True
2026-08-16 21:44:57,memory_ctta,pill,monitor,C:/cira_batch_test/pill/good_10.png,good_10.png,normal,False,0.04422872141003609,3.2186508747145126e-07,0.05881828558520522,0.05881828558520522,0.05084799118340016,False,True,16000,True,,False,0.0,cpu,patch_nearest_normal,last2,14,0.05,False,,,0.00013214690261520445,0.00015804108188598499,True,True,False,True
2026-08-16 21:44:58,memory_ctta,pill,monitor,C:/cira_batch_test/pill/bad_19.png,bad_19.png,anomaly,True,0.06348070502281189,0.06348070502281189,0.05881828558520522,0.05881828558520522,0.05084799118340016,False,False,16000,False,,False,0.0,cpu,patch_nearest_normal,last2,14,0.05,False,,,0.00014304656360764056,0.00015804108188598499,False,True,False,True
2026-08-16 21:44:59,memory_ctta,pill,monitor,C:/cira_batch_test/pill/good_4.png,good_4.png,normal,False,0.04710718244314194,0.04710718244314194,0.05881828558520522,0.05881828558520522,0.05084799118340016,False,False,16000,False,,False,0.0,cpu,patch_nearest_normal,last2,14,0.05,False,,,0.0001598743547219783,0.00015804108188598499,True,False,False,True
2026-08-16 21:45:01,memory_ctta,pill,monitor,C:/cira_batch_test/pill/bad_12.png,bad_12.png,anomaly,True,0.12222645431756973,0.12222645431756973,0.05881828558520522,0.05881828558520522,0.05084799118340016,False,False,16000,False,,False,0.0,cpu,patch_nearest_normal,last2,14,0.05,False,,,0.00016454527212772518,0.00015804108188598499,False,False,False,True
2026-08-16 21:45:02,memory_ctta,pill,monitor,C:/cira_batch_test/pill/good_18.png,good_18.png,normal,False,0.048524875193834305,2.9206276508375595e-07,0.05881828558520522,0.05881828558520522,0.05084799118340016,False,True,16000,True,,False,0.0,cpu,patch_nearest_normal,last2,14,0.05,False,,,0.00015045293548610061,0.00015804108188598499,True,True,False,True
2026-08-16 21:45:04,memory_ctta,pill,monitor,C:/cira_batch_test/pill/bad_16.png,bad_16.png,anomaly,True,0.07338612526655197,0.07338612526655197,0.05881828558520522,0.05881828558520522,0.05084799118340016,False,False,16000,False,,False,0.0,cpu,patch_nearest_normal,last2,14,0.05,False,,,0.00015504579641856253,0.00015804108188598499,False,True,False,True
2026-08-16 21:45:05,memory_ctta,pill,monitor,C:/cira_batch_test/pill/good_6.png,good_6.png,normal,False,0.04642792418599129,2.74181360282455e-07,0.05881828558520522,0.05881828558520522,0.05084799118340016,False,True,16000,True,,False,0.0,cpu,patch_nearest_normal,last2,14,0.05,False,,,0.0001485482935095206,0.00015804108188598499,True,True,False,True
2026-08-16 21:45:07,memory_ctta,pill,monitor,C:/cira_batch_test/pill/good_13.png,good_13.png,normal,False,0.0548691563308239,0.0548691563308239,0.05881828558520522,0.05881828558520522,0.05084799118340016,False,False,16000,False,,False,0.0,cpu,patch_nearest_normal,last2,14,0.05,False,,,0.00015110567619558424,0.00015804108188598499,False,True,False,True
2026-08-16 21:45:08,memory_ctta,pill,monitor,C:/cira_batch_test/pill/good_15.png,good_15.png,normal,False,0.04993794485926628,3.2782554626464844e-07,0.05881828558520522,0.05881828558520522,0.05084799118340016,False,True,16000,True,,False,0.0,cpu,patch_nearest_normal,last2,14,0.05,False,,,0.00013418612070381641,0.00015804108188598499,True,True,False,True
2026-08-16 21:45:10,memory_ctta,pill,monitor,C:/cira_batch_test/pill/good_20.png,good_20.png,normal,False,0.05488753318786621,0.05488753318786621,0.05881828558520522,0.05881828558520522,0.05084799118340016,False,False,16000,False,,False,0.0,cpu,patch_nearest_normal,last2,14,0.05,False,,,0.00012644592789001763,0.00015804108188598499,False,True,False,True
2026-08-16 21:45:11,memory_ctta,pill,monitor,C:/cira_batch_test/pill/bad_17.png,bad_17.png,anomaly,True,0.07846222817897797,0.07846222817897797,0.05881828558520522,0.05881828558520522,0.05084799118340016,False,False,16000,False,,False,0.0,cpu,patch_nearest_normal,last2,14,0.05,False,,,0.00016866278019733727,0.00015804108188598499,False,False,False,True
2026-08-16 21:45:12,memory_ctta,pill,monitor,C:/cira_batch_test/pill/good_11.png,good_11.png,normal,False,0.05189313739538193,0.05189313739538193,0.05881828558520522,0.05881828558520522,0.05084799118340016,False,False,16000,False,,False,0.0,cpu,patch_nearest_normal,last2,14,0.05,False,,,0.00011826607078546658,0.00015804108188598499,False,True,False,True
2026-08-16 21:45:14,memory_ctta,pill,monitor,C:/cira_batch_test/pill/bad_20.png,bad_20.png,anomaly,True,0.06195985525846481,0.06195985525846481,0.05881828558520522,0.05881828558520522,0.05084799118340016,False,False,16000,False,,False,0.0,cpu,patch_nearest_normal,last2,14,0.05,False,,,0.00014088483294472098,0.00015804108188598499,False,True,False,True
2026-08-16 21:45:15,memory_ctta,pill,monitor,C:/cira_batch_test/pill/good_8.png,good_8.png,normal,False,0.057837314903736115,0.057837314903736115,0.05881828558520522,0.05881828558520522,0.05084799118340016,False,False,16000,False,,False,0.0,cpu,patch_nearest_normal,last2,14,0.05,False,,,0.0001385620707878843,0.00015804108188598499,False,True,False,True
2026-08-16 21:45:17,memory_ctta,pill,monitor,C:/cira_batch_test/pill/bad_10.png,bad_10.png,normal,False,0.04517759755253792,2.682209014892578e-07,0.05881828558520522,0.05881828558520522,0.05084799118340016,False,True,16000,True,,False,0.0,cpu,patch_nearest_normal,last2,14,0.05,True,C:\cira_ttl_checkpoints\pill\patch_memory_bank_update_10.pt,C:\cira_ttl_checkpoints\pill\patch_adapter_update_10.pt,0.00014231160457711667,0.00015804108188598499,True,True,False,True
2026-08-16 21:45:18,memory_ctta,pill,monitor,C:/cira_batch_test/pill/good_3.png,good_3.png,normal,False,0.04311078041791916,2.5033949668795685e-07,0.05881828558520522,0.05881828558520522,0.05084799118340016,False,True,16000,True,,False,0.0,cpu,patch_nearest_normal,last2,14,0.05,False,,,0.00013557435886468738,0.00015804108188598499,True,True,False,True
2026-08-16 21:45:20,memory_ctta,pill,monitor,C:/cira_batch_test/pill/bad_11.png,bad_11.png,anomaly,True,0.09472950547933578,0.09472950547933578,0.05881828558520522,0.05881828558520522,0.05084799118340016,False,False,16000,False,,False,0.0,cpu,patch_nearest_normal,last2,14,0.05,False,,,0.00015921400336083025,0.00015804108188598499,False,False,False,True
2026-08-16 21:45:21,memory_ctta,pill,monitor,C:/cira_batch_test/pill/bad_18.png,bad_18.png,normal,False,0.053421616554260254,0.053421616554260254,0.05881828558520522,0.05881828558520522,0.05084799118340016,False,False,16000,False,,False,0.0,cpu,patch_nearest_normal,last2,14,0.05,False,,,0.00014366366667672992,0.00015804108188598499,False,True,False,True
2026-08-16 21:45:22,memory_ctta,pill,monitor,C:/cira_batch_test/pill/good_12.png,good_12.png,normal,False,0.051529426127672195,0.051529426127672195,0.05881828558520522,0.05881828558520522,0.05084799118340016,False,False,16000,False,,False,0.0,cpu,patch_nearest_normal,last2,14,0.05,False,,,0.00013878595200367272,0.00015804108188598499,False,True,False,True
2026-08-16 21:45:24,memory_ctta,pill,monitor,C:/cira_batch_test/pill/good_17.png,good_17.png,normal,False,0.05439972132444382,0.05439972132444382,0.05881828558520522,0.05881828558520522,0.05084799118340016,False,False,16000,False,,False,0.0,cpu,patch_nearest_normal,last2,14,0.05,False,,,0.00015654836897738278,0.00015804108188598499,False,True,False,True
2026-08-16 21:45:25,memory_ctta,pill,monitor,C:/cira_batch_test/pill/bad_5.png,bad_5.png,anomaly,True,0.18746057152748108,0.18746057152748108,0.05881828558520522,0.05881828558520522,0.05084799118340016,False,False,16000,False,,False,0.0,cpu,patch_nearest_normal,last2,14,0.05,False,,,0.0001415344449924305,0.00015804108188598499,False,True,False,True
2026-08-16 21:45:27,memory_ctta,pill,monitor,C:/cira_batch_test/pill/bad_6.png,bad_6.png,anomaly,True,0.0769769623875618,0.0769769623875618,0.05881828558520522,0.05881828558520522,0.05084799118340016,False,False,16000,False,,False,0.0,cpu,patch_nearest_normal,last2,14,0.05,False,,,0.00016451759438496083,0.00015804108188598499,False,False,False,True
2026-08-16 21:45:28,memory_ctta,pill,monitor,C:/cira_batch_test/pill/bad_7.png,bad_7.png,anomaly,True,0.07256831228733063,0.07256831228733063,0.05881828558520522,0.05881828558520522,0.05084799118340016,False,False,16000,False,,False,0.0,cpu,patch_nearest_normal,last2,14,0.05,False,,,0.00014867082063574344,0.00015804108188598499,False,True,False,True
2026-08-16 21:45:30,memory_ctta,pill,monitor,C:/cira_batch_test/pill/bad_9.png,bad_9.png,anomaly,True,0.06247793510556221,0.06247793510556221,0.05881828558520522,0.05881828558520522,0.05084799118340016,False,False,16000,False,,False,0.0,cpu,patch_nearest_normal,last2,14,0.05,False,,,0.0001431504060747102,0.00015804108188598499,False,True,False,True
2026-08-16 21:45:31,memory_ctta,pill,monitor,C:/cira_batch_test/pill/bad_4.png,bad_4.png,anomaly,True,0.06897316873073578,0.06897316873073578,0.05881828558520522,0.05881828558520522,0.05084799118340016,False,False,16000,False,,False,0.0,cpu,patch_nearest_normal,last2,14,0.05,False,,,0.00016958483320195228,0.00015804108188598499,False,False,False,True
2026-08-16 21:45:32,memory_ctta,pill,monitor,C:/cira_batch_test/pill/bad_2.png,bad_2.png,anomaly,True,0.07621776312589645,0.07621776312589645,0.05881828558520522,0.05881828558520522,0.05084799118340016,False,False,16000,False,,False,0.0,cpu,patch_nearest_normal,last2,14,0.05,False,,,0.00014495979121420532,0.00015804108188598499,False,True,False,True
2026-08-16 21:45:34,memory_ctta,screw,monitor,C:/cira_batch_test/screw/good_1.png,good_1.png,normal,False,0.05231552571058273,2.5629998390286346e-07,0.06300563204730296,0.06300563204730296,0.05946885421872139,False,True,16000,True,,False,0.0,cpu,patch_nearest_normal,last2,14,0.05,False,,,0.0001261020079255104,0.00012727336943498,True,True,False,True
2026-08-16 21:45:36,memory_ctta,screw,monitor,C:/cira_batch_test/screw/good_7.png,good_7.png,normal,False,0.043901074677705765,2.6226044269606064e-07,0.06300563204730296,0.06300563204730296,0.05946885421872139,False,True,16000,True,,False,0.0,cpu,patch_nearest_normal,last2,14,0.05,False,,,0.00010484438098501414,0.00012727336943498,True,True,False,True
2026-08-16 21:45:37,memory_ctta,screw,monitor,C:/cira_batch_test/screw/good_9.png,good_9.png,normal,False,0.04797794297337532,3.695487862387381e-07,0.06300563204730296,0.06300563204730296,0.05946885421872139,False,True,16000,True,,False,0.0,cpu,patch_nearest_normal,last2,14,0.05,False,,,0.00010219003161182627,0.00012727336943498,True,True,False,True
2026-08-16 21:45:39,memory_ctta,screw,monitor,C:/cira_batch_test/screw/bad_8.png,bad_8.png,anomaly,True,0.0694630891084671,0.0694630891084671,0.06300563204730296,0.06300563204730296,0.05946885421872139,False,False,16000,False,,False,0.0,cpu,patch_nearest_normal,last2,14,0.05,False,,,0.00012972661352250725,0.00012727336943498,False,False,False,True
2026-08-16 21:45:40,memory_ctta,screw,monitor,C:/cira_batch_test/screw/bad_1.png,bad_1.png,anomaly,True,0.07369954138994217,0.07369954138994217,0.06300563204730296,0.06300563204730296,0.05946885421872139,False,False,16000,False,,False,0.0,cpu,patch_nearest_normal,last2,14,0.05,False,,,0.0001122951289289631,0.00012727336943498,False,True,False,True
2026-08-16 21:45:42,memory_ctta,screw,monitor,C:/cira_batch_test/screw/bad_14.png,bad_14.png,anomaly,True,0.07555632293224335,0.07555632293224335,0.06300563204730296,0.06300563204730296,0.05946885421872139,False,False,16000,False,,False,0.0,cpu,patch_nearest_normal,last2,14,0.05,False,,,0.00011006515705958009,0.00012727336943498,False,True,False,True
2026-08-16 21:45:43,memory_ctta,screw,monitor,C:/cira_batch_test/screw/bad_15.png,bad_15.png,anomaly,True,0.08235661685466766,0.08235661685466766,0.06300563204730296,0.06300563204730296,0.05946885421872139,False,False,16000,False,,False,0.0,cpu,patch_nearest_normal,last2,14,0.05,False,,,9.553730342304334e-05,0.00012727336943498,False,True,False,True
2026-08-16 21:45:45,memory_ctta,screw,monitor,C:/cira_batch_test/screw/good_19.png,good_19.png,normal,False,0.04830089211463928,2.682209014892578e-07,0.06300563204730296,0.06300563204730296,0.05946885421872139,False,True,16000,True,,False,0.0,cpu,patch_nearest_normal,last2,14,0.05,False,,,8.875320781953633e-05,0.00012727336943498,True,True,False,True
2026-08-16 21:45:46,memory_ctta,screw,monitor,C:/cira_batch_test/screw/bad_3.png,bad_3.png,normal,False,0.055756546556949615,3.039836826701503e-07,0.06300563204730296,0.06300563204730296,0.05946885421872139,False,True,16000,True,,False,0.0,cpu,patch_nearest_normal,last2,14,0.05,False,,,0.00010867745004361495,0.00012727336943498,True,True,False,True
2026-08-16 21:45:48,memory_ctta,screw,monitor,C:/cira_batch_test/screw/good_5.png,good_5.png,normal,False,0.043567072600126266,2.682209014892578e-07,0.06300563204730296,0.06300563204730296,0.05946885421872139,False,True,16000,True,,False,0.0,cpu,patch_nearest_normal,last2,14,0.05,False,,,0.0001088709250325337,0.00012727336943498,True,True,False,True
2026-08-16 21:45:49,memory_ctta,screw,monitor,C:/cira_batch_test/screw/good_16.png,good_16.png,anomaly,True,0.06502671539783478,0.06502671539783478,0.06300563204730296,0.06300563204730296,0.05946885421872139,False,False,16000,False,,False,0.0,cpu,patch_nearest_normal,last2,14,0.05,False,,,0.00011423933756304905,0.00012727336943498,False,True,False,True
2026-08-16 21:45:51,memory_ctta,screw,monitor,C:/cira_batch_test/screw/good_14.png,good_14.png,normal,False,0.061815045773983,0.061815045773983,0.06300563204730296,0.06300563204730296,0.05946885421872139,False,False,16000,False,,False,0.0,cpu,patch_nearest_normal,last2,14,0.05,False,,,0.00010528765415074304,0.00012727336943498,False,True,False,True
2026-08-16 21:45:52,memory_ctta,screw,monitor,C:/cira_batch_test/screw/good_2.png,good_2.png,anomaly,True,0.06493398547172546,0.06493398547172546,0.06300563204730296,0.06300563204730296,0.05946885421872139,False,False,16000,False,,False,0.0,cpu,patch_nearest_normal,last2,14,0.05,False,,,0.0001089220168069005,0.00012727336943498,False,True,False,True
2026-08-16 21:45:54,memory_ctta,screw,monitor,C:/cira_batch_test/screw/bad_13.png,bad_13.png,anomaly,True,0.07445015758275986,0.07445015758275986,0.06300563204730296,0.06300563204730296,0.05946885421872139,False,False,16000,False,,False,0.0,cpu,patch_nearest_normal,last2,14,0.05,False,,,9.052392852026969e-05,0.00012727336943498,False,True,False,True
2026-08-16 21:45:55,memory_ctta,screw,monitor,C:/cira_batch_test/screw/good_10.png,good_10.png,normal,False,0.04574470594525337,3.2186508747145126e-07,0.06300563204730296,0.06300563204730296,0.05946885421872139,False,True,16000,True,,False,0.0,cpu,patch_nearest_normal,last2,14,0.05,False,,,0.00011002954852301627,0.00012727336943498,True,True,False,True
2026-08-16 21:45:57,memory_ctta,screw,monitor,C:/cira_batch_test/screw/bad_19.png,bad_19.png,normal,False,0.06135963648557663,0.06135963648557663,0.06300563204730296,0.06300563204730296,0.05946885421872139,False,False,16000,False,,False,0.0,cpu,patch_nearest_normal,last2,14,0.05,False,,,8.645524212624878e-05,0.00012727336943498,False,True,False,True
2026-08-16 21:45:58,memory_ctta,screw,monitor,C:/cira_batch_test/screw/good_4.png,good_4.png,normal,False,0.06275885552167892,0.06275885552167892,0.06300563204730296,0.06300563204730296,0.05946885421872139,False,False,16000,False,,False,0.0,cpu,patch_nearest_normal,last2,14,0.05,False,,,0.0001177931553684175,0.00012727336943498,False,True,False,True
2026-08-16 21:46:00,memory_ctta,screw,monitor,C:/cira_batch_test/screw/bad_12.png,bad_12.png,anomaly,True,0.07116638869047165,0.07116638869047165,0.06300563204730296,0.06300563204730296,0.05946885421872139,False,False,16000,False,,False,0.0,cpu,patch_nearest_normal,last2,14,0.05,False,,,0.00013369141379371285,0.00012727336943498,False,False,False,True
2026-08-16 21:46:01,memory_ctta,screw,monitor,C:/cira_batch_test/screw/good_18.png,good_18.png,anomaly,True,0.0665573924779892,0.0665573924779892,0.06300563204730296,0.06300563204730296,0.05946885421872139,False,False,16000,False,,False,0.0,cpu,patch_nearest_normal,last2,14,0.05,False,,,0.00010534030298003927,0.00012727336943498,False,True,False,True
2026-08-16 21:46:03,memory_ctta,screw,monitor,C:/cira_batch_test/screw/bad_16.png,bad_16.png,anomaly,True,0.06396449357271194,0.06396449357271194,0.06300563204730296,0.06300563204730296,0.05946885421872139,False,False,16000,False,,False,0.0,cpu,patch_nearest_normal,last2,14,0.05,False,,,0.00010929009295068681,0.00012727336943498,False,True,False,True
2026-08-16 21:46:04,memory_ctta,screw,monitor,C:/cira_batch_test/screw/good_6.png,good_6.png,anomaly,True,0.0818554013967514,0.0818554013967514,0.06300563204730296,0.06300563204730296,0.05946885421872139,False,False,16000,False,,False,0.0,cpu,patch_nearest_normal,last2,14,0.05,False,,,0.00012170010450063273,0.00012727336943498,False,True,False,True
2026-08-16 21:46:06,memory_ctta,screw,monitor,C:/cira_batch_test/screw/good_13.png,good_13.png,normal,False,0.05875410512089729,2.8610230629055877e-07,0.06300563204730296,0.06300563204730296,0.05946885421872139,False,True,16000,True,,False,0.0,cpu,patch_nearest_normal,last2,14,0.05,False,,,0.00011353008449077606,0.00012727336943498,True,True,False,True
2026-08-16 21:46:07,memory_ctta,screw,monitor,C:/cira_batch_test/screw/good_15.png,good_15.png,normal,False,0.04937329143285751,2.74181360282455e-07,0.06300563204730296,0.06300563204730296,0.05946885421872139,False,True,16000,True,,False,0.0,cpu,patch_nearest_normal,last2,14,0.05,False,,,0.00010554809705354273,0.00012727336943498,True,True,False,True
2026-08-16 21:46:09,memory_ctta,screw,monitor,C:/cira_batch_test/screw/good_20.png,good_20.png,anomaly,True,0.0693761333823204,0.0693761333823204,0.06300563204730296,0.06300563204730296,0.05946885421872139,False,False,16000,False,,False,0.0,cpu,patch_nearest_normal,last2,14,0.05,False,,,0.00010357403516536579,0.00012727336943498,False,True,False,True
2026-08-16 21:46:10,memory_ctta,screw,monitor,C:/cira_batch_test/screw/bad_17.png,bad_17.png,anomaly,True,0.06440632790327072,0.06440632790327072,0.06300563204730296,0.06300563204730296,0.05946885421872139,False,False,16000,False,,False,0.0,cpu,patch_nearest_normal,last2,14,0.05,False,,,9.102833428187296e-05,0.00012727336943498,False,True,False,True
2026-08-16 21:46:12,memory_ctta,screw,monitor,C:/cira_batch_test/screw/good_11.png,good_11.png,normal,False,0.04836072772741318,2.5629998390286346e-07,0.06300563204730296,0.06300563204730296,0.05946885421872139,False,True,16000,True,,False,0.0,cpu,patch_nearest_normal,last2,14,0.05,True,C:\cira_ttl_checkpoints\screw\patch_memory_bank_update_10.pt,C:\cira_ttl_checkpoints\screw\patch_adapter_update_10.pt,0.00010762763122329488,0.00012727336943498,True,True,False,True
2026-08-16 21:46:13,memory_ctta,screw,monitor,C:/cira_batch_test/screw/bad_20.png,bad_20.png,anomaly,True,0.06654123961925507,0.06654123961925507,0.06300563204730296,0.06300563204730296,0.05946885421872139,False,False,16000,False,,False,0.0,cpu,patch_nearest_normal,last2,14,0.05,False,,,0.00014112249482423067,0.00012727336943498,False,False,False,True
2026-08-16 21:46:15,memory_ctta,screw,monitor,C:/cira_batch_test/screw/good_8.png,good_8.png,normal,False,0.0536508746445179,2.74181360282455e-07,0.06300563204730296,0.06300563204730296,0.05946885421872139,False,True,16000,True,,False,0.0,cpu,patch_nearest_normal,last2,14,0.05,False,,,0.00010157795622944832,0.00012727336943498,True,True,False,True
2026-08-16 21:46:16,memory_ctta,screw,monitor,C:/cira_batch_test/screw/bad_10.png,bad_10.png,anomaly,True,0.06639233231544495,0.06639233231544495,0.06300563204730296,0.06300563204730296,0.05946885421872139,False,False,16000,False,,False,0.0,cpu,patch_nearest_normal,last2,14,0.05,False,,,9.999386384151876e-05,0.00012727336943498,False,True,False,True
2026-08-16 21:46:18,memory_ctta,screw,monitor,C:/cira_batch_test/screw/good_3.png,good_3.png,anomaly,True,0.06873095780611038,0.06873095780611038,0.06300563204730296,0.06300563204730296,0.05946885421872139,False,False,16000,False,,False,0.0,cpu,patch_nearest_normal,last2,14,0.05,False,,,0.00011775071470765397,0.00012727336943498,False,True,False,True
2026-08-16 21:46:19,memory_ctta,screw,monitor,C:/cira_batch_test/screw/bad_11.png,bad_11.png,anomaly,True,0.0674791932106018,0.0674791932106018,0.06300563204730296,0.06300563204730296,0.05946885421872139,False,False,16000,False,,False,0.0,cpu,patch_nearest_normal,last2,14,0.05,False,,,0.00010984978143824264,0.00012727336943498,False,True,False,True
2026-08-16 21:46:21,memory_ctta,screw,monitor,C:/cira_batch_test/screw/bad_18.png,bad_18.png,anomaly,True,0.06441475450992584,0.06441475450992584,0.06300563204730296,0.06300563204730296,0.05946885421872139,False,False,16000,False,,False,0.0,cpu,patch_nearest_normal,last2,14,0.05,False,,,0.00011699501919792965,0.00012727336943498,False,True,False,True
2026-08-16 21:46:22,memory_ctta,screw,monitor,C:/cira_batch_test/screw/good_12.png,good_12.png,normal,False,0.06076855584979057,0.06076855584979057,0.06300563204730296,0.06300563204730296,0.05946885421872139,False,False,16000,False,,False,0.0,cpu,patch_nearest_normal,last2,14,0.05,False,,,0.00011075250222347677,0.00012727336943498,False,True,False,True
2026-08-16 21:46:24,memory_ctta,screw,monitor,C:/cira_batch_test/screw/good_17.png,good_17.png,normal,False,0.05734824389219284,2.74181360282455e-07,0.06300563204730296,0.06300563204730296,0.05946885421872139,False,True,16000,True,,False,0.0,cpu,patch_nearest_normal,last2,14,0.05,False,,,0.00012293638428673148,0.00012727336943498,True,True,False,True
2026-08-16 21:46:25,memory_ctta,screw,monitor,C:/cira_batch_test/screw/bad_5.png,bad_5.png,anomaly,True,0.09713802486658096,0.09713802486658096,0.06300563204730296,0.06300563204730296,0.05946885421872139,False,False,16000,False,,False,0.0,cpu,patch_nearest_normal,last2,14,0.05,False,,,0.00010994341573677957,0.00012727336943498,False,True,False,True
2026-08-16 21:46:27,memory_ctta,screw,monitor,C:/cira_batch_test/screw/bad_6.png,bad_6.png,anomaly,True,0.06533899158239365,0.06533899158239365,0.06300563204730296,0.06300563204730296,0.05946885421872139,False,False,16000,False,,False,0.0,cpu,patch_nearest_normal,last2,14,0.05,False,,,0.00011564205487957224,0.00012727336943498,False,True,False,True
2026-08-16 21:46:28,memory_ctta,screw,monitor,C:/cira_batch_test/screw/bad_7.png,bad_7.png,anomaly,True,0.08193019777536392,0.08193019777536392,0.06300563204730296,0.06300563204730296,0.05946885421872139,False,False,16000,False,,False,0.0,cpu,patch_nearest_normal,last2,14,0.05,False,,,0.00011825446563307196,0.00012727336943498,False,True,False,True
2026-08-16 21:46:30,memory_ctta,screw,monitor,C:/cira_batch_test/screw/bad_9.png,bad_9.png,anomaly,True,0.06794346868991852,0.06794346868991852,0.06300563204730296,0.06300563204730296,0.05946885421872139,False,False,16000,False,,False,0.0,cpu,patch_nearest_normal,last2,14,0.05,False,,,0.00011582184379221871,0.00012727336943498,False,True,False,True
2026-08-16 21:46:31,memory_ctta,screw,monitor,C:/cira_batch_test/screw/bad_4.png,bad_4.png,normal,False,0.05994483828544617,0.05994483828544617,0.06300563204730296,0.06300563204730296,0.05946885421872139,False,False,16000,False,,False,0.0,cpu,patch_nearest_normal,last2,14,0.05,False,,,8.504487777827308e-05,0.00012727336943498,False,True,False,True
2026-08-16 21:46:33,memory_ctta,screw,monitor,C:/cira_batch_test/screw/bad_2.png,bad_2.png,anomaly,True,0.06425085663795471,0.06425085663795471,0.06300563204730296,0.06300563204730296,0.05946885421872139,False,False,16000,False,,False,0.0,cpu,patch_nearest_normal,last2,14,0.05,False,,,0.00010177546209888533,0.00012727336943498,False,True,False,True
2026-08-16 21:46:34,memory_ctta,tile,monitor,C:/cira_batch_test/tile/good_1.png,good_1.png,normal,False,0.04876633360981941,3.039836826701503e-07,0.06531576363636363,0.06531576363636363,0.05311408117413522,False,True,16000,True,,False,0.0,cpu,patch_nearest_normal,last2,14,0.05,False,,,0.00019277205865364522,0.000230512705456835,True,True,False,True
2026-08-16 21:46:36,memory_ctta,tile,monitor,C:/cira_batch_test/tile/good_7.png,good_7.png,normal,False,0.04344896599650383,2.682209014892578e-07,0.06531576363636363,0.06531576363636363,0.05311408117413522,False,True,16000,True,,False,0.0,cpu,patch_nearest_normal,last2,14,0.05,False,,,0.00018676533363759518,0.000230512705456835,True,True,False,True
2026-08-16 21:46:37,memory_ctta,tile,monitor,C:/cira_batch_test/tile/good_9.png,good_9.png,normal,False,0.03663953021168709,3.159046286782541e-07,0.06531576363636363,0.06531576363636363,0.05311408117413522,False,True,16000,True,,False,0.0,cpu,patch_nearest_normal,last2,14,0.05,False,,,0.00019582976528909057,0.000230512705456835,True,True,False,True
2026-08-16 21:46:39,memory_ctta,tile,monitor,C:/cira_batch_test/tile/bad_8.png,bad_8.png,anomaly,True,0.16966792941093445,0.16966792941093445,0.06531576363636363,0.06531576363636363,0.05311408117413522,False,False,16000,False,,False,0.0,cpu,patch_nearest_normal,last2,14,0.05,False,,,0.00019980959768872708,0.000230512705456835,False,True,False,True
2026-08-16 21:46:40,memory_ctta,tile,monitor,C:/cira_batch_test/tile/bad_1.png,bad_1.png,anomaly,True,0.4234733581542969,0.4234733581542969,0.06531576363636363,0.06531576363636363,0.05311408117413522,False,False,16000,False,,False,0.0,cpu,patch_nearest_normal,last2,14,0.05,False,,,0.00017126605962403119,0.000230512705456835,False,True,False,True
2026-08-16 21:46:42,memory_ctta,tile,monitor,C:/cira_batch_test/tile/bad_14.png,bad_14.png,anomaly,True,0.1604515016078949,0.1604515016078949,0.06531576363636363,0.06531576363636363,0.05311408117413522,False,False,16000,False,,False,0.0,cpu,patch_nearest_normal,last2,14,0.05,False,,,0.00021842229762114584,0.000230512705456835,False,True,False,True
2026-08-16 21:46:43,memory_ctta,tile,monitor,C:/cira_batch_test/tile/bad_15.png,bad_15.png,anomaly,True,0.17647822201251984,0.17647822201251984,0.06531576363636363,0.06531576363636363,0.05311408117413522,False,False,16000,False,,False,0.0,cpu,patch_nearest_normal,last2,14,0.05,False,,,0.0002275147708132863,0.000230512705456835,False,True,False,True
2026-08-16 21:46:45,memory_ctta,tile,monitor,C:/cira_batch_test/tile/good_19.png,good_19.png,normal,False,0.04859618470072746,3.337860050578456e-07,0.06531576363636363,0.06531576363636363,0.05311408117413522,False,True,16000,True,,False,0.0,cpu,patch_nearest_normal,last2,14,0.05,False,,,0.00019375249394215643,0.000230512705456835,True,True,False,True
2026-08-16 21:46:46,memory_ctta,tile,monitor,C:/cira_batch_test/tile/bad_3.png,bad_3.png,anomaly,True,0.3856334686279297,0.3856334686279297,0.06531576363636363,0.06531576363636363,0.05311408117413522,False,False,16000,False,,False,0.0,cpu,patch_nearest_normal,last2,14,0.05,False,,,0.00019565671391319484,0.000230512705456835,False,True,False,True
2026-08-16 21:46:47,memory_ctta,tile,monitor,C:/cira_batch_test/tile/good_5.png,good_5.png,normal,False,0.049871694296598434,0.049871694296598434,0.06531576363636363,0.06531576363636363,0.05311408117413522,False,False,16000,False,,False,0.0,cpu,patch_nearest_normal,last2,14,0.05,False,,,0.0002611182862892747,0.000230512705456835,True,False,False,True
2026-08-16 21:46:49,memory_ctta,tile,monitor,C:/cira_batch_test/tile/good_16.png,good_16.png,normal,False,0.03742541745305061,3.099441414633475e-07,0.06531576363636363,0.06531576363636363,0.05311408117413522,False,True,16000,True,,False,0.0,cpu,patch_nearest_normal,last2,14,0.05,False,,,0.0002216560096712783,0.000230512705456835,True,True,False,True
2026-08-16 21:46:51,memory_ctta,tile,monitor,C:/cira_batch_test/tile/good_14.png,good_14.png,normal,False,0.04218987375497818,3.039836826701503e-07,0.06531576363636363,0.06531576363636363,0.05311408117413522,False,True,16000,True,,False,0.0,cpu,patch_nearest_normal,last2,14,0.05,False,,,0.0001733363460516557,0.000230512705456835,True,True,False,True
2026-08-16 21:46:52,memory_ctta,tile,monitor,C:/cira_batch_test/tile/good_2.png,good_2.png,normal,False,0.04821709915995598,3.516674098591466e-07,0.06531576363636363,0.06531576363636363,0.05311408117413522,False,True,16000,True,,False,0.0,cpu,patch_nearest_normal,last2,14,0.05,False,,,0.00020592313376255333,0.000230512705456835,True,True,False,True
2026-08-16 21:46:54,memory_ctta,tile,monitor,C:/cira_batch_test/tile/bad_13.png,bad_13.png,anomaly,True,0.15737123787403107,0.15737123787403107,0.06531576363636363,0.06531576363636363,0.05311408117413522,False,False,16000,False,,False,0.0,cpu,patch_nearest_normal,last2,14,0.05,False,,,0.0001863132492871955,0.000230512705456835,False,True,False,True
2026-08-16 21:46:55,memory_ctta,tile,monitor,C:/cira_batch_test/tile/good_10.png,good_10.png,normal,False,0.0516902431845665,3.397464638510428e-07,0.06531576363636363,0.06531576363636363,0.05311408117413522,False,True,16000,True,,False,0.0,cpu,patch_nearest_normal,last2,14,0.05,False,,,0.00017884136468637735,0.000230512705456835,True,True,False,True
2026-08-16 21:46:57,memory_ctta,tile,monitor,C:/cira_batch_test/tile/bad_19.png,bad_19.png,anomaly,True,0.09725117683410645,0.09725117683410645,0.06531576363636363,0.06531576363636363,0.05311408117413522,False,False,16000,False,,False,0.0,cpu,patch_nearest_normal,last2,14,0.05,False,,,0.00020188180496916175,0.000230512705456835,False,True,False,True
2026-08-16 21:46:58,memory_ctta,tile,monitor,C:/cira_batch_test/tile/good_4.png,good_4.png,normal,False,0.03683369234204292,3.5762786865234375e-07,0.06531576363636363,0.06531576363636363,0.05311408117413522,False,True,16000,True,,False,0.0,cpu,patch_nearest_normal,last2,14,0.05,False,,,0.00022830671514384449,0.000230512705456835,True,True,False,True
2026-08-16 21:46:59,memory_ctta,tile,monitor,C:/cira_batch_test/tile/bad_12.png,bad_12.png,normal,False,0.05464894324541092,0.05464894324541092,0.06531576363636363,0.06531576363636363,0.05311408117413522,False,False,16000,False,,False,0.0,cpu,patch_nearest_normal,last2,14,0.05,False,,,0.00019979974604211748,0.000230512705456835,False,True,False,True
2026-08-16 21:47:01,memory_ctta,tile,monitor,C:/cira_batch_test/tile/good_18.png,good_18.png,anomaly,True,0.06633714586496353,0.06633714586496353,0.06531576363636363,0.06531576363636363,0.05311408117413522,False,False,16000,False,,False,0.0,cpu,patch_nearest_normal,last2,14,0.05,False,,,0.00022676085063721985,0.000230512705456835,False,True,False,True
2026-08-16 21:47:02,memory_ctta,tile,monitor,C:/cira_batch_test/tile/bad_16.png,bad_16.png,anomaly,True,0.08087990432977676,0.08087990432977676,0.06531576363636363,0.06531576363636363,0.05311408117413522,False,False,16000,False,,False,0.0,cpu,patch_nearest_normal,last2,14,0.05,False,,,0.00020783166110049933,0.000230512705456835,False,True,False,True
2026-08-16 21:47:04,memory_ctta,tile,monitor,C:/cira_batch_test/tile/good_6.png,good_6.png,normal,False,0.0445932038128376,2.5629998390286346e-07,0.06531576363636363,0.06531576363636363,0.05311408117413522,False,True,16000,True,,False,0.0,cpu,patch_nearest_normal,last2,14,0.05,True,C:\cira_ttl_checkpoints\tile\patch_memory_bank_update_10.pt,C:\cira_ttl_checkpoints\tile\patch_adapter_update_10.pt,0.00016458219033665955,0.000230512705456835,True,True,False,True
2026-08-16 21:47:05,memory_ctta,tile,monitor,C:/cira_batch_test/tile/good_13.png,good_13.png,normal,False,0.04818328469991684,3.159046286782541e-07,0.06531576363636363,0.06531576363636363,0.05311408117413522,False,True,16000,True,,False,0.0,cpu,patch_nearest_normal,last2,14,0.05,False,,,0.0001568674633745104,0.000230512705456835,True,True,False,True
2026-08-16 21:47:07,memory_ctta,tile,monitor,C:/cira_batch_test/tile/good_15.png,good_15.png,normal,False,0.03919253870844841,2.8014181907565217e-07,0.06531576363636363,0.06531576363636363,0.05311408117413522,False,True,16000,True,,False,0.0,cpu,patch_nearest_normal,last2,14,0.05,False,,,0.00016639867681078613,0.000230512705456835,True,True,False,True
2026-08-16 21:47:08,memory_ctta,tile,monitor,C:/cira_batch_test/tile/good_20.png,good_20.png,normal,False,0.04083389788866043,3.457069510659494e-07,0.06531576363636363,0.06531576363636363,0.05311408117413522,False,True,16000,True,,False,0.0,cpu,patch_nearest_normal,last2,14,0.05,False,,,0.00015429484483320266,0.000230512705456835,True,True,False,True
2026-08-16 21:47:10,memory_ctta,tile,monitor,C:/cira_batch_test/tile/bad_17.png,bad_17.png,anomaly,True,0.38617557287216187,0.38617557287216187,0.06531576363636363,0.06531576363636363,0.05311408117413522,False,False,16000,False,,False,0.0,cpu,patch_nearest_normal,last2,14,0.05,False,,,0.00021667106193490326,0.000230512705456835,False,True,False,True
2026-08-16 21:47:11,memory_ctta,tile,monitor,C:/cira_batch_test/tile/good_11.png,good_11.png,normal,False,0.04092580825090408,3.457069510659494e-07,0.06531576363636363,0.06531576363636363,0.05311408117413522,False,True,16000,True,,False,0.0,cpu,patch_nearest_normal,last2,14,0.05,False,,,0.00015949946828186512,0.000230512705456835,True,True,False,True
2026-08-16 21:47:13,memory_ctta,tile,monitor,C:/cira_batch_test/tile/bad_20.png,bad_20.png,anomaly,True,0.11517920345067978,0.11517920345067978,0.06531576363636363,0.06531576363636363,0.05311408117413522,False,False,16000,False,,False,0.0,cpu,patch_nearest_normal,last2,14,0.05,False,,,0.00020161316206213087,0.000230512705456835,False,True,False,True
2026-08-16 21:47:14,memory_ctta,tile,monitor,C:/cira_batch_test/tile/good_8.png,good_8.png,normal,False,0.03828974813222885,3.635883274455409e-07,0.06531576363636363,0.06531576363636363,0.05311408117413522,False,True,16000,True,,False,0.0,cpu,patch_nearest_normal,last2,14,0.05,False,,,0.00021680300415027887,0.000230512705456835,True,True,False,True
2026-08-16 21:47:16,memory_ctta,tile,monitor,C:/cira_batch_test/tile/bad_10.png,bad_10.png,anomaly,True,0.09991626441478729,0.09991626441478729,0.06531576363636363,0.06531576363636363,0.05311408117413522,False,False,16000,False,,False,0.0,cpu,patch_nearest_normal,last2,14,0.05,False,,,0.0001927070989040658,0.000230512705456835,False,True,False,True
2026-08-16 21:47:17,memory_ctta,tile,monitor,C:/cira_batch_test/tile/good_3.png,good_3.png,normal,False,0.038654573261737823,3.814697322468419e-07,0.06531576363636363,0.06531576363636363,0.05311408117413522,False,True,16000,True,,False,0.0,cpu,patch_nearest_normal,last2,14,0.05,False,,,0.00020650215446949005,0.000230512705456835,True,True,False,True
2026-08-16 21:47:19,memory_ctta,tile,monitor,C:/cira_batch_test/tile/bad_11.png,bad_11.png,anomaly,True,0.15072211623191833,0.15072211623191833,0.06531576363636363,0.06531576363636363,0.05311408117413522,False,False,16000,False,,False,0.0,cpu,patch_nearest_normal,last2,14,0.05,False,,,0.00014815577014815062,0.000230512705456835,False,True,False,True
2026-08-16 21:47:20,memory_ctta,tile,monitor,C:/cira_batch_test/tile/bad_18.png,bad_18.png,anomaly,True,0.07038167864084244,0.07038167864084244,0.06531576363636363,0.06531576363636363,0.05311408117413522,False,False,16000,False,,False,0.0,cpu,patch_nearest_normal,last2,14,0.05,False,,,0.00018389144679531455,0.000230512705456835,False,True,False,True
2026-08-16 21:47:22,memory_ctta,tile,monitor,C:/cira_batch_test/tile/good_12.png,good_12.png,normal,False,0.04063236713409424,3.159046286782541e-07,0.06531576363636363,0.06531576363636363,0.05311408117413522,False,True,16000,True,,False,0.0,cpu,patch_nearest_normal,last2,14,0.05,False,,,0.00019657064694911242,0.000230512705456835,True,True,False,True
2026-08-16 21:47:23,memory_ctta,tile,monitor,C:/cira_batch_test/tile/good_17.png,good_17.png,normal,False,0.044831741601228714,3.337860050578456e-07,0.06531576363636363,0.06531576363636363,0.05311408117413522,False,True,16000,True,,False,0.0,cpu,patch_nearest_normal,last2,14,0.05,False,,,0.00019578066712711006,0.000230512705456835,True,True,False,True
2026-08-16 21:47:25,memory_ctta,tile,monitor,C:/cira_batch_test/tile/bad_5.png,bad_5.png,anomaly,True,0.15428666770458221,0.15428666770458221,0.06531576363636363,0.06531576363636363,0.05311408117413522,False,False,16000,False,,False,0.0,cpu,patch_nearest_normal,last2,14,0.05,False,,,0.00011231531971134245,0.000230512705456835,False,True,False,True
2026-08-16 21:47:26,memory_ctta,tile,monitor,C:/cira_batch_test/tile/bad_6.png,bad_6.png,anomaly,True,0.23074869811534882,0.23074869811534882,0.06531576363636363,0.06531576363636363,0.05311408117413522,False,False,16000,False,,False,0.0,cpu,patch_nearest_normal,last2,14,0.05,False,,,0.0002433854533592239,0.000230512705456835,False,False,False,True
2026-08-16 21:47:28,memory_ctta,tile,monitor,C:/cira_batch_test/tile/bad_7.png,bad_7.png,anomaly,True,0.2113780975341797,0.2113780975341797,0.06531576363636363,0.06531576363636363,0.05311408117413522,False,False,16000,False,,False,0.0,cpu,patch_nearest_normal,last2,14,0.05,False,,,0.0001973209873540327,0.000230512705456835,False,True,False,True
2026-08-16 21:47:29,memory_ctta,tile,monitor,C:/cira_batch_test/tile/bad_9.png,bad_9.png,anomaly,True,0.3216618597507477,0.3216618597507477,0.06531576363636363,0.06531576363636363,0.05311408117413522,False,False,16000,False,,False,0.0,cpu,patch_nearest_normal,last2,14,0.05,False,,,0.0002282393688801676,0.000230512705456835,False,True,False,True
2026-08-16 21:47:31,memory_ctta,tile,monitor,C:/cira_batch_test/tile/bad_4.png,bad_4.png,anomaly,True,0.11248550564050674,0.11248550564050674,0.06531576363636363,0.06531576363636363,0.05311408117413522,False,False,16000,False,,False,0.0,cpu,patch_nearest_normal,last2,14,0.05,False,,,0.00013184013369027525,0.000230512705456835,False,True,False,True
2026-08-16 21:47:32,memory_ctta,tile,monitor,C:/cira_batch_test/tile/bad_2.png,bad_2.png,anomaly,True,0.43965238332748413,0.43965238332748413,0.06531576363636363,0.06531576363636363,0.05311408117413522,False,False,16000,False,,False,0.0,cpu,patch_nearest_normal,last2,14,0.05,False,,,0.00011782310320995748,0.000230512705456835,False,True,False,True
2026-08-16 21:47:34,memory_ctta,toothbrush,monitor,C:/cira_batch_test/toothbrush/good_1.png,good_1.png,normal,False,0.051045335829257965,0.051045335829257965,0.0701888715806552,0.0701888715806552,0.0501871842890978,False,False,9408,False,,False,0.0,cpu,patch_nearest_normal,last2,14,0.05,False,,,0.000110037304693833,0.00012676088372241001,False,True,False,True
2026-08-16 21:47:35,memory_ctta,toothbrush,monitor,C:/cira_batch_test/toothbrush/good_7.png,good_7.png,normal,False,0.06097178906202316,0.06097178906202316,0.0701888715806552,0.0701888715806552,0.0501871842890978,False,False,9408,False,,False,0.0,cpu,patch_nearest_normal,last2,14,0.05,False,,,0.00011753960279747844,0.00012676088372241001,False,True,False,True
2026-08-16 21:47:37,memory_ctta,toothbrush,monitor,C:/cira_batch_test/toothbrush/good_9.png,good_9.png,normal,False,0.04554165154695511,2.384185791015625e-07,0.0701888715806552,0.0701888715806552,0.0501871842890978,False,True,9604,True,,False,0.0,cpu,patch_nearest_normal,last2,14,0.05,False,,,0.00011569623893592507,0.00012676088372241001,True,True,False,True
2026-08-16 21:47:38,memory_ctta,toothbrush,monitor,C:/cira_batch_test/toothbrush/bad_8.png,bad_8.png,anomaly,True,0.3563154339790344,0.3563154339790344,0.0701888715806552,0.0701888715806552,0.0501871842890978,False,False,9604,False,,False,0.0,cpu,patch_nearest_normal,last2,14,0.05,False,,,0.00012639732449315488,0.00012676088372241001,False,True,False,True
2026-08-16 21:47:40,memory_ctta,toothbrush,monitor,C:/cira_batch_test/toothbrush/bad_1.png,bad_1.png,anomaly,True,0.2982991635799408,0.2982991635799408,0.0701888715806552,0.0701888715806552,0.0501871842890978,False,False,9604,False,,False,0.0,cpu,patch_nearest_normal,last2,14,0.05,False,,,0.00011682998592732474,0.00012676088372241001,False,True,False,True
2026-08-16 21:47:41,memory_ctta,toothbrush,monitor,C:/cira_batch_test/toothbrush/bad_14.png,bad_14.png,anomaly,True,0.2597808241844177,0.2597808241844177,0.0701888715806552,0.0701888715806552,0.0501871842890978,False,False,9604,False,,False,0.0,cpu,patch_nearest_normal,last2,14,0.05,False,,,0.00012398193939588964,0.00012676088372241001,False,True,False,True
2026-08-16 21:47:42,memory_ctta,toothbrush,monitor,C:/cira_batch_test/toothbrush/bad_15.png,bad_15.png,normal,False,0.06454756110906601,0.06454756110906601,0.0701888715806552,0.0701888715806552,0.0501871842890978,False,False,9604,False,,False,0.0,cpu,patch_nearest_normal,last2,14,0.05,False,,,0.0001142680921475403,0.00012676088372241001,False,True,False,True
2026-08-16 21:47:44,memory_ctta,toothbrush,monitor,C:/cira_batch_test/toothbrush/good_19.png,good_19.png,normal,False,0.018826019018888474,2.1457671550706436e-07,0.0701888715806552,0.0701888715806552,0.0501871842890978,False,True,9800,True,,False,0.0,cpu,patch_nearest_normal,last2,14,0.05,False,,,0.00012408322072587907,0.00012676088372241001,True,True,False,True
2026-08-16 21:47:45,memory_ctta,toothbrush,monitor,C:/cira_batch_test/toothbrush/bad_3.png,bad_3.png,anomaly,True,0.134837344288826,0.134837344288826,0.0701888715806552,0.0701888715806552,0.0501871842890978,False,False,9800,False,,False,0.0,cpu,patch_nearest_normal,last2,14,0.05,False,,,0.00011317632743157446,0.00012676088372241001,False,True,False,True
2026-08-16 21:47:47,memory_ctta,toothbrush,monitor,C:/cira_batch_test/toothbrush/good_5.png,good_5.png,normal,False,0.018301475793123245,2.8014181907565217e-07,0.0701888715806552,0.0701888715806552,0.0501871842890978,False,True,9996,True,,False,0.0,cpu,patch_nearest_normal,last2,14,0.05,False,,,0.00011448176519479603,0.00012676088372241001,True,True,False,True
2026-08-16 21:47:48,memory_ctta,toothbrush,monitor,C:/cira_batch_test/toothbrush/good_16.png,good_16.png,normal,False,0.0407617911696434,2.5629998390286346e-07,0.0701888715806552,0.0701888715806552,0.0501871842890978,False,True,10192,True,,False,0.0,cpu,patch_nearest_normal,last2,14,0.05,False,,,0.00012006650649709627,0.00012676088372241001,True,True,False,True
2026-08-16 21:47:50,memory_ctta,toothbrush,monitor,C:/cira_batch_test/toothbrush/good_14.png,good_14.png,normal,False,0.0694086030125618,0.0694086030125618,0.0701888715806552,0.0701888715806552,0.0501871842890978,False,False,10192,False,,False,0.0,cpu,patch_nearest_normal,last2,14,0.05,False,,,0.00011421424278523773,0.00012676088372241001,False,True,False,True
2026-08-16 21:47:51,memory_ctta,toothbrush,monitor,C:/cira_batch_test/toothbrush/good_2.png,good_2.png,normal,False,0.053801070898771286,0.053801070898771286,0.0701888715806552,0.0701888715806552,0.0501871842890978,False,False,10192,False,,False,0.0,cpu,patch_nearest_normal,last2,14,0.05,False,,,0.00010557374480413273,0.00012676088372241001,False,True,False,True
2026-08-16 21:47:53,memory_ctta,toothbrush,monitor,C:/cira_batch_test/toothbrush/bad_13.png,bad_13.png,normal,False,0.05651075765490532,0.05651075765490532,0.0701888715806552,0.0701888715806552,0.0501871842890978,False,False,10192,False,,False,0.0,cpu,patch_nearest_normal,last2,14,0.05,False,,,0.0001189781614812091,0.00012676088372241001,False,True,False,True
2026-08-16 21:47:54,memory_ctta,toothbrush,monitor,C:/cira_batch_test/toothbrush/good_10.png,good_10.png,anomaly,True,0.07535778731107712,0.07535778731107712,0.0701888715806552,0.0701888715806552,0.0501871842890978,False,False,10192,False,,False,0.0,cpu,patch_nearest_normal,last2,14,0.05,False,,,0.00012689815775956959,0.00012676088372241001,False,False,False,True
2026-08-16 21:47:56,memory_ctta,toothbrush,monitor,C:/cira_batch_test/toothbrush/bad_19.png,bad_19.png,anomaly,True,0.07885079085826874,0.07885079085826874,0.0701888715806552,0.0701888715806552,0.0501871842890978,False,False,10192,False,,False,0.0,cpu,patch_nearest_normal,last2,14,0.05,False,,,0.0001189930917462334,0.00012676088372241001,False,True,False,True
2026-08-16 21:47:57,memory_ctta,toothbrush,monitor,C:/cira_batch_test/toothbrush/good_4.png,good_4.png,normal,False,0.047609202563762665,3.397464638510428e-07,0.0701888715806552,0.0701888715806552,0.0501871842890978,False,True,10388,True,,False,0.0,cpu,patch_nearest_normal,last2,14,0.05,False,,,0.00011186239862581715,0.00012676088372241001,True,True,False,True
2026-08-16 21:47:59,memory_ctta,toothbrush,monitor,C:/cira_batch_test/toothbrush/bad_12.png,bad_12.png,anomaly,True,0.3752124011516571,0.3752124011516571,0.0701888715806552,0.0701888715806552,0.0501871842890978,False,False,10388,False,,False,0.0,cpu,patch_nearest_normal,last2,14,0.05,False,,,0.00012049699580529705,0.00012676088372241001,False,True,False,True
2026-08-16 21:48:00,memory_ctta,toothbrush,monitor,C:/cira_batch_test/toothbrush/good_18.png,good_18.png,normal,False,0.041939228773117065,2.443790378947597e-07,0.0701888715806552,0.0701888715806552,0.0501871842890978,False,True,10584,True,,False,0.0,cpu,patch_nearest_normal,last2,14,0.05,False,,,0.00011076428199885413,0.00012676088372241001,True,True,False,True
2026-08-16 21:48:02,memory_ctta,toothbrush,monitor,C:/cira_batch_test/toothbrush/bad_16.png,bad_16.png,anomaly,True,0.3498750329017639,0.3498750329017639,0.0701888715806552,0.0701888715806552,0.0501871842890978,False,False,10584,False,,False,0.0,cpu,patch_nearest_normal,last2,14,0.05,False,,,0.00012125105422455817,0.00012676088372241001,False,True,False,True
2026-08-16 21:48:03,memory_ctta,toothbrush,monitor,C:/cira_batch_test/toothbrush/good_6.png,good_6.png,normal,False,0.045152146369218826,2.682209014892578e-07,0.0701888715806552,0.0701888715806552,0.0501871842890978,False,True,10780,True,,False,0.0,cpu,patch_nearest_normal,last2,14,0.05,False,,,0.00011587362678255886,0.00012676088372241001,True,True,False,True
2026-08-16 21:48:05,memory_ctta,toothbrush,monitor,C:/cira_batch_test/toothbrush/good_13.png,good_13.png,normal,False,0.056590307503938675,0.056590307503938675,0.0701888715806552,0.0701888715806552,0.0501871842890978,False,False,10780,False,,False,0.0,cpu,patch_nearest_normal,last2,14,0.05,False,,,0.00011560693383216858,0.00012676088372241001,False,True,False,True
2026-08-16 21:48:06,memory_ctta,toothbrush,monitor,C:/cira_batch_test/toothbrush/good_15.png,good_15.png,normal,False,0.03585761785507202,2.9206276508375595e-07,0.0701888715806552,0.0701888715806552,0.0501871842890978,False,True,10976,True,,False,0.0,cpu,patch_nearest_normal,last2,14,0.05,False,,,0.00011838932550745085,0.00012676088372241001,True,True,False,True
2026-08-16 21:48:08,memory_ctta,toothbrush,monitor,C:/cira_batch_test/toothbrush/good_20.png,good_20.png,normal,False,0.01844852603971958,3.2782554626464844e-07,0.0701888715806552,0.0701888715806552,0.0501871842890978,False,True,11172,True,,False,0.0,cpu,patch_nearest_normal,last2,14,0.05,False,,,0.00011508774332469329,0.00012676088372241001,True,True,False,True
2026-08-16 21:48:09,memory_ctta,toothbrush,monitor,C:/cira_batch_test/toothbrush/bad_17.png,bad_17.png,anomaly,True,0.26540812849998474,0.26540812849998474,0.0701888715806552,0.0701888715806552,0.0501871842890978,False,False,11172,False,,False,0.0,cpu,patch_nearest_normal,last2,14,0.05,False,,,0.00012292282190173864,0.00012676088372241001,False,True,False,True
2026-08-16 21:48:11,memory_ctta,toothbrush,monitor,C:/cira_batch_test/toothbrush/good_11.png,good_11.png,normal,False,0.05370904132723808,0.05370904132723808,0.0701888715806552,0.0701888715806552,0.0501871842890978,False,False,11172,False,,False,0.0,cpu,patch_nearest_normal,last2,14,0.05,False,,,0.00011893906048499048,0.00012676088372241001,False,True,False,True
2026-08-16 21:48:12,memory_ctta,toothbrush,monitor,C:/cira_batch_test/toothbrush/bad_20.png,bad_20.png,anomaly,True,0.3277304172515869,0.3277304172515869,0.0701888715806552,0.0701888715806552,0.0501871842890978,False,False,11172,False,,False,0.0,cpu,patch_nearest_normal,last2,14,0.05,False,,,0.00012906250776723027,0.00012676088372241001,False,False,False,True
2026-08-16 21:48:14,memory_ctta,toothbrush,monitor,C:/cira_batch_test/toothbrush/good_8.png,good_8.png,anomaly,True,0.07595545053482056,0.07595545053482056,0.0701888715806552,0.0701888715806552,0.0501871842890978,False,False,11172,False,,False,0.0,cpu,patch_nearest_normal,last2,14,0.05,False,,,0.0001264582824660465,0.00012676088372241001,False,True,False,True
2026-08-16 21:48:15,memory_ctta,toothbrush,monitor,C:/cira_batch_test/toothbrush/bad_10.png,bad_10.png,anomaly,True,0.1272491216659546,0.1272491216659546,0.0701888715806552,0.0701888715806552,0.0501871842890978,False,False,11172,False,,False,0.0,cpu,patch_nearest_normal,last2,14,0.05,False,,,0.0001249801425728947,0.00012676088372241001,False,True,False,True
2026-08-16 21:48:17,memory_ctta,toothbrush,monitor,C:/cira_batch_test/toothbrush/good_3.png,good_3.png,normal,False,0.03653483837842941,2.682209014892578e-07,0.0701888715806552,0.0701888715806552,0.0501871842890978,False,True,11368,True,,False,0.0,cpu,patch_nearest_normal,last2,14,0.05,True,C:\cira_ttl_checkpoints\toothbrush\patch_memory_bank_update_10.pt,C:\cira_ttl_checkpoints\toothbrush\patch_adapter_update_10.pt,0.00011202546738786623,0.00012676088372241001,True,True,False,True
2026-08-16 21:48:18,memory_ctta,toothbrush,monitor,C:/cira_batch_test/toothbrush/bad_11.png,bad_11.png,anomaly,True,0.28026920557022095,0.28026920557022095,0.0701888715806552,0.0701888715806552,0.0501871842890978,False,False,11368,False,,False,0.0,cpu,patch_nearest_normal,last2,14,0.05,False,,,0.00011055243521695957,0.00012676088372241001,False,True,False,True
2026-08-16 21:48:20,memory_ctta,toothbrush,monitor,C:/cira_batch_test/toothbrush/bad_18.png,bad_18.png,anomaly,True,0.2717684805393219,0.2717684805393219,0.0701888715806552,0.0701888715806552,0.0501871842890978,False,False,11368,False,,False,0.0,cpu,patch_nearest_normal,last2,14,0.05,False,,,0.00011874351184815168,0.00012676088372241001,False,True,False,True
2026-08-16 21:48:21,memory_ctta,toothbrush,monitor,C:/cira_batch_test/toothbrush/good_12.png,good_12.png,normal,False,0.06021793559193611,0.06021793559193611,0.0701888715806552,0.0701888715806552,0.0501871842890978,False,False,11368,False,,False,0.0,cpu,patch_nearest_normal,last2,14,0.05,False,,,0.00011511599586810917,0.00012676088372241001,False,True,False,True
2026-08-16 21:48:23,memory_ctta,toothbrush,monitor,C:/cira_batch_test/toothbrush/good_17.png,good_17.png,normal,False,0.019415969029068947,2.682209014892578e-07,0.0701888715806552,0.0701888715806552,0.0501871842890978,False,True,11564,True,,False,0.0,cpu,patch_nearest_normal,last2,14,0.05,False,,,0.00010971399024128914,0.00012676088372241001,True,True,False,True
2026-08-16 21:48:24,memory_ctta,toothbrush,monitor,C:/cira_batch_test/toothbrush/bad_5.png,bad_5.png,normal,False,0.05413052439689636,0.05413052439689636,0.0701888715806552,0.0701888715806552,0.0501871842890978,False,False,11564,False,,False,0.0,cpu,patch_nearest_normal,last2,14,0.05,False,,,0.00012120957399019971,0.00012676088372241001,False,True,False,True
2026-08-16 21:48:26,memory_ctta,toothbrush,monitor,C:/cira_batch_test/toothbrush/bad_6.png,bad_6.png,normal,False,0.050263989716768265,0.050263989716768265,0.0701888715806552,0.0701888715806552,0.0501871842890978,False,False,11564,False,,False,0.0,cpu,patch_nearest_normal,last2,14,0.05,False,,,0.00012102456821594387,0.00012676088372241001,False,True,False,True
2026-08-16 21:48:27,memory_ctta,toothbrush,monitor,C:/cira_batch_test/toothbrush/bad_7.png,bad_7.png,anomaly,True,0.132900208234787,0.132900208234787,0.0701888715806552,0.0701888715806552,0.0501871842890978,False,False,11564,False,,False,0.0,cpu,patch_nearest_normal,last2,14,0.05,False,,,0.00011724535579560325,0.00012676088372241001,False,True,False,True
2026-08-16 21:48:28,memory_ctta,toothbrush,monitor,C:/cira_batch_test/toothbrush/bad_9.png,bad_9.png,normal,False,0.04642831161618233,2.74181360282455e-07,0.0701888715806552,0.0701888715806552,0.0501871842890978,False,True,11760,True,,False,0.0,cpu,patch_nearest_normal,last2,14,0.05,False,,,0.00011345541861373931,0.00012676088372241001,True,True,False,True
2026-08-16 21:48:30,memory_ctta,toothbrush,monitor,C:/cira_batch_test/toothbrush/bad_4.png,bad_4.png,normal,False,0.06980624049901962,0.06980624049901962,0.0701888715806552,0.0701888715806552,0.0501871842890978,False,False,11760,False,,False,0.0,cpu,patch_nearest_normal,last2,14,0.05,False,,,0.00010922541696345434,0.00012676088372241001,False,True,False,True
2026-08-16 21:48:31,memory_ctta,toothbrush,monitor,C:/cira_batch_test/toothbrush/bad_2.png,bad_2.png,normal,False,0.06521694362163544,0.06521694362163544,0.0701888715806552,0.0701888715806552,0.0501871842890978,False,False,11760,False,,False,0.0,cpu,patch_nearest_normal,last2,14,0.05,False,,,0.00011045709834434092,0.00012676088372241001,False,True,False,True
2026-08-16 21:48:33,memory_ctta,transistor,monitor,C:/cira_batch_test/transistor/good_1.png,good_1.png,normal,False,0.05782352015376091,2.980232238769531e-07,0.08374595860198465,0.08374595860198465,0.075458013266325,False,True,16000,True,,False,0.0,cpu,patch_nearest_normal,last2,14,0.05,False,,,0.0001678302069194615,0.000183458399987945,True,True,False,True
2026-08-16 21:48:35,memory_ctta,transistor,monitor,C:/cira_batch_test/transistor/good_7.png,good_7.png,normal,False,0.07317934185266495,0.07317934185266495,0.08374595860198465,0.08374595860198465,0.075458013266325,False,False,16000,False,,False,0.0,cpu,patch_nearest_normal,last2,14,0.05,False,,,0.00018504256149753928,0.000183458399987945,True,False,False,True
2026-08-16 21:48:36,memory_ctta,transistor,monitor,C:/cira_batch_test/transistor/good_9.png,good_9.png,normal,False,0.07567831873893738,0.07567831873893738,0.08374595860198465,0.08374595860198465,0.075458013266325,False,False,16000,False,,False,0.0,cpu,patch_nearest_normal,last2,14,0.05,False,,,0.00018776985234580934,0.000183458399987945,False,False,False,True
2026-08-16 21:48:38,memory_ctta,transistor,monitor,C:/cira_batch_test/transistor/bad_8.png,bad_8.png,anomaly,True,0.17281325161457062,0.17281325161457062,0.08374595860198465,0.08374595860198465,0.075458013266325,False,False,16000,False,,False,0.0,cpu,patch_nearest_normal,last2,14,0.05,False,,,0.0001697424304438755,0.000183458399987945,False,True,False,True
2026-08-16 21:48:39,memory_ctta,transistor,monitor,C:/cira_batch_test/transistor/bad_1.png,bad_1.png,anomaly,True,0.12229273468255997,0.12229273468255997,0.08374595860198465,0.08374595860198465,0.075458013266325,False,False,16000,False,,False,0.0,cpu,patch_nearest_normal,last2,14,0.05,False,,,0.0001539079676149413,0.000183458399987945,False,True,False,True
2026-08-16 21:48:41,memory_ctta,transistor,monitor,C:/cira_batch_test/transistor/bad_14.png,bad_14.png,anomaly,True,0.10360636562108994,0.10360636562108994,0.08374595860198465,0.08374595860198465,0.075458013266325,False,False,16000,False,,False,0.0,cpu,patch_nearest_normal,last2,14,0.05,False,,,0.00015846278984099627,0.000183458399987945,False,True,False,True
2026-08-16 21:48:42,memory_ctta,transistor,monitor,C:/cira_batch_test/transistor/bad_15.png,bad_15.png,anomaly,True,0.09710438549518585,0.09710438549518585,0.08374595860198465,0.08374595860198465,0.075458013266325,False,False,16000,False,,False,0.0,cpu,patch_nearest_normal,last2,14,0.05,False,,,0.00017066180589608848,0.000183458399987945,False,True,False,True
2026-08-16 21:48:44,memory_ctta,transistor,monitor,C:/cira_batch_test/transistor/good_19.png,good_19.png,normal,False,0.0787007063627243,0.0787007063627243,0.08374595860198465,0.08374595860198465,0.075458013266325,False,False,16000,False,,False,0.0,cpu,patch_nearest_normal,last2,14,0.05,False,,,0.00016199702804442495,0.000183458399987945,False,True,False,True
2026-08-16 21:48:45,memory_ctta,transistor,monitor,C:/cira_batch_test/transistor/bad_3.png,bad_3.png,anomaly,True,0.10188472270965576,0.10188472270965576,0.08374595860198465,0.08374595860198465,0.075458013266325,False,False,16000,False,,False,0.0,cpu,patch_nearest_normal,last2,14,0.05,False,,,0.0001603206037543714,0.000183458399987945,False,True,False,True
2026-08-16 21:48:47,memory_ctta,transistor,monitor,C:/cira_batch_test/transistor/good_5.png,good_5.png,normal,False,0.06846370548009872,0.06846370548009872,0.08374595860198465,0.08374595860198465,0.075458013266325,False,False,16000,False,,False,0.0,cpu,patch_nearest_normal,last2,14,0.05,False,,,0.00019153393805027008,0.000183458399987945,True,False,False,True
2026-08-16 21:48:48,memory_ctta,transistor,monitor,C:/cira_batch_test/transistor/good_16.png,good_16.png,normal,False,0.0755409374833107,0.0755409374833107,0.08374595860198465,0.08374595860198465,0.075458013266325,False,False,16000,False,,False,0.0,cpu,patch_nearest_normal,last2,14,0.05,False,,,0.0001997978106373921,0.000183458399987945,False,False,False,True
2026-08-16 21:48:50,memory_ctta,transistor,monitor,C:/cira_batch_test/transistor/good_14.png,good_14.png,normal,False,0.066050685942173,0.066050685942173,0.08374595860198465,0.08374595860198465,0.075458013266325,False,False,16000,False,,False,0.0,cpu,patch_nearest_normal,last2,14,0.05,False,,,0.00018760538659989834,0.000183458399987945,True,False,False,True
2026-08-16 21:48:51,memory_ctta,transistor,monitor,C:/cira_batch_test/transistor/good_2.png,good_2.png,normal,False,0.08248630166053772,0.08248630166053772,0.08374595860198465,0.08374595860198465,0.075458013266325,False,False,16000,False,,False,0.0,cpu,patch_nearest_normal,last2,14,0.05,False,,,0.00016833368863444775,0.000183458399987945,False,True,False,True
2026-08-16 21:48:53,memory_ctta,transistor,monitor,C:/cira_batch_test/transistor/bad_13.png,bad_13.png,anomaly,True,0.10908913612365723,0.10908913612365723,0.08374595860198465,0.08374595860198465,0.075458013266325,False,False,16000,False,,False,0.0,cpu,patch_nearest_normal,last2,14,0.05,False,,,0.00017085971194319427,0.000183458399987945,False,True,False,True
2026-08-16 21:48:54,memory_ctta,transistor,monitor,C:/cira_batch_test/transistor/good_10.png,good_10.png,normal,False,0.07448457181453705,2.384185791015625e-07,0.08374595860198465,0.08374595860198465,0.075458013266325,False,True,16000,True,,False,0.0,cpu,patch_nearest_normal,last2,14,0.05,False,,,0.00017615061369724572,0.000183458399987945,True,True,False,True
2026-08-16 21:48:56,memory_ctta,transistor,monitor,C:/cira_batch_test/transistor/bad_19.png,bad_19.png,anomaly,True,0.0999908596277237,0.0999908596277237,0.08374595860198465,0.08374595860198465,0.075458013266325,False,False,16000,False,,False,0.0,cpu,patch_nearest_normal,last2,14,0.05,False,,,0.000172320767887868,0.000183458399987945,False,True,False,True
2026-08-16 21:48:57,memory_ctta,transistor,monitor,C:/cira_batch_test/transistor/good_4.png,good_4.png,normal,False,0.06362839043140411,2.74181360282455e-07,0.08374595860198465,0.08374595860198465,0.075458013266325,False,True,16000,True,,False,0.0,cpu,patch_nearest_normal,last2,14,0.05,False,,,0.0001767254143487662,0.000183458399987945,True,True,False,True
2026-08-16 21:48:59,memory_ctta,transistor,monitor,C:/cira_batch_test/transistor/bad_12.png,bad_12.png,anomaly,True,0.25256189703941345,0.25256189703941345,0.08374595860198465,0.08374595860198465,0.075458013266325,False,False,16000,False,,False,0.0,cpu,patch_nearest_normal,last2,14,0.05,False,,,0.000146615449921228,0.000183458399987945,False,True,False,True
2026-08-16 21:49:00,memory_ctta,transistor,monitor,C:/cira_batch_test/transistor/good_18.png,good_18.png,normal,False,0.06671903282403946,2.5033949668795685e-07,0.08374595860198465,0.08374595860198465,0.075458013266325,False,True,16000,True,,False,0.0,cpu,patch_nearest_normal,last2,14,0.05,False,,,0.00017641275189816952,0.000183458399987945,True,True,False,True
2026-08-16 21:49:02,memory_ctta,transistor,monitor,C:/cira_batch_test/transistor/bad_16.png,bad_16.png,anomaly,True,0.1786445677280426,0.1786445677280426,0.08374595860198465,0.08374595860198465,0.075458013266325,False,False,16000,False,,False,0.0,cpu,patch_nearest_normal,last2,14,0.05,False,,,0.00017511019541416317,0.000183458399987945,False,True,False,True
2026-08-16 21:49:03,memory_ctta,transistor,monitor,C:/cira_batch_test/transistor/good_6.png,good_6.png,normal,False,0.06617537885904312,2.9206276508375595e-07,0.08374595860198465,0.08374595860198465,0.075458013266325,False,True,16000,True,,False,0.0,cpu,patch_nearest_normal,last2,14,0.05,False,,,0.00017966775340028107,0.000183458399987945,True,True,False,True
2026-08-16 21:49:05,memory_ctta,transistor,monitor,C:/cira_batch_test/transistor/good_13.png,good_13.png,normal,False,0.05565772205591202,2.443790378947597e-07,0.08374595860198465,0.08374595860198465,0.075458013266325,False,True,16000,True,,False,0.0,cpu,patch_nearest_normal,last2,14,0.05,False,,,0.0001623747666599229,0.000183458399987945,True,True,False,True
2026-08-16 21:49:07,memory_ctta,transistor,monitor,C:/cira_batch_test/transistor/good_15.png,good_15.png,normal,False,0.07061876356601715,2.443790378947597e-07,0.08374595860198465,0.08374595860198465,0.075458013266325,False,True,16000,True,,False,0.0,cpu,patch_nearest_normal,last2,14,0.05,False,,,0.00017499204841442406,0.000183458399987945,True,True,False,True
2026-08-16 21:49:08,memory_ctta,transistor,monitor,C:/cira_batch_test/transistor/good_20.png,good_20.png,normal,False,0.07180605083703995,2.8610230629055877e-07,0.08374595860198465,0.08374595860198465,0.075458013266325,False,True,16000,True,,False,0.0,cpu,patch_nearest_normal,last2,14,0.05,False,,,0.00017560429114382714,0.000183458399987945,True,True,False,True
2026-08-16 21:49:10,memory_ctta,transistor,monitor,C:/cira_batch_test/transistor/bad_17.png,bad_17.png,anomaly,True,0.2050934135913849,0.2050934135913849,0.08374595860198465,0.08374595860198465,0.075458013266325,False,False,16000,False,,False,0.0,cpu,patch_nearest_normal,last2,14,0.05,False,,,0.00017700587341096252,0.000183458399987945,False,True,False,True
2026-08-16 21:49:11,memory_ctta,transistor,monitor,C:/cira_batch_test/transistor/good_11.png,good_11.png,normal,False,0.059817492961883545,0.059817492961883545,0.08374595860198465,0.08374595860198465,0.075458013266325,False,False,16000,False,,False,0.0,cpu,patch_nearest_normal,last2,14,0.05,False,,,0.00018358838860876858,0.000183458399987945,True,False,False,True
2026-08-16 21:49:12,memory_ctta,transistor,monitor,C:/cira_batch_test/transistor/bad_20.png,bad_20.png,anomaly,True,0.2899948060512543,0.2899948060512543,0.08374595860198465,0.08374595860198465,0.075458013266325,False,False,16000,False,,False,0.0,cpu,patch_nearest_normal,last2,14,0.05,False,,,0.0001850757107604295,0.000183458399987945,False,False,False,True
2026-08-16 21:49:14,memory_ctta,transistor,monitor,C:/cira_batch_test/transistor/good_8.png,good_8.png,normal,False,0.05745910853147507,2.8014181907565217e-07,0.08374595860198465,0.08374595860198465,0.075458013266325,False,True,16000,True,,False,0.0,cpu,patch_nearest_normal,last2,14,0.05,False,,,0.00015602042549289763,0.000183458399987945,True,True,False,True
2026-08-16 21:49:16,memory_ctta,transistor,monitor,C:/cira_batch_test/transistor/bad_10.png,bad_10.png,anomaly,True,0.1290140599012375,0.1290140599012375,0.08374595860198465,0.08374595860198465,0.075458013266325,False,False,16000,False,,False,0.0,cpu,patch_nearest_normal,last2,14,0.05,False,,,0.0001697376137599349,0.000183458399987945,False,True,False,True
2026-08-16 21:49:17,memory_ctta,transistor,monitor,C:/cira_batch_test/transistor/good_3.png,good_3.png,normal,False,0.07938728481531143,0.07938728481531143,0.08374595860198465,0.08374595860198465,0.075458013266325,False,False,16000,False,,False,0.0,cpu,patch_nearest_normal,last2,14,0.05,False,,,0.0001551828027004376,0.000183458399987945,False,True,False,True
2026-08-16 21:49:19,memory_ctta,transistor,monitor,C:/cira_batch_test/transistor/bad_11.png,bad_11.png,normal,False,0.07527397572994232,2.682209014892578e-07,0.08374595860198465,0.08374595860198465,0.075458013266325,False,True,16000,True,,False,0.0,cpu,patch_nearest_normal,last2,14,0.05,True,C:\cira_ttl_checkpoints\transistor\patch_memory_bank_update_10.pt,C:\cira_ttl_checkpoints\transistor\patch_adapter_update_10.pt,0.00016965485701803118,0.000183458399987945,True,True,False,True
2026-08-16 21:49:20,memory_ctta,transistor,monitor,C:/cira_batch_test/transistor/bad_18.png,bad_18.png,anomaly,True,0.1441592574119568,0.1441592574119568,0.08374595860198465,0.08374595860198465,0.075458013266325,False,False,16000,False,,False,0.0,cpu,patch_nearest_normal,last2,14,0.05,False,,,0.00019397532742004842,0.000183458399987945,False,False,False,True
2026-08-16 21:49:22,memory_ctta,transistor,monitor,C:/cira_batch_test/transistor/good_12.png,good_12.png,normal,False,0.054373275488615036,2.980232238769531e-07,0.08374595860198465,0.08374595860198465,0.075458013266325,False,True,16000,True,,False,0.0,cpu,patch_nearest_normal,last2,14,0.05,False,,,0.00018200452905148268,0.000183458399987945,True,True,False,True
2026-08-16 21:49:23,memory_ctta,transistor,monitor,C:/cira_batch_test/transistor/good_17.png,good_17.png,normal,False,0.0511382520198822,2.980232238769531e-07,0.08374595860198465,0.08374595860198465,0.075458013266325,False,True,16000,True,,False,0.0,cpu,patch_nearest_normal,last2,14,0.05,False,,,0.00017500706599093974,0.000183458399987945,True,True,False,True
2026-08-16 21:49:25,memory_ctta,transistor,monitor,C:/cira_batch_test/transistor/bad_5.png,bad_5.png,anomaly,True,0.10969649255275726,0.10969649255275726,0.08374595860198465,0.08374595860198465,0.075458013266325,False,False,16000,False,,False,0.0,cpu,patch_nearest_normal,last2,14,0.05,False,,,0.00017214064428117126,0.000183458399987945,False,True,False,True
2026-08-16 21:49:26,memory_ctta,transistor,monitor,C:/cira_batch_test/transistor/bad_6.png,bad_6.png,normal,False,0.0779801532626152,0.0779801532626152,0.08374595860198465,0.08374595860198465,0.075458013266325,False,False,16000,False,,False,0.0,cpu,patch_nearest_normal,last2,14,0.05,False,,,0.0001636726374272257,0.000183458399987945,False,True,False,True
2026-08-16 21:49:28,memory_ctta,transistor,monitor,C:/cira_batch_test/transistor/bad_7.png,bad_7.png,anomaly,True,0.12308547645807266,0.12308547645807266,0.08374595860198465,0.08374595860198465,0.075458013266325,False,False,16000,False,,False,0.0,cpu,patch_nearest_normal,last2,14,0.05,False,,,0.00016995877376757562,0.000183458399987945,False,True,False,True
2026-08-16 21:49:29,memory_ctta,transistor,monitor,C:/cira_batch_test/transistor/bad_9.png,bad_9.png,anomaly,True,0.12872451543807983,0.12872451543807983,0.08374595860198465,0.08374595860198465,0.075458013266325,False,False,16000,False,,False,0.0,cpu,patch_nearest_normal,last2,14,0.05,False,,,0.00016634378698654473,0.000183458399987945,False,True,False,True
2026-08-16 21:49:31,memory_ctta,transistor,monitor,C:/cira_batch_test/transistor/bad_4.png,bad_4.png,anomaly,True,0.09009386599063873,0.09009386599063873,0.08374595860198465,0.08374595860198465,0.075458013266325,False,False,16000,False,,False,0.0,cpu,patch_nearest_normal,last2,14,0.05,False,,,0.00012622616486623883,0.000183458399987945,False,True,False,True
2026-08-16 21:49:32,memory_ctta,transistor,monitor,C:/cira_batch_test/transistor/bad_2.png,bad_2.png,anomaly,True,0.20421941578388214,0.20421941578388214,0.08374595860198465,0.08374595860198465,0.075458013266325,False,False,16000,False,,False,0.0,cpu,patch_nearest_normal,last2,14,0.05,False,,,0.00016848459199536592,0.000183458399987945,False,True,False,True
2026-08-16 21:49:34,memory_ctta,wood,monitor,C:/cira_batch_test/wood/good_1.png,good_1.png,normal,False,0.035984765738248825,2.74181360282455e-07,0.04761727861349719,0.04761727861349719,0.037343646213412296,False,True,16000,True,,False,0.0,cpu,patch_nearest_normal,last2,14,0.05,False,,,8.913361671147868e-05,0.00010775983100752,True,True,False,True
2026-08-16 21:49:36,memory_ctta,wood,monitor,C:/cira_batch_test/wood/good_7.png,good_7.png,normal,False,0.021703410893678665,2.8014181907565217e-07,0.04761727861349719,0.04761727861349719,0.037343646213412296,False,True,16000,True,,False,0.0,cpu,patch_nearest_normal,last2,14,0.05,False,,,9.277328354073688e-05,0.00010775983100752,True,True,False,True
2026-08-16 21:49:37,memory_ctta,wood,monitor,C:/cira_batch_test/wood/good_9.png,good_9.png,anomaly,True,0.055282752960920334,0.055282752960920334,0.04761727861349719,0.04761727861349719,0.037343646213412296,False,False,16000,False,,False,0.0,cpu,patch_nearest_normal,last2,14,0.05,False,,,0.000119263437227346,0.00010775983100752,False,False,False,True
2026-08-16 21:49:39,memory_ctta,wood,monitor,C:/cira_batch_test/wood/bad_8.png,bad_8.png,anomaly,True,0.22193968296051025,0.22193968296051025,0.04761727861349719,0.04761727861349719,0.037343646213412296,False,False,16000,False,,False,0.0,cpu,patch_nearest_normal,last2,14,0.05,False,,,7.530247239628807e-05,0.00010775983100752,False,True,False,True
2026-08-16 21:49:40,memory_ctta,wood,monitor,C:/cira_batch_test/wood/bad_1.png,bad_1.png,anomaly,True,0.34858831763267517,0.34858831763267517,0.04761727861349719,0.04761727861349719,0.037343646213412296,False,False,16000,False,,False,0.0,cpu,patch_nearest_normal,last2,14,0.05,False,,,9.173226862912998e-05,0.00010775983100752,False,True,False,True
2026-08-16 21:49:42,memory_ctta,wood,monitor,C:/cira_batch_test/wood/bad_14.png,bad_14.png,anomaly,True,0.23999524116516113,0.23999524116516113,0.04761727861349719,0.04761727861349719,0.037343646213412296,False,False,16000,False,,False,0.0,cpu,patch_nearest_normal,last2,14,0.05,False,,,7.822711631888524e-05,0.00010775983100752,False,True,False,True
2026-08-16 21:49:43,memory_ctta,wood,monitor,C:/cira_batch_test/wood/bad_15.png,bad_15.png,anomaly,True,0.214952751994133,0.214952751994133,0.04761727861349719,0.04761727861349719,0.037343646213412296,False,False,16000,False,,False,0.0,cpu,patch_nearest_normal,last2,14,0.05,False,,,0.0001043482479872182,0.00010775983100752,False,True,False,True
2026-08-16 21:49:45,memory_ctta,wood,monitor,C:/cira_batch_test/wood/good_19.png,good_19.png,anomaly,True,0.05215899273753166,0.05215899273753166,0.04761727861349719,0.04761727861349719,0.037343646213412296,False,False,16000,False,,False,0.0,cpu,patch_nearest_normal,last2,14,0.05,False,,,9.630808926885948e-05,0.00010775983100752,False,True,False,True
2026-08-16 21:49:46,memory_ctta,wood,monitor,C:/cira_batch_test/wood/bad_3.png,bad_3.png,anomaly,True,0.25414711236953735,0.25414711236953735,0.04761727861349719,0.04761727861349719,0.037343646213412296,False,False,16000,False,,False,0.0,cpu,patch_nearest_normal,last2,14,0.05,False,,,0.0001516757911304012,0.00010775983100752,False,False,False,True
2026-08-16 21:49:48,memory_ctta,wood,monitor,C:/cira_batch_test/wood/good_5.png,good_5.png,normal,False,0.021038657054305077,3.099441414633475e-07,0.04761727861349719,0.04761727861349719,0.037343646213412296,False,True,16000,True,,False,0.0,cpu,patch_nearest_normal,last2,14,0.05,False,,,7.473461300833151e-05,0.00010775983100752,True,True,False,True
2026-08-16 21:49:49,memory_ctta,wood,monitor,C:/cira_batch_test/wood/good_16.png,good_16.png,normal,False,0.036814115941524506,0.036814115941524506,0.04761727861349719,0.04761727861349719,0.037343646213412296,False,False,16000,False,,False,0.0,cpu,patch_nearest_normal,last2,14,0.05,False,,,0.00011072332563344389,0.00010775983100752,True,False,False,True
2026-08-16 21:49:51,memory_ctta,wood,monitor,C:/cira_batch_test/wood/good_14.png,good_14.png,anomaly,True,0.04880256578326225,0.04880256578326225,0.04761727861349719,0.04761727861349719,0.037343646213412296,False,False,16000,False,,False,0.0,cpu,patch_nearest_normal,last2,14,0.05,False,,,0.00011626059131231159,0.00010775983100752,False,False,False,True
2026-08-16 21:49:53,memory_ctta,wood,monitor,C:/cira_batch_test/wood/good_2.png,good_2.png,normal,False,0.024353832006454468,2.2649764730431343e-07,0.04761727861349719,0.04761727861349719,0.037343646213412296,False,True,16000,True,,False,0.0,cpu,patch_nearest_normal,last2,14,0.05,False,,,8.490007894579321e-05,0.00010775983100752,True,True,False,True
2026-08-16 21:49:54,memory_ctta,wood,monitor,C:/cira_batch_test/wood/bad_13.png,bad_13.png,anomaly,True,0.3154453635215759,0.3154453635215759,0.04761727861349719,0.04761727861349719,0.037343646213412296,False,False,16000,False,,False,0.0,cpu,patch_nearest_normal,last2,14,0.05,False,,,9.320404205936939e-05,0.00010775983100752,False,True,False,True
2026-08-16 21:49:56,memory_ctta,wood,monitor,C:/cira_batch_test/wood/good_10.png,good_10.png,anomaly,True,0.09005147963762283,0.09005147963762283,0.04761727861349719,0.04761727861349719,0.037343646213412296,False,False,16000,False,,False,0.0,cpu,patch_nearest_normal,last2,14,0.05,False,,,0.00011844104301417246,0.00010775983100752,False,False,False,True
2026-08-16 21:49:59,memory_ctta,wood,monitor,C:/cira_batch_test/wood/bad_19.png,bad_19.png,anomaly,True,0.21836884319782257,0.21836884319782257,0.04761727861349719,0.04761727861349719,0.037343646213412296,False,False,16000,False,,False,0.0,cpu,patch_nearest_normal,last2,14,0.05,False,,,9.22620965866372e-05,0.00010775983100752,False,True,False,True
2026-08-16 21:50:01,memory_ctta,wood,monitor,C:/cira_batch_test/wood/good_4.png,good_4.png,normal,False,0.016591239720582962,2.6226044269606064e-07,0.04761727861349719,0.04761727861349719,0.037343646213412296,False,True,16000,True,,False,0.0,cpu,patch_nearest_normal,last2,14,0.05,False,,,7.60549955884926e-05,0.00010775983100752,True,True,False,True
2026-08-16 21:50:02,memory_ctta,wood,monitor,C:/cira_batch_test/wood/bad_12.png,bad_12.png,anomaly,True,0.18334026634693146,0.18334026634693146,0.04761727861349719,0.04761727861349719,0.037343646213412296,False,False,16000,False,,False,0.0,cpu,patch_nearest_normal,last2,14,0.05,False,,,0.00012926780618727207,0.00010775983100752,False,False,False,True
2026-08-16 21:50:04,memory_ctta,wood,monitor,C:/cira_batch_test/wood/good_18.png,good_18.png,normal,False,0.03964800387620926,0.03964800387620926,0.04761727861349719,0.04761727861349719,0.037343646213412296,False,False,16000,False,,False,0.0,cpu,patch_nearest_normal,last2,14,0.05,False,,,9.397006942890584e-05,0.00010775983100752,False,True,False,True
2026-08-16 21:50:06,memory_ctta,wood,monitor,C:/cira_batch_test/wood/bad_16.png,bad_16.png,anomaly,True,0.2178620994091034,0.2178620994091034,0.04761727861349719,0.04761727861349719,0.037343646213412296,False,False,16000,False,,False,0.0,cpu,patch_nearest_normal,last2,14,0.05,False,,,8.043130947044119e-05,0.00010775983100752,False,True,False,True
2026-08-16 21:50:07,memory_ctta,wood,monitor,C:/cira_batch_test/wood/good_6.png,good_6.png,normal,False,0.018588632345199585,3.099441414633475e-07,0.04761727861349719,0.04761727861349719,0.037343646213412296,False,True,16000,True,,False,0.0,cpu,patch_nearest_normal,last2,14,0.05,False,,,7.31195614207536e-05,0.00010775983100752,True,True,False,True
2026-08-16 21:50:09,memory_ctta,wood,monitor,C:/cira_batch_test/wood/good_13.png,good_13.png,anomaly,True,0.04858999326825142,0.04858999326825142,0.04761727861349719,0.04761727861349719,0.037343646213412296,False,False,16000,False,,False,0.0,cpu,patch_nearest_normal,last2,14,0.05,False,,,0.0001054603562806733,0.00010775983100752,False,True,False,True
2026-08-16 21:50:10,memory_ctta,wood,monitor,C:/cira_batch_test/wood/good_15.png,good_15.png,anomaly,True,0.05178828909993172,0.05178828909993172,0.04761727861349719,0.04761727861349719,0.037343646213412296,False,False,16000,False,,False,0.0,cpu,patch_nearest_normal,last2,14,0.05,False,,,9.341979603050277e-05,0.00010775983100752,False,True,False,True
2026-08-16 21:50:12,memory_ctta,wood,monitor,C:/cira_batch_test/wood/good_20.png,good_20.png,normal,False,0.026472818106412888,3.814697322468419e-07,0.04761727861349719,0.04761727861349719,0.037343646213412296,False,True,16000,True,,False,0.0,cpu,patch_nearest_normal,last2,14,0.05,False,,,0.00010656730592017993,0.00010775983100752,True,True,False,True
2026-08-16 21:50:13,memory_ctta,wood,monitor,C:/cira_batch_test/wood/bad_17.png,bad_17.png,anomaly,True,0.3650740683078766,0.3650740683078766,0.04761727861349719,0.04761727861349719,0.037343646213412296,False,False,16000,False,,False,0.0,cpu,patch_nearest_normal,last2,14,0.05,False,,,9.481432061875239e-05,0.00010775983100752,False,True,False,True
2026-08-16 21:50:15,memory_ctta,wood,monitor,C:/cira_batch_test/wood/good_11.png,good_11.png,normal,False,0.036034613847732544,3.2186508747145126e-07,0.04761727861349719,0.04761727861349719,0.037343646213412296,False,True,16000,True,,False,0.0,cpu,patch_nearest_normal,last2,14,0.05,False,,,0.00010709466732805595,0.00010775983100752,True,True,False,True
2026-08-16 21:50:16,memory_ctta,wood,monitor,C:/cira_batch_test/wood/bad_20.png,bad_20.png,anomaly,True,0.1708804816007614,0.1708804816007614,0.04761727861349719,0.04761727861349719,0.037343646213412296,False,False,16000,False,,False,0.0,cpu,patch_nearest_normal,last2,14,0.05,False,,,0.00010376024147262797,0.00010775983100752,False,True,False,True
2026-08-16 21:50:18,memory_ctta,wood,monitor,C:/cira_batch_test/wood/good_8.png,good_8.png,normal,False,0.03457622975111008,0.03457622975111008,0.04761727861349719,0.04761727861349719,0.037343646213412296,False,False,16000,False,,False,0.0,cpu,patch_nearest_normal,last2,14,0.05,False,,,0.00012917099229525775,0.00010775983100752,True,False,False,True
2026-08-16 21:50:19,memory_ctta,wood,monitor,C:/cira_batch_test/wood/bad_10.png,bad_10.png,anomaly,True,0.2777043879032135,0.2777043879032135,0.04761727861349719,0.04761727861349719,0.037343646213412296,False,False,16000,False,,False,0.0,cpu,patch_nearest_normal,last2,14,0.05,False,,,7.710842328378931e-05,0.00010775983100752,False,True,False,True
2026-08-16 21:50:21,memory_ctta,wood,monitor,C:/cira_batch_test/wood/good_3.png,good_3.png,normal,False,0.021177267655730247,3.635883274455409e-07,0.04761727861349719,0.04761727861349719,0.037343646213412296,False,True,16000,True,,False,0.0,cpu,patch_nearest_normal,last2,14,0.05,False,,,7.802781328791752e-05,0.00010775983100752,True,True,False,True
2026-08-16 21:50:23,memory_ctta,wood,monitor,C:/cira_batch_test/wood/bad_11.png,bad_11.png,anomaly,True,0.08606530725955963,0.08606530725955963,0.04761727861349719,0.04761727861349719,0.037343646213412296,False,False,16000,False,,False,0.0,cpu,patch_nearest_normal,last2,14,0.05,False,,,7.044854282867163e-05,0.00010775983100752,False,True,False,True
2026-08-16 21:50:24,memory_ctta,wood,monitor,C:/cira_batch_test/wood/bad_18.png,bad_18.png,anomaly,True,0.3986118733882904,0.3986118733882904,0.04761727861349719,0.04761727861349719,0.037343646213412296,False,False,16000,False,,False,0.0,cpu,patch_nearest_normal,last2,14,0.05,False,,,7.963516691233963e-05,0.00010775983100752,False,True,False,True
2026-08-16 21:50:26,memory_ctta,wood,monitor,C:/cira_batch_test/wood/good_12.png,good_12.png,normal,False,0.026571113616228104,2.8014181907565217e-07,0.04761727861349719,0.04761727861349719,0.037343646213412296,False,True,16000,True,,False,0.0,cpu,patch_nearest_normal,last2,14,0.05,True,C:\cira_ttl_checkpoints\wood\patch_memory_bank_update_10.pt,C:\cira_ttl_checkpoints\wood\patch_adapter_update_10.pt,0.00010095063771586865,0.00010775983100752,True,True,False,True
2026-08-16 21:50:27,memory_ctta,wood,monitor,C:/cira_batch_test/wood/good_17.png,good_17.png,normal,False,0.03961895778775215,0.03961895778775215,0.04761727861349719,0.04761727861349719,0.037343646213412296,False,False,16000,False,,False,0.0,cpu,patch_nearest_normal,last2,14,0.05,False,,,0.00010215990914730355,0.00010775983100752,False,True,False,True
2026-08-16 21:50:29,memory_ctta,wood,monitor,C:/cira_batch_test/wood/bad_5.png,bad_5.png,anomaly,True,0.24019880592823029,0.24019880592823029,0.04761727861349719,0.04761727861349719,0.037343646213412296,False,False,16000,False,,False,0.0,cpu,patch_nearest_normal,last2,14,0.05,False,,,0.00010190640023211017,0.00010775983100752,False,True,False,True
2026-08-16 21:50:30,memory_ctta,wood,monitor,C:/cira_batch_test/wood/bad_6.png,bad_6.png,anomaly,True,0.22265997529029846,0.22265997529029846,0.04761727861349719,0.04761727861349719,0.037343646213412296,False,False,16000,False,,False,0.0,cpu,patch_nearest_normal,last2,14,0.05,False,,,0.00012638658517971635,0.00010775983100752,False,False,False,True
2026-08-16 21:50:32,memory_ctta,wood,monitor,C:/cira_batch_test/wood/bad_7.png,bad_7.png,anomaly,True,0.09881146997213364,0.09881146997213364,0.04761727861349719,0.04761727861349719,0.037343646213412296,False,False,16000,False,,False,0.0,cpu,patch_nearest_normal,last2,14,0.05,False,,,9.704144758870825e-05,0.00010775983100752,False,True,False,True
2026-08-16 21:50:33,memory_ctta,wood,monitor,C:/cira_batch_test/wood/bad_9.png,bad_9.png,anomaly,True,0.21411867439746857,0.21411867439746857,0.04761727861349719,0.04761727861349719,0.037343646213412296,False,False,16000,False,,False,0.0,cpu,patch_nearest_normal,last2,14,0.05,False,,,7.136143540265039e-05,0.00010775983100752,False,True,False,True
2026-08-16 21:50:35,memory_ctta,wood,monitor,C:/cira_batch_test/wood/bad_4.png,bad_4.png,anomaly,True,0.3489580750465393,0.3489580750465393,0.04761727861349719,0.04761727861349719,0.037343646213412296,False,False,16000,False,,False,0.0,cpu,patch_nearest_normal,last2,14,0.05,False,,,9.012439113575965e-05,0.00010775983100752,False,True,False,True
2026-08-16 21:50:36,memory_ctta,wood,monitor,C:/cira_batch_test/wood/bad_2.png,bad_2.png,anomaly,True,0.2733474373817444,0.2733474373817444,0.04761727861349719,0.04761727861349719,0.037343646213412296,False,False,16000,False,,False,0.0,cpu,patch_nearest_normal,last2,14,0.05,False,,,0.00010610690515022725,0.00010775983100752,False,True,False,True
2026-08-16 21:50:38,memory_ctta,zipper,monitor,C:/cira_batch_test/zipper/good_1.png,good_1.png,normal,False,0.02195020392537117,2.8610230629055877e-07,0.026937197228883013,0.026937197228883013,0.026275477930903436,False,True,16000,True,,False,0.0,cpu,patch_nearest_normal,last2,14,0.05,False,,,0.00011427716526668519,0.00012004206546407001,True,True,False,True
2026-08-16 21:50:40,memory_ctta,zipper,monitor,C:/cira_batch_test/zipper/good_7.png,good_7.png,normal,False,0.02147231623530388,2.6226044269606064e-07,0.026937197228883013,0.026937197228883013,0.026275477930903436,False,True,16000,True,,False,0.0,cpu,patch_nearest_normal,last2,14,0.05,False,,,0.00011152849037898704,0.00012004206546407001,True,True,False,True
2026-08-16 21:50:41,memory_ctta,zipper,monitor,C:/cira_batch_test/zipper/good_9.png,good_9.png,normal,False,0.02214909717440605,3.2186508747145126e-07,0.026937197228883013,0.026937197228883013,0.026275477930903436,False,True,16000,True,,False,0.0,cpu,patch_nearest_normal,last2,14,0.05,False,,,0.00010915441816905513,0.00012004206546407001,True,True,False,True
2026-08-16 21:50:43,memory_ctta,zipper,monitor,C:/cira_batch_test/zipper/bad_8.png,bad_8.png,anomaly,True,0.13829226791858673,0.13829226791858673,0.026937197228883013,0.026937197228883013,0.026275477930903436,False,False,16000,False,,False,0.0,cpu,patch_nearest_normal,last2,14,0.05,False,,,0.00011397267371648923,0.00012004206546407001,False,True,False,True
2026-08-16 21:50:44,memory_ctta,zipper,monitor,C:/cira_batch_test/zipper/bad_1.png,bad_1.png,anomaly,True,0.032109759747982025,0.032109759747982025,0.026937197228883013,0.026937197228883013,0.026275477930903436,False,False,16000,False,,False,0.0,cpu,patch_nearest_normal,last2,14,0.05,False,,,0.00011528464528964832,0.00012004206546407001,False,True,False,True
2026-08-16 21:50:46,memory_ctta,zipper,monitor,C:/cira_batch_test/zipper/bad_14.png,bad_14.png,anomaly,True,0.04760550707578659,0.04760550707578659,0.026937197228883013,0.026937197228883013,0.026275477930903436,False,False,16000,False,,False,0.0,cpu,patch_nearest_normal,last2,14,0.05,False,,,0.00012071983655914664,0.00012004206546407001,False,False,False,True
2026-08-16 21:50:47,memory_ctta,zipper,monitor,C:/cira_batch_test/zipper/bad_15.png,bad_15.png,anomaly,True,0.0702989399433136,0.0702989399433136,0.026937197228883013,0.026937197228883013,0.026275477930903436,False,False,16000,False,,False,0.0,cpu,patch_nearest_normal,last2,14,0.05,False,,,0.0001146801223512739,0.00012004206546407001,False,True,False,True
2026-08-16 21:50:49,memory_ctta,zipper,monitor,C:/cira_batch_test/zipper/good_19.png,good_19.png,normal,False,0.022169142961502075,2.8610230629055877e-07,0.026937197228883013,0.026937197228883013,0.026275477930903436,False,True,16000,True,,False,0.0,cpu,patch_nearest_normal,last2,14,0.05,False,,,0.00011256575089646503,0.00012004206546407001,True,True,False,True
2026-08-16 21:50:50,memory_ctta,zipper,monitor,C:/cira_batch_test/zipper/bad_3.png,bad_3.png,anomaly,True,0.029107045382261276,0.029107045382261276,0.026937197228883013,0.026937197228883013,0.026275477930903436,False,False,16000,False,,False,0.0,cpu,patch_nearest_normal,last2,14,0.05,False,,,0.00012242970115039498,0.00012004206546407001,False,False,False,True
2026-08-16 21:50:52,memory_ctta,zipper,monitor,C:/cira_batch_test/zipper/good_5.png,good_5.png,anomaly,True,0.02722979709506035,0.02722979709506035,0.026937197228883013,0.026937197228883013,0.026275477930903436,False,False,16000,False,,False,0.0,cpu,patch_nearest_normal,last2,14,0.05,False,,,0.00010362679313402623,0.00012004206546407001,False,True,False,True
2026-08-16 21:50:53,memory_ctta,zipper,monitor,C:/cira_batch_test/zipper/good_16.png,good_16.png,normal,False,0.02255808748304844,0.02255808748304844,0.026937197228883013,0.026937197228883013,0.026275477930903436,False,False,16000,False,,False,0.0,cpu,patch_nearest_normal,last2,14,0.05,False,,,0.00012533910921774805,0.00012004206546407001,True,False,False,True
2026-08-16 21:50:55,memory_ctta,zipper,monitor,C:/cira_batch_test/zipper/good_14.png,good_14.png,normal,False,0.02046407386660576,2.5629998390286346e-07,0.026937197228883013,0.026937197228883013,0.026275477930903436,False,True,16000,True,,False,0.0,cpu,patch_nearest_normal,last2,14,0.05,False,,,0.00010515886242501438,0.00012004206546407001,True,True,False,True
2026-08-16 21:50:56,memory_ctta,zipper,monitor,C:/cira_batch_test/zipper/good_2.png,good_2.png,anomaly,True,0.026979994028806686,0.026979994028806686,0.026937197228883013,0.026937197228883013,0.026275477930903436,False,False,16000,False,,False,0.0,cpu,patch_nearest_normal,last2,14,0.05,False,,,0.00010467362153576687,0.00012004206546407001,False,True,False,True
2026-08-16 21:50:58,memory_ctta,zipper,monitor,C:/cira_batch_test/zipper/bad_13.png,bad_13.png,anomaly,True,0.039953023195266724,0.039953023195266724,0.026937197228883013,0.026937197228883013,0.026275477930903436,False,False,16000,False,,False,0.0,cpu,patch_nearest_normal,last2,14,0.05,False,,,0.00011162211740156636,0.00012004206546407001,False,True,False,True
2026-08-16 21:50:59,memory_ctta,zipper,monitor,C:/cira_batch_test/zipper/good_10.png,good_10.png,normal,False,0.0218953900039196,2.8610230629055877e-07,0.026937197228883013,0.026937197228883013,0.026275477930903436,False,True,16000,True,,False,0.0,cpu,patch_nearest_normal,last2,14,0.05,False,,,0.00010476128954906017,0.00012004206546407001,True,True,False,True
2026-08-16 21:51:01,memory_ctta,zipper,monitor,C:/cira_batch_test/zipper/bad_19.png,bad_19.png,anomaly,True,0.054474830627441406,0.054474830627441406,0.026937197228883013,0.026937197228883013,0.026275477930903436,False,False,16000,False,,False,0.0,cpu,patch_nearest_normal,last2,14,0.05,False,,,0.00011392994201742113,0.00012004206546407001,False,True,False,True
2026-08-16 21:51:02,memory_ctta,zipper,monitor,C:/cira_batch_test/zipper/good_4.png,good_4.png,normal,False,0.02662230096757412,0.02662230096757412,0.026937197228883013,0.026937197228883013,0.026275477930903436,False,False,16000,False,,False,0.0,cpu,patch_nearest_normal,last2,14,0.05,False,,,0.00010941131768049672,0.00012004206546407001,False,True,False,True
2026-08-16 21:51:04,memory_ctta,zipper,monitor,C:/cira_batch_test/zipper/bad_12.png,bad_12.png,normal,False,0.023246604949235916,2.384185791015625e-07,0.026937197228883013,0.026937197228883013,0.026275477930903436,False,True,16000,True,,False,0.0,cpu,patch_nearest_normal,last2,14,0.05,False,,,9.324039274360985e-05,0.00012004206546407001,True,True,False,True
2026-08-16 21:51:05,memory_ctta,zipper,monitor,C:/cira_batch_test/zipper/good_18.png,good_18.png,normal,False,0.018759334459900856,3.159046286782541e-07,0.026937197228883013,0.026937197228883013,0.026275477930903436,False,True,16000,True,,False,0.0,cpu,patch_nearest_normal,last2,14,0.05,False,,,0.00011039143282687292,0.00012004206546407001,True,True,False,True
2026-08-16 21:51:07,memory_ctta,zipper,monitor,C:/cira_batch_test/zipper/bad_16.png,bad_16.png,anomaly,True,0.04790065810084343,0.04790065810084343,0.026937197228883013,0.026937197228883013,0.026275477930903436,False,False,16000,False,,False,0.0,cpu,patch_nearest_normal,last2,14,0.05,False,,,0.000125820268294774,0.00012004206546407001,False,False,False,True
2026-08-16 21:51:08,memory_ctta,zipper,monitor,C:/cira_batch_test/zipper/good_6.png,good_6.png,normal,False,0.020609069615602493,2.5033949668795685e-07,0.026937197228883013,0.026937197228883013,0.026275477930903436,False,True,16000,True,,False,0.0,cpu,patch_nearest_normal,last2,14,0.05,False,,,0.00011156016262248158,0.00012004206546407001,True,True,False,True
2026-08-16 21:51:10,memory_ctta,zipper,monitor,C:/cira_batch_test/zipper/good_13.png,good_13.png,normal,False,0.02320253849029541,2.3245812030836532e-07,0.026937197228883013,0.026937197228883013,0.026275477930903436,False,True,16000,True,,False,0.0,cpu,patch_nearest_normal,last2,14,0.05,True,C:\cira_ttl_checkpoints\zipper\patch_memory_bank_update_10.pt,C:\cira_ttl_checkpoints\zipper\patch_adapter_update_10.pt,0.0001063368545146659,0.00012004206546407001,True,True,False,True
2026-08-16 21:51:11,memory_ctta,zipper,monitor,C:/cira_batch_test/zipper/good_15.png,good_15.png,normal,False,0.01952202245593071,2.8610230629055877e-07,0.026937197228883013,0.026937197228883013,0.026275477930903436,False,True,16000,True,,False,0.0,cpu,patch_nearest_normal,last2,14,0.05,False,,,0.000108652027847711,0.00012004206546407001,True,True,False,True
2026-08-16 21:51:13,memory_ctta,zipper,monitor,C:/cira_batch_test/zipper/good_20.png,good_20.png,normal,False,0.019984906539320946,3.039836826701503e-07,0.026937197228883013,0.026937197228883013,0.026275477930903436,False,True,16000,True,,False,0.0,cpu,patch_nearest_normal,last2,14,0.05,False,,,0.00011176036059623584,0.00012004206546407001,True,True,False,True
2026-08-16 21:51:14,memory_ctta,zipper,monitor,C:/cira_batch_test/zipper/bad_17.png,bad_17.png,anomaly,True,0.05494915321469307,0.05494915321469307,0.026937197228883013,0.026937197228883013,0.026275477930903436,False,False,16000,False,,False,0.0,cpu,patch_nearest_normal,last2,14,0.05,False,,,0.00010290369391441345,0.00012004206546407001,False,True,False,True
2026-08-16 21:51:16,memory_ctta,zipper,monitor,C:/cira_batch_test/zipper/good_11.png,good_11.png,normal,False,0.017689257860183716,2.682209014892578e-07,0.026937197228883013,0.026937197228883013,0.026275477930903436,False,True,16000,True,,False,0.0,cpu,patch_nearest_normal,last2,14,0.05,False,,,0.00011157363042002544,0.00012004206546407001,True,True,False,True
2026-08-16 21:51:17,memory_ctta,zipper,monitor,C:/cira_batch_test/zipper/bad_20.png,bad_20.png,anomaly,True,0.04365285113453865,0.04365285113453865,0.026937197228883013,0.026937197228883013,0.026275477930903436,False,False,16000,False,,False,0.0,cpu,patch_nearest_normal,last2,14,0.05,False,,,0.0001049550628522411,0.00012004206546407001,False,True,False,True
2026-08-16 21:51:19,memory_ctta,zipper,monitor,C:/cira_batch_test/zipper/good_8.png,good_8.png,normal,False,0.026810377836227417,0.026810377836227417,0.026937197228883013,0.026937197228883013,0.026275477930903436,False,False,16000,False,,False,0.0,cpu,patch_nearest_normal,last2,14,0.05,False,,,0.00011061166151193902,0.00012004206546407001,False,True,False,True
2026-08-16 21:51:20,memory_ctta,zipper,monitor,C:/cira_batch_test/zipper/bad_10.png,bad_10.png,normal,False,0.025006741285324097,2.8014181907565217e-07,0.026937197228883013,0.026937197228883013,0.026275477930903436,False,True,16000,True,,False,0.0,cpu,patch_nearest_normal,last2,14,0.05,False,,,0.00011003022518707439,0.00012004206546407001,True,True,False,True
2026-08-16 21:51:22,memory_ctta,zipper,monitor,C:/cira_batch_test/zipper/good_3.png,good_3.png,normal,False,0.021607404574751854,2.8014181907565217e-07,0.026937197228883013,0.026937197228883013,0.026275477930903436,False,True,16000,True,,False,0.0,cpu,patch_nearest_normal,last2,14,0.05,False,,,9.8492055258248e-05,0.00012004206546407001,True,True,False,True
2026-08-16 21:51:23,memory_ctta,zipper,monitor,C:/cira_batch_test/zipper/bad_11.png,bad_11.png,anomaly,True,0.034218400716781616,0.034218400716781616,0.026937197228883013,0.026937197228883013,0.026275477930903436,False,False,16000,False,,False,0.0,cpu,patch_nearest_normal,last2,14,0.05,False,,,0.00010035742161562666,0.00012004206546407001,False,True,False,True
2026-08-16 21:51:25,memory_ctta,zipper,monitor,C:/cira_batch_test/zipper/bad_18.png,bad_18.png,anomaly,True,0.06165149062871933,0.06165149062871933,0.026937197228883013,0.026937197228883013,0.026275477930903436,False,False,16000,False,,False,0.0,cpu,patch_nearest_normal,last2,14,0.05,False,,,0.00010599785309750587,0.00012004206546407001,False,True,False,True
2026-08-16 21:51:26,memory_ctta,zipper,monitor,C:/cira_batch_test/zipper/good_12.png,good_12.png,normal,False,0.020493512973189354,2.8014181907565217e-07,0.026937197228883013,0.026937197228883013,0.026275477930903436,False,True,16000,True,,False,0.0,cpu,patch_nearest_normal,last2,14,0.05,False,,,0.00010890721023315564,0.00012004206546407001,True,True,False,True
2026-08-16 21:51:28,memory_ctta,zipper,monitor,C:/cira_batch_test/zipper/good_17.png,good_17.png,normal,False,0.022124547511339188,2.6226044269606064e-07,0.026937197228883013,0.026937197228883013,0.026275477930903436,False,True,16000,True,,False,0.0,cpu,patch_nearest_normal,last2,14,0.05,False,,,0.00010695867240428925,0.00012004206546407001,True,True,False,True
2026-08-16 21:51:30,memory_ctta,zipper,monitor,C:/cira_batch_test/zipper/bad_5.png,bad_5.png,anomaly,True,0.043412964791059494,0.043412964791059494,0.026937197228883013,0.026937197228883013,0.026275477930903436,False,False,16000,False,,False,0.0,cpu,patch_nearest_normal,last2,14,0.05,False,,,0.0001118479049182497,0.00012004206546407001,False,True,False,True
2026-08-16 21:51:31,memory_ctta,zipper,monitor,C:/cira_batch_test/zipper/bad_6.png,bad_6.png,anomaly,True,0.07983385026454926,0.07983385026454926,0.026937197228883013,0.026937197228883013,0.026275477930903436,False,False,16000,False,,False,0.0,cpu,patch_nearest_normal,last2,14,0.05,False,,,0.00011180657020304352,0.00012004206546407001,False,True,False,True
2026-08-16 21:51:33,memory_ctta,zipper,monitor,C:/cira_batch_test/zipper/bad_7.png,bad_7.png,anomaly,True,0.08993668109178543,0.08993668109178543,0.026937197228883013,0.026937197228883013,0.026275477930903436,False,False,16000,False,,False,0.0,cpu,patch_nearest_normal,last2,14,0.05,False,,,0.00010528006532695144,0.00012004206546407001,False,True,False,True
2026-08-16 21:51:34,memory_ctta,zipper,monitor,C:/cira_batch_test/zipper/bad_9.png,bad_9.png,anomaly,True,0.13754114508628845,0.13754114508628845,0.026937197228883013,0.026937197228883013,0.026275477930903436,False,False,16000,False,,False,0.0,cpu,patch_nearest_normal,last2,14,0.05,False,,,0.00011322343198116869,0.00012004206546407001,False,True,False,True
2026-08-16 21:51:35,memory_ctta,zipper,monitor,C:/cira_batch_test/zipper/bad_4.png,bad_4.png,anomaly,True,0.0983632504940033,0.0983632504940033,0.026937197228883013,0.026937197228883013,0.026275477930903436,False,False,16000,False,,False,0.0,cpu,patch_nearest_normal,last2,14,0.05,False,,,0.000109719971078448,0.00012004206546407001,False,True,False,True
2026-08-16 21:51:37,memory_ctta,zipper,monitor,C:/cira_batch_test/zipper/bad_2.png,bad_2.png,anomaly,True,0.047314196825027466,0.047314196825027466,0.026937197228883013,0.026937197228883013,0.026275477930903436,False,False,16000,False,,False,0.0,cpu,patch_nearest_normal,last2,14,0.05,False,,,0.00012435718963388354,0.00012004206546407001,False,False,False,True
