timestamp,experiment,category,mode,image_path,file_name,label,is_anomaly,score_before,anomaly_score,threshold,anomaly_threshold,update_threshold,threshold_reloaded,updated_memory,memory_size,update_allowed,update_loss,adapter_updated,adapter_delta_norm,device,score_method,feature_choice,patch_grid,patch_top_fraction,checkpoint_saved,checkpoint_memory_path,checkpoint_adapter_path,consistency_error,consistency_threshold,score_gate_pass,consistency_gate_pass,adapter_update_enabled,memory_update_enabled
2026-08-16 14:59:06,calibration,bottle,evaluate,C:/cira_batch_test/bottle/good_1.png,good_1.png,normal,False,0.025081897154450417,0.025081897154450417,0.02815022391963134,0.02815022391963134,0.02531116753816605,False,False,16000,False,,False,0.0,cpu,patch_nearest_normal,last2,14,0.05,False,,,0.0,0.00011476924591981,False,False,False,False
2026-08-16 14:59:07,calibration,bottle,evaluate,C:/cira_batch_test/bottle/bad_16.png,bad_16.png,anomaly,True,0.3065595328807831,0.3065595328807831,0.02815022391963134,0.02815022391963134,0.02531116753816605,False,False,16000,False,,False,0.0,cpu,patch_nearest_normal,last2,14,0.05,False,,,0.0,0.00011476924591981,False,False,False,False
2026-08-16 14:59:08,calibration,bottle,evaluate,C:/cira_batch_test/bottle/bad_20.png,bad_20.png,anomaly,True,0.2113770991563797,0.2113770991563797,0.02815022391963134,0.02815022391963134,0.02531116753816605,False,False,16000,False,,False,0.0,cpu,patch_nearest_normal,last2,14,0.05,False,,,0.0,0.00011476924591981,False,False,False,False
2026-08-16 14:59:10,calibration,bottle,evaluate,C:/cira_batch_test/bottle/bad_12.png,bad_12.png,anomaly,True,0.22920450568199158,0.22920450568199158,0.02815022391963134,0.02815022391963134,0.02531116753816605,False,False,16000,False,,False,0.0,cpu,patch_nearest_normal,last2,14,0.05,False,,,0.0,0.00011476924591981,False,False,False,False
2026-08-16 14:59:11,calibration,bottle,evaluate,C:/cira_batch_test/bottle/good_17.png,good_17.png,normal,False,0.023074805736541748,0.023074805736541748,0.02815022391963134,0.02815022391963134,0.02531116753816605,False,False,16000,False,,False,0.0,cpu,patch_nearest_normal,last2,14,0.05,False,,,0.0,0.00011476924591981,False,False,False,False
2026-08-16 14:59:12,calibration,bottle,evaluate,C:/cira_batch_test/bottle/bad_9.png,bad_9.png,anomaly,True,0.32232242822647095,0.32232242822647095,0.02815022391963134,0.02815022391963134,0.02531116753816605,False,False,16000,False,,False,0.0,cpu,patch_nearest_normal,last2,14,0.05,False,,,0.0,0.00011476924591981,False,False,False,False
2026-08-16 14:59:14,calibration,bottle,evaluate,C:/cira_batch_test/bottle/bad_18.png,bad_18.png,anomaly,True,0.18448753654956818,0.18448753654956818,0.02815022391963134,0.02815022391963134,0.02531116753816605,False,False,16000,False,,False,0.0,cpu,patch_nearest_normal,last2,14,0.05,False,,,0.0,0.00011476924591981,False,False,False,False
2026-08-16 14:59:15,calibration,bottle,evaluate,C:/cira_batch_test/bottle/bad_13.png,bad_13.png,anomaly,True,0.27056264877319336,0.27056264877319336,0.02815022391963134,0.02815022391963134,0.02531116753816605,False,False,16000,False,,False,0.0,cpu,patch_nearest_normal,last2,14,0.05,False,,,0.0,0.00011476924591981,False,False,False,False
2026-08-16 14:59:16,calibration,bottle,evaluate,C:/cira_batch_test/bottle/bad_2.png,bad_2.png,anomaly,True,0.0872659832239151,0.0872659832239151,0.02815022391963134,0.02815022391963134,0.02531116753816605,False,False,16000,False,,False,0.0,cpu,patch_nearest_normal,last2,14,0.05,False,,,0.0,0.00011476924591981,False,False,False,False
2026-08-16 14:59:18,calibration,bottle,evaluate,C:/cira_batch_test/bottle/good_6.png,good_6.png,normal,False,0.01944602094590664,0.01944602094590664,0.02815022391963134,0.02815022391963134,0.02531116753816605,False,False,16000,False,,False,0.0,cpu,patch_nearest_normal,last2,14,0.05,False,,,0.0,0.00011476924591981,False,False,False,False
2026-08-16 14:59:19,calibration,bottle,evaluate,C:/cira_batch_test/bottle/good_10.png,good_10.png,normal,False,0.02663731575012207,0.02663731575012207,0.02815022391963134,0.02815022391963134,0.02531116753816605,False,False,16000,False,,False,0.0,cpu,patch_nearest_normal,last2,14,0.05,False,,,0.0,0.00011476924591981,False,False,False,False
2026-08-16 14:59:22,calibration,bottle,evaluate,C:/cira_batch_test/bottle/good_7.png,good_7.png,anomaly,True,0.03252387046813965,0.03252387046813965,0.02815022391963134,0.02815022391963134,0.02531116753816605,False,False,16000,False,,False,0.0,cpu,patch_nearest_normal,last2,14,0.05,False,,,0.0,0.00011476924591981,False,False,False,False
2026-08-16 14:59:23,calibration,bottle,evaluate,C:/cira_batch_test/bottle/bad_8.png,bad_8.png,anomaly,True,0.2799452245235443,0.2799452245235443,0.02815022391963134,0.02815022391963134,0.02531116753816605,False,False,16000,False,,False,0.0,cpu,patch_nearest_normal,last2,14,0.05,False,,,0.0,0.00011476924591981,False,False,False,False
2026-08-16 14:59:24,calibration,bottle,evaluate,C:/cira_batch_test/bottle/bad_10.png,bad_10.png,anomaly,True,0.1676427572965622,0.1676427572965622,0.02815022391963134,0.02815022391963134,0.02531116753816605,False,False,16000,False,,False,0.0,cpu,patch_nearest_normal,last2,14,0.05,False,,,0.0,0.00011476924591981,False,False,False,False
2026-08-16 14:59:26,calibration,bottle,evaluate,C:/cira_batch_test/bottle/good_4.png,good_4.png,normal,False,0.020197559148073196,0.020197559148073196,0.02815022391963134,0.02815022391963134,0.02531116753816605,False,False,16000,False,,False,0.0,cpu,patch_nearest_normal,last2,14,0.05,False,,,0.0,0.00011476924591981,False,False,False,False
2026-08-16 14:59:27,calibration,bottle,evaluate,C:/cira_batch_test/bottle/bad_5.png,bad_5.png,anomaly,True,0.31928688287734985,0.31928688287734985,0.02815022391963134,0.02815022391963134,0.02531116753816605,False,False,16000,False,,False,0.0,cpu,patch_nearest_normal,last2,14,0.05,False,,,0.0,0.00011476924591981,False,False,False,False
2026-08-16 14:59:28,calibration,bottle,evaluate,C:/cira_batch_test/bottle/good_20.png,good_20.png,normal,False,0.027974968776106834,0.027974968776106834,0.02815022391963134,0.02815022391963134,0.02531116753816605,False,False,16000,False,,False,0.0,cpu,patch_nearest_normal,last2,14,0.05,False,,,0.0,0.00011476924591981,False,False,False,False
2026-08-16 14:59:30,calibration,bottle,evaluate,C:/cira_batch_test/bottle/good_18.png,good_18.png,normal,False,0.02016735076904297,0.02016735076904297,0.02815022391963134,0.02815022391963134,0.02531116753816605,False,False,16000,False,,False,0.0,cpu,patch_nearest_normal,last2,14,0.05,False,,,0.0,0.00011476924591981,False,False,False,False
2026-08-16 14:59:31,calibration,bottle,evaluate,C:/cira_batch_test/bottle/good_11.png,good_11.png,normal,False,0.022600973024964333,0.022600973024964333,0.02815022391963134,0.02815022391963134,0.02531116753816605,False,False,16000,False,,False,0.0,cpu,patch_nearest_normal,last2,14,0.05,False,,,0.0,0.00011476924591981,False,False,False,False
2026-08-16 14:59:32,calibration,bottle,evaluate,C:/cira_batch_test/bottle/good_9.png,good_9.png,normal,False,0.023602914065122604,0.023602914065122604,0.02815022391963134,0.02815022391963134,0.02531116753816605,False,False,16000,False,,False,0.0,cpu,patch_nearest_normal,last2,14,0.05,False,,,0.0,0.00011476924591981,False,False,False,False
2026-08-16 14:59:34,calibration,bottle,evaluate,C:/cira_batch_test/bottle/good_16.png,good_16.png,normal,False,0.026176607236266136,0.026176607236266136,0.02815022391963134,0.02815022391963134,0.02531116753816605,False,False,16000,False,,False,0.0,cpu,patch_nearest_normal,last2,14,0.05,False,,,0.0,0.00011476924591981,False,False,False,False
2026-08-16 14:59:35,calibration,bottle,evaluate,C:/cira_batch_test/bottle/bad_7.png,bad_7.png,anomaly,True,0.32217347621917725,0.32217347621917725,0.02815022391963134,0.02815022391963134,0.02531116753816605,False,False,16000,False,,False,0.0,cpu,patch_nearest_normal,last2,14,0.05,False,,,0.0,0.00011476924591981,False,False,False,False
2026-08-16 14:59:36,calibration,bottle,evaluate,C:/cira_batch_test/bottle/good_13.png,good_13.png,normal,False,0.024135809391736984,0.024135809391736984,0.02815022391963134,0.02815022391963134,0.02531116753816605,False,False,16000,False,,False,0.0,cpu,patch_nearest_normal,last2,14,0.05,False,,,0.0,0.00011476924591981,False,False,False,False
2026-08-16 14:59:38,calibration,bottle,evaluate,C:/cira_batch_test/bottle/good_5.png,good_5.png,normal,False,0.016535233706235886,0.016535233706235886,0.02815022391963134,0.02815022391963134,0.02531116753816605,False,False,16000,False,,False,0.0,cpu,patch_nearest_normal,last2,14,0.05,False,,,0.0,0.00011476924591981,False,False,False,False
2026-08-16 14:59:39,calibration,bottle,evaluate,C:/cira_batch_test/bottle/good_2.png,good_2.png,normal,False,0.027697091922163963,0.027697091922163963,0.02815022391963134,0.02815022391963134,0.02531116753816605,False,False,16000,False,,False,0.0,cpu,patch_nearest_normal,last2,14,0.05,False,,,0.0,0.00011476924591981,False,False,False,False
2026-08-16 14:59:40,calibration,bottle,evaluate,C:/cira_batch_test/bottle/bad_6.png,bad_6.png,anomaly,True,0.23199403285980225,0.23199403285980225,0.02815022391963134,0.02815022391963134,0.02531116753816605,False,False,16000,False,,False,0.0,cpu,patch_nearest_normal,last2,14,0.05,False,,,0.0,0.00011476924591981,False,False,False,False
2026-08-16 14:59:42,calibration,bottle,evaluate,C:/cira_batch_test/bottle/bad_14.png,bad_14.png,anomaly,True,0.17526283860206604,0.17526283860206604,0.02815022391963134,0.02815022391963134,0.02531116753816605,False,False,16000,False,,False,0.0,cpu,patch_nearest_normal,last2,14,0.05,False,,,0.0,0.00011476924591981,False,False,False,False
2026-08-16 14:59:43,calibration,bottle,evaluate,C:/cira_batch_test/bottle/good_3.png,good_3.png,normal,False,0.024721592664718628,0.024721592664718628,0.02815022391963134,0.02815022391963134,0.02531116753816605,False,False,16000,False,,False,0.0,cpu,patch_nearest_normal,last2,14,0.05,False,,,0.0,0.00011476924591981,False,False,False,False
2026-08-16 14:59:44,calibration,bottle,evaluate,C:/cira_batch_test/bottle/bad_4.png,bad_4.png,anomaly,True,0.20700085163116455,0.20700085163116455,0.02815022391963134,0.02815022391963134,0.02531116753816605,False,False,16000,False,,False,0.0,cpu,patch_nearest_normal,last2,14,0.05,False,,,0.0,0.00011476924591981,False,False,False,False
2026-08-16 14:59:46,calibration,bottle,evaluate,C:/cira_batch_test/bottle/bad_15.png,bad_15.png,anomaly,True,0.4275619089603424,0.4275619089603424,0.02815022391963134,0.02815022391963134,0.02531116753816605,False,False,16000,False,,False,0.0,cpu,patch_nearest_normal,last2,14,0.05,False,,,0.0,0.00011476924591981,False,False,False,False
2026-08-16 14:59:47,calibration,bottle,evaluate,C:/cira_batch_test/bottle/good_8.png,good_8.png,normal,False,0.022256065160036087,0.022256065160036087,0.02815022391963134,0.02815022391963134,0.02531116753816605,False,False,16000,False,,False,0.0,cpu,patch_nearest_normal,last2,14,0.05,False,,,0.0,0.00011476924591981,False,False,False,False
2026-08-16 14:59:48,calibration,bottle,evaluate,C:/cira_batch_test/bottle/bad_3.png,bad_3.png,anomaly,True,0.190205380320549,0.190205380320549,0.02815022391963134,0.02815022391963134,0.02531116753816605,False,False,16000,False,,False,0.0,cpu,patch_nearest_normal,last2,14,0.05,False,,,0.0,0.00011476924591981,False,False,False,False
2026-08-16 14:59:50,calibration,bottle,evaluate,C:/cira_batch_test/bottle/bad_11.png,bad_11.png,anomaly,True,0.0585472397506237,0.0585472397506237,0.02815022391963134,0.02815022391963134,0.02531116753816605,False,False,16000,False,,False,0.0,cpu,patch_nearest_normal,last2,14,0.05,False,,,0.0,0.00011476924591981,False,False,False,False
2026-08-16 14:59:51,calibration,bottle,evaluate,C:/cira_batch_test/bottle/good_19.png,good_19.png,normal,False,0.018457168713212013,0.018457168713212013,0.02815022391963134,0.02815022391963134,0.02531116753816605,False,False,16000,False,,False,0.0,cpu,patch_nearest_normal,last2,14,0.05,False,,,0.0,0.00011476924591981,False,False,False,False
2026-08-16 14:59:52,calibration,bottle,evaluate,C:/cira_batch_test/bottle/good_12.png,good_12.png,normal,False,0.02174757793545723,0.02174757793545723,0.02815022391963134,0.02815022391963134,0.02531116753816605,False,False,16000,False,,False,0.0,cpu,patch_nearest_normal,last2,14,0.05,False,,,0.0,0.00011476924591981,False,False,False,False
2026-08-16 14:59:53,calibration,bottle,evaluate,C:/cira_batch_test/bottle/good_15.png,good_15.png,normal,False,0.023353349417448044,0.023353349417448044,0.02815022391963134,0.02815022391963134,0.02531116753816605,False,False,16000,False,,False,0.0,cpu,patch_nearest_normal,last2,14,0.05,False,,,0.0,0.00011476924591981,False,False,False,False
2026-08-16 14:59:55,calibration,bottle,evaluate,C:/cira_batch_test/bottle/bad_17.png,bad_17.png,anomaly,True,0.19286920130252838,0.19286920130252838,0.02815022391963134,0.02815022391963134,0.02531116753816605,False,False,16000,False,,False,0.0,cpu,patch_nearest_normal,last2,14,0.05,False,,,0.0,0.00011476924591981,False,False,False,False
2026-08-16 14:59:56,calibration,bottle,evaluate,C:/cira_batch_test/bottle/bad_19.png,bad_19.png,anomaly,True,0.20097923278808594,0.20097923278808594,0.02815022391963134,0.02815022391963134,0.02531116753816605,False,False,16000,False,,False,0.0,cpu,patch_nearest_normal,last2,14,0.05,False,,,0.0,0.00011476924591981,False,False,False,False
2026-08-16 14:59:59,calibration,bottle,evaluate,C:/cira_batch_test/bottle/bad_1.png,bad_1.png,anomaly,True,0.05840110033750534,0.05840110033750534,0.02815022391963134,0.02815022391963134,0.02531116753816605,False,False,16000,False,,False,0.0,cpu,patch_nearest_normal,last2,14,0.05,False,,,0.0,0.00011476924591981,False,False,False,False
2026-08-16 15:00:01,calibration,bottle,evaluate,C:/cira_batch_test/bottle/good_14.png,good_14.png,normal,False,0.023126792162656784,0.023126792162656784,0.02815022391963134,0.02815022391963134,0.02531116753816605,False,False,16000,False,,False,0.0,cpu,patch_nearest_normal,last2,14,0.05,False,,,0.0,0.00011476924591981,False,False,False,False
2026-08-16 15:00:02,calibration,cable,evaluate,C:/cira_batch_test/cable/good_1.png,good_1.png,normal,False,0.08960090577602386,0.08960090577602386,0.09852251798848576,0.09852251798848576,0.08661089912056923,False,False,16000,False,,False,0.0,cpu,patch_nearest_normal,last2,14,0.05,False,,,0.0,0.00019554235113892002,False,False,False,False
2026-08-16 15:00:04,calibration,cable,evaluate,C:/cira_batch_test/cable/bad_16.png,bad_16.png,anomaly,True,0.2695935070514679,0.2695935070514679,0.09852251798848576,0.09852251798848576,0.08661089912056923,False,False,16000,False,,False,0.0,cpu,patch_nearest_normal,last2,14,0.05,False,,,0.0,0.00019554235113892002,False,False,False,False
2026-08-16 15:00:05,calibration,cable,evaluate,C:/cira_batch_test/cable/bad_20.png,bad_20.png,anomaly,True,0.19632980227470398,0.19632980227470398,0.09852251798848576,0.09852251798848576,0.08661089912056923,False,False,16000,False,,False,0.0,cpu,patch_nearest_normal,last2,14,0.05,False,,,0.0,0.00019554235113892002,False,False,False,False
2026-08-16 15:00:07,calibration,cable,evaluate,C:/cira_batch_test/cable/bad_12.png,bad_12.png,anomaly,True,0.10627879947423935,0.10627879947423935,0.09852251798848576,0.09852251798848576,0.08661089912056923,False,False,16000,False,,False,0.0,cpu,patch_nearest_normal,last2,14,0.05,False,,,0.0,0.00019554235113892002,False,False,False,False
2026-08-16 15:00:08,calibration,cable,evaluate,C:/cira_batch_test/cable/good_17.png,good_17.png,normal,False,0.0832907110452652,0.0832907110452652,0.09852251798848576,0.09852251798848576,0.08661089912056923,False,False,16000,False,,False,0.0,cpu,patch_nearest_normal,last2,14,0.05,False,,,0.0,0.00019554235113892002,False,False,False,False
2026-08-16 15:00:09,calibration,cable,evaluate,C:/cira_batch_test/cable/bad_9.png,bad_9.png,anomaly,True,0.15827807784080505,0.15827807784080505,0.09852251798848576,0.09852251798848576,0.08661089912056923,False,False,16000,False,,False,0.0,cpu,patch_nearest_normal,last2,14,0.05,False,,,0.0,0.00019554235113892002,False,False,False,False
2026-08-16 15:00:11,calibration,cable,evaluate,C:/cira_batch_test/cable/bad_18.png,bad_18.png,anomaly,True,0.24616484344005585,0.24616484344005585,0.09852251798848576,0.09852251798848576,0.08661089912056923,False,False,16000,False,,False,0.0,cpu,patch_nearest_normal,last2,14,0.05,False,,,0.0,0.00019554235113892002,False,False,False,False
2026-08-16 15:00:12,calibration,cable,evaluate,C:/cira_batch_test/cable/bad_13.png,bad_13.png,anomaly,True,0.11107983440160751,0.11107983440160751,0.09852251798848576,0.09852251798848576,0.08661089912056923,False,False,16000,False,,False,0.0,cpu,patch_nearest_normal,last2,14,0.05,False,,,0.0,0.00019554235113892002,False,False,False,False
2026-08-16 15:00:14,calibration,cable,evaluate,C:/cira_batch_test/cable/bad_2.png,bad_2.png,anomaly,True,0.29285189509391785,0.29285189509391785,0.09852251798848576,0.09852251798848576,0.08661089912056923,False,False,16000,False,,False,0.0,cpu,patch_nearest_normal,last2,14,0.05,False,,,0.0,0.00019554235113892002,False,False,False,False
2026-08-16 15:00:15,calibration,cable,evaluate,C:/cira_batch_test/cable/good_6.png,good_6.png,anomaly,True,0.10408198833465576,0.10408198833465576,0.09852251798848576,0.09852251798848576,0.08661089912056923,False,False,16000,False,,False,0.0,cpu,patch_nearest_normal,last2,14,0.05,False,,,0.0,0.00019554235113892002,False,False,False,False
2026-08-16 15:00:16,calibration,cable,evaluate,C:/cira_batch_test/cable/good_10.png,good_10.png,normal,False,0.08573716133832932,0.08573716133832932,0.09852251798848576,0.09852251798848576,0.08661089912056923,False,False,16000,False,,False,0.0,cpu,patch_nearest_normal,last2,14,0.05,False,,,0.0,0.00019554235113892002,False,False,False,False
2026-08-16 15:00:18,calibration,cable,evaluate,C:/cira_batch_test/cable/good_7.png,good_7.png,normal,False,0.08281774818897247,0.08281774818897247,0.09852251798848576,0.09852251798848576,0.08661089912056923,False,False,16000,False,,False,0.0,cpu,patch_nearest_normal,last2,14,0.05,False,,,0.0,0.00019554235113892002,False,False,False,False
2026-08-16 15:00:19,calibration,cable,evaluate,C:/cira_batch_test/cable/bad_8.png,bad_8.png,anomaly,True,0.12718647718429565,0.12718647718429565,0.09852251798848576,0.09852251798848576,0.08661089912056923,False,False,16000,False,,False,0.0,cpu,patch_nearest_normal,last2,14,0.05,False,,,0.0,0.00019554235113892002,False,False,False,False
2026-08-16 15:00:20,calibration,cable,evaluate,C:/cira_batch_test/cable/bad_10.png,bad_10.png,anomaly,True,0.11330725252628326,0.11330725252628326,0.09852251798848576,0.09852251798848576,0.08661089912056923,False,False,16000,False,,False,0.0,cpu,patch_nearest_normal,last2,14,0.05,False,,,0.0,0.00019554235113892002,False,False,False,False
2026-08-16 15:00:22,calibration,cable,evaluate,C:/cira_batch_test/cable/good_4.png,good_4.png,normal,False,0.0765611082315445,0.0765611082315445,0.09852251798848576,0.09852251798848576,0.08661089912056923,False,False,16000,False,,False,0.0,cpu,patch_nearest_normal,last2,14,0.05,False,,,0.0,0.00019554235113892002,False,False,False,False
2026-08-16 15:00:23,calibration,cable,evaluate,C:/cira_batch_test/cable/bad_5.png,bad_5.png,anomaly,True,0.13731804490089417,0.13731804490089417,0.09852251798848576,0.09852251798848576,0.08661089912056923,False,False,16000,False,,False,0.0,cpu,patch_nearest_normal,last2,14,0.05,False,,,0.0,0.00019554235113892002,False,False,False,False
2026-08-16 15:00:25,calibration,cable,evaluate,C:/cira_batch_test/cable/good_20.png,good_20.png,normal,False,0.08857618272304535,0.08857618272304535,0.09852251798848576,0.09852251798848576,0.08661089912056923,False,False,16000,False,,False,0.0,cpu,patch_nearest_normal,last2,14,0.05,False,,,0.0,0.00019554235113892002,False,False,False,False
2026-08-16 15:00:26,calibration,cable,evaluate,C:/cira_batch_test/cable/good_18.png,good_18.png,normal,False,0.07411704957485199,0.07411704957485199,0.09852251798848576,0.09852251798848576,0.08661089912056923,False,False,16000,False,,False,0.0,cpu,patch_nearest_normal,last2,14,0.05,False,,,0.0,0.00019554235113892002,False,False,False,False
2026-08-16 15:00:27,calibration,cable,evaluate,C:/cira_batch_test/cable/good_11.png,good_11.png,normal,False,0.07875008881092072,0.07875008881092072,0.09852251798848576,0.09852251798848576,0.08661089912056923,False,False,16000,False,,False,0.0,cpu,patch_nearest_normal,last2,14,0.05,False,,,0.0,0.00019554235113892002,False,False,False,False
2026-08-16 15:00:29,calibration,cable,evaluate,C:/cira_batch_test/cable/good_9.png,good_9.png,normal,False,0.08772175014019012,0.08772175014019012,0.09852251798848576,0.09852251798848576,0.08661089912056923,False,False,16000,False,,False,0.0,cpu,patch_nearest_normal,last2,14,0.05,False,,,0.0,0.00019554235113892002,False,False,False,False
2026-08-16 15:00:30,calibration,cable,evaluate,C:/cira_batch_test/cable/good_16.png,good_16.png,normal,False,0.07586038112640381,0.07586038112640381,0.09852251798848576,0.09852251798848576,0.08661089912056923,False,False,16000,False,,False,0.0,cpu,patch_nearest_normal,last2,14,0.05,False,,,0.0,0.00019554235113892002,False,False,False,False
2026-08-16 15:00:32,calibration,cable,evaluate,C:/cira_batch_test/cable/bad_7.png,bad_7.png,anomaly,True,0.1334688514471054,0.1334688514471054,0.09852251798848576,0.09852251798848576,0.08661089912056923,False,False,16000,False,,False,0.0,cpu,patch_nearest_normal,last2,14,0.05,False,,,0.0,0.00019554235113892002,False,False,False,False
2026-08-16 15:00:33,calibration,cable,evaluate,C:/cira_batch_test/cable/good_13.png,good_13.png,normal,False,0.08897069841623306,0.08897069841623306,0.09852251798848576,0.09852251798848576,0.08661089912056923,False,False,16000,False,,False,0.0,cpu,patch_nearest_normal,last2,14,0.05,False,,,0.0,0.00019554235113892002,False,False,False,False
2026-08-16 15:00:34,calibration,cable,evaluate,C:/cira_batch_test/cable/good_5.png,good_5.png,anomaly,True,0.10012950748205185,0.10012950748205185,0.09852251798848576,0.09852251798848576,0.08661089912056923,False,False,16000,False,,False,0.0,cpu,patch_nearest_normal,last2,14,0.05,False,,,0.0,0.00019554235113892002,False,False,False,False
2026-08-16 15:00:36,calibration,cable,evaluate,C:/cira_batch_test/cable/good_2.png,good_2.png,normal,False,0.08654449880123138,0.08654449880123138,0.09852251798848576,0.09852251798848576,0.08661089912056923,False,False,16000,False,,False,0.0,cpu,patch_nearest_normal,last2,14,0.05,False,,,0.0,0.00019554235113892002,False,False,False,False
2026-08-16 15:00:37,calibration,cable,evaluate,C:/cira_batch_test/cable/bad_6.png,bad_6.png,anomaly,True,0.24352876842021942,0.24352876842021942,0.09852251798848576,0.09852251798848576,0.08661089912056923,False,False,16000,False,,False,0.0,cpu,patch_nearest_normal,last2,14,0.05,False,,,0.0,0.00019554235113892002,False,False,False,False
2026-08-16 15:00:39,calibration,cable,evaluate,C:/cira_batch_test/cable/bad_14.png,bad_14.png,anomaly,True,0.10263369977474213,0.10263369977474213,0.09852251798848576,0.09852251798848576,0.08661089912056923,False,False,16000,False,,False,0.0,cpu,patch_nearest_normal,last2,14,0.05,False,,,0.0,0.00019554235113892002,False,False,False,False
2026-08-16 15:00:40,calibration,cable,evaluate,C:/cira_batch_test/cable/good_3.png,good_3.png,anomaly,True,0.11452458798885345,0.11452458798885345,0.09852251798848576,0.09852251798848576,0.08661089912056923,False,False,16000,False,,False,0.0,cpu,patch_nearest_normal,last2,14,0.05,False,,,0.0,0.00019554235113892002,False,False,False,False
2026-08-16 15:00:41,calibration,cable,evaluate,C:/cira_batch_test/cable/bad_4.png,bad_4.png,anomaly,True,0.3760477304458618,0.3760477304458618,0.09852251798848576,0.09852251798848576,0.08661089912056923,False,False,16000,False,,False,0.0,cpu,patch_nearest_normal,last2,14,0.05,False,,,0.0,0.00019554235113892002,False,False,False,False
2026-08-16 15:00:43,calibration,cable,evaluate,C:/cira_batch_test/cable/bad_15.png,bad_15.png,anomaly,True,0.21952275931835175,0.21952275931835175,0.09852251798848576,0.09852251798848576,0.08661089912056923,False,False,16000,False,,False,0.0,cpu,patch_nearest_normal,last2,14,0.05,False,,,0.0,0.00019554235113892002,False,False,False,False
2026-08-16 15:00:44,calibration,cable,evaluate,C:/cira_batch_test/cable/good_8.png,good_8.png,anomaly,True,0.09909185022115707,0.09909185022115707,0.09852251798848576,0.09852251798848576,0.08661089912056923,False,False,16000,False,,False,0.0,cpu,patch_nearest_normal,last2,14,0.05,False,,,0.0,0.00019554235113892002,False,False,False,False
2026-08-16 15:00:45,calibration,cable,evaluate,C:/cira_batch_test/cable/bad_3.png,bad_3.png,anomaly,True,0.15526704490184784,0.15526704490184784,0.09852251798848576,0.09852251798848576,0.08661089912056923,False,False,16000,False,,False,0.0,cpu,patch_nearest_normal,last2,14,0.05,False,,,0.0,0.00019554235113892002,False,False,False,False
2026-08-16 15:00:47,calibration,cable,evaluate,C:/cira_batch_test/cable/bad_11.png,bad_11.png,anomaly,True,0.19220919907093048,0.19220919907093048,0.09852251798848576,0.09852251798848576,0.08661089912056923,False,False,16000,False,,False,0.0,cpu,patch_nearest_normal,last2,14,0.05,False,,,0.0,0.00019554235113892002,False,False,False,False
2026-08-16 15:00:48,calibration,cable,evaluate,C:/cira_batch_test/cable/good_19.png,good_19.png,normal,False,0.08354517817497253,0.08354517817497253,0.09852251798848576,0.09852251798848576,0.08661089912056923,False,False,16000,False,,False,0.0,cpu,patch_nearest_normal,last2,14,0.05,False,,,0.0,0.00019554235113892002,False,False,False,False
2026-08-16 15:00:50,calibration,cable,evaluate,C:/cira_batch_test/cable/good_12.png,good_12.png,normal,False,0.08023474365472794,0.08023474365472794,0.09852251798848576,0.09852251798848576,0.08661089912056923,False,False,16000,False,,False,0.0,cpu,patch_nearest_normal,last2,14,0.05,False,,,0.0,0.00019554235113892002,False,False,False,False
2026-08-16 15:00:51,calibration,cable,evaluate,C:/cira_batch_test/cable/good_15.png,good_15.png,normal,False,0.08337022364139557,0.08337022364139557,0.09852251798848576,0.09852251798848576,0.08661089912056923,False,False,16000,False,,False,0.0,cpu,patch_nearest_normal,last2,14,0.05,False,,,0.0,0.00019554235113892002,False,False,False,False
2026-08-16 15:00:52,calibration,cable,evaluate,C:/cira_batch_test/cable/bad_17.png,bad_17.png,anomaly,True,0.14945992827415466,0.14945992827415466,0.09852251798848576,0.09852251798848576,0.08661089912056923,False,False,16000,False,,False,0.0,cpu,patch_nearest_normal,last2,14,0.05,False,,,0.0,0.00019554235113892002,False,False,False,False
2026-08-16 15:00:54,calibration,cable,evaluate,C:/cira_batch_test/cable/bad_19.png,bad_19.png,normal,False,0.09412307292222977,0.09412307292222977,0.09852251798848576,0.09852251798848576,0.08661089912056923,False,False,16000,False,,False,0.0,cpu,patch_nearest_normal,last2,14,0.05,False,,,0.0,0.00019554235113892002,False,False,False,False
2026-08-16 15:00:55,calibration,cable,evaluate,C:/cira_batch_test/cable/bad_1.png,bad_1.png,anomaly,True,0.2560812830924988,0.2560812830924988,0.09852251798848576,0.09852251798848576,0.08661089912056923,False,False,16000,False,,False,0.0,cpu,patch_nearest_normal,last2,14,0.05,False,,,0.0,0.00019554235113892002,False,False,False,False
2026-08-16 15:00:57,calibration,cable,evaluate,C:/cira_batch_test/cable/good_14.png,good_14.png,normal,False,0.0954672321677208,0.0954672321677208,0.09852251798848576,0.09852251798848576,0.08661089912056923,False,False,16000,False,,False,0.0,cpu,patch_nearest_normal,last2,14,0.05,False,,,0.0,0.00019554235113892002,False,False,False,False
2026-08-16 15:00:58,calibration,capsule,evaluate,C:/cira_batch_test/capsule/good_1.png,good_1.png,normal,False,0.024378538131713867,0.024378538131713867,0.04299485732503146,0.04299485732503146,0.031231427378952504,False,False,16000,False,,False,0.0,cpu,patch_nearest_normal,last2,14,0.05,False,,,0.0,0.0001107694308302,False,False,False,False
2026-08-16 15:00:59,calibration,capsule,evaluate,C:/cira_batch_test/capsule/bad_16.png,bad_16.png,anomaly,True,0.07358697801828384,0.07358697801828384,0.04299485732503146,0.04299485732503146,0.031231427378952504,False,False,16000,False,,False,0.0,cpu,patch_nearest_normal,last2,14,0.05,False,,,0.0,0.0001107694308302,False,False,False,False
2026-08-16 15:01:01,calibration,capsule,evaluate,C:/cira_batch_test/capsule/bad_20.png,bad_20.png,anomaly,True,0.05234730988740921,0.05234730988740921,0.04299485732503146,0.04299485732503146,0.031231427378952504,False,False,16000,False,,False,0.0,cpu,patch_nearest_normal,last2,14,0.05,False,,,0.0,0.0001107694308302,False,False,False,False
2026-08-16 15:01:02,calibration,capsule,evaluate,C:/cira_batch_test/capsule/bad_12.png,bad_12.png,anomaly,True,0.049266327172517776,0.049266327172517776,0.04299485732503146,0.04299485732503146,0.031231427378952504,False,False,16000,False,,False,0.0,cpu,patch_nearest_normal,last2,14,0.05,False,,,0.0,0.0001107694308302,False,False,False,False
2026-08-16 15:01:04,calibration,capsule,evaluate,C:/cira_batch_test/capsule/good_17.png,good_17.png,normal,False,0.020368237048387527,0.020368237048387527,0.04299485732503146,0.04299485732503146,0.031231427378952504,False,False,16000,False,,False,0.0,cpu,patch_nearest_normal,last2,14,0.05,False,,,0.0,0.0001107694308302,False,False,False,False
2026-08-16 15:01:05,calibration,capsule,evaluate,C:/cira_batch_test/capsule/bad_9.png,bad_9.png,anomaly,True,0.17585599422454834,0.17585599422454834,0.04299485732503146,0.04299485732503146,0.031231427378952504,False,False,16000,False,,False,0.0,cpu,patch_nearest_normal,last2,14,0.05,False,,,0.0,0.0001107694308302,False,False,False,False
2026-08-16 15:01:07,calibration,capsule,evaluate,C:/cira_batch_test/capsule/bad_18.png,bad_18.png,anomaly,True,0.06038259342312813,0.06038259342312813,0.04299485732503146,0.04299485732503146,0.031231427378952504,False,False,16000,False,,False,0.0,cpu,patch_nearest_normal,last2,14,0.05,False,,,0.0,0.0001107694308302,False,False,False,False
2026-08-16 15:01:08,calibration,capsule,evaluate,C:/cira_batch_test/capsule/bad_13.png,bad_13.png,anomaly,True,0.04362291842699051,0.04362291842699051,0.04299485732503146,0.04299485732503146,0.031231427378952504,False,False,16000,False,,False,0.0,cpu,patch_nearest_normal,last2,14,0.05,False,,,0.0,0.0001107694308302,False,False,False,False
2026-08-16 15:01:09,calibration,capsule,evaluate,C:/cira_batch_test/capsule/bad_2.png,bad_2.png,anomaly,True,0.2662004828453064,0.2662004828453064,0.04299485732503146,0.04299485732503146,0.031231427378952504,False,False,16000,False,,False,0.0,cpu,patch_nearest_normal,last2,14,0.05,False,,,0.0,0.0001107694308302,False,False,False,False
2026-08-16 15:01:11,calibration,capsule,evaluate,C:/cira_batch_test/capsule/good_6.png,good_6.png,normal,False,0.016428042203187943,0.016428042203187943,0.04299485732503146,0.04299485732503146,0.031231427378952504,False,False,16000,False,,False,0.0,cpu,patch_nearest_normal,last2,14,0.05,False,,,0.0,0.0001107694308302,False,False,False,False
2026-08-16 15:01:12,calibration,capsule,evaluate,C:/cira_batch_test/capsule/good_10.png,good_10.png,normal,False,0.026319628581404686,0.026319628581404686,0.04299485732503146,0.04299485732503146,0.031231427378952504,False,False,16000,False,,False,0.0,cpu,patch_nearest_normal,last2,14,0.05,False,,,0.0,0.0001107694308302,False,False,False,False
2026-08-16 15:01:13,calibration,capsule,evaluate,C:/cira_batch_test/capsule/good_7.png,good_7.png,anomaly,True,0.06811105459928513,0.06811105459928513,0.04299485732503146,0.04299485732503146,0.031231427378952504,False,False,16000,False,,False,0.0,cpu,patch_nearest_normal,last2,14,0.05,False,,,0.0,0.0001107694308302,False,False,False,False
2026-08-16 15:01:15,calibration,capsule,evaluate,C:/cira_batch_test/capsule/bad_8.png,bad_8.png,anomaly,True,0.12507465481758118,0.12507465481758118,0.04299485732503146,0.04299485732503146,0.031231427378952504,False,False,16000,False,,False,0.0,cpu,patch_nearest_normal,last2,14,0.05,False,,,0.0,0.0001107694308302,False,False,False,False
2026-08-16 15:01:16,calibration,capsule,evaluate,C:/cira_batch_test/capsule/bad_10.png,bad_10.png,anomaly,True,0.06707195937633514,0.06707195937633514,0.04299485732503146,0.04299485732503146,0.031231427378952504,False,False,16000,False,,False,0.0,cpu,patch_nearest_normal,last2,14,0.05,False,,,0.0,0.0001107694308302,False,False,False,False
2026-08-16 15:01:18,calibration,capsule,evaluate,C:/cira_batch_test/capsule/good_4.png,good_4.png,normal,False,0.02067287638783455,0.02067287638783455,0.04299485732503146,0.04299485732503146,0.031231427378952504,False,False,16000,False,,False,0.0,cpu,patch_nearest_normal,last2,14,0.05,False,,,0.0,0.0001107694308302,False,False,False,False
2026-08-16 15:01:19,calibration,capsule,evaluate,C:/cira_batch_test/capsule/bad_5.png,bad_5.png,normal,False,0.041929371654987335,0.041929371654987335,0.04299485732503146,0.04299485732503146,0.031231427378952504,False,False,16000,False,,False,0.0,cpu,patch_nearest_normal,last2,14,0.05,False,,,0.0,0.0001107694308302,False,False,False,False
2026-08-16 15:01:20,calibration,capsule,evaluate,C:/cira_batch_test/capsule/good_20.png,good_20.png,normal,False,0.030958104878664017,0.030958104878664017,0.04299485732503146,0.04299485732503146,0.031231427378952504,False,False,16000,False,,False,0.0,cpu,patch_nearest_normal,last2,14,0.05,False,,,0.0,0.0001107694308302,False,False,False,False
2026-08-16 15:01:22,calibration,capsule,evaluate,C:/cira_batch_test/capsule/good_18.png,good_18.png,normal,False,0.01953878439962864,0.01953878439962864,0.04299485732503146,0.04299485732503146,0.031231427378952504,False,False,16000,False,,False,0.0,cpu,patch_nearest_normal,last2,14,0.05,False,,,0.0,0.0001107694308302,False,False,False,False
2026-08-16 15:01:23,calibration,capsule,evaluate,C:/cira_batch_test/capsule/good_11.png,good_11.png,normal,False,0.029085492715239525,0.029085492715239525,0.04299485732503146,0.04299485732503146,0.031231427378952504,False,False,16000,False,,False,0.0,cpu,patch_nearest_normal,last2,14,0.05,False,,,0.0,0.0001107694308302,False,False,False,False
2026-08-16 15:01:24,calibration,capsule,evaluate,C:/cira_batch_test/capsule/good_9.png,good_9.png,normal,False,0.02190353348851204,0.02190353348851204,0.04299485732503146,0.04299485732503146,0.031231427378952504,False,False,16000,False,,False,0.0,cpu,patch_nearest_normal,last2,14,0.05,False,,,0.0,0.0001107694308302,False,False,False,False
2026-08-16 15:01:26,calibration,capsule,evaluate,C:/cira_batch_test/capsule/good_16.png,good_16.png,normal,False,0.027401089668273926,0.027401089668273926,0.04299485732503146,0.04299485732503146,0.031231427378952504,False,False,16000,False,,False,0.0,cpu,patch_nearest_normal,last2,14,0.05,False,,,0.0,0.0001107694308302,False,False,False,False
2026-08-16 15:01:27,calibration,capsule,evaluate,C:/cira_batch_test/capsule/bad_7.png,bad_7.png,anomaly,True,0.07458113133907318,0.07458113133907318,0.04299485732503146,0.04299485732503146,0.031231427378952504,False,False,16000,False,,False,0.0,cpu,patch_nearest_normal,last2,14,0.05,False,,,0.0,0.0001107694308302,False,False,False,False
2026-08-16 15:01:29,calibration,capsule,evaluate,C:/cira_batch_test/capsule/good_13.png,good_13.png,normal,False,0.025264423340559006,0.025264423340559006,0.04299485732503146,0.04299485732503146,0.031231427378952504,False,False,16000,False,,False,0.0,cpu,patch_nearest_normal,last2,14,0.05,False,,,0.0,0.0001107694308302,False,False,False,False
2026-08-16 15:01:30,calibration,capsule,evaluate,C:/cira_batch_test/capsule/good_5.png,good_5.png,normal,False,0.027777373790740967,0.027777373790740967,0.04299485732503146,0.04299485732503146,0.031231427378952504,False,False,16000,False,,False,0.0,cpu,patch_nearest_normal,last2,14,0.05,False,,,0.0,0.0001107694308302,False,False,False,False
2026-08-16 15:01:31,calibration,capsule,evaluate,C:/cira_batch_test/capsule/good_2.png,good_2.png,normal,False,0.020075220614671707,0.020075220614671707,0.04299485732503146,0.04299485732503146,0.031231427378952504,False,False,16000,False,,False,0.0,cpu,patch_nearest_normal,last2,14,0.05,False,,,0.0,0.0001107694308302,False,False,False,False
2026-08-16 15:01:33,calibration,capsule,evaluate,C:/cira_batch_test/capsule/bad_6.png,bad_6.png,anomaly,True,0.11989279091358185,0.11989279091358185,0.04299485732503146,0.04299485732503146,0.031231427378952504,False,False,16000,False,,False,0.0,cpu,patch_nearest_normal,last2,14,0.05,False,,,0.0,0.0001107694308302,False,False,False,False
2026-08-16 15:01:34,calibration,capsule,evaluate,C:/cira_batch_test/capsule/bad_14.png,bad_14.png,normal,False,0.03796813637018204,0.03796813637018204,0.04299485732503146,0.04299485732503146,0.031231427378952504,False,False,16000,False,,False,0.0,cpu,patch_nearest_normal,last2,14,0.05,False,,,0.0,0.0001107694308302,False,False,False,False
2026-08-16 15:01:36,calibration,capsule,evaluate,C:/cira_batch_test/capsule/good_3.png,good_3.png,normal,False,0.03923019766807556,0.03923019766807556,0.04299485732503146,0.04299485732503146,0.031231427378952504,False,False,16000,False,,False,0.0,cpu,patch_nearest_normal,last2,14,0.05,False,,,0.0,0.0001107694308302,False,False,False,False
2026-08-16 15:01:37,calibration,capsule,evaluate,C:/cira_batch_test/capsule/bad_4.png,bad_4.png,normal,False,0.03701557591557503,0.03701557591557503,0.04299485732503146,0.04299485732503146,0.031231427378952504,False,False,16000,False,,False,0.0,cpu,patch_nearest_normal,last2,14,0.05,False,,,0.0,0.0001107694308302,False,False,False,False
2026-08-16 15:01:38,calibration,capsule,evaluate,C:/cira_batch_test/capsule/bad_15.png,bad_15.png,anomaly,True,0.08053771406412125,0.08053771406412125,0.04299485732503146,0.04299485732503146,0.031231427378952504,False,False,16000,False,,False,0.0,cpu,patch_nearest_normal,last2,14,0.05,False,,,0.0,0.0001107694308302,False,False,False,False
2026-08-16 15:01:40,calibration,capsule,evaluate,C:/cira_batch_test/capsule/good_8.png,good_8.png,normal,False,0.028395086526870728,0.028395086526870728,0.04299485732503146,0.04299485732503146,0.031231427378952504,False,False,16000,False,,False,0.0,cpu,patch_nearest_normal,last2,14,0.05,False,,,0.0,0.0001107694308302,False,False,False,False
2026-08-16 15:01:41,calibration,capsule,evaluate,C:/cira_batch_test/capsule/bad_3.png,bad_3.png,anomaly,True,0.09466098248958588,0.09466098248958588,0.04299485732503146,0.04299485732503146,0.031231427378952504,False,False,16000,False,,False,0.0,cpu,patch_nearest_normal,last2,14,0.05,False,,,0.0,0.0001107694308302,False,False,False,False
2026-08-16 15:01:42,calibration,capsule,evaluate,C:/cira_batch_test/capsule/bad_11.png,bad_11.png,anomaly,True,0.04561315104365349,0.04561315104365349,0.04299485732503146,0.04299485732503146,0.031231427378952504,False,False,16000,False,,False,0.0,cpu,patch_nearest_normal,last2,14,0.05,False,,,0.0,0.0001107694308302,False,False,False,False
2026-08-16 15:01:44,calibration,capsule,evaluate,C:/cira_batch_test/capsule/good_19.png,good_19.png,normal,False,0.01992924138903618,0.01992924138903618,0.04299485732503146,0.04299485732503146,0.031231427378952504,False,False,16000,False,,False,0.0,cpu,patch_nearest_normal,last2,14,0.05,False,,,0.0,0.0001107694308302,False,False,False,False
2026-08-16 15:01:45,calibration,capsule,evaluate,C:/cira_batch_test/capsule/good_12.png,good_12.png,normal,False,0.0371459424495697,0.0371459424495697,0.04299485732503146,0.04299485732503146,0.031231427378952504,False,False,16000,False,,False,0.0,cpu,patch_nearest_normal,last2,14,0.05,False,,,0.0,0.0001107694308302,False,False,False,False
2026-08-16 15:01:47,calibration,capsule,evaluate,C:/cira_batch_test/capsule/good_15.png,good_15.png,normal,False,0.03407974913716316,0.03407974913716316,0.04299485732503146,0.04299485732503146,0.031231427378952504,False,False,16000,False,,False,0.0,cpu,patch_nearest_normal,last2,14,0.05,False,,,0.0,0.0001107694308302,False,False,False,False
2026-08-16 15:01:48,calibration,capsule,evaluate,C:/cira_batch_test/capsule/bad_17.png,bad_17.png,anomaly,True,0.056967444717884064,0.056967444717884064,0.04299485732503146,0.04299485732503146,0.031231427378952504,False,False,16000,False,,False,0.0,cpu,patch_nearest_normal,last2,14,0.05,False,,,0.0,0.0001107694308302,False,False,False,False
2026-08-16 15:01:49,calibration,capsule,evaluate,C:/cira_batch_test/capsule/bad_19.png,bad_19.png,anomaly,True,0.11658501625061035,0.11658501625061035,0.04299485732503146,0.04299485732503146,0.031231427378952504,False,False,16000,False,,False,0.0,cpu,patch_nearest_normal,last2,14,0.05,False,,,0.0,0.0001107694308302,False,False,False,False
2026-08-16 15:01:51,calibration,capsule,evaluate,C:/cira_batch_test/capsule/bad_1.png,bad_1.png,anomaly,True,0.1742943972349167,0.1742943972349167,0.04299485732503146,0.04299485732503146,0.031231427378952504,False,False,16000,False,,False,0.0,cpu,patch_nearest_normal,last2,14,0.05,False,,,0.0,0.0001107694308302,False,False,False,False
2026-08-16 15:01:52,calibration,capsule,evaluate,C:/cira_batch_test/capsule/good_14.png,good_14.png,normal,False,0.024455850943922997,0.024455850943922997,0.04299485732503146,0.04299485732503146,0.031231427378952504,False,False,16000,False,,False,0.0,cpu,patch_nearest_normal,last2,14,0.05,False,,,0.0,0.0001107694308302,False,False,False,False
2026-08-16 15:01:54,calibration,carpet,evaluate,C:/cira_batch_test/carpet/good_1.png,good_1.png,normal,False,0.02601250447332859,0.02601250447332859,0.0343417185988487,0.0343417185988487,0.03367696963250637,False,False,16000,False,,False,0.0,cpu,patch_nearest_normal,last2,14,0.05,False,,,0.0,6.111156617407686e-05,False,False,False,False
2026-08-16 15:01:55,calibration,carpet,evaluate,C:/cira_batch_test/carpet/bad_16.png,bad_16.png,anomaly,True,0.13159766793251038,0.13159766793251038,0.0343417185988487,0.0343417185988487,0.03367696963250637,False,False,16000,False,,False,0.0,cpu,patch_nearest_normal,last2,14,0.05,False,,,0.0,6.111156617407686e-05,False,False,False,False
2026-08-16 15:01:56,calibration,carpet,evaluate,C:/cira_batch_test/carpet/bad_20.png,bad_20.png,anomaly,True,0.13691040873527527,0.13691040873527527,0.0343417185988487,0.0343417185988487,0.03367696963250637,False,False,16000,False,,False,0.0,cpu,patch_nearest_normal,last2,14,0.05,False,,,0.0,6.111156617407686e-05,False,False,False,False
2026-08-16 15:01:58,calibration,carpet,evaluate,C:/cira_batch_test/carpet/bad_12.png,bad_12.png,normal,False,0.03406236320734024,0.03406236320734024,0.0343417185988487,0.0343417185988487,0.03367696963250637,False,False,16000,False,,False,0.0,cpu,patch_nearest_normal,last2,14,0.05,False,,,0.0,6.111156617407686e-05,False,False,False,False
2026-08-16 15:01:59,calibration,carpet,evaluate,C:/cira_batch_test/carpet/good_17.png,good_17.png,normal,False,0.03191819787025452,0.03191819787025452,0.0343417185988487,0.0343417185988487,0.03367696963250637,False,False,16000,False,,False,0.0,cpu,patch_nearest_normal,last2,14,0.05,False,,,0.0,6.111156617407686e-05,False,False,False,False
2026-08-16 15:02:01,calibration,carpet,evaluate,C:/cira_batch_test/carpet/bad_9.png,bad_9.png,anomaly,True,0.34894585609436035,0.34894585609436035,0.0343417185988487,0.0343417185988487,0.03367696963250637,False,False,16000,False,,False,0.0,cpu,patch_nearest_normal,last2,14,0.05,False,,,0.0,6.111156617407686e-05,False,False,False,False
2026-08-16 15:02:02,calibration,carpet,evaluate,C:/cira_batch_test/carpet/bad_18.png,bad_18.png,anomaly,True,0.3318779766559601,0.3318779766559601,0.0343417185988487,0.0343417185988487,0.03367696963250637,False,False,16000,False,,False,0.0,cpu,patch_nearest_normal,last2,14,0.05,False,,,0.0,6.111156617407686e-05,False,False,False,False
2026-08-16 15:02:03,calibration,carpet,evaluate,C:/cira_batch_test/carpet/bad_13.png,bad_13.png,anomaly,True,0.03563273698091507,0.03563273698091507,0.0343417185988487,0.0343417185988487,0.03367696963250637,False,False,16000,False,,False,0.0,cpu,patch_nearest_normal,last2,14,0.05,False,,,0.0,6.111156617407686e-05,False,False,False,False
2026-08-16 15:02:05,calibration,carpet,evaluate,C:/cira_batch_test/carpet/bad_2.png,bad_2.png,anomaly,True,0.1550661027431488,0.1550661027431488,0.0343417185988487,0.0343417185988487,0.03367696963250637,False,False,16000,False,,False,0.0,cpu,patch_nearest_normal,last2,14,0.05,False,,,0.0,6.111156617407686e-05,False,False,False,False
2026-08-16 15:02:06,calibration,carpet,evaluate,C:/cira_batch_test/carpet/good_6.png,good_6.png,anomaly,True,0.03451899439096451,0.03451899439096451,0.0343417185988487,0.0343417185988487,0.03367696963250637,False,False,16000,False,,False,0.0,cpu,patch_nearest_normal,last2,14,0.05,False,,,0.0,6.111156617407686e-05,False,False,False,False
2026-08-16 15:02:08,calibration,carpet,evaluate,C:/cira_batch_test/carpet/good_10.png,good_10.png,anomaly,True,0.03945765644311905,0.03945765644311905,0.0343417185988487,0.0343417185988487,0.03367696963250637,False,False,16000,False,,False,0.0,cpu,patch_nearest_normal,last2,14,0.05,False,,,0.0,6.111156617407686e-05,False,False,False,False
2026-08-16 15:02:09,calibration,carpet,evaluate,C:/cira_batch_test/carpet/good_7.png,good_7.png,anomaly,True,0.03651086241006851,0.03651086241006851,0.0343417185988487,0.0343417185988487,0.03367696963250637,False,False,16000,False,,False,0.0,cpu,patch_nearest_normal,last2,14,0.05,False,,,0.0,6.111156617407686e-05,False,False,False,False
2026-08-16 15:02:11,calibration,carpet,evaluate,C:/cira_batch_test/carpet/bad_8.png,bad_8.png,anomaly,True,0.2964455187320709,0.2964455187320709,0.0343417185988487,0.0343417185988487,0.03367696963250637,False,False,16000,False,,False,0.0,cpu,patch_nearest_normal,last2,14,0.05,False,,,0.0,6.111156617407686e-05,False,False,False,False
2026-08-16 15:02:12,calibration,carpet,evaluate,C:/cira_batch_test/carpet/bad_10.png,bad_10.png,anomaly,True,0.23354916274547577,0.23354916274547577,0.0343417185988487,0.0343417185988487,0.03367696963250637,False,False,16000,False,,False,0.0,cpu,patch_nearest_normal,last2,14,0.05,False,,,0.0,6.111156617407686e-05,False,False,False,False
2026-08-16 15:02:13,calibration,carpet,evaluate,C:/cira_batch_test/carpet/good_4.png,good_4.png,normal,False,0.03342123702168465,0.03342123702168465,0.0343417185988487,0.0343417185988487,0.03367696963250637,False,False,16000,False,,False,0.0,cpu,patch_nearest_normal,last2,14,0.05,False,,,0.0,6.111156617407686e-05,False,False,False,False
2026-08-16 15:02:15,calibration,carpet,evaluate,C:/cira_batch_test/carpet/bad_5.png,bad_5.png,anomaly,True,0.2340812236070633,0.2340812236070633,0.0343417185988487,0.0343417185988487,0.03367696963250637,False,False,16000,False,,False,0.0,cpu,patch_nearest_normal,last2,14,0.05,False,,,0.0,6.111156617407686e-05,False,False,False,False
2026-08-16 15:02:16,calibration,carpet,evaluate,C:/cira_batch_test/carpet/good_20.png,good_20.png,anomaly,True,0.038290251046419144,0.038290251046419144,0.0343417185988487,0.0343417185988487,0.03367696963250637,False,False,16000,False,,False,0.0,cpu,patch_nearest_normal,last2,14,0.05,False,,,0.0,6.111156617407686e-05,False,False,False,False
2026-08-16 15:02:18,calibration,carpet,evaluate,C:/cira_batch_test/carpet/good_18.png,good_18.png,normal,False,0.028010547161102295,0.028010547161102295,0.0343417185988487,0.0343417185988487,0.03367696963250637,False,False,16000,False,,False,0.0,cpu,patch_nearest_normal,last2,14,0.05,False,,,0.0,6.111156617407686e-05,False,False,False,False
2026-08-16 15:02:19,calibration,carpet,evaluate,C:/cira_batch_test/carpet/good_11.png,good_11.png,anomaly,True,0.04204009100794792,0.04204009100794792,0.0343417185988487,0.0343417185988487,0.03367696963250637,False,False,16000,False,,False,0.0,cpu,patch_nearest_normal,last2,14,0.05,False,,,0.0,6.111156617407686e-05,False,False,False,False
2026-08-16 15:02:20,calibration,carpet,evaluate,C:/cira_batch_test/carpet/good_9.png,good_9.png,anomaly,True,0.05315438657999039,0.05315438657999039,0.0343417185988487,0.0343417185988487,0.03367696963250637,False,False,16000,False,,False,0.0,cpu,patch_nearest_normal,last2,14,0.05,False,,,0.0,6.111156617407686e-05,False,False,False,False
2026-08-16 15:02:22,calibration,carpet,evaluate,C:/cira_batch_test/carpet/good_16.png,good_16.png,anomaly,True,0.03679478168487549,0.03679478168487549,0.0343417185988487,0.0343417185988487,0.03367696963250637,False,False,16000,False,,False,0.0,cpu,patch_nearest_normal,last2,14,0.05,False,,,0.0,6.111156617407686e-05,False,False,False,False
2026-08-16 15:02:23,calibration,carpet,evaluate,C:/cira_batch_test/carpet/bad_7.png,bad_7.png,anomaly,True,0.07340017706155777,0.07340017706155777,0.0343417185988487,0.0343417185988487,0.03367696963250637,False,False,16000,False,,False,0.0,cpu,patch_nearest_normal,last2,14,0.05,False,,,0.0,6.111156617407686e-05,False,False,False,False
2026-08-16 15:02:25,calibration,carpet,evaluate,C:/cira_batch_test/carpet/good_13.png,good_13.png,anomaly,True,0.03609425947070122,0.03609425947070122,0.0343417185988487,0.0343417185988487,0.03367696963250637,False,False,16000,False,,False,0.0,cpu,patch_nearest_normal,last2,14,0.05,False,,,0.0,6.111156617407686e-05,False,False,False,False
2026-08-16 15:02:26,calibration,carpet,evaluate,C:/cira_batch_test/carpet/good_5.png,good_5.png,anomaly,True,0.03460466116666794,0.03460466116666794,0.0343417185988487,0.0343417185988487,0.03367696963250637,False,False,16000,False,,False,0.0,cpu,patch_nearest_normal,last2,14,0.05,False,,,0.0,6.111156617407686e-05,False,False,False,False
2026-08-16 15:02:28,calibration,carpet,evaluate,C:/cira_batch_test/carpet/good_2.png,good_2.png,normal,False,0.033076006919145584,0.033076006919145584,0.0343417185988487,0.0343417185988487,0.03367696963250637,False,False,16000,False,,False,0.0,cpu,patch_nearest_normal,last2,14,0.05,False,,,0.0,6.111156617407686e-05,False,False,False,False
2026-08-16 15:02:29,calibration,carpet,evaluate,C:/cira_batch_test/carpet/bad_6.png,bad_6.png,anomaly,True,0.1086384654045105,0.1086384654045105,0.0343417185988487,0.0343417185988487,0.03367696963250637,False,False,16000,False,,False,0.0,cpu,patch_nearest_normal,last2,14,0.05,False,,,0.0,6.111156617407686e-05,False,False,False,False
2026-08-16 15:02:30,calibration,carpet,evaluate,C:/cira_batch_test/carpet/bad_14.png,bad_14.png,anomaly,True,0.2166282832622528,0.2166282832622528,0.0343417185988487,0.0343417185988487,0.03367696963250637,False,False,16000,False,,False,0.0,cpu,patch_nearest_normal,last2,14,0.05,False,,,0.0,6.111156617407686e-05,False,False,False,False
2026-08-16 15:02:32,calibration,carpet,evaluate,C:/cira_batch_test/carpet/good_3.png,good_3.png,anomaly,True,0.03451359272003174,0.03451359272003174,0.0343417185988487,0.0343417185988487,0.03367696963250637,False,False,16000,False,,False,0.0,cpu,patch_nearest_normal,last2,14,0.05,False,,,0.0,6.111156617407686e-05,False,False,False,False
2026-08-16 15:02:33,calibration,carpet,evaluate,C:/cira_batch_test/carpet/bad_4.png,bad_4.png,anomaly,True,0.2745632529258728,0.2745632529258728,0.0343417185988487,0.0343417185988487,0.03367696963250637,False,False,16000,False,,False,0.0,cpu,patch_nearest_normal,last2,14,0.05,False,,,0.0,6.111156617407686e-05,False,False,False,False
2026-08-16 15:02:35,calibration,carpet,evaluate,C:/cira_batch_test/carpet/bad_15.png,bad_15.png,anomaly,True,0.041060589253902435,0.041060589253902435,0.0343417185988487,0.0343417185988487,0.03367696963250637,False,False,16000,False,,False,0.0,cpu,patch_nearest_normal,last2,14,0.05,False,,,0.0,6.111156617407686e-05,False,False,False,False
2026-08-16 15:02:36,calibration,carpet,evaluate,C:/cira_batch_test/carpet/good_8.png,good_8.png,normal,False,0.031294096261262894,0.031294096261262894,0.0343417185988487,0.0343417185988487,0.03367696963250637,False,False,16000,False,,False,0.0,cpu,patch_nearest_normal,last2,14,0.05,False,,,0.0,6.111156617407686e-05,False,False,False,False
2026-08-16 15:02:38,calibration,carpet,evaluate,C:/cira_batch_test/carpet/bad_3.png,bad_3.png,anomaly,True,0.3548845648765564,0.3548845648765564,0.0343417185988487,0.0343417185988487,0.03367696963250637,False,False,16000,False,,False,0.0,cpu,patch_nearest_normal,last2,14,0.05,False,,,0.0,6.111156617407686e-05,False,False,False,False
2026-08-16 15:02:39,calibration,carpet,evaluate,C:/cira_batch_test/carpet/bad_11.png,bad_11.png,anomaly,True,0.08780645579099655,0.08780645579099655,0.0343417185988487,0.0343417185988487,0.03367696963250637,False,False,16000,False,,False,0.0,cpu,patch_nearest_normal,last2,14,0.05,False,,,0.0,6.111156617407686e-05,False,False,False,False
2026-08-16 15:02:40,calibration,carpet,evaluate,C:/cira_batch_test/carpet/good_19.png,good_19.png,anomaly,True,0.0348534882068634,0.0348534882068634,0.0343417185988487,0.0343417185988487,0.03367696963250637,False,False,16000,False,,False,0.0,cpu,patch_nearest_normal,last2,14,0.05,False,,,0.0,6.111156617407686e-05,False,False,False,False
2026-08-16 15:02:42,calibration,carpet,evaluate,C:/cira_batch_test/carpet/good_12.png,good_12.png,normal,False,0.034055255353450775,0.034055255353450775,0.0343417185988487,0.0343417185988487,0.03367696963250637,False,False,16000,False,,False,0.0,cpu,patch_nearest_normal,last2,14,0.05,False,,,0.0,6.111156617407686e-05,False,False,False,False
2026-08-16 15:02:43,calibration,carpet,evaluate,C:/cira_batch_test/carpet/good_15.png,good_15.png,anomaly,True,0.0412977859377861,0.0412977859377861,0.0343417185988487,0.0343417185988487,0.03367696963250637,False,False,16000,False,,False,0.0,cpu,patch_nearest_normal,last2,14,0.05,False,,,0.0,6.111156617407686e-05,False,False,False,False
2026-08-16 15:02:45,calibration,carpet,evaluate,C:/cira_batch_test/carpet/bad_17.png,bad_17.png,anomaly,True,0.05053531378507614,0.05053531378507614,0.0343417185988487,0.0343417185988487,0.03367696963250637,False,False,16000,False,,False,0.0,cpu,patch_nearest_normal,last2,14,0.05,False,,,0.0,6.111156617407686e-05,False,False,False,False
2026-08-16 15:02:46,calibration,carpet,evaluate,C:/cira_batch_test/carpet/bad_19.png,bad_19.png,anomaly,True,0.11373408138751984,0.11373408138751984,0.0343417185988487,0.0343417185988487,0.03367696963250637,False,False,16000,False,,False,0.0,cpu,patch_nearest_normal,last2,14,0.05,False,,,0.0,6.111156617407686e-05,False,False,False,False
2026-08-16 15:02:48,calibration,carpet,evaluate,C:/cira_batch_test/carpet/bad_1.png,bad_1.png,anomaly,True,0.06134674698114395,0.06134674698114395,0.0343417185988487,0.0343417185988487,0.03367696963250637,False,False,16000,False,,False,0.0,cpu,patch_nearest_normal,last2,14,0.05,False,,,0.0,6.111156617407686e-05,False,False,False,False
2026-08-16 15:02:49,calibration,carpet,evaluate,C:/cira_batch_test/carpet/good_14.png,good_14.png,anomaly,True,0.041095416992902756,0.041095416992902756,0.0343417185988487,0.0343417185988487,0.03367696963250637,False,False,16000,False,,False,0.0,cpu,patch_nearest_normal,last2,14,0.05,False,,,0.0,6.111156617407686e-05,False,False,False,False
2026-08-16 15:02:50,calibration,grid,evaluate,C:/cira_batch_test/grid/good_1.png,good_1.png,anomaly,True,0.05813353508710861,0.05813353508710861,0.053714152485093335,0.053714152485093335,0.04894002191722393,False,False,16000,False,,False,0.0,cpu,patch_nearest_normal,last2,14,0.05,False,,,0.0,0.00020260438468534505,False,False,False,False
2026-08-16 15:02:52,calibration,grid,evaluate,C:/cira_batch_test/grid/bad_16.png,bad_16.png,anomaly,True,0.05864829942584038,0.05864829942584038,0.053714152485093335,0.053714152485093335,0.04894002191722393,False,False,16000,False,,False,0.0,cpu,patch_nearest_normal,last2,14,0.05,False,,,0.0,0.00020260438468534505,False,False,False,False
2026-08-16 15:02:53,calibration,grid,evaluate,C:/cira_batch_test/grid/bad_20.png,bad_20.png,normal,False,0.05339302495121956,0.05339302495121956,0.053714152485093335,0.053714152485093335,0.04894002191722393,False,False,16000,False,,False,0.0,cpu,patch_nearest_normal,last2,14,0.05,False,,,0.0,0.00020260438468534505,False,False,False,False
2026-08-16 15:02:55,calibration,grid,evaluate,C:/cira_batch_test/grid/bad_12.png,bad_12.png,anomaly,True,0.10632707923650742,0.10632707923650742,0.053714152485093335,0.053714152485093335,0.04894002191722393,False,False,16000,False,,False,0.0,cpu,patch_nearest_normal,last2,14,0.05,False,,,0.0,0.00020260438468534505,False,False,False,False
2026-08-16 15:02:56,calibration,grid,evaluate,C:/cira_batch_test/grid/good_17.png,good_17.png,normal,False,0.043960608541965485,0.043960608541965485,0.053714152485093335,0.053714152485093335,0.04894002191722393,False,False,16000,False,,False,0.0,cpu,patch_nearest_normal,last2,14,0.05,False,,,0.0,0.00020260438468534505,False,False,False,False
2026-08-16 15:02:57,calibration,grid,evaluate,C:/cira_batch_test/grid/bad_9.png,bad_9.png,anomaly,True,0.06481078267097473,0.06481078267097473,0.053714152485093335,0.053714152485093335,0.04894002191722393,False,False,16000,False,,False,0.0,cpu,patch_nearest_normal,last2,14,0.05,False,,,0.0,0.00020260438468534505,False,False,False,False
2026-08-16 15:02:59,calibration,grid,evaluate,C:/cira_batch_test/grid/bad_18.png,bad_18.png,anomaly,True,0.061266861855983734,0.061266861855983734,0.053714152485093335,0.053714152485093335,0.04894002191722393,False,False,16000,False,,False,0.0,cpu,patch_nearest_normal,last2,14,0.05,False,,,0.0,0.00020260438468534505,False,False,False,False
2026-08-16 15:03:00,calibration,grid,evaluate,C:/cira_batch_test/grid/bad_13.png,bad_13.png,normal,False,0.04784206300973892,0.04784206300973892,0.053714152485093335,0.053714152485093335,0.04894002191722393,False,False,16000,False,,False,0.0,cpu,patch_nearest_normal,last2,14,0.05,False,,,0.0,0.00020260438468534505,False,False,False,False
2026-08-16 15:03:02,calibration,grid,evaluate,C:/cira_batch_test/grid/bad_2.png,bad_2.png,anomaly,True,0.05666762590408325,0.05666762590408325,0.053714152485093335,0.053714152485093335,0.04894002191722393,False,False,16000,False,,False,0.0,cpu,patch_nearest_normal,last2,14,0.05,False,,,0.0,0.00020260438468534505,False,False,False,False
2026-08-16 15:03:03,calibration,grid,evaluate,C:/cira_batch_test/grid/good_6.png,good_6.png,anomaly,True,0.06407661736011505,0.06407661736011505,0.053714152485093335,0.053714152485093335,0.04894002191722393,False,False,16000,False,,False,0.0,cpu,patch_nearest_normal,last2,14,0.05,False,,,0.0,0.00020260438468534505,False,False,False,False
2026-08-16 15:03:04,calibration,grid,evaluate,C:/cira_batch_test/grid/good_10.png,good_10.png,normal,False,0.0452178493142128,0.0452178493142128,0.053714152485093335,0.053714152485093335,0.04894002191722393,False,False,16000,False,,False,0.0,cpu,patch_nearest_normal,last2,14,0.05,False,,,0.0,0.00020260438468534505,False,False,False,False
2026-08-16 15:03:06,calibration,grid,evaluate,C:/cira_batch_test/grid/good_7.png,good_7.png,anomaly,True,0.05755096673965454,0.05755096673965454,0.053714152485093335,0.053714152485093335,0.04894002191722393,False,False,16000,False,,False,0.0,cpu,patch_nearest_normal,last2,14,0.05,False,,,0.0,0.00020260438468534505,False,False,False,False
2026-08-16 15:03:07,calibration,grid,evaluate,C:/cira_batch_test/grid/bad_8.png,bad_8.png,normal,False,0.04675206542015076,0.04675206542015076,0.053714152485093335,0.053714152485093335,0.04894002191722393,False,False,16000,False,,False,0.0,cpu,patch_nearest_normal,last2,14,0.05,False,,,0.0,0.00020260438468534505,False,False,False,False
2026-08-16 15:03:08,calibration,grid,evaluate,C:/cira_batch_test/grid/bad_10.png,bad_10.png,anomaly,True,0.07286384701728821,0.07286384701728821,0.053714152485093335,0.053714152485093335,0.04894002191722393,False,False,16000,False,,False,0.0,cpu,patch_nearest_normal,last2,14,0.05,False,,,0.0,0.00020260438468534505,False,False,False,False
2026-08-16 15:03:10,calibration,grid,evaluate,C:/cira_batch_test/grid/good_4.png,good_4.png,anomaly,True,0.055914491415023804,0.055914491415023804,0.053714152485093335,0.053714152485093335,0.04894002191722393,False,False,16000,False,,False,0.0,cpu,patch_nearest_normal,last2,14,0.05,False,,,0.0,0.00020260438468534505,False,False,False,False
2026-08-16 15:03:11,calibration,grid,evaluate,C:/cira_batch_test/grid/bad_5.png,bad_5.png,anomaly,True,0.06614523380994797,0.06614523380994797,0.053714152485093335,0.053714152485093335,0.04894002191722393,False,False,16000,False,,False,0.0,cpu,patch_nearest_normal,last2,14,0.05,False,,,0.0,0.00020260438468534505,False,False,False,False
2026-08-16 15:03:12,calibration,grid,evaluate,C:/cira_batch_test/grid/good_20.png,good_20.png,normal,False,0.047566235065460205,0.047566235065460205,0.053714152485093335,0.053714152485093335,0.04894002191722393,False,False,16000,False,,False,0.0,cpu,patch_nearest_normal,last2,14,0.05,False,,,0.0,0.00020260438468534505,False,False,False,False
2026-08-16 15:03:14,calibration,grid,evaluate,C:/cira_batch_test/grid/good_18.png,good_18.png,anomaly,True,0.05522800609469414,0.05522800609469414,0.053714152485093335,0.053714152485093335,0.04894002191722393,False,False,16000,False,,False,0.0,cpu,patch_nearest_normal,last2,14,0.05,False,,,0.0,0.00020260438468534505,False,False,False,False
2026-08-16 15:03:15,calibration,grid,evaluate,C:/cira_batch_test/grid/good_11.png,good_11.png,normal,False,0.04442182183265686,0.04442182183265686,0.053714152485093335,0.053714152485093335,0.04894002191722393,False,False,16000,False,,False,0.0,cpu,patch_nearest_normal,last2,14,0.05,False,,,0.0,0.00020260438468534505,False,False,False,False
2026-08-16 15:03:17,calibration,grid,evaluate,C:/cira_batch_test/grid/good_9.png,good_9.png,normal,False,0.045922499150037766,0.045922499150037766,0.053714152485093335,0.053714152485093335,0.04894002191722393,False,False,16000,False,,False,0.0,cpu,patch_nearest_normal,last2,14,0.05,False,,,0.0,0.00020260438468534505,False,False,False,False
2026-08-16 15:03:18,calibration,grid,evaluate,C:/cira_batch_test/grid/good_16.png,good_16.png,anomaly,True,0.053874604403972626,0.053874604403972626,0.053714152485093335,0.053714152485093335,0.04894002191722393,False,False,16000,False,,False,0.0,cpu,patch_nearest_normal,last2,14,0.05,False,,,0.0,0.00020260438468534505,False,False,False,False
2026-08-16 15:03:19,calibration,grid,evaluate,C:/cira_batch_test/grid/bad_7.png,bad_7.png,anomaly,True,0.1163523942232132,0.1163523942232132,0.053714152485093335,0.053714152485093335,0.04894002191722393,False,False,16000,False,,False,0.0,cpu,patch_nearest_normal,last2,14,0.05,False,,,0.0,0.00020260438468534505,False,False,False,False
2026-08-16 15:03:21,calibration,grid,evaluate,C:/cira_batch_test/grid/good_13.png,good_13.png,normal,False,0.04501817747950554,0.04501817747950554,0.053714152485093335,0.053714152485093335,0.04894002191722393,False,False,16000,False,,False,0.0,cpu,patch_nearest_normal,last2,14,0.05,False,,,0.0,0.00020260438468534505,False,False,False,False
2026-08-16 15:03:22,calibration,grid,evaluate,C:/cira_batch_test/grid/good_5.png,good_5.png,anomaly,True,0.06403066217899323,0.06403066217899323,0.053714152485093335,0.053714152485093335,0.04894002191722393,False,False,16000,False,,False,0.0,cpu,patch_nearest_normal,last2,14,0.05,False,,,0.0,0.00020260438468534505,False,False,False,False
2026-08-16 15:03:23,calibration,grid,evaluate,C:/cira_batch_test/grid/good_2.png,good_2.png,normal,False,0.049634747207164764,0.049634747207164764,0.053714152485093335,0.053714152485093335,0.04894002191722393,False,False,16000,False,,False,0.0,cpu,patch_nearest_normal,last2,14,0.05,False,,,0.0,0.00020260438468534505,False,False,False,False
2026-08-16 15:03:25,calibration,grid,evaluate,C:/cira_batch_test/grid/bad_6.png,bad_6.png,normal,False,0.04635925218462944,0.04635925218462944,0.053714152485093335,0.053714152485093335,0.04894002191722393,False,False,16000,False,,False,0.0,cpu,patch_nearest_normal,last2,14,0.05,False,,,0.0,0.00020260438468534505,False,False,False,False
2026-08-16 15:03:26,calibration,grid,evaluate,C:/cira_batch_test/grid/bad_14.png,bad_14.png,normal,False,0.053155213594436646,0.053155213594436646,0.053714152485093335,0.053714152485093335,0.04894002191722393,False,False,16000,False,,False,0.0,cpu,patch_nearest_normal,last2,14,0.05,False,,,0.0,0.00020260438468534505,False,False,False,False
2026-08-16 15:03:28,calibration,grid,evaluate,C:/cira_batch_test/grid/good_3.png,good_3.png,normal,False,0.04722381383180618,0.04722381383180618,0.053714152485093335,0.053714152485093335,0.04894002191722393,False,False,16000,False,,False,0.0,cpu,patch_nearest_normal,last2,14,0.05,False,,,0.0,0.00020260438468534505,False,False,False,False
2026-08-16 15:03:29,calibration,grid,evaluate,C:/cira_batch_test/grid/bad_4.png,bad_4.png,anomaly,True,0.09620222449302673,0.09620222449302673,0.053714152485093335,0.053714152485093335,0.04894002191722393,False,False,16000,False,,False,0.0,cpu,patch_nearest_normal,last2,14,0.05,False,,,0.0,0.00020260438468534505,False,False,False,False
2026-08-16 15:03:30,calibration,grid,evaluate,C:/cira_batch_test/grid/bad_15.png,bad_15.png,anomaly,True,0.06482090801000595,0.06482090801000595,0.053714152485093335,0.053714152485093335,0.04894002191722393,False,False,16000,False,,False,0.0,cpu,patch_nearest_normal,last2,14,0.05,False,,,0.0,0.00020260438468534505,False,False,False,False
2026-08-16 15:03:32,calibration,grid,evaluate,C:/cira_batch_test/grid/good_8.png,good_8.png,normal,False,0.044893741607666016,0.044893741607666016,0.053714152485093335,0.053714152485093335,0.04894002191722393,False,False,16000,False,,False,0.0,cpu,patch_nearest_normal,last2,14,0.05,False,,,0.0,0.00020260438468534505,False,False,False,False
2026-08-16 15:03:33,calibration,grid,evaluate,C:/cira_batch_test/grid/bad_3.png,bad_3.png,anomaly,True,0.06540670990943909,0.06540670990943909,0.053714152485093335,0.053714152485093335,0.04894002191722393,False,False,16000,False,,False,0.0,cpu,patch_nearest_normal,last2,14,0.05,False,,,0.0,0.00020260438468534505,False,False,False,False
2026-08-16 15:03:34,calibration,grid,evaluate,C:/cira_batch_test/grid/bad_11.png,bad_11.png,anomaly,True,0.05669742822647095,0.05669742822647095,0.053714152485093335,0.053714152485093335,0.04894002191722393,False,False,16000,False,,False,0.0,cpu,patch_nearest_normal,last2,14,0.05,False,,,0.0,0.00020260438468534505,False,False,False,False
2026-08-16 15:03:36,calibration,grid,evaluate,C:/cira_batch_test/grid/good_19.png,good_19.png,anomaly,True,0.06425908952951431,0.06425908952951431,0.053714152485093335,0.053714152485093335,0.04894002191722393,False,False,16000,False,,False,0.0,cpu,patch_nearest_normal,last2,14,0.05,False,,,0.0,0.00020260438468534505,False,False,False,False
2026-08-16 15:03:37,calibration,grid,evaluate,C:/cira_batch_test/grid/good_12.png,good_12.png,normal,False,0.03937114402651787,0.03937114402651787,0.053714152485093335,0.053714152485093335,0.04894002191722393,False,False,16000,False,,False,0.0,cpu,patch_nearest_normal,last2,14,0.05,False,,,0.0,0.00020260438468534505,False,False,False,False
2026-08-16 15:03:39,calibration,grid,evaluate,C:/cira_batch_test/grid/good_15.png,good_15.png,normal,False,0.03756582736968994,0.03756582736968994,0.053714152485093335,0.053714152485093335,0.04894002191722393,False,False,16000,False,,False,0.0,cpu,patch_nearest_normal,last2,14,0.05,False,,,0.0,0.00020260438468534505,False,False,False,False
2026-08-16 15:03:40,calibration,grid,evaluate,C:/cira_batch_test/grid/bad_17.png,bad_17.png,normal,False,0.050122518092393875,0.050122518092393875,0.053714152485093335,0.053714152485093335,0.04894002191722393,False,False,16000,False,,False,0.0,cpu,patch_nearest_normal,last2,14,0.05,False,,,0.0,0.00020260438468534505,False,False,False,False
2026-08-16 15:03:42,calibration,grid,evaluate,C:/cira_batch_test/grid/bad_19.png,bad_19.png,anomaly,True,0.11044621467590332,0.11044621467590332,0.053714152485093335,0.053714152485093335,0.04894002191722393,False,False,16000,False,,False,0.0,cpu,patch_nearest_normal,last2,14,0.05,False,,,0.0,0.00020260438468534505,False,False,False,False
2026-08-16 15:03:43,calibration,grid,evaluate,C:/cira_batch_test/grid/bad_1.png,bad_1.png,anomaly,True,0.08858604729175568,0.08858604729175568,0.053714152485093335,0.053714152485093335,0.04894002191722393,False,False,16000,False,,False,0.0,cpu,patch_nearest_normal,last2,14,0.05,False,,,0.0,0.00020260438468534505,False,False,False,False
2026-08-16 15:03:45,calibration,grid,evaluate,C:/cira_batch_test/grid/good_14.png,good_14.png,normal,False,0.04976452514529228,0.04976452514529228,0.053714152485093335,0.053714152485093335,0.04894002191722393,False,False,16000,False,,False,0.0,cpu,patch_nearest_normal,last2,14,0.05,False,,,0.0,0.00020260438468534505,False,False,False,False
2026-08-16 15:03:47,calibration,hazelnut,evaluate,C:/cira_batch_test/hazelnut/good_1.png,good_1.png,normal,False,0.10071440041065216,0.10071440041065216,0.11622385221571559,0.11622385221571559,0.11048602908849717,False,False,16000,False,,False,0.0,cpu,patch_nearest_normal,last2,14,0.05,False,,,0.0,0.00018771860486589,False,False,False,False
2026-08-16 15:03:48,calibration,hazelnut,evaluate,C:/cira_batch_test/hazelnut/bad_16.png,bad_16.png,anomaly,True,0.2441060096025467,0.2441060096025467,0.11622385221571559,0.11622385221571559,0.11048602908849717,False,False,16000,False,,False,0.0,cpu,patch_nearest_normal,last2,14,0.05,False,,,0.0,0.00018771860486589,False,False,False,False
2026-08-16 15:03:50,calibration,hazelnut,evaluate,C:/cira_batch_test/hazelnut/bad_20.png,bad_20.png,anomaly,True,0.23149952292442322,0.23149952292442322,0.11622385221571559,0.11622385221571559,0.11048602908849717,False,False,16000,False,,False,0.0,cpu,patch_nearest_normal,last2,14,0.05,False,,,0.0,0.00018771860486589,False,False,False,False
2026-08-16 15:03:51,calibration,hazelnut,evaluate,C:/cira_batch_test/hazelnut/bad_12.png,bad_12.png,anomaly,True,0.1289863884449005,0.1289863884449005,0.11622385221571559,0.11622385221571559,0.11048602908849717,False,False,16000,False,,False,0.0,cpu,patch_nearest_normal,last2,14,0.05,False,,,0.0,0.00018771860486589,False,False,False,False
2026-08-16 15:03:53,calibration,hazelnut,evaluate,C:/cira_batch_test/hazelnut/good_17.png,good_17.png,normal,False,0.11173150688409805,0.11173150688409805,0.11622385221571559,0.11622385221571559,0.11048602908849717,False,False,16000,False,,False,0.0,cpu,patch_nearest_normal,last2,14,0.05,False,,,0.0,0.00018771860486589,False,False,False,False
2026-08-16 15:03:54,calibration,hazelnut,evaluate,C:/cira_batch_test/hazelnut/bad_9.png,bad_9.png,anomaly,True,0.15189433097839355,0.15189433097839355,0.11622385221571559,0.11622385221571559,0.11048602908849717,False,False,16000,False,,False,0.0,cpu,patch_nearest_normal,last2,14,0.05,False,,,0.0,0.00018771860486589,False,False,False,False
2026-08-16 15:03:55,calibration,hazelnut,evaluate,C:/cira_batch_test/hazelnut/bad_18.png,bad_18.png,anomaly,True,0.2222953587770462,0.2222953587770462,0.11622385221571559,0.11622385221571559,0.11048602908849717,False,False,16000,False,,False,0.0,cpu,patch_nearest_normal,last2,14,0.05,False,,,0.0,0.00018771860486589,False,False,False,False
2026-08-16 15:03:57,calibration,hazelnut,evaluate,C:/cira_batch_test/hazelnut/bad_13.png,bad_13.png,anomaly,True,0.12652647495269775,0.12652647495269775,0.11622385221571559,0.11622385221571559,0.11048602908849717,False,False,16000,False,,False,0.0,cpu,patch_nearest_normal,last2,14,0.05,False,,,0.0,0.00018771860486589,False,False,False,False
2026-08-16 15:03:58,calibration,hazelnut,evaluate,C:/cira_batch_test/hazelnut/bad_2.png,bad_2.png,anomaly,True,0.1989687979221344,0.1989687979221344,0.11622385221571559,0.11622385221571559,0.11048602908849717,False,False,16000,False,,False,0.0,cpu,patch_nearest_normal,last2,14,0.05,False,,,0.0,0.00018771860486589,False,False,False,False
2026-08-16 15:04:00,calibration,hazelnut,evaluate,C:/cira_batch_test/hazelnut/good_6.png,good_6.png,anomaly,True,0.12174111604690552,0.12174111604690552,0.11622385221571559,0.11622385221571559,0.11048602908849717,False,False,16000,False,,False,0.0,cpu,patch_nearest_normal,last2,14,0.05,False,,,0.0,0.00018771860486589,False,False,False,False
2026-08-16 15:04:01,calibration,hazelnut,evaluate,C:/cira_batch_test/hazelnut/good_10.png,good_10.png,normal,False,0.10749413818120956,0.10749413818120956,0.11622385221571559,0.11622385221571559,0.11048602908849717,False,False,16000,False,,False,0.0,cpu,patch_nearest_normal,last2,14,0.05,False,,,0.0,0.00018771860486589,False,False,False,False
2026-08-16 15:04:03,calibration,hazelnut,evaluate,C:/cira_batch_test/hazelnut/good_7.png,good_7.png,normal,False,0.10419611632823944,0.10419611632823944,0.11622385221571559,0.11622385221571559,0.11048602908849717,False,False,16000,False,,False,0.0,cpu,patch_nearest_normal,last2,14,0.05,False,,,0.0,0.00018771860486589,False,False,False,False
2026-08-16 15:04:04,calibration,hazelnut,evaluate,C:/cira_batch_test/hazelnut/bad_8.png,bad_8.png,anomaly,True,0.1674746572971344,0.1674746572971344,0.11622385221571559,0.11622385221571559,0.11048602908849717,False,False,16000,False,,False,0.0,cpu,patch_nearest_normal,last2,14,0.05,False,,,0.0,0.00018771860486589,False,False,False,False
2026-08-16 15:04:05,calibration,hazelnut,evaluate,C:/cira_batch_test/hazelnut/bad_10.png,bad_10.png,anomaly,True,0.24062328040599823,0.24062328040599823,0.11622385221571559,0.11622385221571559,0.11048602908849717,False,False,16000,False,,False,0.0,cpu,patch_nearest_normal,last2,14,0.05,False,,,0.0,0.00018771860486589,False,False,False,False
2026-08-16 15:04:07,calibration,hazelnut,evaluate,C:/cira_batch_test/hazelnut/good_4.png,good_4.png,normal,False,0.09174823760986328,0.09174823760986328,0.11622385221571559,0.11622385221571559,0.11048602908849717,False,False,16000,False,,False,0.0,cpu,patch_nearest_normal,last2,14,0.05,False,,,0.0,0.00018771860486589,False,False,False,False
2026-08-16 15:04:08,calibration,hazelnut,evaluate,C:/cira_batch_test/hazelnut/bad_5.png,bad_5.png,anomaly,True,0.1668674498796463,0.1668674498796463,0.11622385221571559,0.11622385221571559,0.11048602908849717,False,False,16000,False,,False,0.0,cpu,patch_nearest_normal,last2,14,0.05,False,,,0.0,0.00018771860486589,False,False,False,False
2026-08-16 15:04:09,calibration,hazelnut,evaluate,C:/cira_batch_test/hazelnut/good_20.png,good_20.png,normal,False,0.10372350364923477,0.10372350364923477,0.11622385221571559,0.11622385221571559,0.11048602908849717,False,False,16000,False,,False,0.0,cpu,patch_nearest_normal,last2,14,0.05,False,,,0.0,0.00018771860486589,False,False,False,False
2026-08-16 15:04:11,calibration,hazelnut,evaluate,C:/cira_batch_test/hazelnut/good_18.png,good_18.png,normal,False,0.09729452431201935,0.09729452431201935,0.11622385221571559,0.11622385221571559,0.11048602908849717,False,False,16000,False,,False,0.0,cpu,patch_nearest_normal,last2,14,0.05,False,,,0.0,0.00018771860486589,False,False,False,False
2026-08-16 15:04:12,calibration,hazelnut,evaluate,C:/cira_batch_test/hazelnut/good_11.png,good_11.png,normal,False,0.10457420349121094,0.10457420349121094,0.11622385221571559,0.11622385221571559,0.11048602908849717,False,False,16000,False,,False,0.0,cpu,patch_nearest_normal,last2,14,0.05,False,,,0.0,0.00018771860486589,False,False,False,False
2026-08-16 15:04:14,calibration,hazelnut,evaluate,C:/cira_batch_test/hazelnut/good_9.png,good_9.png,normal,False,0.10649716854095459,0.10649716854095459,0.11622385221571559,0.11622385221571559,0.11048602908849717,False,False,16000,False,,False,0.0,cpu,patch_nearest_normal,last2,14,0.05,False,,,0.0,0.00018771860486589,False,False,False,False
2026-08-16 15:04:15,calibration,hazelnut,evaluate,C:/cira_batch_test/hazelnut/good_16.png,good_16.png,normal,False,0.09578574448823929,0.09578574448823929,0.11622385221571559,0.11622385221571559,0.11048602908849717,False,False,16000,False,,False,0.0,cpu,patch_nearest_normal,last2,14,0.05,False,,,0.0,0.00018771860486589,False,False,False,False
2026-08-16 15:04:16,calibration,hazelnut,evaluate,C:/cira_batch_test/hazelnut/bad_7.png,bad_7.png,anomaly,True,0.20399579405784607,0.20399579405784607,0.11622385221571559,0.11622385221571559,0.11048602908849717,False,False,16000,False,,False,0.0,cpu,patch_nearest_normal,last2,14,0.05,False,,,0.0,0.00018771860486589,False,False,False,False
2026-08-16 15:04:18,calibration,hazelnut,evaluate,C:/cira_batch_test/hazelnut/good_13.png,good_13.png,normal,False,0.09489063173532486,0.09489063173532486,0.11622385221571559,0.11622385221571559,0.11048602908849717,False,False,16000,False,,False,0.0,cpu,patch_nearest_normal,last2,14,0.05,False,,,0.0,0.00018771860486589,False,False,False,False
2026-08-16 15:04:19,calibration,hazelnut,evaluate,C:/cira_batch_test/hazelnut/good_5.png,good_5.png,normal,False,0.08776728808879852,0.08776728808879852,0.11622385221571559,0.11622385221571559,0.11048602908849717,False,False,16000,False,,False,0.0,cpu,patch_nearest_normal,last2,14,0.05,False,,,0.0,0.00018771860486589,False,False,False,False
2026-08-16 15:04:21,calibration,hazelnut,evaluate,C:/cira_batch_test/hazelnut/good_2.png,good_2.png,normal,False,0.10641784965991974,0.10641784965991974,0.11622385221571559,0.11622385221571559,0.11048602908849717,False,False,16000,False,,False,0.0,cpu,patch_nearest_normal,last2,14,0.05,False,,,0.0,0.00018771860486589,False,False,False,False
2026-08-16 15:04:22,calibration,hazelnut,evaluate,C:/cira_batch_test/hazelnut/bad_6.png,bad_6.png,anomaly,True,0.203285813331604,0.203285813331604,0.11622385221571559,0.11622385221571559,0.11048602908849717,False,False,16000,False,,False,0.0,cpu,patch_nearest_normal,last2,14,0.05,False,,,0.0,0.00018771860486589,False,False,False,False
2026-08-16 15:04:23,calibration,hazelnut,evaluate,C:/cira_batch_test/hazelnut/bad_14.png,bad_14.png,anomaly,True,0.20721229910850525,0.20721229910850525,0.11622385221571559,0.11622385221571559,0.11048602908849717,False,False,16000,False,,False,0.0,cpu,patch_nearest_normal,last2,14,0.05,False,,,0.0,0.00018771860486589,False,False,False,False
2026-08-16 15:04:25,calibration,hazelnut,evaluate,C:/cira_batch_test/hazelnut/good_3.png,good_3.png,normal,False,0.10859183967113495,0.10859183967113495,0.11622385221571559,0.11622385221571559,0.11048602908849717,False,False,16000,False,,False,0.0,cpu,patch_nearest_normal,last2,14,0.05,False,,,0.0,0.00018771860486589,False,False,False,False
2026-08-16 15:04:26,calibration,hazelnut,evaluate,C:/cira_batch_test/hazelnut/bad_4.png,bad_4.png,anomaly,True,0.21018381416797638,0.21018381416797638,0.11622385221571559,0.11622385221571559,0.11048602908849717,False,False,16000,False,,False,0.0,cpu,patch_nearest_normal,last2,14,0.05,False,,,0.0,0.00018771860486589,False,False,False,False
2026-08-16 15:04:28,calibration,hazelnut,evaluate,C:/cira_batch_test/hazelnut/bad_15.png,bad_15.png,anomaly,True,0.22609829902648926,0.22609829902648926,0.11622385221571559,0.11622385221571559,0.11048602908849717,False,False,16000,False,,False,0.0,cpu,patch_nearest_normal,last2,14,0.05,False,,,0.0,0.00018771860486589,False,False,False,False
2026-08-16 15:04:29,calibration,hazelnut,evaluate,C:/cira_batch_test/hazelnut/good_8.png,good_8.png,normal,False,0.10985791683197021,0.10985791683197021,0.11622385221571559,0.11622385221571559,0.11048602908849717,False,False,16000,False,,False,0.0,cpu,patch_nearest_normal,last2,14,0.05,False,,,0.0,0.00018771860486589,False,False,False,False
2026-08-16 15:04:30,calibration,hazelnut,evaluate,C:/cira_batch_test/hazelnut/bad_3.png,bad_3.png,anomaly,True,0.21309860050678253,0.21309860050678253,0.11622385221571559,0.11622385221571559,0.11048602908849717,False,False,16000,False,,False,0.0,cpu,patch_nearest_normal,last2,14,0.05,False,,,0.0,0.00018771860486589,False,False,False,False
2026-08-16 15:04:32,calibration,hazelnut,evaluate,C:/cira_batch_test/hazelnut/bad_11.png,bad_11.png,anomaly,True,0.20693770051002502,0.20693770051002502,0.11622385221571559,0.11622385221571559,0.11048602908849717,False,False,16000,False,,False,0.0,cpu,patch_nearest_normal,last2,14,0.05,False,,,0.0,0.00018771860486589,False,False,False,False
2026-08-16 15:04:33,calibration,hazelnut,evaluate,C:/cira_batch_test/hazelnut/good_19.png,good_19.png,normal,False,0.1028359979391098,0.1028359979391098,0.11622385221571559,0.11622385221571559,0.11048602908849717,False,False,16000,False,,False,0.0,cpu,patch_nearest_normal,last2,14,0.05,False,,,0.0,0.00018771860486589,False,False,False,False
2026-08-16 15:04:35,calibration,hazelnut,evaluate,C:/cira_batch_test/hazelnut/good_12.png,good_12.png,normal,False,0.09781976044178009,0.09781976044178009,0.11622385221571559,0.11622385221571559,0.11048602908849717,False,False,16000,False,,False,0.0,cpu,patch_nearest_normal,last2,14,0.05,False,,,0.0,0.00018771860486589,False,False,False,False
2026-08-16 15:04:36,calibration,hazelnut,evaluate,C:/cira_batch_test/hazelnut/good_15.png,good_15.png,normal,False,0.10237579047679901,0.10237579047679901,0.11622385221571559,0.11622385221571559,0.11048602908849717,False,False,16000,False,,False,0.0,cpu,patch_nearest_normal,last2,14,0.05,False,,,0.0,0.00018771860486589,False,False,False,False
2026-08-16 15:04:37,calibration,hazelnut,evaluate,C:/cira_batch_test/hazelnut/bad_17.png,bad_17.png,anomaly,True,0.21741983294487,0.21741983294487,0.11622385221571559,0.11622385221571559,0.11048602908849717,False,False,16000,False,,False,0.0,cpu,patch_nearest_normal,last2,14,0.05,False,,,0.0,0.00018771860486589,False,False,False,False
2026-08-16 15:04:39,calibration,hazelnut,evaluate,C:/cira_batch_test/hazelnut/bad_19.png,bad_19.png,anomaly,True,0.12652647495269775,0.12652647495269775,0.11622385221571559,0.11622385221571559,0.11048602908849717,False,False,16000,False,,False,0.0,cpu,patch_nearest_normal,last2,14,0.05,False,,,0.0,0.00018771860486589,False,False,False,False
2026-08-16 15:04:40,calibration,hazelnut,evaluate,C:/cira_batch_test/hazelnut/bad_1.png,bad_1.png,anomaly,True,0.16086113452911377,0.16086113452911377,0.11622385221571559,0.11622385221571559,0.11048602908849717,False,False,16000,False,,False,0.0,cpu,patch_nearest_normal,last2,14,0.05,False,,,0.0,0.00018771860486589,False,False,False,False
2026-08-16 15:04:41,calibration,hazelnut,evaluate,C:/cira_batch_test/hazelnut/good_14.png,good_14.png,normal,False,0.09523159265518188,0.09523159265518188,0.11622385221571559,0.11622385221571559,0.11048602908849717,False,False,16000,False,,False,0.0,cpu,patch_nearest_normal,last2,14,0.05,False,,,0.0,0.00018771860486589,False,False,False,False
2026-08-16 15:04:43,calibration,leather,evaluate,C:/cira_batch_test/leather/good_1.png,good_1.png,anomaly,True,0.035275984555482864,0.035275984555482864,0.03417175290126485,0.03417175290126485,0.030724090337753297,False,False,16000,False,,False,0.0,cpu,patch_nearest_normal,last2,14,0.05,False,,,0.0,0.000215753776865275,False,False,False,False
2026-08-16 15:04:44,calibration,leather,evaluate,C:/cira_batch_test/leather/bad_16.png,bad_16.png,anomaly,True,0.041029274463653564,0.041029274463653564,0.03417175290126485,0.03417175290126485,0.030724090337753297,False,False,16000,False,,False,0.0,cpu,patch_nearest_normal,last2,14,0.05,False,,,0.0,0.000215753776865275,False,False,False,False
2026-08-16 15:04:46,calibration,leather,evaluate,C:/cira_batch_test/leather/bad_20.png,bad_20.png,anomaly,True,0.10156619548797607,0.10156619548797607,0.03417175290126485,0.03417175290126485,0.030724090337753297,False,False,16000,False,,False,0.0,cpu,patch_nearest_normal,last2,14,0.05,False,,,0.0,0.000215753776865275,False,False,False,False
2026-08-16 15:04:47,calibration,leather,evaluate,C:/cira_batch_test/leather/bad_12.png,bad_12.png,anomaly,True,0.37309738993644714,0.37309738993644714,0.03417175290126485,0.03417175290126485,0.030724090337753297,False,False,16000,False,,False,0.0,cpu,patch_nearest_normal,last2,14,0.05,False,,,0.0,0.000215753776865275,False,False,False,False
2026-08-16 15:04:49,calibration,leather,evaluate,C:/cira_batch_test/leather/good_17.png,good_17.png,normal,False,0.03057551383972168,0.03057551383972168,0.03417175290126485,0.03417175290126485,0.030724090337753297,False,False,16000,False,,False,0.0,cpu,patch_nearest_normal,last2,14,0.05,False,,,0.0,0.000215753776865275,False,False,False,False
2026-08-16 15:04:50,calibration,leather,evaluate,C:/cira_batch_test/leather/bad_9.png,bad_9.png,anomaly,True,0.03599574416875839,0.03599574416875839,0.03417175290126485,0.03417175290126485,0.030724090337753297,False,False,16000,False,,False,0.0,cpu,patch_nearest_normal,last2,14,0.05,False,,,0.0,0.000215753776865275,False,False,False,False
2026-08-16 15:04:51,calibration,leather,evaluate,C:/cira_batch_test/leather/bad_18.png,bad_18.png,anomaly,True,0.03640037775039673,0.03640037775039673,0.03417175290126485,0.03417175290126485,0.030724090337753297,False,False,16000,False,,False,0.0,cpu,patch_nearest_normal,last2,14,0.05,False,,,0.0,0.000215753776865275,False,False,False,False
2026-08-16 15:04:53,calibration,leather,evaluate,C:/cira_batch_test/leather/bad_13.png,bad_13.png,anomaly,True,0.0342017225921154,0.0342017225921154,0.03417175290126485,0.03417175290126485,0.030724090337753297,False,False,16000,False,,False,0.0,cpu,patch_nearest_normal,last2,14,0.05,False,,,0.0,0.000215753776865275,False,False,False,False
2026-08-16 15:04:54,calibration,leather,evaluate,C:/cira_batch_test/leather/bad_2.png,bad_2.png,anomaly,True,0.26926204562187195,0.26926204562187195,0.03417175290126485,0.03417175290126485,0.030724090337753297,False,False,16000,False,,False,0.0,cpu,patch_nearest_normal,last2,14,0.05,False,,,0.0,0.000215753776865275,False,False,False,False
2026-08-16 15:04:56,calibration,leather,evaluate,C:/cira_batch_test/leather/good_6.png,good_6.png,anomaly,True,0.03634696081280708,0.03634696081280708,0.03417175290126485,0.03417175290126485,0.030724090337753297,False,False,16000,False,,False,0.0,cpu,patch_nearest_normal,last2,14,0.05,False,,,0.0,0.000215753776865275,False,False,False,False
2026-08-16 15:04:57,calibration,leather,evaluate,C:/cira_batch_test/leather/good_10.png,good_10.png,anomaly,True,0.034913837909698486,0.034913837909698486,0.03417175290126485,0.03417175290126485,0.030724090337753297,False,False,16000,False,,False,0.0,cpu,patch_nearest_normal,last2,14,0.05,False,,,0.0,0.000215753776865275,False,False,False,False
2026-08-16 15:04:58,calibration,leather,evaluate,C:/cira_batch_test/leather/good_7.png,good_7.png,anomaly,True,0.036726582795381546,0.036726582795381546,0.03417175290126485,0.03417175290126485,0.030724090337753297,False,False,16000,False,,False,0.0,cpu,patch_nearest_normal,last2,14,0.05,False,,,0.0,0.000215753776865275,False,False,False,False
2026-08-16 15:05:00,calibration,leather,evaluate,C:/cira_batch_test/leather/bad_8.png,bad_8.png,anomaly,True,0.04029615595936775,0.04029615595936775,0.03417175290126485,0.03417175290126485,0.030724090337753297,False,False,16000,False,,False,0.0,cpu,patch_nearest_normal,last2,14,0.05,False,,,0.0,0.000215753776865275,False,False,False,False
2026-08-16 15:05:01,calibration,leather,evaluate,C:/cira_batch_test/leather/bad_10.png,bad_10.png,anomaly,True,0.0820942223072052,0.0820942223072052,0.03417175290126485,0.03417175290126485,0.030724090337753297,False,False,16000,False,,False,0.0,cpu,patch_nearest_normal,last2,14,0.05,False,,,0.0,0.000215753776865275,False,False,False,False
2026-08-16 15:05:03,calibration,leather,evaluate,C:/cira_batch_test/leather/good_4.png,good_4.png,anomaly,True,0.037792980670928955,0.037792980670928955,0.03417175290126485,0.03417175290126485,0.030724090337753297,False,False,16000,False,,False,0.0,cpu,patch_nearest_normal,last2,14,0.05,False,,,0.0,0.000215753776865275,False,False,False,False
2026-08-16 15:05:04,calibration,leather,evaluate,C:/cira_batch_test/leather/bad_5.png,bad_5.png,anomaly,True,0.04449773579835892,0.04449773579835892,0.03417175290126485,0.03417175290126485,0.030724090337753297,False,False,16000,False,,False,0.0,cpu,patch_nearest_normal,last2,14,0.05,False,,,0.0,0.000215753776865275,False,False,False,False
2026-08-16 15:05:06,calibration,leather,evaluate,C:/cira_batch_test/leather/good_20.png,good_20.png,anomaly,True,0.03877441957592964,0.03877441957592964,0.03417175290126485,0.03417175290126485,0.030724090337753297,False,False,16000,False,,False,0.0,cpu,patch_nearest_normal,last2,14,0.05,False,,,0.0,0.000215753776865275,False,False,False,False
2026-08-16 15:05:07,calibration,leather,evaluate,C:/cira_batch_test/leather/good_18.png,good_18.png,normal,False,0.03228149563074112,0.03228149563074112,0.03417175290126485,0.03417175290126485,0.030724090337753297,False,False,16000,False,,False,0.0,cpu,patch_nearest_normal,last2,14,0.05,False,,,0.0,0.000215753776865275,False,False,False,False
2026-08-16 15:05:08,calibration,leather,evaluate,C:/cira_batch_test/leather/good_11.png,good_11.png,anomaly,True,0.04056365415453911,0.04056365415453911,0.03417175290126485,0.03417175290126485,0.030724090337753297,False,False,16000,False,,False,0.0,cpu,patch_nearest_normal,last2,14,0.05,False,,,0.0,0.000215753776865275,False,False,False,False
2026-08-16 15:05:10,calibration,leather,evaluate,C:/cira_batch_test/leather/good_9.png,good_9.png,anomaly,True,0.035586826503276825,0.035586826503276825,0.03417175290126485,0.03417175290126485,0.030724090337753297,False,False,16000,False,,False,0.0,cpu,patch_nearest_normal,last2,14,0.05,False,,,0.0,0.000215753776865275,False,False,False,False
2026-08-16 15:05:11,calibration,leather,evaluate,C:/cira_batch_test/leather/good_16.png,good_16.png,anomaly,True,0.03431837633252144,0.03431837633252144,0.03417175290126485,0.03417175290126485,0.030724090337753297,False,False,16000,False,,False,0.0,cpu,patch_nearest_normal,last2,14,0.05,False,,,0.0,0.000215753776865275,False,False,False,False
2026-08-16 15:05:12,calibration,leather,evaluate,C:/cira_batch_test/leather/bad_7.png,bad_7.png,anomaly,True,0.18991155922412872,0.18991155922412872,0.03417175290126485,0.03417175290126485,0.030724090337753297,False,False,16000,False,,False,0.0,cpu,patch_nearest_normal,last2,14,0.05,False,,,0.0,0.000215753776865275,False,False,False,False
2026-08-16 15:05:14,calibration,leather,evaluate,C:/cira_batch_test/leather/good_13.png,good_13.png,anomaly,True,0.04109293967485428,0.04109293967485428,0.03417175290126485,0.03417175290126485,0.030724090337753297,False,False,16000,False,,False,0.0,cpu,patch_nearest_normal,last2,14,0.05,False,,,0.0,0.000215753776865275,False,False,False,False
2026-08-16 15:05:15,calibration,leather,evaluate,C:/cira_batch_test/leather/good_5.png,good_5.png,anomaly,True,0.03432568162679672,0.03432568162679672,0.03417175290126485,0.03417175290126485,0.030724090337753297,False,False,16000,False,,False,0.0,cpu,patch_nearest_normal,last2,14,0.05,False,,,0.0,0.000215753776865275,False,False,False,False
2026-08-16 15:05:17,calibration,leather,evaluate,C:/cira_batch_test/leather/good_2.png,good_2.png,anomaly,True,0.03596530482172966,0.03596530482172966,0.03417175290126485,0.03417175290126485,0.030724090337753297,False,False,16000,False,,False,0.0,cpu,patch_nearest_normal,last2,14,0.05,False,,,0.0,0.000215753776865275,False,False,False,False
2026-08-16 15:05:18,calibration,leather,evaluate,C:/cira_batch_test/leather/bad_6.png,bad_6.png,anomaly,True,0.03703952953219414,0.03703952953219414,0.03417175290126485,0.03417175290126485,0.030724090337753297,False,False,16000,False,,False,0.0,cpu,patch_nearest_normal,last2,14,0.05,False,,,0.0,0.000215753776865275,False,False,False,False
2026-08-16 15:05:20,calibration,leather,evaluate,C:/cira_batch_test/leather/bad_14.png,bad_14.png,anomaly,True,0.3577588200569153,0.3577588200569153,0.03417175290126485,0.03417175290126485,0.030724090337753297,False,False,16000,False,,False,0.0,cpu,patch_nearest_normal,last2,14,0.05,False,,,0.0,0.000215753776865275,False,False,False,False
2026-08-16 15:05:21,calibration,leather,evaluate,C:/cira_batch_test/leather/good_3.png,good_3.png,anomaly,True,0.03650093823671341,0.03650093823671341,0.03417175290126485,0.03417175290126485,0.030724090337753297,False,False,16000,False,,False,0.0,cpu,patch_nearest_normal,last2,14,0.05,False,,,0.0,0.000215753776865275,False,False,False,False
2026-08-16 15:05:22,calibration,leather,evaluate,C:/cira_batch_test/leather/bad_4.png,bad_4.png,anomaly,True,0.07355661690235138,0.07355661690235138,0.03417175290126485,0.03417175290126485,0.030724090337753297,False,False,16000,False,,False,0.0,cpu,patch_nearest_normal,last2,14,0.05,False,,,0.0,0.000215753776865275,False,False,False,False
2026-08-16 15:05:24,calibration,leather,evaluate,C:/cira_batch_test/leather/bad_15.png,bad_15.png,anomaly,True,0.13468047976493835,0.13468047976493835,0.03417175290126485,0.03417175290126485,0.030724090337753297,False,False,16000,False,,False,0.0,cpu,patch_nearest_normal,last2,14,0.05,False,,,0.0,0.000215753776865275,False,False,False,False
2026-08-16 15:05:25,calibration,leather,evaluate,C:/cira_batch_test/leather/good_8.png,good_8.png,anomaly,True,0.035374779254198074,0.035374779254198074,0.03417175290126485,0.03417175290126485,0.030724090337753297,False,False,16000,False,,False,0.0,cpu,patch_nearest_normal,last2,14,0.05,False,,,0.0,0.000215753776865275,False,False,False,False
2026-08-16 15:05:27,calibration,leather,evaluate,C:/cira_batch_test/leather/bad_3.png,bad_3.png,anomaly,True,0.375313937664032,0.375313937664032,0.03417175290126485,0.03417175290126485,0.030724090337753297,False,False,16000,False,,False,0.0,cpu,patch_nearest_normal,last2,14,0.05,False,,,0.0,0.000215753776865275,False,False,False,False
2026-08-16 15:05:28,calibration,leather,evaluate,C:/cira_batch_test/leather/bad_11.png,bad_11.png,anomaly,True,0.387601375579834,0.387601375579834,0.03417175290126485,0.03417175290126485,0.030724090337753297,False,False,16000,False,,False,0.0,cpu,patch_nearest_normal,last2,14,0.05,False,,,0.0,0.000215753776865275,False,False,False,False
2026-08-16 15:05:29,calibration,leather,evaluate,C:/cira_batch_test/leather/good_19.png,good_19.png,normal,False,0.03140809014439583,0.03140809014439583,0.03417175290126485,0.03417175290126485,0.030724090337753297,False,False,16000,False,,False,0.0,cpu,patch_nearest_normal,last2,14,0.05,False,,,0.0,0.000215753776865275,False,False,False,False
2026-08-16 15:05:31,calibration,leather,evaluate,C:/cira_batch_test/leather/good_12.png,good_12.png,anomaly,True,0.04197729751467705,0.04197729751467705,0.03417175290126485,0.03417175290126485,0.030724090337753297,False,False,16000,False,,False,0.0,cpu,patch_nearest_normal,last2,14,0.05,False,,,0.0,0.000215753776865275,False,False,False,False
2026-08-16 15:05:32,calibration,leather,evaluate,C:/cira_batch_test/leather/good_15.png,good_15.png,normal,False,0.027622688561677933,0.027622688561677933,0.03417175290126485,0.03417175290126485,0.030724090337753297,False,False,16000,False,,False,0.0,cpu,patch_nearest_normal,last2,14,0.05,False,,,0.0,0.000215753776865275,False,False,False,False
2026-08-16 15:05:33,calibration,leather,evaluate,C:/cira_batch_test/leather/bad_17.png,bad_17.png,anomaly,True,0.24229192733764648,0.24229192733764648,0.03417175290126485,0.03417175290126485,0.030724090337753297,False,False,16000,False,,False,0.0,cpu,patch_nearest_normal,last2,14,0.05,False,,,0.0,0.000215753776865275,False,False,False,False
2026-08-16 15:05:35,calibration,leather,evaluate,C:/cira_batch_test/leather/bad_19.png,bad_19.png,normal,False,0.03212640434503555,0.03212640434503555,0.03417175290126485,0.03417175290126485,0.030724090337753297,False,False,16000,False,,False,0.0,cpu,patch_nearest_normal,last2,14,0.05,False,,,0.0,0.000215753776865275,False,False,False,False
2026-08-16 15:05:36,calibration,leather,evaluate,C:/cira_batch_test/leather/bad_1.png,bad_1.png,anomaly,True,0.051475733518600464,0.051475733518600464,0.03417175290126485,0.03417175290126485,0.030724090337753297,False,False,16000,False,,False,0.0,cpu,patch_nearest_normal,last2,14,0.05,False,,,0.0,0.000215753776865275,False,False,False,False
2026-08-16 15:05:38,calibration,leather,evaluate,C:/cira_batch_test/leather/good_14.png,good_14.png,anomaly,True,0.04789183288812637,0.04789183288812637,0.03417175290126485,0.03417175290126485,0.030724090337753297,False,False,16000,False,,False,0.0,cpu,patch_nearest_normal,last2,14,0.05,False,,,0.0,0.000215753776865275,False,False,False,False
2026-08-16 15:05:39,calibration,metal_nut,evaluate,C:/cira_batch_test/metal_nut/good_1.png,good_1.png,normal,False,0.05869795009493828,0.05869795009493828,0.07371339670893942,0.07371339670893942,0.06968219578266144,False,False,16000,False,,False,0.0,cpu,patch_nearest_normal,last2,14,0.05,False,,,0.0,0.00010222778946618,False,False,False,False
2026-08-16 15:05:41,calibration,metal_nut,evaluate,C:/cira_batch_test/metal_nut/bad_16.png,bad_16.png,anomaly,True,0.18683616816997528,0.18683616816997528,0.07371339670893942,0.07371339670893942,0.06968219578266144,False,False,16000,False,,False,0.0,cpu,patch_nearest_normal,last2,14,0.05,False,,,0.0,0.00010222778946618,False,False,False,False
2026-08-16 15:05:42,calibration,metal_nut,evaluate,C:/cira_batch_test/metal_nut/bad_20.png,bad_20.png,anomaly,True,0.1626330316066742,0.1626330316066742,0.07371339670893942,0.07371339670893942,0.06968219578266144,False,False,16000,False,,False,0.0,cpu,patch_nearest_normal,last2,14,0.05,False,,,0.0,0.00010222778946618,False,False,False,False
2026-08-16 15:05:43,calibration,metal_nut,evaluate,C:/cira_batch_test/metal_nut/bad_12.png,bad_12.png,anomaly,True,0.11977102607488632,0.11977102607488632,0.07371339670893942,0.07371339670893942,0.06968219578266144,False,False,16000,False,,False,0.0,cpu,patch_nearest_normal,last2,14,0.05,False,,,0.0,0.00010222778946618,False,False,False,False
2026-08-16 15:05:44,calibration,metal_nut,evaluate,C:/cira_batch_test/metal_nut/good_17.png,good_17.png,anomaly,True,0.08906935155391693,0.08906935155391693,0.07371339670893942,0.07371339670893942,0.06968219578266144,False,False,16000,False,,False,0.0,cpu,patch_nearest_normal,last2,14,0.05,False,,,0.0,0.00010222778946618,False,False,False,False
2026-08-16 15:05:46,calibration,metal_nut,evaluate,C:/cira_batch_test/metal_nut/bad_9.png,bad_9.png,anomaly,True,0.15985605120658875,0.15985605120658875,0.07371339670893942,0.07371339670893942,0.06968219578266144,False,False,16000,False,,False,0.0,cpu,patch_nearest_normal,last2,14,0.05,False,,,0.0,0.00010222778946618,False,False,False,False
2026-08-16 15:05:47,calibration,metal_nut,evaluate,C:/cira_batch_test/metal_nut/bad_18.png,bad_18.png,anomaly,True,0.12510395050048828,0.12510395050048828,0.07371339670893942,0.07371339670893942,0.06968219578266144,False,False,16000,False,,False,0.0,cpu,patch_nearest_normal,last2,14,0.05,False,,,0.0,0.00010222778946618,False,False,False,False
2026-08-16 15:05:48,calibration,metal_nut,evaluate,C:/cira_batch_test/metal_nut/bad_13.png,bad_13.png,anomaly,True,0.18745455145835876,0.18745455145835876,0.07371339670893942,0.07371339670893942,0.06968219578266144,False,False,16000,False,,False,0.0,cpu,patch_nearest_normal,last2,14,0.05,False,,,0.0,0.00010222778946618,False,False,False,False
2026-08-16 15:05:49,calibration,metal_nut,evaluate,C:/cira_batch_test/metal_nut/bad_2.png,bad_2.png,anomaly,True,0.078916534781456,0.078916534781456,0.07371339670893942,0.07371339670893942,0.06968219578266144,False,False,16000,False,,False,0.0,cpu,patch_nearest_normal,last2,14,0.05,False,,,0.0,0.00010222778946618,False,False,False,False
2026-08-16 15:05:51,calibration,metal_nut,evaluate,C:/cira_batch_test/metal_nut/good_6.png,good_6.png,normal,False,0.06667275726795197,0.06667275726795197,0.07371339670893942,0.07371339670893942,0.06968219578266144,False,False,16000,False,,False,0.0,cpu,patch_nearest_normal,last2,14,0.05,False,,,0.0,0.00010222778946618,False,False,False,False
2026-08-16 15:05:52,calibration,metal_nut,evaluate,C:/cira_batch_test/metal_nut/good_10.png,good_10.png,anomaly,True,0.07405859231948853,0.07405859231948853,0.07371339670893942,0.07371339670893942,0.06968219578266144,False,False,16000,False,,False,0.0,cpu,patch_nearest_normal,last2,14,0.05,False,,,0.0,0.00010222778946618,False,False,False,False
2026-08-16 15:05:53,calibration,metal_nut,evaluate,C:/cira_batch_test/metal_nut/good_7.png,good_7.png,normal,False,0.06684857606887817,0.06684857606887817,0.07371339670893942,0.07371339670893942,0.06968219578266144,False,False,16000,False,,False,0.0,cpu,patch_nearest_normal,last2,14,0.05,False,,,0.0,0.00010222778946618,False,False,False,False
2026-08-16 15:05:54,calibration,metal_nut,evaluate,C:/cira_batch_test/metal_nut/bad_8.png,bad_8.png,anomaly,True,0.16784417629241943,0.16784417629241943,0.07371339670893942,0.07371339670893942,0.06968219578266144,False,False,16000,False,,False,0.0,cpu,patch_nearest_normal,last2,14,0.05,False,,,0.0,0.00010222778946618,False,False,False,False
2026-08-16 15:05:56,calibration,metal_nut,evaluate,C:/cira_batch_test/metal_nut/bad_10.png,bad_10.png,anomaly,True,0.11286713927984238,0.11286713927984238,0.07371339670893942,0.07371339670893942,0.06968219578266144,False,False,16000,False,,False,0.0,cpu,patch_nearest_normal,last2,14,0.05,False,,,0.0,0.00010222778946618,False,False,False,False
2026-08-16 15:05:57,calibration,metal_nut,evaluate,C:/cira_batch_test/metal_nut/good_4.png,good_4.png,normal,False,0.061213236302137375,0.061213236302137375,0.07371339670893942,0.07371339670893942,0.06968219578266144,False,False,16000,False,,False,0.0,cpu,patch_nearest_normal,last2,14,0.05,False,,,0.0,0.00010222778946618,False,False,False,False
2026-08-16 15:05:58,calibration,metal_nut,evaluate,C:/cira_batch_test/metal_nut/bad_5.png,bad_5.png,anomaly,True,0.1522161066532135,0.1522161066532135,0.07371339670893942,0.07371339670893942,0.06968219578266144,False,False,16000,False,,False,0.0,cpu,patch_nearest_normal,last2,14,0.05,False,,,0.0,0.00010222778946618,False,False,False,False
2026-08-16 15:06:00,calibration,metal_nut,evaluate,C:/cira_batch_test/metal_nut/good_20.png,good_20.png,normal,False,0.059084415435791016,0.059084415435791016,0.07371339670893942,0.07371339670893942,0.06968219578266144,False,False,16000,False,,False,0.0,cpu,patch_nearest_normal,last2,14,0.05,False,,,0.0,0.00010222778946618,False,False,False,False
2026-08-16 15:06:01,calibration,metal_nut,evaluate,C:/cira_batch_test/metal_nut/good_18.png,good_18.png,normal,False,0.061139583587646484,0.061139583587646484,0.07371339670893942,0.07371339670893942,0.06968219578266144,False,False,16000,False,,False,0.0,cpu,patch_nearest_normal,last2,14,0.05,False,,,0.0,0.00010222778946618,False,False,False,False
2026-08-16 15:06:02,calibration,metal_nut,evaluate,C:/cira_batch_test/metal_nut/good_11.png,good_11.png,anomaly,True,0.07571141421794891,0.07571141421794891,0.07371339670893942,0.07371339670893942,0.06968219578266144,False,False,16000,False,,False,0.0,cpu,patch_nearest_normal,last2,14,0.05,False,,,0.0,0.00010222778946618,False,False,False,False
2026-08-16 15:06:04,calibration,metal_nut,evaluate,C:/cira_batch_test/metal_nut/good_9.png,good_9.png,anomaly,True,0.08020658791065216,0.08020658791065216,0.07371339670893942,0.07371339670893942,0.06968219578266144,False,False,16000,False,,False,0.0,cpu,patch_nearest_normal,last2,14,0.05,False,,,0.0,0.00010222778946618,False,False,False,False
2026-08-16 15:06:05,calibration,metal_nut,evaluate,C:/cira_batch_test/metal_nut/good_16.png,good_16.png,normal,False,0.06986961513757706,0.06986961513757706,0.07371339670893942,0.07371339670893942,0.06968219578266144,False,False,16000,False,,False,0.0,cpu,patch_nearest_normal,last2,14,0.05,False,,,0.0,0.00010222778946618,False,False,False,False
2026-08-16 15:06:06,calibration,metal_nut,evaluate,C:/cira_batch_test/metal_nut/bad_7.png,bad_7.png,anomaly,True,0.1473463475704193,0.1473463475704193,0.07371339670893942,0.07371339670893942,0.06968219578266144,False,False,16000,False,,False,0.0,cpu,patch_nearest_normal,last2,14,0.05,False,,,0.0,0.00010222778946618,False,False,False,False
2026-08-16 15:06:07,calibration,metal_nut,evaluate,C:/cira_batch_test/metal_nut/good_13.png,good_13.png,normal,False,0.06875544786453247,0.06875544786453247,0.07371339670893942,0.07371339670893942,0.06968219578266144,False,False,16000,False,,False,0.0,cpu,patch_nearest_normal,last2,14,0.05,False,,,0.0,0.00010222778946618,False,False,False,False
2026-08-16 15:06:09,calibration,metal_nut,evaluate,C:/cira_batch_test/metal_nut/good_5.png,good_5.png,normal,False,0.06078484654426575,0.06078484654426575,0.07371339670893942,0.07371339670893942,0.06968219578266144,False,False,16000,False,,False,0.0,cpu,patch_nearest_normal,last2,14,0.05,False,,,0.0,0.00010222778946618,False,False,False,False
2026-08-16 15:06:10,calibration,metal_nut,evaluate,C:/cira_batch_test/metal_nut/good_2.png,good_2.png,normal,False,0.061334919184446335,0.061334919184446335,0.07371339670893942,0.07371339670893942,0.06968219578266144,False,False,16000,False,,False,0.0,cpu,patch_nearest_normal,last2,14,0.05,False,,,0.0,0.00010222778946618,False,False,False,False
2026-08-16 15:06:11,calibration,metal_nut,evaluate,C:/cira_batch_test/metal_nut/bad_6.png,bad_6.png,anomaly,True,0.15751172602176666,0.15751172602176666,0.07371339670893942,0.07371339670893942,0.06968219578266144,False,False,16000,False,,False,0.0,cpu,patch_nearest_normal,last2,14,0.05,False,,,0.0,0.00010222778946618,False,False,False,False
2026-08-16 15:06:13,calibration,metal_nut,evaluate,C:/cira_batch_test/metal_nut/bad_14.png,bad_14.png,anomaly,True,0.1635027825832367,0.1635027825832367,0.07371339670893942,0.07371339670893942,0.06968219578266144,False,False,16000,False,,False,0.0,cpu,patch_nearest_normal,last2,14,0.05,False,,,0.0,0.00010222778946618,False,False,False,False
2026-08-16 15:06:14,calibration,metal_nut,evaluate,C:/cira_batch_test/metal_nut/good_3.png,good_3.png,normal,False,0.06599457561969757,0.06599457561969757,0.07371339670893942,0.07371339670893942,0.06968219578266144,False,False,16000,False,,False,0.0,cpu,patch_nearest_normal,last2,14,0.05,False,,,0.0,0.00010222778946618,False,False,False,False
2026-08-16 15:06:15,calibration,metal_nut,evaluate,C:/cira_batch_test/metal_nut/bad_4.png,bad_4.png,anomaly,True,0.20023484528064728,0.20023484528064728,0.07371339670893942,0.07371339670893942,0.06968219578266144,False,False,16000,False,,False,0.0,cpu,patch_nearest_normal,last2,14,0.05,False,,,0.0,0.00010222778946618,False,False,False,False
2026-08-16 15:06:16,calibration,metal_nut,evaluate,C:/cira_batch_test/metal_nut/bad_15.png,bad_15.png,anomaly,True,0.16574899852275848,0.16574899852275848,0.07371339670893942,0.07371339670893942,0.06968219578266144,False,False,16000,False,,False,0.0,cpu,patch_nearest_normal,last2,14,0.05,False,,,0.0,0.00010222778946618,False,False,False,False
2026-08-16 15:06:18,calibration,metal_nut,evaluate,C:/cira_batch_test/metal_nut/good_8.png,good_8.png,anomaly,True,0.076658234000206,0.076658234000206,0.07371339670893942,0.07371339670893942,0.06968219578266144,False,False,16000,False,,False,0.0,cpu,patch_nearest_normal,last2,14,0.05,False,,,0.0,0.00010222778946618,False,False,False,False
2026-08-16 15:06:19,calibration,metal_nut,evaluate,C:/cira_batch_test/metal_nut/bad_3.png,bad_3.png,anomaly,True,0.14994709193706512,0.14994709193706512,0.07371339670893942,0.07371339670893942,0.06968219578266144,False,False,16000,False,,False,0.0,cpu,patch_nearest_normal,last2,14,0.05,False,,,0.0,0.00010222778946618,False,False,False,False
2026-08-16 15:06:20,calibration,metal_nut,evaluate,C:/cira_batch_test/metal_nut/bad_11.png,bad_11.png,anomaly,True,0.16214802861213684,0.16214802861213684,0.07371339670893942,0.07371339670893942,0.06968219578266144,False,False,16000,False,,False,0.0,cpu,patch_nearest_normal,last2,14,0.05,False,,,0.0,0.00010222778946618,False,False,False,False
2026-08-16 15:06:21,calibration,metal_nut,evaluate,C:/cira_batch_test/metal_nut/good_19.png,good_19.png,normal,False,0.05218540504574776,0.05218540504574776,0.07371339670893942,0.07371339670893942,0.06968219578266144,False,False,16000,False,,False,0.0,cpu,patch_nearest_normal,last2,14,0.05,False,,,0.0,0.00010222778946618,False,False,False,False
2026-08-16 15:06:23,calibration,metal_nut,evaluate,C:/cira_batch_test/metal_nut/good_12.png,good_12.png,normal,False,0.07000996172428131,0.07000996172428131,0.07371339670893942,0.07371339670893942,0.06968219578266144,False,False,16000,False,,False,0.0,cpu,patch_nearest_normal,last2,14,0.05,False,,,0.0,0.00010222778946618,False,False,False,False
2026-08-16 15:06:24,calibration,metal_nut,evaluate,C:/cira_batch_test/metal_nut/good_15.png,good_15.png,normal,False,0.05964915081858635,0.05964915081858635,0.07371339670893942,0.07371339670893942,0.06968219578266144,False,False,16000,False,,False,0.0,cpu,patch_nearest_normal,last2,14,0.05,False,,,0.0,0.00010222778946618,False,False,False,False
2026-08-16 15:06:25,calibration,metal_nut,evaluate,C:/cira_batch_test/metal_nut/bad_17.png,bad_17.png,anomaly,True,0.15556561946868896,0.15556561946868896,0.07371339670893942,0.07371339670893942,0.06968219578266144,False,False,16000,False,,False,0.0,cpu,patch_nearest_normal,last2,14,0.05,False,,,0.0,0.00010222778946618,False,False,False,False
2026-08-16 15:06:27,calibration,metal_nut,evaluate,C:/cira_batch_test/metal_nut/bad_19.png,bad_19.png,anomaly,True,0.15874633193016052,0.15874633193016052,0.07371339670893942,0.07371339670893942,0.06968219578266144,False,False,16000,False,,False,0.0,cpu,patch_nearest_normal,last2,14,0.05,False,,,0.0,0.00010222778946618,False,False,False,False
2026-08-16 15:06:28,calibration,metal_nut,evaluate,C:/cira_batch_test/metal_nut/bad_1.png,bad_1.png,anomaly,True,0.120308056473732,0.120308056473732,0.07371339670893942,0.07371339670893942,0.06968219578266144,False,False,16000,False,,False,0.0,cpu,patch_nearest_normal,last2,14,0.05,False,,,0.0,0.00010222778946618,False,False,False,False
2026-08-16 15:06:29,calibration,metal_nut,evaluate,C:/cira_batch_test/metal_nut/good_14.png,good_14.png,normal,False,0.0709434300661087,0.0709434300661087,0.07371339670893942,0.07371339670893942,0.06968219578266144,False,False,16000,False,,False,0.0,cpu,patch_nearest_normal,last2,14,0.05,False,,,0.0,0.00010222778946618,False,False,False,False
2026-08-16 15:06:31,calibration,pill,evaluate,C:/cira_batch_test/pill/good_1.png,good_1.png,normal,False,0.04695393890142441,0.04695393890142441,0.05881828558520522,0.05881828558520522,0.05084799118340016,False,False,16000,False,,False,0.0,cpu,patch_nearest_normal,last2,14,0.05,False,,,0.0,0.00015804108188598499,False,False,False,False
2026-08-16 15:06:32,calibration,pill,evaluate,C:/cira_batch_test/pill/bad_16.png,bad_16.png,anomaly,True,0.0749705582857132,0.0749705582857132,0.05881828558520522,0.05881828558520522,0.05084799118340016,False,False,16000,False,,False,0.0,cpu,patch_nearest_normal,last2,14,0.05,False,,,0.0,0.00015804108188598499,False,False,False,False
2026-08-16 15:06:33,calibration,pill,evaluate,C:/cira_batch_test/pill/bad_20.png,bad_20.png,anomaly,True,0.06352678686380386,0.06352678686380386,0.05881828558520522,0.05881828558520522,0.05084799118340016,False,False,16000,False,,False,0.0,cpu,patch_nearest_normal,last2,14,0.05,False,,,0.0,0.00015804108188598499,False,False,False,False
2026-08-16 15:06:34,calibration,pill,evaluate,C:/cira_batch_test/pill/bad_12.png,bad_12.png,anomaly,True,0.1240813136100769,0.1240813136100769,0.05881828558520522,0.05881828558520522,0.05084799118340016,False,False,16000,False,,False,0.0,cpu,patch_nearest_normal,last2,14,0.05,False,,,0.0,0.00015804108188598499,False,False,False,False
2026-08-16 15:06:36,calibration,pill,evaluate,C:/cira_batch_test/pill/good_17.png,good_17.png,normal,False,0.05526961758732796,0.05526961758732796,0.05881828558520522,0.05881828558520522,0.05084799118340016,False,False,16000,False,,False,0.0,cpu,patch_nearest_normal,last2,14,0.05,False,,,0.0,0.00015804108188598499,False,False,False,False
2026-08-16 15:06:37,calibration,pill,evaluate,C:/cira_batch_test/pill/bad_9.png,bad_9.png,anomaly,True,0.06180185824632645,0.06180185824632645,0.05881828558520522,0.05881828558520522,0.05084799118340016,False,False,16000,False,,False,0.0,cpu,patch_nearest_normal,last2,14,0.05,False,,,0.0,0.00015804108188598499,False,False,False,False
2026-08-16 15:06:38,calibration,pill,evaluate,C:/cira_batch_test/pill/bad_18.png,bad_18.png,normal,False,0.05530353635549545,0.05530353635549545,0.05881828558520522,0.05881828558520522,0.05084799118340016,False,False,16000,False,,False,0.0,cpu,patch_nearest_normal,last2,14,0.05,False,,,0.0,0.00015804108188598499,False,False,False,False
2026-08-16 15:06:40,calibration,pill,evaluate,C:/cira_batch_test/pill/bad_13.png,bad_13.png,normal,False,0.058266330510377884,0.058266330510377884,0.05881828558520522,0.05881828558520522,0.05084799118340016,False,False,16000,False,,False,0.0,cpu,patch_nearest_normal,last2,14,0.05,False,,,0.0,0.00015804108188598499,False,False,False,False
2026-08-16 15:06:41,calibration,pill,evaluate,C:/cira_batch_test/pill/bad_2.png,bad_2.png,anomaly,True,0.07594049721956253,0.07594049721956253,0.05881828558520522,0.05881828558520522,0.05084799118340016,False,False,16000,False,,False,0.0,cpu,patch_nearest_normal,last2,14,0.05,False,,,0.0,0.00015804108188598499,False,False,False,False
2026-08-16 15:06:42,calibration,pill,evaluate,C:/cira_batch_test/pill/good_6.png,good_6.png,normal,False,0.045358747243881226,0.045358747243881226,0.05881828558520522,0.05881828558520522,0.05084799118340016,False,False,16000,False,,False,0.0,cpu,patch_nearest_normal,last2,14,0.05,False,,,0.0,0.00015804108188598499,False,False,False,False
2026-08-16 15:06:44,calibration,pill,evaluate,C:/cira_batch_test/pill/good_10.png,good_10.png,normal,False,0.045000214129686356,0.045000214129686356,0.05881828558520522,0.05881828558520522,0.05084799118340016,False,False,16000,False,,False,0.0,cpu,patch_nearest_normal,last2,14,0.05,False,,,0.0,0.00015804108188598499,False,False,False,False
2026-08-16 15:06:45,calibration,pill,evaluate,C:/cira_batch_test/pill/good_7.png,good_7.png,normal,False,0.04541800171136856,0.04541800171136856,0.05881828558520522,0.05881828558520522,0.05084799118340016,False,False,16000,False,,False,0.0,cpu,patch_nearest_normal,last2,14,0.05,False,,,0.0,0.00015804108188598499,False,False,False,False
2026-08-16 15:06:46,calibration,pill,evaluate,C:/cira_batch_test/pill/bad_8.png,bad_8.png,anomaly,True,0.11677481979131699,0.11677481979131699,0.05881828558520522,0.05881828558520522,0.05084799118340016,False,False,16000,False,,False,0.0,cpu,patch_nearest_normal,last2,14,0.05,False,,,0.0,0.00015804108188598499,False,False,False,False
2026-08-16 15:06:47,calibration,pill,evaluate,C:/cira_batch_test/pill/bad_10.png,bad_10.png,normal,False,0.046015601605176926,0.046015601605176926,0.05881828558520522,0.05881828558520522,0.05084799118340016,False,False,16000,False,,False,0.0,cpu,patch_nearest_normal,last2,14,0.05,False,,,0.0,0.00015804108188598499,False,False,False,False
2026-08-16 15:06:49,calibration,pill,evaluate,C:/cira_batch_test/pill/good_4.png,good_4.png,normal,False,0.04751674458384514,0.04751674458384514,0.05881828558520522,0.05881828558520522,0.05084799118340016,False,False,16000,False,,False,0.0,cpu,patch_nearest_normal,last2,14,0.05,False,,,0.0,0.00015804108188598499,False,False,False,False
2026-08-16 15:06:50,calibration,pill,evaluate,C:/cira_batch_test/pill/bad_5.png,bad_5.png,anomaly,True,0.1880561262369156,0.1880561262369156,0.05881828558520522,0.05881828558520522,0.05084799118340016,False,False,16000,False,,False,0.0,cpu,patch_nearest_normal,last2,14,0.05,False,,,0.0,0.00015804108188598499,False,False,False,False
2026-08-16 15:06:51,calibration,pill,evaluate,C:/cira_batch_test/pill/good_20.png,good_20.png,normal,False,0.053549669682979584,0.053549669682979584,0.05881828558520522,0.05881828558520522,0.05084799118340016,False,False,16000,False,,False,0.0,cpu,patch_nearest_normal,last2,14,0.05,False,,,0.0,0.00015804108188598499,False,False,False,False
2026-08-16 15:06:53,calibration,pill,evaluate,C:/cira_batch_test/pill/good_18.png,good_18.png,normal,False,0.048415761440992355,0.048415761440992355,0.05881828558520522,0.05881828558520522,0.05084799118340016,False,False,16000,False,,False,0.0,cpu,patch_nearest_normal,last2,14,0.05,False,,,0.0,0.00015804108188598499,False,False,False,False
2026-08-16 15:06:54,calibration,pill,evaluate,C:/cira_batch_test/pill/good_11.png,good_11.png,normal,False,0.050695598125457764,0.050695598125457764,0.05881828558520522,0.05881828558520522,0.05084799118340016,False,False,16000,False,,False,0.0,cpu,patch_nearest_normal,last2,14,0.05,False,,,0.0,0.00015804108188598499,False,False,False,False
2026-08-16 15:06:55,calibration,pill,evaluate,C:/cira_batch_test/pill/good_9.png,good_9.png,normal,False,0.0481899157166481,0.0481899157166481,0.05881828558520522,0.05881828558520522,0.05084799118340016,False,False,16000,False,,False,0.0,cpu,patch_nearest_normal,last2,14,0.05,False,,,0.0,0.00015804108188598499,False,False,False,False
2026-08-16 15:06:56,calibration,pill,evaluate,C:/cira_batch_test/pill/good_16.png,good_16.png,normal,False,0.05541868880391121,0.05541868880391121,0.05881828558520522,0.05881828558520522,0.05084799118340016,False,False,16000,False,,False,0.0,cpu,patch_nearest_normal,last2,14,0.05,False,,,0.0,0.00015804108188598499,False,False,False,False
2026-08-16 15:06:58,calibration,pill,evaluate,C:/cira_batch_test/pill/bad_7.png,bad_7.png,anomaly,True,0.07926522940397263,0.07926522940397263,0.05881828558520522,0.05881828558520522,0.05084799118340016,False,False,16000,False,,False,0.0,cpu,patch_nearest_normal,last2,14,0.05,False,,,0.0,0.00015804108188598499,False,False,False,False
2026-08-16 15:06:59,calibration,pill,evaluate,C:/cira_batch_test/pill/good_13.png,good_13.png,anomaly,True,0.06495939195156097,0.06495939195156097,0.05881828558520522,0.05881828558520522,0.05084799118340016,False,False,16000,False,,False,0.0,cpu,patch_nearest_normal,last2,14,0.05,False,,,0.0,0.00015804108188598499,False,False,False,False
2026-08-16 15:07:00,calibration,pill,evaluate,C:/cira_batch_test/pill/good_5.png,good_5.png,normal,False,0.03889787942171097,0.03889787942171097,0.05881828558520522,0.05881828558520522,0.05084799118340016,False,False,16000,False,,False,0.0,cpu,patch_nearest_normal,last2,14,0.05,False,,,0.0,0.00015804108188598499,False,False,False,False
2026-08-16 15:07:02,calibration,pill,evaluate,C:/cira_batch_test/pill/good_2.png,good_2.png,normal,False,0.044582974165678024,0.044582974165678024,0.05881828558520522,0.05881828558520522,0.05084799118340016,False,False,16000,False,,False,0.0,cpu,patch_nearest_normal,last2,14,0.05,False,,,0.0,0.00015804108188598499,False,False,False,False
2026-08-16 15:07:03,calibration,pill,evaluate,C:/cira_batch_test/pill/bad_6.png,bad_6.png,anomaly,True,0.07852540910243988,0.07852540910243988,0.05881828558520522,0.05881828558520522,0.05084799118340016,False,False,16000,False,,False,0.0,cpu,patch_nearest_normal,last2,14,0.05,False,,,0.0,0.00015804108188598499,False,False,False,False
2026-08-16 15:07:04,calibration,pill,evaluate,C:/cira_batch_test/pill/bad_14.png,bad_14.png,anomaly,True,0.07052832096815109,0.07052832096815109,0.05881828558520522,0.05881828558520522,0.05084799118340016,False,False,16000,False,,False,0.0,cpu,patch_nearest_normal,last2,14,0.05,False,,,0.0,0.00015804108188598499,False,False,False,False
2026-08-16 15:07:06,calibration,pill,evaluate,C:/cira_batch_test/pill/good_3.png,good_3.png,normal,False,0.042784057557582855,0.042784057557582855,0.05881828558520522,0.05881828558520522,0.05084799118340016,False,False,16000,False,,False,0.0,cpu,patch_nearest_normal,last2,14,0.05,False,,,0.0,0.00015804108188598499,False,False,False,False
2026-08-16 15:07:07,calibration,pill,evaluate,C:/cira_batch_test/pill/bad_4.png,bad_4.png,anomaly,True,0.06936968863010406,0.06936968863010406,0.05881828558520522,0.05881828558520522,0.05084799118340016,False,False,16000,False,,False,0.0,cpu,patch_nearest_normal,last2,14,0.05,False,,,0.0,0.00015804108188598499,False,False,False,False
2026-08-16 15:07:08,calibration,pill,evaluate,C:/cira_batch_test/pill/bad_15.png,bad_15.png,anomaly,True,0.07387086749076843,0.07387086749076843,0.05881828558520522,0.05881828558520522,0.05084799118340016,False,False,16000,False,,False,0.0,cpu,patch_nearest_normal,last2,14,0.05,False,,,0.0,0.00015804108188598499,False,False,False,False
2026-08-16 15:07:10,calibration,pill,evaluate,C:/cira_batch_test/pill/good_8.png,good_8.png,normal,False,0.058110348880290985,0.058110348880290985,0.05881828558520522,0.05881828558520522,0.05084799118340016,False,False,16000,False,,False,0.0,cpu,patch_nearest_normal,last2,14,0.05,False,,,0.0,0.00015804108188598499,False,False,False,False
2026-08-16 15:07:11,calibration,pill,evaluate,C:/cira_batch_test/pill/bad_3.png,bad_3.png,anomaly,True,0.06840449571609497,0.06840449571609497,0.05881828558520522,0.05881828558520522,0.05084799118340016,False,False,16000,False,,False,0.0,cpu,patch_nearest_normal,last2,14,0.05,False,,,0.0,0.00015804108188598499,False,False,False,False
2026-08-16 15:07:12,calibration,pill,evaluate,C:/cira_batch_test/pill/bad_11.png,bad_11.png,anomaly,True,0.0964575856924057,0.0964575856924057,0.05881828558520522,0.05881828558520522,0.05084799118340016,False,False,16000,False,,False,0.0,cpu,patch_nearest_normal,last2,14,0.05,False,,,0.0,0.00015804108188598499,False,False,False,False
2026-08-16 15:07:14,calibration,pill,evaluate,C:/cira_batch_test/pill/good_19.png,good_19.png,normal,False,0.058087486773729324,0.058087486773729324,0.05881828558520522,0.05881828558520522,0.05084799118340016,False,False,16000,False,,False,0.0,cpu,patch_nearest_normal,last2,14,0.05,False,,,0.0,0.00015804108188598499,False,False,False,False
2026-08-16 15:07:15,calibration,pill,evaluate,C:/cira_batch_test/pill/good_12.png,good_12.png,normal,False,0.05591312050819397,0.05591312050819397,0.05881828558520522,0.05881828558520522,0.05084799118340016,False,False,16000,False,,False,0.0,cpu,patch_nearest_normal,last2,14,0.05,False,,,0.0,0.00015804108188598499,False,False,False,False
2026-08-16 15:07:16,calibration,pill,evaluate,C:/cira_batch_test/pill/good_15.png,good_15.png,normal,False,0.05013730376958847,0.05013730376958847,0.05881828558520522,0.05881828558520522,0.05084799118340016,False,False,16000,False,,False,0.0,cpu,patch_nearest_normal,last2,14,0.05,False,,,0.0,0.00015804108188598499,False,False,False,False
2026-08-16 15:07:17,calibration,pill,evaluate,C:/cira_batch_test/pill/bad_17.png,bad_17.png,anomaly,True,0.07885874807834625,0.07885874807834625,0.05881828558520522,0.05881828558520522,0.05084799118340016,False,False,16000,False,,False,0.0,cpu,patch_nearest_normal,last2,14,0.05,False,,,0.0,0.00015804108188598499,False,False,False,False
2026-08-16 15:07:19,calibration,pill,evaluate,C:/cira_batch_test/pill/bad_19.png,bad_19.png,anomaly,True,0.06617725640535355,0.06617725640535355,0.05881828558520522,0.05881828558520522,0.05084799118340016,False,False,16000,False,,False,0.0,cpu,patch_nearest_normal,last2,14,0.05,False,,,0.0,0.00015804108188598499,False,False,False,False
2026-08-16 15:07:20,calibration,pill,evaluate,C:/cira_batch_test/pill/bad_1.png,bad_1.png,anomaly,True,0.08221174031496048,0.08221174031496048,0.05881828558520522,0.05881828558520522,0.05084799118340016,False,False,16000,False,,False,0.0,cpu,patch_nearest_normal,last2,14,0.05,False,,,0.0,0.00015804108188598499,False,False,False,False
2026-08-16 15:07:21,calibration,pill,evaluate,C:/cira_batch_test/pill/good_14.png,good_14.png,normal,False,0.04824147745966911,0.04824147745966911,0.05881828558520522,0.05881828558520522,0.05084799118340016,False,False,16000,False,,False,0.0,cpu,patch_nearest_normal,last2,14,0.05,False,,,0.0,0.00015804108188598499,False,False,False,False
2026-08-16 15:07:23,calibration,screw,evaluate,C:/cira_batch_test/screw/good_1.png,good_1.png,normal,False,0.05231552571058273,0.05231552571058273,0.06300563204730296,0.06300563204730296,0.05946885421872139,False,False,16000,False,,False,0.0,cpu,patch_nearest_normal,last2,14,0.05,False,,,0.0,0.00012727336943498,False,False,False,False
2026-08-16 15:07:24,calibration,screw,evaluate,C:/cira_batch_test/screw/bad_16.png,bad_16.png,anomaly,True,0.06388070434331894,0.06388070434331894,0.06300563204730296,0.06300563204730296,0.05946885421872139,False,False,16000,False,,False,0.0,cpu,patch_nearest_normal,last2,14,0.05,False,,,0.0,0.00012727336943498,False,False,False,False
2026-08-16 15:07:25,calibration,screw,evaluate,C:/cira_batch_test/screw/bad_20.png,bad_20.png,anomaly,True,0.06558404117822647,0.06558404117822647,0.06300563204730296,0.06300563204730296,0.05946885421872139,False,False,16000,False,,False,0.0,cpu,patch_nearest_normal,last2,14,0.05,False,,,0.0,0.00012727336943498,False,False,False,False
2026-08-16 15:07:27,calibration,screw,evaluate,C:/cira_batch_test/screw/bad_12.png,bad_12.png,anomaly,True,0.0718311071395874,0.0718311071395874,0.06300563204730296,0.06300563204730296,0.05946885421872139,False,False,16000,False,,False,0.0,cpu,patch_nearest_normal,last2,14,0.05,False,,,0.0,0.00012727336943498,False,False,False,False
2026-08-16 15:07:28,calibration,screw,evaluate,C:/cira_batch_test/screw/good_17.png,good_17.png,normal,False,0.05659465119242668,0.05659465119242668,0.06300563204730296,0.06300563204730296,0.05946885421872139,False,False,16000,False,,False,0.0,cpu,patch_nearest_normal,last2,14,0.05,False,,,0.0,0.00012727336943498,False,False,False,False
2026-08-16 15:07:29,calibration,screw,evaluate,C:/cira_batch_test/screw/bad_9.png,bad_9.png,anomaly,True,0.06404207646846771,0.06404207646846771,0.06300563204730296,0.06300563204730296,0.05946885421872139,False,False,16000,False,,False,0.0,cpu,patch_nearest_normal,last2,14,0.05,False,,,0.0,0.00012727336943498,False,False,False,False
2026-08-16 15:07:31,calibration,screw,evaluate,C:/cira_batch_test/screw/bad_18.png,bad_18.png,normal,False,0.06169591099023819,0.06169591099023819,0.06300563204730296,0.06300563204730296,0.05946885421872139,False,False,16000,False,,False,0.0,cpu,patch_nearest_normal,last2,14,0.05,False,,,0.0,0.00012727336943498,False,False,False,False
2026-08-16 15:07:32,calibration,screw,evaluate,C:/cira_batch_test/screw/bad_13.png,bad_13.png,anomaly,True,0.08261307328939438,0.08261307328939438,0.06300563204730296,0.06300563204730296,0.05946885421872139,False,False,16000,False,,False,0.0,cpu,patch_nearest_normal,last2,14,0.05,False,,,0.0,0.00012727336943498,False,False,False,False
2026-08-16 15:07:33,calibration,screw,evaluate,C:/cira_batch_test/screw/bad_2.png,bad_2.png,anomaly,True,0.06379614770412445,0.06379614770412445,0.06300563204730296,0.06300563204730296,0.05946885421872139,False,False,16000,False,,False,0.0,cpu,patch_nearest_normal,last2,14,0.05,False,,,0.0,0.00012727336943498,False,False,False,False
2026-08-16 15:07:35,calibration,screw,evaluate,C:/cira_batch_test/screw/good_6.png,good_6.png,anomaly,True,0.0819774866104126,0.0819774866104126,0.06300563204730296,0.06300563204730296,0.05946885421872139,False,False,16000,False,,False,0.0,cpu,patch_nearest_normal,last2,14,0.05,False,,,0.0,0.00012727336943498,False,False,False,False
2026-08-16 15:07:36,calibration,screw,evaluate,C:/cira_batch_test/screw/good_10.png,good_10.png,normal,False,0.04554378241300583,0.04554378241300583,0.06300563204730296,0.06300563204730296,0.05946885421872139,False,False,16000,False,,False,0.0,cpu,patch_nearest_normal,last2,14,0.05,False,,,0.0,0.00012727336943498,False,False,False,False
2026-08-16 15:07:38,calibration,screw,evaluate,C:/cira_batch_test/screw/good_7.png,good_7.png,normal,False,0.043901074677705765,0.043901074677705765,0.06300563204730296,0.06300563204730296,0.05946885421872139,False,False,16000,False,,False,0.0,cpu,patch_nearest_normal,last2,14,0.05,False,,,0.0,0.00012727336943498,False,False,False,False
2026-08-16 15:07:39,calibration,screw,evaluate,C:/cira_batch_test/screw/bad_8.png,bad_8.png,anomaly,True,0.07123890519142151,0.07123890519142151,0.06300563204730296,0.06300563204730296,0.05946885421872139,False,False,16000,False,,False,0.0,cpu,patch_nearest_normal,last2,14,0.05,False,,,0.0,0.00012727336943498,False,False,False,False
2026-08-16 15:07:40,calibration,screw,evaluate,C:/cira_batch_test/screw/bad_10.png,bad_10.png,anomaly,True,0.06733480095863342,0.06733480095863342,0.06300563204730296,0.06300563204730296,0.05946885421872139,False,False,16000,False,,False,0.0,cpu,patch_nearest_normal,last2,14,0.05,False,,,0.0,0.00012727336943498,False,False,False,False
2026-08-16 15:07:42,calibration,screw,evaluate,C:/cira_batch_test/screw/good_4.png,good_4.png,normal,False,0.0627468153834343,0.0627468153834343,0.06300563204730296,0.06300563204730296,0.05946885421872139,False,False,16000,False,,False,0.0,cpu,patch_nearest_normal,last2,14,0.05,False,,,0.0,0.00012727336943498,False,False,False,False
2026-08-16 15:07:43,calibration,screw,evaluate,C:/cira_batch_test/screw/bad_5.png,bad_5.png,anomaly,True,0.1025581806898117,0.1025581806898117,0.06300563204730296,0.06300563204730296,0.05946885421872139,False,False,16000,False,,False,0.0,cpu,patch_nearest_normal,last2,14,0.05,False,,,0.0,0.00012727336943498,False,False,False,False
2026-08-16 15:07:44,calibration,screw,evaluate,C:/cira_batch_test/screw/good_20.png,good_20.png,anomaly,True,0.06860320270061493,0.06860320270061493,0.06300563204730296,0.06300563204730296,0.05946885421872139,False,False,16000,False,,False,0.0,cpu,patch_nearest_normal,last2,14,0.05,False,,,0.0,0.00012727336943498,False,False,False,False
2026-08-16 15:07:46,calibration,screw,evaluate,C:/cira_batch_test/screw/good_18.png,good_18.png,normal,False,0.062288202345371246,0.062288202345371246,0.06300563204730296,0.06300563204730296,0.05946885421872139,False,False,16000,False,,False,0.0,cpu,patch_nearest_normal,last2,14,0.05,False,,,0.0,0.00012727336943498,False,False,False,False
2026-08-16 15:07:47,calibration,screw,evaluate,C:/cira_batch_test/screw/good_11.png,good_11.png,normal,False,0.05035126209259033,0.05035126209259033,0.06300563204730296,0.06300563204730296,0.05946885421872139,False,False,16000,False,,False,0.0,cpu,patch_nearest_normal,last2,14,0.05,False,,,0.0,0.00012727336943498,False,False,False,False
2026-08-16 15:07:48,calibration,screw,evaluate,C:/cira_batch_test/screw/good_9.png,good_9.png,normal,False,0.04797794297337532,0.04797794297337532,0.06300563204730296,0.06300563204730296,0.05946885421872139,False,False,16000,False,,False,0.0,cpu,patch_nearest_normal,last2,14,0.05,False,,,0.0,0.00012727336943498,False,False,False,False
2026-08-16 15:07:50,calibration,screw,evaluate,C:/cira_batch_test/screw/good_16.png,good_16.png,normal,False,0.06156136468052864,0.06156136468052864,0.06300563204730296,0.06300563204730296,0.05946885421872139,False,False,16000,False,,False,0.0,cpu,patch_nearest_normal,last2,14,0.05,False,,,0.0,0.00012727336943498,False,False,False,False
2026-08-16 15:07:51,calibration,screw,evaluate,C:/cira_batch_test/screw/bad_7.png,bad_7.png,anomaly,True,0.08287642151117325,0.08287642151117325,0.06300563204730296,0.06300563204730296,0.05946885421872139,False,False,16000,False,,False,0.0,cpu,patch_nearest_normal,last2,14,0.05,False,,,0.0,0.00012727336943498,False,False,False,False
2026-08-16 15:07:53,calibration,screw,evaluate,C:/cira_batch_test/screw/good_13.png,good_13.png,normal,False,0.05815276503562927,0.05815276503562927,0.06300563204730296,0.06300563204730296,0.05946885421872139,False,False,16000,False,,False,0.0,cpu,patch_nearest_normal,last2,14,0.05,False,,,0.0,0.00012727336943498,False,False,False,False
2026-08-16 15:07:54,calibration,screw,evaluate,C:/cira_batch_test/screw/good_5.png,good_5.png,normal,False,0.04621760919690132,0.04621760919690132,0.06300563204730296,0.06300563204730296,0.05946885421872139,False,False,16000,False,,False,0.0,cpu,patch_nearest_normal,last2,14,0.05,False,,,0.0,0.00012727336943498,False,False,False,False
2026-08-16 15:07:55,calibration,screw,evaluate,C:/cira_batch_test/screw/good_2.png,good_2.png,anomaly,True,0.06493398547172546,0.06493398547172546,0.06300563204730296,0.06300563204730296,0.05946885421872139,False,False,16000,False,,False,0.0,cpu,patch_nearest_normal,last2,14,0.05,False,,,0.0,0.00012727336943498,False,False,False,False
2026-08-16 15:07:57,calibration,screw,evaluate,C:/cira_batch_test/screw/bad_6.png,bad_6.png,anomaly,True,0.06744615733623505,0.06744615733623505,0.06300563204730296,0.06300563204730296,0.05946885421872139,False,False,16000,False,,False,0.0,cpu,patch_nearest_normal,last2,14,0.05,False,,,0.0,0.00012727336943498,False,False,False,False
2026-08-16 15:07:58,calibration,screw,evaluate,C:/cira_batch_test/screw/bad_14.png,bad_14.png,anomaly,True,0.07650182396173477,0.07650182396173477,0.06300563204730296,0.06300563204730296,0.05946885421872139,False,False,16000,False,,False,0.0,cpu,patch_nearest_normal,last2,14,0.05,False,,,0.0,0.00012727336943498,False,False,False,False
2026-08-16 15:07:59,calibration,screw,evaluate,C:/cira_batch_test/screw/good_3.png,good_3.png,anomaly,True,0.07099030911922455,0.07099030911922455,0.06300563204730296,0.06300563204730296,0.05946885421872139,False,False,16000,False,,False,0.0,cpu,patch_nearest_normal,last2,14,0.05,False,,,0.0,0.00012727336943498,False,False,False,False
2026-08-16 15:08:01,calibration,screw,evaluate,C:/cira_batch_test/screw/bad_4.png,bad_4.png,normal,False,0.05716509371995926,0.05716509371995926,0.06300563204730296,0.06300563204730296,0.05946885421872139,False,False,16000,False,,False,0.0,cpu,patch_nearest_normal,last2,14,0.05,False,,,0.0,0.00012727336943498,False,False,False,False
2026-08-16 15:08:02,calibration,screw,evaluate,C:/cira_batch_test/screw/bad_15.png,bad_15.png,anomaly,True,0.08340131491422653,0.08340131491422653,0.06300563204730296,0.06300563204730296,0.05946885421872139,False,False,16000,False,,False,0.0,cpu,patch_nearest_normal,last2,14,0.05,False,,,0.0,0.00012727336943498,False,False,False,False
2026-08-16 15:08:03,calibration,screw,evaluate,C:/cira_batch_test/screw/good_8.png,good_8.png,normal,False,0.05516890436410904,0.05516890436410904,0.06300563204730296,0.06300563204730296,0.05946885421872139,False,False,16000,False,,False,0.0,cpu,patch_nearest_normal,last2,14,0.05,False,,,0.0,0.00012727336943498,False,False,False,False
2026-08-16 15:08:05,calibration,screw,evaluate,C:/cira_batch_test/screw/bad_3.png,bad_3.png,anomaly,True,0.07039625942707062,0.07039625942707062,0.06300563204730296,0.06300563204730296,0.05946885421872139,False,False,16000,False,,False,0.0,cpu,patch_nearest_normal,last2,14,0.05,False,,,0.0,0.00012727336943498,False,False,False,False
2026-08-16 15:08:06,calibration,screw,evaluate,C:/cira_batch_test/screw/bad_11.png,bad_11.png,anomaly,True,0.06845852732658386,0.06845852732658386,0.06300563204730296,0.06300563204730296,0.05946885421872139,False,False,16000,False,,False,0.0,cpu,patch_nearest_normal,last2,14,0.05,False,,,0.0,0.00012727336943498,False,False,False,False
2026-08-16 15:08:07,calibration,screw,evaluate,C:/cira_batch_test/screw/good_19.png,good_19.png,normal,False,0.050086311995983124,0.050086311995983124,0.06300563204730296,0.06300563204730296,0.05946885421872139,False,False,16000,False,,False,0.0,cpu,patch_nearest_normal,last2,14,0.05,False,,,0.0,0.00012727336943498,False,False,False,False
2026-08-16 15:08:09,calibration,screw,evaluate,C:/cira_batch_test/screw/good_12.png,good_12.png,normal,False,0.057660989463329315,0.057660989463329315,0.06300563204730296,0.06300563204730296,0.05946885421872139,False,False,16000,False,,False,0.0,cpu,patch_nearest_normal,last2,14,0.05,False,,,0.0,0.00012727336943498,False,False,False,False
2026-08-16 15:08:10,calibration,screw,evaluate,C:/cira_batch_test/screw/good_15.png,good_15.png,normal,False,0.04601142928004265,0.04601142928004265,0.06300563204730296,0.06300563204730296,0.05946885421872139,False,False,16000,False,,False,0.0,cpu,patch_nearest_normal,last2,14,0.05,False,,,0.0,0.00012727336943498,False,False,False,False
2026-08-16 15:08:12,calibration,screw,evaluate,C:/cira_batch_test/screw/bad_17.png,bad_17.png,anomaly,True,0.06555953621864319,0.06555953621864319,0.06300563204730296,0.06300563204730296,0.05946885421872139,False,False,16000,False,,False,0.0,cpu,patch_nearest_normal,last2,14,0.05,False,,,0.0,0.00012727336943498,False,False,False,False
2026-08-16 15:08:13,calibration,screw,evaluate,C:/cira_batch_test/screw/bad_19.png,bad_19.png,anomaly,True,0.06777573376893997,0.06777573376893997,0.06300563204730296,0.06300563204730296,0.05946885421872139,False,False,16000,False,,False,0.0,cpu,patch_nearest_normal,last2,14,0.05,False,,,0.0,0.00012727336943498,False,False,False,False
2026-08-16 15:08:14,calibration,screw,evaluate,C:/cira_batch_test/screw/bad_1.png,bad_1.png,anomaly,True,0.07485143095254898,0.07485143095254898,0.06300563204730296,0.06300563204730296,0.05946885421872139,False,False,16000,False,,False,0.0,cpu,patch_nearest_normal,last2,14,0.05,False,,,0.0,0.00012727336943498,False,False,False,False
2026-08-16 15:08:16,calibration,screw,evaluate,C:/cira_batch_test/screw/good_14.png,good_14.png,normal,False,0.06055125594139099,0.06055125594139099,0.06300563204730296,0.06300563204730296,0.05946885421872139,False,False,16000,False,,False,0.0,cpu,patch_nearest_normal,last2,14,0.05,False,,,0.0,0.00012727336943498,False,False,False,False
2026-08-16 15:08:17,calibration,tile,evaluate,C:/cira_batch_test/tile/good_1.png,good_1.png,normal,False,0.04876633360981941,0.04876633360981941,0.06531576363636363,0.06531576363636363,0.05311408117413522,False,False,16000,False,,False,0.0,cpu,patch_nearest_normal,last2,14,0.05,False,,,0.0,0.000230512705456835,False,False,False,False
2026-08-16 15:08:18,calibration,tile,evaluate,C:/cira_batch_test/tile/bad_16.png,bad_16.png,anomaly,True,0.0826697126030922,0.0826697126030922,0.06531576363636363,0.06531576363636363,0.05311408117413522,False,False,16000,False,,False,0.0,cpu,patch_nearest_normal,last2,14,0.05,False,,,0.0,0.000230512705456835,False,False,False,False
2026-08-16 15:08:20,calibration,tile,evaluate,C:/cira_batch_test/tile/bad_20.png,bad_20.png,anomaly,True,0.11427193880081177,0.11427193880081177,0.06531576363636363,0.06531576363636363,0.05311408117413522,False,False,16000,False,,False,0.0,cpu,patch_nearest_normal,last2,14,0.05,False,,,0.0,0.000230512705456835,False,False,False,False
2026-08-16 15:08:21,calibration,tile,evaluate,C:/cira_batch_test/tile/bad_12.png,bad_12.png,normal,False,0.054269999265670776,0.054269999265670776,0.06531576363636363,0.06531576363636363,0.05311408117413522,False,False,16000,False,,False,0.0,cpu,patch_nearest_normal,last2,14,0.05,False,,,0.0,0.000230512705456835,False,False,False,False
2026-08-16 15:08:22,calibration,tile,evaluate,C:/cira_batch_test/tile/good_17.png,good_17.png,normal,False,0.04668809846043587,0.04668809846043587,0.06531576363636363,0.06531576363636363,0.05311408117413522,False,False,16000,False,,False,0.0,cpu,patch_nearest_normal,last2,14,0.05,False,,,0.0,0.000230512705456835,False,False,False,False
2026-08-16 15:08:24,calibration,tile,evaluate,C:/cira_batch_test/tile/bad_9.png,bad_9.png,anomaly,True,0.32023322582244873,0.32023322582244873,0.06531576363636363,0.06531576363636363,0.05311408117413522,False,False,16000,False,,False,0.0,cpu,patch_nearest_normal,last2,14,0.05,False,,,0.0,0.000230512705456835,False,False,False,False
2026-08-16 15:08:25,calibration,tile,evaluate,C:/cira_batch_test/tile/bad_18.png,bad_18.png,anomaly,True,0.07149763405323029,0.07149763405323029,0.06531576363636363,0.06531576363636363,0.05311408117413522,False,False,16000,False,,False,0.0,cpu,patch_nearest_normal,last2,14,0.05,False,,,0.0,0.000230512705456835,False,False,False,False
2026-08-16 15:08:26,calibration,tile,evaluate,C:/cira_batch_test/tile/bad_13.png,bad_13.png,anomaly,True,0.15737123787403107,0.15737123787403107,0.06531576363636363,0.06531576363636363,0.05311408117413522,False,False,16000,False,,False,0.0,cpu,patch_nearest_normal,last2,14,0.05,False,,,0.0,0.000230512705456835,False,False,False,False
2026-08-16 15:08:28,calibration,tile,evaluate,C:/cira_batch_test/tile/bad_2.png,bad_2.png,anomaly,True,0.43867287039756775,0.43867287039756775,0.06531576363636363,0.06531576363636363,0.05311408117413522,False,False,16000,False,,False,0.0,cpu,patch_nearest_normal,last2,14,0.05,False,,,0.0,0.000230512705456835,False,False,False,False
2026-08-16 15:08:29,calibration,tile,evaluate,C:/cira_batch_test/tile/good_6.png,good_6.png,normal,False,0.04664914682507515,0.04664914682507515,0.06531576363636363,0.06531576363636363,0.05311408117413522,False,False,16000,False,,False,0.0,cpu,patch_nearest_normal,last2,14,0.05,False,,,0.0,0.000230512705456835,False,False,False,False
2026-08-16 15:08:30,calibration,tile,evaluate,C:/cira_batch_test/tile/good_10.png,good_10.png,normal,False,0.05169025808572769,0.05169025808572769,0.06531576363636363,0.06531576363636363,0.05311408117413522,False,False,16000,False,,False,0.0,cpu,patch_nearest_normal,last2,14,0.05,False,,,0.0,0.000230512705456835,False,False,False,False
2026-08-16 15:08:32,calibration,tile,evaluate,C:/cira_batch_test/tile/good_7.png,good_7.png,normal,False,0.04349984601140022,0.04349984601140022,0.06531576363636363,0.06531576363636363,0.05311408117413522,False,False,16000,False,,False,0.0,cpu,patch_nearest_normal,last2,14,0.05,False,,,0.0,0.000230512705456835,False,False,False,False
2026-08-16 15:08:33,calibration,tile,evaluate,C:/cira_batch_test/tile/bad_8.png,bad_8.png,anomaly,True,0.16966792941093445,0.16966792941093445,0.06531576363636363,0.06531576363636363,0.05311408117413522,False,False,16000,False,,False,0.0,cpu,patch_nearest_normal,last2,14,0.05,False,,,0.0,0.000230512705456835,False,False,False,False
2026-08-16 15:08:34,calibration,tile,evaluate,C:/cira_batch_test/tile/bad_10.png,bad_10.png,anomaly,True,0.09991627186536789,0.09991627186536789,0.06531576363636363,0.06531576363636363,0.05311408117413522,False,False,16000,False,,False,0.0,cpu,patch_nearest_normal,last2,14,0.05,False,,,0.0,0.000230512705456835,False,False,False,False
2026-08-16 15:08:36,calibration,tile,evaluate,C:/cira_batch_test/tile/good_4.png,good_4.png,normal,False,0.0376717634499073,0.0376717634499073,0.06531576363636363,0.06531576363636363,0.05311408117413522,False,False,16000,False,,False,0.0,cpu,patch_nearest_normal,last2,14,0.05,False,,,0.0,0.000230512705456835,False,False,False,False
2026-08-16 15:08:37,calibration,tile,evaluate,C:/cira_batch_test/tile/bad_5.png,bad_5.png,anomaly,True,0.15819355845451355,0.15819355845451355,0.06531576363636363,0.06531576363636363,0.05311408117413522,False,False,16000,False,,False,0.0,cpu,patch_nearest_normal,last2,14,0.05,False,,,0.0,0.000230512705456835,False,False,False,False
2026-08-16 15:08:38,calibration,tile,evaluate,C:/cira_batch_test/tile/good_20.png,good_20.png,normal,False,0.04177883267402649,0.04177883267402649,0.06531576363636363,0.06531576363636363,0.05311408117413522,False,False,16000,False,,False,0.0,cpu,patch_nearest_normal,last2,14,0.05,False,,,0.0,0.000230512705456835,False,False,False,False
2026-08-16 15:08:40,calibration,tile,evaluate,C:/cira_batch_test/tile/good_18.png,good_18.png,anomaly,True,0.06579261273145676,0.06579261273145676,0.06531576363636363,0.06531576363636363,0.05311408117413522,False,False,16000,False,,False,0.0,cpu,patch_nearest_normal,last2,14,0.05,False,,,0.0,0.000230512705456835,False,False,False,False
2026-08-16 15:08:41,calibration,tile,evaluate,C:/cira_batch_test/tile/good_11.png,good_11.png,normal,False,0.04015053063631058,0.04015053063631058,0.06531576363636363,0.06531576363636363,0.05311408117413522,False,False,16000,False,,False,0.0,cpu,patch_nearest_normal,last2,14,0.05,False,,,0.0,0.000230512705456835,False,False,False,False
2026-08-16 15:08:42,calibration,tile,evaluate,C:/cira_batch_test/tile/good_9.png,good_9.png,normal,False,0.037200719118118286,0.037200719118118286,0.06531576363636363,0.06531576363636363,0.05311408117413522,False,False,16000,False,,False,0.0,cpu,patch_nearest_normal,last2,14,0.05,False,,,0.0,0.000230512705456835,False,False,False,False
2026-08-16 15:08:44,calibration,tile,evaluate,C:/cira_batch_test/tile/good_16.png,good_16.png,normal,False,0.03829062730073929,0.03829062730073929,0.06531576363636363,0.06531576363636363,0.05311408117413522,False,False,16000,False,,False,0.0,cpu,patch_nearest_normal,last2,14,0.05,False,,,0.0,0.000230512705456835,False,False,False,False
2026-08-16 15:08:45,calibration,tile,evaluate,C:/cira_batch_test/tile/bad_7.png,bad_7.png,anomaly,True,0.21303215622901917,0.21303215622901917,0.06531576363636363,0.06531576363636363,0.05311408117413522,False,False,16000,False,,False,0.0,cpu,patch_nearest_normal,last2,14,0.05,False,,,0.0,0.000230512705456835,False,False,False,False
2026-08-16 15:08:46,calibration,tile,evaluate,C:/cira_batch_test/tile/good_13.png,good_13.png,normal,False,0.048761915415525436,0.048761915415525436,0.06531576363636363,0.06531576363636363,0.05311408117413522,False,False,16000,False,,False,0.0,cpu,patch_nearest_normal,last2,14,0.05,False,,,0.0,0.000230512705456835,False,False,False,False
2026-08-16 15:08:48,calibration,tile,evaluate,C:/cira_batch_test/tile/good_5.png,good_5.png,normal,False,0.049941085278987885,0.049941085278987885,0.06531576363636363,0.06531576363636363,0.05311408117413522,False,False,16000,False,,False,0.0,cpu,patch_nearest_normal,last2,14,0.05,False,,,0.0,0.000230512705456835,False,False,False,False
2026-08-16 15:08:49,calibration,tile,evaluate,C:/cira_batch_test/tile/good_2.png,good_2.png,normal,False,0.048410553485155106,0.048410553485155106,0.06531576363636363,0.06531576363636363,0.05311408117413522,False,False,16000,False,,False,0.0,cpu,patch_nearest_normal,last2,14,0.05,False,,,0.0,0.000230512705456835,False,False,False,False
2026-08-16 15:08:50,calibration,tile,evaluate,C:/cira_batch_test/tile/bad_6.png,bad_6.png,anomaly,True,0.23019735515117645,0.23019735515117645,0.06531576363636363,0.06531576363636363,0.05311408117413522,False,False,16000,False,,False,0.0,cpu,patch_nearest_normal,last2,14,0.05,False,,,0.0,0.000230512705456835,False,False,False,False
2026-08-16 15:08:52,calibration,tile,evaluate,C:/cira_batch_test/tile/bad_14.png,bad_14.png,anomaly,True,0.1604515016078949,0.1604515016078949,0.06531576363636363,0.06531576363636363,0.05311408117413522,False,False,16000,False,,False,0.0,cpu,patch_nearest_normal,last2,14,0.05,False,,,0.0,0.000230512705456835,False,False,False,False
2026-08-16 15:08:53,calibration,tile,evaluate,C:/cira_batch_test/tile/good_3.png,good_3.png,normal,False,0.041201911866664886,0.041201911866664886,0.06531576363636363,0.06531576363636363,0.05311408117413522,False,False,16000,False,,False,0.0,cpu,patch_nearest_normal,last2,14,0.05,False,,,0.0,0.000230512705456835,False,False,False,False
2026-08-16 15:08:54,calibration,tile,evaluate,C:/cira_batch_test/tile/bad_4.png,bad_4.png,anomaly,True,0.11496512591838837,0.11496512591838837,0.06531576363636363,0.06531576363636363,0.05311408117413522,False,False,16000,False,,False,0.0,cpu,patch_nearest_normal,last2,14,0.05,False,,,0.0,0.000230512705456835,False,False,False,False
2026-08-16 15:08:56,calibration,tile,evaluate,C:/cira_batch_test/tile/bad_15.png,bad_15.png,anomaly,True,0.17708763480186462,0.17708763480186462,0.06531576363636363,0.06531576363636363,0.05311408117413522,False,False,16000,False,,False,0.0,cpu,patch_nearest_normal,last2,14,0.05,False,,,0.0,0.000230512705456835,False,False,False,False
2026-08-16 15:08:57,calibration,tile,evaluate,C:/cira_batch_test/tile/good_8.png,good_8.png,normal,False,0.03995544835925102,0.03995544835925102,0.06531576363636363,0.06531576363636363,0.05311408117413522,False,False,16000,False,,False,0.0,cpu,patch_nearest_normal,last2,14,0.05,False,,,0.0,0.000230512705456835,False,False,False,False
2026-08-16 15:08:58,calibration,tile,evaluate,C:/cira_batch_test/tile/bad_3.png,bad_3.png,anomaly,True,0.3856334686279297,0.3856334686279297,0.06531576363636363,0.06531576363636363,0.05311408117413522,False,False,16000,False,,False,0.0,cpu,patch_nearest_normal,last2,14,0.05,False,,,0.0,0.000230512705456835,False,False,False,False
2026-08-16 15:09:00,calibration,tile,evaluate,C:/cira_batch_test/tile/bad_11.png,bad_11.png,anomaly,True,0.14983364939689636,0.14983364939689636,0.06531576363636363,0.06531576363636363,0.05311408117413522,False,False,16000,False,,False,0.0,cpu,patch_nearest_normal,last2,14,0.05,False,,,0.0,0.000230512705456835,False,False,False,False
2026-08-16 15:09:01,calibration,tile,evaluate,C:/cira_batch_test/tile/good_19.png,good_19.png,normal,False,0.049340881407260895,0.049340881407260895,0.06531576363636363,0.06531576363636363,0.05311408117413522,False,False,16000,False,,False,0.0,cpu,patch_nearest_normal,last2,14,0.05,False,,,0.0,0.000230512705456835,False,False,False,False
2026-08-16 15:09:02,calibration,tile,evaluate,C:/cira_batch_test/tile/good_12.png,good_12.png,normal,False,0.041374463587999344,0.041374463587999344,0.06531576363636363,0.06531576363636363,0.05311408117413522,False,False,16000,False,,False,0.0,cpu,patch_nearest_normal,last2,14,0.05,False,,,0.0,0.000230512705456835,False,False,False,False
2026-08-16 15:09:04,calibration,tile,evaluate,C:/cira_batch_test/tile/good_15.png,good_15.png,normal,False,0.04179999977350235,0.04179999977350235,0.06531576363636363,0.06531576363636363,0.05311408117413522,False,False,16000,False,,False,0.0,cpu,patch_nearest_normal,last2,14,0.05,False,,,0.0,0.000230512705456835,False,False,False,False
2026-08-16 15:09:05,calibration,tile,evaluate,C:/cira_batch_test/tile/bad_17.png,bad_17.png,anomaly,True,0.38908523321151733,0.38908523321151733,0.06531576363636363,0.06531576363636363,0.05311408117413522,False,False,16000,False,,False,0.0,cpu,patch_nearest_normal,last2,14,0.05,False,,,0.0,0.000230512705456835,False,False,False,False
2026-08-16 15:09:06,calibration,tile,evaluate,C:/cira_batch_test/tile/bad_19.png,bad_19.png,anomaly,True,0.09878449141979218,0.09878449141979218,0.06531576363636363,0.06531576363636363,0.05311408117413522,False,False,16000,False,,False,0.0,cpu,patch_nearest_normal,last2,14,0.05,False,,,0.0,0.000230512705456835,False,False,False,False
2026-08-16 15:09:08,calibration,tile,evaluate,C:/cira_batch_test/tile/bad_1.png,bad_1.png,anomaly,True,0.4234733581542969,0.4234733581542969,0.06531576363636363,0.06531576363636363,0.05311408117413522,False,False,16000,False,,False,0.0,cpu,patch_nearest_normal,last2,14,0.05,False,,,0.0,0.000230512705456835,False,False,False,False
2026-08-16 15:09:09,calibration,tile,evaluate,C:/cira_batch_test/tile/good_14.png,good_14.png,normal,False,0.04218987375497818,0.04218987375497818,0.06531576363636363,0.06531576363636363,0.05311408117413522,False,False,16000,False,,False,0.0,cpu,patch_nearest_normal,last2,14,0.05,False,,,0.0,0.000230512705456835,False,False,False,False
2026-08-16 15:09:11,calibration,toothbrush,evaluate,C:/cira_batch_test/toothbrush/good_1.png,good_1.png,normal,False,0.051045335829257965,0.051045335829257965,0.0701888715806552,0.0701888715806552,0.0501871842890978,False,False,9408,False,,False,0.0,cpu,patch_nearest_normal,last2,14,0.05,False,,,0.0,0.00012676088372241001,False,False,False,False
2026-08-16 15:09:12,calibration,toothbrush,evaluate,C:/cira_batch_test/toothbrush/bad_16.png,bad_16.png,anomaly,True,0.3498750329017639,0.3498750329017639,0.0701888715806552,0.0701888715806552,0.0501871842890978,False,False,9408,False,,False,0.0,cpu,patch_nearest_normal,last2,14,0.05,False,,,0.0,0.00012676088372241001,False,False,False,False
2026-08-16 15:09:13,calibration,toothbrush,evaluate,C:/cira_batch_test/toothbrush/bad_20.png,bad_20.png,anomaly,True,0.3277304172515869,0.3277304172515869,0.0701888715806552,0.0701888715806552,0.0501871842890978,False,False,9408,False,,False,0.0,cpu,patch_nearest_normal,last2,14,0.05,False,,,0.0,0.00012676088372241001,False,False,False,False
2026-08-16 15:09:15,calibration,toothbrush,evaluate,C:/cira_batch_test/toothbrush/bad_12.png,bad_12.png,anomaly,True,0.3752124011516571,0.3752124011516571,0.0701888715806552,0.0701888715806552,0.0501871842890978,False,False,9408,False,,False,0.0,cpu,patch_nearest_normal,last2,14,0.05,False,,,0.0,0.00012676088372241001,False,False,False,False
2026-08-16 15:09:16,calibration,toothbrush,evaluate,C:/cira_batch_test/toothbrush/good_17.png,good_17.png,normal,False,0.019736070185899734,0.019736070185899734,0.0701888715806552,0.0701888715806552,0.0501871842890978,False,False,9408,False,,False,0.0,cpu,patch_nearest_normal,last2,14,0.05,False,,,0.0,0.00012676088372241001,False,False,False,False
2026-08-16 15:09:17,calibration,toothbrush,evaluate,C:/cira_batch_test/toothbrush/bad_9.png,bad_9.png,normal,False,0.049431800842285156,0.049431800842285156,0.0701888715806552,0.0701888715806552,0.0501871842890978,False,False,9408,False,,False,0.0,cpu,patch_nearest_normal,last2,14,0.05,False,,,0.0,0.00012676088372241001,False,False,False,False
2026-08-16 15:09:19,calibration,toothbrush,evaluate,C:/cira_batch_test/toothbrush/bad_18.png,bad_18.png,anomaly,True,0.2717684209346771,0.2717684209346771,0.0701888715806552,0.0701888715806552,0.0501871842890978,False,False,9408,False,,False,0.0,cpu,patch_nearest_normal,last2,14,0.05,False,,,0.0,0.00012676088372241001,False,False,False,False
2026-08-16 15:09:20,calibration,toothbrush,evaluate,C:/cira_batch_test/toothbrush/bad_13.png,bad_13.png,normal,False,0.05651075765490532,0.05651075765490532,0.0701888715806552,0.0701888715806552,0.0501871842890978,False,False,9408,False,,False,0.0,cpu,patch_nearest_normal,last2,14,0.05,False,,,0.0,0.00012676088372241001,False,False,False,False
2026-08-16 15:09:21,calibration,toothbrush,evaluate,C:/cira_batch_test/toothbrush/bad_2.png,bad_2.png,normal,False,0.06783543527126312,0.06783543527126312,0.0701888715806552,0.0701888715806552,0.0501871842890978,False,False,9408,False,,False,0.0,cpu,patch_nearest_normal,last2,14,0.05,False,,,0.0,0.00012676088372241001,False,False,False,False
2026-08-16 15:09:23,calibration,toothbrush,evaluate,C:/cira_batch_test/toothbrush/good_6.png,good_6.png,normal,False,0.04884805530309677,0.04884805530309677,0.0701888715806552,0.0701888715806552,0.0501871842890978,False,False,9408,False,,False,0.0,cpu,patch_nearest_normal,last2,14,0.05,False,,,0.0,0.00012676088372241001,False,False,False,False
2026-08-16 15:09:24,calibration,toothbrush,evaluate,C:/cira_batch_test/toothbrush/good_10.png,good_10.png,anomaly,True,0.07903312891721725,0.07903312891721725,0.0701888715806552,0.0701888715806552,0.0501871842890978,False,False,9408,False,,False,0.0,cpu,patch_nearest_normal,last2,14,0.05,False,,,0.0,0.00012676088372241001,False,False,False,False
2026-08-16 15:09:25,calibration,toothbrush,evaluate,C:/cira_batch_test/toothbrush/good_7.png,good_7.png,normal,False,0.06097178906202316,0.06097178906202316,0.0701888715806552,0.0701888715806552,0.0501871842890978,False,False,9408,False,,False,0.0,cpu,patch_nearest_normal,last2,14,0.05,False,,,0.0,0.00012676088372241001,False,False,False,False
2026-08-16 15:09:27,calibration,toothbrush,evaluate,C:/cira_batch_test/toothbrush/bad_8.png,bad_8.png,anomaly,True,0.3563154339790344,0.3563154339790344,0.0701888715806552,0.0701888715806552,0.0501871842890978,False,False,9408,False,,False,0.0,cpu,patch_nearest_normal,last2,14,0.05,False,,,0.0,0.00012676088372241001,False,False,False,False
2026-08-16 15:09:28,calibration,toothbrush,evaluate,C:/cira_batch_test/toothbrush/bad_10.png,bad_10.png,anomaly,True,0.14204305410385132,0.14204305410385132,0.0701888715806552,0.0701888715806552,0.0501871842890978,False,False,9408,False,,False,0.0,cpu,patch_nearest_normal,last2,14,0.05,False,,,0.0,0.00012676088372241001,False,False,False,False
2026-08-16 15:09:30,calibration,toothbrush,evaluate,C:/cira_batch_test/toothbrush/good_4.png,good_4.png,normal,False,0.04802834987640381,0.04802834987640381,0.0701888715806552,0.0701888715806552,0.0501871842890978,False,False,9408,False,,False,0.0,cpu,patch_nearest_normal,last2,14,0.05,False,,,0.0,0.00012676088372241001,False,False,False,False
2026-08-16 15:09:31,calibration,toothbrush,evaluate,C:/cira_batch_test/toothbrush/bad_5.png,bad_5.png,normal,False,0.05627362057566643,0.05627362057566643,0.0701888715806552,0.0701888715806552,0.0501871842890978,False,False,9408,False,,False,0.0,cpu,patch_nearest_normal,last2,14,0.05,False,,,0.0,0.00012676088372241001,False,False,False,False
2026-08-16 15:09:32,calibration,toothbrush,evaluate,C:/cira_batch_test/toothbrush/good_20.png,good_20.png,normal,False,0.01844852603971958,0.01844852603971958,0.0701888715806552,0.0701888715806552,0.0501871842890978,False,False,9408,False,,False,0.0,cpu,patch_nearest_normal,last2,14,0.05,False,,,0.0,0.00012676088372241001,False,False,False,False
2026-08-16 15:09:34,calibration,toothbrush,evaluate,C:/cira_batch_test/toothbrush/good_18.png,good_18.png,normal,False,0.04664243385195732,0.04664243385195732,0.0701888715806552,0.0701888715806552,0.0501871842890978,False,False,9408,False,,False,0.0,cpu,patch_nearest_normal,last2,14,0.05,False,,,0.0,0.00012676088372241001,False,False,False,False
2026-08-16 15:09:35,calibration,toothbrush,evaluate,C:/cira_batch_test/toothbrush/good_11.png,good_11.png,normal,False,0.05370904132723808,0.05370904132723808,0.0701888715806552,0.0701888715806552,0.0501871842890978,False,False,9408,False,,False,0.0,cpu,patch_nearest_normal,last2,14,0.05,False,,,0.0,0.00012676088372241001,False,False,False,False
2026-08-16 15:09:36,calibration,toothbrush,evaluate,C:/cira_batch_test/toothbrush/good_9.png,good_9.png,normal,False,0.04554165154695511,0.04554165154695511,0.0701888715806552,0.0701888715806552,0.0501871842890978,False,False,9408,False,,False,0.0,cpu,patch_nearest_normal,last2,14,0.05,False,,,0.0,0.00012676088372241001,False,False,False,False
2026-08-16 15:09:38,calibration,toothbrush,evaluate,C:/cira_batch_test/toothbrush/good_16.png,good_16.png,normal,False,0.04482537508010864,0.04482537508010864,0.0701888715806552,0.0701888715806552,0.0501871842890978,False,False,9408,False,,False,0.0,cpu,patch_nearest_normal,last2,14,0.05,False,,,0.0,0.00012676088372241001,False,False,False,False
2026-08-16 15:09:39,calibration,toothbrush,evaluate,C:/cira_batch_test/toothbrush/bad_7.png,bad_7.png,anomaly,True,0.1375305950641632,0.1375305950641632,0.0701888715806552,0.0701888715806552,0.0501871842890978,False,False,9408,False,,False,0.0,cpu,patch_nearest_normal,last2,14,0.05,False,,,0.0,0.00012676088372241001,False,False,False,False
2026-08-16 15:09:40,calibration,toothbrush,evaluate,C:/cira_batch_test/toothbrush/good_13.png,good_13.png,normal,False,0.056590307503938675,0.056590307503938675,0.0701888715806552,0.0701888715806552,0.0501871842890978,False,False,9408,False,,False,0.0,cpu,patch_nearest_normal,last2,14,0.05,False,,,0.0,0.00012676088372241001,False,False,False,False
2026-08-16 15:09:42,calibration,toothbrush,evaluate,C:/cira_batch_test/toothbrush/good_5.png,good_5.png,normal,False,0.01841483637690544,0.01841483637690544,0.0701888715806552,0.0701888715806552,0.0501871842890978,False,False,9408,False,,False,0.0,cpu,patch_nearest_normal,last2,14,0.05,False,,,0.0,0.00012676088372241001,False,False,False,False
2026-08-16 15:09:43,calibration,toothbrush,evaluate,C:/cira_batch_test/toothbrush/good_2.png,good_2.png,normal,False,0.06211220473051071,0.06211220473051071,0.0701888715806552,0.0701888715806552,0.0501871842890978,False,False,9408,False,,False,0.0,cpu,patch_nearest_normal,last2,14,0.05,False,,,0.0,0.00012676088372241001,False,False,False,False
2026-08-16 15:09:45,calibration,toothbrush,evaluate,C:/cira_batch_test/toothbrush/bad_6.png,bad_6.png,normal,False,0.056570012122392654,0.056570012122392654,0.0701888715806552,0.0701888715806552,0.0501871842890978,False,False,9408,False,,False,0.0,cpu,patch_nearest_normal,last2,14,0.05,False,,,0.0,0.00012676088372241001,False,False,False,False
2026-08-16 15:09:46,calibration,toothbrush,evaluate,C:/cira_batch_test/toothbrush/bad_14.png,bad_14.png,anomaly,True,0.25978079438209534,0.25978079438209534,0.0701888715806552,0.0701888715806552,0.0501871842890978,False,False,9408,False,,False,0.0,cpu,patch_nearest_normal,last2,14,0.05,False,,,0.0,0.00012676088372241001,False,False,False,False
2026-08-16 15:09:47,calibration,toothbrush,evaluate,C:/cira_batch_test/toothbrush/good_3.png,good_3.png,normal,False,0.040300529450178146,0.040300529450178146,0.0701888715806552,0.0701888715806552,0.0501871842890978,False,False,9408,False,,False,0.0,cpu,patch_nearest_normal,last2,14,0.05,False,,,0.0,0.00012676088372241001,False,False,False,False
2026-08-16 15:09:49,calibration,toothbrush,evaluate,C:/cira_batch_test/toothbrush/bad_4.png,bad_4.png,anomaly,True,0.07385025918483734,0.07385025918483734,0.0701888715806552,0.0701888715806552,0.0501871842890978,False,False,9408,False,,False,0.0,cpu,patch_nearest_normal,last2,14,0.05,False,,,0.0,0.00012676088372241001,False,False,False,False
2026-08-16 15:09:50,calibration,toothbrush,evaluate,C:/cira_batch_test/toothbrush/bad_15.png,bad_15.png,normal,False,0.0645475760102272,0.0645475760102272,0.0701888715806552,0.0701888715806552,0.0501871842890978,False,False,9408,False,,False,0.0,cpu,patch_nearest_normal,last2,14,0.05,False,,,0.0,0.00012676088372241001,False,False,False,False
2026-08-16 15:09:51,calibration,toothbrush,evaluate,C:/cira_batch_test/toothbrush/good_8.png,good_8.png,anomaly,True,0.07691183686256409,0.07691183686256409,0.0701888715806552,0.0701888715806552,0.0501871842890978,False,False,9408,False,,False,0.0,cpu,patch_nearest_normal,last2,14,0.05,False,,,0.0,0.00012676088372241001,False,False,False,False
2026-08-16 15:09:53,calibration,toothbrush,evaluate,C:/cira_batch_test/toothbrush/bad_3.png,bad_3.png,anomaly,True,0.13640563189983368,0.13640563189983368,0.0701888715806552,0.0701888715806552,0.0501871842890978,False,False,9408,False,,False,0.0,cpu,patch_nearest_normal,last2,14,0.05,False,,,0.0,0.00012676088372241001,False,False,False,False
2026-08-16 15:09:54,calibration,toothbrush,evaluate,C:/cira_batch_test/toothbrush/bad_11.png,bad_11.png,anomaly,True,0.2811519205570221,0.2811519205570221,0.0701888715806552,0.0701888715806552,0.0501871842890978,False,False,9408,False,,False,0.0,cpu,patch_nearest_normal,last2,14,0.05,False,,,0.0,0.00012676088372241001,False,False,False,False
2026-08-16 15:09:55,calibration,toothbrush,evaluate,C:/cira_batch_test/toothbrush/good_19.png,good_19.png,normal,False,0.018826019018888474,0.018826019018888474,0.0701888715806552,0.0701888715806552,0.0501871842890978,False,False,9408,False,,False,0.0,cpu,patch_nearest_normal,last2,14,0.05,False,,,0.0,0.00012676088372241001,False,False,False,False
2026-08-16 15:09:57,calibration,toothbrush,evaluate,C:/cira_batch_test/toothbrush/good_12.png,good_12.png,normal,False,0.06021793559193611,0.06021793559193611,0.0701888715806552,0.0701888715806552,0.0501871842890978,False,False,9408,False,,False,0.0,cpu,patch_nearest_normal,last2,14,0.05,False,,,0.0,0.00012676088372241001,False,False,False,False
2026-08-16 15:10:00,calibration,toothbrush,evaluate,C:/cira_batch_test/toothbrush/good_15.png,good_15.png,normal,False,0.050562869757413864,0.050562869757413864,0.0701888715806552,0.0701888715806552,0.0501871842890978,False,False,9408,False,,False,0.0,cpu,patch_nearest_normal,last2,14,0.05,False,,,0.0,0.00012676088372241001,False,False,False,False
2026-08-16 15:10:01,calibration,toothbrush,evaluate,C:/cira_batch_test/toothbrush/bad_17.png,bad_17.png,anomaly,True,0.26540815830230713,0.26540815830230713,0.0701888715806552,0.0701888715806552,0.0501871842890978,False,False,9408,False,,False,0.0,cpu,patch_nearest_normal,last2,14,0.05,False,,,0.0,0.00012676088372241001,False,False,False,False
2026-08-16 15:10:02,calibration,toothbrush,evaluate,C:/cira_batch_test/toothbrush/bad_19.png,bad_19.png,anomaly,True,0.07885079085826874,0.07885079085826874,0.0701888715806552,0.0701888715806552,0.0501871842890978,False,False,9408,False,,False,0.0,cpu,patch_nearest_normal,last2,14,0.05,False,,,0.0,0.00012676088372241001,False,False,False,False
2026-08-16 15:10:04,calibration,toothbrush,evaluate,C:/cira_batch_test/toothbrush/bad_1.png,bad_1.png,anomaly,True,0.2982991635799408,0.2982991635799408,0.0701888715806552,0.0701888715806552,0.0501871842890978,False,False,9408,False,,False,0.0,cpu,patch_nearest_normal,last2,14,0.05,False,,,0.0,0.00012676088372241001,False,False,False,False
2026-08-16 15:10:05,calibration,toothbrush,evaluate,C:/cira_batch_test/toothbrush/good_14.png,good_14.png,normal,False,0.0694086030125618,0.0694086030125618,0.0701888715806552,0.0701888715806552,0.0501871842890978,False,False,9408,False,,False,0.0,cpu,patch_nearest_normal,last2,14,0.05,False,,,0.0,0.00012676088372241001,False,False,False,False
2026-08-16 15:10:07,calibration,transistor,evaluate,C:/cira_batch_test/transistor/good_1.png,good_1.png,normal,False,0.05782352015376091,0.05782352015376091,0.08374595860198465,0.08374595860198465,0.075458013266325,False,False,16000,False,,False,0.0,cpu,patch_nearest_normal,last2,14,0.05,False,,,0.0,0.000183458399987945,False,False,False,False
2026-08-16 15:10:08,calibration,transistor,evaluate,C:/cira_batch_test/transistor/bad_16.png,bad_16.png,anomaly,True,0.18024460971355438,0.18024460971355438,0.08374595860198465,0.08374595860198465,0.075458013266325,False,False,16000,False,,False,0.0,cpu,patch_nearest_normal,last2,14,0.05,False,,,0.0,0.000183458399987945,False,False,False,False
2026-08-16 15:10:09,calibration,transistor,evaluate,C:/cira_batch_test/transistor/bad_20.png,bad_20.png,anomaly,True,0.29301589727401733,0.29301589727401733,0.08374595860198465,0.08374595860198465,0.075458013266325,False,False,16000,False,,False,0.0,cpu,patch_nearest_normal,last2,14,0.05,False,,,0.0,0.000183458399987945,False,False,False,False
2026-08-16 15:10:11,calibration,transistor,evaluate,C:/cira_batch_test/transistor/bad_12.png,bad_12.png,anomaly,True,0.25258898735046387,0.25258898735046387,0.08374595860198465,0.08374595860198465,0.075458013266325,False,False,16000,False,,False,0.0,cpu,patch_nearest_normal,last2,14,0.05,False,,,0.0,0.000183458399987945,False,False,False,False
2026-08-16 15:10:12,calibration,transistor,evaluate,C:/cira_batch_test/transistor/good_17.png,good_17.png,normal,False,0.058332134038209915,0.058332134038209915,0.08374595860198465,0.08374595860198465,0.075458013266325,False,False,16000,False,,False,0.0,cpu,patch_nearest_normal,last2,14,0.05,False,,,0.0,0.000183458399987945,False,False,False,False
2026-08-16 15:10:14,calibration,transistor,evaluate,C:/cira_batch_test/transistor/bad_9.png,bad_9.png,anomaly,True,0.13217215240001678,0.13217215240001678,0.08374595860198465,0.08374595860198465,0.075458013266325,False,False,16000,False,,False,0.0,cpu,patch_nearest_normal,last2,14,0.05,False,,,0.0,0.000183458399987945,False,False,False,False
2026-08-16 15:10:15,calibration,transistor,evaluate,C:/cira_batch_test/transistor/bad_18.png,bad_18.png,anomaly,True,0.14879867434501648,0.14879867434501648,0.08374595860198465,0.08374595860198465,0.075458013266325,False,False,16000,False,,False,0.0,cpu,patch_nearest_normal,last2,14,0.05,False,,,0.0,0.000183458399987945,False,False,False,False
2026-08-16 15:10:16,calibration,transistor,evaluate,C:/cira_batch_test/transistor/bad_13.png,bad_13.png,anomaly,True,0.10995545238256454,0.10995545238256454,0.08374595860198465,0.08374595860198465,0.075458013266325,False,False,16000,False,,False,0.0,cpu,patch_nearest_normal,last2,14,0.05,False,,,0.0,0.000183458399987945,False,False,False,False
2026-08-16 15:10:18,calibration,transistor,evaluate,C:/cira_batch_test/transistor/bad_2.png,bad_2.png,anomaly,True,0.20691590011119843,0.20691590011119843,0.08374595860198465,0.08374595860198465,0.075458013266325,False,False,16000,False,,False,0.0,cpu,patch_nearest_normal,last2,14,0.05,False,,,0.0,0.000183458399987945,False,False,False,False
2026-08-16 15:10:19,calibration,transistor,evaluate,C:/cira_batch_test/transistor/good_6.png,good_6.png,normal,False,0.06817619502544403,0.06817619502544403,0.08374595860198465,0.08374595860198465,0.075458013266325,False,False,16000,False,,False,0.0,cpu,patch_nearest_normal,last2,14,0.05,False,,,0.0,0.000183458399987945,False,False,False,False
2026-08-16 15:10:20,calibration,transistor,evaluate,C:/cira_batch_test/transistor/good_10.png,good_10.png,normal,False,0.07584671676158905,0.07584671676158905,0.08374595860198465,0.08374595860198465,0.075458013266325,False,False,16000,False,,False,0.0,cpu,patch_nearest_normal,last2,14,0.05,False,,,0.0,0.000183458399987945,False,False,False,False
2026-08-16 15:10:22,calibration,transistor,evaluate,C:/cira_batch_test/transistor/good_7.png,good_7.png,normal,False,0.0724715143442154,0.0724715143442154,0.08374595860198465,0.08374595860198465,0.075458013266325,False,False,16000,False,,False,0.0,cpu,patch_nearest_normal,last2,14,0.05,False,,,0.0,0.000183458399987945,False,False,False,False
2026-08-16 15:10:23,calibration,transistor,evaluate,C:/cira_batch_test/transistor/bad_8.png,bad_8.png,anomaly,True,0.1737663298845291,0.1737663298845291,0.08374595860198465,0.08374595860198465,0.075458013266325,False,False,16000,False,,False,0.0,cpu,patch_nearest_normal,last2,14,0.05,False,,,0.0,0.000183458399987945,False,False,False,False
2026-08-16 15:10:25,calibration,transistor,evaluate,C:/cira_batch_test/transistor/bad_10.png,bad_10.png,anomaly,True,0.1326681673526764,0.1326681673526764,0.08374595860198465,0.08374595860198465,0.075458013266325,False,False,16000,False,,False,0.0,cpu,patch_nearest_normal,last2,14,0.05,False,,,0.0,0.000183458399987945,False,False,False,False
2026-08-16 15:10:26,calibration,transistor,evaluate,C:/cira_batch_test/transistor/good_4.png,good_4.png,normal,False,0.0641803964972496,0.0641803964972496,0.08374595860198465,0.08374595860198465,0.075458013266325,False,False,16000,False,,False,0.0,cpu,patch_nearest_normal,last2,14,0.05,False,,,0.0,0.000183458399987945,False,False,False,False
2026-08-16 15:10:27,calibration,transistor,evaluate,C:/cira_batch_test/transistor/bad_5.png,bad_5.png,anomaly,True,0.11719455569982529,0.11719455569982529,0.08374595860198465,0.08374595860198465,0.075458013266325,False,False,16000,False,,False,0.0,cpu,patch_nearest_normal,last2,14,0.05,False,,,0.0,0.000183458399987945,False,False,False,False
2026-08-16 15:10:29,calibration,transistor,evaluate,C:/cira_batch_test/transistor/good_20.png,good_20.png,normal,False,0.0745818242430687,0.0745818242430687,0.08374595860198465,0.08374595860198465,0.075458013266325,False,False,16000,False,,False,0.0,cpu,patch_nearest_normal,last2,14,0.05,False,,,0.0,0.000183458399987945,False,False,False,False
2026-08-16 15:10:30,calibration,transistor,evaluate,C:/cira_batch_test/transistor/good_18.png,good_18.png,normal,False,0.06887980550527573,0.06887980550527573,0.08374595860198465,0.08374595860198465,0.075458013266325,False,False,16000,False,,False,0.0,cpu,patch_nearest_normal,last2,14,0.05,False,,,0.0,0.000183458399987945,False,False,False,False
2026-08-16 15:10:31,calibration,transistor,evaluate,C:/cira_batch_test/transistor/good_11.png,good_11.png,normal,False,0.06767061352729797,0.06767061352729797,0.08374595860198465,0.08374595860198465,0.075458013266325,False,False,16000,False,,False,0.0,cpu,patch_nearest_normal,last2,14,0.05,False,,,0.0,0.000183458399987945,False,False,False,False
2026-08-16 15:10:33,calibration,transistor,evaluate,C:/cira_batch_test/transistor/good_9.png,good_9.png,normal,False,0.07659851759672165,0.07659851759672165,0.08374595860198465,0.08374595860198465,0.075458013266325,False,False,16000,False,,False,0.0,cpu,patch_nearest_normal,last2,14,0.05,False,,,0.0,0.000183458399987945,False,False,False,False
2026-08-16 15:10:34,calibration,transistor,evaluate,C:/cira_batch_test/transistor/good_16.png,good_16.png,normal,False,0.0755409374833107,0.0755409374833107,0.08374595860198465,0.08374595860198465,0.075458013266325,False,False,16000,False,,False,0.0,cpu,patch_nearest_normal,last2,14,0.05,False,,,0.0,0.000183458399987945,False,False,False,False
2026-08-16 15:10:36,calibration,transistor,evaluate,C:/cira_batch_test/transistor/bad_7.png,bad_7.png,anomaly,True,0.13377633690834045,0.13377633690834045,0.08374595860198465,0.08374595860198465,0.075458013266325,False,False,16000,False,,False,0.0,cpu,patch_nearest_normal,last2,14,0.05,False,,,0.0,0.000183458399987945,False,False,False,False
2026-08-16 15:10:37,calibration,transistor,evaluate,C:/cira_batch_test/transistor/good_13.png,good_13.png,normal,False,0.05943353846669197,0.05943353846669197,0.08374595860198465,0.08374595860198465,0.075458013266325,False,False,16000,False,,False,0.0,cpu,patch_nearest_normal,last2,14,0.05,False,,,0.0,0.000183458399987945,False,False,False,False
2026-08-16 15:10:39,calibration,transistor,evaluate,C:/cira_batch_test/transistor/good_5.png,good_5.png,normal,False,0.06902943551540375,0.06902943551540375,0.08374595860198465,0.08374595860198465,0.075458013266325,False,False,16000,False,,False,0.0,cpu,patch_nearest_normal,last2,14,0.05,False,,,0.0,0.000183458399987945,False,False,False,False
2026-08-16 15:10:40,calibration,transistor,evaluate,C:/cira_batch_test/transistor/good_2.png,good_2.png,normal,False,0.08248630166053772,0.08248630166053772,0.08374595860198465,0.08374595860198465,0.075458013266325,False,False,16000,False,,False,0.0,cpu,patch_nearest_normal,last2,14,0.05,False,,,0.0,0.000183458399987945,False,False,False,False
2026-08-16 15:10:41,calibration,transistor,evaluate,C:/cira_batch_test/transistor/bad_6.png,bad_6.png,anomaly,True,0.09266278147697449,0.09266278147697449,0.08374595860198465,0.08374595860198465,0.075458013266325,False,False,16000,False,,False,0.0,cpu,patch_nearest_normal,last2,14,0.05,False,,,0.0,0.000183458399987945,False,False,False,False
2026-08-16 15:10:43,calibration,transistor,evaluate,C:/cira_batch_test/transistor/bad_14.png,bad_14.png,anomaly,True,0.10494744777679443,0.10494744777679443,0.08374595860198465,0.08374595860198465,0.075458013266325,False,False,16000,False,,False,0.0,cpu,patch_nearest_normal,last2,14,0.05,False,,,0.0,0.000183458399987945,False,False,False,False
2026-08-16 15:10:44,calibration,transistor,evaluate,C:/cira_batch_test/transistor/good_3.png,good_3.png,anomaly,True,0.08495200425386429,0.08495200425386429,0.08374595860198465,0.08374595860198465,0.075458013266325,False,False,16000,False,,False,0.0,cpu,patch_nearest_normal,last2,14,0.05,False,,,0.0,0.000183458399987945,False,False,False,False
2026-08-16 15:10:45,calibration,transistor,evaluate,C:/cira_batch_test/transistor/bad_4.png,bad_4.png,anomaly,True,0.09207843989133835,0.09207843989133835,0.08374595860198465,0.08374595860198465,0.075458013266325,False,False,16000,False,,False,0.0,cpu,patch_nearest_normal,last2,14,0.05,False,,,0.0,0.000183458399987945,False,False,False,False
2026-08-16 15:10:47,calibration,transistor,evaluate,C:/cira_batch_test/transistor/bad_15.png,bad_15.png,anomaly,True,0.09790393710136414,0.09790393710136414,0.08374595860198465,0.08374595860198465,0.075458013266325,False,False,16000,False,,False,0.0,cpu,patch_nearest_normal,last2,14,0.05,False,,,0.0,0.000183458399987945,False,False,False,False
2026-08-16 15:10:48,calibration,transistor,evaluate,C:/cira_batch_test/transistor/good_8.png,good_8.png,normal,False,0.05996345356106758,0.05996345356106758,0.08374595860198465,0.08374595860198465,0.075458013266325,False,False,16000,False,,False,0.0,cpu,patch_nearest_normal,last2,14,0.05,False,,,0.0,0.000183458399987945,False,False,False,False
2026-08-16 15:10:49,calibration,transistor,evaluate,C:/cira_batch_test/transistor/bad_3.png,bad_3.png,anomaly,True,0.10247717052698135,0.10247717052698135,0.08374595860198465,0.08374595860198465,0.075458013266325,False,False,16000,False,,False,0.0,cpu,patch_nearest_normal,last2,14,0.05,False,,,0.0,0.000183458399987945,False,False,False,False
2026-08-16 15:10:51,calibration,transistor,evaluate,C:/cira_batch_test/transistor/bad_11.png,bad_11.png,normal,False,0.0766322985291481,0.0766322985291481,0.08374595860198465,0.08374595860198465,0.075458013266325,False,False,16000,False,,False,0.0,cpu,patch_nearest_normal,last2,14,0.05,False,,,0.0,0.000183458399987945,False,False,False,False
2026-08-16 15:10:52,calibration,transistor,evaluate,C:/cira_batch_test/transistor/good_19.png,good_19.png,normal,False,0.0787007063627243,0.0787007063627243,0.08374595860198465,0.08374595860198465,0.075458013266325,False,False,16000,False,,False,0.0,cpu,patch_nearest_normal,last2,14,0.05,False,,,0.0,0.000183458399987945,False,False,False,False
2026-08-16 15:10:54,calibration,transistor,evaluate,C:/cira_batch_test/transistor/good_12.png,good_12.png,normal,False,0.06170893460512161,0.06170893460512161,0.08374595860198465,0.08374595860198465,0.075458013266325,False,False,16000,False,,False,0.0,cpu,patch_nearest_normal,last2,14,0.05,False,,,0.0,0.000183458399987945,False,False,False,False
2026-08-16 15:10:55,calibration,transistor,evaluate,C:/cira_batch_test/transistor/good_15.png,good_15.png,normal,False,0.07400266826152802,0.07400266826152802,0.08374595860198465,0.08374595860198465,0.075458013266325,False,False,16000,False,,False,0.0,cpu,patch_nearest_normal,last2,14,0.05,False,,,0.0,0.000183458399987945,False,False,False,False
2026-08-16 15:10:56,calibration,transistor,evaluate,C:/cira_batch_test/transistor/bad_17.png,bad_17.png,anomaly,True,0.20765089988708496,0.20765089988708496,0.08374595860198465,0.08374595860198465,0.075458013266325,False,False,16000,False,,False,0.0,cpu,patch_nearest_normal,last2,14,0.05,False,,,0.0,0.000183458399987945,False,False,False,False
2026-08-16 15:10:58,calibration,transistor,evaluate,C:/cira_batch_test/transistor/bad_19.png,bad_19.png,anomaly,True,0.0999908596277237,0.0999908596277237,0.08374595860198465,0.08374595860198465,0.075458013266325,False,False,16000,False,,False,0.0,cpu,patch_nearest_normal,last2,14,0.05,False,,,0.0,0.000183458399987945,False,False,False,False
2026-08-16 15:10:59,calibration,transistor,evaluate,C:/cira_batch_test/transistor/bad_1.png,bad_1.png,anomaly,True,0.12229273468255997,0.12229273468255997,0.08374595860198465,0.08374595860198465,0.075458013266325,False,False,16000,False,,False,0.0,cpu,patch_nearest_normal,last2,14,0.05,False,,,0.0,0.000183458399987945,False,False,False,False
2026-08-16 15:11:01,calibration,transistor,evaluate,C:/cira_batch_test/transistor/good_14.png,good_14.png,normal,False,0.0657837986946106,0.0657837986946106,0.08374595860198465,0.08374595860198465,0.075458013266325,False,False,16000,False,,False,0.0,cpu,patch_nearest_normal,last2,14,0.05,False,,,0.0,0.000183458399987945,False,False,False,False
2026-08-16 15:11:02,calibration,wood,evaluate,C:/cira_batch_test/wood/good_1.png,good_1.png,normal,False,0.035984765738248825,0.035984765738248825,0.04761727861349719,0.04761727861349719,0.037343646213412296,False,False,16000,False,,False,0.0,cpu,patch_nearest_normal,last2,14,0.05,False,,,0.0,0.00010775983100752,False,False,False,False
2026-08-16 15:11:04,calibration,wood,evaluate,C:/cira_batch_test/wood/bad_16.png,bad_16.png,anomaly,True,0.2178620994091034,0.2178620994091034,0.04761727861349719,0.04761727861349719,0.037343646213412296,False,False,16000,False,,False,0.0,cpu,patch_nearest_normal,last2,14,0.05,False,,,0.0,0.00010775983100752,False,False,False,False
2026-08-16 15:11:05,calibration,wood,evaluate,C:/cira_batch_test/wood/bad_20.png,bad_20.png,anomaly,True,0.1708804816007614,0.1708804816007614,0.04761727861349719,0.04761727861349719,0.037343646213412296,False,False,16000,False,,False,0.0,cpu,patch_nearest_normal,last2,14,0.05,False,,,0.0,0.00010775983100752,False,False,False,False
2026-08-16 15:11:07,calibration,wood,evaluate,C:/cira_batch_test/wood/bad_12.png,bad_12.png,anomaly,True,0.18334026634693146,0.18334026634693146,0.04761727861349719,0.04761727861349719,0.037343646213412296,False,False,16000,False,,False,0.0,cpu,patch_nearest_normal,last2,14,0.05,False,,,0.0,0.00010775983100752,False,False,False,False
2026-08-16 15:11:08,calibration,wood,evaluate,C:/cira_batch_test/wood/good_17.png,good_17.png,normal,False,0.04231134057044983,0.04231134057044983,0.04761727861349719,0.04761727861349719,0.037343646213412296,False,False,16000,False,,False,0.0,cpu,patch_nearest_normal,last2,14,0.05,False,,,0.0,0.00010775983100752,False,False,False,False
2026-08-16 15:11:10,calibration,wood,evaluate,C:/cira_batch_test/wood/bad_9.png,bad_9.png,anomaly,True,0.21411867439746857,0.21411867439746857,0.04761727861349719,0.04761727861349719,0.037343646213412296,False,False,16000,False,,False,0.0,cpu,patch_nearest_normal,last2,14,0.05,False,,,0.0,0.00010775983100752,False,False,False,False
2026-08-16 15:11:11,calibration,wood,evaluate,C:/cira_batch_test/wood/bad_18.png,bad_18.png,anomaly,True,0.3986118733882904,0.3986118733882904,0.04761727861349719,0.04761727861349719,0.037343646213412296,False,False,16000,False,,False,0.0,cpu,patch_nearest_normal,last2,14,0.05,False,,,0.0,0.00010775983100752,False,False,False,False
2026-08-16 15:11:12,calibration,wood,evaluate,C:/cira_batch_test/wood/bad_13.png,bad_13.png,anomaly,True,0.3154454231262207,0.3154454231262207,0.04761727861349719,0.04761727861349719,0.037343646213412296,False,False,16000,False,,False,0.0,cpu,patch_nearest_normal,last2,14,0.05,False,,,0.0,0.00010775983100752,False,False,False,False
2026-08-16 15:11:14,calibration,wood,evaluate,C:/cira_batch_test/wood/bad_2.png,bad_2.png,anomaly,True,0.2760295271873474,0.2760295271873474,0.04761727861349719,0.04761727861349719,0.037343646213412296,False,False,16000,False,,False,0.0,cpu,patch_nearest_normal,last2,14,0.05,False,,,0.0,0.00010775983100752,False,False,False,False
2026-08-16 15:11:15,calibration,wood,evaluate,C:/cira_batch_test/wood/good_6.png,good_6.png,normal,False,0.02328743413090706,0.02328743413090706,0.04761727861349719,0.04761727861349719,0.037343646213412296,False,False,16000,False,,False,0.0,cpu,patch_nearest_normal,last2,14,0.05,False,,,0.0,0.00010775983100752,False,False,False,False
2026-08-16 15:11:16,calibration,wood,evaluate,C:/cira_batch_test/wood/good_10.png,good_10.png,anomaly,True,0.08949723839759827,0.08949723839759827,0.04761727861349719,0.04761727861349719,0.037343646213412296,False,False,16000,False,,False,0.0,cpu,patch_nearest_normal,last2,14,0.05,False,,,0.0,0.00010775983100752,False,False,False,False
2026-08-16 15:11:18,calibration,wood,evaluate,C:/cira_batch_test/wood/good_7.png,good_7.png,normal,False,0.021703410893678665,0.021703410893678665,0.04761727861349719,0.04761727861349719,0.037343646213412296,False,False,16000,False,,False,0.0,cpu,patch_nearest_normal,last2,14,0.05,False,,,0.0,0.00010775983100752,False,False,False,False
2026-08-16 15:11:19,calibration,wood,evaluate,C:/cira_batch_test/wood/bad_8.png,bad_8.png,anomaly,True,0.22193972766399384,0.22193972766399384,0.04761727861349719,0.04761727861349719,0.037343646213412296,False,False,16000,False,,False,0.0,cpu,patch_nearest_normal,last2,14,0.05,False,,,0.0,0.00010775983100752,False,False,False,False
2026-08-16 15:11:21,calibration,wood,evaluate,C:/cira_batch_test/wood/bad_10.png,bad_10.png,anomaly,True,0.2777043879032135,0.2777043879032135,0.04761727861349719,0.04761727861349719,0.037343646213412296,False,False,16000,False,,False,0.0,cpu,patch_nearest_normal,last2,14,0.05,False,,,0.0,0.00010775983100752,False,False,False,False
2026-08-16 15:11:22,calibration,wood,evaluate,C:/cira_batch_test/wood/good_4.png,good_4.png,normal,False,0.022230541333556175,0.022230541333556175,0.04761727861349719,0.04761727861349719,0.037343646213412296,False,False,16000,False,,False,0.0,cpu,patch_nearest_normal,last2,14,0.05,False,,,0.0,0.00010775983100752,False,False,False,False
2026-08-16 15:11:23,calibration,wood,evaluate,C:/cira_batch_test/wood/bad_5.png,bad_5.png,anomaly,True,0.24019880592823029,0.24019880592823029,0.04761727861349719,0.04761727861349719,0.037343646213412296,False,False,16000,False,,False,0.0,cpu,patch_nearest_normal,last2,14,0.05,False,,,0.0,0.00010775983100752,False,False,False,False
2026-08-16 15:11:25,calibration,wood,evaluate,C:/cira_batch_test/wood/good_20.png,good_20.png,normal,False,0.025703739374876022,0.025703739374876022,0.04761727861349719,0.04761727861349719,0.037343646213412296,False,False,16000,False,,False,0.0,cpu,patch_nearest_normal,last2,14,0.05,False,,,0.0,0.00010775983100752,False,False,False,False
2026-08-16 15:11:26,calibration,wood,evaluate,C:/cira_batch_test/wood/good_18.png,good_18.png,normal,False,0.04051681607961655,0.04051681607961655,0.04761727861349719,0.04761727861349719,0.037343646213412296,False,False,16000,False,,False,0.0,cpu,patch_nearest_normal,last2,14,0.05,False,,,0.0,0.00010775983100752,False,False,False,False
2026-08-16 15:11:28,calibration,wood,evaluate,C:/cira_batch_test/wood/good_11.png,good_11.png,normal,False,0.036040049046278,0.036040049046278,0.04761727861349719,0.04761727861349719,0.037343646213412296,False,False,16000,False,,False,0.0,cpu,patch_nearest_normal,last2,14,0.05,False,,,0.0,0.00010775983100752,False,False,False,False
2026-08-16 15:11:29,calibration,wood,evaluate,C:/cira_batch_test/wood/good_9.png,good_9.png,anomaly,True,0.05528273433446884,0.05528273433446884,0.04761727861349719,0.04761727861349719,0.037343646213412296,False,False,16000,False,,False,0.0,cpu,patch_nearest_normal,last2,14,0.05,False,,,0.0,0.00010775983100752,False,False,False,False
2026-08-16 15:11:30,calibration,wood,evaluate,C:/cira_batch_test/wood/good_16.png,good_16.png,normal,False,0.036928534507751465,0.036928534507751465,0.04761727861349719,0.04761727861349719,0.037343646213412296,False,False,16000,False,,False,0.0,cpu,patch_nearest_normal,last2,14,0.05,False,,,0.0,0.00010775983100752,False,False,False,False
2026-08-16 15:11:32,calibration,wood,evaluate,C:/cira_batch_test/wood/bad_7.png,bad_7.png,anomaly,True,0.09873811155557632,0.09873811155557632,0.04761727861349719,0.04761727861349719,0.037343646213412296,False,False,16000,False,,False,0.0,cpu,patch_nearest_normal,last2,14,0.05,False,,,0.0,0.00010775983100752,False,False,False,False
2026-08-16 15:11:33,calibration,wood,evaluate,C:/cira_batch_test/wood/good_13.png,good_13.png,anomaly,True,0.04830441623926163,0.04830441623926163,0.04761727861349719,0.04761727861349719,0.037343646213412296,False,False,16000,False,,False,0.0,cpu,patch_nearest_normal,last2,14,0.05,False,,,0.0,0.00010775983100752,False,False,False,False
2026-08-16 15:11:35,calibration,wood,evaluate,C:/cira_batch_test/wood/good_5.png,good_5.png,normal,False,0.02228713594377041,0.02228713594377041,0.04761727861349719,0.04761727861349719,0.037343646213412296,False,False,16000,False,,False,0.0,cpu,patch_nearest_normal,last2,14,0.05,False,,,0.0,0.00010775983100752,False,False,False,False
2026-08-16 15:11:36,calibration,wood,evaluate,C:/cira_batch_test/wood/good_2.png,good_2.png,normal,False,0.027348315343260765,0.027348315343260765,0.04761727861349719,0.04761727861349719,0.037343646213412296,False,False,16000,False,,False,0.0,cpu,patch_nearest_normal,last2,14,0.05,False,,,0.0,0.00010775983100752,False,False,False,False
2026-08-16 15:11:37,calibration,wood,evaluate,C:/cira_batch_test/wood/bad_6.png,bad_6.png,anomaly,True,0.22265997529029846,0.22265997529029846,0.04761727861349719,0.04761727861349719,0.037343646213412296,False,False,16000,False,,False,0.0,cpu,patch_nearest_normal,last2,14,0.05,False,,,0.0,0.00010775983100752,False,False,False,False
2026-08-16 15:11:39,calibration,wood,evaluate,C:/cira_batch_test/wood/bad_14.png,bad_14.png,anomaly,True,0.23999524116516113,0.23999524116516113,0.04761727861349719,0.04761727861349719,0.037343646213412296,False,False,16000,False,,False,0.0,cpu,patch_nearest_normal,last2,14,0.05,False,,,0.0,0.00010775983100752,False,False,False,False
2026-08-16 15:11:40,calibration,wood,evaluate,C:/cira_batch_test/wood/good_3.png,good_3.png,normal,False,0.024460231885313988,0.024460231885313988,0.04761727861349719,0.04761727861349719,0.037343646213412296,False,False,16000,False,,False,0.0,cpu,patch_nearest_normal,last2,14,0.05,False,,,0.0,0.00010775983100752,False,False,False,False
2026-08-16 15:11:41,calibration,wood,evaluate,C:/cira_batch_test/wood/bad_4.png,bad_4.png,anomaly,True,0.3489580750465393,0.3489580750465393,0.04761727861349719,0.04761727861349719,0.037343646213412296,False,False,16000,False,,False,0.0,cpu,patch_nearest_normal,last2,14,0.05,False,,,0.0,0.00010775983100752,False,False,False,False
2026-08-16 15:11:43,calibration,wood,evaluate,C:/cira_batch_test/wood/bad_15.png,bad_15.png,anomaly,True,0.214952751994133,0.214952751994133,0.04761727861349719,0.04761727861349719,0.037343646213412296,False,False,16000,False,,False,0.0,cpu,patch_nearest_normal,last2,14,0.05,False,,,0.0,0.00010775983100752,False,False,False,False
2026-08-16 15:11:44,calibration,wood,evaluate,C:/cira_batch_test/wood/good_8.png,good_8.png,anomaly,True,0.04845724627375603,0.04845724627375603,0.04761727861349719,0.04761727861349719,0.037343646213412296,False,False,16000,False,,False,0.0,cpu,patch_nearest_normal,last2,14,0.05,False,,,0.0,0.00010775983100752,False,False,False,False
2026-08-16 15:11:46,calibration,wood,evaluate,C:/cira_batch_test/wood/bad_3.png,bad_3.png,anomaly,True,0.25414711236953735,0.25414711236953735,0.04761727861349719,0.04761727861349719,0.037343646213412296,False,False,16000,False,,False,0.0,cpu,patch_nearest_normal,last2,14,0.05,False,,,0.0,0.00010775983100752,False,False,False,False
2026-08-16 15:11:47,calibration,wood,evaluate,C:/cira_batch_test/wood/bad_11.png,bad_11.png,anomaly,True,0.08606530725955963,0.08606530725955963,0.04761727861349719,0.04761727861349719,0.037343646213412296,False,False,16000,False,,False,0.0,cpu,patch_nearest_normal,last2,14,0.05,False,,,0.0,0.00010775983100752,False,False,False,False
2026-08-16 15:11:49,calibration,wood,evaluate,C:/cira_batch_test/wood/good_19.png,good_19.png,anomaly,True,0.052011024206876755,0.052011024206876755,0.04761727861349719,0.04761727861349719,0.037343646213412296,False,False,16000,False,,False,0.0,cpu,patch_nearest_normal,last2,14,0.05,False,,,0.0,0.00010775983100752,False,False,False,False
2026-08-16 15:11:50,calibration,wood,evaluate,C:/cira_batch_test/wood/good_12.png,good_12.png,normal,False,0.039085716009140015,0.039085716009140015,0.04761727861349719,0.04761727861349719,0.037343646213412296,False,False,16000,False,,False,0.0,cpu,patch_nearest_normal,last2,14,0.05,False,,,0.0,0.00010775983100752,False,False,False,False
2026-08-16 15:11:51,calibration,wood,evaluate,C:/cira_batch_test/wood/good_15.png,good_15.png,anomaly,True,0.05198905989527702,0.05198905989527702,0.04761727861349719,0.04761727861349719,0.037343646213412296,False,False,16000,False,,False,0.0,cpu,patch_nearest_normal,last2,14,0.05,False,,,0.0,0.00010775983100752,False,False,False,False
2026-08-16 15:11:53,calibration,wood,evaluate,C:/cira_batch_test/wood/bad_17.png,bad_17.png,anomaly,True,0.3650740683078766,0.3650740683078766,0.04761727861349719,0.04761727861349719,0.037343646213412296,False,False,16000,False,,False,0.0,cpu,patch_nearest_normal,last2,14,0.05,False,,,0.0,0.00010775983100752,False,False,False,False
2026-08-16 15:11:54,calibration,wood,evaluate,C:/cira_batch_test/wood/bad_19.png,bad_19.png,anomaly,True,0.21836884319782257,0.21836884319782257,0.04761727861349719,0.04761727861349719,0.037343646213412296,False,False,16000,False,,False,0.0,cpu,patch_nearest_normal,last2,14,0.05,False,,,0.0,0.00010775983100752,False,False,False,False
2026-08-16 15:11:56,calibration,wood,evaluate,C:/cira_batch_test/wood/bad_1.png,bad_1.png,anomaly,True,0.34858831763267517,0.34858831763267517,0.04761727861349719,0.04761727861349719,0.037343646213412296,False,False,16000,False,,False,0.0,cpu,patch_nearest_normal,last2,14,0.05,False,,,0.0,0.00010775983100752,False,False,False,False
2026-08-16 15:11:57,calibration,wood,evaluate,C:/cira_batch_test/wood/good_14.png,good_14.png,anomaly,True,0.04880259186029434,0.04880259186029434,0.04761727861349719,0.04761727861349719,0.037343646213412296,False,False,16000,False,,False,0.0,cpu,patch_nearest_normal,last2,14,0.05,False,,,0.0,0.00010775983100752,False,False,False,False
2026-08-16 15:11:59,calibration,zipper,evaluate,C:/cira_batch_test/zipper/good_1.png,good_1.png,normal,False,0.02195020392537117,0.02195020392537117,0.026937197228883013,0.026937197228883013,0.026275477930903436,False,False,16000,False,,False,0.0,cpu,patch_nearest_normal,last2,14,0.05,False,,,0.0,0.00012004206546407001,False,False,False,False
2026-08-16 15:12:00,calibration,zipper,evaluate,C:/cira_batch_test/zipper/bad_16.png,bad_16.png,anomaly,True,0.04848118871450424,0.04848118871450424,0.026937197228883013,0.026937197228883013,0.026275477930903436,False,False,16000,False,,False,0.0,cpu,patch_nearest_normal,last2,14,0.05,False,,,0.0,0.00012004206546407001,False,False,False,False
2026-08-16 15:12:01,calibration,zipper,evaluate,C:/cira_batch_test/zipper/bad_20.png,bad_20.png,anomaly,True,0.04699935391545296,0.04699935391545296,0.026937197228883013,0.026937197228883013,0.026275477930903436,False,False,16000,False,,False,0.0,cpu,patch_nearest_normal,last2,14,0.05,False,,,0.0,0.00012004206546407001,False,False,False,False
2026-08-16 15:12:03,calibration,zipper,evaluate,C:/cira_batch_test/zipper/bad_12.png,bad_12.png,normal,False,0.024127965793013573,0.024127965793013573,0.026937197228883013,0.026937197228883013,0.026275477930903436,False,False,16000,False,,False,0.0,cpu,patch_nearest_normal,last2,14,0.05,False,,,0.0,0.00012004206546407001,False,False,False,False
2026-08-16 15:12:04,calibration,zipper,evaluate,C:/cira_batch_test/zipper/good_17.png,good_17.png,normal,False,0.02266213297843933,0.02266213297843933,0.026937197228883013,0.026937197228883013,0.026275477930903436,False,False,16000,False,,False,0.0,cpu,patch_nearest_normal,last2,14,0.05,False,,,0.0,0.00012004206546407001,False,False,False,False
2026-08-16 15:12:05,calibration,zipper,evaluate,C:/cira_batch_test/zipper/bad_9.png,bad_9.png,anomaly,True,0.1401902288198471,0.1401902288198471,0.026937197228883013,0.026937197228883013,0.026275477930903436,False,False,16000,False,,False,0.0,cpu,patch_nearest_normal,last2,14,0.05,False,,,0.0,0.00012004206546407001,False,False,False,False
2026-08-16 15:12:07,calibration,zipper,evaluate,C:/cira_batch_test/zipper/bad_18.png,bad_18.png,anomaly,True,0.07071919739246368,0.07071919739246368,0.026937197228883013,0.026937197228883013,0.026275477930903436,False,False,16000,False,,False,0.0,cpu,patch_nearest_normal,last2,14,0.05,False,,,0.0,0.00012004206546407001,False,False,False,False
2026-08-16 15:12:08,calibration,zipper,evaluate,C:/cira_batch_test/zipper/bad_13.png,bad_13.png,anomaly,True,0.04015165567398071,0.04015165567398071,0.026937197228883013,0.026937197228883013,0.026275477930903436,False,False,16000,False,,False,0.0,cpu,patch_nearest_normal,last2,14,0.05,False,,,0.0,0.00012004206546407001,False,False,False,False
2026-08-16 15:12:09,calibration,zipper,evaluate,C:/cira_batch_test/zipper/bad_2.png,bad_2.png,anomaly,True,0.046556003391742706,0.046556003391742706,0.026937197228883013,0.026937197228883013,0.026275477930903436,False,False,16000,False,,False,0.0,cpu,patch_nearest_normal,last2,14,0.05,False,,,0.0,0.00012004206546407001,False,False,False,False
2026-08-16 15:12:11,calibration,zipper,evaluate,C:/cira_batch_test/zipper/good_6.png,good_6.png,normal,False,0.022386830300092697,0.022386830300092697,0.026937197228883013,0.026937197228883013,0.026275477930903436,False,False,16000,False,,False,0.0,cpu,patch_nearest_normal,last2,14,0.05,False,,,0.0,0.00012004206546407001,False,False,False,False
2026-08-16 15:12:12,calibration,zipper,evaluate,C:/cira_batch_test/zipper/good_10.png,good_10.png,normal,False,0.023233484476804733,0.023233484476804733,0.026937197228883013,0.026937197228883013,0.026275477930903436,False,False,16000,False,,False,0.0,cpu,patch_nearest_normal,last2,14,0.05,False,,,0.0,0.00012004206546407001,False,False,False,False
2026-08-16 15:12:13,calibration,zipper,evaluate,C:/cira_batch_test/zipper/good_7.png,good_7.png,normal,False,0.02107989229261875,0.02107989229261875,0.026937197228883013,0.026937197228883013,0.026275477930903436,False,False,16000,False,,False,0.0,cpu,patch_nearest_normal,last2,14,0.05,False,,,0.0,0.00012004206546407001,False,False,False,False
2026-08-16 15:12:15,calibration,zipper,evaluate,C:/cira_batch_test/zipper/bad_8.png,bad_8.png,anomaly,True,0.1497354656457901,0.1497354656457901,0.026937197228883013,0.026937197228883013,0.026275477930903436,False,False,16000,False,,False,0.0,cpu,patch_nearest_normal,last2,14,0.05,False,,,0.0,0.00012004206546407001,False,False,False,False
2026-08-16 15:12:16,calibration,zipper,evaluate,C:/cira_batch_test/zipper/bad_10.png,bad_10.png,normal,False,0.024993807077407837,0.024993807077407837,0.026937197228883013,0.026937197228883013,0.026275477930903436,False,False,16000,False,,False,0.0,cpu,patch_nearest_normal,last2,14,0.05,False,,,0.0,0.00012004206546407001,False,False,False,False
2026-08-16 15:12:17,calibration,zipper,evaluate,C:/cira_batch_test/zipper/good_4.png,good_4.png,anomaly,True,0.026951557025313377,0.026951557025313377,0.026937197228883013,0.026937197228883013,0.026275477930903436,False,False,16000,False,,False,0.0,cpu,patch_nearest_normal,last2,14,0.05,False,,,0.0,0.00012004206546407001,False,False,False,False
2026-08-16 15:12:19,calibration,zipper,evaluate,C:/cira_batch_test/zipper/bad_5.png,bad_5.png,anomaly,True,0.04069892317056656,0.04069892317056656,0.026937197228883013,0.026937197228883013,0.026275477930903436,False,False,16000,False,,False,0.0,cpu,patch_nearest_normal,last2,14,0.05,False,,,0.0,0.00012004206546407001,False,False,False,False
2026-08-16 15:12:20,calibration,zipper,evaluate,C:/cira_batch_test/zipper/good_20.png,good_20.png,normal,False,0.02130138874053955,0.02130138874053955,0.026937197228883013,0.026937197228883013,0.026275477930903436,False,False,16000,False,,False,0.0,cpu,patch_nearest_normal,last2,14,0.05,False,,,0.0,0.00012004206546407001,False,False,False,False
2026-08-16 15:12:21,calibration,zipper,evaluate,C:/cira_batch_test/zipper/good_18.png,good_18.png,normal,False,0.01865895465016365,0.01865895465016365,0.026937197228883013,0.026937197228883013,0.026275477930903436,False,False,16000,False,,False,0.0,cpu,patch_nearest_normal,last2,14,0.05,False,,,0.0,0.00012004206546407001,False,False,False,False
2026-08-16 15:12:23,calibration,zipper,evaluate,C:/cira_batch_test/zipper/good_11.png,good_11.png,normal,False,0.01992437243461609,0.01992437243461609,0.026937197228883013,0.026937197228883013,0.026275477930903436,False,False,16000,False,,False,0.0,cpu,patch_nearest_normal,last2,14,0.05,False,,,0.0,0.00012004206546407001,False,False,False,False
2026-08-16 15:12:24,calibration,zipper,evaluate,C:/cira_batch_test/zipper/good_9.png,good_9.png,normal,False,0.022292345762252808,0.022292345762252808,0.026937197228883013,0.026937197228883013,0.026275477930903436,False,False,16000,False,,False,0.0,cpu,patch_nearest_normal,last2,14,0.05,False,,,0.0,0.00012004206546407001,False,False,False,False
2026-08-16 15:12:25,calibration,zipper,evaluate,C:/cira_batch_test/zipper/good_16.png,good_16.png,normal,False,0.024090582504868507,0.024090582504868507,0.026937197228883013,0.026937197228883013,0.026275477930903436,False,False,16000,False,,False,0.0,cpu,patch_nearest_normal,last2,14,0.05,False,,,0.0,0.00012004206546407001,False,False,False,False
2026-08-16 15:12:27,calibration,zipper,evaluate,C:/cira_batch_test/zipper/bad_7.png,bad_7.png,anomaly,True,0.08906172215938568,0.08906172215938568,0.026937197228883013,0.026937197228883013,0.026275477930903436,False,False,16000,False,,False,0.0,cpu,patch_nearest_normal,last2,14,0.05,False,,,0.0,0.00012004206546407001,False,False,False,False
2026-08-16 15:12:28,calibration,zipper,evaluate,C:/cira_batch_test/zipper/good_13.png,good_13.png,normal,False,0.024336963891983032,0.024336963891983032,0.026937197228883013,0.026937197228883013,0.026275477930903436,False,False,16000,False,,False,0.0,cpu,patch_nearest_normal,last2,14,0.05,False,,,0.0,0.00012004206546407001,False,False,False,False
2026-08-16 15:12:29,calibration,zipper,evaluate,C:/cira_batch_test/zipper/good_5.png,good_5.png,anomaly,True,0.027499288320541382,0.027499288320541382,0.026937197228883013,0.026937197228883013,0.026275477930903436,False,False,16000,False,,False,0.0,cpu,patch_nearest_normal,last2,14,0.05,False,,,0.0,0.00012004206546407001,False,False,False,False
2026-08-16 15:12:31,calibration,zipper,evaluate,C:/cira_batch_test/zipper/good_2.png,good_2.png,anomaly,True,0.027953868731856346,0.027953868731856346,0.026937197228883013,0.026937197228883013,0.026275477930903436,False,False,16000,False,,False,0.0,cpu,patch_nearest_normal,last2,14,0.05,False,,,0.0,0.00012004206546407001,False,False,False,False
2026-08-16 15:12:32,calibration,zipper,evaluate,C:/cira_batch_test/zipper/bad_6.png,bad_6.png,anomaly,True,0.08144714683294296,0.08144714683294296,0.026937197228883013,0.026937197228883013,0.026275477930903436,False,False,16000,False,,False,0.0,cpu,patch_nearest_normal,last2,14,0.05,False,,,0.0,0.00012004206546407001,False,False,False,False
2026-08-16 15:12:33,calibration,zipper,evaluate,C:/cira_batch_test/zipper/bad_14.png,bad_14.png,anomaly,True,0.04742743447422981,0.04742743447422981,0.026937197228883013,0.026937197228883013,0.026275477930903436,False,False,16000,False,,False,0.0,cpu,patch_nearest_normal,last2,14,0.05,False,,,0.0,0.00012004206546407001,False,False,False,False
2026-08-16 15:12:35,calibration,zipper,evaluate,C:/cira_batch_test/zipper/good_3.png,good_3.png,normal,False,0.023056048899888992,0.023056048899888992,0.026937197228883013,0.026937197228883013,0.026275477930903436,False,False,16000,False,,False,0.0,cpu,patch_nearest_normal,last2,14,0.05,False,,,0.0,0.00012004206546407001,False,False,False,False
2026-08-16 15:12:36,calibration,zipper,evaluate,C:/cira_batch_test/zipper/bad_4.png,bad_4.png,anomaly,True,0.10076017677783966,0.10076017677783966,0.026937197228883013,0.026937197228883013,0.026275477930903436,False,False,16000,False,,False,0.0,cpu,patch_nearest_normal,last2,14,0.05,False,,,0.0,0.00012004206546407001,False,False,False,False
2026-08-16 15:12:37,calibration,zipper,evaluate,C:/cira_batch_test/zipper/bad_15.png,bad_15.png,anomaly,True,0.07051140069961548,0.07051140069961548,0.026937197228883013,0.026937197228883013,0.026275477930903436,False,False,16000,False,,False,0.0,cpu,patch_nearest_normal,last2,14,0.05,False,,,0.0,0.00012004206546407001,False,False,False,False
2026-08-16 15:12:39,calibration,zipper,evaluate,C:/cira_batch_test/zipper/good_8.png,good_8.png,normal,False,0.02685145102441311,0.02685145102441311,0.026937197228883013,0.026937197228883013,0.026275477930903436,False,False,16000,False,,False,0.0,cpu,patch_nearest_normal,last2,14,0.05,False,,,0.0,0.00012004206546407001,False,False,False,False
2026-08-16 15:12:40,calibration,zipper,evaluate,C:/cira_batch_test/zipper/bad_3.png,bad_3.png,anomaly,True,0.029491882771253586,0.029491882771253586,0.026937197228883013,0.026937197228883013,0.026275477930903436,False,False,16000,False,,False,0.0,cpu,patch_nearest_normal,last2,14,0.05,False,,,0.0,0.00012004206546407001,False,False,False,False
2026-08-16 15:12:41,calibration,zipper,evaluate,C:/cira_batch_test/zipper/bad_11.png,bad_11.png,anomaly,True,0.036494940519332886,0.036494940519332886,0.026937197228883013,0.026937197228883013,0.026275477930903436,False,False,16000,False,,False,0.0,cpu,patch_nearest_normal,last2,14,0.05,False,,,0.0,0.00012004206546407001,False,False,False,False
2026-08-16 15:12:43,calibration,zipper,evaluate,C:/cira_batch_test/zipper/good_19.png,good_19.png,normal,False,0.023339033126831055,0.023339033126831055,0.026937197228883013,0.026937197228883013,0.026275477930903436,False,False,16000,False,,False,0.0,cpu,patch_nearest_normal,last2,14,0.05,False,,,0.0,0.00012004206546407001,False,False,False,False
2026-08-16 15:12:44,calibration,zipper,evaluate,C:/cira_batch_test/zipper/good_12.png,good_12.png,normal,False,0.02296919748187065,0.02296919748187065,0.026937197228883013,0.026937197228883013,0.026275477930903436,False,False,16000,False,,False,0.0,cpu,patch_nearest_normal,last2,14,0.05,False,,,0.0,0.00012004206546407001,False,False,False,False
2026-08-16 15:12:45,calibration,zipper,evaluate,C:/cira_batch_test/zipper/good_15.png,good_15.png,normal,False,0.020119190216064453,0.020119190216064453,0.026937197228883013,0.026937197228883013,0.026275477930903436,False,False,16000,False,,False,0.0,cpu,patch_nearest_normal,last2,14,0.05,False,,,0.0,0.00012004206546407001,False,False,False,False
2026-08-16 15:12:48,calibration,zipper,evaluate,C:/cira_batch_test/zipper/bad_17.png,bad_17.png,anomaly,True,0.055699534714221954,0.055699534714221954,0.026937197228883013,0.026937197228883013,0.026275477930903436,False,False,16000,False,,False,0.0,cpu,patch_nearest_normal,last2,14,0.05,False,,,0.0,0.00012004206546407001,False,False,False,False
2026-08-16 15:12:49,calibration,zipper,evaluate,C:/cira_batch_test/zipper/bad_19.png,bad_19.png,anomaly,True,0.05440456420183182,0.05440456420183182,0.026937197228883013,0.026937197228883013,0.026275477930903436,False,False,16000,False,,False,0.0,cpu,patch_nearest_normal,last2,14,0.05,False,,,0.0,0.00012004206546407001,False,False,False,False
2026-08-16 15:12:50,calibration,zipper,evaluate,C:/cira_batch_test/zipper/bad_1.png,bad_1.png,anomaly,True,0.032704222947359085,0.032704222947359085,0.026937197228883013,0.026937197228883013,0.026275477930903436,False,False,16000,False,,False,0.0,cpu,patch_nearest_normal,last2,14,0.05,False,,,0.0,0.00012004206546407001,False,False,False,False
2026-08-16 15:12:52,calibration,zipper,evaluate,C:/cira_batch_test/zipper/good_14.png,good_14.png,normal,False,0.021114777773618698,0.021114777773618698,0.026937197228883013,0.026937197228883013,0.026275477930903436,False,False,16000,False,,False,0.0,cpu,patch_nearest_normal,last2,14,0.05,False,,,0.0,0.00012004206546407001,False,False,False,False
