timestamp,category,mode,image_path,file_name,label,is_anomaly,score_before,anomaly_score,threshold,anomaly_threshold,update_threshold,threshold_reloaded,updated_memory,memory_size,update_allowed,update_loss,adapter_updated,adapter_delta_norm,device,score_method,feature_choice,patch_grid,patch_top_fraction,checkpoint_saved,checkpoint_memory_path,checkpoint_adapter_path,consistency_error,consistency_threshold,score_gate_pass,consistency_gate_pass
2026-08-13 00:01:55,bottle,monitor,C:/cira_batch_test/bottle/bad_1.png,bad_1.png,anomaly,True,0.05840110033750534,0.05840110033750534,0.028150248528954157,0.028150248528954157,0.026971996296197176,False,False,16000,False,,False,0.0,cpu,patch_nearest_normal,last2,14,0.05,False,,,0.0001073625753633678,0.002,False,True
2026-08-13 00:01:57,bottle,monitor,C:/cira_batch_test/bottle/bad_10.png,bad_10.png,anomaly,True,0.1676427572965622,0.1676427572965622,0.028150248528954157,0.028150248528954157,0.026971996296197176,False,False,16000,False,,False,0.0,cpu,patch_nearest_normal,last2,14,0.05,False,,,0.00012548633094411343,0.002,False,True
2026-08-13 00:01:59,bottle,monitor,C:/cira_batch_test/bottle/bad_11.png,bad_11.png,anomaly,True,0.0585472397506237,0.0585472397506237,0.028150248528954157,0.028150248528954157,0.026971996296197176,False,False,16000,False,,False,0.0,cpu,patch_nearest_normal,last2,14,0.05,False,,,9.627379040466622e-05,0.002,False,True
2026-08-13 00:02:01,bottle,monitor,C:/cira_batch_test/bottle/bad_12.png,bad_12.png,anomaly,True,0.22920450568199158,0.22920450568199158,0.028150248528954157,0.028150248528954157,0.026971996296197176,False,False,16000,False,,False,0.0,cpu,patch_nearest_normal,last2,14,0.05,False,,,0.00011411924060666934,0.002,False,True
2026-08-13 00:02:03,bottle,monitor,C:/cira_batch_test/bottle/bad_13.png,bad_13.png,anomaly,True,0.27056264877319336,0.27056264877319336,0.028150248528954157,0.028150248528954157,0.026971996296197176,False,False,16000,False,,False,0.0,cpu,patch_nearest_normal,last2,14,0.05,False,,,0.00011254240962443873,0.002,False,True
2026-08-13 00:02:05,bottle,monitor,C:/cira_batch_test/bottle/bad_14.png,bad_14.png,anomaly,True,0.17526283860206604,0.17526283860206604,0.028150248528954157,0.028150248528954157,0.026971996296197176,False,False,16000,False,,False,0.0,cpu,patch_nearest_normal,last2,14,0.05,False,,,0.00011166775948368013,0.002,False,True
2026-08-13 00:02:07,bottle,monitor,C:/cira_batch_test/bottle/bad_15.png,bad_15.png,anomaly,True,0.4275619089603424,0.4275619089603424,0.028150248528954157,0.028150248528954157,0.026971996296197176,False,False,16000,False,,False,0.0,cpu,patch_nearest_normal,last2,14,0.05,False,,,0.00013016002776566893,0.002,False,True
2026-08-13 00:02:10,bottle,monitor,C:/cira_batch_test/bottle/bad_16.png,bad_16.png,anomaly,True,0.3065595328807831,0.3065595328807831,0.028150248528954157,0.028150248528954157,0.026971996296197176,False,False,16000,False,,False,0.0,cpu,patch_nearest_normal,last2,14,0.05,False,,,0.00011777580948546529,0.002,False,True
2026-08-13 00:02:12,bottle,monitor,C:/cira_batch_test/bottle/bad_17.png,bad_17.png,anomaly,True,0.19286920130252838,0.19286920130252838,0.028150248528954157,0.028150248528954157,0.026971996296197176,False,False,16000,False,,False,0.0,cpu,patch_nearest_normal,last2,14,0.05,False,,,0.00011413433821871877,0.002,False,True
2026-08-13 00:02:14,bottle,monitor,C:/cira_batch_test/bottle/bad_18.png,bad_18.png,anomaly,True,0.18448753654956818,0.18448753654956818,0.028150248528954157,0.028150248528954157,0.026971996296197176,False,False,16000,False,,False,0.0,cpu,patch_nearest_normal,last2,14,0.05,False,,,0.00011677393922582269,0.002,False,True
2026-08-13 00:02:16,bottle,monitor,C:/cira_batch_test/bottle/bad_19.png,bad_19.png,anomaly,True,0.20097923278808594,0.20097923278808594,0.028150248528954157,0.028150248528954157,0.026971996296197176,False,False,16000,False,,False,0.0,cpu,patch_nearest_normal,last2,14,0.05,False,,,0.00011384113895474002,0.002,False,True
2026-08-13 00:02:18,bottle,monitor,C:/cira_batch_test/bottle/bad_2.png,bad_2.png,anomaly,True,0.0872659832239151,0.0872659832239151,0.028150248528954157,0.028150248528954157,0.026971996296197176,False,False,16000,False,,False,0.0,cpu,patch_nearest_normal,last2,14,0.05,False,,,0.00011392338637961075,0.002,False,True
2026-08-13 00:02:20,bottle,monitor,C:/cira_batch_test/bottle/bad_20.png,bad_20.png,anomaly,True,0.2113770991563797,0.2113770991563797,0.028150248528954157,0.028150248528954157,0.026971996296197176,False,False,16000,False,,False,0.0,cpu,patch_nearest_normal,last2,14,0.05,False,,,0.00011569233174668625,0.002,False,True
2026-08-13 00:02:22,bottle,monitor,C:/cira_batch_test/bottle/bad_3.png,bad_3.png,anomaly,True,0.190205380320549,0.190205380320549,0.028150248528954157,0.028150248528954157,0.026971996296197176,False,False,16000,False,,False,0.0,cpu,patch_nearest_normal,last2,14,0.05,False,,,0.00010923060472123325,0.002,False,True
2026-08-13 00:02:24,bottle,monitor,C:/cira_batch_test/bottle/bad_4.png,bad_4.png,anomaly,True,0.20700085163116455,0.20700085163116455,0.028150248528954157,0.028150248528954157,0.026971996296197176,False,False,16000,False,,False,0.0,cpu,patch_nearest_normal,last2,14,0.05,False,,,0.00011170811194460839,0.002,False,True
2026-08-13 00:02:26,bottle,monitor,C:/cira_batch_test/bottle/bad_5.png,bad_5.png,anomaly,True,0.31928688287734985,0.31928688287734985,0.028150248528954157,0.028150248528954157,0.026971996296197176,False,False,16000,False,,False,0.0,cpu,patch_nearest_normal,last2,14,0.05,False,,,0.00013238817336969078,0.002,False,True
2026-08-13 00:02:28,bottle,monitor,C:/cira_batch_test/bottle/bad_6.png,bad_6.png,anomaly,True,0.23199403285980225,0.23199403285980225,0.028150248528954157,0.028150248528954157,0.026971996296197176,False,False,16000,False,,False,0.0,cpu,patch_nearest_normal,last2,14,0.05,False,,,0.00011089805047959089,0.002,False,True
2026-08-13 00:02:30,bottle,monitor,C:/cira_batch_test/bottle/bad_7.png,bad_7.png,anomaly,True,0.32217347621917725,0.32217347621917725,0.028150248528954157,0.028150248528954157,0.026971996296197176,False,False,16000,False,,False,0.0,cpu,patch_nearest_normal,last2,14,0.05,False,,,0.0001159664971055463,0.002,False,True
2026-08-13 00:02:32,bottle,monitor,C:/cira_batch_test/bottle/bad_8.png,bad_8.png,anomaly,True,0.2799452245235443,0.2799452245235443,0.028150248528954157,0.028150248528954157,0.026971996296197176,False,False,16000,False,,False,0.0,cpu,patch_nearest_normal,last2,14,0.05,False,,,0.00014162684965413064,0.002,False,True
2026-08-13 00:02:34,bottle,monitor,C:/cira_batch_test/bottle/bad_9.png,bad_9.png,anomaly,True,0.32232242822647095,0.32232242822647095,0.028150248528954157,0.028150248528954157,0.026971996296197176,False,False,16000,False,,False,0.0,cpu,patch_nearest_normal,last2,14,0.05,False,,,0.00013790716184303164,0.002,False,True
2026-08-13 00:02:37,bottle,monitor,C:/cira_batch_test/bottle/good_1.png,good_1.png,normal,False,0.025081897154450417,2.74181360282455e-07,0.028150248528954157,0.028150248528954157,0.026971996296197176,False,True,16000,True,0.00012501933088060468,True,0.002971704350784421,cpu,patch_nearest_normal,last2,14,0.05,False,,,0.00010603894043015316,0.002,True,True
2026-08-13 00:02:40,bottle,monitor,C:/cira_batch_test/bottle/good_10.png,good_10.png,normal,False,0.0265631265938282,2.384185791015625e-07,0.028150248528954157,0.028150248528954157,0.026971996296197176,False,True,16000,True,0.0001205382141051814,True,0.0028313244692981243,cpu,patch_nearest_normal,last2,14,0.05,False,,,0.00011616914707701653,0.002,True,True
2026-08-13 00:02:42,bottle,monitor,C:/cira_batch_test/bottle/good_11.png,good_11.png,normal,False,0.017153864726424217,2.682209014892578e-07,0.028150248528954157,0.028150248528954157,0.026971996296197176,False,True,16000,True,0.00011835538316518068,True,0.0027909253258258104,cpu,patch_nearest_normal,last2,14,0.05,False,,,0.00010853443382075056,0.002,True,True
2026-08-13 00:02:45,bottle,monitor,C:/cira_batch_test/bottle/good_12.png,good_12.png,normal,False,0.019211728125810623,2.682209014892578e-07,0.028150248528954157,0.028150248528954157,0.026971996296197176,False,True,16000,True,0.00011090223415521905,True,0.002768316539004445,cpu,patch_nearest_normal,last2,14,0.05,False,,,9.91507331491448e-05,0.002,True,True
2026-08-13 00:02:47,bottle,monitor,C:/cira_batch_test/bottle/good_13.png,good_13.png,normal,False,0.02328771911561489,2.384185791015625e-07,0.028150248528954157,0.028150248528954157,0.026971996296197176,False,True,16000,True,0.00012020312715321779,True,0.0027535941917449236,cpu,patch_nearest_normal,last2,14,0.05,False,,,0.00010353024845244363,0.002,True,True
2026-08-13 00:02:50,bottle,monitor,C:/cira_batch_test/bottle/good_14.png,good_14.png,normal,False,0.023546140640974045,2.5629998390286346e-07,0.028150248528954157,0.028150248528954157,0.026971996296197176,False,True,16000,True,0.0001154834171757102,True,0.002732048975303769,cpu,patch_nearest_normal,last2,14,0.05,False,,,0.0001017077811411582,0.002,True,True
2026-08-13 00:02:53,bottle,monitor,C:/cira_batch_test/bottle/good_15.png,good_15.png,normal,False,0.022041697055101395,2.5629998390286346e-07,0.028150248528954157,0.028150248528954157,0.026971996296197176,False,True,16000,True,0.00011288412497378886,True,0.002733325120061636,cpu,patch_nearest_normal,last2,14,0.05,False,,,0.00010512928565731272,0.002,True,True
2026-08-13 00:02:56,bottle,monitor,C:/cira_batch_test/bottle/good_16.png,good_16.png,normal,False,0.02416929602622986,2.9206276508375595e-07,0.028150248528954157,0.028150248528954157,0.026971996296197176,False,True,16000,True,0.00011450879537733272,True,0.0027358096558600664,cpu,patch_nearest_normal,last2,14,0.05,False,,,0.00010409495007479563,0.002,True,True
2026-08-13 00:02:58,bottle,monitor,C:/cira_batch_test/bottle/good_17.png,good_17.png,normal,False,0.021857494488358498,3.099441414633475e-07,0.028150248528954157,0.028150248528954157,0.026971996296197176,False,True,16000,True,0.00011601306323427707,True,0.0027294971514493227,cpu,patch_nearest_normal,last2,14,0.05,False,,,9.988978126784787e-05,0.002,True,True
2026-08-13 00:03:01,bottle,monitor,C:/cira_batch_test/bottle/good_18.png,good_18.png,normal,False,0.017322922125458717,2.682209014892578e-07,0.028150248528954157,0.028150248528954157,0.026971996296197176,False,True,16000,True,0.00011370977154001594,True,0.0027246871031820774,cpu,patch_nearest_normal,last2,14,0.05,True,C:\cira_ttl_checkpoints\bottle\patch_memory_bank_update_10.pt,C:\cira_ttl_checkpoints\bottle\patch_adapter_update_10.pt,0.00011211015953449532,0.002,True,True
2026-08-13 00:03:03,bottle,monitor,C:/cira_batch_test/bottle/good_19.png,good_19.png,normal,False,0.016689306125044823,2.8610230629055877e-07,0.028150248528954157,0.028150248528954157,0.026971996296197176,False,True,16000,True,0.00011057290976168588,True,0.002724215853959322,cpu,patch_nearest_normal,last2,14,0.05,False,,,0.00010684935841709375,0.002,True,True
2026-08-13 00:03:06,bottle,monitor,C:/cira_batch_test/bottle/good_2.png,good_2.png,normal,False,0.023590873926877975,2.9206276508375595e-07,0.028150248528954157,0.028150248528954157,0.026971996296197176,False,True,16000,True,0.00011792368604801595,True,0.002713101916015148,cpu,patch_nearest_normal,last2,14,0.05,False,,,0.00010379901505075395,0.002,True,True
2026-08-13 00:03:08,bottle,monitor,C:/cira_batch_test/bottle/good_20.png,good_20.png,normal,False,0.02347463369369507,2.384185791015625e-07,0.028150248528954157,0.028150248528954157,0.026971996296197176,False,True,16000,True,0.00011275000724708661,True,0.0027012911159545183,cpu,patch_nearest_normal,last2,14,0.05,False,,,0.00010633527563186362,0.002,True,True
2026-08-13 00:03:11,bottle,monitor,C:/cira_batch_test/bottle/good_3.png,good_3.png,normal,False,0.020592492073774338,2.980232238769531e-07,0.028150248528954157,0.028150248528954157,0.026971996296197176,False,True,16000,True,0.00010838969319593161,True,0.002692786045372486,cpu,patch_nearest_normal,last2,14,0.05,False,,,9.888895147014409e-05,0.002,True,True
2026-08-13 00:03:13,bottle,monitor,C:/cira_batch_test/bottle/good_4.png,good_4.png,normal,False,0.017879147082567215,2.8610230629055877e-07,0.028150248528954157,0.028150248528954157,0.026971996296197176,False,True,16000,True,0.00011932229244848713,True,0.002698404947295785,cpu,patch_nearest_normal,last2,14,0.05,False,,,0.00010399406164651737,0.002,True,True
2026-08-13 00:03:16,bottle,monitor,C:/cira_batch_test/bottle/good_5.png,good_5.png,normal,False,0.01359325647354126,2.74181360282455e-07,0.028150248528954157,0.028150248528954157,0.026971996296197176,False,True,16000,True,0.00011898516095243394,True,0.0026983916759490967,cpu,patch_nearest_normal,last2,14,0.05,False,,,0.0001066247423295863,0.002,True,True
2026-08-13 00:03:19,bottle,monitor,C:/cira_batch_test/bottle/good_6.png,good_6.png,normal,False,0.017046015709638596,2.6226044269606064e-07,0.028150248528954157,0.028150248528954157,0.026971996296197176,False,True,16000,True,0.00010806734644575045,True,0.002687267493456602,cpu,patch_nearest_normal,last2,14,0.05,False,,,0.00010656916128937155,0.002,True,True
2026-08-13 00:03:21,bottle,monitor,C:/cira_batch_test/bottle/good_7.png,good_7.png,anomaly,True,0.034595243632793427,0.034595243632793427,0.028150248528954157,0.028150248528954157,0.026971996296197176,False,False,16000,False,,False,0.0,cpu,patch_nearest_normal,last2,14,0.05,False,,,0.00010919987107627094,0.002,False,True
2026-08-13 00:03:23,bottle,monitor,C:/cira_batch_test/bottle/good_8.png,good_8.png,normal,False,0.019939761608839035,2.5033949668795685e-07,0.028150248528954157,0.028150248528954157,0.026971996296197176,False,True,16000,True,0.0001136104910983704,True,0.002686269348487258,cpu,patch_nearest_normal,last2,14,0.05,False,,,0.00010339909931644797,0.002,True,True
2026-08-13 00:03:26,bottle,monitor,C:/cira_batch_test/bottle/good_9.png,good_9.png,normal,False,0.022695064544677734,2.74181360282455e-07,0.028150248528954157,0.028150248528954157,0.026971996296197176,False,True,16000,True,0.00011091646592831239,True,0.002664773492142558,cpu,patch_nearest_normal,last2,14,0.05,False,,,0.00010029980330727994,0.002,True,True
2026-08-13 00:03:28,cable,monitor,C:/cira_batch_test/cable/bad_1.png,bad_1.png,anomaly,True,0.2560812830924988,0.2560812830924988,0.09852253405708512,0.09852253405708512,0.08911290355026723,False,False,16000,False,,False,0.0,cpu,patch_nearest_normal,last2,14,0.05,False,,,0.00016325899923685938,0.002,False,True
2026-08-13 00:03:30,cable,monitor,C:/cira_batch_test/cable/bad_10.png,bad_10.png,anomaly,True,0.11330725252628326,0.11330725252628326,0.09852253405708512,0.09852253405708512,0.08911290355026723,False,False,16000,False,,False,0.0,cpu,patch_nearest_normal,last2,14,0.05,False,,,0.00017160296556539834,0.002,False,True
2026-08-13 00:03:33,cable,monitor,C:/cira_batch_test/cable/bad_11.png,bad_11.png,anomaly,True,0.19220919907093048,0.19220919907093048,0.09852253405708512,0.09852253405708512,0.08911290355026723,False,False,16000,False,,False,0.0,cpu,patch_nearest_normal,last2,14,0.05,False,,,0.00016331239021383226,0.002,False,True
2026-08-13 00:03:35,cable,monitor,C:/cira_batch_test/cable/bad_12.png,bad_12.png,anomaly,True,0.10627879947423935,0.10627879947423935,0.09852253405708512,0.09852253405708512,0.08911290355026723,False,False,16000,False,,False,0.0,cpu,patch_nearest_normal,last2,14,0.05,False,,,0.0001521212252555415,0.002,False,True
2026-08-13 00:03:37,cable,monitor,C:/cira_batch_test/cable/bad_13.png,bad_13.png,anomaly,True,0.11107983440160751,0.11107983440160751,0.09852253405708512,0.09852253405708512,0.08911290355026723,False,False,16000,False,,False,0.0,cpu,patch_nearest_normal,last2,14,0.05,False,,,0.00016425413195975125,0.002,False,True
2026-08-13 00:03:39,cable,monitor,C:/cira_batch_test/cable/bad_14.png,bad_14.png,anomaly,True,0.10263369977474213,0.10263369977474213,0.09852253405708512,0.09852253405708512,0.08911290355026723,False,False,16000,False,,False,0.0,cpu,patch_nearest_normal,last2,14,0.05,False,,,0.00018708167772274464,0.002,False,True
2026-08-13 00:03:42,cable,monitor,C:/cira_batch_test/cable/bad_15.png,bad_15.png,anomaly,True,0.21952275931835175,0.21952275931835175,0.09852253405708512,0.09852253405708512,0.08911290355026723,False,False,16000,False,,False,0.0,cpu,patch_nearest_normal,last2,14,0.05,False,,,0.0001668406039243564,0.002,False,True
2026-08-13 00:03:44,cable,monitor,C:/cira_batch_test/cable/bad_16.png,bad_16.png,anomaly,True,0.2695935070514679,0.2695935070514679,0.09852253405708512,0.09852253405708512,0.08911290355026723,False,False,16000,False,,False,0.0,cpu,patch_nearest_normal,last2,14,0.05,False,,,0.0001723810564726591,0.002,False,True
2026-08-13 00:03:46,cable,monitor,C:/cira_batch_test/cable/bad_17.png,bad_17.png,anomaly,True,0.14945992827415466,0.14945992827415466,0.09852253405708512,0.09852253405708512,0.08911290355026723,False,False,16000,False,,False,0.0,cpu,patch_nearest_normal,last2,14,0.05,False,,,0.0001789262460079044,0.002,False,True
2026-08-13 00:03:48,cable,monitor,C:/cira_batch_test/cable/bad_18.png,bad_18.png,anomaly,True,0.24616484344005585,0.24616484344005585,0.09852253405708512,0.09852253405708512,0.08911290355026723,False,False,16000,False,,False,0.0,cpu,patch_nearest_normal,last2,14,0.05,False,,,0.00015494474791921675,0.002,False,True
2026-08-13 00:03:51,cable,monitor,C:/cira_batch_test/cable/bad_19.png,bad_19.png,normal,False,0.09412307292222977,0.09412307292222977,0.09852253405708512,0.09852253405708512,0.08911290355026723,False,False,16000,False,,False,0.0,cpu,patch_nearest_normal,last2,14,0.05,False,,,0.000159108720254153,0.002,False,True
2026-08-13 00:03:53,cable,monitor,C:/cira_batch_test/cable/bad_2.png,bad_2.png,anomaly,True,0.29285189509391785,0.29285189509391785,0.09852253405708512,0.09852253405708512,0.08911290355026723,False,False,16000,False,,False,0.0,cpu,patch_nearest_normal,last2,14,0.05,False,,,0.00017129778279922903,0.002,False,True
2026-08-13 00:03:55,cable,monitor,C:/cira_batch_test/cable/bad_20.png,bad_20.png,anomaly,True,0.19632980227470398,0.19632980227470398,0.09852253405708512,0.09852253405708512,0.08911290355026723,False,False,16000,False,,False,0.0,cpu,patch_nearest_normal,last2,14,0.05,False,,,0.0001791541144484654,0.002,False,True
2026-08-13 00:03:57,cable,monitor,C:/cira_batch_test/cable/bad_3.png,bad_3.png,anomaly,True,0.15526704490184784,0.15526704490184784,0.09852253405708512,0.09852253405708512,0.08911290355026723,False,False,16000,False,,False,0.0,cpu,patch_nearest_normal,last2,14,0.05,False,,,0.00017333441064693034,0.002,False,True
2026-08-13 00:04:00,cable,monitor,C:/cira_batch_test/cable/bad_4.png,bad_4.png,anomaly,True,0.3760477304458618,0.3760477304458618,0.09852253405708512,0.09852253405708512,0.08911290355026723,False,False,16000,False,,False,0.0,cpu,patch_nearest_normal,last2,14,0.05,False,,,0.00017801171634346247,0.002,False,True
2026-08-13 00:04:02,cable,monitor,C:/cira_batch_test/cable/bad_5.png,bad_5.png,anomaly,True,0.13731804490089417,0.13731804490089417,0.09852253405708512,0.09852253405708512,0.08911290355026723,False,False,16000,False,,False,0.0,cpu,patch_nearest_normal,last2,14,0.05,False,,,0.00017621343431528658,0.002,False,True
2026-08-13 00:04:04,cable,monitor,C:/cira_batch_test/cable/bad_6.png,bad_6.png,anomaly,True,0.24352876842021942,0.24352876842021942,0.09852253405708512,0.09852253405708512,0.08911290355026723,False,False,16000,False,,False,0.0,cpu,patch_nearest_normal,last2,14,0.05,False,,,0.00017294751887675375,0.002,False,True
2026-08-13 00:04:06,cable,monitor,C:/cira_batch_test/cable/bad_7.png,bad_7.png,anomaly,True,0.1334688514471054,0.1334688514471054,0.09852253405708512,0.09852253405708512,0.08911290355026723,False,False,16000,False,,False,0.0,cpu,patch_nearest_normal,last2,14,0.05,False,,,0.00017679960001260042,0.002,False,True
2026-08-13 00:04:09,cable,monitor,C:/cira_batch_test/cable/bad_8.png,bad_8.png,anomaly,True,0.12718647718429565,0.12718647718429565,0.09852253405708512,0.09852253405708512,0.08911290355026723,False,False,16000,False,,False,0.0,cpu,patch_nearest_normal,last2,14,0.05,False,,,0.00017950250185094774,0.002,False,True
2026-08-13 00:04:11,cable,monitor,C:/cira_batch_test/cable/bad_9.png,bad_9.png,anomaly,True,0.15827807784080505,0.15827807784080505,0.09852253405708512,0.09852253405708512,0.08911290355026723,False,False,16000,False,,False,0.0,cpu,patch_nearest_normal,last2,14,0.05,False,,,0.0001798932789824903,0.002,False,True
2026-08-13 00:04:13,cable,monitor,C:/cira_batch_test/cable/good_1.png,good_1.png,normal,False,0.08960090577602386,0.08960090577602386,0.09852253405708512,0.09852253405708512,0.08911290355026723,False,False,16000,False,,False,0.0,cpu,patch_nearest_normal,last2,14,0.05,False,,,0.00015553405683021992,0.002,False,True
2026-08-13 00:04:16,cable,monitor,C:/cira_batch_test/cable/good_10.png,good_10.png,normal,False,0.08573716133832932,3.457069510659494e-07,0.09852253405708512,0.09852253405708512,0.08911290355026723,False,True,16000,True,0.0001894550077849999,True,0.003012122819200158,cpu,patch_nearest_normal,last2,14,0.05,False,,,0.0001627634046599269,0.002,True,True
2026-08-13 00:04:19,cable,monitor,C:/cira_batch_test/cable/good_11.png,good_11.png,normal,False,0.07875233143568039,2.9206276508375595e-07,0.09852253405708512,0.09852253405708512,0.08911290355026723,False,True,16000,True,0.000199719681404531,True,0.002718412084504962,cpu,patch_nearest_normal,last2,14,0.05,False,,,0.00017638692224863917,0.002,True,True
2026-08-13 00:04:22,cable,monitor,C:/cira_batch_test/cable/good_12.png,good_12.png,normal,False,0.07948662340641022,2.980232238769531e-07,0.09852253405708512,0.09852253405708512,0.08911290355026723,False,True,16000,True,0.00018080646987073123,True,0.0026005569379776716,cpu,patch_nearest_normal,last2,14,0.05,False,,,0.00016903341747820377,0.002,True,True
2026-08-13 00:04:25,cable,monitor,C:/cira_batch_test/cable/good_13.png,good_13.png,normal,False,0.0749439150094986,3.039836826701503e-07,0.09852253405708512,0.09852253405708512,0.08911290355026723,False,True,16000,True,0.0001937464257935062,True,0.002564096124842763,cpu,patch_nearest_normal,last2,14,0.05,False,,,0.00017622952873352915,0.002,True,True
2026-08-13 00:04:27,cable,monitor,C:/cira_batch_test/cable/good_14.png,good_14.png,normal,False,0.09582491219043732,0.09582491219043732,0.09852253405708512,0.09852253405708512,0.08911290355026723,False,False,16000,False,,False,0.0,cpu,patch_nearest_normal,last2,14,0.05,False,,,0.00015965929196681827,0.002,False,True
2026-08-13 00:04:29,cable,monitor,C:/cira_batch_test/cable/good_15.png,good_15.png,normal,False,0.07565386593341827,3.039836826701503e-07,0.09852253405708512,0.09852253405708512,0.08911290355026723,False,True,16000,True,0.0001772998075466603,True,0.0025586052797734737,cpu,patch_nearest_normal,last2,14,0.05,False,,,0.00016817382129374892,0.002,True,True
2026-08-13 00:04:32,cable,monitor,C:/cira_batch_test/cable/good_16.png,good_16.png,normal,False,0.07585246860980988,3.099441414633475e-07,0.09852253405708512,0.09852253405708512,0.08911290355026723,False,True,16000,True,0.0001854012080002576,True,0.002529876073822379,cpu,patch_nearest_normal,last2,14,0.05,False,,,0.00016233682981692255,0.002,True,True
2026-08-13 00:04:35,cable,monitor,C:/cira_batch_test/cable/good_17.png,good_17.png,normal,False,0.08341086655855179,2.9206276508375595e-07,0.09852253405708512,0.09852253405708512,0.08911290355026723,False,True,16000,True,0.00018563908815849572,True,0.0025120540522038937,cpu,patch_nearest_normal,last2,14,0.05,False,,,0.00016323210729751736,0.002,True,True
2026-08-13 00:04:38,cable,monitor,C:/cira_batch_test/cable/good_18.png,good_18.png,normal,False,0.06862858682870865,2.74181360282455e-07,0.09852253405708512,0.09852253405708512,0.08911290355026723,False,True,16000,True,0.00018440840358380228,True,0.002509249374270439,cpu,patch_nearest_normal,last2,14,0.05,False,,,0.00016198873345274478,0.002,True,True
2026-08-13 00:04:40,cable,monitor,C:/cira_batch_test/cable/good_19.png,good_19.png,normal,False,0.06702230125665665,3.159046286782541e-07,0.09852253405708512,0.09852253405708512,0.08911290355026723,False,True,16000,True,0.0001779587473720312,True,0.0025056658778339624,cpu,patch_nearest_normal,last2,14,0.05,False,,,0.00014832009037490934,0.002,True,True
2026-08-13 00:04:43,cable,monitor,C:/cira_batch_test/cable/good_2.png,good_2.png,normal,False,0.08582331985235214,2.8014181907565217e-07,0.09852253405708512,0.09852253405708512,0.08911290355026723,False,True,16000,True,0.00018344452837482095,True,0.002494323765859008,cpu,patch_nearest_normal,last2,14,0.05,True,C:\cira_ttl_checkpoints\cable\patch_memory_bank_update_10.pt,C:\cira_ttl_checkpoints\cable\patch_adapter_update_10.pt,0.0001702310109976679,0.002,True,True
2026-08-13 00:04:46,cable,monitor,C:/cira_batch_test/cable/good_20.png,good_20.png,normal,False,0.08800768107175827,2.74181360282455e-07,0.09852253405708512,0.09852253405708512,0.08911290355026723,False,True,16000,True,0.00020173520897515118,True,0.0024878797121345997,cpu,patch_nearest_normal,last2,14,0.05,False,,,0.00016835324640851468,0.002,True,True
2026-08-13 00:04:48,cable,monitor,C:/cira_batch_test/cable/good_3.png,good_3.png,anomaly,True,0.11423619836568832,0.11423619836568832,0.09852253405708512,0.09852253405708512,0.08911290355026723,False,False,16000,False,,False,0.0,cpu,patch_nearest_normal,last2,14,0.05,False,,,0.0001692654041107744,0.002,False,True
2026-08-13 00:04:51,cable,monitor,C:/cira_batch_test/cable/good_4.png,good_4.png,normal,False,0.0738111287355423,2.980232238769531e-07,0.09852253405708512,0.09852253405708512,0.08911290355026723,False,True,16000,True,0.0001932615414261818,True,0.0024800822138786316,cpu,patch_nearest_normal,last2,14,0.05,False,,,0.00018033130618277937,0.002,True,True
2026-08-13 00:04:54,cable,monitor,C:/cira_batch_test/cable/good_5.png,good_5.png,normal,False,0.08673550188541412,2.682209014892578e-07,0.09852253405708512,0.09852253405708512,0.08911290355026723,False,True,16000,True,0.00018255424220114946,True,0.002486835466697812,cpu,patch_nearest_normal,last2,14,0.05,False,,,0.0001623922144062817,0.002,True,True
2026-08-13 00:04:56,cable,monitor,C:/cira_batch_test/cable/good_6.png,good_6.png,anomaly,True,0.10308803617954254,0.10308803617954254,0.09852253405708512,0.09852253405708512,0.08911290355026723,False,False,16000,False,,False,0.0,cpu,patch_nearest_normal,last2,14,0.05,False,,,0.000151184867718257,0.002,False,True
2026-08-13 00:04:59,cable,monitor,C:/cira_batch_test/cable/good_7.png,good_7.png,normal,False,0.08294965326786041,2.980232238769531e-07,0.09852253405708512,0.09852253405708512,0.08911290355026723,False,True,16000,True,0.00018969399388879538,True,0.0024858550168573856,cpu,patch_nearest_normal,last2,14,0.05,False,,,0.00017649288929533213,0.002,True,True
2026-08-13 00:05:02,cable,monitor,C:/cira_batch_test/cable/good_8.png,good_8.png,normal,False,0.09481804072856903,0.09481804072856903,0.09852253405708512,0.09852253405708512,0.08911290355026723,False,False,16000,False,,False,0.0,cpu,patch_nearest_normal,last2,14,0.05,False,,,0.0001668819459155202,0.002,False,True
2026-08-13 00:05:04,cable,monitor,C:/cira_batch_test/cable/good_9.png,good_9.png,normal,False,0.08372657001018524,3.516674098591466e-07,0.09852253405708512,0.09852253405708512,0.08911290355026723,False,True,16000,True,0.0001938959612743929,True,0.002484769094735384,cpu,patch_nearest_normal,last2,14,0.05,False,,,0.00016515325114596635,0.002,True,True
2026-08-13 00:05:07,capsule,monitor,C:/cira_batch_test/capsule/bad_1.png,bad_1.png,anomaly,True,0.1742943972349167,0.1742943972349167,0.042994875565722686,0.042994875565722686,0.03221273720264436,False,False,16000,False,,False,0.0,cpu,patch_nearest_normal,last2,14,0.05,False,,,0.00011413956963224337,0.002,False,True
2026-08-13 00:05:10,capsule,monitor,C:/cira_batch_test/capsule/bad_10.png,bad_10.png,anomaly,True,0.06707195937633514,0.06707195937633514,0.042994875565722686,0.042994875565722686,0.03221273720264436,False,False,16000,False,,False,0.0,cpu,patch_nearest_normal,last2,14,0.05,False,,,9.63662241701968e-05,0.002,False,True
2026-08-13 00:05:12,capsule,monitor,C:/cira_batch_test/capsule/bad_11.png,bad_11.png,anomaly,True,0.04561315104365349,0.04561315104365349,0.042994875565722686,0.042994875565722686,0.03221273720264436,False,False,16000,False,,False,0.0,cpu,patch_nearest_normal,last2,14,0.05,False,,,9.685338591225445e-05,0.002,False,True
2026-08-13 00:05:14,capsule,monitor,C:/cira_batch_test/capsule/bad_12.png,bad_12.png,anomaly,True,0.049266327172517776,0.049266327172517776,0.042994875565722686,0.042994875565722686,0.03221273720264436,False,False,16000,False,,False,0.0,cpu,patch_nearest_normal,last2,14,0.05,False,,,0.00010211111657554284,0.002,False,True
2026-08-13 00:05:16,capsule,monitor,C:/cira_batch_test/capsule/bad_13.png,bad_13.png,anomaly,True,0.04362291842699051,0.04362291842699051,0.042994875565722686,0.042994875565722686,0.03221273720264436,False,False,16000,False,,False,0.0,cpu,patch_nearest_normal,last2,14,0.05,False,,,9.771215991349891e-05,0.002,False,True
2026-08-13 00:05:19,capsule,monitor,C:/cira_batch_test/capsule/bad_14.png,bad_14.png,normal,False,0.03796813637018204,0.03796813637018204,0.042994875565722686,0.042994875565722686,0.03221273720264436,False,False,16000,False,,False,0.0,cpu,patch_nearest_normal,last2,14,0.05,False,,,9.900380973704159e-05,0.002,False,True
2026-08-13 00:05:21,capsule,monitor,C:/cira_batch_test/capsule/bad_15.png,bad_15.png,anomaly,True,0.08053771406412125,0.08053771406412125,0.042994875565722686,0.042994875565722686,0.03221273720264436,False,False,16000,False,,False,0.0,cpu,patch_nearest_normal,last2,14,0.05,False,,,0.00011282729974482208,0.002,False,True
2026-08-13 00:05:23,capsule,monitor,C:/cira_batch_test/capsule/bad_16.png,bad_16.png,anomaly,True,0.07358697801828384,0.07358697801828384,0.042994875565722686,0.042994875565722686,0.03221273720264436,False,False,16000,False,,False,0.0,cpu,patch_nearest_normal,last2,14,0.05,False,,,9.235019388142973e-05,0.002,False,True
2026-08-13 00:05:26,capsule,monitor,C:/cira_batch_test/capsule/bad_17.png,bad_17.png,anomaly,True,0.056967444717884064,0.056967444717884064,0.042994875565722686,0.042994875565722686,0.03221273720264436,False,False,16000,False,,False,0.0,cpu,patch_nearest_normal,last2,14,0.05,False,,,9.09252994460985e-05,0.002,False,True
2026-08-13 00:05:28,capsule,monitor,C:/cira_batch_test/capsule/bad_18.png,bad_18.png,anomaly,True,0.06038259342312813,0.06038259342312813,0.042994875565722686,0.042994875565722686,0.03221273720264436,False,False,16000,False,,False,0.0,cpu,patch_nearest_normal,last2,14,0.05,False,,,9.682477684691548e-05,0.002,False,True
2026-08-13 00:05:30,capsule,monitor,C:/cira_batch_test/capsule/bad_19.png,bad_19.png,anomaly,True,0.11658501625061035,0.11658501625061035,0.042994875565722686,0.042994875565722686,0.03221273720264436,False,False,16000,False,,False,0.0,cpu,patch_nearest_normal,last2,14,0.05,False,,,0.00010083147935802117,0.002,False,True
2026-08-13 00:05:32,capsule,monitor,C:/cira_batch_test/capsule/bad_2.png,bad_2.png,anomaly,True,0.2662004828453064,0.2662004828453064,0.042994875565722686,0.042994875565722686,0.03221273720264436,False,False,16000,False,,False,0.0,cpu,patch_nearest_normal,last2,14,0.05,False,,,0.00010381178435636684,0.002,False,True
2026-08-13 00:05:35,capsule,monitor,C:/cira_batch_test/capsule/bad_20.png,bad_20.png,anomaly,True,0.05234730988740921,0.05234730988740921,0.042994875565722686,0.042994875565722686,0.03221273720264436,False,False,16000,False,,False,0.0,cpu,patch_nearest_normal,last2,14,0.05,False,,,0.00010000700422096997,0.002,False,True
2026-08-13 00:05:37,capsule,monitor,C:/cira_batch_test/capsule/bad_3.png,bad_3.png,anomaly,True,0.09466098248958588,0.09466098248958588,0.042994875565722686,0.042994875565722686,0.03221273720264436,False,False,16000,False,,False,0.0,cpu,patch_nearest_normal,last2,14,0.05,False,,,0.00011097896640421823,0.002,False,True
2026-08-13 00:05:39,capsule,monitor,C:/cira_batch_test/capsule/bad_4.png,bad_4.png,normal,False,0.03701557591557503,0.03701557591557503,0.042994875565722686,0.042994875565722686,0.03221273720264436,False,False,16000,False,,False,0.0,cpu,patch_nearest_normal,last2,14,0.05,False,,,0.00010004717478295788,0.002,False,True
2026-08-13 00:05:41,capsule,monitor,C:/cira_batch_test/capsule/bad_5.png,bad_5.png,normal,False,0.041929371654987335,0.041929371654987335,0.042994875565722686,0.042994875565722686,0.03221273720264436,False,False,16000,False,,False,0.0,cpu,patch_nearest_normal,last2,14,0.05,False,,,0.00010526447294978425,0.002,False,True
2026-08-13 00:05:44,capsule,monitor,C:/cira_batch_test/capsule/bad_6.png,bad_6.png,anomaly,True,0.11989279091358185,0.11989279091358185,0.042994875565722686,0.042994875565722686,0.03221273720264436,False,False,16000,False,,False,0.0,cpu,patch_nearest_normal,last2,14,0.05,False,,,0.00010385790665168315,0.002,False,True
2026-08-13 00:05:46,capsule,monitor,C:/cira_batch_test/capsule/bad_7.png,bad_7.png,anomaly,True,0.07458113133907318,0.07458113133907318,0.042994875565722686,0.042994875565722686,0.03221273720264436,False,False,16000,False,,False,0.0,cpu,patch_nearest_normal,last2,14,0.05,False,,,9.044278704095632e-05,0.002,False,True
2026-08-13 00:05:48,capsule,monitor,C:/cira_batch_test/capsule/bad_8.png,bad_8.png,anomaly,True,0.12507465481758118,0.12507465481758118,0.042994875565722686,0.042994875565722686,0.03221273720264436,False,False,16000,False,,False,0.0,cpu,patch_nearest_normal,last2,14,0.05,False,,,9.164930088445544e-05,0.002,False,True
2026-08-13 00:05:50,capsule,monitor,C:/cira_batch_test/capsule/bad_9.png,bad_9.png,anomaly,True,0.17585599422454834,0.17585599422454834,0.042994875565722686,0.042994875565722686,0.03221273720264436,False,False,16000,False,,False,0.0,cpu,patch_nearest_normal,last2,14,0.05,False,,,0.00010865768854273483,0.002,False,True
2026-08-13 00:05:53,capsule,monitor,C:/cira_batch_test/capsule/good_1.png,good_1.png,normal,False,0.024378538131713867,2.8014181907565217e-07,0.042994875565722686,0.042994875565722686,0.03221273720264436,False,True,16000,True,0.0001245750900125131,True,0.003016345901414752,cpu,patch_nearest_normal,last2,14,0.05,False,,,0.00011863015970448032,0.002,True,True
2026-08-13 00:05:56,capsule,monitor,C:/cira_batch_test/capsule/good_10.png,good_10.png,normal,False,0.025620341300964355,2.5629998390286346e-07,0.042994875565722686,0.042994875565722686,0.03221273720264436,False,True,16000,True,9.975750435842201e-05,True,0.0027550780214369297,cpu,patch_nearest_normal,last2,14,0.05,False,,,9.397392568644136e-05,0.002,True,True
2026-08-13 00:05:58,capsule,monitor,C:/cira_batch_test/capsule/good_11.png,good_11.png,normal,False,0.026792431250214577,3.039836826701503e-07,0.042994875565722686,0.042994875565722686,0.03221273720264436,False,True,16000,True,0.00010224128345726058,True,0.002671782160177827,cpu,patch_nearest_normal,last2,14,0.05,False,,,9.946576756192371e-05,0.002,True,True
2026-08-13 00:06:01,capsule,monitor,C:/cira_batch_test/capsule/good_12.png,good_12.png,normal,False,0.037646275013685226,0.037646275013685226,0.042994875565722686,0.042994875565722686,0.03221273720264436,False,False,16000,False,,False,0.0,cpu,patch_nearest_normal,last2,14,0.05,False,,,0.00010566430864855647,0.002,False,True
2026-08-13 00:06:03,capsule,monitor,C:/cira_batch_test/capsule/good_13.png,good_13.png,normal,False,0.025213610380887985,2.980232238769531e-07,0.042994875565722686,0.042994875565722686,0.03221273720264436,False,True,16000,True,0.00011147990153403953,True,0.0026402545627206564,cpu,patch_nearest_normal,last2,14,0.05,False,,,0.00010134595504496247,0.002,True,True
2026-08-13 00:06:06,capsule,monitor,C:/cira_batch_test/capsule/good_14.png,good_14.png,normal,False,0.02194013074040413,2.5033949668795685e-07,0.042994875565722686,0.042994875565722686,0.03221273720264436,False,True,16000,True,0.00010368837683927268,True,0.0026188341435045004,cpu,patch_nearest_normal,last2,14,0.05,False,,,0.00010138968355022371,0.002,True,True
2026-08-13 00:06:09,capsule,monitor,C:/cira_batch_test/capsule/good_15.png,good_15.png,normal,False,0.02593916654586792,2.8014181907565217e-07,0.042994875565722686,0.042994875565722686,0.03221273720264436,False,True,16000,True,0.00012051829253323376,True,0.0025969045236706734,cpu,patch_nearest_normal,last2,14,0.05,False,,,0.0001218474208144471,0.002,True,True
2026-08-13 00:06:11,capsule,monitor,C:/cira_batch_test/capsule/good_16.png,good_16.png,normal,False,0.026392465457320213,2.8014181907565217e-07,0.042994875565722686,0.042994875565722686,0.03221273720264436,False,True,16000,True,0.00010740070865722373,True,0.002588368486613035,cpu,patch_nearest_normal,last2,14,0.05,False,,,0.00011167398042744026,0.002,True,True
2026-08-13 00:06:14,capsule,monitor,C:/cira_batch_test/capsule/good_17.png,good_17.png,normal,False,0.0195863489061594,2.74181360282455e-07,0.042994875565722686,0.042994875565722686,0.03221273720264436,False,True,16000,True,0.00011346163955749944,True,0.002580583095550537,cpu,patch_nearest_normal,last2,14,0.05,False,,,0.00010593896877253428,0.002,True,True
2026-08-13 00:06:17,capsule,monitor,C:/cira_batch_test/capsule/good_18.png,good_18.png,normal,False,0.017152171581983566,2.74181360282455e-07,0.042994875565722686,0.042994875565722686,0.03221273720264436,False,True,16000,True,0.00011058387462981045,True,0.0025868758093565702,cpu,patch_nearest_normal,last2,14,0.05,False,,,0.0001000134798232466,0.002,True,True
2026-08-13 00:06:20,capsule,monitor,C:/cira_batch_test/capsule/good_19.png,good_19.png,normal,False,0.016803335398435593,2.5033949668795685e-07,0.042994875565722686,0.042994875565722686,0.03221273720264436,False,True,16000,True,0.00011158652341691777,True,0.0025873694103211164,cpu,patch_nearest_normal,last2,14,0.05,True,C:\cira_ttl_checkpoints\capsule\patch_memory_bank_update_10.pt,C:\cira_ttl_checkpoints\capsule\patch_adapter_update_10.pt,0.00010895154264289886,0.002,True,True
2026-08-13 00:06:23,capsule,monitor,C:/cira_batch_test/capsule/good_2.png,good_2.png,normal,False,0.017708659172058105,2.682209014892578e-07,0.042994875565722686,0.042994875565722686,0.03221273720264436,False,True,16000,True,0.00010916916653513908,True,0.0025901019107550383,cpu,patch_nearest_normal,last2,14,0.05,False,,,9.825003508012742e-05,0.002,True,True
2026-08-13 00:06:25,capsule,monitor,C:/cira_batch_test/capsule/good_20.png,good_20.png,normal,False,0.03215281292796135,2.980232238769531e-07,0.042994875565722686,0.042994875565722686,0.03221273720264436,False,True,16000,True,0.00010108613787451759,True,0.0025582953821867704,cpu,patch_nearest_normal,last2,14,0.05,False,,,0.00010315012332284823,0.002,True,True
2026-08-13 00:06:28,capsule,monitor,C:/cira_batch_test/capsule/good_3.png,good_3.png,normal,False,0.03859996050596237,0.03859996050596237,0.042994875565722686,0.042994875565722686,0.03221273720264436,False,False,16000,False,,False,0.0,cpu,patch_nearest_normal,last2,14,0.05,False,,,0.00010595134517643601,0.002,False,True
2026-08-13 00:06:31,capsule,monitor,C:/cira_batch_test/capsule/good_4.png,good_4.png,normal,False,0.018733644858002663,3.039836826701503e-07,0.042994875565722686,0.042994875565722686,0.03221273720264436,False,True,16000,True,0.00011699579044943675,True,0.002567764138802886,cpu,patch_nearest_normal,last2,14,0.05,False,,,0.00010519552597543225,0.002,True,True
2026-08-13 00:06:33,capsule,monitor,C:/cira_batch_test/capsule/good_5.png,good_5.png,normal,False,0.019641298800706863,3.039836826701503e-07,0.042994875565722686,0.042994875565722686,0.03221273720264436,False,True,16000,True,0.00010588980512693524,True,0.002563662128522992,cpu,patch_nearest_normal,last2,14,0.05,False,,,9.387073805555701e-05,0.002,True,True
2026-08-13 00:06:36,capsule,monitor,C:/cira_batch_test/capsule/good_6.png,good_6.png,normal,False,0.015469491481781006,3.159046286782541e-07,0.042994875565722686,0.042994875565722686,0.03221273720264436,False,True,16000,True,0.00010289502824889496,True,0.002566064242273569,cpu,patch_nearest_normal,last2,14,0.05,False,,,9.737008076626807e-05,0.002,True,True
2026-08-13 00:06:38,capsule,monitor,C:/cira_batch_test/capsule/good_7.png,good_7.png,anomaly,True,0.08286826312541962,0.08286826312541962,0.042994875565722686,0.042994875565722686,0.03221273720264436,False,False,16000,False,,False,0.0,cpu,patch_nearest_normal,last2,14,0.05,False,,,9.006159234559163e-05,0.002,False,True
2026-08-13 00:06:41,capsule,monitor,C:/cira_batch_test/capsule/good_8.png,good_8.png,normal,False,0.029048120602965355,2.8014181907565217e-07,0.042994875565722686,0.042994875565722686,0.03221273720264436,False,True,16000,True,9.765394497662783e-05,True,0.002549191704019904,cpu,patch_nearest_normal,last2,14,0.05,False,,,0.0001028425176627934,0.002,True,True
2026-08-13 00:06:43,capsule,monitor,C:/cira_batch_test/capsule/good_9.png,good_9.png,normal,False,0.017526710405945778,2.980232238769531e-07,0.042994875565722686,0.042994875565722686,0.03221273720264436,False,True,16000,True,9.876664262264967e-05,True,0.0025582127273082733,cpu,patch_nearest_normal,last2,14,0.05,False,,,9.550673712510616e-05,0.002,True,True
2026-08-13 00:06:46,carpet,monitor,C:/cira_batch_test/carpet/bad_1.png,bad_1.png,anomaly,True,0.06134674698114395,0.06134674698114395,0.03434173590705805,0.03434173590705805,0.03388186469674111,False,False,16000,False,,False,0.0,cpu,patch_nearest_normal,last2,14,0.05,False,,,4.9658057832857594e-05,0.002,False,True
2026-08-13 00:06:48,carpet,monitor,C:/cira_batch_test/carpet/bad_10.png,bad_10.png,anomaly,True,0.23354916274547577,0.23354916274547577,0.03434173590705805,0.03434173590705805,0.03388186469674111,False,False,16000,False,,False,0.0,cpu,patch_nearest_normal,last2,14,0.05,False,,,5.583391975960694e-05,0.002,False,True
2026-08-13 00:06:50,carpet,monitor,C:/cira_batch_test/carpet/bad_11.png,bad_11.png,anomaly,True,0.08780645579099655,0.08780645579099655,0.03434173590705805,0.03434173590705805,0.03388186469674111,False,False,16000,False,,False,0.0,cpu,patch_nearest_normal,last2,14,0.05,False,,,4.98842891829554e-05,0.002,False,True
2026-08-13 00:06:53,carpet,monitor,C:/cira_batch_test/carpet/bad_12.png,bad_12.png,normal,False,0.03406236320734024,0.03406236320734024,0.03434173590705805,0.03434173590705805,0.03388186469674111,False,False,16000,False,,False,0.0,cpu,patch_nearest_normal,last2,14,0.05,False,,,4.0262366383103654e-05,0.002,False,True
2026-08-13 00:06:55,carpet,monitor,C:/cira_batch_test/carpet/bad_13.png,bad_13.png,anomaly,True,0.03563273698091507,0.03563273698091507,0.03434173590705805,0.03434173590705805,0.03388186469674111,False,False,16000,False,,False,0.0,cpu,patch_nearest_normal,last2,14,0.05,False,,,4.7293691750383005e-05,0.002,False,True
2026-08-13 00:06:58,carpet,monitor,C:/cira_batch_test/carpet/bad_14.png,bad_14.png,anomaly,True,0.2166282832622528,0.2166282832622528,0.03434173590705805,0.03434173590705805,0.03388186469674111,False,False,16000,False,,False,0.0,cpu,patch_nearest_normal,last2,14,0.05,False,,,6.057059727027081e-05,0.002,False,True
2026-08-13 00:07:00,carpet,monitor,C:/cira_batch_test/carpet/bad_15.png,bad_15.png,anomaly,True,0.041060589253902435,0.041060589253902435,0.03434173590705805,0.03434173590705805,0.03388186469674111,False,False,16000,False,,False,0.0,cpu,patch_nearest_normal,last2,14,0.05,False,,,3.770628973143175e-05,0.002,False,True
2026-08-13 00:07:02,carpet,monitor,C:/cira_batch_test/carpet/bad_16.png,bad_16.png,anomaly,True,0.13159766793251038,0.13159766793251038,0.03434173590705805,0.03434173590705805,0.03388186469674111,False,False,16000,False,,False,0.0,cpu,patch_nearest_normal,last2,14,0.05,False,,,5.5607117246836424e-05,0.002,False,True
2026-08-13 00:07:04,carpet,monitor,C:/cira_batch_test/carpet/bad_17.png,bad_17.png,anomaly,True,0.05053531378507614,0.05053531378507614,0.03434173590705805,0.03434173590705805,0.03388186469674111,False,False,16000,False,,False,0.0,cpu,patch_nearest_normal,last2,14,0.05,False,,,5.269412213237956e-05,0.002,False,True
2026-08-13 00:07:07,carpet,monitor,C:/cira_batch_test/carpet/bad_18.png,bad_18.png,anomaly,True,0.3318779766559601,0.3318779766559601,0.03434173590705805,0.03434173590705805,0.03388186469674111,False,False,16000,False,,False,0.0,cpu,patch_nearest_normal,last2,14,0.05,False,,,4.9866317567648366e-05,0.002,False,True
2026-08-13 00:07:09,carpet,monitor,C:/cira_batch_test/carpet/bad_19.png,bad_19.png,anomaly,True,0.11373408138751984,0.11373408138751984,0.03434173590705805,0.03434173590705805,0.03388186469674111,False,False,16000,False,,False,0.0,cpu,patch_nearest_normal,last2,14,0.05,False,,,4.4577423977898434e-05,0.002,False,True
2026-08-13 00:07:12,carpet,monitor,C:/cira_batch_test/carpet/bad_2.png,bad_2.png,anomaly,True,0.1550661027431488,0.1550661027431488,0.03434173590705805,0.03434173590705805,0.03388186469674111,False,False,16000,False,,False,0.0,cpu,patch_nearest_normal,last2,14,0.05,False,,,5.362452793633565e-05,0.002,False,True
2026-08-13 00:07:14,carpet,monitor,C:/cira_batch_test/carpet/bad_20.png,bad_20.png,anomaly,True,0.13691040873527527,0.13691040873527527,0.03434173590705805,0.03434173590705805,0.03388186469674111,False,False,16000,False,,False,0.0,cpu,patch_nearest_normal,last2,14,0.05,False,,,4.427267413120717e-05,0.002,False,True
2026-08-13 00:07:16,carpet,monitor,C:/cira_batch_test/carpet/bad_3.png,bad_3.png,anomaly,True,0.3548845648765564,0.3548845648765564,0.03434173590705805,0.03434173590705805,0.03388186469674111,False,False,16000,False,,False,0.0,cpu,patch_nearest_normal,last2,14,0.05,False,,,4.551585516310297e-05,0.002,False,True
2026-08-13 00:07:19,carpet,monitor,C:/cira_batch_test/carpet/bad_4.png,bad_4.png,anomaly,True,0.2745632529258728,0.2745632529258728,0.03434173590705805,0.03434173590705805,0.03388186469674111,False,False,16000,False,,False,0.0,cpu,patch_nearest_normal,last2,14,0.05,False,,,5.809304639114998e-05,0.002,False,True
2026-08-13 00:07:21,carpet,monitor,C:/cira_batch_test/carpet/bad_5.png,bad_5.png,anomaly,True,0.2340812236070633,0.2340812236070633,0.03434173590705805,0.03434173590705805,0.03388186469674111,False,False,16000,False,,False,0.0,cpu,patch_nearest_normal,last2,14,0.05,False,,,5.5482902098447084e-05,0.002,False,True
2026-08-13 00:07:23,carpet,monitor,C:/cira_batch_test/carpet/bad_6.png,bad_6.png,anomaly,True,0.1086384654045105,0.1086384654045105,0.03434173590705805,0.03434173590705805,0.03388186469674111,False,False,16000,False,,False,0.0,cpu,patch_nearest_normal,last2,14,0.05,False,,,4.321524829720147e-05,0.002,False,True
2026-08-13 00:07:26,carpet,monitor,C:/cira_batch_test/carpet/bad_7.png,bad_7.png,anomaly,True,0.07340017706155777,0.07340017706155777,0.03434173590705805,0.03434173590705805,0.03388186469674111,False,False,16000,False,,False,0.0,cpu,patch_nearest_normal,last2,14,0.05,False,,,5.270545443636365e-05,0.002,False,True
2026-08-13 00:07:28,carpet,monitor,C:/cira_batch_test/carpet/bad_8.png,bad_8.png,anomaly,True,0.2964455187320709,0.2964455187320709,0.03434173590705805,0.03434173590705805,0.03388186469674111,False,False,16000,False,,False,0.0,cpu,patch_nearest_normal,last2,14,0.05,False,,,5.479689934873022e-05,0.002,False,True
2026-08-13 00:07:31,carpet,monitor,C:/cira_batch_test/carpet/bad_9.png,bad_9.png,anomaly,True,0.34894585609436035,0.34894585609436035,0.03434173590705805,0.03434173590705805,0.03388186469674111,False,False,16000,False,,False,0.0,cpu,patch_nearest_normal,last2,14,0.05,False,,,6.627459515584633e-05,0.002,False,True
2026-08-13 00:07:33,carpet,monitor,C:/cira_batch_test/carpet/good_1.png,good_1.png,normal,False,0.02601250447332859,2.74181360282455e-07,0.03434173590705805,0.03434173590705805,0.03388186469674111,False,True,16000,True,4.31708394899033e-05,True,0.0028832205571234226,cpu,patch_nearest_normal,last2,14,0.05,False,,,4.4549415179062635e-05,0.002,True,True
2026-08-13 00:07:36,carpet,monitor,C:/cira_batch_test/carpet/good_10.png,good_10.png,anomaly,True,0.03944537788629532,0.03944537788629532,0.03434173590705805,0.03434173590705805,0.03388186469674111,False,False,16000,False,,False,0.0,cpu,patch_nearest_normal,last2,14,0.05,False,,,3.478703001746908e-05,0.002,False,True
2026-08-13 00:07:38,carpet,monitor,C:/cira_batch_test/carpet/good_11.png,good_11.png,anomaly,True,0.04088563472032547,0.04088563472032547,0.03434173590705805,0.03434173590705805,0.03388186469674111,False,False,16000,False,,False,0.0,cpu,patch_nearest_normal,last2,14,0.05,False,,,4.3761283450294286e-05,0.002,False,True
2026-08-13 00:07:40,carpet,monitor,C:/cira_batch_test/carpet/good_12.png,good_12.png,normal,False,0.034130316227674484,0.034130316227674484,0.03434173590705805,0.03434173590705805,0.03388186469674111,False,False,16000,False,,False,0.0,cpu,patch_nearest_normal,last2,14,0.05,False,,,5.684308780473657e-05,0.002,False,True
2026-08-13 00:07:43,carpet,monitor,C:/cira_batch_test/carpet/good_13.png,good_13.png,anomaly,True,0.03595094755291939,0.03595094755291939,0.03434173590705805,0.03434173590705805,0.03388186469674111,False,False,16000,False,,False,0.0,cpu,patch_nearest_normal,last2,14,0.05,False,,,3.175447272951715e-05,0.002,False,True
2026-08-13 00:07:45,carpet,monitor,C:/cira_batch_test/carpet/good_14.png,good_14.png,anomaly,True,0.04110884666442871,0.04110884666442871,0.03434173590705805,0.03434173590705805,0.03388186469674111,False,False,16000,False,,False,0.0,cpu,patch_nearest_normal,last2,14,0.05,False,,,3.638707858044654e-05,0.002,False,True
2026-08-13 00:07:47,carpet,monitor,C:/cira_batch_test/carpet/good_15.png,good_15.png,anomaly,True,0.04067299887537956,0.04067299887537956,0.03434173590705805,0.03434173590705805,0.03388186469674111,False,False,16000,False,,False,0.0,cpu,patch_nearest_normal,last2,14,0.05,False,,,3.699615990626626e-05,0.002,False,True
2026-08-13 00:07:50,carpet,monitor,C:/cira_batch_test/carpet/good_16.png,good_16.png,anomaly,True,0.03637329488992691,0.03637329488992691,0.03434173590705805,0.03434173590705805,0.03388186469674111,False,False,16000,False,,False,0.0,cpu,patch_nearest_normal,last2,14,0.05,False,,,3.444408503128216e-05,0.002,False,True
2026-08-13 00:07:52,carpet,monitor,C:/cira_batch_test/carpet/good_17.png,good_17.png,normal,False,0.031942278146743774,3.635883274455409e-07,0.03434173590705805,0.03434173590705805,0.03388186469674111,False,True,16000,True,5.0243452278664336e-05,True,0.0027184258215129375,cpu,patch_nearest_normal,last2,14,0.05,False,,,4.3542477214941755e-05,0.002,True,True
2026-08-13 00:07:55,carpet,monitor,C:/cira_batch_test/carpet/good_18.png,good_18.png,normal,False,0.027235746383666992,3.5762786865234375e-07,0.03434173590705805,0.03434173590705805,0.03388186469674111,False,True,16000,True,5.431484532891773e-05,True,0.0026990105397999287,cpu,patch_nearest_normal,last2,14,0.05,False,,,4.9295882490696386e-05,0.002,True,True
2026-08-13 00:07:58,carpet,monitor,C:/cira_batch_test/carpet/good_19.png,good_19.png,normal,False,0.03303291276097298,3.039836826701503e-07,0.03434173590705805,0.03434173590705805,0.03388186469674111,False,True,16000,True,5.432996113086119e-05,True,0.002685068640857935,cpu,patch_nearest_normal,last2,14,0.05,False,,,4.8096007958520204e-05,0.002,True,True
2026-08-13 00:08:01,carpet,monitor,C:/cira_batch_test/carpet/good_2.png,good_2.png,normal,False,0.03263615816831589,2.980232238769531e-07,0.03434173590705805,0.03434173590705805,0.03388186469674111,False,True,16000,True,5.2883879106957465e-05,True,0.002689642133191228,cpu,patch_nearest_normal,last2,14,0.05,False,,,4.881994755123742e-05,0.002,True,True
2026-08-13 00:08:03,carpet,monitor,C:/cira_batch_test/carpet/good_20.png,good_20.png,anomaly,True,0.03447250649333,0.03447250649333,0.03434173590705805,0.03434173590705805,0.03388186469674111,False,False,16000,False,,False,0.0,cpu,patch_nearest_normal,last2,14,0.05,False,,,5.2374161896295846e-05,0.002,False,True
2026-08-13 00:08:06,carpet,monitor,C:/cira_batch_test/carpet/good_3.png,good_3.png,normal,False,0.03376465290784836,2.682209014892578e-07,0.03434173590705805,0.03434173590705805,0.03388186469674111,False,True,16000,True,4.490563151193783e-05,True,0.0026362077333033085,cpu,patch_nearest_normal,last2,14,0.05,False,,,3.9561771700391546e-05,0.002,True,True
2026-08-13 00:08:09,carpet,monitor,C:/cira_batch_test/carpet/good_4.png,good_4.png,normal,False,0.030345063656568527,3.159046286782541e-07,0.03434173590705805,0.03434173590705805,0.03388186469674111,False,True,16000,True,4.306019764044322e-05,True,0.002610393799841404,cpu,patch_nearest_normal,last2,14,0.05,False,,,3.99442833440844e-05,0.002,True,True
2026-08-13 00:08:12,carpet,monitor,C:/cira_batch_test/carpet/good_5.png,good_5.png,normal,False,0.03230559080839157,3.5762786865234375e-07,0.03434173590705805,0.03434173590705805,0.03388186469674111,False,True,16000,True,4.461889693629928e-05,True,0.0026084117125719786,cpu,patch_nearest_normal,last2,14,0.05,False,,,4.2603136535035446e-05,0.002,True,True
2026-08-13 00:08:15,carpet,monitor,C:/cira_batch_test/carpet/good_6.png,good_6.png,normal,False,0.031474702060222626,3.397464638510428e-07,0.03434173590705805,0.03434173590705805,0.03388186469674111,False,True,16000,True,4.6669403673149645e-05,True,0.002602988388389349,cpu,patch_nearest_normal,last2,14,0.05,False,,,3.981006739195436e-05,0.002,True,True
2026-08-13 00:08:17,carpet,monitor,C:/cira_batch_test/carpet/good_7.png,good_7.png,normal,False,0.029777055606245995,3.2186508747145126e-07,0.03434173590705805,0.03434173590705805,0.03388186469674111,False,True,16000,True,4.588803494698368e-05,True,0.0026049925945699215,cpu,patch_nearest_normal,last2,14,0.05,True,C:\cira_ttl_checkpoints\carpet\patch_memory_bank_update_10.pt,C:\cira_ttl_checkpoints\carpet\patch_adapter_update_10.pt,4.175993308308534e-05,0.002,True,True
2026-08-13 00:08:20,carpet,monitor,C:/cira_batch_test/carpet/good_8.png,good_8.png,normal,False,0.027427351102232933,2.74181360282455e-07,0.03434173590705805,0.03434173590705805,0.03388186469674111,False,True,16000,True,4.620485196937807e-05,True,0.0026103355921804905,cpu,patch_nearest_normal,last2,14,0.05,False,,,3.91092908103019e-05,0.002,True,True
2026-08-13 00:08:23,carpet,monitor,C:/cira_batch_test/carpet/good_9.png,good_9.png,anomaly,True,0.04014856740832329,0.04014856740832329,0.03434173590705805,0.03434173590705805,0.03388186469674111,False,False,16000,False,,False,0.0,cpu,patch_nearest_normal,last2,14,0.05,False,,,3.3052223443519324e-05,0.002,False,True
2026-08-13 00:08:25,grid,monitor,C:/cira_batch_test/grid/bad_1.png,bad_1.png,anomaly,True,0.08858604729175568,0.08858604729175568,0.05371414880283681,0.05371414880283681,0.049720141850411896,False,False,16000,False,,False,0.0,cpu,patch_nearest_normal,last2,14,0.05,False,,,0.00020998879335820675,0.002,False,True
2026-08-13 00:08:28,grid,monitor,C:/cira_batch_test/grid/bad_10.png,bad_10.png,anomaly,True,0.07286384701728821,0.07286384701728821,0.05371414880283681,0.05371414880283681,0.049720141850411896,False,False,16000,False,,False,0.0,cpu,patch_nearest_normal,last2,14,0.05,False,,,0.00012756339856423438,0.002,False,True
2026-08-13 00:08:30,grid,monitor,C:/cira_batch_test/grid/bad_11.png,bad_11.png,anomaly,True,0.05669742822647095,0.05669742822647095,0.05371414880283681,0.05371414880283681,0.049720141850411896,False,False,16000,False,,False,0.0,cpu,patch_nearest_normal,last2,14,0.05,False,,,0.000173269902006723,0.002,False,True
2026-08-13 00:08:32,grid,monitor,C:/cira_batch_test/grid/bad_12.png,bad_12.png,anomaly,True,0.10632707923650742,0.10632707923650742,0.05371414880283681,0.05371414880283681,0.049720141850411896,False,False,16000,False,,False,0.0,cpu,patch_nearest_normal,last2,14,0.05,False,,,0.00019918257021345198,0.002,False,True
2026-08-13 00:08:35,grid,monitor,C:/cira_batch_test/grid/bad_13.png,bad_13.png,normal,False,0.04784206300973892,2.980232238769531e-07,0.05371414880283681,0.05371414880283681,0.049720141850411896,False,True,16000,True,0.00012591744598466903,True,0.0029587310273200274,cpu,patch_nearest_normal,last2,14,0.05,False,,,0.0001077389097190462,0.002,True,True
2026-08-13 00:08:37,grid,monitor,C:/cira_batch_test/grid/bad_14.png,bad_14.png,normal,False,0.05337737873196602,0.05337737873196602,0.05371414880283681,0.05371414880283681,0.049720141850411896,False,False,16000,False,,False,0.0,cpu,patch_nearest_normal,last2,14,0.05,False,,,0.00011120155249955133,0.002,False,True
2026-08-13 00:08:39,grid,monitor,C:/cira_batch_test/grid/bad_15.png,bad_15.png,anomaly,True,0.06480526924133301,0.06480526924133301,0.05371414880283681,0.05371414880283681,0.049720141850411896,False,False,16000,False,,False,0.0,cpu,patch_nearest_normal,last2,14,0.05,False,,,0.00015193810395430773,0.002,False,True
2026-08-13 00:08:41,grid,monitor,C:/cira_batch_test/grid/bad_16.png,bad_16.png,anomaly,True,0.05898262932896614,0.05898262932896614,0.05371414880283681,0.05371414880283681,0.049720141850411896,False,False,16000,False,,False,0.0,cpu,patch_nearest_normal,last2,14,0.05,False,,,0.0001374297571601346,0.002,False,True
2026-08-13 00:08:44,grid,monitor,C:/cira_batch_test/grid/bad_17.png,bad_17.png,normal,False,0.050092488527297974,0.050092488527297974,0.05371414880283681,0.05371414880283681,0.049720141850411896,False,False,16000,False,,False,0.0,cpu,patch_nearest_normal,last2,14,0.05,False,,,8.594471000833437e-05,0.002,False,True
2026-08-13 00:08:46,grid,monitor,C:/cira_batch_test/grid/bad_18.png,bad_18.png,anomaly,True,0.061239391565322876,0.061239391565322876,0.05371414880283681,0.05371414880283681,0.049720141850411896,False,False,16000,False,,False,0.0,cpu,patch_nearest_normal,last2,14,0.05,False,,,0.00015988759696483612,0.002,False,True
2026-08-13 00:08:48,grid,monitor,C:/cira_batch_test/grid/bad_19.png,bad_19.png,anomaly,True,0.11036308854818344,0.11036308854818344,0.05371414880283681,0.05371414880283681,0.049720141850411896,False,False,16000,False,,False,0.0,cpu,patch_nearest_normal,last2,14,0.05,False,,,0.00014066067524254322,0.002,False,True
2026-08-13 00:08:50,grid,monitor,C:/cira_batch_test/grid/bad_2.png,bad_2.png,anomaly,True,0.05593819543719292,0.05593819543719292,0.05371414880283681,0.05371414880283681,0.049720141850411896,False,False,16000,False,,False,0.0,cpu,patch_nearest_normal,last2,14,0.05,False,,,0.00018529251974541694,0.002,False,True
2026-08-13 00:08:52,grid,monitor,C:/cira_batch_test/grid/bad_20.png,bad_20.png,normal,False,0.05340724065899849,0.05340724065899849,0.05371414880283681,0.05371414880283681,0.049720141850411896,False,False,16000,False,,False,0.0,cpu,patch_nearest_normal,last2,14,0.05,False,,,0.00011320400517433882,0.002,False,True
2026-08-13 00:08:54,grid,monitor,C:/cira_batch_test/grid/bad_3.png,bad_3.png,anomaly,True,0.0653403252363205,0.0653403252363205,0.05371414880283681,0.05371414880283681,0.049720141850411896,False,False,16000,False,,False,0.0,cpu,patch_nearest_normal,last2,14,0.05,False,,,0.00012208300177007914,0.002,False,True
2026-08-13 00:08:57,grid,monitor,C:/cira_batch_test/grid/bad_4.png,bad_4.png,anomaly,True,0.09615743905305862,0.09615743905305862,0.05371414880283681,0.05371414880283681,0.049720141850411896,False,False,16000,False,,False,0.0,cpu,patch_nearest_normal,last2,14,0.05,False,,,0.000117056246381253,0.002,False,True
2026-08-13 00:08:59,grid,monitor,C:/cira_batch_test/grid/bad_5.png,bad_5.png,anomaly,True,0.06532973051071167,0.06532973051071167,0.05371414880283681,0.05371414880283681,0.049720141850411896,False,False,16000,False,,False,0.0,cpu,patch_nearest_normal,last2,14,0.05,False,,,0.00012666432303376496,0.002,False,True
2026-08-13 00:09:01,grid,monitor,C:/cira_batch_test/grid/bad_6.png,bad_6.png,normal,False,0.046355776488780975,3.039836826701503e-07,0.05371414880283681,0.05371414880283681,0.049720141850411896,False,True,16000,True,0.00012348665040917695,True,0.0026102550327777863,cpu,patch_nearest_normal,last2,14,0.05,False,,,0.0001119997032219544,0.002,True,True
2026-08-13 00:09:04,grid,monitor,C:/cira_batch_test/grid/bad_7.png,bad_7.png,anomaly,True,0.11609771102666855,0.11609771102666855,0.05371414880283681,0.05371414880283681,0.049720141850411896,False,False,16000,False,,False,0.0,cpu,patch_nearest_normal,last2,14,0.05,False,,,0.00011769052798626944,0.002,False,True
2026-08-13 00:09:06,grid,monitor,C:/cira_batch_test/grid/bad_8.png,bad_8.png,normal,False,0.04673006013035774,2.443790378947597e-07,0.05371414880283681,0.05371414880283681,0.049720141850411896,False,True,16000,True,0.0001650626363698393,True,0.002344881184399128,cpu,patch_nearest_normal,last2,14,0.05,False,,,0.00015192724822554737,0.002,True,True
2026-08-13 00:09:08,grid,monitor,C:/cira_batch_test/grid/bad_9.png,bad_9.png,anomaly,True,0.06458574533462524,0.06458574533462524,0.05371414880283681,0.05371414880283681,0.049720141850411896,False,False,16000,False,,False,0.0,cpu,patch_nearest_normal,last2,14,0.05,False,,,0.00012514580157585442,0.002,False,True
2026-08-13 00:09:11,grid,monitor,C:/cira_batch_test/grid/good_1.png,good_1.png,anomaly,True,0.058171868324279785,0.058171868324279785,0.05371414880283681,0.05371414880283681,0.049720141850411896,False,False,16000,False,,False,0.0,cpu,patch_nearest_normal,last2,14,0.05,False,,,0.0002034692734014243,0.002,False,True
2026-08-13 00:09:13,grid,monitor,C:/cira_batch_test/grid/good_10.png,good_10.png,normal,False,0.04540969058871269,2.980232238769531e-07,0.05371414880283681,0.05371414880283681,0.049720141850411896,False,True,16000,True,0.00014059108798392117,True,0.002233657753095031,cpu,patch_nearest_normal,last2,14,0.05,False,,,0.00012881752627436072,0.002,True,True
2026-08-13 00:09:16,grid,monitor,C:/cira_batch_test/grid/good_11.png,good_11.png,normal,False,0.04494844004511833,2.74181360282455e-07,0.05371414880283681,0.05371414880283681,0.049720141850411896,False,True,16000,True,0.00011884989362442866,True,0.002188126789405942,cpu,patch_nearest_normal,last2,14,0.05,False,,,0.0001111708625103347,0.002,True,True
2026-08-13 00:09:19,grid,monitor,C:/cira_batch_test/grid/good_12.png,good_12.png,normal,False,0.0392705574631691,3.159046286782541e-07,0.05371414880283681,0.05371414880283681,0.049720141850411896,False,True,16000,True,0.0001551955792820081,True,0.0022035976871848106,cpu,patch_nearest_normal,last2,14,0.05,False,,,0.00014600687427446246,0.002,True,True
2026-08-13 00:09:21,grid,monitor,C:/cira_batch_test/grid/good_13.png,good_13.png,normal,False,0.04283261299133301,3.635883274455409e-07,0.05371414880283681,0.05371414880283681,0.049720141850411896,False,True,16000,True,0.00011808223644038662,True,0.0021697685588151217,cpu,patch_nearest_normal,last2,14,0.05,False,,,0.00010640084656188264,0.002,True,True
2026-08-13 00:09:24,grid,monitor,C:/cira_batch_test/grid/good_14.png,good_14.png,normal,False,0.049477607011795044,2.980232238769531e-07,0.05371414880283681,0.05371414880283681,0.049720141850411896,False,True,16000,True,0.00016517237236257643,True,0.002135369461029768,cpu,patch_nearest_normal,last2,14,0.05,False,,,0.00015290135343093425,0.002,True,True
2026-08-13 00:09:27,grid,monitor,C:/cira_batch_test/grid/good_15.png,good_15.png,normal,False,0.037721723318099976,3.337860050578456e-07,0.05371414880283681,0.05371414880283681,0.049720141850411896,False,True,16000,True,0.00013652579218614846,True,0.0020655335392802954,cpu,patch_nearest_normal,last2,14,0.05,False,,,0.00012202370999148116,0.002,True,True
2026-08-13 00:09:29,grid,monitor,C:/cira_batch_test/grid/good_16.png,good_16.png,anomaly,True,0.055647801607847214,0.055647801607847214,0.05371414880283681,0.05371414880283681,0.049720141850411896,False,False,16000,False,,False,0.0,cpu,patch_nearest_normal,last2,14,0.05,False,,,0.00016519633936695755,0.002,False,True
2026-08-13 00:09:32,grid,monitor,C:/cira_batch_test/grid/good_17.png,good_17.png,normal,False,0.04517888277769089,3.099441414633475e-07,0.05371414880283681,0.05371414880283681,0.049720141850411896,False,True,16000,True,0.00019999213691335171,True,0.0020909032318741083,cpu,patch_nearest_normal,last2,14,0.05,True,C:\cira_ttl_checkpoints\grid\patch_memory_bank_update_10.pt,C:\cira_ttl_checkpoints\grid\patch_adapter_update_10.pt,0.00018823605205398053,0.002,True,True
2026-08-13 00:09:34,grid,monitor,C:/cira_batch_test/grid/good_18.png,good_18.png,anomaly,True,0.056092698127031326,0.056092698127031326,0.05371414880283681,0.05371414880283681,0.049720141850411896,False,False,16000,False,,False,0.0,cpu,patch_nearest_normal,last2,14,0.05,False,,,0.00012216686445754021,0.002,False,True
2026-08-13 00:09:36,grid,monitor,C:/cira_batch_test/grid/good_19.png,good_19.png,anomaly,True,0.06289859861135483,0.06289859861135483,0.05371414880283681,0.05371414880283681,0.049720141850411896,False,False,16000,False,,False,0.0,cpu,patch_nearest_normal,last2,14,0.05,False,,,0.00012355309445410967,0.002,False,True
2026-08-13 00:09:39,grid,monitor,C:/cira_batch_test/grid/good_2.png,good_2.png,normal,False,0.05257538706064224,0.05257538706064224,0.05371414880283681,0.05371414880283681,0.049720141850411896,False,False,16000,False,,False,0.0,cpu,patch_nearest_normal,last2,14,0.05,False,,,0.000180385701241903,0.002,False,True
2026-08-13 00:09:45,grid,monitor,C:/cira_batch_test/grid/good_20.png,good_20.png,normal,False,0.04695961996912956,3.814697322468419e-07,0.05371414880283681,0.05371414880283681,0.049720141850411896,False,True,16000,True,0.00014755973825231194,True,0.002076571574434638,cpu,patch_nearest_normal,last2,14,0.05,False,,,0.00013614945055451244,0.002,True,True
2026-08-13 00:09:47,grid,monitor,C:/cira_batch_test/grid/good_3.png,good_3.png,normal,False,0.048589445650577545,3.159046286782541e-07,0.05371414880283681,0.05371414880283681,0.049720141850411896,False,True,16000,True,0.0002155259862774983,True,0.0021108929067850113,cpu,patch_nearest_normal,last2,14,0.05,False,,,0.00021692975133191794,0.002,True,True
2026-08-13 00:09:50,grid,monitor,C:/cira_batch_test/grid/good_4.png,good_4.png,anomaly,True,0.05745537951588631,0.05745537951588631,0.05371414880283681,0.05371414880283681,0.049720141850411896,False,False,16000,False,,False,0.0,cpu,patch_nearest_normal,last2,14,0.05,False,,,0.00021224324882496148,0.002,False,True
2026-08-13 00:09:52,grid,monitor,C:/cira_batch_test/grid/good_5.png,good_5.png,anomaly,True,0.06423307210206985,0.06423307210206985,0.05371414880283681,0.05371414880283681,0.049720141850411896,False,False,16000,False,,False,0.0,cpu,patch_nearest_normal,last2,14,0.05,False,,,0.00012393131328281015,0.002,False,True
2026-08-13 00:09:54,grid,monitor,C:/cira_batch_test/grid/good_6.png,good_6.png,anomaly,True,0.06459532678127289,0.06459532678127289,0.05371414880283681,0.05371414880283681,0.049720141850411896,False,False,16000,False,,False,0.0,cpu,patch_nearest_normal,last2,14,0.05,False,,,0.00011045510473195463,0.002,False,True
2026-08-13 00:09:56,grid,monitor,C:/cira_batch_test/grid/good_7.png,good_7.png,anomaly,True,0.054416071623563766,0.054416071623563766,0.05371414880283681,0.05371414880283681,0.049720141850411896,False,False,16000,False,,False,0.0,cpu,patch_nearest_normal,last2,14,0.05,False,,,0.00011101739801233634,0.002,False,True
2026-08-13 00:09:59,grid,monitor,C:/cira_batch_test/grid/good_8.png,good_8.png,normal,False,0.04414498060941696,2.8610230629055877e-07,0.05371414880283681,0.05371414880283681,0.049720141850411896,False,True,16000,True,0.00011949763575103134,True,0.0020625395700335503,cpu,patch_nearest_normal,last2,14,0.05,False,,,0.0001138812949648127,0.002,True,True
2026-08-13 00:10:02,grid,monitor,C:/cira_batch_test/grid/good_9.png,good_9.png,normal,False,0.04508423060178757,2.682209014892578e-07,0.05371414880283681,0.05371414880283681,0.049720141850411896,False,True,16000,True,0.00012583076022565365,True,0.0020566678140312433,cpu,patch_nearest_normal,last2,14,0.05,False,,,0.00011340268247295171,0.002,True,True
2026-08-13 00:10:05,hazelnut,monitor,C:/cira_batch_test/hazelnut/bad_1.png,bad_1.png,anomaly,True,0.16086113452911377,0.16086113452911377,0.11622387224474043,0.11622387224474043,0.11267729848623276,False,False,16000,False,,False,0.0,cpu,patch_nearest_normal,last2,14,0.05,False,,,0.00014617897977586836,0.002,False,True
2026-08-13 00:10:09,hazelnut,monitor,C:/cira_batch_test/hazelnut/bad_10.png,bad_10.png,anomaly,True,0.24062328040599823,0.24062328040599823,0.11622387224474043,0.11622387224474043,0.11267729848623276,False,False,16000,False,,False,0.0,cpu,patch_nearest_normal,last2,14,0.05,False,,,0.00013116627815179527,0.002,False,True
2026-08-13 00:10:11,hazelnut,monitor,C:/cira_batch_test/hazelnut/bad_11.png,bad_11.png,anomaly,True,0.20693770051002502,0.20693770051002502,0.11622387224474043,0.11622387224474043,0.11267729848623276,False,False,16000,False,,False,0.0,cpu,patch_nearest_normal,last2,14,0.05,False,,,0.00015481124864891171,0.002,False,True
2026-08-13 00:10:13,hazelnut,monitor,C:/cira_batch_test/hazelnut/bad_12.png,bad_12.png,anomaly,True,0.1289863884449005,0.1289863884449005,0.11622387224474043,0.11622387224474043,0.11267729848623276,False,False,16000,False,,False,0.0,cpu,patch_nearest_normal,last2,14,0.05,False,,,0.0001480304927099496,0.002,False,True
2026-08-13 00:10:15,hazelnut,monitor,C:/cira_batch_test/hazelnut/bad_13.png,bad_13.png,anomaly,True,0.12652647495269775,0.12652647495269775,0.11622387224474043,0.11622387224474043,0.11267729848623276,False,False,16000,False,,False,0.0,cpu,patch_nearest_normal,last2,14,0.05,False,,,0.00012430308561306447,0.002,False,True
2026-08-13 00:10:17,hazelnut,monitor,C:/cira_batch_test/hazelnut/bad_14.png,bad_14.png,anomaly,True,0.20721229910850525,0.20721229910850525,0.11622387224474043,0.11622387224474043,0.11267729848623276,False,False,16000,False,,False,0.0,cpu,patch_nearest_normal,last2,14,0.05,False,,,0.00013482056965585798,0.002,False,True
2026-08-13 00:10:19,hazelnut,monitor,C:/cira_batch_test/hazelnut/bad_15.png,bad_15.png,anomaly,True,0.22609829902648926,0.22609829902648926,0.11622387224474043,0.11622387224474043,0.11267729848623276,False,False,16000,False,,False,0.0,cpu,patch_nearest_normal,last2,14,0.05,False,,,0.0001338576985290274,0.002,False,True
2026-08-13 00:10:22,hazelnut,monitor,C:/cira_batch_test/hazelnut/bad_16.png,bad_16.png,anomaly,True,0.2441060096025467,0.2441060096025467,0.11622387224474043,0.11622387224474043,0.11267729848623276,False,False,16000,False,,False,0.0,cpu,patch_nearest_normal,last2,14,0.05,False,,,0.0001290481595788151,0.002,False,True
2026-08-13 00:10:24,hazelnut,monitor,C:/cira_batch_test/hazelnut/bad_17.png,bad_17.png,anomaly,True,0.21741983294487,0.21741983294487,0.11622387224474043,0.11622387224474043,0.11267729848623276,False,False,16000,False,,False,0.0,cpu,patch_nearest_normal,last2,14,0.05,False,,,0.00014104465662967414,0.002,False,True
2026-08-13 00:10:26,hazelnut,monitor,C:/cira_batch_test/hazelnut/bad_18.png,bad_18.png,anomaly,True,0.2222953587770462,0.2222953587770462,0.11622387224474043,0.11622387224474043,0.11267729848623276,False,False,16000,False,,False,0.0,cpu,patch_nearest_normal,last2,14,0.05,False,,,0.00014819747593719512,0.002,False,True
2026-08-13 00:10:28,hazelnut,monitor,C:/cira_batch_test/hazelnut/bad_19.png,bad_19.png,anomaly,True,0.12652647495269775,0.12652647495269775,0.11622387224474043,0.11622387224474043,0.11267729848623276,False,False,16000,False,,False,0.0,cpu,patch_nearest_normal,last2,14,0.05,False,,,0.00013580163067672402,0.002,False,True
2026-08-13 00:10:31,hazelnut,monitor,C:/cira_batch_test/hazelnut/bad_2.png,bad_2.png,anomaly,True,0.1989687979221344,0.1989687979221344,0.11622387224474043,0.11622387224474043,0.11267729848623276,False,False,16000,False,,False,0.0,cpu,patch_nearest_normal,last2,14,0.05,False,,,0.00017043043044395745,0.002,False,True
2026-08-13 00:10:33,hazelnut,monitor,C:/cira_batch_test/hazelnut/bad_20.png,bad_20.png,anomaly,True,0.23149952292442322,0.23149952292442322,0.11622387224474043,0.11622387224474043,0.11267729848623276,False,False,16000,False,,False,0.0,cpu,patch_nearest_normal,last2,14,0.05,False,,,0.00013717352703679353,0.002,False,True
2026-08-13 00:10:35,hazelnut,monitor,C:/cira_batch_test/hazelnut/bad_3.png,bad_3.png,anomaly,True,0.21309860050678253,0.21309860050678253,0.11622387224474043,0.11622387224474043,0.11267729848623276,False,False,16000,False,,False,0.0,cpu,patch_nearest_normal,last2,14,0.05,False,,,0.0001588929007994011,0.002,False,True
2026-08-13 00:10:37,hazelnut,monitor,C:/cira_batch_test/hazelnut/bad_4.png,bad_4.png,anomaly,True,0.21018381416797638,0.21018381416797638,0.11622387224474043,0.11622387224474043,0.11267729848623276,False,False,16000,False,,False,0.0,cpu,patch_nearest_normal,last2,14,0.05,False,,,0.00013917183969169855,0.002,False,True
2026-08-13 00:10:40,hazelnut,monitor,C:/cira_batch_test/hazelnut/bad_5.png,bad_5.png,anomaly,True,0.1668674498796463,0.1668674498796463,0.11622387224474043,0.11622387224474043,0.11267729848623276,False,False,16000,False,,False,0.0,cpu,patch_nearest_normal,last2,14,0.05,False,,,0.00016169919399544597,0.002,False,True
2026-08-13 00:10:42,hazelnut,monitor,C:/cira_batch_test/hazelnut/bad_6.png,bad_6.png,anomaly,True,0.203285813331604,0.203285813331604,0.11622387224474043,0.11622387224474043,0.11267729848623276,False,False,16000,False,,False,0.0,cpu,patch_nearest_normal,last2,14,0.05,False,,,0.00013788716751150787,0.002,False,True
2026-08-13 00:10:45,hazelnut,monitor,C:/cira_batch_test/hazelnut/bad_7.png,bad_7.png,anomaly,True,0.20399579405784607,0.20399579405784607,0.11622387224474043,0.11622387224474043,0.11267729848623276,False,False,16000,False,,False,0.0,cpu,patch_nearest_normal,last2,14,0.05,False,,,0.00012615995365194976,0.002,False,True
2026-08-13 00:10:47,hazelnut,monitor,C:/cira_batch_test/hazelnut/bad_8.png,bad_8.png,anomaly,True,0.1674746572971344,0.1674746572971344,0.11622387224474043,0.11622387224474043,0.11267729848623276,False,False,16000,False,,False,0.0,cpu,patch_nearest_normal,last2,14,0.05,False,,,0.0001473970478400588,0.002,False,True
2026-08-13 00:10:49,hazelnut,monitor,C:/cira_batch_test/hazelnut/bad_9.png,bad_9.png,anomaly,True,0.15189433097839355,0.15189433097839355,0.11622387224474043,0.11622387224474043,0.11267729848623276,False,False,16000,False,,False,0.0,cpu,patch_nearest_normal,last2,14,0.05,False,,,0.00013873091666027904,0.002,False,True
2026-08-13 00:10:52,hazelnut,monitor,C:/cira_batch_test/hazelnut/good_1.png,good_1.png,normal,False,0.10071440041065216,2.8014181907565217e-07,0.11622387224474043,0.11622387224474043,0.11267729848623276,False,True,16000,True,0.00017423582903575152,True,0.0030109898652881384,cpu,patch_nearest_normal,last2,14,0.05,False,,,0.00015313446056097746,0.002,True,True
2026-08-13 00:10:55,hazelnut,monitor,C:/cira_batch_test/hazelnut/good_10.png,good_10.png,normal,False,0.10745447874069214,2.2649764730431343e-07,0.11622387224474043,0.11622387224474043,0.11267729848623276,False,True,16000,True,0.0001614908833289519,True,0.00263686990365386,cpu,patch_nearest_normal,last2,14,0.05,False,,,0.00016137496277224272,0.002,True,True
2026-08-13 00:10:57,hazelnut,monitor,C:/cira_batch_test/hazelnut/good_11.png,good_11.png,normal,False,0.09063372015953064,2.980232238769531e-07,0.11622387224474043,0.11622387224474043,0.11267729848623276,False,True,16000,True,0.00015958398580551147,True,0.0025337825063616037,cpu,patch_nearest_normal,last2,14,0.05,False,,,0.00014718782040290534,0.002,True,True
2026-08-13 00:11:00,hazelnut,monitor,C:/cira_batch_test/hazelnut/good_12.png,good_12.png,normal,False,0.09209845960140228,2.8014181907565217e-07,0.11622387224474043,0.11622387224474043,0.11267729848623276,False,True,16000,True,0.00016992134624160826,True,0.0025031305849552155,cpu,patch_nearest_normal,last2,14,0.05,False,,,0.0001596338552189991,0.002,True,True
2026-08-13 00:11:03,hazelnut,monitor,C:/cira_batch_test/hazelnut/good_13.png,good_13.png,normal,False,0.09464488923549652,2.6226044269606064e-07,0.11622387224474043,0.11622387224474043,0.11267729848623276,False,True,16000,True,0.00016564506222493947,True,0.0024887453764677048,cpu,patch_nearest_normal,last2,14,0.05,False,,,0.00013876915909349918,0.002,True,True
2026-08-13 00:11:06,hazelnut,monitor,C:/cira_batch_test/hazelnut/good_14.png,good_14.png,normal,False,0.09228566288948059,2.8014181907565217e-07,0.11622387224474043,0.11622387224474043,0.11267729848623276,False,True,16000,True,0.00015037352568469942,True,0.0024915828835219145,cpu,patch_nearest_normal,last2,14,0.05,False,,,0.0001308245409745723,0.002,True,True
2026-08-13 00:11:09,hazelnut,monitor,C:/cira_batch_test/hazelnut/good_15.png,good_15.png,normal,False,0.09788066893815994,2.5629998390286346e-07,0.11622387224474043,0.11622387224474043,0.11267729848623276,False,True,16000,True,0.0001577115908730775,True,0.0024790239986032248,cpu,patch_nearest_normal,last2,14,0.05,False,,,0.00015110650565475225,0.002,True,True
2026-08-13 00:11:11,hazelnut,monitor,C:/cira_batch_test/hazelnut/good_16.png,good_16.png,normal,False,0.09132984280586243,2.8610230629055877e-07,0.11622387224474043,0.11622387224474043,0.11267729848623276,False,True,16000,True,0.00015943165635690093,True,0.002460907446220517,cpu,patch_nearest_normal,last2,14,0.05,False,,,0.00014070112956687808,0.002,True,True
2026-08-13 00:11:13,hazelnut,monitor,C:/cira_batch_test/hazelnut/good_17.png,good_17.png,normal,False,0.11450568586587906,0.11450568586587906,0.11622387224474043,0.11622387224474043,0.11267729848623276,False,False,16000,False,,False,0.0,cpu,patch_nearest_normal,last2,14,0.05,False,,,0.0001632859348319471,0.002,False,True
2026-08-13 00:11:16,hazelnut,monitor,C:/cira_batch_test/hazelnut/good_18.png,good_18.png,normal,False,0.09721033275127411,2.5033949668795685e-07,0.11622387224474043,0.11622387224474043,0.11267729848623276,False,True,16000,True,0.0001739990257192403,True,0.002450039843097329,cpu,patch_nearest_normal,last2,14,0.05,False,,,0.00014865169941913337,0.002,True,True
2026-08-13 00:11:19,hazelnut,monitor,C:/cira_batch_test/hazelnut/good_19.png,good_19.png,normal,False,0.10419535636901855,3.039836826701503e-07,0.11622387224474043,0.11622387224474043,0.11267729848623276,False,True,16000,True,0.00014616160478908569,True,0.002442436059936881,cpu,patch_nearest_normal,last2,14,0.05,True,C:\cira_ttl_checkpoints\hazelnut\patch_memory_bank_update_10.pt,C:\cira_ttl_checkpoints\hazelnut\patch_adapter_update_10.pt,0.00012902895105071366,0.002,True,True
2026-08-13 00:11:21,hazelnut,monitor,C:/cira_batch_test/hazelnut/good_2.png,good_2.png,normal,False,0.1050284132361412,2.5629998390286346e-07,0.11622387224474043,0.11622387224474043,0.11267729848623276,False,True,16000,True,0.0001649977348279208,True,0.002426852472126484,cpu,patch_nearest_normal,last2,14,0.05,False,,,0.00015843597066123039,0.002,True,True
2026-08-13 00:11:24,hazelnut,monitor,C:/cira_batch_test/hazelnut/good_20.png,good_20.png,normal,False,0.10051220655441284,3.2782554626464844e-07,0.11622387224474043,0.11622387224474043,0.11267729848623276,False,True,16000,True,0.0001670504716457799,True,0.0024230906274169683,cpu,patch_nearest_normal,last2,14,0.05,False,,,0.0001534971670480445,0.002,True,True
2026-08-13 00:11:26,hazelnut,monitor,C:/cira_batch_test/hazelnut/good_3.png,good_3.png,normal,False,0.10733316838741302,2.74181360282455e-07,0.11622387224474043,0.11622387224474043,0.11267729848623276,False,True,16000,True,0.0001616803783690557,True,0.0024266124237328768,cpu,patch_nearest_normal,last2,14,0.05,False,,,0.00013946318358648568,0.002,True,True
2026-08-13 00:11:29,hazelnut,monitor,C:/cira_batch_test/hazelnut/good_4.png,good_4.png,normal,False,0.08858908712863922,2.384185791015625e-07,0.11622387224474043,0.11622387224474043,0.11267729848623276,False,True,16000,True,0.00017736590234562755,True,0.0024335032794624567,cpu,patch_nearest_normal,last2,14,0.05,False,,,0.00016503290680702776,0.002,True,True
2026-08-13 00:11:32,hazelnut,monitor,C:/cira_batch_test/hazelnut/good_5.png,good_5.png,normal,False,0.08150164783000946,2.74181360282455e-07,0.11622387224474043,0.11622387224474043,0.11267729848623276,False,True,16000,True,0.00016409360978286713,True,0.0024384830612689257,cpu,patch_nearest_normal,last2,14,0.05,False,,,0.0001476191682741046,0.002,True,True
2026-08-13 00:11:34,hazelnut,monitor,C:/cira_batch_test/hazelnut/good_6.png,good_6.png,anomaly,True,0.11921503394842148,0.11921503394842148,0.11622387224474043,0.11622387224474043,0.11267729848623276,False,False,16000,False,,False,0.0,cpu,patch_nearest_normal,last2,14,0.05,False,,,0.00012590429105330259,0.002,False,True
2026-08-13 00:11:36,hazelnut,monitor,C:/cira_batch_test/hazelnut/good_7.png,good_7.png,normal,False,0.0978766456246376,2.5629998390286346e-07,0.11622387224474043,0.11622387224474043,0.11267729848623276,False,True,16000,True,0.0001482088991906494,True,0.002422382589429617,cpu,patch_nearest_normal,last2,14,0.05,False,,,0.0001342190953437239,0.002,True,True
2026-08-13 00:11:39,hazelnut,monitor,C:/cira_batch_test/hazelnut/good_8.png,good_8.png,normal,False,0.10574382543563843,2.980232238769531e-07,0.11622387224474043,0.11622387224474043,0.11267729848623276,False,True,16000,True,0.00015807933232281357,True,0.002419960219413042,cpu,patch_nearest_normal,last2,14,0.05,False,,,0.00014615147665608674,0.002,True,True
2026-08-13 00:11:41,hazelnut,monitor,C:/cira_batch_test/hazelnut/good_9.png,good_9.png,normal,False,0.09833308309316635,2.74181360282455e-07,0.11622387224474043,0.11622387224474043,0.11267729848623276,False,True,16000,True,0.00016383585170842707,True,0.0024290469009429216,cpu,patch_nearest_normal,last2,14,0.05,False,,,0.00015119706222321838,0.002,True,True
2026-08-13 00:11:44,leather,monitor,C:/cira_batch_test/leather/bad_1.png,bad_1.png,anomaly,True,0.051475733518600464,0.051475733518600464,0.034171744241873594,0.034171744241873594,0.031012375839054588,False,False,16000,False,,False,0.0,cpu,patch_nearest_normal,last2,14,0.05,False,,,0.0001464352972107008,0.002,False,True
2026-08-13 00:11:46,leather,monitor,C:/cira_batch_test/leather/bad_10.png,bad_10.png,anomaly,True,0.0820942223072052,0.0820942223072052,0.034171744241873594,0.034171744241873594,0.031012375839054588,False,False,16000,False,,False,0.0,cpu,patch_nearest_normal,last2,14,0.05,False,,,0.00012134047574363649,0.002,False,True
2026-08-13 00:11:48,leather,monitor,C:/cira_batch_test/leather/bad_11.png,bad_11.png,anomaly,True,0.387601375579834,0.387601375579834,0.034171744241873594,0.034171744241873594,0.031012375839054588,False,False,16000,False,,False,0.0,cpu,patch_nearest_normal,last2,14,0.05,False,,,0.00017219051369465888,0.002,False,True
2026-08-13 00:11:51,leather,monitor,C:/cira_batch_test/leather/bad_12.png,bad_12.png,anomaly,True,0.37309738993644714,0.37309738993644714,0.034171744241873594,0.034171744241873594,0.031012375839054588,False,False,16000,False,,False,0.0,cpu,patch_nearest_normal,last2,14,0.05,False,,,0.00012277934001758695,0.002,False,True
2026-08-13 00:11:53,leather,monitor,C:/cira_batch_test/leather/bad_13.png,bad_13.png,anomaly,True,0.0342017225921154,0.0342017225921154,0.034171744241873594,0.034171744241873594,0.031012375839054588,False,False,16000,False,,False,0.0,cpu,patch_nearest_normal,last2,14,0.05,False,,,0.0001345647033303976,0.002,False,True
2026-08-13 00:11:55,leather,monitor,C:/cira_batch_test/leather/bad_14.png,bad_14.png,anomaly,True,0.3577588200569153,0.3577588200569153,0.034171744241873594,0.034171744241873594,0.031012375839054588,False,False,16000,False,,False,0.0,cpu,patch_nearest_normal,last2,14,0.05,False,,,0.00011248533701291308,0.002,False,True
2026-08-13 00:11:57,leather,monitor,C:/cira_batch_test/leather/bad_15.png,bad_15.png,anomaly,True,0.13468047976493835,0.13468047976493835,0.034171744241873594,0.034171744241873594,0.031012375839054588,False,False,16000,False,,False,0.0,cpu,patch_nearest_normal,last2,14,0.05,False,,,0.0001383549824822694,0.002,False,True
2026-08-13 00:11:59,leather,monitor,C:/cira_batch_test/leather/bad_16.png,bad_16.png,anomaly,True,0.041029274463653564,0.041029274463653564,0.034171744241873594,0.034171744241873594,0.031012375839054588,False,False,16000,False,,False,0.0,cpu,patch_nearest_normal,last2,14,0.05,False,,,0.00012588435492943972,0.002,False,True
2026-08-13 00:12:02,leather,monitor,C:/cira_batch_test/leather/bad_17.png,bad_17.png,anomaly,True,0.24229192733764648,0.24229192733764648,0.034171744241873594,0.034171744241873594,0.031012375839054588,False,False,16000,False,,False,0.0,cpu,patch_nearest_normal,last2,14,0.05,False,,,0.00018433966033626348,0.002,False,True
2026-08-13 00:12:04,leather,monitor,C:/cira_batch_test/leather/bad_18.png,bad_18.png,anomaly,True,0.03640037775039673,0.03640037775039673,0.034171744241873594,0.034171744241873594,0.031012375839054588,False,False,16000,False,,False,0.0,cpu,patch_nearest_normal,last2,14,0.05,False,,,0.00011202717723790556,0.002,False,True
2026-08-13 00:12:06,leather,monitor,C:/cira_batch_test/leather/bad_19.png,bad_19.png,normal,False,0.03212640434503555,0.03212640434503555,0.034171744241873594,0.034171744241873594,0.031012375839054588,False,False,16000,False,,False,0.0,cpu,patch_nearest_normal,last2,14,0.05,False,,,0.00017970979388337582,0.002,False,True
2026-08-13 00:12:08,leather,monitor,C:/cira_batch_test/leather/bad_2.png,bad_2.png,anomaly,True,0.26926204562187195,0.26926204562187195,0.034171744241873594,0.034171744241873594,0.031012375839054588,False,False,16000,False,,False,0.0,cpu,patch_nearest_normal,last2,14,0.05,False,,,0.00011317577445879579,0.002,False,True
2026-08-13 00:12:10,leather,monitor,C:/cira_batch_test/leather/bad_20.png,bad_20.png,anomaly,True,0.10156619548797607,0.10156619548797607,0.034171744241873594,0.034171744241873594,0.031012375839054588,False,False,16000,False,,False,0.0,cpu,patch_nearest_normal,last2,14,0.05,False,,,0.0001727047492749989,0.002,False,True
2026-08-13 00:12:12,leather,monitor,C:/cira_batch_test/leather/bad_3.png,bad_3.png,anomaly,True,0.375313937664032,0.375313937664032,0.034171744241873594,0.034171744241873594,0.031012375839054588,False,False,16000,False,,False,0.0,cpu,patch_nearest_normal,last2,14,0.05,False,,,0.00016775107360444963,0.002,False,True
2026-08-13 00:12:14,leather,monitor,C:/cira_batch_test/leather/bad_4.png,bad_4.png,anomaly,True,0.07355661690235138,0.07355661690235138,0.034171744241873594,0.034171744241873594,0.031012375839054588,False,False,16000,False,,False,0.0,cpu,patch_nearest_normal,last2,14,0.05,False,,,0.00015055252879392356,0.002,False,True
2026-08-13 00:12:17,leather,monitor,C:/cira_batch_test/leather/bad_5.png,bad_5.png,anomaly,True,0.04449773579835892,0.04449773579835892,0.034171744241873594,0.034171744241873594,0.031012375839054588,False,False,16000,False,,False,0.0,cpu,patch_nearest_normal,last2,14,0.05,False,,,0.00013584468979388475,0.002,False,True
2026-08-13 00:12:19,leather,monitor,C:/cira_batch_test/leather/bad_6.png,bad_6.png,anomaly,True,0.03703952953219414,0.03703952953219414,0.034171744241873594,0.034171744241873594,0.031012375839054588,False,False,16000,False,,False,0.0,cpu,patch_nearest_normal,last2,14,0.05,False,,,0.00012608566612470895,0.002,False,True
2026-08-13 00:12:21,leather,monitor,C:/cira_batch_test/leather/bad_7.png,bad_7.png,anomaly,True,0.18991155922412872,0.18991155922412872,0.034171744241873594,0.034171744241873594,0.031012375839054588,False,False,16000,False,,False,0.0,cpu,patch_nearest_normal,last2,14,0.05,False,,,0.00013625327846966684,0.002,False,True
2026-08-13 00:12:23,leather,monitor,C:/cira_batch_test/leather/bad_8.png,bad_8.png,anomaly,True,0.04029615595936775,0.04029615595936775,0.034171744241873594,0.034171744241873594,0.031012375839054588,False,False,16000,False,,False,0.0,cpu,patch_nearest_normal,last2,14,0.05,False,,,0.00017088832100853324,0.002,False,True
2026-08-13 00:12:25,leather,monitor,C:/cira_batch_test/leather/bad_9.png,bad_9.png,anomaly,True,0.03599574416875839,0.03599574416875839,0.034171744241873594,0.034171744241873594,0.031012375839054588,False,False,16000,False,,False,0.0,cpu,patch_nearest_normal,last2,14,0.05,False,,,0.00013007466623093933,0.002,False,True
2026-08-13 00:12:27,leather,monitor,C:/cira_batch_test/leather/good_1.png,good_1.png,anomaly,True,0.035275984555482864,0.035275984555482864,0.034171744241873594,0.034171744241873594,0.031012375839054588,False,False,16000,False,,False,0.0,cpu,patch_nearest_normal,last2,14,0.05,False,,,0.00011745193478418514,0.002,False,True
2026-08-13 00:12:30,leather,monitor,C:/cira_batch_test/leather/good_10.png,good_10.png,anomaly,True,0.034913837909698486,0.034913837909698486,0.034171744241873594,0.034171744241873594,0.031012375839054588,False,False,16000,False,,False,0.0,cpu,patch_nearest_normal,last2,14,0.05,False,,,0.00012539044837467372,0.002,False,True
2026-08-13 00:12:32,leather,monitor,C:/cira_batch_test/leather/good_11.png,good_11.png,anomaly,True,0.04056365415453911,0.04056365415453911,0.034171744241873594,0.034171744241873594,0.031012375839054588,False,False,16000,False,,False,0.0,cpu,patch_nearest_normal,last2,14,0.05,False,,,0.00010799440497066826,0.002,False,True
2026-08-13 00:12:34,leather,monitor,C:/cira_batch_test/leather/good_12.png,good_12.png,anomaly,True,0.04197729751467705,0.04197729751467705,0.034171744241873594,0.034171744241873594,0.031012375839054588,False,False,16000,False,,False,0.0,cpu,patch_nearest_normal,last2,14,0.05,False,,,0.0001077278284355998,0.002,False,True
2026-08-13 00:12:36,leather,monitor,C:/cira_batch_test/leather/good_13.png,good_13.png,anomaly,True,0.04109293967485428,0.04109293967485428,0.034171744241873594,0.034171744241873594,0.031012375839054588,False,False,16000,False,,False,0.0,cpu,patch_nearest_normal,last2,14,0.05,False,,,0.00012510035594459623,0.002,False,True
2026-08-13 00:12:38,leather,monitor,C:/cira_batch_test/leather/good_14.png,good_14.png,anomaly,True,0.04789183288812637,0.04789183288812637,0.034171744241873594,0.034171744241873594,0.031012375839054588,False,False,16000,False,,False,0.0,cpu,patch_nearest_normal,last2,14,0.05,False,,,0.00011417521454859525,0.002,False,True
2026-08-13 00:12:41,leather,monitor,C:/cira_batch_test/leather/good_15.png,good_15.png,normal,False,0.027622688561677933,2.8014181907565217e-07,0.034171744241873594,0.034171744241873594,0.031012375839054588,False,True,16000,True,0.00016817919095046818,True,0.0030223203357309103,cpu,patch_nearest_normal,last2,14,0.05,False,,,0.00016232795314863324,0.002,True,True
2026-08-13 00:12:43,leather,monitor,C:/cira_batch_test/leather/good_16.png,good_16.png,normal,False,0.03323453664779663,0.03323453664779663,0.034171744241873594,0.034171744241873594,0.031012375839054588,False,False,16000,False,,False,0.0,cpu,patch_nearest_normal,last2,14,0.05,False,,,0.00014774251030758023,0.002,False,True
2026-08-13 00:12:46,leather,monitor,C:/cira_batch_test/leather/good_17.png,good_17.png,normal,False,0.029497575014829636,3.099441414633475e-07,0.034171744241873594,0.034171744241873594,0.031012375839054588,False,True,16000,True,0.00014164687308948487,True,0.0028701513074338436,cpu,patch_nearest_normal,last2,14,0.05,False,,,0.00014294043648988008,0.002,True,True
2026-08-13 00:12:48,leather,monitor,C:/cira_batch_test/leather/good_18.png,good_18.png,normal,False,0.02935393527150154,3.755092734536447e-07,0.034171744241873594,0.034171744241873594,0.031012375839054588,False,True,16000,True,0.00013485063391271979,True,0.0028042008634656668,cpu,patch_nearest_normal,last2,14,0.05,False,,,0.00012972683180123568,0.002,True,True
2026-08-13 00:12:51,leather,monitor,C:/cira_batch_test/leather/good_19.png,good_19.png,normal,False,0.02542617917060852,2.74181360282455e-07,0.034171744241873594,0.034171744241873594,0.031012375839054588,False,True,16000,True,0.00014527032908517867,True,0.0028067021630704403,cpu,patch_nearest_normal,last2,14,0.05,False,,,0.0001411846315022558,0.002,True,True
2026-08-13 00:12:54,leather,monitor,C:/cira_batch_test/leather/good_2.png,good_2.png,normal,False,0.0294194333255291,2.6226044269606064e-07,0.034171744241873594,0.034171744241873594,0.031012375839054588,False,True,16000,True,0.00011891000758623704,True,0.002726757200434804,cpu,patch_nearest_normal,last2,14,0.05,False,,,0.00011234125850023702,0.002,True,True
2026-08-13 00:12:56,leather,monitor,C:/cira_batch_test/leather/good_20.png,good_20.png,normal,False,0.029279446229338646,2.9206276508375595e-07,0.034171744241873594,0.034171744241873594,0.031012375839054588,False,True,16000,True,0.00013464290532283485,True,0.002734896494075656,cpu,patch_nearest_normal,last2,14,0.05,False,,,0.00013637141091749072,0.002,True,True
2026-08-13 00:12:58,leather,monitor,C:/cira_batch_test/leather/good_3.png,good_3.png,normal,False,0.03218614310026169,0.03218614310026169,0.034171744241873594,0.034171744241873594,0.031012375839054588,False,False,16000,False,,False,0.0,cpu,patch_nearest_normal,last2,14,0.05,False,,,0.00013631369802169502,0.002,False,True
2026-08-13 00:13:00,leather,monitor,C:/cira_batch_test/leather/good_4.png,good_4.png,normal,False,0.03359338641166687,0.03359338641166687,0.034171744241873594,0.034171744241873594,0.031012375839054588,False,False,16000,False,,False,0.0,cpu,patch_nearest_normal,last2,14,0.05,False,,,0.00011085812002420425,0.002,False,True
2026-08-13 00:13:02,leather,monitor,C:/cira_batch_test/leather/good_5.png,good_5.png,normal,False,0.031939733773469925,0.031939733773469925,0.034171744241873594,0.034171744241873594,0.031012375839054588,False,False,16000,False,,False,0.0,cpu,patch_nearest_normal,last2,14,0.05,False,,,0.00011355593596817926,0.002,False,True
2026-08-13 00:13:05,leather,monitor,C:/cira_batch_test/leather/good_6.png,good_6.png,normal,False,0.032798271626234055,0.032798271626234055,0.034171744241873594,0.034171744241873594,0.031012375839054588,False,False,16000,False,,False,0.0,cpu,patch_nearest_normal,last2,14,0.05,False,,,0.00014002571697346866,0.002,False,True
2026-08-13 00:13:07,leather,monitor,C:/cira_batch_test/leather/good_7.png,good_7.png,normal,False,0.03317410498857498,0.03317410498857498,0.034171744241873594,0.034171744241873594,0.031012375839054588,False,False,16000,False,,False,0.0,cpu,patch_nearest_normal,last2,14,0.05,False,,,0.00012185356172267348,0.002,False,True
2026-08-13 00:13:09,leather,monitor,C:/cira_batch_test/leather/good_8.png,good_8.png,normal,False,0.03132293373346329,0.03132293373346329,0.034171744241873594,0.034171744241873594,0.031012375839054588,False,False,16000,False,,False,0.0,cpu,patch_nearest_normal,last2,14,0.05,False,,,0.00011450413148850203,0.002,False,True
2026-08-13 00:13:12,leather,monitor,C:/cira_batch_test/leather/good_9.png,good_9.png,normal,False,0.030236225575208664,3.695487862387381e-07,0.034171744241873594,0.034171744241873594,0.031012375839054588,False,True,16000,True,0.00014150424976833165,True,0.002716840710490942,cpu,patch_nearest_normal,last2,14,0.05,False,,,0.00012684294779319316,0.002,True,True
2026-08-13 00:13:14,metal_nut,monitor,C:/cira_batch_test/metal_nut/bad_1.png,bad_1.png,anomaly,True,0.120308056473732,0.120308056473732,0.07371337477372687,0.07371337477372687,0.07148411981761456,False,False,16000,False,,False,0.0,cpu,patch_nearest_normal,last2,14,0.05,False,,,0.00010660989937605336,0.002,False,True
2026-08-13 00:13:17,metal_nut,monitor,C:/cira_batch_test/metal_nut/bad_10.png,bad_10.png,anomaly,True,0.11286713927984238,0.11286713927984238,0.07371337477372687,0.07371337477372687,0.07148411981761456,False,False,16000,False,,False,0.0,cpu,patch_nearest_normal,last2,14,0.05,False,,,0.00010830089740920812,0.002,False,True
2026-08-13 00:13:19,metal_nut,monitor,C:/cira_batch_test/metal_nut/bad_11.png,bad_11.png,anomaly,True,0.16214802861213684,0.16214802861213684,0.07371337477372687,0.07371337477372687,0.07148411981761456,False,False,16000,False,,False,0.0,cpu,patch_nearest_normal,last2,14,0.05,False,,,0.00013477305765263736,0.002,False,True
2026-08-13 00:13:21,metal_nut,monitor,C:/cira_batch_test/metal_nut/bad_12.png,bad_12.png,anomaly,True,0.11977102607488632,0.11977102607488632,0.07371337477372687,0.07371337477372687,0.07148411981761456,False,False,16000,False,,False,0.0,cpu,patch_nearest_normal,last2,14,0.05,False,,,9.73160786088556e-05,0.002,False,True
2026-08-13 00:13:23,metal_nut,monitor,C:/cira_batch_test/metal_nut/bad_13.png,bad_13.png,anomaly,True,0.18745455145835876,0.18745455145835876,0.07371337477372687,0.07371337477372687,0.07148411981761456,False,False,16000,False,,False,0.0,cpu,patch_nearest_normal,last2,14,0.05,False,,,9.593740105628967e-05,0.002,False,True
2026-08-13 00:13:25,metal_nut,monitor,C:/cira_batch_test/metal_nut/bad_14.png,bad_14.png,anomaly,True,0.1635027825832367,0.1635027825832367,0.07371337477372687,0.07371337477372687,0.07148411981761456,False,False,16000,False,,False,0.0,cpu,patch_nearest_normal,last2,14,0.05,False,,,9.895925904856995e-05,0.002,False,True
2026-08-13 00:13:27,metal_nut,monitor,C:/cira_batch_test/metal_nut/bad_15.png,bad_15.png,anomaly,True,0.16574899852275848,0.16574899852275848,0.07371337477372687,0.07371337477372687,0.07148411981761456,False,False,16000,False,,False,0.0,cpu,patch_nearest_normal,last2,14,0.05,False,,,0.00012198351032566279,0.002,False,True
2026-08-13 00:13:29,metal_nut,monitor,C:/cira_batch_test/metal_nut/bad_16.png,bad_16.png,anomaly,True,0.18683616816997528,0.18683616816997528,0.07371337477372687,0.07371337477372687,0.07148411981761456,False,False,16000,False,,False,0.0,cpu,patch_nearest_normal,last2,14,0.05,False,,,0.00011830587027361616,0.002,False,True
2026-08-13 00:13:31,metal_nut,monitor,C:/cira_batch_test/metal_nut/bad_17.png,bad_17.png,anomaly,True,0.15556561946868896,0.15556561946868896,0.07371337477372687,0.07371337477372687,0.07148411981761456,False,False,16000,False,,False,0.0,cpu,patch_nearest_normal,last2,14,0.05,False,,,0.00011211768287466839,0.002,False,True
2026-08-13 00:13:33,metal_nut,monitor,C:/cira_batch_test/metal_nut/bad_18.png,bad_18.png,anomaly,True,0.12510395050048828,0.12510395050048828,0.07371337477372687,0.07371337477372687,0.07148411981761456,False,False,16000,False,,False,0.0,cpu,patch_nearest_normal,last2,14,0.05,False,,,0.00010089089482789859,0.002,False,True
2026-08-13 00:13:35,metal_nut,monitor,C:/cira_batch_test/metal_nut/bad_19.png,bad_19.png,anomaly,True,0.15874633193016052,0.15874633193016052,0.07371337477372687,0.07371337477372687,0.07148411981761456,False,False,16000,False,,False,0.0,cpu,patch_nearest_normal,last2,14,0.05,False,,,0.0001297426497330889,0.002,False,True
2026-08-13 00:13:37,metal_nut,monitor,C:/cira_batch_test/metal_nut/bad_2.png,bad_2.png,anomaly,True,0.078916534781456,0.078916534781456,0.07371337477372687,0.07371337477372687,0.07148411981761456,False,False,16000,False,,False,0.0,cpu,patch_nearest_normal,last2,14,0.05,False,,,0.00010693084914237261,0.002,False,True
2026-08-13 00:13:39,metal_nut,monitor,C:/cira_batch_test/metal_nut/bad_20.png,bad_20.png,anomaly,True,0.1626330316066742,0.1626330316066742,0.07371337477372687,0.07371337477372687,0.07148411981761456,False,False,16000,False,,False,0.0,cpu,patch_nearest_normal,last2,14,0.05,False,,,0.00010504728561500087,0.002,False,True
2026-08-13 00:13:41,metal_nut,monitor,C:/cira_batch_test/metal_nut/bad_3.png,bad_3.png,anomaly,True,0.14994709193706512,0.14994709193706512,0.07371337477372687,0.07371337477372687,0.07148411981761456,False,False,16000,False,,False,0.0,cpu,patch_nearest_normal,last2,14,0.05,False,,,0.00010390038369223475,0.002,False,True
2026-08-13 00:13:43,metal_nut,monitor,C:/cira_batch_test/metal_nut/bad_4.png,bad_4.png,anomaly,True,0.20023484528064728,0.20023484528064728,0.07371337477372687,0.07371337477372687,0.07148411981761456,False,False,16000,False,,False,0.0,cpu,patch_nearest_normal,last2,14,0.05,False,,,0.00010877860768232495,0.002,False,True
2026-08-13 00:13:45,metal_nut,monitor,C:/cira_batch_test/metal_nut/bad_5.png,bad_5.png,anomaly,True,0.1522161066532135,0.1522161066532135,0.07371337477372687,0.07371337477372687,0.07148411981761456,False,False,16000,False,,False,0.0,cpu,patch_nearest_normal,last2,14,0.05,False,,,0.00010895839659497142,0.002,False,True
2026-08-13 00:13:47,metal_nut,monitor,C:/cira_batch_test/metal_nut/bad_6.png,bad_6.png,anomaly,True,0.15751172602176666,0.15751172602176666,0.07371337477372687,0.07371337477372687,0.07148411981761456,False,False,16000,False,,False,0.0,cpu,patch_nearest_normal,last2,14,0.05,False,,,0.00012896924454253167,0.002,False,True
2026-08-13 00:13:50,metal_nut,monitor,C:/cira_batch_test/metal_nut/bad_7.png,bad_7.png,anomaly,True,0.1473463475704193,0.1473463475704193,0.07371337477372687,0.07371337477372687,0.07148411981761456,False,False,16000,False,,False,0.0,cpu,patch_nearest_normal,last2,14,0.05,False,,,0.00011532493226695806,0.002,False,True
2026-08-13 00:13:51,metal_nut,monitor,C:/cira_batch_test/metal_nut/bad_8.png,bad_8.png,anomaly,True,0.16784417629241943,0.16784417629241943,0.07371337477372687,0.07371337477372687,0.07148411981761456,False,False,16000,False,,False,0.0,cpu,patch_nearest_normal,last2,14,0.05,False,,,0.00012668473937083036,0.002,False,True
2026-08-13 00:13:53,metal_nut,monitor,C:/cira_batch_test/metal_nut/bad_9.png,bad_9.png,anomaly,True,0.15985605120658875,0.15985605120658875,0.07371337477372687,0.07371337477372687,0.07148411981761456,False,False,16000,False,,False,0.0,cpu,patch_nearest_normal,last2,14,0.05,False,,,0.00010421078332001343,0.002,False,True
2026-08-13 00:13:56,metal_nut,monitor,C:/cira_batch_test/metal_nut/good_1.png,good_1.png,normal,False,0.05869795009493828,3.2186508747145126e-07,0.07371337477372687,0.07371337477372687,0.07148411981761456,False,True,16000,True,0.00010032429418060929,True,0.0029909806326031685,cpu,patch_nearest_normal,last2,14,0.05,False,,,8.925933070713654e-05,0.002,True,True
2026-08-13 00:13:58,metal_nut,monitor,C:/cira_batch_test/metal_nut/good_10.png,good_10.png,anomaly,True,0.0740792378783226,0.0740792378783226,0.07371337477372687,0.07371337477372687,0.07148411981761456,False,False,16000,False,,False,0.0,cpu,patch_nearest_normal,last2,14,0.05,False,,,8.294633153127506e-05,0.002,False,True
2026-08-13 00:14:00,metal_nut,monitor,C:/cira_batch_test/metal_nut/good_11.png,good_11.png,anomaly,True,0.07571856677532196,0.07571856677532196,0.07371337477372687,0.07371337477372687,0.07148411981761456,False,False,16000,False,,False,0.0,cpu,patch_nearest_normal,last2,14,0.05,False,,,9.452215454075485e-05,0.002,False,True
2026-08-13 00:14:02,metal_nut,monitor,C:/cira_batch_test/metal_nut/good_12.png,good_12.png,normal,False,0.07002657651901245,3.337860050578456e-07,0.07371337477372687,0.07371337477372687,0.07148411981761456,False,True,16000,True,0.00011388307029847056,True,0.0026806271634995937,cpu,patch_nearest_normal,last2,14,0.05,False,,,9.225233225151896e-05,0.002,True,True
2026-08-13 00:14:04,metal_nut,monitor,C:/cira_batch_test/metal_nut/good_13.png,good_13.png,normal,False,0.06872841715812683,2.8610230629055877e-07,0.07371337477372687,0.07371337477372687,0.07148411981761456,False,True,16000,True,0.00010096953337779269,True,0.0025706044398248196,cpu,patch_nearest_normal,last2,14,0.05,False,,,8.827661076793447e-05,0.002,True,True
2026-08-13 00:14:07,metal_nut,monitor,C:/cira_batch_test/metal_nut/good_14.png,good_14.png,normal,False,0.07099246978759766,2.74181360282455e-07,0.07371337477372687,0.07371337477372687,0.07148411981761456,False,True,16000,True,0.00010251539788441733,True,0.002515459666028619,cpu,patch_nearest_normal,last2,14,0.05,False,,,8.62368760863319e-05,0.002,True,True
2026-08-13 00:14:09,metal_nut,monitor,C:/cira_batch_test/metal_nut/good_15.png,good_15.png,normal,False,0.05251360684633255,3.099441414633475e-07,0.07371337477372687,0.07371337477372687,0.07148411981761456,False,True,16000,True,0.00010554689652053639,True,0.0025102216750383377,cpu,patch_nearest_normal,last2,14,0.05,False,,,9.102682815864682e-05,0.002,True,True
2026-08-13 00:14:12,metal_nut,monitor,C:/cira_batch_test/metal_nut/good_16.png,good_16.png,normal,False,0.07136078178882599,3.039836826701503e-07,0.07371337477372687,0.07371337477372687,0.07148411981761456,False,True,16000,True,0.00010281421418767422,True,0.002494736108928919,cpu,patch_nearest_normal,last2,14,0.05,False,,,8.852047903928906e-05,0.002,True,True
2026-08-13 00:14:14,metal_nut,monitor,C:/cira_batch_test/metal_nut/good_17.png,good_17.png,anomaly,True,0.08646051585674286,0.08646051585674286,0.07371337477372687,0.07371337477372687,0.07148411981761456,False,False,16000,False,,False,0.0,cpu,patch_nearest_normal,last2,14,0.05,False,,,9.776697697816417e-05,0.002,False,True
2026-08-13 00:14:16,metal_nut,monitor,C:/cira_batch_test/metal_nut/good_18.png,good_18.png,normal,False,0.06114410609006882,2.8014181907565217e-07,0.07371337477372687,0.07371337477372687,0.07148411981761456,False,True,16000,True,0.00011932603956665844,True,0.0025102472864091396,cpu,patch_nearest_normal,last2,14,0.05,False,,,9.849781781667843e-05,0.002,True,True
2026-08-13 00:14:19,metal_nut,monitor,C:/cira_batch_test/metal_nut/good_19.png,good_19.png,normal,False,0.05366649478673935,2.5629998390286346e-07,0.07371337477372687,0.07371337477372687,0.07148411981761456,False,True,16000,True,0.0001244283193955198,True,0.0025004632771015167,cpu,patch_nearest_normal,last2,14,0.05,False,,,0.00010531814041314647,0.002,True,True
2026-08-13 00:14:21,metal_nut,monitor,C:/cira_batch_test/metal_nut/good_2.png,good_2.png,normal,False,0.06026959419250488,3.2186508747145126e-07,0.07371337477372687,0.07371337477372687,0.07148411981761456,False,True,16000,True,0.00010829300299519673,True,0.0024897537659853697,cpu,patch_nearest_normal,last2,14,0.05,False,,,0.00010355639096815139,0.002,True,True
2026-08-13 00:14:24,metal_nut,monitor,C:/cira_batch_test/metal_nut/good_20.png,good_20.png,normal,False,0.06055497005581856,2.8610230629055877e-07,0.07371337477372687,0.07371337477372687,0.07148411981761456,False,True,16000,True,0.00011263701162533835,True,0.002482089912518859,cpu,patch_nearest_normal,last2,14,0.05,True,C:\cira_ttl_checkpoints\metal_nut\patch_memory_bank_update_10.pt,C:\cira_ttl_checkpoints\metal_nut\patch_adapter_update_10.pt,9.388342004967853e-05,0.002,True,True
2026-08-13 00:14:26,metal_nut,monitor,C:/cira_batch_test/metal_nut/good_3.png,good_3.png,normal,False,0.06220099329948425,3.039836826701503e-07,0.07371337477372687,0.07371337477372687,0.07148411981761456,False,True,16000,True,0.0001147511720773764,True,0.0024819609243422747,cpu,patch_nearest_normal,last2,14,0.05,False,,,9.125374344876036e-05,0.002,True,True
2026-08-13 00:14:29,metal_nut,monitor,C:/cira_batch_test/metal_nut/good_4.png,good_4.png,normal,False,0.061915140599012375,2.8610230629055877e-07,0.07371337477372687,0.07371337477372687,0.07148411981761456,False,True,16000,True,0.00010183001722907647,True,0.0024606315419077873,cpu,patch_nearest_normal,last2,14,0.05,False,,,9.387463796883821e-05,0.002,True,True
2026-08-13 00:14:31,metal_nut,monitor,C:/cira_batch_test/metal_nut/good_5.png,good_5.png,normal,False,0.059661783277988434,2.8014181907565217e-07,0.07371337477372687,0.07371337477372687,0.07148411981761456,False,True,16000,True,0.0001053109226631932,True,0.00246798200532794,cpu,patch_nearest_normal,last2,14,0.05,False,,,9.260413207812235e-05,0.002,True,True
2026-08-13 00:14:34,metal_nut,monitor,C:/cira_batch_test/metal_nut/good_6.png,good_6.png,normal,False,0.06761648505926132,2.980232238769531e-07,0.07371337477372687,0.07371337477372687,0.07148411981761456,False,True,16000,True,0.0001108020223909989,True,0.0024751140736043453,cpu,patch_nearest_normal,last2,14,0.05,False,,,0.00010309436765965074,0.002,True,True
2026-08-13 00:14:36,metal_nut,monitor,C:/cira_batch_test/metal_nut/good_7.png,good_7.png,normal,False,0.06006116420030594,2.9206276508375595e-07,0.07371337477372687,0.07371337477372687,0.07148411981761456,False,True,16000,True,0.0001149020972661674,True,0.002474432811141014,cpu,patch_nearest_normal,last2,14,0.05,False,,,9.695692278910428e-05,0.002,True,True
2026-08-13 00:14:38,metal_nut,monitor,C:/cira_batch_test/metal_nut/good_8.png,good_8.png,anomaly,True,0.07498727738857269,0.07498727738857269,0.07371337477372687,0.07371337477372687,0.07148411981761456,False,False,16000,False,,False,0.0,cpu,patch_nearest_normal,last2,14,0.05,False,,,9.350496111437678e-05,0.002,False,True
2026-08-13 00:14:40,metal_nut,monitor,C:/cira_batch_test/metal_nut/good_9.png,good_9.png,anomaly,True,0.07403309643268585,0.07403309643268585,0.07371337477372687,0.07371337477372687,0.07148411981761456,False,False,16000,False,,False,0.0,cpu,patch_nearest_normal,last2,14,0.05,False,,,8.909896860131994e-05,0.002,False,True
2026-08-13 00:14:43,pill,monitor,C:/cira_batch_test/pill/bad_1.png,bad_1.png,anomaly,True,0.08221174031496048,0.08221174031496048,0.058818249737604744,0.058818249737604744,0.053925617597997196,False,False,16000,False,,False,0.0,cpu,patch_nearest_normal,last2,14,0.05,False,,,0.0001434121950296685,0.002,False,True
2026-08-13 00:14:45,pill,monitor,C:/cira_batch_test/pill/bad_10.png,bad_10.png,normal,False,0.046015601605176926,2.8610230629055877e-07,0.058818249737604744,0.058818249737604744,0.053925617597997196,False,True,16000,True,0.00016450339171569794,True,0.0030148227233439684,cpu,patch_nearest_normal,last2,14,0.05,False,,,0.0001472914154874161,0.002,True,True
2026-08-13 00:14:47,pill,monitor,C:/cira_batch_test/pill/bad_11.png,bad_11.png,anomaly,True,0.09638625383377075,0.09638625383377075,0.058818249737604744,0.058818249737604744,0.053925617597997196,False,False,16000,False,,False,0.0,cpu,patch_nearest_normal,last2,14,0.05,False,,,0.00016180188686121255,0.002,False,True
2026-08-13 00:14:49,pill,monitor,C:/cira_batch_test/pill/bad_12.png,bad_12.png,anomaly,True,0.12159109115600586,0.12159109115600586,0.058818249737604744,0.058818249737604744,0.053925617597997196,False,False,16000,False,,False,0.0,cpu,patch_nearest_normal,last2,14,0.05,False,,,0.0001553381880512461,0.002,False,True
2026-08-13 00:14:51,pill,monitor,C:/cira_batch_test/pill/bad_13.png,bad_13.png,normal,False,0.05824851989746094,0.05824851989746094,0.058818249737604744,0.058818249737604744,0.053925617597997196,False,False,16000,False,,False,0.0,cpu,patch_nearest_normal,last2,14,0.05,False,,,0.0001646569580771029,0.002,False,True
2026-08-13 00:14:53,pill,monitor,C:/cira_batch_test/pill/bad_14.png,bad_14.png,anomaly,True,0.06949429214000702,0.06949429214000702,0.058818249737604744,0.058818249737604744,0.053925617597997196,False,False,16000,False,,False,0.0,cpu,patch_nearest_normal,last2,14,0.05,False,,,0.0001561773387948051,0.002,False,True
2026-08-13 00:14:55,pill,monitor,C:/cira_batch_test/pill/bad_15.png,bad_15.png,anomaly,True,0.07383222877979279,0.07383222877979279,0.058818249737604744,0.058818249737604744,0.053925617597997196,False,False,16000,False,,False,0.0,cpu,patch_nearest_normal,last2,14,0.05,False,,,0.0001324391778325662,0.002,False,True
2026-08-13 00:14:57,pill,monitor,C:/cira_batch_test/pill/bad_16.png,bad_16.png,anomaly,True,0.07493601739406586,0.07493601739406586,0.058818249737604744,0.058818249737604744,0.053925617597997196,False,False,16000,False,,False,0.0,cpu,patch_nearest_normal,last2,14,0.05,False,,,0.0001514897885499522,0.002,False,True
2026-08-13 00:14:59,pill,monitor,C:/cira_batch_test/pill/bad_17.png,bad_17.png,anomaly,True,0.07881788909435272,0.07881788909435272,0.058818249737604744,0.058818249737604744,0.053925617597997196,False,False,16000,False,,False,0.0,cpu,patch_nearest_normal,last2,14,0.05,False,,,0.00016570148000027984,0.002,False,True
2026-08-13 00:15:02,pill,monitor,C:/cira_batch_test/pill/bad_18.png,bad_18.png,normal,False,0.055258095264434814,0.055258095264434814,0.058818249737604744,0.058818249737604744,0.053925617597997196,False,False,16000,False,,False,0.0,cpu,patch_nearest_normal,last2,14,0.05,False,,,0.00013893139839638025,0.002,False,True
2026-08-13 00:15:04,pill,monitor,C:/cira_batch_test/pill/bad_19.png,bad_19.png,anomaly,True,0.06614600121974945,0.06614600121974945,0.058818249737604744,0.058818249737604744,0.053925617597997196,False,False,16000,False,,False,0.0,cpu,patch_nearest_normal,last2,14,0.05,False,,,0.000147729049785994,0.002,False,True
2026-08-13 00:15:06,pill,monitor,C:/cira_batch_test/pill/bad_2.png,bad_2.png,anomaly,True,0.07581134140491486,0.07581134140491486,0.058818249737604744,0.058818249737604744,0.053925617597997196,False,False,16000,False,,False,0.0,cpu,patch_nearest_normal,last2,14,0.05,False,,,0.00015443205484189093,0.002,False,True
2026-08-13 00:15:08,pill,monitor,C:/cira_batch_test/pill/bad_20.png,bad_20.png,anomaly,True,0.06298743933439255,0.06298743933439255,0.058818249737604744,0.058818249737604744,0.053925617597997196,False,False,16000,False,,False,0.0,cpu,patch_nearest_normal,last2,14,0.05,False,,,0.0001531232410343364,0.002,False,True
2026-08-13 00:15:10,pill,monitor,C:/cira_batch_test/pill/bad_3.png,bad_3.png,anomaly,True,0.06837321817874908,0.06837321817874908,0.058818249737604744,0.058818249737604744,0.053925617597997196,False,False,16000,False,,False,0.0,cpu,patch_nearest_normal,last2,14,0.05,False,,,0.00015291776799131185,0.002,False,True
2026-08-13 00:15:12,pill,monitor,C:/cira_batch_test/pill/bad_4.png,bad_4.png,anomaly,True,0.06932464987039566,0.06932464987039566,0.058818249737604744,0.058818249737604744,0.053925617597997196,False,False,16000,False,,False,0.0,cpu,patch_nearest_normal,last2,14,0.05,False,,,0.00016339845024049282,0.002,False,True
2026-08-13 00:15:14,pill,monitor,C:/cira_batch_test/pill/bad_5.png,bad_5.png,anomaly,True,0.1877853125333786,0.1877853125333786,0.058818249737604744,0.058818249737604744,0.053925617597997196,False,False,16000,False,,False,0.0,cpu,patch_nearest_normal,last2,14,0.05,False,,,0.00013212293561082333,0.002,False,True
2026-08-13 00:15:15,pill,monitor,C:/cira_batch_test/pill/bad_6.png,bad_6.png,anomaly,True,0.07830098271369934,0.07830098271369934,0.058818249737604744,0.058818249737604744,0.053925617597997196,False,False,16000,False,,False,0.0,cpu,patch_nearest_normal,last2,14,0.05,False,,,0.00016965462418738753,0.002,False,True
2026-08-13 00:15:17,pill,monitor,C:/cira_batch_test/pill/bad_7.png,bad_7.png,anomaly,True,0.07236088812351227,0.07236088812351227,0.058818249737604744,0.058818249737604744,0.053925617597997196,False,False,16000,False,,False,0.0,cpu,patch_nearest_normal,last2,14,0.05,False,,,0.00014232764078769833,0.002,False,True
2026-08-13 00:15:19,pill,monitor,C:/cira_batch_test/pill/bad_8.png,bad_8.png,anomaly,True,0.11692297458648682,0.11692297458648682,0.058818249737604744,0.058818249737604744,0.053925617597997196,False,False,16000,False,,False,0.0,cpu,patch_nearest_normal,last2,14,0.05,False,,,0.0001463530061300844,0.002,False,True
2026-08-13 00:15:21,pill,monitor,C:/cira_batch_test/pill/bad_9.png,bad_9.png,anomaly,True,0.06153805926442146,0.06153805926442146,0.058818249737604744,0.058818249737604744,0.053925617597997196,False,False,16000,False,,False,0.0,cpu,patch_nearest_normal,last2,14,0.05,False,,,0.00013489693810697645,0.002,False,True
2026-08-13 00:15:24,pill,monitor,C:/cira_batch_test/pill/good_1.png,good_1.png,normal,False,0.04717941954731941,2.5629998390286346e-07,0.058818249737604744,0.058818249737604744,0.053925617597997196,False,True,16000,True,0.00017571762145962566,True,0.0027889052871614695,cpu,patch_nearest_normal,last2,14,0.05,False,,,0.00015422744036186486,0.002,True,True
2026-08-13 00:15:26,pill,monitor,C:/cira_batch_test/pill/good_10.png,good_10.png,normal,False,0.04480098932981491,2.6226044269606064e-07,0.058818249737604744,0.058818249737604744,0.053925617597997196,False,True,16000,True,0.0001430751581210643,True,0.0026941585820168257,cpu,patch_nearest_normal,last2,14,0.05,False,,,0.00012938769941683859,0.002,True,True
2026-08-13 00:15:29,pill,monitor,C:/cira_batch_test/pill/good_11.png,good_11.png,normal,False,0.04900847002863884,3.039836826701503e-07,0.058818249737604744,0.058818249737604744,0.053925617597997196,False,True,16000,True,0.00012791242625098675,True,0.002610343275591731,cpu,patch_nearest_normal,last2,14,0.05,False,,,0.00013111137377563864,0.002,True,True
2026-08-13 00:15:31,pill,monitor,C:/cira_batch_test/pill/good_12.png,good_12.png,normal,False,0.05322529748082161,3.337860050578456e-07,0.058818249737604744,0.058818249737604744,0.053925617597997196,False,True,16000,True,0.00015212032303679734,True,0.002608103910461068,cpu,patch_nearest_normal,last2,14,0.05,False,,,0.00013250431220512837,0.002,True,True
2026-08-13 00:15:33,pill,monitor,C:/cira_batch_test/pill/good_13.png,good_13.png,normal,False,0.05712752789258957,0.05712752789258957,0.058818249737604744,0.058818249737604744,0.053925617597997196,False,False,16000,False,,False,0.0,cpu,patch_nearest_normal,last2,14,0.05,False,,,0.00014216642011888325,0.002,False,True
2026-08-13 00:15:36,pill,monitor,C:/cira_batch_test/pill/good_14.png,good_14.png,normal,False,0.04617185518145561,3.099441414633475e-07,0.058818249737604744,0.058818249737604744,0.053925617597997196,False,True,16000,True,0.000129855252453126,True,0.002587112132459879,cpu,patch_nearest_normal,last2,14,0.05,False,,,0.00012509868247434497,0.002,True,True
2026-08-13 00:15:38,pill,monitor,C:/cira_batch_test/pill/good_15.png,good_15.png,normal,False,0.05011281371116638,3.039836826701503e-07,0.058818249737604744,0.058818249737604744,0.053925617597997196,False,True,16000,True,0.00014556616952177137,True,0.0025744521990418434,cpu,patch_nearest_normal,last2,14,0.05,False,,,0.00013759480498265475,0.002,True,True
2026-08-13 00:15:41,pill,monitor,C:/cira_batch_test/pill/good_16.png,good_16.png,normal,False,0.04882204532623291,2.8014181907565217e-07,0.058818249737604744,0.058818249737604744,0.053925617597997196,False,True,16000,True,0.00014749994443263859,True,0.0025532525032758713,cpu,patch_nearest_normal,last2,14,0.05,False,,,0.0001370087411487475,0.002,True,True
2026-08-13 00:15:43,pill,monitor,C:/cira_batch_test/pill/good_17.png,good_17.png,normal,False,0.05454012006521225,0.05454012006521225,0.058818249737604744,0.058818249737604744,0.053925617597997196,False,False,16000,False,,False,0.0,cpu,patch_nearest_normal,last2,14,0.05,False,,,0.00014829938299953938,0.002,False,True
2026-08-13 00:15:45,pill,monitor,C:/cira_batch_test/pill/good_18.png,good_18.png,normal,False,0.04858136177062988,2.682209014892578e-07,0.058818249737604744,0.058818249737604744,0.053925617597997196,False,True,16000,True,0.00016769947251304984,True,0.0025513109285384417,cpu,patch_nearest_normal,last2,14,0.05,False,,,0.00016937433974817395,0.002,True,True
2026-08-13 00:15:47,pill,monitor,C:/cira_batch_test/pill/good_19.png,good_19.png,normal,False,0.05806099250912666,0.05806099250912666,0.058818249737604744,0.058818249737604744,0.053925617597997196,False,False,16000,False,,False,0.0,cpu,patch_nearest_normal,last2,14,0.05,False,,,0.00014140333223622292,0.002,False,True
2026-08-13 00:15:50,pill,monitor,C:/cira_batch_test/pill/good_2.png,good_2.png,normal,False,0.045375458896160126,2.74181360282455e-07,0.058818249737604744,0.058818249737604744,0.053925617597997196,False,True,16000,True,0.00015634683950338513,True,0.002559259533882141,cpu,patch_nearest_normal,last2,14,0.05,True,C:\cira_ttl_checkpoints\pill\patch_memory_bank_update_10.pt,C:\cira_ttl_checkpoints\pill\patch_adapter_update_10.pt,0.00013404025230556726,0.002,True,True
2026-08-13 00:15:53,pill,monitor,C:/cira_batch_test/pill/good_20.png,good_20.png,normal,False,0.05142199993133545,2.9206276508375595e-07,0.058818249737604744,0.058818249737604744,0.053925617597997196,False,True,16000,True,0.00013234716607257724,True,0.002539130160585046,cpu,patch_nearest_normal,last2,14,0.05,False,,,0.00012680815416388214,0.002,True,True
2026-08-13 00:15:55,pill,monitor,C:/cira_batch_test/pill/good_3.png,good_3.png,normal,False,0.04141700267791748,3.039836826701503e-07,0.058818249737604744,0.058818249737604744,0.053925617597997196,False,True,16000,True,0.00013447848323266953,True,0.0025296485982835293,cpu,patch_nearest_normal,last2,14,0.05,False,,,0.00013263807340990752,0.002,True,True
2026-08-13 00:15:58,pill,monitor,C:/cira_batch_test/pill/good_4.png,good_4.png,normal,False,0.04717123508453369,3.039836826701503e-07,0.058818249737604744,0.058818249737604744,0.053925617597997196,False,True,16000,True,0.00016246364975813776,True,0.002533379942178726,cpu,patch_nearest_normal,last2,14,0.05,False,,,0.00015022420848254114,0.002,True,True
2026-08-13 00:16:00,pill,monitor,C:/cira_batch_test/pill/good_5.png,good_5.png,normal,False,0.039058733731508255,2.6226044269606064e-07,0.058818249737604744,0.058818249737604744,0.053925617597997196,False,True,16000,True,0.00013705533638130873,True,0.0025398358702659607,cpu,patch_nearest_normal,last2,14,0.05,False,,,0.00012892895028926432,0.002,True,True
2026-08-13 00:16:03,pill,monitor,C:/cira_batch_test/pill/good_6.png,good_6.png,normal,False,0.04546617716550827,2.74181360282455e-07,0.058818249737604744,0.058818249737604744,0.053925617597997196,False,True,16000,True,0.00015563657507300377,True,0.002543010050430894,cpu,patch_nearest_normal,last2,14,0.05,False,,,0.00014638392894994467,0.002,True,True
2026-08-13 00:16:05,pill,monitor,C:/cira_batch_test/pill/good_7.png,good_7.png,normal,False,0.04441921040415764,3.159046286782541e-07,0.058818249737604744,0.058818249737604744,0.053925617597997196,False,True,16000,True,0.00016308175690937787,True,0.0025608844589442015,cpu,patch_nearest_normal,last2,14,0.05,False,,,0.00014391752483788878,0.002,True,True
2026-08-13 00:16:07,pill,monitor,C:/cira_batch_test/pill/good_8.png,good_8.png,anomaly,True,0.0591559112071991,0.0591559112071991,0.058818249737604744,0.058818249737604744,0.053925617597997196,False,False,16000,False,,False,0.0,cpu,patch_nearest_normal,last2,14,0.05,False,,,0.00012857939873356372,0.002,False,True
2026-08-13 00:16:10,pill,monitor,C:/cira_batch_test/pill/good_9.png,good_9.png,normal,False,0.04534273222088814,3.039836826701503e-07,0.058818249737604744,0.058818249737604744,0.053925617597997196,False,True,16000,True,0.00015168747631832957,True,0.0025606865528970957,cpu,patch_nearest_normal,last2,14,0.05,False,,,0.00013423904601950198,0.002,True,True
2026-08-13 00:16:12,screw,monitor,C:/cira_batch_test/screw/bad_1.png,bad_1.png,anomaly,True,0.07485143095254898,0.07485143095254898,0.06300562225380257,0.06300562225380257,0.06140167154371739,False,False,16000,False,,False,0.0,cpu,patch_nearest_normal,last2,14,0.05,False,,,0.00011993994121439755,0.002,False,True
2026-08-13 00:16:14,screw,monitor,C:/cira_batch_test/screw/bad_10.png,bad_10.png,anomaly,True,0.06733480095863342,0.06733480095863342,0.06300562225380257,0.06300562225380257,0.06140167154371739,False,False,16000,False,,False,0.0,cpu,patch_nearest_normal,last2,14,0.05,False,,,0.00010625822324072942,0.002,False,True
2026-08-13 00:16:16,screw,monitor,C:/cira_batch_test/screw/bad_11.png,bad_11.png,anomaly,True,0.06845852732658386,0.06845852732658386,0.06300562225380257,0.06300562225380257,0.06140167154371739,False,False,16000,False,,False,0.0,cpu,patch_nearest_normal,last2,14,0.05,False,,,0.00011135123349959031,0.002,False,True
2026-08-13 00:16:18,screw,monitor,C:/cira_batch_test/screw/bad_12.png,bad_12.png,anomaly,True,0.0718311071395874,0.0718311071395874,0.06300562225380257,0.06300562225380257,0.06140167154371739,False,False,16000,False,,False,0.0,cpu,patch_nearest_normal,last2,14,0.05,False,,,0.00013574158947449178,0.002,False,True
2026-08-13 00:16:20,screw,monitor,C:/cira_batch_test/screw/bad_13.png,bad_13.png,anomaly,True,0.08261307328939438,0.08261307328939438,0.06300562225380257,0.06300562225380257,0.06140167154371739,False,False,16000,False,,False,0.0,cpu,patch_nearest_normal,last2,14,0.05,False,,,8.835472544888034e-05,0.002,False,True
2026-08-13 00:16:22,screw,monitor,C:/cira_batch_test/screw/bad_14.png,bad_14.png,anomaly,True,0.07650182396173477,0.07650182396173477,0.06300562225380257,0.06300562225380257,0.06140167154371739,False,False,16000,False,,False,0.0,cpu,patch_nearest_normal,last2,14,0.05,False,,,0.00012440567661542445,0.002,False,True
2026-08-13 00:16:24,screw,monitor,C:/cira_batch_test/screw/bad_15.png,bad_15.png,anomaly,True,0.08340131491422653,0.08340131491422653,0.06300562225380257,0.06300562225380257,0.06140167154371739,False,False,16000,False,,False,0.0,cpu,patch_nearest_normal,last2,14,0.05,False,,,0.00010004679643316194,0.002,False,True
2026-08-13 00:16:26,screw,monitor,C:/cira_batch_test/screw/bad_16.png,bad_16.png,anomaly,True,0.06388070434331894,0.06388070434331894,0.06300562225380257,0.06300562225380257,0.06140167154371739,False,False,16000,False,,False,0.0,cpu,patch_nearest_normal,last2,14,0.05,False,,,9.549706010147929e-05,0.002,False,True
2026-08-13 00:16:28,screw,monitor,C:/cira_batch_test/screw/bad_17.png,bad_17.png,anomaly,True,0.06555953621864319,0.06555953621864319,0.06300562225380257,0.06300562225380257,0.06140167154371739,False,False,16000,False,,False,0.0,cpu,patch_nearest_normal,last2,14,0.05,False,,,9.841975406743586e-05,0.002,False,True
2026-08-13 00:16:30,screw,monitor,C:/cira_batch_test/screw/bad_18.png,bad_18.png,normal,False,0.06169591099023819,0.06169591099023819,0.06300562225380257,0.06300562225380257,0.06140167154371739,False,False,16000,False,,False,0.0,cpu,patch_nearest_normal,last2,14,0.05,False,,,0.00011548601469257846,0.002,False,True
2026-08-13 00:16:32,screw,monitor,C:/cira_batch_test/screw/bad_19.png,bad_19.png,anomaly,True,0.06777573376893997,0.06777573376893997,0.06300562225380257,0.06300562225380257,0.06140167154371739,False,False,16000,False,,False,0.0,cpu,patch_nearest_normal,last2,14,0.05,False,,,8.990756032289937e-05,0.002,False,True
2026-08-13 00:16:34,screw,monitor,C:/cira_batch_test/screw/bad_2.png,bad_2.png,anomaly,True,0.06379614770412445,0.06379614770412445,0.06300562225380257,0.06300562225380257,0.06140167154371739,False,False,16000,False,,False,0.0,cpu,patch_nearest_normal,last2,14,0.05,False,,,0.00010498504707356915,0.002,False,True
2026-08-13 00:16:36,screw,monitor,C:/cira_batch_test/screw/bad_20.png,bad_20.png,anomaly,True,0.06558404117822647,0.06558404117822647,0.06300562225380257,0.06300562225380257,0.06140167154371739,False,False,16000,False,,False,0.0,cpu,patch_nearest_normal,last2,14,0.05,False,,,0.00013735027459915727,0.002,False,True
2026-08-13 00:16:38,screw,monitor,C:/cira_batch_test/screw/bad_3.png,bad_3.png,anomaly,True,0.07039625942707062,0.07039625942707062,0.06300562225380257,0.06300562225380257,0.06140167154371739,False,False,16000,False,,False,0.0,cpu,patch_nearest_normal,last2,14,0.05,False,,,0.00010680689592845738,0.002,False,True
2026-08-13 00:16:41,screw,monitor,C:/cira_batch_test/screw/bad_4.png,bad_4.png,normal,False,0.05716509371995926,2.682209014892578e-07,0.06300562225380257,0.06300562225380257,0.06140167154371739,False,True,16000,True,0.00010402592306490988,True,0.003021437441930175,cpu,patch_nearest_normal,last2,14,0.05,False,,,8.910840551834553e-05,0.002,True,True
2026-08-13 00:16:43,screw,monitor,C:/cira_batch_test/screw/bad_5.png,bad_5.png,anomaly,True,0.10251300036907196,0.10251300036907196,0.06300562225380257,0.06300562225380257,0.06140167154371739,False,False,16000,False,,False,0.0,cpu,patch_nearest_normal,last2,14,0.05,False,,,0.00012109622184652835,0.002,False,True
2026-08-13 00:16:45,screw,monitor,C:/cira_batch_test/screw/bad_6.png,bad_6.png,anomaly,True,0.0674058273434639,0.0674058273434639,0.06300562225380257,0.06300562225380257,0.06140167154371739,False,False,16000,False,,False,0.0,cpu,patch_nearest_normal,last2,14,0.05,False,,,0.00011540220293682069,0.002,False,True
2026-08-13 00:16:47,screw,monitor,C:/cira_batch_test/screw/bad_7.png,bad_7.png,anomaly,True,0.08286188542842865,0.08286188542842865,0.06300562225380257,0.06300562225380257,0.06140167154371739,False,False,16000,False,,False,0.0,cpu,patch_nearest_normal,last2,14,0.05,False,,,0.00011556427489267662,0.002,False,True
2026-08-13 00:16:49,screw,monitor,C:/cira_batch_test/screw/bad_8.png,bad_8.png,anomaly,True,0.07156957685947418,0.07156957685947418,0.06300562225380257,0.06300562225380257,0.06140167154371739,False,False,16000,False,,False,0.0,cpu,patch_nearest_normal,last2,14,0.05,False,,,0.0001326213969150558,0.002,False,True
2026-08-13 00:16:51,screw,monitor,C:/cira_batch_test/screw/bad_9.png,bad_9.png,anomaly,True,0.06730224192142487,0.06730224192142487,0.06300562225380257,0.06300562225380257,0.06140167154371739,False,False,16000,False,,False,0.0,cpu,patch_nearest_normal,last2,14,0.05,False,,,0.0001267578627448529,0.002,False,True
2026-08-13 00:16:54,screw,monitor,C:/cira_batch_test/screw/good_1.png,good_1.png,normal,False,0.05391773581504822,3.159046286782541e-07,0.06300562225380257,0.06300562225380257,0.06140167154371739,False,True,16000,True,0.00011469733726698905,True,0.002703973790630698,cpu,patch_nearest_normal,last2,14,0.05,False,,,0.00012989489187020808,0.002,True,True
2026-08-13 00:16:57,screw,monitor,C:/cira_batch_test/screw/good_10.png,good_10.png,normal,False,0.045298196375370026,3.635883274455409e-07,0.06300562225380257,0.06300562225380257,0.06140167154371739,False,True,16000,True,0.00011411438026698306,True,0.0026445796247571707,cpu,patch_nearest_normal,last2,14,0.05,False,,,9.946978389052674e-05,0.002,True,True
2026-08-13 00:16:59,screw,monitor,C:/cira_batch_test/screw/good_11.png,good_11.png,normal,False,0.05028047040104866,2.980232238769531e-07,0.06300562225380257,0.06300562225380257,0.06140167154371739,False,True,16000,True,0.00010889957047766075,True,0.0025251079350709915,cpu,patch_nearest_normal,last2,14,0.05,False,,,0.00010082496009999886,0.002,True,True
2026-08-13 00:17:02,screw,monitor,C:/cira_batch_test/screw/good_12.png,good_12.png,normal,False,0.059598587453365326,3.2186508747145126e-07,0.06300562225380257,0.06300562225380257,0.06140167154371739,False,True,16000,True,0.00011904254643013701,True,0.002460380317643285,cpu,patch_nearest_normal,last2,14,0.05,False,,,0.00011836471094284207,0.002,True,True
2026-08-13 00:17:04,screw,monitor,C:/cira_batch_test/screw/good_13.png,good_13.png,normal,False,0.05803372338414192,3.099441414633475e-07,0.06300562225380257,0.06300562225380257,0.06140167154371739,False,True,16000,True,0.00012458651326596737,True,0.002464377786964178,cpu,patch_nearest_normal,last2,14,0.05,False,,,0.00011232156975893304,0.002,True,True
2026-08-13 00:17:07,screw,monitor,C:/cira_batch_test/screw/good_14.png,good_14.png,normal,False,0.054626934230327606,3.5762786865234375e-07,0.06300562225380257,0.06300562225380257,0.06140167154371739,False,True,16000,True,0.0001230750494869426,True,0.002457574475556612,cpu,patch_nearest_normal,last2,14,0.05,False,,,0.00011080714466515929,0.002,True,True
2026-08-13 00:17:09,screw,monitor,C:/cira_batch_test/screw/good_15.png,good_15.png,normal,False,0.04979056864976883,2.980232238769531e-07,0.06300562225380257,0.06300562225380257,0.06140167154371739,False,True,16000,True,0.00011556661775102839,True,0.0024358113296329975,cpu,patch_nearest_normal,last2,14,0.05,False,,,9.594470611773431e-05,0.002,True,True
2026-08-13 00:17:12,screw,monitor,C:/cira_batch_test/screw/good_16.png,good_16.png,normal,False,0.0616593174636364,0.0616593174636364,0.06300562225380257,0.06300562225380257,0.06140167154371739,False,False,16000,False,,False,0.0,cpu,patch_nearest_normal,last2,14,0.05,False,,,0.00012189742847112939,0.002,False,True
2026-08-13 00:17:14,screw,monitor,C:/cira_batch_test/screw/good_17.png,good_17.png,normal,False,0.05768194794654846,3.2186508747145126e-07,0.06300562225380257,0.06300562225380257,0.06140167154371739,False,True,16000,True,0.0001233377552125603,True,0.002423206577077508,cpu,patch_nearest_normal,last2,14,0.05,False,,,0.00011841785453725606,0.002,True,True
2026-08-13 00:17:16,screw,monitor,C:/cira_batch_test/screw/good_18.png,good_18.png,anomaly,True,0.06584848463535309,0.06584848463535309,0.06300562225380257,0.06300562225380257,0.06140167154371739,False,False,16000,False,,False,0.0,cpu,patch_nearest_normal,last2,14,0.05,False,,,0.00010403512715129182,0.002,False,True
2026-08-13 00:17:19,screw,monitor,C:/cira_batch_test/screw/good_19.png,good_19.png,normal,False,0.04878278821706772,2.3245812030836532e-07,0.06300562225380257,0.06300562225380257,0.06140167154371739,False,True,16000,True,0.00010773430403787643,True,0.0024120397865772247,cpu,patch_nearest_normal,last2,14,0.05,True,C:\cira_ttl_checkpoints\screw\patch_memory_bank_update_10.pt,C:\cira_ttl_checkpoints\screw\patch_adapter_update_10.pt,9.706954733701423e-05,0.002,True,True
2026-08-13 00:17:21,screw,monitor,C:/cira_batch_test/screw/good_2.png,good_2.png,normal,False,0.06277038156986237,0.06277038156986237,0.06300562225380257,0.06300562225380257,0.06140167154371739,False,False,16000,False,,False,0.0,cpu,patch_nearest_normal,last2,14,0.05,False,,,0.00011616753181442618,0.002,False,True
2026-08-13 00:17:25,screw,monitor,C:/cira_batch_test/screw/good_20.png,good_20.png,anomaly,True,0.06891850382089615,0.06891850382089615,0.06300562225380257,0.06300562225380257,0.06140167154371739,False,False,16000,False,,False,0.0,cpu,patch_nearest_normal,last2,14,0.05,False,,,0.00010227014718111604,0.002,False,True
2026-08-13 00:17:27,screw,monitor,C:/cira_batch_test/screw/good_3.png,good_3.png,anomaly,True,0.06536351144313812,0.06536351144313812,0.06300562225380257,0.06300562225380257,0.06140167154371739,False,False,16000,False,,False,0.0,cpu,patch_nearest_normal,last2,14,0.05,False,,,0.00010874224972212687,0.002,False,True
2026-08-13 00:17:30,screw,monitor,C:/cira_batch_test/screw/good_4.png,good_4.png,normal,False,0.04154765605926514,2.5629998390286346e-07,0.06300562225380257,0.06300562225380257,0.06140167154371739,False,True,16000,True,0.0001245110179297626,True,0.0024241949431598186,cpu,patch_nearest_normal,last2,14,0.05,False,,,0.00011549040209501982,0.002,True,True
2026-08-13 00:17:33,screw,monitor,C:/cira_batch_test/screw/good_5.png,good_5.png,normal,False,0.04450726509094238,3.039836826701503e-07,0.06300562225380257,0.06300562225380257,0.06140167154371739,False,True,16000,True,0.00011332803114783019,True,0.002417545998468995,cpu,patch_nearest_normal,last2,14,0.05,False,,,0.00010348310752306134,0.002,True,True
2026-08-13 00:17:35,screw,monitor,C:/cira_batch_test/screw/good_6.png,good_6.png,anomaly,True,0.07927202433347702,0.07927202433347702,0.06300562225380257,0.06300562225380257,0.06140167154371739,False,False,16000,False,,False,0.0,cpu,patch_nearest_normal,last2,14,0.05,False,,,0.00011242929758736864,0.002,False,True
2026-08-13 00:17:38,screw,monitor,C:/cira_batch_test/screw/good_7.png,good_7.png,normal,False,0.044639747589826584,3.337860050578456e-07,0.06300562225380257,0.06300562225380257,0.06140167154371739,False,True,16000,True,0.00010880548506975174,True,0.002394195180386305,cpu,patch_nearest_normal,last2,14,0.05,False,,,0.00010460590419825166,0.002,True,True
2026-08-13 00:17:41,screw,monitor,C:/cira_batch_test/screw/good_8.png,good_8.png,normal,False,0.053791433572769165,2.980232238769531e-07,0.06300562225380257,0.06300562225380257,0.06140167154371739,False,True,16000,True,0.00011020533565897495,True,0.0023702483158558607,cpu,patch_nearest_normal,last2,14,0.05,False,,,0.00010657096572685987,0.002,True,True
2026-08-13 00:17:43,screw,monitor,C:/cira_batch_test/screw/good_9.png,good_9.png,normal,False,0.04857851192355156,2.8610230629055877e-07,0.06300562225380257,0.06300562225380257,0.06140167154371739,False,True,16000,True,0.00011467857984825969,True,0.002372251357883215,cpu,patch_nearest_normal,last2,14,0.05,False,,,9.752561163622886e-05,0.002,True,True
2026-08-13 00:17:46,tile,monitor,C:/cira_batch_test/tile/bad_1.png,bad_1.png,anomaly,True,0.4234733581542969,0.4234733581542969,0.06531576632719606,0.06531576632719606,0.06201616711914539,False,False,16000,False,,False,0.0,cpu,patch_nearest_normal,last2,14,0.05,False,,,0.00017534899234306067,0.002,False,True
2026-08-13 00:17:48,tile,monitor,C:/cira_batch_test/tile/bad_10.png,bad_10.png,anomaly,True,0.09991627186536789,0.09991627186536789,0.06531576632719606,0.06531576632719606,0.06201616711914539,False,False,16000,False,,False,0.0,cpu,patch_nearest_normal,last2,14,0.05,False,,,0.00020457469508983195,0.002,False,True
2026-08-13 00:17:50,tile,monitor,C:/cira_batch_test/tile/bad_11.png,bad_11.png,anomaly,True,0.14983364939689636,0.14983364939689636,0.06531576632719606,0.06531576632719606,0.06201616711914539,False,False,16000,False,,False,0.0,cpu,patch_nearest_normal,last2,14,0.05,False,,,0.0001541845267638564,0.002,False,True
2026-08-13 00:17:53,tile,monitor,C:/cira_batch_test/tile/bad_12.png,bad_12.png,normal,False,0.054269999265670776,3.457069510659494e-07,0.06531576632719606,0.06531576632719606,0.06201616711914539,False,True,16000,True,0.00021327481954358518,True,0.0029918423388153315,cpu,patch_nearest_normal,last2,14,0.05,False,,,0.00019396856077946723,0.002,True,True
2026-08-13 00:17:55,tile,monitor,C:/cira_batch_test/tile/bad_13.png,bad_13.png,anomaly,True,0.1573180854320526,0.1573180854320526,0.06531576632719606,0.06531576632719606,0.06201616711914539,False,False,16000,False,,False,0.0,cpu,patch_nearest_normal,last2,14,0.05,False,,,0.00017408640997018665,0.002,False,True
2026-08-13 00:17:57,tile,monitor,C:/cira_batch_test/tile/bad_14.png,bad_14.png,anomaly,True,0.16029633581638336,0.16029633581638336,0.06531576632719606,0.06531576632719606,0.06201616711914539,False,False,16000,False,,False,0.0,cpu,patch_nearest_normal,last2,14,0.05,False,,,0.00019423649064265192,0.002,False,True
2026-08-13 00:17:59,tile,monitor,C:/cira_batch_test/tile/bad_15.png,bad_15.png,anomaly,True,0.17711041867733002,0.17711041867733002,0.06531576632719606,0.06531576632719606,0.06201616711914539,False,False,16000,False,,False,0.0,cpu,patch_nearest_normal,last2,14,0.05,False,,,0.0002652503317221999,0.002,False,True
2026-08-13 00:18:01,tile,monitor,C:/cira_batch_test/tile/bad_16.png,bad_16.png,anomaly,True,0.08263212442398071,0.08263212442398071,0.06531576632719606,0.06531576632719606,0.06201616711914539,False,False,16000,False,,False,0.0,cpu,patch_nearest_normal,last2,14,0.05,False,,,0.00021743732213508338,0.002,False,True
2026-08-13 00:18:03,tile,monitor,C:/cira_batch_test/tile/bad_17.png,bad_17.png,anomaly,True,0.3888102173805237,0.3888102173805237,0.06531576632719606,0.06531576632719606,0.06201616711914539,False,False,16000,False,,False,0.0,cpu,patch_nearest_normal,last2,14,0.05,False,,,0.0002398435608483851,0.002,False,True
2026-08-13 00:18:05,tile,monitor,C:/cira_batch_test/tile/bad_18.png,bad_18.png,anomaly,True,0.07138852030038834,0.07138852030038834,0.06531576632719606,0.06531576632719606,0.06201616711914539,False,False,16000,False,,False,0.0,cpu,patch_nearest_normal,last2,14,0.05,False,,,0.00019515225721988827,0.002,False,True
2026-08-13 00:18:07,tile,monitor,C:/cira_batch_test/tile/bad_19.png,bad_19.png,anomaly,True,0.09876571595668793,0.09876571595668793,0.06531576632719606,0.06531576632719606,0.06201616711914539,False,False,16000,False,,False,0.0,cpu,patch_nearest_normal,last2,14,0.05,False,,,0.00021791644394397736,0.002,False,True
2026-08-13 00:18:09,tile,monitor,C:/cira_batch_test/tile/bad_2.png,bad_2.png,anomaly,True,0.43842869997024536,0.43842869997024536,0.06531576632719606,0.06531576632719606,0.06201616711914539,False,False,16000,False,,False,0.0,cpu,patch_nearest_normal,last2,14,0.05,False,,,0.000120118485938292,0.002,False,True
2026-08-13 00:18:11,tile,monitor,C:/cira_batch_test/tile/bad_20.png,bad_20.png,anomaly,True,0.1139046922326088,0.1139046922326088,0.06531576632719606,0.06531576632719606,0.06201616711914539,False,False,16000,False,,False,0.0,cpu,patch_nearest_normal,last2,14,0.05,False,,,0.00020165897149126977,0.002,False,True
2026-08-13 00:18:14,tile,monitor,C:/cira_batch_test/tile/bad_3.png,bad_3.png,anomaly,True,0.38535767793655396,0.38535767793655396,0.06531576632719606,0.06531576632719606,0.06201616711914539,False,False,16000,False,,False,0.0,cpu,patch_nearest_normal,last2,14,0.05,False,,,0.00020045193377882242,0.002,False,True
2026-08-13 00:18:16,tile,monitor,C:/cira_batch_test/tile/bad_4.png,bad_4.png,anomaly,True,0.11339166015386581,0.11339166015386581,0.06531576632719606,0.06531576632719606,0.06201616711914539,False,False,16000,False,,False,0.0,cpu,patch_nearest_normal,last2,14,0.05,False,,,0.0001304268225794658,0.002,False,True
2026-08-13 00:18:18,tile,monitor,C:/cira_batch_test/tile/bad_5.png,bad_5.png,anomaly,True,0.1581019163131714,0.1581019163131714,0.06531576632719606,0.06531576632719606,0.06201616711914539,False,False,16000,False,,False,0.0,cpu,patch_nearest_normal,last2,14,0.05,False,,,0.00011770786659326404,0.002,False,True
2026-08-13 00:18:20,tile,monitor,C:/cira_batch_test/tile/bad_6.png,bad_6.png,anomaly,True,0.23006638884544373,0.23006638884544373,0.06531576632719606,0.06531576632719606,0.06201616711914539,False,False,16000,False,,False,0.0,cpu,patch_nearest_normal,last2,14,0.05,False,,,0.00021757223294116557,0.002,False,True
2026-08-13 00:18:22,tile,monitor,C:/cira_batch_test/tile/bad_7.png,bad_7.png,anomaly,True,0.21292650699615479,0.21292650699615479,0.06531576632719606,0.06531576632719606,0.06201616711914539,False,False,16000,False,,False,0.0,cpu,patch_nearest_normal,last2,14,0.05,False,,,0.00016430264804512262,0.002,False,True
2026-08-13 00:18:24,tile,monitor,C:/cira_batch_test/tile/bad_8.png,bad_8.png,anomaly,True,0.16957223415374756,0.16957223415374756,0.06531576632719606,0.06531576632719606,0.06201616711914539,False,False,16000,False,,False,0.0,cpu,patch_nearest_normal,last2,14,0.05,False,,,0.00019102953956462443,0.002,False,True
2026-08-13 00:18:26,tile,monitor,C:/cira_batch_test/tile/bad_9.png,bad_9.png,anomaly,True,0.3201061487197876,0.3201061487197876,0.06531576632719606,0.06531576632719606,0.06201616711914539,False,False,16000,False,,False,0.0,cpu,patch_nearest_normal,last2,14,0.05,False,,,0.00021519778238143772,0.002,False,True
2026-08-13 00:18:28,tile,monitor,C:/cira_batch_test/tile/good_1.png,good_1.png,normal,False,0.04868520051240921,3.755092734536447e-07,0.06531576632719606,0.06531576632719606,0.06201616711914539,False,True,16000,True,0.00020487178699113429,True,0.002814589301124215,cpu,patch_nearest_normal,last2,14,0.05,False,,,0.0002053881762549281,0.002,True,True
2026-08-13 00:18:31,tile,monitor,C:/cira_batch_test/tile/good_10.png,good_10.png,normal,False,0.051637787371873856,3.755092734536447e-07,0.06531576632719606,0.06531576632719606,0.06201616711914539,False,True,16000,True,0.00018693723541218787,True,0.0026636598631739616,cpu,patch_nearest_normal,last2,14,0.05,False,,,0.00016972939192783087,0.002,True,True
2026-08-13 00:18:33,tile,monitor,C:/cira_batch_test/tile/good_11.png,good_11.png,normal,False,0.0394405797123909,3.5762786865234375e-07,0.06531576632719606,0.06531576632719606,0.06201616711914539,False,True,16000,True,0.0001581278193043545,True,0.0026109833270311356,cpu,patch_nearest_normal,last2,14,0.05,False,,,0.00016162137035280466,0.002,True,True
2026-08-13 00:18:36,tile,monitor,C:/cira_batch_test/tile/good_12.png,good_12.png,normal,False,0.04062921553850174,3.039836826701503e-07,0.06531576632719606,0.06531576632719606,0.06201616711914539,False,True,16000,True,0.00020372144354041666,True,0.0026193896774202585,cpu,patch_nearest_normal,last2,14,0.05,False,,,0.00019920070189982653,0.002,True,True
2026-08-13 00:18:39,tile,monitor,C:/cira_batch_test/tile/good_13.png,good_13.png,normal,False,0.04732896760106087,3.039836826701503e-07,0.06531576632719606,0.06531576632719606,0.06201616711914539,False,True,16000,True,0.000167782767675817,True,0.0025079548358917236,cpu,patch_nearest_normal,last2,14,0.05,False,,,0.00015245289250742644,0.002,True,True
2026-08-13 00:18:41,tile,monitor,C:/cira_batch_test/tile/good_14.png,good_14.png,normal,False,0.042342305183410645,4.2319297222093155e-07,0.06531576632719606,0.06531576632719606,0.06201616711914539,False,True,16000,True,0.00017966711311601102,True,0.0025331948418170214,cpu,patch_nearest_normal,last2,14,0.05,False,,,0.00015596432785969228,0.002,True,True
2026-08-13 00:18:44,tile,monitor,C:/cira_batch_test/tile/good_15.png,good_15.png,normal,False,0.04046621918678284,3.039836826701503e-07,0.06531576632719606,0.06531576632719606,0.06201616711914539,False,True,16000,True,0.0001796834694687277,True,0.0025555661413818598,cpu,patch_nearest_normal,last2,14,0.05,False,,,0.00018136967264581472,0.002,True,True
2026-08-13 00:18:46,tile,monitor,C:/cira_batch_test/tile/good_16.png,good_16.png,normal,False,0.03732363507151604,4.3511391822903533e-07,0.06531576632719606,0.06531576632719606,0.06201616711914539,False,True,16000,True,0.00023008472635410726,True,0.0025674595963209867,cpu,patch_nearest_normal,last2,14,0.05,False,,,0.00022371820523403585,0.002,True,True
2026-08-13 00:18:49,tile,monitor,C:/cira_batch_test/tile/good_17.png,good_17.png,normal,False,0.04493103548884392,3.159046286782541e-07,0.06531576632719606,0.06531576632719606,0.06201616711914539,False,True,16000,True,0.00020557522657327354,True,0.0025799800641834736,cpu,patch_nearest_normal,last2,14,0.05,True,C:\cira_ttl_checkpoints\tile\patch_memory_bank_update_10.pt,C:\cira_ttl_checkpoints\tile\patch_adapter_update_10.pt,0.00016746441542636603,0.002,True,True
2026-08-13 00:18:51,tile,monitor,C:/cira_batch_test/tile/good_18.png,good_18.png,anomaly,True,0.0664651095867157,0.0664651095867157,0.06531576632719606,0.06531576632719606,0.06201616711914539,False,False,16000,False,,False,0.0,cpu,patch_nearest_normal,last2,14,0.05,False,,,0.00022999968496151268,0.002,False,True
2026-08-13 00:18:53,tile,monitor,C:/cira_batch_test/tile/good_19.png,good_19.png,normal,False,0.049166541546583176,3.993511086264334e-07,0.06531576632719606,0.06531576632719606,0.06201616711914539,False,True,16000,True,0.0002149647771148011,True,0.002601896645501256,cpu,patch_nearest_normal,last2,14,0.05,False,,,0.0001841353951022029,0.002,True,True
2026-08-13 00:18:56,tile,monitor,C:/cira_batch_test/tile/good_2.png,good_2.png,normal,False,0.04804841801524162,3.457069510659494e-07,0.06531576632719606,0.06531576632719606,0.06201616711914539,False,True,16000,True,0.00024576904252171516,True,0.0026268549263477325,cpu,patch_nearest_normal,last2,14,0.05,False,,,0.00022894518042448908,0.002,True,True
2026-08-13 00:18:59,tile,monitor,C:/cira_batch_test/tile/good_20.png,good_20.png,normal,False,0.04129897430539131,3.8743019104003906e-07,0.06531576632719606,0.06531576632719606,0.06201616711914539,False,True,16000,True,0.00019495570450089872,True,0.00261794519610703,cpu,patch_nearest_normal,last2,14,0.05,False,,,0.00017983021098189056,0.002,True,True
2026-08-13 00:19:01,tile,monitor,C:/cira_batch_test/tile/good_3.png,good_3.png,normal,False,0.03850071504712105,2.8610230629055877e-07,0.06531576632719606,0.06531576632719606,0.06201616711914539,False,True,16000,True,0.00018212327267974615,True,0.0026203026063740253,cpu,patch_nearest_normal,last2,14,0.05,False,,,0.0002011848846450448,0.002,True,True
2026-08-13 00:19:04,tile,monitor,C:/cira_batch_test/tile/good_4.png,good_4.png,normal,False,0.03645722195506096,3.397464638510428e-07,0.06531576632719606,0.06531576632719606,0.06201616711914539,False,True,16000,True,0.00022675294894725084,True,0.002638469450175762,cpu,patch_nearest_normal,last2,14,0.05,False,,,0.00021724221005570143,0.002,True,True
2026-08-13 00:19:06,tile,monitor,C:/cira_batch_test/tile/good_5.png,good_5.png,normal,False,0.044906698167324066,3.2782554626464844e-07,0.06531576632719606,0.06531576632719606,0.06201616711914539,False,True,16000,True,0.0002187346399296075,True,0.0026478737127035856,cpu,patch_nearest_normal,last2,14,0.05,False,,,0.00021663487132173032,0.002,True,True
2026-08-13 00:19:09,tile,monitor,C:/cira_batch_test/tile/good_6.png,good_6.png,normal,False,0.04409558326005936,3.5762786865234375e-07,0.06531576632719606,0.06531576632719606,0.06201616711914539,False,True,16000,True,0.00018768737209029496,True,0.002634456381201744,cpu,patch_nearest_normal,last2,14,0.05,False,,,0.0001653572398936376,0.002,True,True
2026-08-13 00:19:11,tile,monitor,C:/cira_batch_test/tile/good_7.png,good_7.png,normal,False,0.042795371264219284,2.443790378947597e-07,0.06531576632719606,0.06531576632719606,0.06201616711914539,False,True,16000,True,0.00019854870333801955,True,0.0026328342501074076,cpu,patch_nearest_normal,last2,14,0.05,False,,,0.00022266923042479903,0.002,True,True
2026-08-13 00:19:14,tile,monitor,C:/cira_batch_test/tile/good_8.png,good_8.png,normal,False,0.03817396238446236,3.457069510659494e-07,0.06531576632719606,0.06531576632719606,0.06201616711914539,False,True,16000,True,0.00021006532188039273,True,0.002646510023623705,cpu,patch_nearest_normal,last2,14,0.05,False,,,0.00021586673392448574,0.002,True,True
2026-08-13 00:19:16,tile,monitor,C:/cira_batch_test/tile/good_9.png,good_9.png,normal,False,0.03628571704030037,2.980232238769531e-07,0.06531576632719606,0.06531576632719606,0.06201616711914539,False,True,16000,True,0.00020874447363894433,True,0.00265906541608274,cpu,patch_nearest_normal,last2,14,0.05,True,C:\cira_ttl_checkpoints\tile\patch_memory_bank_update_20.pt,C:\cira_ttl_checkpoints\tile\patch_adapter_update_20.pt,0.00020027830032631755,0.002,True,True
2026-08-13 00:19:21,toothbrush,monitor,C:/cira_batch_test/toothbrush/bad_1.png,bad_1.png,anomaly,True,0.2982991635799408,0.2982991635799408,0.07018890345233406,0.07018890345233406,0.057437426969409,False,False,9408,False,,False,0.0,cpu,patch_nearest_normal,last2,14,0.05,False,,,0.00011575011012610048,0.002,False,True
2026-08-13 00:19:23,toothbrush,monitor,C:/cira_batch_test/toothbrush/bad_10.png,bad_10.png,anomaly,True,0.14204305410385132,0.14204305410385132,0.07018890345233406,0.07018890345233406,0.057437426969409,False,False,9408,False,,False,0.0,cpu,patch_nearest_normal,last2,14,0.05,False,,,0.00011347107647452503,0.002,False,True
2026-08-13 00:19:25,toothbrush,monitor,C:/cira_batch_test/toothbrush/bad_11.png,bad_11.png,anomaly,True,0.2811519205570221,0.2811519205570221,0.07018890345233406,0.07018890345233406,0.057437426969409,False,False,9408,False,,False,0.0,cpu,patch_nearest_normal,last2,14,0.05,False,,,0.00011695737339323387,0.002,False,True
2026-08-13 00:19:28,toothbrush,monitor,C:/cira_batch_test/toothbrush/bad_12.png,bad_12.png,anomaly,True,0.3752124011516571,0.3752124011516571,0.07018890345233406,0.07018890345233406,0.057437426969409,False,False,9408,False,,False,0.0,cpu,patch_nearest_normal,last2,14,0.05,False,,,0.00012099279410904273,0.002,False,True
2026-08-13 00:19:30,toothbrush,monitor,C:/cira_batch_test/toothbrush/bad_13.png,bad_13.png,normal,False,0.05651075765490532,3.039836826701503e-07,0.07018890345233406,0.07018890345233406,0.057437426969409,False,True,9604,True,0.00012292068277020007,True,0.0030207743402570486,cpu,patch_nearest_normal,last2,14,0.05,False,,,0.00011898794036824256,0.002,True,True
2026-08-13 00:19:32,toothbrush,monitor,C:/cira_batch_test/toothbrush/bad_14.png,bad_14.png,anomaly,True,0.21842710673809052,0.21842710673809052,0.07018890345233406,0.07018890345233406,0.057437426969409,False,False,9604,False,,False,0.0,cpu,patch_nearest_normal,last2,14,0.05,False,,,0.00012414358207024634,0.002,False,True
2026-08-13 00:19:35,toothbrush,monitor,C:/cira_batch_test/toothbrush/bad_15.png,bad_15.png,normal,False,0.06449165940284729,0.06449165940284729,0.07018890345233406,0.07018890345233406,0.057437426969409,False,False,9604,False,,False,0.0,cpu,patch_nearest_normal,last2,14,0.05,False,,,0.0001207891182275489,0.002,False,True
2026-08-13 00:19:37,toothbrush,monitor,C:/cira_batch_test/toothbrush/bad_16.png,bad_16.png,anomaly,True,0.34277015924453735,0.34277015924453735,0.07018890345233406,0.07018890345233406,0.057437426969409,False,False,9604,False,,False,0.0,cpu,patch_nearest_normal,last2,14,0.05,False,,,0.0001227433531312272,0.002,False,True
2026-08-13 00:19:39,toothbrush,monitor,C:/cira_batch_test/toothbrush/bad_17.png,bad_17.png,anomaly,True,0.2632628381252289,0.2632628381252289,0.07018890345233406,0.07018890345233406,0.057437426969409,False,False,9604,False,,False,0.0,cpu,patch_nearest_normal,last2,14,0.05,False,,,0.00011799815547419712,0.002,False,True
2026-08-13 00:19:44,toothbrush,monitor,C:/cira_batch_test/toothbrush/bad_18.png,bad_18.png,anomaly,True,0.24870717525482178,0.24870717525482178,0.07018890345233406,0.07018890345233406,0.057437426969409,False,False,9604,False,,False,0.0,cpu,patch_nearest_normal,last2,14,0.05,False,,,0.00011631350207608193,0.002,False,True
2026-08-13 00:19:46,toothbrush,monitor,C:/cira_batch_test/toothbrush/bad_19.png,bad_19.png,anomaly,True,0.07874627411365509,0.07874627411365509,0.07018890345233406,0.07018890345233406,0.057437426969409,False,False,9604,False,,False,0.0,cpu,patch_nearest_normal,last2,14,0.05,False,,,0.00012002001312794164,0.002,False,True
2026-08-13 00:19:48,toothbrush,monitor,C:/cira_batch_test/toothbrush/bad_2.png,bad_2.png,normal,False,0.06777859479188919,0.06777859479188919,0.07018890345233406,0.07018890345233406,0.057437426969409,False,False,9604,False,,False,0.0,cpu,patch_nearest_normal,last2,14,0.05,False,,,0.00011430406448198482,0.002,False,True
2026-08-13 00:19:51,toothbrush,monitor,C:/cira_batch_test/toothbrush/bad_20.png,bad_20.png,anomaly,True,0.31349238753318787,0.31349238753318787,0.07018890345233406,0.07018890345233406,0.057437426969409,False,False,9604,False,,False,0.0,cpu,patch_nearest_normal,last2,14,0.05,False,,,0.0001301948504988104,0.002,False,True
2026-08-13 00:19:53,toothbrush,monitor,C:/cira_batch_test/toothbrush/bad_3.png,bad_3.png,anomaly,True,0.13627754151821136,0.13627754151821136,0.07018890345233406,0.07018890345233406,0.057437426969409,False,False,9604,False,,False,0.0,cpu,patch_nearest_normal,last2,14,0.05,False,,,0.00011015134077752009,0.002,False,True
2026-08-13 00:19:56,toothbrush,monitor,C:/cira_batch_test/toothbrush/bad_4.png,bad_4.png,anomaly,True,0.07379575073719025,0.07379575073719025,0.07018890345233406,0.07018890345233406,0.057437426969409,False,False,9604,False,,False,0.0,cpu,patch_nearest_normal,last2,14,0.05,False,,,0.00010768510401248932,0.002,False,True
2026-08-13 00:19:58,toothbrush,monitor,C:/cira_batch_test/toothbrush/bad_5.png,bad_5.png,normal,False,0.0562465563416481,3.2186508747145126e-07,0.07018890345233406,0.07018890345233406,0.057437426969409,False,True,9800,True,0.00013800007582176477,True,0.0026669735088944435,cpu,patch_nearest_normal,last2,14,0.05,False,,,0.00012107999646104872,0.002,True,True
2026-08-13 00:20:01,toothbrush,monitor,C:/cira_batch_test/toothbrush/bad_6.png,bad_6.png,normal,False,0.05619547888636589,3.2186508747145126e-07,0.07018890345233406,0.07018890345233406,0.057437426969409,False,True,9996,True,0.00012730996240861714,True,0.0026215924881398678,cpu,patch_nearest_normal,last2,14,0.05,False,,,0.0001133980622398667,0.002,True,True
2026-08-13 00:20:03,toothbrush,monitor,C:/cira_batch_test/toothbrush/bad_7.png,bad_7.png,anomaly,True,0.1250116378068924,0.1250116378068924,0.07018890345233406,0.07018890345233406,0.057437426969409,False,False,9996,False,,False,0.0,cpu,patch_nearest_normal,last2,14,0.05,False,,,0.00012119415623601526,0.002,False,True
2026-08-13 00:20:05,toothbrush,monitor,C:/cira_batch_test/toothbrush/bad_8.png,bad_8.png,anomaly,True,0.3496840000152588,0.3496840000152588,0.07018890345233406,0.07018890345233406,0.057437426969409,False,False,9996,False,,False,0.0,cpu,patch_nearest_normal,last2,14,0.05,False,,,0.00012382400745991617,0.002,False,True
2026-08-13 00:20:07,toothbrush,monitor,C:/cira_batch_test/toothbrush/bad_9.png,bad_9.png,normal,False,0.04724779725074768,2.9206276508375595e-07,0.07018890345233406,0.07018890345233406,0.057437426969409,False,True,10192,True,0.00012627705291379243,True,0.002601579064503312,cpu,patch_nearest_normal,last2,14,0.05,False,,,0.0001200630867970176,0.002,True,True
2026-08-13 00:20:10,toothbrush,monitor,C:/cira_batch_test/toothbrush/good_1.png,good_1.png,normal,False,0.0472637414932251,2.980232238769531e-07,0.07018890345233406,0.07018890345233406,0.057437426969409,False,True,10388,True,0.00011887672008015215,True,0.002577986568212509,cpu,patch_nearest_normal,last2,14,0.05,False,,,0.00010229471081402153,0.002,True,True
2026-08-13 00:20:12,toothbrush,monitor,C:/cira_batch_test/toothbrush/good_10.png,good_10.png,anomaly,True,0.07445084303617477,0.07445084303617477,0.07018890345233406,0.07018890345233406,0.057437426969409,False,False,10388,False,,False,0.0,cpu,patch_nearest_normal,last2,14,0.05,False,,,0.00011698809248628095,0.002,False,True
2026-08-13 00:20:14,toothbrush,monitor,C:/cira_batch_test/toothbrush/good_11.png,good_11.png,normal,False,0.05344076082110405,2.8014181907565217e-07,0.07018890345233406,0.07018890345233406,0.057437426969409,False,True,10584,True,0.00013035295705776662,True,0.0025201295502483845,cpu,patch_nearest_normal,last2,14,0.05,False,,,0.00012153183342888951,0.002,True,True
2026-08-13 00:20:17,toothbrush,monitor,C:/cira_batch_test/toothbrush/good_12.png,good_12.png,normal,False,0.05619480088353157,2.8610230629055877e-07,0.07018890345233406,0.07018890345233406,0.057437426969409,False,True,10780,True,0.0001225114829139784,True,0.002498552668839693,cpu,patch_nearest_normal,last2,14,0.05,False,,,0.00011863104009535164,0.002,True,True
2026-08-13 00:20:19,toothbrush,monitor,C:/cira_batch_test/toothbrush/good_13.png,good_13.png,normal,False,0.04669921472668648,2.682209014892578e-07,0.07018890345233406,0.07018890345233406,0.057437426969409,False,True,10976,True,0.00012751425674650818,True,0.00248915608972311,cpu,patch_nearest_normal,last2,14,0.05,False,,,0.0001290910440729931,0.002,True,True
2026-08-13 00:20:22,toothbrush,monitor,C:/cira_batch_test/toothbrush/good_14.png,good_14.png,normal,False,0.05677589029073715,2.6226044269606064e-07,0.07018890345233406,0.07018890345233406,0.057437426969409,False,True,11172,True,0.000130274158436805,True,0.002495179185643792,cpu,patch_nearest_normal,last2,14,0.05,False,,,0.00012283137766644359,0.002,True,True
2026-08-13 00:20:24,toothbrush,monitor,C:/cira_batch_test/toothbrush/good_15.png,good_15.png,normal,False,0.04873098060488701,3.099441414633475e-07,0.07018890345233406,0.07018890345233406,0.057437426969409,False,True,11368,True,0.0001279395801248029,True,0.0024826587177813053,cpu,patch_nearest_normal,last2,14,0.05,True,C:\cira_ttl_checkpoints\toothbrush\patch_memory_bank_update_10.pt,C:\cira_ttl_checkpoints\toothbrush\patch_adapter_update_10.pt,0.00012667253031395376,0.002,True,True
2026-08-13 00:20:27,toothbrush,monitor,C:/cira_batch_test/toothbrush/good_16.png,good_16.png,normal,False,0.04147544503211975,2.9206276508375595e-07,0.07018890345233406,0.07018890345233406,0.057437426969409,False,True,11564,True,0.00012067591160302982,True,0.00248107616789639,cpu,patch_nearest_normal,last2,14,0.05,False,,,0.00011378845374565572,0.002,True,True
2026-08-13 00:20:30,toothbrush,monitor,C:/cira_batch_test/toothbrush/good_17.png,good_17.png,normal,False,0.019910912960767746,2.8014181907565217e-07,0.07018890345233406,0.07018890345233406,0.057437426969409,False,True,11760,True,0.00011641819583019242,True,0.002463574055582285,cpu,patch_nearest_normal,last2,14,0.05,False,,,0.00011227186769247055,0.002,True,True
2026-08-13 00:20:32,toothbrush,monitor,C:/cira_batch_test/toothbrush/good_18.png,good_18.png,normal,False,0.03425337001681328,2.74181360282455e-07,0.07018890345233406,0.07018890345233406,0.057437426969409,False,True,11956,True,0.00011787062248913571,True,0.0024528373032808304,cpu,patch_nearest_normal,last2,14,0.05,False,,,0.00011750241537811235,0.002,True,True
2026-08-13 00:20:35,toothbrush,monitor,C:/cira_batch_test/toothbrush/good_19.png,good_19.png,normal,False,0.018592262640595436,2.9206276508375595e-07,0.07018890345233406,0.07018890345233406,0.057437426969409,False,True,12152,True,0.00012659332423936576,True,0.0024552717804908752,cpu,patch_nearest_normal,last2,14,0.05,False,,,0.00010873135033762082,0.002,True,True
2026-08-13 00:20:37,toothbrush,monitor,C:/cira_batch_test/toothbrush/good_2.png,good_2.png,normal,False,0.051073599606752396,2.8610230629055877e-07,0.07018890345233406,0.07018890345233406,0.057437426969409,False,True,12348,True,0.00012018575216643512,True,0.002452620305120945,cpu,patch_nearest_normal,last2,14,0.05,False,,,0.00010587045107968152,0.002,True,True
2026-08-13 00:20:40,toothbrush,monitor,C:/cira_batch_test/toothbrush/good_20.png,good_20.png,normal,False,0.018649613484740257,2.74181360282455e-07,0.07018890345233406,0.07018890345233406,0.057437426969409,False,True,12544,True,0.00012284966942388564,True,0.0024574673734605312,cpu,patch_nearest_normal,last2,14,0.05,False,,,0.00011083865683758631,0.002,True,True
2026-08-13 00:20:42,toothbrush,monitor,C:/cira_batch_test/toothbrush/good_3.png,good_3.png,normal,False,0.03773244470357895,2.5033949668795685e-07,0.07018890345233406,0.07018890345233406,0.057437426969409,False,True,12740,True,0.00012534957204479724,True,0.0024604066275060177,cpu,patch_nearest_normal,last2,14,0.05,False,,,0.00011093210923718289,0.002,True,True
2026-08-13 00:20:45,toothbrush,monitor,C:/cira_batch_test/toothbrush/good_4.png,good_4.png,normal,False,0.040152765810489655,3.099441414633475e-07,0.07018890345233406,0.07018890345233406,0.057437426969409,False,True,12936,True,0.000117198855150491,True,0.0024588480591773987,cpu,patch_nearest_normal,last2,14,0.05,False,,,0.00011146600445499644,0.002,True,True
2026-08-13 00:20:48,toothbrush,monitor,C:/cira_batch_test/toothbrush/good_5.png,good_5.png,normal,False,0.018480796366930008,2.9206276508375595e-07,0.07018890345233406,0.07018890345233406,0.057437426969409,False,True,13132,True,0.00011909648310393095,True,0.00246027996763587,cpu,patch_nearest_normal,last2,14,0.05,False,,,0.00010517752525629476,0.002,True,True
2026-08-13 00:20:50,toothbrush,monitor,C:/cira_batch_test/toothbrush/good_6.png,good_6.png,normal,False,0.043696124106645584,3.039836826701503e-07,0.07018890345233406,0.07018890345233406,0.057437426969409,False,True,13328,True,0.00012011946819256991,True,0.0024569781962782145,cpu,patch_nearest_normal,last2,14,0.05,True,C:\cira_ttl_checkpoints\toothbrush\patch_memory_bank_update_20.pt,C:\cira_ttl_checkpoints\toothbrush\patch_adapter_update_20.pt,0.00011283463391009718,0.002,True,True
2026-08-13 00:20:53,toothbrush,monitor,C:/cira_batch_test/toothbrush/good_7.png,good_7.png,normal,False,0.05883152037858963,0.05883152037858963,0.07018890345233406,0.07018890345233406,0.057437426969409,False,False,13328,False,,False,0.0,cpu,patch_nearest_normal,last2,14,0.05,False,,,0.00012694040196947753,0.002,False,True
2026-08-13 00:20:55,toothbrush,monitor,C:/cira_batch_test/toothbrush/good_8.png,good_8.png,anomaly,True,0.07231061160564423,0.07231061160564423,0.07018890345233406,0.07018890345233406,0.057437426969409,False,False,13328,False,,False,0.0,cpu,patch_nearest_normal,last2,14,0.05,False,,,0.0001316145499004051,0.002,False,True
2026-08-13 00:20:57,toothbrush,monitor,C:/cira_batch_test/toothbrush/good_9.png,good_9.png,normal,False,0.04062841087579727,2.9206276508375595e-07,0.07018890345233406,0.07018890345233406,0.057437426969409,False,True,13524,True,0.00012612783757504076,True,0.002458967501297593,cpu,patch_nearest_normal,last2,14,0.05,False,,,0.00011388005077606067,0.002,True,True
2026-08-13 00:21:00,transistor,monitor,C:/cira_batch_test/transistor/bad_1.png,bad_1.png,anomaly,True,0.12229273468255997,0.12229273468255997,0.08374597725686464,0.08374597725686464,0.07621454894542695,False,False,16000,False,,False,0.0,cpu,patch_nearest_normal,last2,14,0.05,False,,,0.0001679293200140819,0.002,False,True
2026-08-13 00:21:02,transistor,monitor,C:/cira_batch_test/transistor/bad_10.png,bad_10.png,anomaly,True,0.1326681673526764,0.1326681673526764,0.08374597725686464,0.08374597725686464,0.07621454894542695,False,False,16000,False,,False,0.0,cpu,patch_nearest_normal,last2,14,0.05,False,,,0.00017179010319523513,0.002,False,True
2026-08-13 00:21:04,transistor,monitor,C:/cira_batch_test/transistor/bad_11.png,bad_11.png,normal,False,0.0766322985291481,0.0766322985291481,0.08374597725686464,0.08374597725686464,0.07621454894542695,False,False,16000,False,,False,0.0,cpu,patch_nearest_normal,last2,14,0.05,False,,,0.0001859107578638941,0.002,False,True
2026-08-13 00:21:07,transistor,monitor,C:/cira_batch_test/transistor/bad_12.png,bad_12.png,anomaly,True,0.25258898735046387,0.25258898735046387,0.08374597725686464,0.08374597725686464,0.07621454894542695,False,False,16000,False,,False,0.0,cpu,patch_nearest_normal,last2,14,0.05,False,,,0.0001525621919427067,0.002,False,True
2026-08-13 00:21:09,transistor,monitor,C:/cira_batch_test/transistor/bad_13.png,bad_13.png,anomaly,True,0.10995545238256454,0.10995545238256454,0.08374597725686464,0.08374597725686464,0.07621454894542695,False,False,16000,False,,False,0.0,cpu,patch_nearest_normal,last2,14,0.05,False,,,0.00018214128795079887,0.002,False,True
2026-08-13 00:21:11,transistor,monitor,C:/cira_batch_test/transistor/bad_14.png,bad_14.png,anomaly,True,0.10494744777679443,0.10494744777679443,0.08374597725686464,0.08374597725686464,0.07621454894542695,False,False,16000,False,,False,0.0,cpu,patch_nearest_normal,last2,14,0.05,False,,,0.00016957476327661425,0.002,False,True
2026-08-13 00:21:13,transistor,monitor,C:/cira_batch_test/transistor/bad_15.png,bad_15.png,anomaly,True,0.09790393710136414,0.09790393710136414,0.08374597725686464,0.08374597725686464,0.07621454894542695,False,False,16000,False,,False,0.0,cpu,patch_nearest_normal,last2,14,0.05,False,,,0.00016190441965591162,0.002,False,True
2026-08-13 00:21:15,transistor,monitor,C:/cira_batch_test/transistor/bad_16.png,bad_16.png,anomaly,True,0.18024460971355438,0.18024460971355438,0.08374597725686464,0.08374597725686464,0.07621454894542695,False,False,16000,False,,False,0.0,cpu,patch_nearest_normal,last2,14,0.05,False,,,0.00018163393542636186,0.002,False,True
2026-08-13 00:21:17,transistor,monitor,C:/cira_batch_test/transistor/bad_17.png,bad_17.png,anomaly,True,0.20765089988708496,0.20765089988708496,0.08374597725686464,0.08374597725686464,0.07621454894542695,False,False,16000,False,,False,0.0,cpu,patch_nearest_normal,last2,14,0.05,False,,,0.00017346088134218007,0.002,False,True
2026-08-13 00:21:19,transistor,monitor,C:/cira_batch_test/transistor/bad_18.png,bad_18.png,anomaly,True,0.14879867434501648,0.14879867434501648,0.08374597725686464,0.08374597725686464,0.07621454894542695,False,False,16000,False,,False,0.0,cpu,patch_nearest_normal,last2,14,0.05,False,,,0.0001848035753937438,0.002,False,True
2026-08-13 00:21:21,transistor,monitor,C:/cira_batch_test/transistor/bad_19.png,bad_19.png,anomaly,True,0.0999908596277237,0.0999908596277237,0.08374597725686464,0.08374597725686464,0.07621454894542695,False,False,16000,False,,False,0.0,cpu,patch_nearest_normal,last2,14,0.05,False,,,0.00016959794447757304,0.002,False,True
2026-08-13 00:21:24,transistor,monitor,C:/cira_batch_test/transistor/bad_2.png,bad_2.png,anomaly,True,0.20691590011119843,0.20691590011119843,0.08374597725686464,0.08374597725686464,0.07621454894542695,False,False,16000,False,,False,0.0,cpu,patch_nearest_normal,last2,14,0.05,False,,,0.00016672411584295332,0.002,False,True
2026-08-13 00:21:26,transistor,monitor,C:/cira_batch_test/transistor/bad_20.png,bad_20.png,anomaly,True,0.29301589727401733,0.29301589727401733,0.08374597725686464,0.08374597725686464,0.07621454894542695,False,False,16000,False,,False,0.0,cpu,patch_nearest_normal,last2,14,0.05,False,,,0.00018101204477716237,0.002,False,True
2026-08-13 00:21:28,transistor,monitor,C:/cira_batch_test/transistor/bad_3.png,bad_3.png,anomaly,True,0.10247717052698135,0.10247717052698135,0.08374597725686464,0.08374597725686464,0.07621454894542695,False,False,16000,False,,False,0.0,cpu,patch_nearest_normal,last2,14,0.05,False,,,0.00016275249072350562,0.002,False,True
2026-08-13 00:21:30,transistor,monitor,C:/cira_batch_test/transistor/bad_4.png,bad_4.png,anomaly,True,0.09207843989133835,0.09207843989133835,0.08374597725686464,0.08374597725686464,0.07621454894542695,False,False,16000,False,,False,0.0,cpu,patch_nearest_normal,last2,14,0.05,False,,,0.00012592218990903348,0.002,False,True
2026-08-13 00:21:32,transistor,monitor,C:/cira_batch_test/transistor/bad_5.png,bad_5.png,anomaly,True,0.11719455569982529,0.11719455569982529,0.08374597725686464,0.08374597725686464,0.07621454894542695,False,False,16000,False,,False,0.0,cpu,patch_nearest_normal,last2,14,0.05,False,,,0.0001814971474232152,0.002,False,True
2026-08-13 00:21:35,transistor,monitor,C:/cira_batch_test/transistor/bad_6.png,bad_6.png,anomaly,True,0.09266278147697449,0.09266278147697449,0.08374597725686464,0.08374597725686464,0.07621454894542695,False,False,16000,False,,False,0.0,cpu,patch_nearest_normal,last2,14,0.05,False,,,0.0001697847037576139,0.002,False,True
2026-08-13 00:21:37,transistor,monitor,C:/cira_batch_test/transistor/bad_7.png,bad_7.png,anomaly,True,0.13377633690834045,0.13377633690834045,0.08374597725686464,0.08374597725686464,0.07621454894542695,False,False,16000,False,,False,0.0,cpu,patch_nearest_normal,last2,14,0.05,False,,,0.00016405587666667998,0.002,False,True
2026-08-13 00:21:39,transistor,monitor,C:/cira_batch_test/transistor/bad_8.png,bad_8.png,anomaly,True,0.1737663298845291,0.1737663298845291,0.08374597725686464,0.08374597725686464,0.07621454894542695,False,False,16000,False,,False,0.0,cpu,patch_nearest_normal,last2,14,0.05,False,,,0.0001593660854268819,0.002,False,True
2026-08-13 00:21:41,transistor,monitor,C:/cira_batch_test/transistor/bad_9.png,bad_9.png,anomaly,True,0.13217215240001678,0.13217215240001678,0.08374597725686464,0.08374597725686464,0.07621454894542695,False,False,16000,False,,False,0.0,cpu,patch_nearest_normal,last2,14,0.05,False,,,0.00017969713371712714,0.002,False,True
2026-08-13 00:21:44,transistor,monitor,C:/cira_batch_test/transistor/good_1.png,good_1.png,normal,False,0.05782352015376091,2.443790378947597e-07,0.08374597725686464,0.08374597725686464,0.07621454894542695,False,True,16000,True,0.00018258739146403968,True,0.0030292044393718243,cpu,patch_nearest_normal,last2,14,0.05,False,,,0.00017041053797584027,0.002,True,True
2026-08-13 00:21:46,transistor,monitor,C:/cira_batch_test/transistor/good_10.png,good_10.png,normal,False,0.07440804690122604,2.2053718851111626e-07,0.08374597725686464,0.08374597725686464,0.07621454894542695,False,True,16000,True,0.00019046684610657394,True,0.0027785138227045536,cpu,patch_nearest_normal,last2,14,0.05,False,,,0.0001650329795666039,0.002,True,True
2026-08-13 00:21:49,transistor,monitor,C:/cira_batch_test/transistor/good_11.png,good_11.png,normal,False,0.06650929152965546,2.8014181907565217e-07,0.08374597725686464,0.08374597725686464,0.07621454894542695,False,True,16000,True,0.00020682251488324255,True,0.002689633285626769,cpu,patch_nearest_normal,last2,14,0.05,False,,,0.00018634757725521922,0.002,True,True
2026-08-13 00:21:52,transistor,monitor,C:/cira_batch_test/transistor/good_12.png,good_12.png,normal,False,0.05841708928346634,2.8610230629055877e-07,0.08374597725686464,0.08374597725686464,0.07621454894542695,False,True,16000,True,0.0002045615401584655,True,0.002645025961101055,cpu,patch_nearest_normal,last2,14,0.05,False,,,0.00018741209350991994,0.002,True,True
2026-08-13 00:21:54,transistor,monitor,C:/cira_batch_test/transistor/good_13.png,good_13.png,normal,False,0.05486569553613663,2.1457671550706436e-07,0.08374597725686464,0.08374597725686464,0.07621454894542695,False,True,16000,True,0.00018380397523287684,True,0.0026106631848961115,cpu,patch_nearest_normal,last2,14,0.05,False,,,0.0001771263632690534,0.002,True,True
2026-08-13 00:21:57,transistor,monitor,C:/cira_batch_test/transistor/good_14.png,good_14.png,normal,False,0.061828047037124634,2.9206276508375595e-07,0.08374597725686464,0.08374597725686464,0.07621454894542695,False,True,16000,True,0.00018619612092152238,True,0.002598666585981846,cpu,patch_nearest_normal,last2,14,0.05,False,,,0.0001715732942102477,0.002,True,True
2026-08-13 00:21:59,transistor,monitor,C:/cira_batch_test/transistor/good_15.png,good_15.png,normal,False,0.06978271901607513,2.682209014892578e-07,0.08374597725686464,0.08374597725686464,0.07621454894542695,False,True,16000,True,0.00018667698896024376,True,0.002589310985058546,cpu,patch_nearest_normal,last2,14,0.05,False,,,0.00017137888062279671,0.002,True,True
2026-08-13 00:22:02,transistor,monitor,C:/cira_batch_test/transistor/good_16.png,good_16.png,normal,False,0.0747460275888443,2.8014181907565217e-07,0.08374597725686464,0.08374597725686464,0.07621454894542695,False,True,16000,True,0.0002090508205583319,True,0.002593300072476268,cpu,patch_nearest_normal,last2,14,0.05,False,,,0.0001944340910995379,0.002,True,True
2026-08-13 00:22:05,transistor,monitor,C:/cira_batch_test/transistor/good_17.png,good_17.png,normal,False,0.05433560535311699,2.980232238769531e-07,0.08374597725686464,0.08374597725686464,0.07621454894542695,False,True,16000,True,0.00018532884132582694,True,0.002573917619884014,cpu,patch_nearest_normal,last2,14,0.05,False,,,0.00016450422117486596,0.002,True,True
2026-08-13 00:22:08,transistor,monitor,C:/cira_batch_test/transistor/good_18.png,good_18.png,normal,False,0.06355121731758118,2.8610230629055877e-07,0.08374597725686464,0.08374597725686464,0.07621454894542695,False,True,16000,True,0.00019729269843082875,True,0.0025729502085596323,cpu,patch_nearest_normal,last2,14,0.05,True,C:\cira_ttl_checkpoints\transistor\patch_memory_bank_update_10.pt,C:\cira_ttl_checkpoints\transistor\patch_adapter_update_10.pt,0.00017676848801784217,0.002,True,True
2026-08-13 00:22:10,transistor,monitor,C:/cira_batch_test/transistor/good_19.png,good_19.png,normal,False,0.07135820388793945,3.039836826701503e-07,0.08374597725686464,0.08374597725686464,0.07621454894542695,False,True,16000,True,0.00017546610615681857,True,0.0025566737167537212,cpu,patch_nearest_normal,last2,14,0.05,False,,,0.0001582600671099499,0.002,True,True
2026-08-13 00:22:12,transistor,monitor,C:/cira_batch_test/transistor/good_2.png,good_2.png,normal,False,0.0832296758890152,0.0832296758890152,0.08374597725686464,0.08374597725686464,0.07621454894542695,False,False,16000,False,,False,0.0,cpu,patch_nearest_normal,last2,14,0.05,False,,,0.0001701084984233603,0.002,False,True
2026-08-13 00:22:15,transistor,monitor,C:/cira_batch_test/transistor/good_20.png,good_20.png,normal,False,0.06743539869785309,2.8610230629055877e-07,0.08374597725686464,0.08374597725686464,0.07621454894542695,False,True,16000,True,0.00018214739975519478,True,0.0025534573942422867,cpu,patch_nearest_normal,last2,14,0.05,False,,,0.00017680326709523797,0.002,True,True
2026-08-13 00:22:18,transistor,monitor,C:/cira_batch_test/transistor/good_3.png,good_3.png,normal,False,0.07469221204519272,2.8014181907565217e-07,0.08374597725686464,0.08374597725686464,0.07621454894542695,False,True,16000,True,0.00016520326607860625,True,0.002531177131459117,cpu,patch_nearest_normal,last2,14,0.05,False,,,0.0001585382124176249,0.002,True,True
2026-08-13 00:22:20,transistor,monitor,C:/cira_batch_test/transistor/good_4.png,good_4.png,normal,False,0.0585593581199646,2.8610230629055877e-07,0.08374597725686464,0.08374597725686464,0.07621454894542695,False,True,16000,True,0.00017879104416351765,True,0.00252842390909791,cpu,patch_nearest_normal,last2,14,0.05,False,,,0.00017296921578235924,0.002,True,True
2026-08-13 00:22:23,transistor,monitor,C:/cira_batch_test/transistor/good_5.png,good_5.png,normal,False,0.06857767701148987,2.086162567138672e-07,0.08374597725686464,0.08374597725686464,0.07621454894542695,False,True,16000,True,0.00020724639762192965,True,0.0025287114549428225,cpu,patch_nearest_normal,last2,14,0.05,False,,,0.00019017276645172387,0.002,True,True
2026-08-13 00:22:25,transistor,monitor,C:/cira_batch_test/transistor/good_6.png,good_6.png,normal,False,0.06145051121711731,2.74181360282455e-07,0.08374597725686464,0.08374597725686464,0.07621454894542695,False,True,16000,True,0.00019864356727339327,True,0.0025174713227897882,cpu,patch_nearest_normal,last2,14,0.05,False,,,0.00017807018593885005,0.002,True,True
2026-08-13 00:22:28,transistor,monitor,C:/cira_batch_test/transistor/good_7.png,good_7.png,normal,False,0.06618084013462067,3.039836826701503e-07,0.08374597725686464,0.08374597725686464,0.07621454894542695,False,True,16000,True,0.00020241634047124535,True,0.0025262327399104834,cpu,patch_nearest_normal,last2,14,0.05,False,,,0.00016712340584490448,0.002,True,True
2026-08-13 00:22:30,transistor,monitor,C:/cira_batch_test/transistor/good_8.png,good_8.png,normal,False,0.05780906230211258,3.337860050578456e-07,0.08374597725686464,0.08374597725686464,0.07621454894542695,False,True,16000,True,0.00017692790424916893,True,0.0025160626973956823,cpu,patch_nearest_normal,last2,14,0.05,False,,,0.0001540897210361436,0.002,True,True
2026-08-13 00:22:33,transistor,monitor,C:/cira_batch_test/transistor/good_9.png,good_9.png,normal,False,0.060628391802310944,3.159046286782541e-07,0.08374597725686464,0.08374597725686464,0.07621454894542695,False,True,16000,True,0.00021499102876987308,True,0.002511428901925683,cpu,patch_nearest_normal,last2,14,0.05,False,,,0.00019404682097956538,0.002,True,True
2026-08-13 00:22:35,wood,monitor,C:/cira_batch_test/wood/bad_1.png,bad_1.png,anomaly,True,0.34858831763267517,0.34858831763267517,0.04761728488056512,0.04761728488056512,0.04497043639421463,False,False,16000,False,,False,0.0,cpu,patch_nearest_normal,last2,14,0.05,False,,,8.309628901770338e-05,0.002,False,True
2026-08-13 00:22:38,wood,monitor,C:/cira_batch_test/wood/bad_10.png,bad_10.png,anomaly,True,0.2777043879032135,0.2777043879032135,0.04761728488056512,0.04761728488056512,0.04497043639421463,False,False,16000,False,,False,0.0,cpu,patch_nearest_normal,last2,14,0.05,False,,,8.195709233405069e-05,0.002,False,True
2026-08-13 00:22:40,wood,monitor,C:/cira_batch_test/wood/bad_11.png,bad_11.png,anomaly,True,0.08606530725955963,0.08606530725955963,0.04761728488056512,0.04761728488056512,0.04497043639421463,False,False,16000,False,,False,0.0,cpu,patch_nearest_normal,last2,14,0.05,False,,,7.286703475983813e-05,0.002,False,True
2026-08-13 00:22:42,wood,monitor,C:/cira_batch_test/wood/bad_12.png,bad_12.png,anomaly,True,0.18334026634693146,0.18334026634693146,0.04761728488056512,0.04761728488056512,0.04497043639421463,False,False,16000,False,,False,0.0,cpu,patch_nearest_normal,last2,14,0.05,False,,,0.000133482797536999,0.002,False,True
2026-08-13 00:22:44,wood,monitor,C:/cira_batch_test/wood/bad_13.png,bad_13.png,anomaly,True,0.3154454231262207,0.3154454231262207,0.04761728488056512,0.04761728488056512,0.04497043639421463,False,False,16000,False,,False,0.0,cpu,patch_nearest_normal,last2,14,0.05,False,,,8.696439181221649e-05,0.002,False,True
2026-08-13 00:22:46,wood,monitor,C:/cira_batch_test/wood/bad_14.png,bad_14.png,anomaly,True,0.23999524116516113,0.23999524116516113,0.04761728488056512,0.04761728488056512,0.04497043639421463,False,False,16000,False,,False,0.0,cpu,patch_nearest_normal,last2,14,0.05,False,,,7.819470192771405e-05,0.002,False,True
2026-08-13 00:22:48,wood,monitor,C:/cira_batch_test/wood/bad_15.png,bad_15.png,anomaly,True,0.214952751994133,0.214952751994133,0.04761728488056512,0.04761728488056512,0.04497043639421463,False,False,16000,False,,False,0.0,cpu,patch_nearest_normal,last2,14,0.05,False,,,0.00010604390263324603,0.002,False,True
2026-08-13 00:22:50,wood,monitor,C:/cira_batch_test/wood/bad_16.png,bad_16.png,anomaly,True,0.2178620994091034,0.2178620994091034,0.04761728488056512,0.04761728488056512,0.04497043639421463,False,False,16000,False,,False,0.0,cpu,patch_nearest_normal,last2,14,0.05,False,,,7.447427196893841e-05,0.002,False,True
2026-08-13 00:22:53,wood,monitor,C:/cira_batch_test/wood/bad_17.png,bad_17.png,anomaly,True,0.3650740683078766,0.3650740683078766,0.04761728488056512,0.04761728488056512,0.04497043639421463,False,False,16000,False,,False,0.0,cpu,patch_nearest_normal,last2,14,0.05,False,,,9.042750752996653e-05,0.002,False,True
2026-08-13 00:22:55,wood,monitor,C:/cira_batch_test/wood/bad_18.png,bad_18.png,anomaly,True,0.3986118733882904,0.3986118733882904,0.04761728488056512,0.04761728488056512,0.04497043639421463,False,False,16000,False,,False,0.0,cpu,patch_nearest_normal,last2,14,0.05,False,,,8.944315777625889e-05,0.002,False,True
2026-08-13 00:22:57,wood,monitor,C:/cira_batch_test/wood/bad_19.png,bad_19.png,anomaly,True,0.21836884319782257,0.21836884319782257,0.04761728488056512,0.04761728488056512,0.04497043639421463,False,False,16000,False,,False,0.0,cpu,patch_nearest_normal,last2,14,0.05,False,,,9.259878424927592e-05,0.002,False,True
2026-08-13 00:22:59,wood,monitor,C:/cira_batch_test/wood/bad_2.png,bad_2.png,anomaly,True,0.2760295271873474,0.2760295271873474,0.04761728488056512,0.04761728488056512,0.04497043639421463,False,False,16000,False,,False,0.0,cpu,patch_nearest_normal,last2,14,0.05,False,,,9.805538138607517e-05,0.002,False,True
2026-08-13 00:23:01,wood,monitor,C:/cira_batch_test/wood/bad_20.png,bad_20.png,anomaly,True,0.1708804816007614,0.1708804816007614,0.04761728488056512,0.04761728488056512,0.04497043639421463,False,False,16000,False,,False,0.0,cpu,patch_nearest_normal,last2,14,0.05,False,,,0.00010206645674770698,0.002,False,True
2026-08-13 00:23:03,wood,monitor,C:/cira_batch_test/wood/bad_3.png,bad_3.png,anomaly,True,0.25414711236953735,0.25414711236953735,0.04761728488056512,0.04761728488056512,0.04497043639421463,False,False,16000,False,,False,0.0,cpu,patch_nearest_normal,last2,14,0.05,False,,,0.00014460488455370069,0.002,False,True
2026-08-13 00:23:06,wood,monitor,C:/cira_batch_test/wood/bad_4.png,bad_4.png,anomaly,True,0.3489580750465393,0.3489580750465393,0.04761728488056512,0.04761728488056512,0.04497043639421463,False,False,16000,False,,False,0.0,cpu,patch_nearest_normal,last2,14,0.05,False,,,8.668241207487881e-05,0.002,False,True
2026-08-13 00:23:08,wood,monitor,C:/cira_batch_test/wood/bad_5.png,bad_5.png,anomaly,True,0.24019880592823029,0.24019880592823029,0.04761728488056512,0.04761728488056512,0.04497043639421463,False,False,16000,False,,False,0.0,cpu,patch_nearest_normal,last2,14,0.05,False,,,0.00011755444575101137,0.002,False,True
2026-08-13 00:23:10,wood,monitor,C:/cira_batch_test/wood/bad_6.png,bad_6.png,anomaly,True,0.22265997529029846,0.22265997529029846,0.04761728488056512,0.04761728488056512,0.04497043639421463,False,False,16000,False,,False,0.0,cpu,patch_nearest_normal,last2,14,0.05,False,,,0.00012010608043055981,0.002,False,True
2026-08-13 00:23:12,wood,monitor,C:/cira_batch_test/wood/bad_7.png,bad_7.png,anomaly,True,0.09873811155557632,0.09873811155557632,0.04761728488056512,0.04761728488056512,0.04497043639421463,False,False,16000,False,,False,0.0,cpu,patch_nearest_normal,last2,14,0.05,False,,,9.926334314513952e-05,0.002,False,True
2026-08-13 00:23:14,wood,monitor,C:/cira_batch_test/wood/bad_8.png,bad_8.png,anomaly,True,0.22193972766399384,0.22193972766399384,0.04761728488056512,0.04761728488056512,0.04497043639421463,False,False,16000,False,,False,0.0,cpu,patch_nearest_normal,last2,14,0.05,False,,,7.084346725605428e-05,0.002,False,True
2026-08-13 00:23:16,wood,monitor,C:/cira_batch_test/wood/bad_9.png,bad_9.png,anomaly,True,0.21411867439746857,0.21411867439746857,0.04761728488056512,0.04761728488056512,0.04497043639421463,False,False,16000,False,,False,0.0,cpu,patch_nearest_normal,last2,14,0.05,False,,,7.210123294498771e-05,0.002,False,True
2026-08-13 00:23:19,wood,monitor,C:/cira_batch_test/wood/good_1.png,good_1.png,normal,False,0.035984765738248825,3.039836826701503e-07,0.04761728488056512,0.04761728488056512,0.04497043639421463,False,True,16000,True,9.647526167100295e-05,True,0.0029577319510281086,cpu,patch_nearest_normal,last2,14,0.05,False,,,8.268107194453478e-05,0.002,True,True
2026-08-13 00:23:21,wood,monitor,C:/cira_batch_test/wood/good_10.png,good_10.png,anomaly,True,0.08994559943675995,0.08994559943675995,0.04761728488056512,0.04761728488056512,0.04497043639421463,False,False,16000,False,,False,0.0,cpu,patch_nearest_normal,last2,14,0.05,False,,,0.00011210511001991108,0.002,False,True
2026-08-13 00:23:24,wood,monitor,C:/cira_batch_test/wood/good_11.png,good_11.png,normal,False,0.036078475415706635,3.159046286782541e-07,0.04761728488056512,0.04761728488056512,0.04497043639421463,False,True,16000,True,0.00011239340528845787,True,0.0025673038326203823,cpu,patch_nearest_normal,last2,14,0.05,False,,,0.00010737608681665733,0.002,True,True
2026-08-13 00:23:26,wood,monitor,C:/cira_batch_test/wood/good_12.png,good_12.png,normal,False,0.026540052145719528,3.635883274455409e-07,0.04761728488056512,0.04761728488056512,0.04497043639421463,False,True,16000,True,0.00011269303649896756,True,0.002567233284935355,cpu,patch_nearest_normal,last2,14,0.05,False,,,0.00010252914944430813,0.002,True,True
2026-08-13 00:23:29,wood,monitor,C:/cira_batch_test/wood/good_13.png,good_13.png,normal,False,0.027218520641326904,3.5762786865234375e-07,0.04761728488056512,0.04761728488056512,0.04497043639421463,False,True,16000,True,0.00012100688036298379,True,0.0025786508340388536,cpu,patch_nearest_normal,last2,14,0.05,False,,,0.0001105795381590724,0.002,True,True
2026-08-13 00:23:32,wood,monitor,C:/cira_batch_test/wood/good_14.png,good_14.png,normal,False,0.026246165856719017,2.8014181907565217e-07,0.04761728488056512,0.04761728488056512,0.04497043639421463,False,True,16000,True,0.00011347464169375598,True,0.0025984873063862324,cpu,patch_nearest_normal,last2,14,0.05,False,,,0.00010868159733945504,0.002,True,True
2026-08-13 00:23:34,wood,monitor,C:/cira_batch_test/wood/good_15.png,good_15.png,anomaly,True,0.051814235746860504,0.051814235746860504,0.04761728488056512,0.04761728488056512,0.04497043639421463,False,False,16000,False,,False,0.0,cpu,patch_nearest_normal,last2,14,0.05,False,,,8.613071986474097e-05,0.002,False,True
2026-08-13 00:23:36,wood,monitor,C:/cira_batch_test/wood/good_16.png,good_16.png,normal,False,0.03698663040995598,3.2186508747145126e-07,0.04761728488056512,0.04761728488056512,0.04497043639421463,False,True,16000,True,0.00011128355254186317,True,0.002451328793540597,cpu,patch_nearest_normal,last2,14,0.05,False,,,0.00011449580051703379,0.002,True,True
2026-08-13 00:23:39,wood,monitor,C:/cira_batch_test/wood/good_17.png,good_17.png,normal,False,0.04000605270266533,2.980232238769531e-07,0.04761728488056512,0.04761728488056512,0.04497043639421463,False,True,16000,True,0.00011071129847550765,True,0.002403788734227419,cpu,patch_nearest_normal,last2,14,0.05,False,,,0.00010386534995632246,0.002,True,True
2026-08-13 00:23:42,wood,monitor,C:/cira_batch_test/wood/good_18.png,good_18.png,normal,False,0.03678124025464058,2.8014181907565217e-07,0.04761728488056512,0.04761728488056512,0.04497043639421463,False,True,16000,True,0.00010909730917774141,True,0.0024045605678111315,cpu,patch_nearest_normal,last2,14,0.05,False,,,9.665833931649104e-05,0.002,True,True
2026-08-13 00:23:44,wood,monitor,C:/cira_batch_test/wood/good_19.png,good_19.png,normal,False,0.0458361878991127,0.0458361878991127,0.04761728488056512,0.04761728488056512,0.04497043639421463,False,False,16000,False,,False,0.0,cpu,patch_nearest_normal,last2,14,0.05,False,,,9.217261685989797e-05,0.002,False,True
2026-08-13 00:23:47,wood,monitor,C:/cira_batch_test/wood/good_2.png,good_2.png,normal,False,0.02467898093163967,2.9206276508375595e-07,0.04761728488056512,0.04761728488056512,0.04497043639421463,False,True,16000,True,9.178211621474475e-05,True,0.0023842749651521444,cpu,patch_nearest_normal,last2,14,0.05,False,,,7.952857413329184e-05,0.002,True,True
2026-08-13 00:23:49,wood,monitor,C:/cira_batch_test/wood/good_20.png,good_20.png,normal,False,0.025218654423952103,2.8014181907565217e-07,0.04761728488056512,0.04761728488056512,0.04497043639421463,False,True,16000,True,0.0001021101197693497,True,0.002399752615019679,cpu,patch_nearest_normal,last2,14,0.05,True,C:\cira_ttl_checkpoints\wood\patch_memory_bank_update_10.pt,C:\cira_ttl_checkpoints\wood\patch_adapter_update_10.pt,9.284687257604674e-05,0.002,True,True
2026-08-13 00:23:52,wood,monitor,C:/cira_batch_test/wood/good_3.png,good_3.png,normal,False,0.02308778092265129,3.635883274455409e-07,0.04761728488056512,0.04761728488056512,0.04497043639421463,False,True,16000,True,8.88826689333655e-05,True,0.002385633299127221,cpu,patch_nearest_normal,last2,14,0.05,False,,,7.660350820515305e-05,0.002,True,True
2026-08-13 00:23:55,wood,monitor,C:/cira_batch_test/wood/good_4.png,good_4.png,normal,False,0.01745430752635002,3.039836826701503e-07,0.04761728488056512,0.04761728488056512,0.04497043639421463,False,True,16000,True,7.982897659530863e-05,True,0.0023776988964527845,cpu,patch_nearest_normal,last2,14,0.05,False,,,7.912382716313004e-05,0.002,True,True
2026-08-13 00:23:58,wood,monitor,C:/cira_batch_test/wood/good_5.png,good_5.png,normal,False,0.02016577683389187,2.682209014892578e-07,0.04761728488056512,0.04761728488056512,0.04497043639421463,False,True,16000,True,7.678521797060966e-05,True,0.002367583569139242,cpu,patch_nearest_normal,last2,14,0.05,False,,,7.769322110107169e-05,0.002,True,True
2026-08-13 00:24:00,wood,monitor,C:/cira_batch_test/wood/good_6.png,good_6.png,normal,False,0.020757943391799927,3.397464638510428e-07,0.04761728488056512,0.04761728488056512,0.04497043639421463,False,True,16000,True,7.70015103626065e-05,True,0.0023609865456819534,cpu,patch_nearest_normal,last2,14,0.05,False,,,7.57806992623955e-05,0.002,True,True
2026-08-13 00:24:03,wood,monitor,C:/cira_batch_test/wood/good_7.png,good_7.png,normal,False,0.018704842776060104,3.457069510659494e-07,0.04761728488056512,0.04761728488056512,0.04497043639421463,False,True,16000,True,9.116256114793941e-05,True,0.0023759156465530396,cpu,patch_nearest_normal,last2,14,0.05,False,,,8.541929128114134e-05,0.002,True,True
2026-08-13 00:24:06,wood,monitor,C:/cira_batch_test/wood/good_8.png,good_8.png,normal,False,0.0329316146671772,2.74181360282455e-07,0.04761728488056512,0.04761728488056512,0.04497043639421463,False,True,16000,True,0.00012857955880463123,True,0.0023918445222079754,cpu,patch_nearest_normal,last2,14,0.05,False,,,0.000124961428809911,0.002,True,True
2026-08-13 00:24:08,wood,monitor,C:/cira_batch_test/wood/good_9.png,good_9.png,normal,False,0.0331856794655323,3.5762786865234375e-07,0.04761728488056512,0.04761728488056512,0.04497043639421463,False,True,16000,True,0.00012007755867671221,True,0.0023930594325065613,cpu,patch_nearest_normal,last2,14,0.05,False,,,0.0001155024510808289,0.002,True,True
2026-08-13 00:24:11,zipper,monitor,C:/cira_batch_test/zipper/bad_1.png,bad_1.png,anomaly,True,0.032704222947359085,0.032704222947359085,0.026937176036772252,0.026937176036772252,0.026296453922986983,False,False,16000,False,,False,0.0,cpu,patch_nearest_normal,last2,14,0.05,False,,,0.0001168963426607661,0.002,False,True
2026-08-13 00:24:13,zipper,monitor,C:/cira_batch_test/zipper/bad_10.png,bad_10.png,normal,False,0.024993807077407837,3.099441414633475e-07,0.026937176036772252,0.026937176036772252,0.026296453922986983,False,True,16000,True,0.00011890182213392109,True,0.0029724552296102047,cpu,patch_nearest_normal,last2,14,0.05,False,,,0.0001079971989383921,0.002,True,True
2026-08-13 00:24:15,zipper,monitor,C:/cira_batch_test/zipper/bad_11.png,bad_11.png,anomaly,True,0.03433798626065254,0.03433798626065254,0.026937176036772252,0.026937176036772252,0.026296453922986983,False,False,16000,False,,False,0.0,cpu,patch_nearest_normal,last2,14,0.05,False,,,0.0001031252249958925,0.002,False,True
2026-08-13 00:24:18,zipper,monitor,C:/cira_batch_test/zipper/bad_12.png,bad_12.png,normal,False,0.024090874940156937,2.980232238769531e-07,0.026937176036772252,0.026937176036772252,0.026296453922986983,False,True,16000,True,9.572665294399485e-05,True,0.002736605005338788,cpu,patch_nearest_normal,last2,14,0.05,False,,,9.27378932829015e-05,0.002,True,True
2026-08-13 00:24:20,zipper,monitor,C:/cira_batch_test/zipper/bad_13.png,bad_13.png,anomaly,True,0.04005381464958191,0.04005381464958191,0.026937176036772252,0.026937176036772252,0.026296453922986983,False,False,16000,False,,False,0.0,cpu,patch_nearest_normal,last2,14,0.05,False,,,0.00010710635251598433,0.002,False,True
2026-08-13 00:24:22,zipper,monitor,C:/cira_batch_test/zipper/bad_14.png,bad_14.png,anomaly,True,0.047365762293338776,0.047365762293338776,0.026937176036772252,0.026937176036772252,0.026296453922986983,False,False,16000,False,,False,0.0,cpu,patch_nearest_normal,last2,14,0.05,False,,,0.00011649271618807688,0.002,False,True
2026-08-13 00:24:24,zipper,monitor,C:/cira_batch_test/zipper/bad_15.png,bad_15.png,anomaly,True,0.07040655612945557,0.07040655612945557,0.026937176036772252,0.026937176036772252,0.026296453922986983,False,False,16000,False,,False,0.0,cpu,patch_nearest_normal,last2,14,0.05,False,,,0.00011685654317261651,0.002,False,True
2026-08-13 00:24:26,zipper,monitor,C:/cira_batch_test/zipper/bad_16.png,bad_16.png,anomaly,True,0.04836282879114151,0.04836282879114151,0.026937176036772252,0.026937176036772252,0.026296453922986983,False,False,16000,False,,False,0.0,cpu,patch_nearest_normal,last2,14,0.05,False,,,0.00011706874647643417,0.002,False,True
2026-08-13 00:24:28,zipper,monitor,C:/cira_batch_test/zipper/bad_17.png,bad_17.png,anomaly,True,0.055018823593854904,0.055018823593854904,0.026937176036772252,0.026937176036772252,0.026296453922986983,False,False,16000,False,,False,0.0,cpu,patch_nearest_normal,last2,14,0.05,False,,,0.00010801616008393466,0.002,False,True
2026-08-13 00:24:30,zipper,monitor,C:/cira_batch_test/zipper/bad_18.png,bad_18.png,anomaly,True,0.06970365345478058,0.06970365345478058,0.026937176036772252,0.026937176036772252,0.026296453922986983,False,False,16000,False,,False,0.0,cpu,patch_nearest_normal,last2,14,0.05,False,,,0.00011063215060858056,0.002,False,True
2026-08-13 00:24:32,zipper,monitor,C:/cira_batch_test/zipper/bad_19.png,bad_19.png,anomaly,True,0.054011762142181396,0.054011762142181396,0.026937176036772252,0.026937176036772252,0.026296453922986983,False,False,16000,False,,False,0.0,cpu,patch_nearest_normal,last2,14,0.05,False,,,0.00011665307829389349,0.002,False,True
2026-08-13 00:24:34,zipper,monitor,C:/cira_batch_test/zipper/bad_2.png,bad_2.png,anomaly,True,0.04657108336687088,0.04657108336687088,0.026937176036772252,0.026937176036772252,0.026296453922986983,False,False,16000,False,,False,0.0,cpu,patch_nearest_normal,last2,14,0.05,False,,,0.00012122210318921134,0.002,False,True
2026-08-13 00:24:36,zipper,monitor,C:/cira_batch_test/zipper/bad_20.png,bad_20.png,anomaly,True,0.04796227067708969,0.04796227067708969,0.026937176036772252,0.026937176036772252,0.026296453922986983,False,False,16000,False,,False,0.0,cpu,patch_nearest_normal,last2,14,0.05,False,,,0.00010996756464010105,0.002,False,True
2026-08-13 00:24:38,zipper,monitor,C:/cira_batch_test/zipper/bad_3.png,bad_3.png,anomaly,True,0.029101531952619553,0.029101531952619553,0.026937176036772252,0.026937176036772252,0.026296453922986983,False,False,16000,False,,False,0.0,cpu,patch_nearest_normal,last2,14,0.05,False,,,0.00012015760148642585,0.002,False,True
2026-08-13 00:24:41,zipper,monitor,C:/cira_batch_test/zipper/bad_4.png,bad_4.png,anomaly,True,0.10016894340515137,0.10016894340515137,0.026937176036772252,0.026937176036772252,0.026296453922986983,False,False,16000,False,,False,0.0,cpu,patch_nearest_normal,last2,14,0.05,False,,,0.00011397090565878898,0.002,False,True
2026-08-13 00:24:43,zipper,monitor,C:/cira_batch_test/zipper/bad_5.png,bad_5.png,anomaly,True,0.040643759071826935,0.040643759071826935,0.026937176036772252,0.026937176036772252,0.026296453922986983,False,False,16000,False,,False,0.0,cpu,patch_nearest_normal,last2,14,0.05,False,,,0.00011828271817648783,0.002,False,True
2026-08-13 00:24:45,zipper,monitor,C:/cira_batch_test/zipper/bad_6.png,bad_6.png,anomaly,True,0.08131827414035797,0.08131827414035797,0.026937176036772252,0.026937176036772252,0.026296453922986983,False,False,16000,False,,False,0.0,cpu,patch_nearest_normal,last2,14,0.05,False,,,0.00010981218656525016,0.002,False,True
2026-08-13 00:24:47,zipper,monitor,C:/cira_batch_test/zipper/bad_7.png,bad_7.png,anomaly,True,0.08885858952999115,0.08885858952999115,0.026937176036772252,0.026937176036772252,0.026296453922986983,False,False,16000,False,,False,0.0,cpu,patch_nearest_normal,last2,14,0.05,False,,,0.00010953738819807768,0.002,False,True
2026-08-13 00:24:49,zipper,monitor,C:/cira_batch_test/zipper/bad_8.png,bad_8.png,anomaly,True,0.14947852492332458,0.14947852492332458,0.026937176036772252,0.026937176036772252,0.026296453922986983,False,False,16000,False,,False,0.0,cpu,patch_nearest_normal,last2,14,0.05,False,,,0.00011681882460834458,0.002,False,True
2026-08-13 00:24:51,zipper,monitor,C:/cira_batch_test/zipper/bad_9.png,bad_9.png,anomaly,True,0.13847588002681732,0.13847588002681732,0.026937176036772252,0.026937176036772252,0.026296453922986983,False,False,16000,False,,False,0.0,cpu,patch_nearest_normal,last2,14,0.05,False,,,0.0001106789059122093,0.002,False,True
2026-08-13 00:24:54,zipper,monitor,C:/cira_batch_test/zipper/good_1.png,good_1.png,normal,False,0.02228168211877346,3.099441414633475e-07,0.026937176036772252,0.026937176036772252,0.026296453922986983,False,True,16000,True,0.0001156001235358417,True,0.002727274317294359,cpu,patch_nearest_normal,last2,14,0.05,False,,,0.0001145711139542982,0.002,True,True
2026-08-13 00:24:56,zipper,monitor,C:/cira_batch_test/zipper/good_10.png,good_10.png,normal,False,0.023165583610534668,3.457069510659494e-07,0.026937176036772252,0.026937176036772252,0.026296453922986983,False,True,16000,True,0.00012188047548988834,True,0.002674533287063241,cpu,patch_nearest_normal,last2,14,0.05,False,,,0.00011159795394632965,0.002,True,True
2026-08-13 00:24:59,zipper,monitor,C:/cira_batch_test/zipper/good_11.png,good_11.png,normal,False,0.018751095980405807,2.8610230629055877e-07,0.026937176036772252,0.026937176036772252,0.026296453922986983,False,True,16000,True,0.00012373930076137185,True,0.0026779123581945896,cpu,patch_nearest_normal,last2,14,0.05,False,,,0.00010443398787174374,0.002,True,True
2026-08-13 00:25:02,zipper,monitor,C:/cira_batch_test/zipper/good_12.png,good_12.png,normal,False,0.022394126281142235,2.8610230629055877e-07,0.026937176036772252,0.026937176036772252,0.026296453922986983,False,True,16000,True,0.00010889131954172626,True,0.0026563687715679407,cpu,patch_nearest_normal,last2,14,0.05,False,,,9.711548773339018e-05,0.002,True,True
2026-08-13 00:25:04,zipper,monitor,C:/cira_batch_test/zipper/good_13.png,good_13.png,normal,False,0.024344969540834427,2.6226044269606064e-07,0.026937176036772252,0.026937176036772252,0.026296453922986983,False,True,16000,True,0.00011604143219301477,True,0.002643091371282935,cpu,patch_nearest_normal,last2,14,0.05,False,,,0.00010436697630211711,0.002,True,True
2026-08-13 00:25:07,zipper,monitor,C:/cira_batch_test/zipper/good_14.png,good_14.png,normal,False,0.01981843076646328,3.2782554626464844e-07,0.026937176036772252,0.026937176036772252,0.026296453922986983,False,True,16000,True,0.00011520477710291743,True,0.002636785851791501,cpu,patch_nearest_normal,last2,14,0.05,False,,,0.00010441995254950598,0.002,True,True
2026-08-13 00:25:09,zipper,monitor,C:/cira_batch_test/zipper/good_15.png,good_15.png,normal,False,0.018514484167099,3.457069510659494e-07,0.026937176036772252,0.026937176036772252,0.026296453922986983,False,True,16000,True,0.00012546544894576073,True,0.0026459568180143833,cpu,patch_nearest_normal,last2,14,0.05,False,,,0.0001126321658375673,0.002,True,True
2026-08-13 00:25:12,zipper,monitor,C:/cira_batch_test/zipper/good_16.png,good_16.png,normal,False,0.022280126810073853,3.039836826701503e-07,0.026937176036772252,0.026937176036772252,0.026296453922986983,False,True,16000,True,0.00012551213148981333,True,0.0026584204751998186,cpu,patch_nearest_normal,last2,14,0.05,True,C:\cira_ttl_checkpoints\zipper\patch_memory_bank_update_10.pt,C:\cira_ttl_checkpoints\zipper\patch_adapter_update_10.pt,0.00011717112647602335,0.002,True,True
2026-08-13 00:25:15,zipper,monitor,C:/cira_batch_test/zipper/good_17.png,good_17.png,normal,False,0.022824596613645554,2.682209014892578e-07,0.026937176036772252,0.026937176036772252,0.026296453922986983,False,True,16000,True,0.00012049577344441786,True,0.002660265425220132,cpu,patch_nearest_normal,last2,14,0.05,False,,,0.00011958322284044698,0.002,True,True
2026-08-13 00:25:17,zipper,monitor,C:/cira_batch_test/zipper/good_18.png,good_18.png,normal,False,0.0190252847969532,2.682209014892578e-07,0.026937176036772252,0.026937176036772252,0.026296453922986983,False,True,16000,True,0.00012195267481729388,True,0.0026632219087332487,cpu,patch_nearest_normal,last2,14,0.05,False,,,0.00011773726873798296,0.002,True,True
2026-08-13 00:25:20,zipper,monitor,C:/cira_batch_test/zipper/good_19.png,good_19.png,normal,False,0.02066480554640293,2.5033949668795685e-07,0.026937176036772252,0.026937176036772252,0.026296453922986983,False,True,16000,True,0.00012187618267489597,True,0.002658735029399395,cpu,patch_nearest_normal,last2,14,0.05,False,,,0.00010628545715007931,0.002,True,True
2026-08-13 00:25:22,zipper,monitor,C:/cira_batch_test/zipper/good_2.png,good_2.png,normal,False,0.026210535317659378,2.8610230629055877e-07,0.026937176036772252,0.026937176036772252,0.026296453922986983,False,True,16000,True,0.00010921627108473331,True,0.0026433076709508896,cpu,patch_nearest_normal,last2,14,0.05,False,,,0.00010217767703579739,0.002,True,True
2026-08-13 00:25:25,zipper,monitor,C:/cira_batch_test/zipper/good_20.png,good_20.png,normal,False,0.020477717742323875,3.5762786865234375e-07,0.026937176036772252,0.026937176036772252,0.026296453922986983,False,True,16000,True,0.00011450947931734845,True,0.002640536753460765,cpu,patch_nearest_normal,last2,14,0.05,False,,,0.00010674081568140537,0.002,True,True
2026-08-13 00:25:27,zipper,monitor,C:/cira_batch_test/zipper/good_3.png,good_3.png,normal,False,0.02165207825601101,2.5629998390286346e-07,0.026937176036772252,0.026937176036772252,0.026296453922986983,False,True,16000,True,0.00011971362255280837,True,0.0026405639946460724,cpu,patch_nearest_normal,last2,14,0.05,False,,,9.814982331590727e-05,0.002,True,True
2026-08-13 00:25:30,zipper,monitor,C:/cira_batch_test/zipper/good_4.png,good_4.png,normal,False,0.025442862883210182,2.8610230629055877e-07,0.026937176036772252,0.026937176036772252,0.026296453922986983,False,True,16000,True,0.0001166215879493393,True,0.0026387739926576614,cpu,patch_nearest_normal,last2,14,0.05,False,,,0.00011185419134562835,0.002,True,True
2026-08-13 00:25:32,zipper,monitor,C:/cira_batch_test/zipper/good_5.png,good_5.png,anomaly,True,0.027521366253495216,0.027521366253495216,0.026937176036772252,0.026937176036772252,0.026296453922986983,False,False,16000,False,,False,0.0,cpu,patch_nearest_normal,last2,14,0.05,False,,,9.977448644349352e-05,0.002,False,True
2026-08-13 00:25:35,zipper,monitor,C:/cira_batch_test/zipper/good_6.png,good_6.png,normal,False,0.01959175430238247,2.5629998390286346e-07,0.026937176036772252,0.026937176036772252,0.026296453922986983,False,True,16000,True,0.0001250291825272143,True,0.0026432424783706665,cpu,patch_nearest_normal,last2,14,0.05,False,,,0.00010628809832269326,0.002,True,True
2026-08-13 00:25:37,zipper,monitor,C:/cira_batch_test/zipper/good_7.png,good_7.png,normal,False,0.019595731049776077,2.74181360282455e-07,0.026937176036772252,0.026937176036772252,0.026296453922986983,False,True,16000,True,0.00012320106907282025,True,0.00264024012722075,cpu,patch_nearest_normal,last2,14,0.05,False,,,0.00010540513176238164,0.002,True,True
2026-08-13 00:25:39,zipper,monitor,C:/cira_batch_test/zipper/good_8.png,good_8.png,normal,False,0.026506787165999413,0.026506787165999413,0.026937176036772252,0.026937176036772252,0.026296453922986983,False,False,16000,False,,False,0.0,cpu,patch_nearest_normal,last2,14,0.05,False,,,0.00011034830822609365,0.002,False,True
2026-08-13 00:25:42,zipper,monitor,C:/cira_batch_test/zipper/good_9.png,good_9.png,normal,False,0.019876498728990555,3.039836826701503e-07,0.026937176036772252,0.026937176036772252,0.026296453922986983,False,True,16000,True,0.00011592393275350332,True,0.0026429700665175915,cpu,patch_nearest_normal,last2,14,0.05,True,C:\cira_ttl_checkpoints\zipper\patch_memory_bank_update_20.pt,C:\cira_ttl_checkpoints\zipper\patch_adapter_update_20.pt,0.0001125063790823333,0.002,True,True
