timestamp,experiment,category,mode,image_path,file_name,label,is_anomaly,score_before,anomaly_score,threshold,anomaly_threshold,update_threshold,threshold_reloaded,updated_memory,memory_size,update_allowed,update_loss,adapter_updated,adapter_delta_norm,device,score_method,feature_choice,patch_grid,patch_top_fraction,checkpoint_saved,checkpoint_memory_path,checkpoint_adapter_path,consistency_error,consistency_threshold,score_gate_pass,consistency_gate_pass,adapter_update_enabled,memory_update_enabled
2026-08-16 20:53:51,adapter_ctta,bottle,monitor,C:/cira_batch_test/bottle/bad_10.png,bad_10.png,anomaly,True,0.1676427572965622,0.1676427572965622,0.02815022391963134,0.02815022391963134,0.02531116753816605,False,False,16000,False,,False,0.0,cpu,patch_nearest_normal,last2,14,0.05,False,,,0.0001342273026239127,0.00011476924591981,False,False,True,False
2026-08-16 20:53:53,adapter_ctta,bottle,monitor,C:/cira_batch_test/bottle/good_16.png,good_16.png,normal,False,0.026176607236266136,0.026176607236266136,0.02815022391963134,0.02815022391963134,0.02531116753816605,False,False,16000,False,,False,0.0,cpu,patch_nearest_normal,last2,14,0.05,False,,,0.0001008574035950005,0.00011476924591981,False,True,True,False
2026-08-16 20:53:55,adapter_ctta,bottle,monitor,C:/cira_batch_test/bottle/bad_12.png,bad_12.png,anomaly,True,0.22920450568199158,0.22920450568199158,0.02815022391963134,0.02815022391963134,0.02531116753816605,False,False,16000,False,,False,0.0,cpu,patch_nearest_normal,last2,14,0.05,False,,,0.00011714339052559808,0.00011476924591981,False,False,True,False
2026-08-16 20:53:56,adapter_ctta,bottle,monitor,C:/cira_batch_test/bottle/good_11.png,good_11.png,normal,False,0.022600973024964333,0.022586632519960403,0.02815022391963134,0.02815022391963134,0.02531116753816605,False,False,16000,True,0.00011878018995048478,True,0.0029701690655201674,cpu,patch_nearest_normal,last2,14,0.05,False,,,0.000107626969111152,0.00011476924591981,True,True,True,False
2026-08-16 20:53:58,adapter_ctta,bottle,monitor,C:/cira_batch_test/bottle/bad_13.png,bad_13.png,anomaly,True,0.2702661156654358,0.2702661156654358,0.02815022391963134,0.02815022391963134,0.02531116753816605,False,False,16000,False,,False,0.0,cpu,patch_nearest_normal,last2,14,0.05,False,,,0.00011494410136947408,0.00011476924591981,False,False,True,False
2026-08-16 20:53:59,adapter_ctta,bottle,monitor,C:/cira_batch_test/bottle/good_7.png,good_7.png,anomaly,True,0.032459717243909836,0.032459717243909836,0.02815022391963134,0.02815022391963134,0.02531116753816605,False,False,16000,False,,False,0.0,cpu,patch_nearest_normal,last2,14,0.05,False,,,0.00011031531903427094,0.00011476924591981,False,True,True,False
2026-08-16 20:54:01,adapter_ctta,bottle,monitor,C:/cira_batch_test/bottle/good_8.png,good_8.png,normal,False,0.022206610068678856,0.022168397903442383,0.02815022391963134,0.02815022391963134,0.02531116753816605,False,False,16000,True,0.0001153703051386401,True,0.0028154856991022825,cpu,patch_nearest_normal,last2,14,0.05,False,,,0.00010038344044005498,0.00011476924591981,True,True,True,False
2026-08-16 20:54:03,adapter_ctta,bottle,monitor,C:/cira_batch_test/bottle/bad_20.png,bad_20.png,anomaly,True,0.21094271540641785,0.21094271540641785,0.02815022391963134,0.02815022391963134,0.02531116753816605,False,False,16000,False,,False,0.0,cpu,patch_nearest_normal,last2,14,0.05,False,,,0.00011509860632941127,0.00011476924591981,False,False,True,False
2026-08-16 20:54:04,adapter_ctta,bottle,monitor,C:/cira_batch_test/bottle/good_19.png,good_19.png,normal,False,0.018400002270936966,0.01838061213493347,0.02815022391963134,0.02815022391963134,0.02531116753816605,False,False,16000,True,0.00011868026194861159,True,0.002768690697848797,cpu,patch_nearest_normal,last2,14,0.05,False,,,0.00010373636177973822,0.00011476924591981,True,True,True,False
2026-08-16 20:54:06,adapter_ctta,bottle,monitor,C:/cira_batch_test/bottle/bad_3.png,bad_3.png,anomaly,True,0.18977944552898407,0.18977944552898407,0.02815022391963134,0.02815022391963134,0.02531116753816605,False,False,16000,False,,False,0.0,cpu,patch_nearest_normal,last2,14,0.05,False,,,0.00011330404231557623,0.00011476924591981,False,True,True,False
2026-08-16 20:54:07,adapter_ctta,bottle,monitor,C:/cira_batch_test/bottle/bad_7.png,bad_7.png,anomaly,True,0.32199639081954956,0.32199639081954956,0.02815022391963134,0.02815022391963134,0.02531116753816605,False,False,16000,False,,False,0.0,cpu,patch_nearest_normal,last2,14,0.05,False,,,0.00011520494444994256,0.00011476924591981,False,False,True,False
2026-08-16 20:54:09,adapter_ctta,bottle,monitor,C:/cira_batch_test/bottle/bad_15.png,bad_15.png,anomaly,True,0.4264935851097107,0.4264935851097107,0.02815022391963134,0.02815022391963134,0.02531116753816605,False,False,16000,False,,False,0.0,cpu,patch_nearest_normal,last2,14,0.05,False,,,0.00013506437244359404,0.00011476924591981,False,False,True,False
2026-08-16 20:54:10,adapter_ctta,bottle,monitor,C:/cira_batch_test/bottle/good_5.png,good_5.png,normal,False,0.016534049063920975,0.016540372744202614,0.02815022391963134,0.02815022391963134,0.02531116753816605,False,False,16000,True,0.00011837137572001666,True,0.0027438688557595015,cpu,patch_nearest_normal,last2,14,0.05,False,,,0.00011016301141353324,0.00011476924591981,True,True,True,False
2026-08-16 20:54:12,adapter_ctta,bottle,monitor,C:/cira_batch_test/bottle/good_14.png,good_14.png,normal,False,0.02303965762257576,0.023027431219816208,0.02815022391963134,0.02815022391963134,0.02531116753816605,False,False,16000,True,0.00011362461373209953,True,0.0027158961165696383,cpu,patch_nearest_normal,last2,14,0.05,False,,,0.00010390210809418932,0.00011476924591981,True,True,True,False
2026-08-16 20:54:14,adapter_ctta,bottle,monitor,C:/cira_batch_test/bottle/bad_4.png,bad_4.png,anomaly,True,0.20615223050117493,0.20615223050117493,0.02815022391963134,0.02815022391963134,0.02531116753816605,False,False,16000,False,,False,0.0,cpu,patch_nearest_normal,last2,14,0.05,False,,,0.00011267065565334633,0.00011476924591981,False,True,True,False
2026-08-16 20:54:15,adapter_ctta,bottle,monitor,C:/cira_batch_test/bottle/good_20.png,good_20.png,normal,False,0.027828525751829147,0.027828525751829147,0.02815022391963134,0.02815022391963134,0.02531116753816605,False,False,16000,False,,False,0.0,cpu,patch_nearest_normal,last2,14,0.05,False,,,0.0001015793823171407,0.00011476924591981,False,True,True,False
2026-08-16 20:54:17,adapter_ctta,bottle,monitor,C:/cira_batch_test/bottle/good_13.png,good_13.png,normal,False,0.02405586838722229,0.02405732311308384,0.02815022391963134,0.02815022391963134,0.02531116753816605,False,False,16000,True,0.0001190947150462307,True,0.002727158833295107,cpu,patch_nearest_normal,last2,14,0.05,False,,,0.00010635337821440771,0.00011476924591981,True,True,True,False
2026-08-16 20:54:19,adapter_ctta,bottle,monitor,C:/cira_batch_test/bottle/good_15.png,good_15.png,normal,False,0.02326236292719841,0.023262768983840942,0.02815022391963134,0.02815022391963134,0.02531116753816605,False,False,16000,True,0.00011804133100667968,True,0.002716124290600419,cpu,patch_nearest_normal,last2,14,0.05,False,,,0.00010733529052231461,0.00011476924591981,True,True,True,False
2026-08-16 20:54:21,adapter_ctta,bottle,monitor,C:/cira_batch_test/bottle/good_6.png,good_6.png,normal,False,0.01931579038500786,0.019314313307404518,0.02815022391963134,0.02815022391963134,0.02531116753816605,False,False,16000,True,0.00011597385309869424,True,0.002711458131670952,cpu,patch_nearest_normal,last2,14,0.05,False,,,0.00010638963431119919,0.00011476924591981,True,True,True,False
2026-08-16 20:54:22,adapter_ctta,bottle,monitor,C:/cira_batch_test/bottle/good_4.png,good_4.png,normal,False,0.02008870244026184,0.020093698054552078,0.02815022391963134,0.02815022391963134,0.02531116753816605,False,False,16000,True,0.00011639390140771866,True,0.002704273909330368,cpu,patch_nearest_normal,last2,14,0.05,False,,,0.00010095322068082169,0.00011476924591981,True,True,True,False
2026-08-16 20:54:24,adapter_ctta,bottle,monitor,C:/cira_batch_test/bottle/bad_16.png,bad_16.png,anomaly,True,0.30395087599754333,0.30395087599754333,0.02815022391963134,0.02815022391963134,0.02531116753816605,False,False,16000,False,,False,0.0,cpu,patch_nearest_normal,last2,14,0.05,False,,,0.00010918531188508496,0.00011476924591981,False,True,True,False
2026-08-16 20:54:26,adapter_ctta,bottle,monitor,C:/cira_batch_test/bottle/good_10.png,good_10.png,normal,False,0.026327084749937057,0.026327084749937057,0.02815022391963134,0.02815022391963134,0.02531116753816605,False,False,16000,False,,False,0.0,cpu,patch_nearest_normal,last2,14,0.05,False,,,0.00010796052811201662,0.00011476924591981,False,True,True,False
2026-08-16 20:54:27,adapter_ctta,bottle,monitor,C:/cira_batch_test/bottle/bad_18.png,bad_18.png,anomaly,True,0.18319837749004364,0.18319837749004364,0.02815022391963134,0.02815022391963134,0.02531116753816605,False,False,16000,False,,False,0.0,cpu,patch_nearest_normal,last2,14,0.05,False,,,0.00012533324479591101,0.00011476924591981,False,False,True,False
2026-08-16 20:54:29,adapter_ctta,bottle,monitor,C:/cira_batch_test/bottle/good_3.png,good_3.png,normal,False,0.024715160951018333,0.024736035615205765,0.02815022391963134,0.02815022391963134,0.02531116753816605,False,False,16000,True,0.00011317141616018489,True,0.0027010098565369844,cpu,patch_nearest_normal,last2,14,0.05,True,C:\cira_ttl_checkpoints\bottle\patch_memory_bank_update_10.pt,C:\cira_ttl_checkpoints\bottle\patch_adapter_update_10.pt,9.640157804824412e-05,0.00011476924591981,True,True,True,False
2026-08-16 20:54:31,adapter_ctta,bottle,monitor,C:/cira_batch_test/bottle/bad_14.png,bad_14.png,anomaly,True,0.17388644814491272,0.17388644814491272,0.02815022391963134,0.02815022391963134,0.02531116753816605,False,False,16000,False,,False,0.0,cpu,patch_nearest_normal,last2,14,0.05,False,,,0.00011189579527126625,0.00011476924591981,False,True,True,False
2026-08-16 20:54:32,adapter_ctta,bottle,monitor,C:/cira_batch_test/bottle/bad_6.png,bad_6.png,anomaly,True,0.2296501100063324,0.2296501100063324,0.02815022391963134,0.02815022391963134,0.02531116753816605,False,False,16000,False,,False,0.0,cpu,patch_nearest_normal,last2,14,0.05,False,,,0.0001143234403571114,0.00011476924591981,False,True,True,False
2026-08-16 20:54:34,adapter_ctta,bottle,monitor,C:/cira_batch_test/bottle/bad_8.png,bad_8.png,anomaly,True,0.27763691544532776,0.27763691544532776,0.02815022391963134,0.02815022391963134,0.02531116753816605,False,False,16000,False,,False,0.0,cpu,patch_nearest_normal,last2,14,0.05,False,,,0.00012826596503145993,0.00011476924591981,False,False,True,False
2026-08-16 20:54:35,adapter_ctta,bottle,monitor,C:/cira_batch_test/bottle/bad_11.png,bad_11.png,anomaly,True,0.057921819388866425,0.057921819388866425,0.02815022391963134,0.02815022391963134,0.02531116753816605,False,False,16000,False,,False,0.0,cpu,patch_nearest_normal,last2,14,0.05,False,,,9.583668725099415e-05,0.00011476924591981,False,True,True,False
2026-08-16 20:54:37,adapter_ctta,bottle,monitor,C:/cira_batch_test/bottle/bad_9.png,bad_9.png,anomaly,True,0.3195573687553406,0.3195573687553406,0.02815022391963134,0.02815022391963134,0.02531116753816605,False,False,16000,False,,False,0.0,cpu,patch_nearest_normal,last2,14,0.05,False,,,0.0001280607102671638,0.00011476924591981,False,False,True,False
2026-08-16 20:54:39,adapter_ctta,bottle,monitor,C:/cira_batch_test/bottle/bad_5.png,bad_5.png,anomaly,True,0.3159715533256531,0.3159715533256531,0.02815022391963134,0.02815022391963134,0.02531116753816605,False,False,16000,False,,False,0.0,cpu,patch_nearest_normal,last2,14,0.05,False,,,0.00012964877532795072,0.00011476924591981,False,False,True,False
2026-08-16 20:54:40,adapter_ctta,bottle,monitor,C:/cira_batch_test/bottle/good_9.png,good_9.png,normal,False,0.023333173245191574,0.02333095110952854,0.02815022391963134,0.02815022391963134,0.02531116753816605,False,False,16000,True,0.00011472009646240622,True,0.0026836907491087914,cpu,patch_nearest_normal,last2,14,0.05,False,,,9.956096619134769e-05,0.00011476924591981,True,True,True,False
2026-08-16 20:54:42,adapter_ctta,bottle,monitor,C:/cira_batch_test/bottle/good_2.png,good_2.png,normal,False,0.02755981683731079,0.02755981683731079,0.02815022391963134,0.02815022391963134,0.02531116753816605,False,False,16000,False,,False,0.0,cpu,patch_nearest_normal,last2,14,0.05,False,,,0.00011068313324358314,0.00011476924591981,False,True,True,False
2026-08-16 20:54:44,adapter_ctta,bottle,monitor,C:/cira_batch_test/bottle/bad_2.png,bad_2.png,anomaly,True,0.0866752564907074,0.0866752564907074,0.02815022391963134,0.02815022391963134,0.02531116753816605,False,False,16000,False,,False,0.0,cpu,patch_nearest_normal,last2,14,0.05,False,,,0.00010362984903622419,0.00011476924591981,False,True,True,False
2026-08-16 20:54:45,adapter_ctta,bottle,monitor,C:/cira_batch_test/bottle/bad_17.png,bad_17.png,anomaly,True,0.19032274186611176,0.19032274186611176,0.02815022391963134,0.02815022391963134,0.02531116753816605,False,False,16000,False,,False,0.0,cpu,patch_nearest_normal,last2,14,0.05,False,,,0.00011514491052366793,0.00011476924591981,False,False,True,False
2026-08-16 20:54:47,adapter_ctta,bottle,monitor,C:/cira_batch_test/bottle/bad_1.png,bad_1.png,anomaly,True,0.057976655662059784,0.057976655662059784,0.02815022391963134,0.02815022391963134,0.02531116753816605,False,False,16000,False,,False,0.0,cpu,patch_nearest_normal,last2,14,0.05,False,,,0.00010995576303685084,0.00011476924591981,False,True,True,False
2026-08-16 20:54:48,adapter_ctta,bottle,monitor,C:/cira_batch_test/bottle/good_12.png,good_12.png,normal,False,0.021595681086182594,0.021604370325803757,0.02815022391963134,0.02815022391963134,0.02531116753816605,False,False,16000,True,0.00011553423973964527,True,0.0026737237349152565,cpu,patch_nearest_normal,last2,14,0.05,False,,,9.594277798896655e-05,0.00011476924591981,True,True,True,False
2026-08-16 20:54:50,adapter_ctta,bottle,monitor,C:/cira_batch_test/bottle/good_18.png,good_18.png,normal,False,0.020133357495069504,0.02015599049627781,0.02815022391963134,0.02815022391963134,0.02531116753816605,False,False,16000,True,0.0001198371101054363,True,0.0026764064095914364,cpu,patch_nearest_normal,last2,14,0.05,False,,,0.0001049507045536302,0.00011476924591981,True,True,True,False
2026-08-16 20:54:52,adapter_ctta,bottle,monitor,C:/cira_batch_test/bottle/good_17.png,good_17.png,normal,False,0.02286894991993904,0.022884821519255638,0.02815022391963134,0.02815022391963134,0.02531116753816605,False,False,16000,True,0.00012080650049028918,True,0.002680732635781169,cpu,patch_nearest_normal,last2,14,0.05,False,,,0.000105184008134529,0.00011476924591981,True,True,True,False
2026-08-16 20:54:54,adapter_ctta,bottle,monitor,C:/cira_batch_test/bottle/bad_19.png,bad_19.png,anomaly,True,0.19829948246479034,0.19829948246479034,0.02815022391963134,0.02815022391963134,0.02531116753816605,False,False,16000,False,,False,0.0,cpu,patch_nearest_normal,last2,14,0.05,False,,,0.0001200739570776932,0.00011476924591981,False,False,True,False
2026-08-16 20:54:55,adapter_ctta,bottle,monitor,C:/cira_batch_test/bottle/good_1.png,good_1.png,normal,False,0.024931829422712326,0.02495407499372959,0.02815022391963134,0.02815022391963134,0.02531116753816605,False,False,16000,True,0.0001167498849099502,True,0.002673044800758362,cpu,patch_nearest_normal,last2,14,0.05,False,,,0.0001098555585485883,0.00011476924591981,True,True,True,False
2026-08-16 20:54:57,adapter_ctta,cable,monitor,C:/cira_batch_test/cable/bad_10.png,bad_10.png,anomaly,True,0.11330725252628326,0.11330725252628326,0.09852251798848576,0.09852251798848576,0.08661089912056923,False,False,16000,False,,False,0.0,cpu,patch_nearest_normal,last2,14,0.05,False,,,0.00016941811190918088,0.00019554235113892002,False,True,True,False
2026-08-16 20:54:59,adapter_ctta,cable,monitor,C:/cira_batch_test/cable/good_16.png,good_16.png,normal,False,0.07586038112640381,0.07585854083299637,0.09852251798848576,0.09852251798848576,0.08661089912056923,False,False,16000,True,0.00018616931629367173,True,0.0030085539910942316,cpu,patch_nearest_normal,last2,14,0.05,False,,,0.00015742392861284316,0.00019554235113892002,True,True,True,False
2026-08-16 20:55:00,adapter_ctta,cable,monitor,C:/cira_batch_test/cable/bad_12.png,bad_12.png,anomaly,True,0.1062185987830162,0.1062185987830162,0.09852251798848576,0.09852251798848576,0.08661089912056923,False,False,16000,False,,False,0.0,cpu,patch_nearest_normal,last2,14,0.05,False,,,0.0001488754787715152,0.00019554235113892002,False,True,True,False
2026-08-16 20:55:02,adapter_ctta,cable,monitor,C:/cira_batch_test/cable/good_11.png,good_11.png,normal,False,0.07876288145780563,0.0787748470902443,0.09852251798848576,0.09852251798848576,0.08661089912056923,False,False,16000,True,0.00020500854589045048,True,0.00268212566152215,cpu,patch_nearest_normal,last2,14,0.05,False,,,0.00017477750952821225,0.00019554235113892002,True,True,True,False
2026-08-16 20:55:04,adapter_ctta,cable,monitor,C:/cira_batch_test/cable/bad_13.png,bad_13.png,anomaly,True,0.11099784076213837,0.11099784076213837,0.09852251798848576,0.09852251798848576,0.08661089912056923,False,False,16000,False,,False,0.0,cpu,patch_nearest_normal,last2,14,0.05,False,,,0.00015280289517249912,0.00019554235113892002,False,True,True,False
2026-08-16 20:55:06,adapter_ctta,cable,monitor,C:/cira_batch_test/cable/good_7.png,good_7.png,normal,False,0.0826578140258789,0.08259101212024689,0.09852251798848576,0.09852251798848576,0.08661089912056923,False,False,16000,True,0.00018769188318401575,True,0.0025867619551718235,cpu,patch_nearest_normal,last2,14,0.05,False,,,0.00017044285777956247,0.00019554235113892002,True,True,True,False
2026-08-16 20:55:07,adapter_ctta,cable,monitor,C:/cira_batch_test/cable/good_8.png,good_8.png,anomaly,True,0.09901063144207001,0.09901063144207001,0.09852251798848576,0.09852251798848576,0.08661089912056923,False,False,16000,False,,False,0.0,cpu,patch_nearest_normal,last2,14,0.05,False,,,0.00016520824283361435,0.00019554235113892002,False,True,True,False
2026-08-16 20:55:09,adapter_ctta,cable,monitor,C:/cira_batch_test/cable/bad_20.png,bad_20.png,anomaly,True,0.19613514840602875,0.19613514840602875,0.09852251798848576,0.09852251798848576,0.08661089912056923,False,False,16000,False,,False,0.0,cpu,patch_nearest_normal,last2,14,0.05,False,,,0.00018106562492903322,0.00019554235113892002,False,True,True,False
2026-08-16 20:55:11,adapter_ctta,cable,monitor,C:/cira_batch_test/cable/good_19.png,good_19.png,normal,False,0.08344981074333191,0.08343366533517838,0.09852251798848576,0.09852251798848576,0.08661089912056923,False,False,16000,True,0.0001715283142402768,True,0.002566196024417877,cpu,patch_nearest_normal,last2,14,0.05,False,,,0.00015702313976362348,0.00019554235113892002,True,True,True,False
2026-08-16 20:55:12,adapter_ctta,cable,monitor,C:/cira_batch_test/cable/bad_3.png,bad_3.png,anomaly,True,0.1548231840133667,0.1548231840133667,0.09852251798848576,0.09852251798848576,0.08661089912056923,False,False,16000,False,,False,0.0,cpu,patch_nearest_normal,last2,14,0.05,False,,,0.0001918873022077605,0.00019554235113892002,False,True,True,False
2026-08-16 20:55:14,adapter_ctta,cable,monitor,C:/cira_batch_test/cable/bad_7.png,bad_7.png,anomaly,True,0.1330626904964447,0.1330626904964447,0.09852251798848576,0.09852251798848576,0.08661089912056923,False,False,16000,False,,False,0.0,cpu,patch_nearest_normal,last2,14,0.05,False,,,0.00015576159057673067,0.00019554235113892002,False,True,True,False
2026-08-16 20:55:16,adapter_ctta,cable,monitor,C:/cira_batch_test/cable/bad_15.png,bad_15.png,anomaly,True,0.2189968377351761,0.2189968377351761,0.09852251798848576,0.09852251798848576,0.08661089912056923,False,False,16000,False,,False,0.0,cpu,patch_nearest_normal,last2,14,0.05,False,,,0.00017883931286633015,0.00019554235113892002,False,True,True,False
2026-08-16 20:55:17,adapter_ctta,cable,monitor,C:/cira_batch_test/cable/good_5.png,good_5.png,anomaly,True,0.09993003308773041,0.09993003308773041,0.09852251798848576,0.09852251798848576,0.08661089912056923,False,False,16000,False,,False,0.0,cpu,patch_nearest_normal,last2,14,0.05,False,,,0.00016381300520151854,0.00019554235113892002,False,True,True,False
2026-08-16 20:55:19,adapter_ctta,cable,monitor,C:/cira_batch_test/cable/good_14.png,good_14.png,normal,False,0.09536412358283997,0.09536412358283997,0.09852251798848576,0.09852251798848576,0.08661089912056923,False,False,16000,False,,False,0.0,cpu,patch_nearest_normal,last2,14,0.05,False,,,0.00016978300118353218,0.00019554235113892002,False,True,True,False
2026-08-16 20:55:21,adapter_ctta,cable,monitor,C:/cira_batch_test/cable/bad_4.png,bad_4.png,anomaly,True,0.37544316053390503,0.37544316053390503,0.09852251798848576,0.09852251798848576,0.08661089912056923,False,False,16000,False,,False,0.0,cpu,patch_nearest_normal,last2,14,0.05,False,,,0.0001696748222457245,0.00019554235113892002,False,True,True,False
2026-08-16 20:55:22,adapter_ctta,cable,monitor,C:/cira_batch_test/cable/good_20.png,good_20.png,normal,False,0.08850204199552536,0.08850204199552536,0.09852251798848576,0.09852251798848576,0.08661089912056923,False,False,16000,False,,False,0.0,cpu,patch_nearest_normal,last2,14,0.05,False,,,0.00017029767332132906,0.00019554235113892002,False,True,True,False
2026-08-16 20:55:24,adapter_ctta,cable,monitor,C:/cira_batch_test/cable/good_13.png,good_13.png,normal,False,0.0888260006904602,0.0888260006904602,0.09852251798848576,0.09852251798848576,0.08661089912056923,False,False,16000,False,,False,0.0,cpu,patch_nearest_normal,last2,14,0.05,False,,,0.00016910411068238318,0.00019554235113892002,False,True,True,False
2026-08-16 20:55:26,adapter_ctta,cable,monitor,C:/cira_batch_test/cable/good_15.png,good_15.png,normal,False,0.08324580639600754,0.0832216814160347,0.09852251798848576,0.09852251798848576,0.08661089912056923,False,False,16000,True,0.00018408626783639193,True,0.002543654991313815,cpu,patch_nearest_normal,last2,14,0.05,False,,,0.00016956651234067976,0.00019554235113892002,True,True,True,False
2026-08-16 20:55:27,adapter_ctta,cable,monitor,C:/cira_batch_test/cable/good_6.png,good_6.png,anomaly,True,0.10374027490615845,0.10374027490615845,0.09852251798848576,0.09852251798848576,0.08661089912056923,False,False,16000,False,,False,0.0,cpu,patch_nearest_normal,last2,14,0.05,False,,,0.00014842468954157084,0.00019554235113892002,False,True,True,False
2026-08-16 20:55:29,adapter_ctta,cable,monitor,C:/cira_batch_test/cable/good_4.png,good_4.png,normal,False,0.07649598270654678,0.07648875564336777,0.09852251798848576,0.09852251798848576,0.08661089912056923,False,False,16000,True,0.00019863195484504104,True,0.002499186899513006,cpu,patch_nearest_normal,last2,14,0.05,False,,,0.0001742823515087366,0.00019554235113892002,True,True,True,False
2026-08-16 20:55:31,adapter_ctta,cable,monitor,C:/cira_batch_test/cable/bad_16.png,bad_16.png,anomaly,True,0.26885420083999634,0.26885420083999634,0.09852251798848576,0.09852251798848576,0.08661089912056923,False,False,16000,False,,False,0.0,cpu,patch_nearest_normal,last2,14,0.05,False,,,0.00017349554400425404,0.00019554235113892002,False,True,True,False
2026-08-16 20:55:33,adapter_ctta,cable,monitor,C:/cira_batch_test/cable/good_10.png,good_10.png,normal,False,0.08565376698970795,0.08564839512109756,0.09852251798848576,0.09852251798848576,0.08661089912056923,False,False,16000,True,0.0001846754748839885,True,0.002482207026332617,cpu,patch_nearest_normal,last2,14,0.05,False,,,0.00017118472896981984,0.00019554235113892002,True,True,True,False
2026-08-16 20:55:34,adapter_ctta,cable,monitor,C:/cira_batch_test/cable/bad_18.png,bad_18.png,anomaly,True,0.24512510001659393,0.24512510001659393,0.09852251798848576,0.09852251798848576,0.08661089912056923,False,False,16000,False,,False,0.0,cpu,patch_nearest_normal,last2,14,0.05,False,,,0.0001590836327522993,0.00019554235113892002,False,True,True,False
2026-08-16 20:55:36,adapter_ctta,cable,monitor,C:/cira_batch_test/cable/good_3.png,good_3.png,anomaly,True,0.11450467258691788,0.11450467258691788,0.09852251798848576,0.09852251798848576,0.08661089912056923,False,False,16000,False,,False,0.0,cpu,patch_nearest_normal,last2,14,0.05,False,,,0.00016759027494117618,0.00019554235113892002,False,True,True,False
2026-08-16 20:55:37,adapter_ctta,cable,monitor,C:/cira_batch_test/cable/bad_14.png,bad_14.png,anomaly,True,0.10268261283636093,0.10268261283636093,0.09852251798848576,0.09852251798848576,0.08661089912056923,False,False,16000,False,,False,0.0,cpu,patch_nearest_normal,last2,14,0.05,False,,,0.0001953359751496464,0.00019554235113892002,False,True,True,False
2026-08-16 20:55:39,adapter_ctta,cable,monitor,C:/cira_batch_test/cable/bad_6.png,bad_6.png,anomaly,True,0.2423190176486969,0.2423190176486969,0.09852251798848576,0.09852251798848576,0.08661089912056923,False,False,16000,False,,False,0.0,cpu,patch_nearest_normal,last2,14,0.05,False,,,0.00017742131603881717,0.00019554235113892002,False,True,True,False
2026-08-16 20:55:41,adapter_ctta,cable,monitor,C:/cira_batch_test/cable/bad_8.png,bad_8.png,anomaly,True,0.12645350396633148,0.12645350396633148,0.09852251798848576,0.09852251798848576,0.08661089912056923,False,False,16000,False,,False,0.0,cpu,patch_nearest_normal,last2,14,0.05,False,,,0.0001777914585545659,0.00019554235113892002,False,True,True,False
2026-08-16 20:55:42,adapter_ctta,cable,monitor,C:/cira_batch_test/cable/bad_11.png,bad_11.png,anomaly,True,0.19180211424827576,0.19180211424827576,0.09852251798848576,0.09852251798848576,0.08661089912056923,False,False,16000,False,,False,0.0,cpu,patch_nearest_normal,last2,14,0.05,False,,,0.0001733895915094763,0.00019554235113892002,False,True,True,False
2026-08-16 20:55:44,adapter_ctta,cable,monitor,C:/cira_batch_test/cable/bad_9.png,bad_9.png,anomaly,True,0.15765206515789032,0.15765206515789032,0.09852251798848576,0.09852251798848576,0.08661089912056923,False,False,16000,False,,False,0.0,cpu,patch_nearest_normal,last2,14,0.05,False,,,0.00017658887372817844,0.00019554235113892002,False,True,True,False
2026-08-16 20:55:46,adapter_ctta,cable,monitor,C:/cira_batch_test/cable/bad_5.png,bad_5.png,anomaly,True,0.13697579503059387,0.13697579503059387,0.09852251798848576,0.09852251798848576,0.08661089912056923,False,False,16000,False,,False,0.0,cpu,patch_nearest_normal,last2,14,0.05,False,,,0.00017548563482705504,0.00019554235113892002,False,True,True,False
2026-08-16 20:55:47,adapter_ctta,cable,monitor,C:/cira_batch_test/cable/good_9.png,good_9.png,normal,False,0.08737330138683319,0.08737330138683319,0.09852251798848576,0.09852251798848576,0.08661089912056923,False,False,16000,False,,False,0.0,cpu,patch_nearest_normal,last2,14,0.05,False,,,0.00016887095989659429,0.00019554235113892002,False,True,True,False
2026-08-16 20:55:49,adapter_ctta,cable,monitor,C:/cira_batch_test/cable/good_2.png,good_2.png,normal,False,0.0863770991563797,0.08636389672756195,0.09852251798848576,0.09852251798848576,0.08661089912056923,False,False,16000,True,0.00018633277795743197,True,0.0024754153564572334,cpu,patch_nearest_normal,last2,14,0.05,False,,,0.00017216536798514426,0.00019554235113892002,True,True,True,False
2026-08-16 20:55:51,adapter_ctta,cable,monitor,C:/cira_batch_test/cable/bad_2.png,bad_2.png,anomaly,True,0.29155680537223816,0.29155680537223816,0.09852251798848576,0.09852251798848576,0.08661089912056923,False,False,16000,False,,False,0.0,cpu,patch_nearest_normal,last2,14,0.05,False,,,0.00016846900689415634,0.00019554235113892002,False,True,True,False
2026-08-16 20:55:52,adapter_ctta,cable,monitor,C:/cira_batch_test/cable/bad_17.png,bad_17.png,anomaly,True,0.14884230494499207,0.14884230494499207,0.09852251798848576,0.09852251798848576,0.08661089912056923,False,False,16000,False,,False,0.0,cpu,patch_nearest_normal,last2,14,0.05,False,,,0.00018332366016693413,0.00019554235113892002,False,True,True,False
2026-08-16 20:55:54,adapter_ctta,cable,monitor,C:/cira_batch_test/cable/bad_1.png,bad_1.png,anomaly,True,0.25465336441993713,0.25465336441993713,0.09852251798848576,0.09852251798848576,0.08661089912056923,False,False,16000,False,,False,0.0,cpu,patch_nearest_normal,last2,14,0.05,False,,,0.00015287318092305213,0.00019554235113892002,False,True,True,False
2026-08-16 20:55:56,adapter_ctta,cable,monitor,C:/cira_batch_test/cable/good_12.png,good_12.png,normal,False,0.08014343678951263,0.08014361560344696,0.09852251798848576,0.09852251798848576,0.08661089912056923,False,False,16000,True,0.00019052959396503866,True,0.0024850035551935434,cpu,patch_nearest_normal,last2,14,0.05,False,,,0.00016690627671778202,0.00019554235113892002,True,True,True,False
2026-08-16 20:55:58,adapter_ctta,cable,monitor,C:/cira_batch_test/cable/good_18.png,good_18.png,normal,False,0.07403548806905746,0.07404539734125137,0.09852251798848576,0.09852251798848576,0.08661089912056923,False,False,16000,True,0.00017541652778163552,True,0.002482373733073473,cpu,patch_nearest_normal,last2,14,0.05,True,C:\cira_ttl_checkpoints\cable\patch_memory_bank_update_10.pt,C:\cira_ttl_checkpoints\cable\patch_adapter_update_10.pt,0.0001623363932594657,0.00019554235113892002,True,True,True,False
2026-08-16 20:56:00,adapter_ctta,cable,monitor,C:/cira_batch_test/cable/good_17.png,good_17.png,normal,False,0.08303408324718475,0.08302752673625946,0.09852251798848576,0.09852251798848576,0.08661089912056923,False,False,16000,True,0.00017605832545086741,True,0.002472400199621916,cpu,patch_nearest_normal,last2,14,0.05,False,,,0.00016208992747124285,0.00019554235113892002,True,True,True,False
2026-08-16 20:56:01,adapter_ctta,cable,monitor,C:/cira_batch_test/cable/bad_19.png,bad_19.png,normal,False,0.0941167026758194,0.0941167026758194,0.09852251798848576,0.09852251798848576,0.08661089912056923,False,False,16000,False,,False,0.0,cpu,patch_nearest_normal,last2,14,0.05,False,,,0.00015787449956405908,0.00019554235113892002,False,True,True,False
2026-08-16 20:56:03,adapter_ctta,cable,monitor,C:/cira_batch_test/cable/good_1.png,good_1.png,normal,False,0.08907179534435272,0.08907179534435272,0.09852251798848576,0.09852251798848576,0.08661089912056923,False,False,16000,False,,False,0.0,cpu,patch_nearest_normal,last2,14,0.05,False,,,0.00014865190314594656,0.00019554235113892002,False,True,True,False
2026-08-16 20:56:05,adapter_ctta,capsule,monitor,C:/cira_batch_test/capsule/bad_10.png,bad_10.png,anomaly,True,0.06707195937633514,0.06707195937633514,0.04299485732503146,0.04299485732503146,0.031231427378952504,False,False,16000,False,,False,0.0,cpu,patch_nearest_normal,last2,14,0.05,False,,,0.00010191453475272283,0.0001107694308302,False,True,True,False
2026-08-16 20:56:06,adapter_ctta,capsule,monitor,C:/cira_batch_test/capsule/good_16.png,good_16.png,normal,False,0.027401089668273926,0.02737904153764248,0.04299485732503146,0.04299485732503146,0.031231427378952504,False,False,16000,True,0.00011005730630131438,True,0.0030077360570430756,cpu,patch_nearest_normal,last2,14,0.05,False,,,0.00010208199091721326,0.0001107694308302,True,True,True,False
2026-08-16 20:56:08,adapter_ctta,capsule,monitor,C:/cira_batch_test/capsule/bad_12.png,bad_12.png,anomaly,True,0.049232035875320435,0.049232035875320435,0.04299485732503146,0.04299485732503146,0.031231427378952504,False,False,16000,False,,False,0.0,cpu,patch_nearest_normal,last2,14,0.05,False,,,0.00010200098768109456,0.0001107694308302,False,True,True,False
2026-08-16 20:56:10,adapter_ctta,capsule,monitor,C:/cira_batch_test/capsule/good_11.png,good_11.png,normal,False,0.029064977541565895,0.029049599543213844,0.04299485732503146,0.04299485732503146,0.031231427378952504,False,False,16000,True,0.00010696503159124404,True,0.002819882472977042,cpu,patch_nearest_normal,last2,14,0.05,False,,,9.794246579986066e-05,0.0001107694308302,True,True,True,False
2026-08-16 20:56:11,adapter_ctta,capsule,monitor,C:/cira_batch_test/capsule/bad_13.png,bad_13.png,anomaly,True,0.043612994253635406,0.043612994253635406,0.04299485732503146,0.04299485732503146,0.031231427378952504,False,False,16000,False,,False,0.0,cpu,patch_nearest_normal,last2,14,0.05,False,,,9.672311716713011e-05,0.0001107694308302,False,True,True,False
2026-08-16 20:56:13,adapter_ctta,capsule,monitor,C:/cira_batch_test/capsule/good_7.png,good_7.png,anomaly,True,0.06803335249423981,0.06803335249423981,0.04299485732503146,0.04299485732503146,0.031231427378952504,False,False,16000,False,,False,0.0,cpu,patch_nearest_normal,last2,14,0.05,False,,,9.469195356359705e-05,0.0001107694308302,False,True,True,False
2026-08-16 20:56:15,adapter_ctta,capsule,monitor,C:/cira_batch_test/capsule/good_8.png,good_8.png,normal,False,0.0284072645008564,0.02841772511601448,0.04299485732503146,0.04299485732503146,0.031231427378952504,False,False,16000,True,9.554365533404052e-05,True,0.0026730496902018785,cpu,patch_nearest_normal,last2,14,0.05,False,,,8.958886610344052e-05,0.0001107694308302,True,True,True,False
2026-08-16 20:56:16,adapter_ctta,capsule,monitor,C:/cira_batch_test/capsule/bad_20.png,bad_20.png,anomaly,True,0.05227159336209297,0.05227159336209297,0.04299485732503146,0.04299485732503146,0.031231427378952504,False,False,16000,False,,False,0.0,cpu,patch_nearest_normal,last2,14,0.05,False,,,0.00011409328726585954,0.0001107694308302,False,False,True,False
2026-08-16 20:56:18,adapter_ctta,capsule,monitor,C:/cira_batch_test/capsule/good_19.png,good_19.png,normal,False,0.019843459129333496,0.01981833018362522,0.04299485732503146,0.04299485732503146,0.031231427378952504,False,False,16000,True,9.945539204636589e-05,True,0.002644748892635107,cpu,patch_nearest_normal,last2,14,0.05,False,,,9.75208604359068e-05,0.0001107694308302,True,True,True,False
2026-08-16 20:56:20,adapter_ctta,capsule,monitor,C:/cira_batch_test/capsule/bad_3.png,bad_3.png,anomaly,True,0.09454295039176941,0.09454295039176941,0.04299485732503146,0.04299485732503146,0.031231427378952504,False,False,16000,False,,False,0.0,cpu,patch_nearest_normal,last2,14,0.05,False,,,0.00010528008715482429,0.0001107694308302,False,True,True,False
2026-08-16 20:56:21,adapter_ctta,capsule,monitor,C:/cira_batch_test/capsule/bad_7.png,bad_7.png,anomaly,True,0.07439105212688446,0.07439105212688446,0.04299485732503146,0.04299485732503146,0.031231427378952504,False,False,16000,False,,False,0.0,cpu,patch_nearest_normal,last2,14,0.05,False,,,0.00010094053868670017,0.0001107694308302,False,True,True,False
2026-08-16 20:56:23,adapter_ctta,capsule,monitor,C:/cira_batch_test/capsule/bad_15.png,bad_15.png,anomaly,True,0.08049853891134262,0.08049853891134262,0.04299485732503146,0.04299485732503146,0.031231427378952504,False,False,16000,False,,False,0.0,cpu,patch_nearest_normal,last2,14,0.05,False,,,0.00010955948528135195,0.0001107694308302,False,True,True,False
2026-08-16 20:56:25,adapter_ctta,capsule,monitor,C:/cira_batch_test/capsule/good_5.png,good_5.png,normal,False,0.027642274275422096,0.02762180007994175,0.04299485732503146,0.04299485732503146,0.031231427378952504,False,False,16000,True,0.00010951116564683616,True,0.002620671410113573,cpu,patch_nearest_normal,last2,14,0.05,False,,,9.500419400865212e-05,0.0001107694308302,True,True,True,False
2026-08-16 20:56:27,adapter_ctta,capsule,monitor,C:/cira_batch_test/capsule/good_14.png,good_14.png,normal,False,0.024226397275924683,0.02419312670826912,0.04299485732503146,0.04299485732503146,0.031231427378952504,False,False,16000,True,0.00010846857185242698,True,0.0026092987973243,cpu,patch_nearest_normal,last2,14,0.05,False,,,9.97865354293026e-05,0.0001107694308302,True,True,True,False
2026-08-16 20:56:28,adapter_ctta,capsule,monitor,C:/cira_batch_test/capsule/bad_4.png,bad_4.png,normal,False,0.036953944712877274,0.036953944712877274,0.04299485732503146,0.04299485732503146,0.031231427378952504,False,False,16000,False,,False,0.0,cpu,patch_nearest_normal,last2,14,0.05,False,,,9.911053348332644e-05,0.0001107694308302,False,True,True,False
2026-08-16 20:56:30,adapter_ctta,capsule,monitor,C:/cira_batch_test/capsule/good_20.png,good_20.png,normal,False,0.03093249723315239,0.03094835951924324,0.04299485732503146,0.04299485732503146,0.031231427378952504,False,False,16000,True,0.00010715232201619074,True,0.002575057093054056,cpu,patch_nearest_normal,last2,14,0.05,False,,,9.714731277199462e-05,0.0001107694308302,True,True,True,False
2026-08-16 20:56:32,adapter_ctta,capsule,monitor,C:/cira_batch_test/capsule/good_13.png,good_13.png,normal,False,0.025233078747987747,0.025242770090699196,0.04299485732503146,0.04299485732503146,0.031231427378952504,False,False,16000,True,0.00010818414011737332,True,0.0025659753009676933,cpu,patch_nearest_normal,last2,14,0.05,False,,,0.00010204441787209362,0.0001107694308302,True,True,True,False
2026-08-16 20:56:34,adapter_ctta,capsule,monitor,C:/cira_batch_test/capsule/good_15.png,good_15.png,normal,False,0.033913858234882355,0.033913858234882355,0.04299485732503146,0.04299485732503146,0.031231427378952504,False,False,16000,False,,False,0.0,cpu,patch_nearest_normal,last2,14,0.05,False,,,0.00010502332588657737,0.0001107694308302,False,True,True,False
2026-08-16 20:56:36,adapter_ctta,capsule,monitor,C:/cira_batch_test/capsule/good_6.png,good_6.png,normal,False,0.016220003366470337,0.016220789402723312,0.04299485732503146,0.04299485732503146,0.031231427378952504,False,False,16000,True,9.847650653682649e-05,True,0.0025738533586263657,cpu,patch_nearest_normal,last2,14,0.05,False,,,8.940869884099811e-05,0.0001107694308302,True,True,True,False
2026-08-16 20:56:37,adapter_ctta,capsule,monitor,C:/cira_batch_test/capsule/good_4.png,good_4.png,normal,False,0.020543038845062256,0.02054106630384922,0.04299485732503146,0.04299485732503146,0.031231427378952504,False,False,16000,True,0.00011940168042201549,True,0.0025719439145177603,cpu,patch_nearest_normal,last2,14,0.05,True,C:\cira_ttl_checkpoints\capsule\patch_memory_bank_update_10.pt,C:\cira_ttl_checkpoints\capsule\patch_adapter_update_10.pt,0.0001012339853332378,0.0001107694308302,True,True,True,False
2026-08-16 20:56:39,adapter_ctta,capsule,monitor,C:/cira_batch_test/capsule/bad_16.png,bad_16.png,anomaly,True,0.07328515499830246,0.07328515499830246,0.04299485732503146,0.04299485732503146,0.031231427378952504,False,False,16000,False,,False,0.0,cpu,patch_nearest_normal,last2,14,0.05,False,,,9.105811477638781e-05,0.0001107694308302,False,True,True,False
2026-08-16 20:56:41,adapter_ctta,capsule,monitor,C:/cira_batch_test/capsule/good_10.png,good_10.png,normal,False,0.026014000177383423,0.026003818958997726,0.04299485732503146,0.04299485732503146,0.031231427378952504,False,False,16000,True,0.00010340470907976851,True,0.0025704328436404467,cpu,patch_nearest_normal,last2,14,0.05,False,,,8.775531750870869e-05,0.0001107694308302,True,True,True,False
2026-08-16 20:56:42,adapter_ctta,capsule,monitor,C:/cira_batch_test/capsule/bad_18.png,bad_18.png,anomaly,True,0.060150183737277985,0.060150183737277985,0.04299485732503146,0.04299485732503146,0.031231427378952504,False,False,16000,False,,False,0.0,cpu,patch_nearest_normal,last2,14,0.05,False,,,0.0001039973139995709,0.0001107694308302,False,True,True,False
2026-08-16 20:56:44,adapter_ctta,capsule,monitor,C:/cira_batch_test/capsule/good_3.png,good_3.png,normal,False,0.03891472890973091,0.03891472890973091,0.04299485732503146,0.04299485732503146,0.031231427378952504,False,False,16000,False,,False,0.0,cpu,patch_nearest_normal,last2,14,0.05,False,,,0.00010028108226833865,0.0001107694308302,False,True,True,False
2026-08-16 20:56:46,adapter_ctta,capsule,monitor,C:/cira_batch_test/capsule/bad_14.png,bad_14.png,normal,False,0.038052190095186234,0.038052190095186234,0.04299485732503146,0.04299485732503146,0.031231427378952504,False,False,16000,False,,False,0.0,cpu,patch_nearest_normal,last2,14,0.05,False,,,9.499910083832219e-05,0.0001107694308302,False,True,True,False
2026-08-16 20:56:47,adapter_ctta,capsule,monitor,C:/cira_batch_test/capsule/bad_6.png,bad_6.png,anomaly,True,0.12011580169200897,0.12011580169200897,0.04299485732503146,0.04299485732503146,0.031231427378952504,False,False,16000,False,,False,0.0,cpu,patch_nearest_normal,last2,14,0.05,False,,,0.00010024461516877636,0.0001107694308302,False,True,True,False
2026-08-16 20:56:49,adapter_ctta,capsule,monitor,C:/cira_batch_test/capsule/bad_8.png,bad_8.png,anomaly,True,0.12433421611785889,0.12433421611785889,0.04299485732503146,0.04299485732503146,0.031231427378952504,False,False,16000,False,,False,0.0,cpu,patch_nearest_normal,last2,14,0.05,False,,,9.459046850679442e-05,0.0001107694308302,False,True,True,False
2026-08-16 20:56:51,adapter_ctta,capsule,monitor,C:/cira_batch_test/capsule/bad_11.png,bad_11.png,anomaly,True,0.045160144567489624,0.045160144567489624,0.04299485732503146,0.04299485732503146,0.031231427378952504,False,False,16000,False,,False,0.0,cpu,patch_nearest_normal,last2,14,0.05,False,,,8.817942580208182e-05,0.0001107694308302,False,True,True,False
2026-08-16 20:56:52,adapter_ctta,capsule,monitor,C:/cira_batch_test/capsule/bad_9.png,bad_9.png,anomaly,True,0.17554764449596405,0.17554764449596405,0.04299485732503146,0.04299485732503146,0.031231427378952504,False,False,16000,False,,False,0.0,cpu,patch_nearest_normal,last2,14,0.05,False,,,9.863808372756466e-05,0.0001107694308302,False,True,True,False
2026-08-16 20:56:54,adapter_ctta,capsule,monitor,C:/cira_batch_test/capsule/bad_5.png,bad_5.png,normal,False,0.041862718760967255,0.041862718760967255,0.04299485732503146,0.04299485732503146,0.031231427378952504,False,False,16000,False,,False,0.0,cpu,patch_nearest_normal,last2,14,0.05,False,,,9.312332258559763e-05,0.0001107694308302,False,True,True,False
2026-08-16 20:56:56,adapter_ctta,capsule,monitor,C:/cira_batch_test/capsule/good_9.png,good_9.png,normal,False,0.02172720991075039,0.02173323556780815,0.04299485732503146,0.04299485732503146,0.031231427378952504,False,False,16000,True,0.00010226314043393359,True,0.0025722631253302097,cpu,patch_nearest_normal,last2,14,0.05,False,,,9.678981587057933e-05,0.0001107694308302,True,True,True,False
2026-08-16 20:56:57,adapter_ctta,capsule,monitor,C:/cira_batch_test/capsule/good_2.png,good_2.png,normal,False,0.019944678992033005,0.019961554557085037,0.04299485732503146,0.04299485732503146,0.031231427378952504,False,False,16000,True,0.00011391656153136864,True,0.0025870020035654306,cpu,patch_nearest_normal,last2,14,0.05,False,,,9.79276082944125e-05,0.0001107694308302,True,True,True,False
2026-08-16 20:56:59,adapter_ctta,capsule,monitor,C:/cira_batch_test/capsule/bad_2.png,bad_2.png,anomaly,True,0.26571109890937805,0.26571109890937805,0.04299485732503146,0.04299485732503146,0.031231427378952504,False,False,16000,False,,False,0.0,cpu,patch_nearest_normal,last2,14,0.05,False,,,0.00010629957978380844,0.0001107694308302,False,True,True,False
2026-08-16 20:57:01,adapter_ctta,capsule,monitor,C:/cira_batch_test/capsule/bad_17.png,bad_17.png,anomaly,True,0.056980423629283905,0.056980423629283905,0.04299485732503146,0.04299485732503146,0.031231427378952504,False,False,16000,False,,False,0.0,cpu,patch_nearest_normal,last2,14,0.05,False,,,9.237041376763955e-05,0.0001107694308302,False,True,True,False
2026-08-16 20:57:02,adapter_ctta,capsule,monitor,C:/cira_batch_test/capsule/bad_1.png,bad_1.png,anomaly,True,0.1737603098154068,0.1737603098154068,0.04299485732503146,0.04299485732503146,0.031231427378952504,False,False,16000,False,,False,0.0,cpu,patch_nearest_normal,last2,14,0.05,False,,,0.00010166984429815784,0.0001107694308302,False,True,True,False
2026-08-16 20:57:04,adapter_ctta,capsule,monitor,C:/cira_batch_test/capsule/good_12.png,good_12.png,normal,False,0.03670879080891609,0.03670879080891609,0.04299485732503146,0.04299485732503146,0.031231427378952504,False,False,16000,False,,False,0.0,cpu,patch_nearest_normal,last2,14,0.05,False,,,0.00010162436228711158,0.0001107694308302,False,True,True,False
2026-08-16 20:57:06,adapter_ctta,capsule,monitor,C:/cira_batch_test/capsule/good_18.png,good_18.png,normal,False,0.019574379548430443,0.019574379548430443,0.04299485732503146,0.04299485732503146,0.031231427378952504,False,False,16000,False,,False,0.0,cpu,patch_nearest_normal,last2,14,0.05,False,,,0.00011603760503930971,0.0001107694308302,True,False,True,False
2026-08-16 20:57:07,adapter_ctta,capsule,monitor,C:/cira_batch_test/capsule/good_17.png,good_17.png,normal,False,0.02035335823893547,0.02035335823893547,0.04299485732503146,0.04299485732503146,0.031231427378952504,False,False,16000,False,,False,0.0,cpu,patch_nearest_normal,last2,14,0.05,False,,,0.00011804880341514945,0.0001107694308302,True,False,True,False
2026-08-16 20:57:09,adapter_ctta,capsule,monitor,C:/cira_batch_test/capsule/bad_19.png,bad_19.png,anomaly,True,0.11658964306116104,0.11658964306116104,0.04299485732503146,0.04299485732503146,0.031231427378952504,False,False,16000,False,,False,0.0,cpu,patch_nearest_normal,last2,14,0.05,False,,,0.00010575325723038986,0.0001107694308302,False,True,True,False
2026-08-16 20:57:11,adapter_ctta,capsule,monitor,C:/cira_batch_test/capsule/good_1.png,good_1.png,normal,False,0.02427767589688301,0.02427767589688301,0.04299485732503146,0.04299485732503146,0.031231427378952504,False,False,16000,False,,False,0.0,cpu,patch_nearest_normal,last2,14,0.05,False,,,0.0001133907790062949,0.0001107694308302,True,False,True,False
2026-08-16 20:57:12,adapter_ctta,carpet,monitor,C:/cira_batch_test/carpet/bad_10.png,bad_10.png,anomaly,True,0.23354916274547577,0.23354916274547577,0.0343417185988487,0.0343417185988487,0.03367696963250637,False,False,16000,False,,False,0.0,cpu,patch_nearest_normal,last2,14,0.05,False,,,4.827720476896502e-05,6.111156617407686e-05,False,True,True,False
2026-08-16 20:57:14,adapter_ctta,carpet,monitor,C:/cira_batch_test/carpet/good_16.png,good_16.png,anomaly,True,0.03679478168487549,0.03679478168487549,0.0343417185988487,0.0343417185988487,0.03367696963250637,False,False,16000,False,,False,0.0,cpu,patch_nearest_normal,last2,14,0.05,False,,,3.4551339922472835e-05,6.111156617407686e-05,False,True,True,False
2026-08-16 20:57:16,adapter_ctta,carpet,monitor,C:/cira_batch_test/carpet/bad_12.png,bad_12.png,normal,False,0.03406236320734024,0.03406236320734024,0.0343417185988487,0.0343417185988487,0.03367696963250637,False,False,16000,False,,False,0.0,cpu,patch_nearest_normal,last2,14,0.05,False,,,4.296669430914335e-05,6.111156617407686e-05,False,True,True,False
2026-08-16 20:57:17,adapter_ctta,carpet,monitor,C:/cira_batch_test/carpet/good_11.png,good_11.png,anomaly,True,0.04204009100794792,0.04204009100794792,0.0343417185988487,0.0343417185988487,0.03367696963250637,False,False,16000,False,,False,0.0,cpu,patch_nearest_normal,last2,14,0.05,False,,,5.059004979557358e-05,6.111156617407686e-05,False,True,True,False
2026-08-16 20:57:19,adapter_ctta,carpet,monitor,C:/cira_batch_test/carpet/bad_13.png,bad_13.png,anomaly,True,0.03563273698091507,0.03563273698091507,0.0343417185988487,0.0343417185988487,0.03367696963250637,False,False,16000,False,,False,0.0,cpu,patch_nearest_normal,last2,14,0.05,False,,,4.742695455206558e-05,6.111156617407686e-05,False,True,True,False
2026-08-16 20:57:21,adapter_ctta,carpet,monitor,C:/cira_batch_test/carpet/good_7.png,good_7.png,anomaly,True,0.03651086241006851,0.03651086241006851,0.0343417185988487,0.0343417185988487,0.03367696963250637,False,False,16000,False,,False,0.0,cpu,patch_nearest_normal,last2,14,0.05,False,,,3.749390089069493e-05,6.111156617407686e-05,False,True,True,False
2026-08-16 20:57:23,adapter_ctta,carpet,monitor,C:/cira_batch_test/carpet/good_8.png,good_8.png,normal,False,0.031294096261262894,0.03128286078572273,0.0343417185988487,0.0343417185988487,0.03367696963250637,False,False,16000,True,4.5181994209997356e-05,True,0.0029148266185075045,cpu,patch_nearest_normal,last2,14,0.05,False,,,4.4475375034380704e-05,6.111156617407686e-05,True,True,True,False
2026-08-16 20:57:24,adapter_ctta,carpet,monitor,C:/cira_batch_test/carpet/bad_20.png,bad_20.png,anomaly,True,0.1370004117488861,0.1370004117488861,0.0343417185988487,0.0343417185988487,0.03367696963250637,False,False,16000,False,,False,0.0,cpu,patch_nearest_normal,last2,14,0.05,False,,,4.305376569391228e-05,6.111156617407686e-05,False,True,True,False
2026-08-16 20:57:26,adapter_ctta,carpet,monitor,C:/cira_batch_test/carpet/good_19.png,good_19.png,anomaly,True,0.03490970656275749,0.03490970656275749,0.0343417185988487,0.0343417185988487,0.03367696963250637,False,False,16000,False,,False,0.0,cpu,patch_nearest_normal,last2,14,0.05,False,,,5.2273891924414784e-05,6.111156617407686e-05,False,True,True,False
2026-08-16 20:57:27,adapter_ctta,carpet,monitor,C:/cira_batch_test/carpet/bad_3.png,bad_3.png,anomaly,True,0.35504859685897827,0.35504859685897827,0.0343417185988487,0.0343417185988487,0.03367696963250637,False,False,16000,False,,False,0.0,cpu,patch_nearest_normal,last2,14,0.05,False,,,4.792596519109793e-05,6.111156617407686e-05,False,True,True,False
2026-08-16 20:57:29,adapter_ctta,carpet,monitor,C:/cira_batch_test/carpet/bad_7.png,bad_7.png,anomaly,True,0.07347134500741959,0.07347134500741959,0.0343417185988487,0.0343417185988487,0.03367696963250637,False,False,16000,False,,False,0.0,cpu,patch_nearest_normal,last2,14,0.05,False,,,4.636703306459822e-05,6.111156617407686e-05,False,True,True,False
2026-08-16 20:57:31,adapter_ctta,carpet,monitor,C:/cira_batch_test/carpet/bad_15.png,bad_15.png,anomaly,True,0.04103895276784897,0.04103895276784897,0.0343417185988487,0.0343417185988487,0.03367696963250637,False,False,16000,False,,False,0.0,cpu,patch_nearest_normal,last2,14,0.05,False,,,3.489893424557522e-05,6.111156617407686e-05,False,True,True,False
2026-08-16 20:57:32,adapter_ctta,carpet,monitor,C:/cira_batch_test/carpet/good_5.png,good_5.png,anomaly,True,0.034644775092601776,0.034644775092601776,0.0343417185988487,0.0343417185988487,0.03367696963250637,False,False,16000,False,,False,0.0,cpu,patch_nearest_normal,last2,14,0.05,False,,,4.088728383067064e-05,6.111156617407686e-05,False,True,True,False
2026-08-16 20:57:34,adapter_ctta,carpet,monitor,C:/cira_batch_test/carpet/good_14.png,good_14.png,anomaly,True,0.041104696691036224,0.041104696691036224,0.0343417185988487,0.0343417185988487,0.03367696963250637,False,False,16000,False,,False,0.0,cpu,patch_nearest_normal,last2,14,0.05,False,,,3.524286512401886e-05,6.111156617407686e-05,False,True,True,False
2026-08-16 20:57:36,adapter_ctta,carpet,monitor,C:/cira_batch_test/carpet/bad_4.png,bad_4.png,anomaly,True,0.2747545540332794,0.2747545540332794,0.0343417185988487,0.0343417185988487,0.03367696963250637,False,False,16000,False,,False,0.0,cpu,patch_nearest_normal,last2,14,0.05,False,,,5.612978566205129e-05,6.111156617407686e-05,False,True,True,False
2026-08-16 20:57:37,adapter_ctta,carpet,monitor,C:/cira_batch_test/carpet/good_20.png,good_20.png,anomaly,True,0.03834056854248047,0.03834056854248047,0.0343417185988487,0.0343417185988487,0.03367696963250637,False,False,16000,False,,False,0.0,cpu,patch_nearest_normal,last2,14,0.05,False,,,5.460647298605181e-05,6.111156617407686e-05,False,True,True,False
2026-08-16 20:57:39,adapter_ctta,carpet,monitor,C:/cira_batch_test/carpet/good_13.png,good_13.png,anomaly,True,0.03613182157278061,0.03613182157278061,0.0343417185988487,0.0343417185988487,0.03367696963250637,False,False,16000,False,,False,0.0,cpu,patch_nearest_normal,last2,14,0.05,False,,,3.262209793319926e-05,6.111156617407686e-05,False,True,True,False
2026-08-16 20:57:41,adapter_ctta,carpet,monitor,C:/cira_batch_test/carpet/good_15.png,good_15.png,anomaly,True,0.04128924012184143,0.04128924012184143,0.0343417185988487,0.0343417185988487,0.03367696963250637,False,False,16000,False,,False,0.0,cpu,patch_nearest_normal,last2,14,0.05,False,,,3.367854515090585e-05,6.111156617407686e-05,False,True,True,False
2026-08-16 20:57:42,adapter_ctta,carpet,monitor,C:/cira_batch_test/carpet/good_6.png,good_6.png,anomaly,True,0.03453998640179634,0.03453998640179634,0.0343417185988487,0.0343417185988487,0.03367696963250637,False,False,16000,False,,False,0.0,cpu,patch_nearest_normal,last2,14,0.05,False,,,3.707403811858967e-05,6.111156617407686e-05,False,True,True,False
2026-08-16 20:57:44,adapter_ctta,carpet,monitor,C:/cira_batch_test/carpet/good_4.png,good_4.png,normal,False,0.03338593244552612,0.03335598111152649,0.0343417185988487,0.0343417185988487,0.03367696963250637,False,False,16000,True,4.5837412471883e-05,True,0.0027964042965322733,cpu,patch_nearest_normal,last2,14,0.05,False,,,3.701097011798993e-05,6.111156617407686e-05,True,True,True,False
2026-08-16 20:57:46,adapter_ctta,carpet,monitor,C:/cira_batch_test/carpet/bad_16.png,bad_16.png,anomaly,True,0.13161562383174896,0.13161562383174896,0.0343417185988487,0.0343417185988487,0.03367696963250637,False,False,16000,False,,False,0.0,cpu,patch_nearest_normal,last2,14,0.05,False,,,5.231332397670485e-05,6.111156617407686e-05,False,True,True,False
2026-08-16 20:57:48,adapter_ctta,carpet,monitor,C:/cira_batch_test/carpet/good_10.png,good_10.png,anomaly,True,0.03941890597343445,0.03941890597343445,0.0343417185988487,0.0343417185988487,0.03367696963250637,False,False,16000,False,,False,0.0,cpu,patch_nearest_normal,last2,14,0.05,False,,,3.292991823400371e-05,6.111156617407686e-05,False,True,True,False
2026-08-16 20:57:49,adapter_ctta,carpet,monitor,C:/cira_batch_test/carpet/bad_18.png,bad_18.png,anomaly,True,0.33225908875465393,0.33225908875465393,0.0343417185988487,0.0343417185988487,0.03367696963250637,False,False,16000,False,,False,0.0,cpu,patch_nearest_normal,last2,14,0.05,False,,,5.151643927092664e-05,6.111156617407686e-05,False,True,True,False
2026-08-16 20:57:51,adapter_ctta,carpet,monitor,C:/cira_batch_test/carpet/good_3.png,good_3.png,anomaly,True,0.034457020461559296,0.034457020461559296,0.0343417185988487,0.0343417185988487,0.03367696963250637,False,False,16000,False,,False,0.0,cpu,patch_nearest_normal,last2,14,0.05,False,,,3.898588693118654e-05,6.111156617407686e-05,False,True,True,False
2026-08-16 20:57:53,adapter_ctta,carpet,monitor,C:/cira_batch_test/carpet/bad_14.png,bad_14.png,anomaly,True,0.21692590415477753,0.21692590415477753,0.0343417185988487,0.0343417185988487,0.03367696963250637,False,False,16000,False,,False,0.0,cpu,patch_nearest_normal,last2,14,0.05,False,,,5.773518932983279e-05,6.111156617407686e-05,False,True,True,False
2026-08-16 20:57:55,adapter_ctta,carpet,monitor,C:/cira_batch_test/carpet/bad_6.png,bad_6.png,anomaly,True,0.1087784543633461,0.1087784543633461,0.0343417185988487,0.0343417185988487,0.03367696963250637,False,False,16000,False,,False,0.0,cpu,patch_nearest_normal,last2,14,0.05,False,,,4.2341172957094386e-05,6.111156617407686e-05,False,True,True,False
2026-08-16 20:57:56,adapter_ctta,carpet,monitor,C:/cira_batch_test/carpet/bad_8.png,bad_8.png,anomaly,True,0.2967817187309265,0.2967817187309265,0.0343417185988487,0.0343417185988487,0.03367696963250637,False,False,16000,False,,False,0.0,cpu,patch_nearest_normal,last2,14,0.05,False,,,5.810414950246923e-05,6.111156617407686e-05,False,True,True,False
2026-08-16 20:57:58,adapter_ctta,carpet,monitor,C:/cira_batch_test/carpet/bad_11.png,bad_11.png,anomaly,True,0.08791136741638184,0.08791136741638184,0.0343417185988487,0.0343417185988487,0.03367696963250637,False,False,16000,False,,False,0.0,cpu,patch_nearest_normal,last2,14,0.05,False,,,5.212290125200525e-05,6.111156617407686e-05,False,True,True,False
2026-08-16 20:58:00,adapter_ctta,carpet,monitor,C:/cira_batch_test/carpet/bad_9.png,bad_9.png,anomaly,True,0.3493407368659973,0.3493407368659973,0.0343417185988487,0.0343417185988487,0.03367696963250637,False,False,16000,False,,False,0.0,cpu,patch_nearest_normal,last2,14,0.05,False,,,6.07503425271716e-05,6.111156617407686e-05,False,True,True,False
2026-08-16 20:58:01,adapter_ctta,carpet,monitor,C:/cira_batch_test/carpet/bad_5.png,bad_5.png,anomaly,True,0.23436769843101501,0.23436769843101501,0.0343417185988487,0.0343417185988487,0.03367696963250637,False,False,16000,False,,False,0.0,cpu,patch_nearest_normal,last2,14,0.05,False,,,5.3881649364484474e-05,6.111156617407686e-05,False,True,True,False
2026-08-16 20:58:03,adapter_ctta,carpet,monitor,C:/cira_batch_test/carpet/good_9.png,good_9.png,anomaly,True,0.05319328233599663,0.05319328233599663,0.0343417185988487,0.0343417185988487,0.03367696963250637,False,False,16000,False,,False,0.0,cpu,patch_nearest_normal,last2,14,0.05,False,,,3.339294562465511e-05,6.111156617407686e-05,False,True,True,False
2026-08-16 20:58:05,adapter_ctta,carpet,monitor,C:/cira_batch_test/carpet/good_2.png,good_2.png,normal,False,0.033175937831401825,0.03322881460189819,0.0343417185988487,0.0343417185988487,0.03367696963250637,False,False,16000,True,5.8235171309206635e-05,True,0.002664528787136078,cpu,patch_nearest_normal,last2,14,0.05,False,,,4.9399008275941014e-05,6.111156617407686e-05,True,True,True,False
2026-08-16 20:58:07,adapter_ctta,carpet,monitor,C:/cira_batch_test/carpet/bad_2.png,bad_2.png,anomaly,True,0.1552952080965042,0.1552952080965042,0.0343417185988487,0.0343417185988487,0.03367696963250637,False,False,16000,False,,False,0.0,cpu,patch_nearest_normal,last2,14,0.05,False,,,5.734740261686966e-05,6.111156617407686e-05,False,True,True,False
2026-08-16 20:58:09,adapter_ctta,carpet,monitor,C:/cira_batch_test/carpet/bad_17.png,bad_17.png,anomaly,True,0.05066009238362312,0.05066009238362312,0.0343417185988487,0.0343417185988487,0.03367696963250637,False,False,16000,False,,False,0.0,cpu,patch_nearest_normal,last2,14,0.05,False,,,6.088128429837525e-05,6.111156617407686e-05,False,True,True,False
2026-08-16 20:58:10,adapter_ctta,carpet,monitor,C:/cira_batch_test/carpet/bad_1.png,bad_1.png,anomaly,True,0.061533134430646896,0.061533134430646896,0.0343417185988487,0.0343417185988487,0.03367696963250637,False,False,16000,False,,False,0.0,cpu,patch_nearest_normal,last2,14,0.05,False,,,5.241234612185508e-05,6.111156617407686e-05,False,True,True,False
2026-08-16 20:58:12,adapter_ctta,carpet,monitor,C:/cira_batch_test/carpet/good_12.png,good_12.png,normal,False,0.03417064994573593,0.03417064994573593,0.0343417185988487,0.0343417185988487,0.03367696963250637,False,False,16000,False,,False,0.0,cpu,patch_nearest_normal,last2,14,0.05,False,,,5.076800880488008e-05,6.111156617407686e-05,False,True,True,False
2026-08-16 20:58:14,adapter_ctta,carpet,monitor,C:/cira_batch_test/carpet/good_18.png,good_18.png,normal,False,0.02809932827949524,0.02814236283302307,0.0343417185988487,0.0343417185988487,0.03367696963250637,False,False,16000,True,6.085841232561506e-05,True,0.002624939428642392,cpu,patch_nearest_normal,last2,14,0.05,False,,,4.5440607209457085e-05,6.111156617407686e-05,True,True,True,False
2026-08-16 20:58:16,adapter_ctta,carpet,monitor,C:/cira_batch_test/carpet/good_17.png,good_17.png,normal,False,0.032046448439359665,0.032091982662677765,0.0343417185988487,0.0343417185988487,0.03367696963250637,False,False,16000,True,4.7554342017974705e-05,True,0.0025940320920199156,cpu,patch_nearest_normal,last2,14,0.05,False,,,4.464098674361594e-05,6.111156617407686e-05,True,True,True,False
2026-08-16 20:58:17,adapter_ctta,carpet,monitor,C:/cira_batch_test/carpet/bad_19.png,bad_19.png,anomaly,True,0.11388130486011505,0.11388130486011505,0.0343417185988487,0.0343417185988487,0.03367696963250637,False,False,16000,False,,False,0.0,cpu,patch_nearest_normal,last2,14,0.05,False,,,4.663535946747288e-05,6.111156617407686e-05,False,True,True,False
2026-08-16 20:58:19,adapter_ctta,carpet,monitor,C:/cira_batch_test/carpet/good_1.png,good_1.png,normal,False,0.026121562346816063,0.0261570755392313,0.0343417185988487,0.0343417185988487,0.03367696963250637,False,False,16000,True,4.8541965952608734e-05,True,0.002559586428105831,cpu,patch_nearest_normal,last2,14,0.05,False,,,4.476858885027468e-05,6.111156617407686e-05,True,True,True,False
2026-08-16 20:58:21,adapter_ctta,grid,monitor,C:/cira_batch_test/grid/bad_10.png,bad_10.png,anomaly,True,0.07286384701728821,0.07286384701728821,0.053714152485093335,0.053714152485093335,0.04894002191722393,False,False,16000,False,,False,0.0,cpu,patch_nearest_normal,last2,14,0.05,False,,,0.00012434995733201504,0.00020260438468534505,False,True,True,False
2026-08-16 20:58:22,adapter_ctta,grid,monitor,C:/cira_batch_test/grid/good_16.png,good_16.png,anomaly,True,0.053874604403972626,0.053874604403972626,0.053714152485093335,0.053714152485093335,0.04894002191722393,False,False,16000,False,,False,0.0,cpu,patch_nearest_normal,last2,14,0.05,False,,,0.00016876366862561554,0.00020260438468534505,False,True,True,False
2026-08-16 20:58:24,adapter_ctta,grid,monitor,C:/cira_batch_test/grid/bad_12.png,bad_12.png,anomaly,True,0.10632707923650742,0.10632707923650742,0.053714152485093335,0.053714152485093335,0.04894002191722393,False,False,16000,False,,False,0.0,cpu,patch_nearest_normal,last2,14,0.05,False,,,0.0002026812289841473,0.00020260438468534505,False,False,True,False
2026-08-16 20:58:26,adapter_ctta,grid,monitor,C:/cira_batch_test/grid/good_11.png,good_11.png,normal,False,0.04442182183265686,0.04439825937151909,0.053714152485093335,0.053714152485093335,0.04894002191722393,False,False,16000,True,0.00012202541256556287,True,0.0029607617761939764,cpu,patch_nearest_normal,last2,14,0.05,False,,,0.00011026971333194524,0.00020260438468534505,True,True,True,False
2026-08-16 20:58:28,adapter_ctta,grid,monitor,C:/cira_batch_test/grid/bad_13.png,bad_13.png,normal,False,0.04785119742155075,0.047877680510282516,0.053714152485093335,0.053714152485093335,0.04894002191722393,False,False,16000,True,0.0001200084006995894,True,0.0024537676945328712,cpu,patch_nearest_normal,last2,14,0.05,False,,,0.00011000098311342299,0.00020260438468534505,True,True,True,False
2026-08-16 20:58:29,adapter_ctta,grid,monitor,C:/cira_batch_test/grid/good_7.png,good_7.png,anomaly,True,0.05751577019691467,0.05751577019691467,0.053714152485093335,0.053714152485093335,0.04894002191722393,False,False,16000,False,,False,0.0,cpu,patch_nearest_normal,last2,14,0.05,False,,,0.00011987418110948056,0.00020260438468534505,False,True,True,False
2026-08-16 20:58:31,adapter_ctta,grid,monitor,C:/cira_batch_test/grid/good_8.png,good_8.png,normal,False,0.04488126188516617,0.04486382007598877,0.053714152485093335,0.053714152485093335,0.04894002191722393,False,False,16000,True,0.00012359916581772268,True,0.0022281892597675323,cpu,patch_nearest_normal,last2,14,0.05,False,,,0.00011541451385710388,0.00020260438468534505,True,True,True,False
2026-08-16 20:58:33,adapter_ctta,grid,monitor,C:/cira_batch_test/grid/bad_20.png,bad_20.png,normal,False,0.05340162664651871,0.05340162664651871,0.053714152485093335,0.053714152485093335,0.04894002191722393,False,False,16000,False,,False,0.0,cpu,patch_nearest_normal,last2,14,0.05,False,,,0.00011073471250711009,0.00020260438468534505,False,True,True,False
2026-08-16 20:58:34,adapter_ctta,grid,monitor,C:/cira_batch_test/grid/good_19.png,good_19.png,anomaly,True,0.06417322158813477,0.06417322158813477,0.053714152485093335,0.053714152485093335,0.04894002191722393,False,False,16000,False,,False,0.0,cpu,patch_nearest_normal,last2,14,0.05,False,,,0.00012281048111617565,0.00020260438468534505,False,True,True,False
2026-08-16 20:58:36,adapter_ctta,grid,monitor,C:/cira_batch_test/grid/bad_3.png,bad_3.png,anomaly,True,0.06522432714700699,0.06522432714700699,0.053714152485093335,0.053714152485093335,0.04894002191722393,False,False,16000,False,,False,0.0,cpu,patch_nearest_normal,last2,14,0.05,False,,,0.0001199025718960911,0.00020260438468534505,False,True,True,False
2026-08-16 20:58:38,adapter_ctta,grid,monitor,C:/cira_batch_test/grid/bad_7.png,bad_7.png,anomaly,True,0.11591850221157074,0.11591850221157074,0.053714152485093335,0.053714152485093335,0.04894002191722393,False,False,16000,False,,False,0.0,cpu,patch_nearest_normal,last2,14,0.05,False,,,0.00012149502435931936,0.00020260438468534505,False,True,True,False
2026-08-16 20:58:39,adapter_ctta,grid,monitor,C:/cira_batch_test/grid/bad_15.png,bad_15.png,anomaly,True,0.0647658035159111,0.0647658035159111,0.053714152485093335,0.053714152485093335,0.04894002191722393,False,False,16000,False,,False,0.0,cpu,patch_nearest_normal,last2,14,0.05,False,,,0.00016099054482765496,0.00020260438468534505,False,True,True,False
2026-08-16 20:58:41,adapter_ctta,grid,monitor,C:/cira_batch_test/grid/good_5.png,good_5.png,anomaly,True,0.06400920450687408,0.06400920450687408,0.053714152485093335,0.053714152485093335,0.04894002191722393,False,False,16000,False,,False,0.0,cpu,patch_nearest_normal,last2,14,0.05,False,,,0.00012166345550213009,0.00020260438468534505,False,True,True,False
2026-08-16 20:58:42,adapter_ctta,grid,monitor,C:/cira_batch_test/grid/good_14.png,good_14.png,normal,False,0.04958375543355942,0.04958375543355942,0.053714152485093335,0.053714152485093335,0.04894002191722393,False,False,16000,False,,False,0.0,cpu,patch_nearest_normal,last2,14,0.05,False,,,0.00016103031521197408,0.00020260438468534505,False,True,True,False
2026-08-16 20:58:44,adapter_ctta,grid,monitor,C:/cira_batch_test/grid/bad_4.png,bad_4.png,anomaly,True,0.09605257958173752,0.09605257958173752,0.053714152485093335,0.053714152485093335,0.04894002191722393,False,False,16000,False,,False,0.0,cpu,patch_nearest_normal,last2,14,0.05,False,,,0.00011805355461547151,0.00020260438468534505,False,True,True,False
2026-08-16 20:58:46,adapter_ctta,grid,monitor,C:/cira_batch_test/grid/good_20.png,good_20.png,normal,False,0.04746447131037712,0.047438908368349075,0.053714152485093335,0.053714152485093335,0.04894002191722393,False,False,16000,True,0.00014975691738072783,True,0.0022096179891377687,cpu,patch_nearest_normal,last2,14,0.05,False,,,0.00013852115080226213,0.00020260438468534505,True,True,True,False
2026-08-16 20:58:48,adapter_ctta,grid,monitor,C:/cira_batch_test/grid/good_13.png,good_13.png,normal,False,0.04493755102157593,0.0449245348572731,0.053714152485093335,0.053714152485093335,0.04894002191722393,False,False,16000,True,0.00011460937093943357,True,0.0021745734848082066,cpu,patch_nearest_normal,last2,14,0.05,False,,,0.00011300540791125968,0.00020260438468534505,True,True,True,False
2026-08-16 20:58:49,adapter_ctta,grid,monitor,C:/cira_batch_test/grid/good_15.png,good_15.png,normal,False,0.03733263537287712,0.03729758784174919,0.053714152485093335,0.053714152485093335,0.04894002191722393,False,False,16000,True,0.00013216679508332163,True,0.002153657376766205,cpu,patch_nearest_normal,last2,14,0.05,False,,,0.00012437357509043068,0.00020260438468534505,True,True,True,False
2026-08-16 20:58:51,adapter_ctta,grid,monitor,C:/cira_batch_test/grid/good_6.png,good_6.png,anomaly,True,0.06389525532722473,0.06389525532722473,0.053714152485093335,0.053714152485093335,0.04894002191722393,False,False,16000,False,,False,0.0,cpu,patch_nearest_normal,last2,14,0.05,False,,,0.00010740607103798538,0.00020260438468534505,False,True,True,False
2026-08-16 20:58:53,adapter_ctta,grid,monitor,C:/cira_batch_test/grid/good_4.png,good_4.png,anomaly,True,0.055838972330093384,0.055838972330093384,0.053714152485093335,0.053714152485093335,0.04894002191722393,False,False,16000,False,,False,0.0,cpu,patch_nearest_normal,last2,14,0.05,False,,,0.0002300994674442336,0.00020260438468534505,False,False,True,False
2026-08-16 20:58:54,adapter_ctta,grid,monitor,C:/cira_batch_test/grid/bad_16.png,bad_16.png,anomaly,True,0.0583968348801136,0.0583968348801136,0.053714152485093335,0.053714152485093335,0.04894002191722393,False,False,16000,False,,False,0.0,cpu,patch_nearest_normal,last2,14,0.05,False,,,0.00013750290963798761,0.00020260438468534505,False,True,True,False
2026-08-16 20:58:56,adapter_ctta,grid,monitor,C:/cira_batch_test/grid/good_10.png,good_10.png,normal,False,0.04511146619915962,0.04509621113538742,0.053714152485093335,0.053714152485093335,0.04894002191722393,False,False,16000,True,0.00014096077939029783,True,0.0021661592181771994,cpu,patch_nearest_normal,last2,14,0.05,False,,,0.0001280610595131293,0.00020260438468534505,True,True,True,False
2026-08-16 20:58:58,adapter_ctta,grid,monitor,C:/cira_batch_test/grid/bad_18.png,bad_18.png,anomaly,True,0.06103109195828438,0.06103109195828438,0.053714152485093335,0.053714152485093335,0.04894002191722393,False,False,16000,False,,False,0.0,cpu,patch_nearest_normal,last2,14,0.05,False,,,0.00015902754967100918,0.00020260438468534505,False,True,True,False
2026-08-16 20:58:59,adapter_ctta,grid,monitor,C:/cira_batch_test/grid/good_3.png,good_3.png,normal,False,0.046783722937107086,0.046783722937107086,0.053714152485093335,0.053714152485093335,0.04894002191722393,False,False,16000,False,,False,0.0,cpu,patch_nearest_normal,last2,14,0.05,False,,,0.00020530525944195688,0.00020260438468534505,True,False,True,False
2026-08-16 20:59:01,adapter_ctta,grid,monitor,C:/cira_batch_test/grid/bad_14.png,bad_14.png,normal,False,0.05288086086511612,0.05288086086511612,0.053714152485093335,0.053714152485093335,0.04894002191722393,False,False,16000,False,,False,0.0,cpu,patch_nearest_normal,last2,14,0.05,False,,,0.00011556348181329668,0.00020260438468534505,False,True,True,False
2026-08-16 20:59:03,adapter_ctta,grid,monitor,C:/cira_batch_test/grid/bad_6.png,bad_6.png,normal,False,0.04618804529309273,0.04617397114634514,0.053714152485093335,0.053714152485093335,0.04894002191722393,False,False,16000,True,0.00012138616148149595,True,0.0020619079004973173,cpu,patch_nearest_normal,last2,14,0.05,False,,,0.00011479209933895618,0.00020260438468534505,True,True,True,False
2026-08-16 20:59:04,adapter_ctta,grid,monitor,C:/cira_batch_test/grid/bad_8.png,bad_8.png,normal,False,0.046630315482616425,0.04662378504872322,0.053714152485093335,0.053714152485093335,0.04894002191722393,False,False,16000,True,0.0001628462050575763,True,0.002100652549415827,cpu,patch_nearest_normal,last2,14,0.05,False,,,0.00014470040332525969,0.00020260438468534505,True,True,True,False
2026-08-16 20:59:06,adapter_ctta,grid,monitor,C:/cira_batch_test/grid/bad_11.png,bad_11.png,anomaly,True,0.056279659271240234,0.056279659271240234,0.053714152485093335,0.053714152485093335,0.04894002191722393,False,False,16000,False,,False,0.0,cpu,patch_nearest_normal,last2,14,0.05,False,,,0.00017519984976388514,0.00020260438468534505,False,True,True,False
2026-08-16 20:59:08,adapter_ctta,grid,monitor,C:/cira_batch_test/grid/bad_9.png,bad_9.png,anomaly,True,0.06430140137672424,0.06430140137672424,0.053714152485093335,0.053714152485093335,0.04894002191722393,False,False,16000,False,,False,0.0,cpu,patch_nearest_normal,last2,14,0.05,False,,,0.00011558352707652375,0.00020260438468534505,False,True,True,False
2026-08-16 20:59:09,adapter_ctta,grid,monitor,C:/cira_batch_test/grid/bad_5.png,bad_5.png,anomaly,True,0.06586146354675293,0.06586146354675293,0.053714152485093335,0.053714152485093335,0.04894002191722393,False,False,16000,False,,False,0.0,cpu,patch_nearest_normal,last2,14,0.05,False,,,0.00013769559154752642,0.00020260438468534505,False,True,True,False
2026-08-16 20:59:11,adapter_ctta,grid,monitor,C:/cira_batch_test/grid/good_9.png,good_9.png,normal,False,0.0455564484000206,0.04552755504846573,0.053714152485093335,0.053714152485093335,0.04894002191722393,False,False,16000,True,0.00013725683675147593,True,0.002083609579131007,cpu,patch_nearest_normal,last2,14,0.05,True,C:\cira_ttl_checkpoints\grid\patch_memory_bank_update_10.pt,C:\cira_ttl_checkpoints\grid\patch_adapter_update_10.pt,0.00012163728388259187,0.00020260438468534505,True,True,True,False
2026-08-16 20:59:13,adapter_ctta,grid,monitor,C:/cira_batch_test/grid/good_2.png,good_2.png,normal,False,0.04946288466453552,0.04946288466453552,0.053714152485093335,0.053714152485093335,0.04894002191722393,False,False,16000,False,,False,0.0,cpu,patch_nearest_normal,last2,14,0.05,False,,,0.00017436358029954135,0.00020260438468534505,False,True,True,False
2026-08-16 20:59:14,adapter_ctta,grid,monitor,C:/cira_batch_test/grid/bad_2.png,bad_2.png,anomaly,True,0.056480519473552704,0.056480519473552704,0.053714152485093335,0.053714152485093335,0.04894002191722393,False,False,16000,False,,False,0.0,cpu,patch_nearest_normal,last2,14,0.05,False,,,0.00018951285164803267,0.00020260438468534505,False,True,True,False
2026-08-16 20:59:16,adapter_ctta,grid,monitor,C:/cira_batch_test/grid/bad_17.png,bad_17.png,normal,False,0.0496736541390419,0.0496736541390419,0.053714152485093335,0.053714152485093335,0.04894002191722393,False,False,16000,False,,False,0.0,cpu,patch_nearest_normal,last2,14,0.05,False,,,9.331455657957122e-05,0.00020260438468534505,False,True,True,False
2026-08-16 20:59:17,adapter_ctta,grid,monitor,C:/cira_batch_test/grid/bad_1.png,bad_1.png,anomaly,True,0.08829580992460251,0.08829580992460251,0.053714152485093335,0.053714152485093335,0.04894002191722393,False,False,16000,False,,False,0.0,cpu,patch_nearest_normal,last2,14,0.05,False,,,0.0002046156005235389,0.00020260438468534505,False,False,True,False
2026-08-16 20:59:19,adapter_ctta,grid,monitor,C:/cira_batch_test/grid/good_12.png,good_12.png,normal,False,0.03915897756814957,0.03914926201105118,0.053714152485093335,0.053714152485093335,0.04894002191722393,False,False,16000,True,0.00015635690942872316,True,0.0020821804646402597,cpu,patch_nearest_normal,last2,14,0.05,False,,,0.0001431444543413818,0.00020260438468534505,True,True,True,False
2026-08-16 20:59:21,adapter_ctta,grid,monitor,C:/cira_batch_test/grid/good_18.png,good_18.png,anomaly,True,0.05506656691431999,0.05506656691431999,0.053714152485093335,0.053714152485093335,0.04894002191722393,False,False,16000,False,,False,0.0,cpu,patch_nearest_normal,last2,14,0.05,False,,,0.00012850989878643304,0.00020260438468534505,False,True,True,False
2026-08-16 20:59:23,adapter_ctta,grid,monitor,C:/cira_batch_test/grid/good_17.png,good_17.png,normal,False,0.043897319585084915,0.04390617460012436,0.053714152485093335,0.053714152485093335,0.04894002191722393,False,False,16000,True,0.00019215582869946957,True,0.002104048151522875,cpu,patch_nearest_normal,last2,14,0.05,False,,,0.0001855394075391814,0.00020260438468534505,True,True,True,False
2026-08-16 20:59:24,adapter_ctta,grid,monitor,C:/cira_batch_test/grid/bad_19.png,bad_19.png,anomaly,True,0.10960634797811508,0.10960634797811508,0.053714152485093335,0.053714152485093335,0.04894002191722393,False,False,16000,False,,False,0.0,cpu,patch_nearest_normal,last2,14,0.05,False,,,0.00014231451496016234,0.00020260438468534505,False,True,True,False
2026-08-16 20:59:26,adapter_ctta,grid,monitor,C:/cira_batch_test/grid/good_1.png,good_1.png,anomaly,True,0.05834795907139778,0.05834795907139778,0.053714152485093335,0.053714152485093335,0.04894002191722393,False,False,16000,False,,False,0.0,cpu,patch_nearest_normal,last2,14,0.05,False,,,0.00020415039034560323,0.00020260438468534505,False,False,True,False
2026-08-16 20:59:27,adapter_ctta,hazelnut,monitor,C:/cira_batch_test/hazelnut/bad_10.png,bad_10.png,anomaly,True,0.24062328040599823,0.24062328040599823,0.11622385221571559,0.11622385221571559,0.11048602908849717,False,False,16000,False,,False,0.0,cpu,patch_nearest_normal,last2,14,0.05,False,,,0.00014164157619234174,0.00018771860486589,False,True,True,False
2026-08-16 20:59:29,adapter_ctta,hazelnut,monitor,C:/cira_batch_test/hazelnut/good_16.png,good_16.png,normal,False,0.09578574448823929,0.0957106202840805,0.11622385221571559,0.11622385221571559,0.11048602908849717,False,False,16000,True,0.0001779224257916212,True,0.0030181726906448603,cpu,patch_nearest_normal,last2,14,0.05,False,,,0.00013380256132222712,0.00018771860486589,True,True,True,False
2026-08-16 20:59:31,adapter_ctta,hazelnut,monitor,C:/cira_batch_test/hazelnut/bad_12.png,bad_12.png,anomaly,True,0.12884044647216797,0.12884044647216797,0.11622385221571559,0.11622385221571559,0.11048602908849717,False,False,16000,False,,False,0.0,cpu,patch_nearest_normal,last2,14,0.05,False,,,0.00015505863120779395,0.00018771860486589,False,True,True,False
2026-08-16 20:59:33,adapter_ctta,hazelnut,monitor,C:/cira_batch_test/hazelnut/good_11.png,good_11.png,normal,False,0.10447581857442856,0.10438565909862518,0.11622385221571559,0.11622385221571559,0.11048602908849717,False,False,16000,True,0.0001780180464265868,True,0.002639644779264927,cpu,patch_nearest_normal,last2,14,0.05,False,,,0.00015597036690451205,0.00018771860486589,True,True,True,False
2026-08-16 20:59:35,adapter_ctta,hazelnut,monitor,C:/cira_batch_test/hazelnut/bad_13.png,bad_13.png,anomaly,True,0.12626607716083527,0.12626607716083527,0.11622385221571559,0.11622385221571559,0.11048602908849717,False,False,16000,False,,False,0.0,cpu,patch_nearest_normal,last2,14,0.05,False,,,0.00012428367335814983,0.00018771860486589,False,True,True,False
2026-08-16 20:59:36,adapter_ctta,hazelnut,monitor,C:/cira_batch_test/hazelnut/good_7.png,good_7.png,normal,False,0.10396891832351685,0.10388090461492538,0.11622385221571559,0.11622385221571559,0.11048602908849717,False,False,16000,True,0.00015896253171376884,True,0.0025386137422174215,cpu,patch_nearest_normal,last2,14,0.05,False,,,0.0001404875802109018,0.00018771860486589,True,True,True,False
2026-08-16 20:59:38,adapter_ctta,hazelnut,monitor,C:/cira_batch_test/hazelnut/good_8.png,good_8.png,normal,False,0.10972706228494644,0.10969694703817368,0.11622385221571559,0.11622385221571559,0.11048602908849717,False,False,16000,True,0.000164120108820498,True,0.0025086402893066406,cpu,patch_nearest_normal,last2,14,0.05,False,,,0.00015245781105477363,0.00018771860486589,True,True,True,False
2026-08-16 20:59:40,adapter_ctta,hazelnut,monitor,C:/cira_batch_test/hazelnut/bad_20.png,bad_20.png,anomaly,True,0.23096199333667755,0.23096199333667755,0.11622385221571559,0.11622385221571559,0.11048602908849717,False,False,16000,False,,False,0.0,cpu,patch_nearest_normal,last2,14,0.05,False,,,0.0001352393301203847,0.00018771860486589,False,True,True,False
2026-08-16 20:59:42,adapter_ctta,hazelnut,monitor,C:/cira_batch_test/hazelnut/good_19.png,good_19.png,normal,False,0.10253699868917465,0.10248756408691406,0.11622385221571559,0.11622385221571559,0.11048602908849717,False,False,16000,True,0.00015767804870847613,True,0.0024707296397536993,cpu,patch_nearest_normal,last2,14,0.05,False,,,0.00013005548680666834,0.00018771860486589,True,True,True,False
2026-08-16 20:59:43,adapter_ctta,hazelnut,monitor,C:/cira_batch_test/hazelnut/bad_3.png,bad_3.png,anomaly,True,0.21239662170410156,0.21239662170410156,0.11622385221571559,0.11622385221571559,0.11048602908849717,False,False,16000,False,,False,0.0,cpu,patch_nearest_normal,last2,14,0.05,False,,,0.000155228452058509,0.00018771860486589,False,True,True,False
2026-08-16 20:59:45,adapter_ctta,hazelnut,monitor,C:/cira_batch_test/hazelnut/bad_7.png,bad_7.png,anomaly,True,0.2032310962677002,0.2032310962677002,0.11622385221571559,0.11622385221571559,0.11048602908849717,False,False,16000,False,,False,0.0,cpu,patch_nearest_normal,last2,14,0.05,False,,,0.0001282135781366378,0.00018771860486589,False,True,True,False
2026-08-16 20:59:47,adapter_ctta,hazelnut,monitor,C:/cira_batch_test/hazelnut/bad_15.png,bad_15.png,anomaly,True,0.22496123611927032,0.22496123611927032,0.11622385221571559,0.11622385221571559,0.11048602908849717,False,False,16000,False,,False,0.0,cpu,patch_nearest_normal,last2,14,0.05,False,,,0.00013084812962915748,0.00018771860486589,False,True,True,False
2026-08-16 20:59:48,adapter_ctta,hazelnut,monitor,C:/cira_batch_test/hazelnut/good_5.png,good_5.png,normal,False,0.08748653531074524,0.08744043856859207,0.11622385221571559,0.11622385221571559,0.11048602908849717,False,False,16000,True,0.00016386139031965286,True,0.002437780611217022,cpu,patch_nearest_normal,last2,14,0.05,False,,,0.00014677477884106338,0.00018771860486589,True,True,True,False
2026-08-16 20:59:50,adapter_ctta,hazelnut,monitor,C:/cira_batch_test/hazelnut/good_14.png,good_14.png,normal,False,0.09474758803844452,0.09467684477567673,0.11622385221571559,0.11622385221571559,0.11048602908849717,False,False,16000,True,0.000150304680573754,True,0.0024433783255517483,cpu,patch_nearest_normal,last2,14,0.05,False,,,0.00014389390707947314,0.00018771860486589,True,True,True,False
2026-08-16 20:59:52,adapter_ctta,hazelnut,monitor,C:/cira_batch_test/hazelnut/bad_4.png,bad_4.png,anomaly,True,0.2087276726961136,0.2087276726961136,0.11622385221571559,0.11622385221571559,0.11048602908849717,False,False,16000,False,,False,0.0,cpu,patch_nearest_normal,last2,14,0.05,False,,,0.00012653652811422944,0.00018771860486589,False,True,True,False
2026-08-16 20:59:54,adapter_ctta,hazelnut,monitor,C:/cira_batch_test/hazelnut/good_20.png,good_20.png,normal,False,0.10297834873199463,0.10289511829614639,0.11622385221571559,0.11622385221571559,0.11048602908849717,False,False,16000,True,0.0001602533448021859,True,0.00241926615126431,cpu,patch_nearest_normal,last2,14,0.05,False,,,0.000160494091687724,0.00018771860486589,True,True,True,False
2026-08-16 20:59:56,adapter_ctta,hazelnut,monitor,C:/cira_batch_test/hazelnut/good_13.png,good_13.png,normal,False,0.0944419652223587,0.0944075733423233,0.11622385221571559,0.11622385221571559,0.11048602908849717,False,False,16000,True,0.00015846118913032115,True,0.002413718495517969,cpu,patch_nearest_normal,last2,14,0.05,False,,,0.0001506333501311019,0.00018771860486589,True,True,True,False
2026-08-16 21:00:01,adapter_ctta,hazelnut,monitor,C:/cira_batch_test/hazelnut/good_15.png,good_15.png,normal,False,0.1020534485578537,0.10204105079174042,0.11622385221571559,0.11622385221571559,0.11048602908849717,False,False,16000,True,0.00017587575712241232,True,0.0024082616437226534,cpu,patch_nearest_normal,last2,14,0.05,True,C:\cira_ttl_checkpoints\hazelnut\patch_memory_bank_update_10.pt,C:\cira_ttl_checkpoints\hazelnut\patch_adapter_update_10.pt,0.00015041767619550228,0.00018771860486589,True,True,True,False
2026-08-16 21:00:03,adapter_ctta,hazelnut,monitor,C:/cira_batch_test/hazelnut/good_6.png,good_6.png,anomaly,True,0.12118532508611679,0.12118532508611679,0.11622385221571559,0.11622385221571559,0.11048602908849717,False,False,16000,False,,False,0.0,cpu,patch_nearest_normal,last2,14,0.05,False,,,0.000136163696879521,0.00018771860486589,False,True,True,False
2026-08-16 21:00:05,adapter_ctta,hazelnut,monitor,C:/cira_batch_test/hazelnut/good_4.png,good_4.png,normal,False,0.09124438464641571,0.09121805429458618,0.11622385221571559,0.11622385221571559,0.11048602908849717,False,False,16000,True,0.0001728844945318997,True,0.0024173830170184374,cpu,patch_nearest_normal,last2,14,0.05,False,,,0.00014814711175858974,0.00018771860486589,True,True,True,False
2026-08-16 21:00:06,adapter_ctta,hazelnut,monitor,C:/cira_batch_test/hazelnut/bad_16.png,bad_16.png,anomaly,True,0.24200956523418427,0.24200956523418427,0.11622385221571559,0.11622385221571559,0.11048602908849717,False,False,16000,False,,False,0.0,cpu,patch_nearest_normal,last2,14,0.05,False,,,0.0001218969700857997,0.00018771860486589,False,True,True,False
2026-08-16 21:00:08,adapter_ctta,hazelnut,monitor,C:/cira_batch_test/hazelnut/good_10.png,good_10.png,normal,False,0.1072026714682579,0.10720125585794449,0.11622385221571559,0.11622385221571559,0.11048602908849717,False,False,16000,True,0.00017985232989303768,True,0.002415436552837491,cpu,patch_nearest_normal,last2,14,0.05,False,,,0.00015381441335193813,0.00018771860486589,True,True,True,False
2026-08-16 21:00:10,adapter_ctta,hazelnut,monitor,C:/cira_batch_test/hazelnut/bad_18.png,bad_18.png,anomaly,True,0.22052490711212158,0.22052490711212158,0.11622385221571559,0.11622385221571559,0.11048602908849717,False,False,16000,False,,False,0.0,cpu,patch_nearest_normal,last2,14,0.05,False,,,0.00014768958499189466,0.00018771860486589,False,True,True,False
2026-08-16 21:00:12,adapter_ctta,hazelnut,monitor,C:/cira_batch_test/hazelnut/good_3.png,good_3.png,normal,False,0.10776680707931519,0.1077209934592247,0.11622385221571559,0.11622385221571559,0.11048602908849717,False,False,16000,True,0.00015276455087587237,True,0.0024126311764121056,cpu,patch_nearest_normal,last2,14,0.05,False,,,0.00013846057117916644,0.00018771860486589,True,True,True,False
2026-08-16 21:00:14,adapter_ctta,hazelnut,monitor,C:/cira_batch_test/hazelnut/bad_14.png,bad_14.png,anomaly,True,0.20602114498615265,0.20602114498615265,0.11622385221571559,0.11622385221571559,0.11048602908849717,False,False,16000,False,,False,0.0,cpu,patch_nearest_normal,last2,14,0.05,False,,,0.00013733305968344212,0.00018771860486589,False,True,True,False
2026-08-16 21:00:15,adapter_ctta,hazelnut,monitor,C:/cira_batch_test/hazelnut/bad_6.png,bad_6.png,anomaly,True,0.20127232372760773,0.20127232372760773,0.11622385221571559,0.11622385221571559,0.11048602908849717,False,False,16000,False,,False,0.0,cpu,patch_nearest_normal,last2,14,0.05,False,,,0.00013631267938762903,0.00018771860486589,False,True,True,False
2026-08-16 21:00:17,adapter_ctta,hazelnut,monitor,C:/cira_batch_test/hazelnut/bad_8.png,bad_8.png,anomaly,True,0.16596417129039764,0.16596417129039764,0.11622385221571559,0.11622385221571559,0.11048602908849717,False,False,16000,False,,False,0.0,cpu,patch_nearest_normal,last2,14,0.05,False,,,0.000146816746564582,0.00018771860486589,False,True,True,False
2026-08-16 21:00:18,adapter_ctta,hazelnut,monitor,C:/cira_batch_test/hazelnut/bad_11.png,bad_11.png,anomaly,True,0.20482154190540314,0.20482154190540314,0.11622385221571559,0.11622385221571559,0.11048602908849717,False,False,16000,False,,False,0.0,cpu,patch_nearest_normal,last2,14,0.05,False,,,0.0001398629683535546,0.00018771860486589,False,True,True,False
2026-08-16 21:00:20,adapter_ctta,hazelnut,monitor,C:/cira_batch_test/hazelnut/bad_9.png,bad_9.png,anomaly,True,0.15042713284492493,0.15042713284492493,0.11622385221571559,0.11622385221571559,0.11048602908849717,False,False,16000,False,,False,0.0,cpu,patch_nearest_normal,last2,14,0.05,False,,,0.00015506937052123249,0.00018771860486589,False,True,True,False
2026-08-16 21:00:22,adapter_ctta,hazelnut,monitor,C:/cira_batch_test/hazelnut/bad_5.png,bad_5.png,anomaly,True,0.16510991752147675,0.16510991752147675,0.11622385221571559,0.11622385221571559,0.11048602908849717,False,False,16000,False,,False,0.0,cpu,patch_nearest_normal,last2,14,0.05,False,,,0.00015721246018074453,0.00018771860486589,False,True,True,False
2026-08-16 21:00:24,adapter_ctta,hazelnut,monitor,C:/cira_batch_test/hazelnut/good_9.png,good_9.png,normal,False,0.10583434253931046,0.10580925643444061,0.11622385221571559,0.11622385221571559,0.11048602908849717,False,False,16000,True,0.0001651355269132182,True,0.0024127832148224115,cpu,patch_nearest_normal,last2,14,0.05,False,,,0.00013647449668496847,0.00018771860486589,True,True,True,False
2026-08-16 21:00:25,adapter_ctta,hazelnut,monitor,C:/cira_batch_test/hazelnut/good_2.png,good_2.png,normal,False,0.10562906414270401,0.10559431463479996,0.11622385221571559,0.11622385221571559,0.11048602908849717,False,False,16000,True,0.00017298747843597084,True,0.002418325748294592,cpu,patch_nearest_normal,last2,14,0.05,False,,,0.0001571486791362986,0.00018771860486589,True,True,True,False
2026-08-16 21:00:27,adapter_ctta,hazelnut,monitor,C:/cira_batch_test/hazelnut/bad_2.png,bad_2.png,anomaly,True,0.1968260109424591,0.1968260109424591,0.11622385221571559,0.11622385221571559,0.11048602908849717,False,False,16000,False,,False,0.0,cpu,patch_nearest_normal,last2,14,0.05,False,,,0.000151037733303383,0.00018771860486589,False,True,True,False
2026-08-16 21:00:29,adapter_ctta,hazelnut,monitor,C:/cira_batch_test/hazelnut/bad_17.png,bad_17.png,anomaly,True,0.21529145538806915,0.21529145538806915,0.11622385221571559,0.11622385221571559,0.11048602908849717,False,False,16000,False,,False,0.0,cpu,patch_nearest_normal,last2,14,0.05,False,,,0.0001320589508395642,0.00018771860486589,False,True,True,False
2026-08-16 21:00:30,adapter_ctta,hazelnut,monitor,C:/cira_batch_test/hazelnut/bad_1.png,bad_1.png,anomaly,True,0.15916456282138824,0.15916456282138824,0.11622385221571559,0.11622385221571559,0.11048602908849717,False,False,16000,False,,False,0.0,cpu,patch_nearest_normal,last2,14,0.05,False,,,0.00014509892207570374,0.00018771860486589,False,True,True,False
2026-08-16 21:00:32,adapter_ctta,hazelnut,monitor,C:/cira_batch_test/hazelnut/good_12.png,good_12.png,normal,False,0.09696213901042938,0.09693533182144165,0.11622385221571559,0.11622385221571559,0.11048602908849717,False,False,16000,True,0.00017003393440973014,True,0.0024181941989809275,cpu,patch_nearest_normal,last2,14,0.05,False,,,0.00016228710592258722,0.00018771860486589,True,True,True,False
2026-08-16 21:00:34,adapter_ctta,hazelnut,monitor,C:/cira_batch_test/hazelnut/good_18.png,good_18.png,normal,False,0.09719349443912506,0.09721682965755463,0.11622385221571559,0.11622385221571559,0.11048602908849717,False,False,16000,True,0.000170270970556885,True,0.0024012781213968992,cpu,patch_nearest_normal,last2,14,0.05,False,,,0.0001664601732045412,0.00018771860486589,True,True,True,False
2026-08-16 21:00:36,adapter_ctta,hazelnut,monitor,C:/cira_batch_test/hazelnut/good_17.png,good_17.png,normal,False,0.1109732836484909,0.1109732836484909,0.11622385221571559,0.11622385221571559,0.11048602908849717,False,False,16000,False,,False,0.0,cpu,patch_nearest_normal,last2,14,0.05,False,,,0.00016129021241795272,0.00018771860486589,False,True,True,False
2026-08-16 21:00:37,adapter_ctta,hazelnut,monitor,C:/cira_batch_test/hazelnut/bad_19.png,bad_19.png,anomaly,True,0.12483136355876923,0.12483136355876923,0.11622385221571559,0.11622385221571559,0.11048602908849717,False,False,16000,False,,False,0.0,cpu,patch_nearest_normal,last2,14,0.05,False,,,0.00013063418737147003,0.00018771860486589,False,True,True,False
2026-08-16 21:00:39,adapter_ctta,hazelnut,monitor,C:/cira_batch_test/hazelnut/good_1.png,good_1.png,normal,False,0.09973016381263733,0.09970016777515411,0.11622385221571559,0.11622385221571559,0.11048602908849717,False,False,16000,True,0.00017091540212277323,True,0.0023978170938789845,cpu,patch_nearest_normal,last2,14,0.05,False,,,0.00015777438238728791,0.00018771860486589,True,True,True,False
2026-08-16 21:00:41,adapter_ctta,leather,monitor,C:/cira_batch_test/leather/bad_10.png,bad_10.png,anomaly,True,0.0820942223072052,0.0820942223072052,0.03417175290126485,0.03417175290126485,0.030724090337753297,False,False,16000,False,,False,0.0,cpu,patch_nearest_normal,last2,14,0.05,False,,,0.00012386443268042058,0.000215753776865275,False,True,True,False
2026-08-16 21:00:43,adapter_ctta,leather,monitor,C:/cira_batch_test/leather/good_16.png,good_16.png,anomaly,True,0.03431837633252144,0.03431837633252144,0.03417175290126485,0.03417175290126485,0.030724090337753297,False,False,16000,False,,False,0.0,cpu,patch_nearest_normal,last2,14,0.05,False,,,0.0001491825096309185,0.000215753776865275,False,True,True,False
2026-08-16 21:00:44,adapter_ctta,leather,monitor,C:/cira_batch_test/leather/bad_12.png,bad_12.png,anomaly,True,0.37309738993644714,0.37309738993644714,0.03417175290126485,0.03417175290126485,0.030724090337753297,False,False,16000,False,,False,0.0,cpu,patch_nearest_normal,last2,14,0.05,False,,,0.0001189464092021808,0.000215753776865275,False,True,True,False
2026-08-16 21:00:46,adapter_ctta,leather,monitor,C:/cira_batch_test/leather/good_11.png,good_11.png,anomaly,True,0.04056365415453911,0.04056365415453911,0.03417175290126485,0.03417175290126485,0.030724090337753297,False,False,16000,False,,False,0.0,cpu,patch_nearest_normal,last2,14,0.05,False,,,0.00010748891509138048,0.000215753776865275,False,True,True,False
2026-08-16 21:00:48,adapter_ctta,leather,monitor,C:/cira_batch_test/leather/bad_13.png,bad_13.png,anomaly,True,0.0342017225921154,0.0342017225921154,0.03417175290126485,0.03417175290126485,0.030724090337753297,False,False,16000,False,,False,0.0,cpu,patch_nearest_normal,last2,14,0.05,False,,,0.00013004185166209936,0.000215753776865275,False,True,True,False
2026-08-16 21:00:49,adapter_ctta,leather,monitor,C:/cira_batch_test/leather/good_7.png,good_7.png,anomaly,True,0.036726582795381546,0.036726582795381546,0.03417175290126485,0.03417175290126485,0.030724090337753297,False,False,16000,False,,False,0.0,cpu,patch_nearest_normal,last2,14,0.05,False,,,0.00011709505633916706,0.000215753776865275,False,True,True,False
2026-08-16 21:00:51,adapter_ctta,leather,monitor,C:/cira_batch_test/leather/good_8.png,good_8.png,anomaly,True,0.035374779254198074,0.035374779254198074,0.03417175290126485,0.03417175290126485,0.030724090337753297,False,False,16000,False,,False,0.0,cpu,patch_nearest_normal,last2,14,0.05,False,,,0.0001159153543994762,0.000215753776865275,False,True,True,False
2026-08-16 21:00:53,adapter_ctta,leather,monitor,C:/cira_batch_test/leather/bad_20.png,bad_20.png,anomaly,True,0.10156619548797607,0.10156619548797607,0.03417175290126485,0.03417175290126485,0.030724090337753297,False,False,16000,False,,False,0.0,cpu,patch_nearest_normal,last2,14,0.05,False,,,0.00017371111607644707,0.000215753776865275,False,True,True,False
2026-08-16 21:00:54,adapter_ctta,leather,monitor,C:/cira_batch_test/leather/good_19.png,good_19.png,normal,False,0.03140809014439583,0.03140809014439583,0.03417175290126485,0.03417175290126485,0.030724090337753297,False,False,16000,False,,False,0.0,cpu,patch_nearest_normal,last2,14,0.05,False,,,0.0001431477430742234,0.000215753776865275,False,True,True,False
2026-08-16 21:00:56,adapter_ctta,leather,monitor,C:/cira_batch_test/leather/bad_3.png,bad_3.png,anomaly,True,0.375313937664032,0.375313937664032,0.03417175290126485,0.03417175290126485,0.030724090337753297,False,False,16000,False,,False,0.0,cpu,patch_nearest_normal,last2,14,0.05,False,,,0.00016258400864899158,0.000215753776865275,False,True,True,False
2026-08-16 21:00:57,adapter_ctta,leather,monitor,C:/cira_batch_test/leather/bad_7.png,bad_7.png,anomaly,True,0.18991155922412872,0.18991155922412872,0.03417175290126485,0.03417175290126485,0.030724090337753297,False,False,16000,False,,False,0.0,cpu,patch_nearest_normal,last2,14,0.05,False,,,0.00013885178486816585,0.000215753776865275,False,True,True,False
2026-08-16 21:00:59,adapter_ctta,leather,monitor,C:/cira_batch_test/leather/bad_15.png,bad_15.png,anomaly,True,0.13468047976493835,0.13468047976493835,0.03417175290126485,0.03417175290126485,0.030724090337753297,False,False,16000,False,,False,0.0,cpu,patch_nearest_normal,last2,14,0.05,False,,,0.00012691594019997865,0.000215753776865275,False,True,True,False
2026-08-16 21:01:01,adapter_ctta,leather,monitor,C:/cira_batch_test/leather/good_5.png,good_5.png,anomaly,True,0.03432568162679672,0.03432568162679672,0.03417175290126485,0.03417175290126485,0.030724090337753297,False,False,16000,False,,False,0.0,cpu,patch_nearest_normal,last2,14,0.05,False,,,0.00011184035975020379,0.000215753776865275,False,True,True,False
2026-08-16 21:01:02,adapter_ctta,leather,monitor,C:/cira_batch_test/leather/good_14.png,good_14.png,anomaly,True,0.04789183288812637,0.04789183288812637,0.03417175290126485,0.03417175290126485,0.030724090337753297,False,False,16000,False,,False,0.0,cpu,patch_nearest_normal,last2,14,0.05,False,,,0.00011589220230234787,0.000215753776865275,False,True,True,False
2026-08-16 21:01:04,adapter_ctta,leather,monitor,C:/cira_batch_test/leather/bad_4.png,bad_4.png,anomaly,True,0.07355661690235138,0.07355661690235138,0.03417175290126485,0.03417175290126485,0.030724090337753297,False,False,16000,False,,False,0.0,cpu,patch_nearest_normal,last2,14,0.05,False,,,0.0001543445250717923,0.000215753776865275,False,True,True,False
2026-08-16 21:01:06,adapter_ctta,leather,monitor,C:/cira_batch_test/leather/good_20.png,good_20.png,anomaly,True,0.03877441957592964,0.03877441957592964,0.03417175290126485,0.03417175290126485,0.030724090337753297,False,False,16000,False,,False,0.0,cpu,patch_nearest_normal,last2,14,0.05,False,,,0.00012756764772348106,0.000215753776865275,False,True,True,False
2026-08-16 21:01:07,adapter_ctta,leather,monitor,C:/cira_batch_test/leather/good_13.png,good_13.png,anomaly,True,0.04109293967485428,0.04109293967485428,0.03417175290126485,0.03417175290126485,0.030724090337753297,False,False,16000,False,,False,0.0,cpu,patch_nearest_normal,last2,14,0.05,False,,,0.00012528525257948786,0.000215753776865275,False,True,True,False
2026-08-16 21:01:09,adapter_ctta,leather,monitor,C:/cira_batch_test/leather/good_15.png,good_15.png,normal,False,0.027622688561677933,0.02756999060511589,0.03417175290126485,0.03417175290126485,0.030724090337753297,False,False,16000,True,0.00016083625087048858,True,0.003017680486664176,cpu,patch_nearest_normal,last2,14,0.05,False,,,0.00016694988880772144,0.000215753776865275,True,True,True,False
2026-08-16 21:01:11,adapter_ctta,leather,monitor,C:/cira_batch_test/leather/good_6.png,good_6.png,anomaly,True,0.03633330389857292,0.03633330389857292,0.03417175290126485,0.03417175290126485,0.030724090337753297,False,False,16000,False,,False,0.0,cpu,patch_nearest_normal,last2,14,0.05,False,,,0.0001369680103380233,0.000215753776865275,False,True,True,False
2026-08-16 21:01:13,adapter_ctta,leather,monitor,C:/cira_batch_test/leather/good_4.png,good_4.png,anomaly,True,0.03779347613453865,0.03779347613453865,0.03417175290126485,0.03417175290126485,0.030724090337753297,False,False,16000,False,,False,0.0,cpu,patch_nearest_normal,last2,14,0.05,False,,,0.00010973319876939058,0.000215753776865275,False,True,True,False
2026-08-16 21:01:14,adapter_ctta,leather,monitor,C:/cira_batch_test/leather/bad_16.png,bad_16.png,anomaly,True,0.04099519923329353,0.04099519923329353,0.03417175290126485,0.03417175290126485,0.030724090337753297,False,False,16000,False,,False,0.0,cpu,patch_nearest_normal,last2,14,0.05,False,,,0.00013117436901666224,0.000215753776865275,False,True,True,False
2026-08-16 21:01:16,adapter_ctta,leather,monitor,C:/cira_batch_test/leather/good_10.png,good_10.png,anomaly,True,0.034879378974437714,0.034879378974437714,0.03417175290126485,0.03417175290126485,0.030724090337753297,False,False,16000,False,,False,0.0,cpu,patch_nearest_normal,last2,14,0.05,False,,,0.00012083199544576928,0.000215753776865275,False,True,True,False
2026-08-16 21:01:17,adapter_ctta,leather,monitor,C:/cira_batch_test/leather/bad_18.png,bad_18.png,anomaly,True,0.03638417646288872,0.03638417646288872,0.03417175290126485,0.03417175290126485,0.030724090337753297,False,False,16000,False,,False,0.0,cpu,patch_nearest_normal,last2,14,0.05,False,,,0.00011721865303115919,0.000215753776865275,False,True,True,False
2026-08-16 21:01:19,adapter_ctta,leather,monitor,C:/cira_batch_test/leather/good_3.png,good_3.png,anomaly,True,0.036515913903713226,0.036515913903713226,0.03417175290126485,0.03417175290126485,0.030724090337753297,False,False,16000,False,,False,0.0,cpu,patch_nearest_normal,last2,14,0.05,False,,,0.00012959817831870168,0.000215753776865275,False,True,True,False
2026-08-16 21:01:21,adapter_ctta,leather,monitor,C:/cira_batch_test/leather/bad_14.png,bad_14.png,anomaly,True,0.35773423314094543,0.35773423314094543,0.03417175290126485,0.03417175290126485,0.030724090337753297,False,False,16000,False,,False,0.0,cpu,patch_nearest_normal,last2,14,0.05,False,,,0.0001085651820176281,0.000215753776865275,False,True,True,False
2026-08-16 21:01:22,adapter_ctta,leather,monitor,C:/cira_batch_test/leather/bad_6.png,bad_6.png,anomaly,True,0.03700768202543259,0.03700768202543259,0.03417175290126485,0.03417175290126485,0.030724090337753297,False,False,16000,False,,False,0.0,cpu,patch_nearest_normal,last2,14,0.05,False,,,0.00012936608982272446,0.000215753776865275,False,True,True,False
2026-08-16 21:01:24,adapter_ctta,leather,monitor,C:/cira_batch_test/leather/bad_8.png,bad_8.png,anomaly,True,0.04026155546307564,0.04026155546307564,0.03417175290126485,0.03417175290126485,0.030724090337753297,False,False,16000,False,,False,0.0,cpu,patch_nearest_normal,last2,14,0.05,False,,,0.00016323539603035897,0.000215753776865275,False,True,True,False
2026-08-16 21:01:26,adapter_ctta,leather,monitor,C:/cira_batch_test/leather/bad_11.png,bad_11.png,anomaly,True,0.38759300112724304,0.38759300112724304,0.03417175290126485,0.03417175290126485,0.030724090337753297,False,False,16000,False,,False,0.0,cpu,patch_nearest_normal,last2,14,0.05,False,,,0.00017209196812473238,0.000215753776865275,False,True,True,False
2026-08-16 21:01:27,adapter_ctta,leather,monitor,C:/cira_batch_test/leather/bad_9.png,bad_9.png,anomaly,True,0.03600514680147171,0.03600514680147171,0.03417175290126485,0.03417175290126485,0.030724090337753297,False,False,16000,False,,False,0.0,cpu,patch_nearest_normal,last2,14,0.05,False,,,0.00013377171126194298,0.000215753776865275,False,True,True,False
2026-08-16 21:01:29,adapter_ctta,leather,monitor,C:/cira_batch_test/leather/bad_5.png,bad_5.png,anomaly,True,0.04445824772119522,0.04445824772119522,0.03417175290126485,0.03417175290126485,0.030724090337753297,False,False,16000,False,,False,0.0,cpu,patch_nearest_normal,last2,14,0.05,False,,,0.00012251846783328801,0.000215753776865275,False,True,True,False
2026-08-16 21:01:31,adapter_ctta,leather,monitor,C:/cira_batch_test/leather/good_9.png,good_9.png,anomaly,True,0.03560430556535721,0.03560430556535721,0.03417175290126485,0.03417175290126485,0.030724090337753297,False,False,16000,False,,False,0.0,cpu,patch_nearest_normal,last2,14,0.05,False,,,0.00012443275772966444,0.000215753776865275,False,True,True,False
2026-08-16 21:01:32,adapter_ctta,leather,monitor,C:/cira_batch_test/leather/good_2.png,good_2.png,anomaly,True,0.035940658301115036,0.035940658301115036,0.03417175290126485,0.03417175290126485,0.030724090337753297,False,False,16000,False,,False,0.0,cpu,patch_nearest_normal,last2,14,0.05,False,,,0.00010661830310709774,0.000215753776865275,False,True,True,False
2026-08-16 21:01:34,adapter_ctta,leather,monitor,C:/cira_batch_test/leather/bad_2.png,bad_2.png,anomaly,True,0.26920533180236816,0.26920533180236816,0.03417175290126485,0.03417175290126485,0.030724090337753297,False,False,16000,False,,False,0.0,cpu,patch_nearest_normal,last2,14,0.05,False,,,9.823021537158638e-05,0.000215753776865275,False,True,True,False
2026-08-16 21:01:36,adapter_ctta,leather,monitor,C:/cira_batch_test/leather/bad_17.png,bad_17.png,anomaly,True,0.24230751395225525,0.24230751395225525,0.03417175290126485,0.03417175290126485,0.030724090337753297,False,False,16000,False,,False,0.0,cpu,patch_nearest_normal,last2,14,0.05,False,,,0.00018239000928588212,0.000215753776865275,False,True,True,False
2026-08-16 21:01:37,adapter_ctta,leather,monitor,C:/cira_batch_test/leather/bad_1.png,bad_1.png,anomaly,True,0.05145576596260071,0.05145576596260071,0.03417175290126485,0.03417175290126485,0.030724090337753297,False,False,16000,False,,False,0.0,cpu,patch_nearest_normal,last2,14,0.05,False,,,0.00013550149742513895,0.000215753776865275,False,True,True,False
2026-08-16 21:01:39,adapter_ctta,leather,monitor,C:/cira_batch_test/leather/good_12.png,good_12.png,anomaly,True,0.04198913648724556,0.04198913648724556,0.03417175290126485,0.03417175290126485,0.030724090337753297,False,False,16000,False,,False,0.0,cpu,patch_nearest_normal,last2,14,0.05,False,,,0.00011012762115569785,0.000215753776865275,False,True,True,False
2026-08-16 21:01:41,adapter_ctta,leather,monitor,C:/cira_batch_test/leather/good_18.png,good_18.png,normal,False,0.032255060970783234,0.032255060970783234,0.03417175290126485,0.03417175290126485,0.030724090337753297,False,False,16000,False,,False,0.0,cpu,patch_nearest_normal,last2,14,0.05,False,,,0.00012523416080512106,0.000215753776865275,False,True,True,False
2026-08-16 21:01:43,adapter_ctta,leather,monitor,C:/cira_batch_test/leather/good_17.png,good_17.png,normal,False,0.030563050881028175,0.030546754598617554,0.03417175290126485,0.03417175290126485,0.030724090337753297,False,False,16000,True,0.0001397864834871143,True,0.0028556815814226866,cpu,patch_nearest_normal,last2,14,0.05,False,,,0.00013587863941211253,0.000215753776865275,True,True,True,False
2026-08-16 21:01:44,adapter_ctta,leather,monitor,C:/cira_batch_test/leather/bad_19.png,bad_19.png,normal,False,0.03205503895878792,0.03205503895878792,0.03417175290126485,0.03417175290126485,0.030724090337753297,False,False,16000,False,,False,0.0,cpu,patch_nearest_normal,last2,14,0.05,False,,,0.00018223414372187108,0.000215753776865275,False,True,True,False
2026-08-16 21:01:46,adapter_ctta,leather,monitor,C:/cira_batch_test/leather/good_1.png,good_1.png,anomaly,True,0.0352599211037159,0.0352599211037159,0.03417175290126485,0.03417175290126485,0.030724090337753297,False,False,16000,False,,False,0.0,cpu,patch_nearest_normal,last2,14,0.05,False,,,0.0001268891937797889,0.000215753776865275,False,True,True,False
2026-08-16 21:01:48,adapter_ctta,metal_nut,monitor,C:/cira_batch_test/metal_nut/bad_10.png,bad_10.png,anomaly,True,0.11286713927984238,0.11286713927984238,0.07371339670893942,0.07371339670893942,0.06968219578266144,False,False,16000,False,,False,0.0,cpu,patch_nearest_normal,last2,14,0.05,False,,,0.00010247298632748425,0.00010222778946618,False,False,True,False
2026-08-16 21:01:49,adapter_ctta,metal_nut,monitor,C:/cira_batch_test/metal_nut/good_16.png,good_16.png,normal,False,0.06986961513757706,0.06986961513757706,0.07371339670893942,0.07371339670893942,0.06968219578266144,False,False,16000,False,,False,0.0,cpu,patch_nearest_normal,last2,14,0.05,False,,,9.15544806048274e-05,0.00010222778946618,False,True,True,False
2026-08-16 21:01:51,adapter_ctta,metal_nut,monitor,C:/cira_batch_test/metal_nut/bad_12.png,bad_12.png,anomaly,True,0.11977102607488632,0.11977102607488632,0.07371339670893942,0.07371339670893942,0.06968219578266144,False,False,16000,False,,False,0.0,cpu,patch_nearest_normal,last2,14,0.05,False,,,8.834675827529281e-05,0.00010222778946618,False,True,True,False
2026-08-16 21:01:52,adapter_ctta,metal_nut,monitor,C:/cira_batch_test/metal_nut/good_11.png,good_11.png,anomaly,True,0.07571141421794891,0.07571141421794891,0.07371339670893942,0.07371339670893942,0.06968219578266144,False,False,16000,False,,False,0.0,cpu,patch_nearest_normal,last2,14,0.05,False,,,8.678899757796898e-05,0.00010222778946618,False,True,True,False
2026-08-16 21:01:54,adapter_ctta,metal_nut,monitor,C:/cira_batch_test/metal_nut/bad_13.png,bad_13.png,anomaly,True,0.18745455145835876,0.18745455145835876,0.07371339670893942,0.07371339670893942,0.06968219578266144,False,False,16000,False,,False,0.0,cpu,patch_nearest_normal,last2,14,0.05,False,,,0.00010750032379291952,0.00010222778946618,False,False,True,False
2026-08-16 21:01:55,adapter_ctta,metal_nut,monitor,C:/cira_batch_test/metal_nut/good_7.png,good_7.png,normal,False,0.06684857606887817,0.0668628141283989,0.07371339670893942,0.07371339670893942,0.06968219578266144,False,False,16000,True,0.00011036652722395957,True,0.002981999423354864,cpu,patch_nearest_normal,last2,14,0.05,False,,,0.0001001184864435345,0.00010222778946618,True,True,True,False
2026-08-16 21:01:57,adapter_ctta,metal_nut,monitor,C:/cira_batch_test/metal_nut/good_8.png,good_8.png,anomaly,True,0.0766797661781311,0.0766797661781311,0.07371339670893942,0.07371339670893942,0.06968219578266144,False,False,16000,False,,False,0.0,cpu,patch_nearest_normal,last2,14,0.05,False,,,9.610579581931233e-05,0.00010222778946618,False,True,True,False
2026-08-16 21:01:59,adapter_ctta,metal_nut,monitor,C:/cira_batch_test/metal_nut/bad_20.png,bad_20.png,anomaly,True,0.16258713603019714,0.16258713603019714,0.07371339670893942,0.07371339670893942,0.06968219578266144,False,False,16000,False,,False,0.0,cpu,patch_nearest_normal,last2,14,0.05,False,,,0.0001062627779901959,0.00010222778946618,False,False,True,False
2026-08-16 21:02:00,adapter_ctta,metal_nut,monitor,C:/cira_batch_test/metal_nut/good_19.png,good_19.png,normal,False,0.05216855928301811,0.05216855928301811,0.07371339670893942,0.07371339670893942,0.06968219578266144,False,False,16000,False,,False,0.0,cpu,patch_nearest_normal,last2,14,0.05,False,,,0.00010478025069460273,0.00010222778946618,True,False,True,False
2026-08-16 21:02:02,adapter_ctta,metal_nut,monitor,C:/cira_batch_test/metal_nut/bad_3.png,bad_3.png,anomaly,True,0.1498819887638092,0.1498819887638092,0.07371339670893942,0.07371339670893942,0.06968219578266144,False,False,16000,False,,False,0.0,cpu,patch_nearest_normal,last2,14,0.05,False,,,0.0001017631366266869,0.00010222778946618,False,True,True,False
2026-08-16 21:02:03,adapter_ctta,metal_nut,monitor,C:/cira_batch_test/metal_nut/bad_7.png,bad_7.png,anomaly,True,0.1473253220319748,0.1473253220319748,0.07371339670893942,0.07371339670893942,0.06968219578266144,False,False,16000,False,,False,0.0,cpu,patch_nearest_normal,last2,14,0.05,False,,,0.00010716173710534349,0.00010222778946618,False,False,True,False
2026-08-16 21:02:05,adapter_ctta,metal_nut,monitor,C:/cira_batch_test/metal_nut/bad_15.png,bad_15.png,anomaly,True,0.1655554324388504,0.1655554324388504,0.07371339670893942,0.07371339670893942,0.06968219578266144,False,False,16000,False,,False,0.0,cpu,patch_nearest_normal,last2,14,0.05,False,,,0.00013452867278829217,0.00010222778946618,False,False,True,False
2026-08-16 21:02:06,adapter_ctta,metal_nut,monitor,C:/cira_batch_test/metal_nut/good_5.png,good_5.png,normal,False,0.060820240527391434,0.06085662171244621,0.07371339670893942,0.07371339670893942,0.06968219578266144,False,False,16000,True,0.00010824464698089287,True,0.002717312192544341,cpu,patch_nearest_normal,last2,14,0.05,False,,,9.506611968390644e-05,0.00010222778946618,True,True,True,False
2026-08-16 21:02:08,adapter_ctta,metal_nut,monitor,C:/cira_batch_test/metal_nut/good_14.png,good_14.png,normal,False,0.07094945013523102,0.07094945013523102,0.07371339670893942,0.07371339670893942,0.06968219578266144,False,False,16000,False,,False,0.0,cpu,patch_nearest_normal,last2,14,0.05,False,,,9.534104174235836e-05,0.00010222778946618,False,True,True,False
2026-08-16 21:02:09,adapter_ctta,metal_nut,monitor,C:/cira_batch_test/metal_nut/bad_4.png,bad_4.png,anomaly,True,0.20006641745567322,0.20006641745567322,0.07371339670893942,0.07371339670893942,0.06968219578266144,False,False,16000,False,,False,0.0,cpu,patch_nearest_normal,last2,14,0.05,False,,,0.00011611428635660559,0.00010222778946618,False,False,True,False
2026-08-16 21:02:11,adapter_ctta,metal_nut,monitor,C:/cira_batch_test/metal_nut/good_20.png,good_20.png,normal,False,0.0591161772608757,0.059136949479579926,0.07371339670893942,0.07371339670893942,0.06968219578266144,False,False,16000,True,0.00011194960825378075,True,0.0026441009249538183,cpu,patch_nearest_normal,last2,14,0.05,False,,,9.728563600219786e-05,0.00010222778946618,True,True,True,False
2026-08-16 21:02:13,adapter_ctta,metal_nut,monitor,C:/cira_batch_test/metal_nut/good_13.png,good_13.png,normal,False,0.06874300539493561,0.06874064356088638,0.07371339670893942,0.07371339670893942,0.06968219578266144,False,False,16000,True,9.890304500004277e-05,True,0.002543566981330514,cpu,patch_nearest_normal,last2,14,0.05,False,,,8.892972982721403e-05,0.00010222778946618,True,True,True,False
2026-08-16 21:02:15,adapter_ctta,metal_nut,monitor,C:/cira_batch_test/metal_nut/good_15.png,good_15.png,normal,False,0.05981624126434326,0.059865497052669525,0.07371339670893942,0.07371339670893942,0.06968219578266144,False,False,16000,True,0.00011247001384617761,True,0.002537548542022705,cpu,patch_nearest_normal,last2,14,0.05,False,,,0.00010014620056608692,0.00010222778946618,True,True,True,False
2026-08-16 21:02:16,adapter_ctta,metal_nut,monitor,C:/cira_batch_test/metal_nut/good_6.png,good_6.png,normal,False,0.06674478948116302,0.06676837056875229,0.07371339670893942,0.07371339670893942,0.06968219578266144,False,False,16000,True,0.0001146169233834371,True,0.0025322558358311653,cpu,patch_nearest_normal,last2,14,0.05,False,,,0.00010190613102167845,0.00010222778946618,True,True,True,False
2026-08-16 21:02:18,adapter_ctta,metal_nut,monitor,C:/cira_batch_test/metal_nut/good_4.png,good_4.png,normal,False,0.061120372265577316,0.061115361750125885,0.07371339670893942,0.07371339670893942,0.06968219578266144,False,False,16000,True,0.00010341982851969078,True,0.0025101150386035442,cpu,patch_nearest_normal,last2,14,0.05,False,,,9.535935532767326e-05,0.00010222778946618,True,True,True,False
2026-08-16 21:02:20,adapter_ctta,metal_nut,monitor,C:/cira_batch_test/metal_nut/bad_16.png,bad_16.png,anomaly,True,0.18608656525611877,0.18608656525611877,0.07371339670893942,0.07371339670893942,0.06968219578266144,False,False,16000,False,,False,0.0,cpu,patch_nearest_normal,last2,14,0.05,False,,,0.00011933526548091322,0.00010222778946618,False,False,True,False
2026-08-16 21:02:21,adapter_ctta,metal_nut,monitor,C:/cira_batch_test/metal_nut/good_10.png,good_10.png,anomaly,True,0.0743635967373848,0.0743635967373848,0.07371339670893942,0.07371339670893942,0.06968219578266144,False,False,16000,False,,False,0.0,cpu,patch_nearest_normal,last2,14,0.05,False,,,8.97438803804107e-05,0.00010222778946618,False,True,True,False
2026-08-16 21:02:23,adapter_ctta,metal_nut,monitor,C:/cira_batch_test/metal_nut/bad_18.png,bad_18.png,anomaly,True,0.12458346039056778,0.12458346039056778,0.07371339670893942,0.07371339670893942,0.06968219578266144,False,False,16000,False,,False,0.0,cpu,patch_nearest_normal,last2,14,0.05,False,,,0.00010106112313224003,0.00010222778946618,False,True,True,False
2026-08-16 21:02:24,adapter_ctta,metal_nut,monitor,C:/cira_batch_test/metal_nut/good_3.png,good_3.png,normal,False,0.06600211560726166,0.0660131499171257,0.07371339670893942,0.07371339670893942,0.06968219578266144,False,False,16000,True,0.00011140039714518934,True,0.002494507236406207,cpu,patch_nearest_normal,last2,14,0.05,False,,,9.28681984078139e-05,0.00010222778946618,True,True,True,False
2026-08-16 21:02:26,adapter_ctta,metal_nut,monitor,C:/cira_batch_test/metal_nut/bad_14.png,bad_14.png,anomaly,True,0.16303589940071106,0.16303589940071106,0.07371339670893942,0.07371339670893942,0.06968219578266144,False,False,16000,False,,False,0.0,cpu,patch_nearest_normal,last2,14,0.05,False,,,0.00010361820750404149,0.00010222778946618,False,False,True,False
2026-08-16 21:02:28,adapter_ctta,metal_nut,monitor,C:/cira_batch_test/metal_nut/bad_6.png,bad_6.png,anomaly,True,0.15596607327461243,0.15596607327461243,0.07371339670893942,0.07371339670893942,0.06968219578266144,False,False,16000,False,,False,0.0,cpu,patch_nearest_normal,last2,14,0.05,False,,,0.00013409389066509902,0.00010222778946618,False,False,True,False
2026-08-16 21:02:29,adapter_ctta,metal_nut,monitor,C:/cira_batch_test/metal_nut/bad_8.png,bad_8.png,anomaly,True,0.16645336151123047,0.16645336151123047,0.07371339670893942,0.07371339670893942,0.06968219578266144,False,False,16000,False,,False,0.0,cpu,patch_nearest_normal,last2,14,0.05,False,,,0.00012335785140749067,0.00010222778946618,False,False,True,False
2026-08-16 21:02:31,adapter_ctta,metal_nut,monitor,C:/cira_batch_test/metal_nut/bad_11.png,bad_11.png,anomaly,True,0.1607864648103714,0.1607864648103714,0.07371339670893942,0.07371339670893942,0.06968219578266144,False,False,16000,False,,False,0.0,cpu,patch_nearest_normal,last2,14,0.05,False,,,0.00013885696534998715,0.00010222778946618,False,False,True,False
2026-08-16 21:02:32,adapter_ctta,metal_nut,monitor,C:/cira_batch_test/metal_nut/bad_9.png,bad_9.png,anomaly,True,0.15940579771995544,0.15940579771995544,0.07371339670893942,0.07371339670893942,0.06968219578266144,False,False,16000,False,,False,0.0,cpu,patch_nearest_normal,last2,14,0.05,False,,,0.00010994614422088489,0.00010222778946618,False,False,True,False
2026-08-16 21:02:34,adapter_ctta,metal_nut,monitor,C:/cira_batch_test/metal_nut/bad_5.png,bad_5.png,anomaly,True,0.15166452527046204,0.15166452527046204,0.07371339670893942,0.07371339670893942,0.06968219578266144,False,False,16000,False,,False,0.0,cpu,patch_nearest_normal,last2,14,0.05,False,,,0.00010575565102044493,0.00010222778946618,False,False,True,False
2026-08-16 21:02:35,adapter_ctta,metal_nut,monitor,C:/cira_batch_test/metal_nut/good_9.png,good_9.png,anomaly,True,0.08026254177093506,0.08026254177093506,0.07371339670893942,0.07371339670893942,0.06968219578266144,False,False,16000,False,,False,0.0,cpu,patch_nearest_normal,last2,14,0.05,False,,,9.880115976557136e-05,0.00010222778946618,False,True,True,False
2026-08-16 21:02:37,adapter_ctta,metal_nut,monitor,C:/cira_batch_test/metal_nut/good_2.png,good_2.png,normal,False,0.06124381348490715,0.061243899166584015,0.07371339670893942,0.07371339670893942,0.06968219578266144,False,False,16000,True,0.00011032338079530746,True,0.002493104664608836,cpu,patch_nearest_normal,last2,14,0.05,False,,,9.464174218010157e-05,0.00010222778946618,True,True,True,False
2026-08-16 21:02:38,adapter_ctta,metal_nut,monitor,C:/cira_batch_test/metal_nut/bad_2.png,bad_2.png,anomaly,True,0.07874558120965958,0.07874558120965958,0.07371339670893942,0.07371339670893942,0.06968219578266144,False,False,16000,False,,False,0.0,cpu,patch_nearest_normal,last2,14,0.05,False,,,0.00010316496627638116,0.00010222778946618,False,False,True,False
2026-08-16 21:02:40,adapter_ctta,metal_nut,monitor,C:/cira_batch_test/metal_nut/bad_17.png,bad_17.png,anomaly,True,0.15485064685344696,0.15485064685344696,0.07371339670893942,0.07371339670893942,0.06968219578266144,False,False,16000,False,,False,0.0,cpu,patch_nearest_normal,last2,14,0.05,False,,,0.00011601630103541538,0.00010222778946618,False,False,True,False
2026-08-16 21:02:41,adapter_ctta,metal_nut,monitor,C:/cira_batch_test/metal_nut/bad_1.png,bad_1.png,anomaly,True,0.11968624591827393,0.11968624591827393,0.07371339670893942,0.07371339670893942,0.06968219578266144,False,False,16000,False,,False,0.0,cpu,patch_nearest_normal,last2,14,0.05,False,,,0.00010237994138151407,0.00010222778946618,False,False,True,False
2026-08-16 21:02:43,adapter_ctta,metal_nut,monitor,C:/cira_batch_test/metal_nut/good_12.png,good_12.png,normal,False,0.07030440121889114,0.07030440121889114,0.07371339670893942,0.07371339670893942,0.06968219578266144,False,False,16000,False,,False,0.0,cpu,patch_nearest_normal,last2,14,0.05,False,,,9.551712719257921e-05,0.00010222778946618,False,True,True,False
2026-08-16 21:02:45,adapter_ctta,metal_nut,monitor,C:/cira_batch_test/metal_nut/good_18.png,good_18.png,normal,False,0.06124315783381462,0.06124315783381462,0.07371339670893942,0.07371339670893942,0.06968219578266144,False,False,16000,False,,False,0.0,cpu,patch_nearest_normal,last2,14,0.05,False,,,0.00011128578626085073,0.00010222778946618,True,False,True,False
2026-08-16 21:02:46,adapter_ctta,metal_nut,monitor,C:/cira_batch_test/metal_nut/good_17.png,good_17.png,anomaly,True,0.08881155401468277,0.08881155401468277,0.07371339670893942,0.07371339670893942,0.06968219578266144,False,False,16000,False,,False,0.0,cpu,patch_nearest_normal,last2,14,0.05,False,,,0.00010120488877873868,0.00010222778946618,False,True,True,False
2026-08-16 21:02:48,adapter_ctta,metal_nut,monitor,C:/cira_batch_test/metal_nut/bad_19.png,bad_19.png,anomaly,True,0.15702447295188904,0.15702447295188904,0.07371339670893942,0.07371339670893942,0.06968219578266144,False,False,16000,False,,False,0.0,cpu,patch_nearest_normal,last2,14,0.05,False,,,0.00011812652519438416,0.00010222778946618,False,False,True,False
2026-08-16 21:02:49,adapter_ctta,metal_nut,monitor,C:/cira_batch_test/metal_nut/good_1.png,good_1.png,normal,False,0.058822549879550934,0.058846574276685715,0.07371339670893942,0.07371339670893942,0.06968219578266144,False,False,16000,True,0.0001064580210368149,True,0.0024860745761543512,cpu,patch_nearest_normal,last2,14,0.05,True,C:\cira_ttl_checkpoints\metal_nut\patch_memory_bank_update_10.pt,C:\cira_ttl_checkpoints\metal_nut\patch_adapter_update_10.pt,8.934525249060243e-05,0.00010222778946618,True,True,True,False
2026-08-16 21:02:51,adapter_ctta,pill,monitor,C:/cira_batch_test/pill/bad_10.png,bad_10.png,normal,False,0.046015601605176926,0.045990537852048874,0.05881828558520522,0.05881828558520522,0.05084799118340016,False,False,16000,True,0.00015944660117384046,True,0.0030214409343898296,cpu,patch_nearest_normal,last2,14,0.05,False,,,0.0001490027498221025,0.00015804108188598499,True,True,True,False
2026-08-16 21:02:53,adapter_ctta,pill,monitor,C:/cira_batch_test/pill/good_16.png,good_16.png,normal,False,0.05535981059074402,0.05535981059074402,0.05881828558520522,0.05881828558520522,0.05084799118340016,False,False,16000,False,,False,0.0,cpu,patch_nearest_normal,last2,14,0.05,False,,,0.00013422098709270358,0.00015804108188598499,False,True,True,False
2026-08-16 21:02:54,adapter_ctta,pill,monitor,C:/cira_batch_test/pill/bad_12.png,bad_12.png,anomaly,True,0.12401028722524643,0.12401028722524643,0.05881828558520522,0.05881828558520522,0.05084799118340016,False,False,16000,False,,False,0.0,cpu,patch_nearest_normal,last2,14,0.05,False,,,0.0001639490365050733,0.00015804108188598499,False,False,True,False
2026-08-16 21:02:56,adapter_ctta,pill,monitor,C:/cira_batch_test/pill/good_11.png,good_11.png,normal,False,0.050619833171367645,0.050564754754304886,0.05881828558520522,0.05881828558520522,0.05084799118340016,False,False,16000,True,0.00013489941193256527,True,0.002699159784242511,cpu,patch_nearest_normal,last2,14,0.05,False,,,0.00011281914339633659,0.00015804108188598499,True,True,True,False
2026-08-16 21:02:58,adapter_ctta,pill,monitor,C:/cira_batch_test/pill/bad_13.png,bad_13.png,normal,False,0.058242011815309525,0.058242011815309525,0.05881828558520522,0.05881828558520522,0.05084799118340016,False,False,16000,False,,False,0.0,cpu,patch_nearest_normal,last2,14,0.05,False,,,0.00014812037989031523,0.00015804108188598499,False,True,True,False
2026-08-16 21:02:59,adapter_ctta,pill,monitor,C:/cira_batch_test/pill/good_7.png,good_7.png,normal,False,0.045384131371974945,0.045375727117061615,0.05881828558520522,0.05881828558520522,0.05084799118340016,False,False,16000,True,0.00016527867410331964,True,0.0026482511311769485,cpu,patch_nearest_normal,last2,14,0.05,False,,,0.000141790573252365,0.00015804108188598499,True,True,True,False
2026-08-16 21:03:01,adapter_ctta,pill,monitor,C:/cira_batch_test/pill/good_8.png,good_8.png,normal,False,0.05793958157300949,0.05793958157300949,0.05881828558520522,0.05881828558520522,0.05084799118340016,False,False,16000,False,,False,0.0,cpu,patch_nearest_normal,last2,14,0.05,False,,,0.00014424040273297578,0.00015804108188598499,False,True,True,False
2026-08-16 21:03:02,adapter_ctta,pill,monitor,C:/cira_batch_test/pill/bad_20.png,bad_20.png,anomaly,True,0.06339095532894135,0.06339095532894135,0.05881828558520522,0.05881828558520522,0.05084799118340016,False,False,16000,False,,False,0.0,cpu,patch_nearest_normal,last2,14,0.05,False,,,0.00013986365229357034,0.00015804108188598499,False,True,True,False
2026-08-16 21:03:04,adapter_ctta,pill,monitor,C:/cira_batch_test/pill/good_19.png,good_19.png,normal,False,0.057945143431425095,0.057945143431425095,0.05881828558520522,0.05881828558520522,0.05084799118340016,False,False,16000,False,,False,0.0,cpu,patch_nearest_normal,last2,14,0.05,False,,,0.0001418318715877831,0.00015804108188598499,False,True,True,False
2026-08-16 21:03:05,adapter_ctta,pill,monitor,C:/cira_batch_test/pill/bad_3.png,bad_3.png,anomaly,True,0.06834681332111359,0.06834681332111359,0.05881828558520522,0.05881828558520522,0.05084799118340016,False,False,16000,False,,False,0.0,cpu,patch_nearest_normal,last2,14,0.05,False,,,0.00014676954015158117,0.00015804108188598499,False,True,True,False
2026-08-16 21:03:07,adapter_ctta,pill,monitor,C:/cira_batch_test/pill/bad_7.png,bad_7.png,anomaly,True,0.07904569059610367,0.07904569059610367,0.05881828558520522,0.05881828558520522,0.05084799118340016,False,False,16000,False,,False,0.0,cpu,patch_nearest_normal,last2,14,0.05,False,,,0.00014522338460665196,0.00015804108188598499,False,True,True,False
2026-08-16 21:03:08,adapter_ctta,pill,monitor,C:/cira_batch_test/pill/bad_15.png,bad_15.png,anomaly,True,0.07365959882736206,0.07365959882736206,0.05881828558520522,0.05881828558520522,0.05084799118340016,False,False,16000,False,,False,0.0,cpu,patch_nearest_normal,last2,14,0.05,False,,,0.0001400757464580238,0.00015804108188598499,False,True,True,False
2026-08-16 21:03:10,adapter_ctta,pill,monitor,C:/cira_batch_test/pill/good_5.png,good_5.png,normal,False,0.03881978988647461,0.03880269080400467,0.05881828558520522,0.05881828558520522,0.05084799118340016,False,False,16000,True,0.00015431776409968734,True,0.0026582444552332163,cpu,patch_nearest_normal,last2,14,0.05,False,,,0.0001311083760811016,0.00015804108188598499,True,True,True,False
2026-08-16 21:03:12,adapter_ctta,pill,monitor,C:/cira_batch_test/pill/good_14.png,good_14.png,normal,False,0.0481080636382103,0.048085957765579224,0.05881828558520522,0.05881828558520522,0.05084799118340016,False,False,16000,True,0.00013524029054678977,True,0.0026227375492453575,cpu,patch_nearest_normal,last2,14,0.05,False,,,0.00013061451318208128,0.00015804108188598499,True,True,True,False
2026-08-16 21:03:14,adapter_ctta,pill,monitor,C:/cira_batch_test/pill/bad_4.png,bad_4.png,anomaly,True,0.06916532665491104,0.06916532665491104,0.05881828558520522,0.05881828558520522,0.05084799118340016,False,False,16000,False,,False,0.0,cpu,patch_nearest_normal,last2,14,0.05,False,,,0.000150244144606404,0.00015804108188598499,False,True,True,False
2026-08-16 21:03:15,adapter_ctta,pill,monitor,C:/cira_batch_test/pill/good_20.png,good_20.png,normal,False,0.05349869281053543,0.05349869281053543,0.05881828558520522,0.05881828558520522,0.05084799118340016,False,False,16000,False,,False,0.0,cpu,patch_nearest_normal,last2,14,0.05,False,,,0.0001320022129220888,0.00015804108188598499,False,True,True,False
2026-08-16 21:03:17,adapter_ctta,pill,monitor,C:/cira_batch_test/pill/good_13.png,good_13.png,anomaly,True,0.06484847515821457,0.06484847515821457,0.05881828558520522,0.05881828558520522,0.05084799118340016,False,False,16000,False,,False,0.0,cpu,patch_nearest_normal,last2,14,0.05,False,,,0.00013218569802120328,0.00015804108188598499,False,True,True,False
2026-08-16 21:03:18,adapter_ctta,pill,monitor,C:/cira_batch_test/pill/good_15.png,good_15.png,normal,False,0.04996367543935776,0.049946945160627365,0.05881828558520522,0.05881828558520522,0.05084799118340016,False,False,16000,True,0.00014809411368332803,True,0.002598963910713792,cpu,patch_nearest_normal,last2,14,0.05,False,,,0.00013795940321870148,0.00015804108188598499,True,True,True,False
2026-08-16 21:03:20,adapter_ctta,pill,monitor,C:/cira_batch_test/pill/good_6.png,good_6.png,normal,False,0.045210354030132294,0.04519838094711304,0.05881828558520522,0.05881828558520522,0.05084799118340016,False,False,16000,True,0.00015924524632282555,True,0.002595841884613037,cpu,patch_nearest_normal,last2,14,0.05,False,,,0.00015032521332614124,0.00015804108188598499,True,True,True,False
2026-08-16 21:03:22,adapter_ctta,pill,monitor,C:/cira_batch_test/pill/good_4.png,good_4.png,normal,False,0.04759899526834488,0.047624729573726654,0.05881828558520522,0.05881828558520522,0.05084799118340016,False,False,16000,True,0.00015683805395383388,True,0.0025870746467262506,cpu,patch_nearest_normal,last2,14,0.05,False,,,0.00014448989531956613,0.00015804108188598499,True,True,True,False
2026-08-16 21:03:23,adapter_ctta,pill,monitor,C:/cira_batch_test/pill/bad_16.png,bad_16.png,anomaly,True,0.0747811496257782,0.0747811496257782,0.05881828558520522,0.05881828558520522,0.05084799118340016,False,False,16000,False,,False,0.0,cpu,patch_nearest_normal,last2,14,0.05,False,,,0.0001525497791590169,0.00015804108188598499,False,True,True,False
2026-08-16 21:03:25,adapter_ctta,pill,monitor,C:/cira_batch_test/pill/good_10.png,good_10.png,normal,False,0.04487956315279007,0.044885002076625824,0.05881828558520522,0.05881828558520522,0.05084799118340016,False,False,16000,True,0.00014078666572459042,True,0.0025828045327216387,cpu,patch_nearest_normal,last2,14,0.05,False,,,0.0001333756372332573,0.00015804108188598499,True,True,True,False
2026-08-16 21:03:27,adapter_ctta,pill,monitor,C:/cira_batch_test/pill/bad_18.png,bad_18.png,normal,False,0.05512671917676926,0.05512671917676926,0.05881828558520522,0.05881828558520522,0.05084799118340016,False,False,16000,False,,False,0.0,cpu,patch_nearest_normal,last2,14,0.05,False,,,0.00012956852151546627,0.00015804108188598499,False,True,True,False
2026-08-16 21:03:29,adapter_ctta,pill,monitor,C:/cira_batch_test/pill/good_3.png,good_3.png,normal,False,0.04258759692311287,0.042586199939250946,0.05881828558520522,0.05881828558520522,0.05084799118340016,False,False,16000,True,0.00015425302262883633,True,0.002580297412350774,cpu,patch_nearest_normal,last2,14,0.05,True,C:\cira_ttl_checkpoints\pill\patch_memory_bank_update_10.pt,C:\cira_ttl_checkpoints\pill\patch_adapter_update_10.pt,0.0001370286481687799,0.00015804108188598499,True,True,True,False
2026-08-16 21:03:30,adapter_ctta,pill,monitor,C:/cira_batch_test/pill/bad_14.png,bad_14.png,anomaly,True,0.07023410499095917,0.07023410499095917,0.05881828558520522,0.05881828558520522,0.05084799118340016,False,False,16000,False,,False,0.0,cpu,patch_nearest_normal,last2,14,0.05,False,,,0.000152893117046915,0.00015804108188598499,False,True,True,False
2026-08-16 21:03:32,adapter_ctta,pill,monitor,C:/cira_batch_test/pill/bad_6.png,bad_6.png,anomaly,True,0.07811574637889862,0.07811574637889862,0.05881828558520522,0.05881828558520522,0.05084799118340016,False,False,16000,False,,False,0.0,cpu,patch_nearest_normal,last2,14,0.05,False,,,0.00016618291556369513,0.00015804108188598499,False,False,True,False
2026-08-16 21:03:33,adapter_ctta,pill,monitor,C:/cira_batch_test/pill/bad_8.png,bad_8.png,anomaly,True,0.11588647216558456,0.11588647216558456,0.05881828558520522,0.05881828558520522,0.05084799118340016,False,False,16000,False,,False,0.0,cpu,patch_nearest_normal,last2,14,0.05,False,,,0.00015608841204084456,0.00015804108188598499,False,True,True,False
2026-08-16 21:03:35,adapter_ctta,pill,monitor,C:/cira_batch_test/pill/bad_11.png,bad_11.png,anomaly,True,0.09597120434045792,0.09597120434045792,0.05881828558520522,0.05881828558520522,0.05084799118340016,False,False,16000,False,,False,0.0,cpu,patch_nearest_normal,last2,14,0.05,False,,,0.00015105059719644487,0.00015804108188598499,False,True,True,False
2026-08-16 21:03:36,adapter_ctta,pill,monitor,C:/cira_batch_test/pill/bad_9.png,bad_9.png,anomaly,True,0.06150338053703308,0.06150338053703308,0.05881828558520522,0.05881828558520522,0.05084799118340016,False,False,16000,False,,False,0.0,cpu,patch_nearest_normal,last2,14,0.05,False,,,0.0001412828714819625,0.00015804108188598499,False,True,True,False
2026-08-16 21:03:38,adapter_ctta,pill,monitor,C:/cira_batch_test/pill/bad_5.png,bad_5.png,anomaly,True,0.18572869896888733,0.18572869896888733,0.05881828558520522,0.05881828558520522,0.05084799118340016,False,False,16000,False,,False,0.0,cpu,patch_nearest_normal,last2,14,0.05,False,,,0.00013391570246312767,0.00015804108188598499,False,True,True,False
2026-08-16 21:03:40,adapter_ctta,pill,monitor,C:/cira_batch_test/pill/good_9.png,good_9.png,normal,False,0.048004042357206345,0.048012424260377884,0.05881828558520522,0.05881828558520522,0.05084799118340016,False,False,16000,True,0.00014112956705503166,True,0.0025641468819230795,cpu,patch_nearest_normal,last2,14,0.05,False,,,0.0001384275092277676,0.00015804108188598499,True,True,True,False
2026-08-16 21:03:41,adapter_ctta,pill,monitor,C:/cira_batch_test/pill/good_2.png,good_2.png,normal,False,0.04436513036489487,0.0443689227104187,0.05881828558520522,0.05881828558520522,0.05084799118340016,False,False,16000,True,0.0001467379042878747,True,0.002565111266449094,cpu,patch_nearest_normal,last2,14,0.05,False,,,0.0001371800317429006,0.00015804108188598499,True,True,True,False
2026-08-16 21:03:43,adapter_ctta,pill,monitor,C:/cira_batch_test/pill/bad_2.png,bad_2.png,anomaly,True,0.07496597617864609,0.07496597617864609,0.05881828558520522,0.05881828558520522,0.05084799118340016,False,False,16000,False,,False,0.0,cpu,patch_nearest_normal,last2,14,0.05,False,,,0.0001443121291231364,0.00015804108188598499,False,True,True,False
2026-08-16 21:03:45,adapter_ctta,pill,monitor,C:/cira_batch_test/pill/bad_17.png,bad_17.png,anomaly,True,0.07859937846660614,0.07859937846660614,0.05881828558520522,0.05881828558520522,0.05084799118340016,False,False,16000,False,,False,0.0,cpu,patch_nearest_normal,last2,14,0.05,False,,,0.00017042909166775644,0.00015804108188598499,False,False,True,False
2026-08-16 21:03:46,adapter_ctta,pill,monitor,C:/cira_batch_test/pill/bad_1.png,bad_1.png,anomaly,True,0.08137725293636322,0.08137725293636322,0.05881828558520522,0.05881828558520522,0.05084799118340016,False,False,16000,False,,False,0.0,cpu,patch_nearest_normal,last2,14,0.05,False,,,0.00013756197586189955,0.00015804108188598499,False,True,True,False
2026-08-16 21:03:48,adapter_ctta,pill,monitor,C:/cira_batch_test/pill/good_12.png,good_12.png,normal,False,0.05563066154718399,0.05563066154718399,0.05881828558520522,0.05881828558520522,0.05084799118340016,False,False,16000,False,,False,0.0,cpu,patch_nearest_normal,last2,14,0.05,False,,,0.0001374779239995405,0.00015804108188598499,False,True,True,False
2026-08-16 21:03:49,adapter_ctta,pill,monitor,C:/cira_batch_test/pill/good_18.png,good_18.png,normal,False,0.04824312403798103,0.04824312403798103,0.05881828558520522,0.05881828558520522,0.05084799118340016,False,False,16000,False,,False,0.0,cpu,patch_nearest_normal,last2,14,0.05,False,,,0.00016283729928545654,0.00015804108188598499,True,False,True,False
2026-08-16 21:03:51,adapter_ctta,pill,monitor,C:/cira_batch_test/pill/good_17.png,good_17.png,normal,False,0.05496271699666977,0.05496271699666977,0.05881828558520522,0.05881828558520522,0.05084799118340016,False,False,16000,False,,False,0.0,cpu,patch_nearest_normal,last2,14,0.05,False,,,0.00015474841347895563,0.00015804108188598499,False,True,True,False
2026-08-16 21:03:52,adapter_ctta,pill,monitor,C:/cira_batch_test/pill/bad_19.png,bad_19.png,anomaly,True,0.06592071056365967,0.06592071056365967,0.05881828558520522,0.05881828558520522,0.05084799118340016,False,False,16000,False,,False,0.0,cpu,patch_nearest_normal,last2,14,0.05,False,,,0.00014196074334904552,0.00015804108188598499,False,True,True,False
2026-08-16 21:03:54,adapter_ctta,pill,monitor,C:/cira_batch_test/pill/good_1.png,good_1.png,normal,False,0.046927355229854584,0.046942174434661865,0.05881828558520522,0.05881828558520522,0.05084799118340016,False,False,16000,True,0.0001661529968259856,True,0.00255370931699872,cpu,patch_nearest_normal,last2,14,0.05,False,,,0.00015452875231858343,0.00015804108188598499,True,True,True,False
2026-08-16 21:03:56,adapter_ctta,screw,monitor,C:/cira_batch_test/screw/bad_10.png,bad_10.png,anomaly,True,0.06733480095863342,0.06733480095863342,0.06300563204730296,0.06300563204730296,0.05946885421872139,False,False,16000,False,,False,0.0,cpu,patch_nearest_normal,last2,14,0.05,False,,,0.00010339670552639291,0.00012727336943498,False,True,True,False
2026-08-16 21:03:57,adapter_ctta,screw,monitor,C:/cira_batch_test/screw/good_16.png,good_16.png,normal,False,0.06156136468052864,0.06156136468052864,0.06300563204730296,0.06300563204730296,0.05946885421872139,False,False,16000,False,,False,0.0,cpu,patch_nearest_normal,last2,14,0.05,False,,,0.00011225097114220262,0.00012727336943498,False,True,True,False
2026-08-16 21:03:59,adapter_ctta,screw,monitor,C:/cira_batch_test/screw/bad_12.png,bad_12.png,anomaly,True,0.0718311071395874,0.0718311071395874,0.06300563204730296,0.06300563204730296,0.05946885421872139,False,False,16000,False,,False,0.0,cpu,patch_nearest_normal,last2,14,0.05,False,,,0.00012766855070367455,0.00012727336943498,False,False,True,False
2026-08-16 21:04:01,adapter_ctta,screw,monitor,C:/cira_batch_test/screw/good_11.png,good_11.png,normal,False,0.05035126209259033,0.05032440274953842,0.06300563204730296,0.06300563204730296,0.05946885421872139,False,False,16000,True,0.00010782487515825778,True,0.0030191426631063223,cpu,patch_nearest_normal,last2,14,0.05,False,,,0.00010112844029208645,0.00012727336943498,True,True,True,False
2026-08-16 21:04:03,adapter_ctta,screw,monitor,C:/cira_batch_test/screw/bad_13.png,bad_13.png,anomaly,True,0.08255943655967712,0.08255943655967712,0.06300563204730296,0.06300563204730296,0.05946885421872139,False,False,16000,False,,False,0.0,cpu,patch_nearest_normal,last2,14,0.05,False,,,9.093173139262944e-05,0.00012727336943498,False,True,True,False
2026-08-16 21:04:04,adapter_ctta,screw,monitor,C:/cira_batch_test/screw/good_7.png,good_7.png,normal,False,0.043883778154850006,0.04386598616838455,0.06300563204730296,0.06300563204730296,0.05946885421872139,False,False,16000,True,0.00011286984226899222,True,0.002640028949826956,cpu,patch_nearest_normal,last2,14,0.05,False,,,9.916464478010312e-05,0.00012727336943498,True,True,True,False
2026-08-16 21:04:06,adapter_ctta,screw,monitor,C:/cira_batch_test/screw/good_8.png,good_8.png,normal,False,0.05513972043991089,0.05513232946395874,0.06300563204730296,0.06300563204730296,0.05946885421872139,False,False,16000,True,0.00011426674609538168,True,0.0025101772043854,cpu,patch_nearest_normal,last2,14,0.05,False,,,0.00011274513235548511,0.00012727336943498,True,True,True,False
2026-08-16 21:04:08,adapter_ctta,screw,monitor,C:/cira_batch_test/screw/bad_20.png,bad_20.png,anomaly,True,0.06549116969108582,0.06549116969108582,0.06300563204730296,0.06300563204730296,0.05946885421872139,False,False,16000,False,,False,0.0,cpu,patch_nearest_normal,last2,14,0.05,False,,,0.00013578854850493371,0.00012727336943498,False,False,True,False
2026-08-16 21:04:10,adapter_ctta,screw,monitor,C:/cira_batch_test/screw/good_19.png,good_19.png,normal,False,0.05001932382583618,0.05000818520784378,0.06300563204730296,0.06300563204730296,0.05946885421872139,False,False,16000,True,0.00010222915443591774,True,0.002477828413248062,cpu,patch_nearest_normal,last2,14,0.05,False,,,9.250545554095879e-05,0.00012727336943498,True,True,True,False
2026-08-16 21:04:11,adapter_ctta,screw,monitor,C:/cira_batch_test/screw/bad_3.png,bad_3.png,anomaly,True,0.07021265476942062,0.07021265476942062,0.06300563204730296,0.06300563204730296,0.05946885421872139,False,False,16000,False,,False,0.0,cpu,patch_nearest_normal,last2,14,0.05,False,,,0.00011545400775503367,0.00012727336943498,False,True,True,False
2026-08-16 21:04:13,adapter_ctta,screw,monitor,C:/cira_batch_test/screw/bad_7.png,bad_7.png,anomaly,True,0.08288009464740753,0.08288009464740753,0.06300563204730296,0.06300563204730296,0.05946885421872139,False,False,16000,False,,False,0.0,cpu,patch_nearest_normal,last2,14,0.05,False,,,0.0001221274578711018,0.00012727336943498,False,True,True,False
2026-08-16 21:04:14,adapter_ctta,screw,monitor,C:/cira_batch_test/screw/bad_15.png,bad_15.png,anomaly,True,0.08334989845752716,0.08334989845752716,0.06300563204730296,0.06300563204730296,0.05946885421872139,False,False,16000,False,,False,0.0,cpu,patch_nearest_normal,last2,14,0.05,False,,,9.779570973478258e-05,0.00012727336943498,False,True,True,False
2026-08-16 21:04:16,adapter_ctta,screw,monitor,C:/cira_batch_test/screw/good_5.png,good_5.png,normal,False,0.046282120048999786,0.04630935937166214,0.06300563204730296,0.06300563204730296,0.05946885421872139,False,False,16000,True,0.00012291225721128285,True,0.0024760134983807802,cpu,patch_nearest_normal,last2,14,0.05,False,,,0.00011438439105404541,0.00012727336943498,True,True,True,False
2026-08-16 21:04:18,adapter_ctta,screw,monitor,C:/cira_batch_test/screw/good_14.png,good_14.png,normal,False,0.06045614555478096,0.06045614555478096,0.06300563204730296,0.06300563204730296,0.05946885421872139,False,False,16000,False,,False,0.0,cpu,patch_nearest_normal,last2,14,0.05,False,,,0.00010907674732152373,0.00012727336943498,False,True,True,False
2026-08-16 21:04:19,adapter_ctta,screw,monitor,C:/cira_batch_test/screw/bad_4.png,bad_4.png,normal,False,0.05700627714395523,0.05698744207620621,0.06300563204730296,0.06300563204730296,0.05946885421872139,False,False,16000,True,0.00010362720058765262,True,0.0024194903671741486,cpu,patch_nearest_normal,last2,14,0.05,False,,,8.637659630039707e-05,0.00012727336943498,True,True,True,False
2026-08-16 21:04:21,adapter_ctta,screw,monitor,C:/cira_batch_test/screw/good_20.png,good_20.png,anomaly,True,0.06843475252389908,0.06843475252389908,0.06300563204730296,0.06300563204730296,0.05946885421872139,False,False,16000,False,,False,0.0,cpu,patch_nearest_normal,last2,14,0.05,False,,,0.00010350906086387113,0.00012727336943498,False,True,True,False
2026-08-16 21:04:23,adapter_ctta,screw,monitor,C:/cira_batch_test/screw/good_13.png,good_13.png,normal,False,0.058072395622730255,0.058069467544555664,0.06300563204730296,0.06300563204730296,0.05946885421872139,False,False,16000,True,0.00013407316873781383,True,0.0024297256022691727,cpu,patch_nearest_normal,last2,14,0.05,False,,,0.00011883987463079393,0.00012727336943498,True,True,True,False
2026-08-16 21:04:25,adapter_ctta,screw,monitor,C:/cira_batch_test/screw/good_15.png,good_15.png,normal,False,0.045772843062877655,0.04575362801551819,0.06300563204730296,0.06300563204730296,0.05946885421872139,False,False,16000,True,0.00012224049714859575,True,0.0024283714592456818,cpu,patch_nearest_normal,last2,14,0.05,False,,,0.00010343958274461329,0.00012727336943498,True,True,True,False
2026-08-16 21:04:26,adapter_ctta,screw,monitor,C:/cira_batch_test/screw/good_6.png,good_6.png,anomaly,True,0.0820324495434761,0.0820324495434761,0.06300563204730296,0.06300563204730296,0.05946885421872139,False,False,16000,False,,False,0.0,cpu,patch_nearest_normal,last2,14,0.05,False,,,0.0001258521224372089,0.00012727336943498,False,True,True,False
2026-08-16 21:04:28,adapter_ctta,screw,monitor,C:/cira_batch_test/screw/good_4.png,good_4.png,normal,False,0.06252750754356384,0.06252750754356384,0.06300563204730296,0.06300563204730296,0.05946885421872139,False,False,16000,False,,False,0.0,cpu,patch_nearest_normal,last2,14,0.05,False,,,0.0001170090472442098,0.00012727336943498,False,True,True,False
2026-08-16 21:04:30,adapter_ctta,screw,monitor,C:/cira_batch_test/screw/bad_16.png,bad_16.png,anomaly,True,0.06357789784669876,0.06357789784669876,0.06300563204730296,0.06300563204730296,0.05946885421872139,False,False,16000,False,,False,0.0,cpu,patch_nearest_normal,last2,14,0.05,False,,,9.930217493092641e-05,0.00012727336943498,False,True,True,False
2026-08-16 21:04:31,adapter_ctta,screw,monitor,C:/cira_batch_test/screw/good_10.png,good_10.png,normal,False,0.045362792909145355,0.04535018652677536,0.06300563204730296,0.06300563204730296,0.05946885421872139,False,False,16000,True,0.00011675059067783877,True,0.002417211886495352,cpu,patch_nearest_normal,last2,14,0.05,False,,,0.00011458692461019382,0.00012727336943498,True,True,True,False
2026-08-16 21:04:33,adapter_ctta,screw,monitor,C:/cira_batch_test/screw/bad_18.png,bad_18.png,normal,False,0.06146538257598877,0.06146538257598877,0.06300563204730296,0.06300563204730296,0.05946885421872139,False,False,16000,False,,False,0.0,cpu,patch_nearest_normal,last2,14,0.05,False,,,0.000130967513541691,0.00012727336943498,False,False,True,False
2026-08-16 21:04:35,adapter_ctta,screw,monitor,C:/cira_batch_test/screw/good_3.png,good_3.png,anomaly,True,0.07090555131435394,0.07090555131435394,0.06300563204730296,0.06300563204730296,0.05946885421872139,False,False,16000,False,,False,0.0,cpu,patch_nearest_normal,last2,14,0.05,False,,,0.00011189030919922516,0.00012727336943498,False,True,True,False
2026-08-16 21:04:36,adapter_ctta,screw,monitor,C:/cira_batch_test/screw/bad_14.png,bad_14.png,anomaly,True,0.07614950835704803,0.07614950835704803,0.06300563204730296,0.06300563204730296,0.05946885421872139,False,False,16000,False,,False,0.0,cpu,patch_nearest_normal,last2,14,0.05,False,,,0.00012415698438417166,0.00012727336943498,False,True,True,False
2026-08-16 21:04:38,adapter_ctta,screw,monitor,C:/cira_batch_test/screw/bad_6.png,bad_6.png,anomaly,True,0.06734444200992584,0.06734444200992584,0.06300563204730296,0.06300563204730296,0.05946885421872139,False,False,16000,False,,False,0.0,cpu,patch_nearest_normal,last2,14,0.05,False,,,0.00011238853767281398,0.00012727336943498,False,True,True,False
2026-08-16 21:04:39,adapter_ctta,screw,monitor,C:/cira_batch_test/screw/bad_8.png,bad_8.png,anomaly,True,0.07110201567411423,0.07110201567411423,0.06300563204730296,0.06300563204730296,0.05946885421872139,False,False,16000,False,,False,0.0,cpu,patch_nearest_normal,last2,14,0.05,False,,,0.00012101530592190102,0.00012727336943498,False,True,True,False
2026-08-16 21:04:41,adapter_ctta,screw,monitor,C:/cira_batch_test/screw/bad_11.png,bad_11.png,anomaly,True,0.06825008988380432,0.06825008988380432,0.06300563204730296,0.06300563204730296,0.05946885421872139,False,False,16000,False,,False,0.0,cpu,patch_nearest_normal,last2,14,0.05,False,,,0.00010068804112961516,0.00012727336943498,False,True,True,False
2026-08-16 21:04:43,adapter_ctta,screw,monitor,C:/cira_batch_test/screw/bad_9.png,bad_9.png,anomaly,True,0.06367714703083038,0.06367714703083038,0.06300563204730296,0.06300563204730296,0.05946885421872139,False,False,16000,False,,False,0.0,cpu,patch_nearest_normal,last2,14,0.05,False,,,0.00012692211021203548,0.00012727336943498,False,True,True,False
2026-08-16 21:04:44,adapter_ctta,screw,monitor,C:/cira_batch_test/screw/bad_5.png,bad_5.png,anomaly,True,0.10217936336994171,0.10217936336994171,0.06300563204730296,0.06300563204730296,0.05946885421872139,False,False,16000,False,,False,0.0,cpu,patch_nearest_normal,last2,14,0.05,False,,,0.00011438271758379415,0.00012727336943498,False,True,True,False
2026-08-16 21:04:46,adapter_ctta,screw,monitor,C:/cira_batch_test/screw/good_9.png,good_9.png,normal,False,0.04771753400564194,0.04770246148109436,0.06300563204730296,0.06300563204730296,0.05946885421872139,False,False,16000,True,0.00011660372547339648,True,0.0024160253815352917,cpu,patch_nearest_normal,last2,14,0.05,True,C:\cira_ttl_checkpoints\screw\patch_memory_bank_update_10.pt,C:\cira_ttl_checkpoints\screw\patch_adapter_update_10.pt,0.00011380862270016223,0.00012727336943498,True,True,True,False
2026-08-16 21:04:48,adapter_ctta,screw,monitor,C:/cira_batch_test/screw/good_2.png,good_2.png,anomaly,True,0.06480970978736877,0.06480970978736877,0.06300563204730296,0.06300563204730296,0.05946885421872139,False,False,16000,False,,False,0.0,cpu,patch_nearest_normal,last2,14,0.05,False,,,0.00010876095620915294,0.00012727336943498,False,True,True,False
2026-08-16 21:04:49,adapter_ctta,screw,monitor,C:/cira_batch_test/screw/bad_2.png,bad_2.png,anomaly,True,0.06382150202989578,0.06382150202989578,0.06300563204730296,0.06300563204730296,0.05946885421872139,False,False,16000,False,,False,0.0,cpu,patch_nearest_normal,last2,14,0.05,False,,,0.00010176253999816254,0.00012727336943498,False,True,True,False
2026-08-16 21:04:51,adapter_ctta,screw,monitor,C:/cira_batch_test/screw/bad_17.png,bad_17.png,anomaly,True,0.06535401940345764,0.06535401940345764,0.06300563204730296,0.06300563204730296,0.05946885421872139,False,False,16000,False,,False,0.0,cpu,patch_nearest_normal,last2,14,0.05,False,,,9.747128933668137e-05,0.00012727336943498,False,True,True,False
2026-08-16 21:04:52,adapter_ctta,screw,monitor,C:/cira_batch_test/screw/bad_1.png,bad_1.png,anomaly,True,0.07474134862422943,0.07474134862422943,0.06300563204730296,0.06300563204730296,0.05946885421872139,False,False,16000,False,,False,0.0,cpu,patch_nearest_normal,last2,14,0.05,False,,,0.00012555600551422685,0.00012727336943498,False,True,True,False
2026-08-16 21:04:54,adapter_ctta,screw,monitor,C:/cira_batch_test/screw/good_12.png,good_12.png,normal,False,0.057562071830034256,0.05756748467683792,0.06300563204730296,0.06300563204730296,0.05946885421872139,False,False,16000,True,0.00011828578863060102,True,0.002386106876656413,cpu,patch_nearest_normal,last2,14,0.05,False,,,0.00010402721090940759,0.00012727336943498,True,True,True,False
2026-08-16 21:04:56,adapter_ctta,screw,monitor,C:/cira_batch_test/screw/good_18.png,good_18.png,normal,False,0.06211036443710327,0.06211036443710327,0.06300563204730296,0.06300563204730296,0.05946885421872139,False,False,16000,False,,False,0.0,cpu,patch_nearest_normal,last2,14,0.05,False,,,0.00010023275535786524,0.00012727336943498,False,True,True,False
2026-08-16 21:04:58,adapter_ctta,screw,monitor,C:/cira_batch_test/screw/good_17.png,good_17.png,normal,False,0.05643046647310257,0.0564306378364563,0.06300563204730296,0.06300563204730296,0.05946885421872139,False,False,16000,True,0.00012491444067563862,True,0.0023866642732173204,cpu,patch_nearest_normal,last2,14,0.05,False,,,0.00011926113802473992,0.00012727336943498,True,True,True,False
2026-08-16 21:05:00,adapter_ctta,screw,monitor,C:/cira_batch_test/screw/bad_19.png,bad_19.png,anomaly,True,0.06749765574932098,0.06749765574932098,0.06300563204730296,0.06300563204730296,0.05946885421872139,False,False,16000,False,,False,0.0,cpu,patch_nearest_normal,last2,14,0.05,False,,,8.60906220623292e-05,0.00012727336943498,False,True,True,False
2026-08-16 21:05:02,adapter_ctta,screw,monitor,C:/cira_batch_test/screw/good_1.png,good_1.png,normal,False,0.05253520607948303,0.0525740310549736,0.06300563204730296,0.06300563204730296,0.05946885421872139,False,False,16000,True,0.00012762477854266763,True,0.0024022224824875593,cpu,patch_nearest_normal,last2,14,0.05,False,,,0.00012647011317312717,0.00012727336943498,True,True,True,False
2026-08-16 21:05:03,adapter_ctta,tile,monitor,C:/cira_batch_test/tile/bad_10.png,bad_10.png,anomaly,True,0.09991627186536789,0.09991627186536789,0.06531576363636363,0.06531576363636363,0.05311408117413522,False,False,16000,False,,False,0.0,cpu,patch_nearest_normal,last2,14,0.05,False,,,0.00019555987091735005,0.000230512705456835,False,True,True,False
2026-08-16 21:05:05,adapter_ctta,tile,monitor,C:/cira_batch_test/tile/good_16.png,good_16.png,normal,False,0.03829062730073929,0.0382600799202919,0.06531576363636363,0.06531576363636363,0.05311408117413522,False,False,16000,True,0.000219010267755948,True,0.003007971914485097,cpu,patch_nearest_normal,last2,14,0.05,False,,,0.00022485274530481547,0.000230512705456835,True,True,True,False
2026-08-16 21:05:07,adapter_ctta,tile,monitor,C:/cira_batch_test/tile/bad_12.png,bad_12.png,normal,False,0.0543050691485405,0.0543050691485405,0.06531576363636363,0.06531576363636363,0.05311408117413522,False,False,16000,False,,False,0.0,cpu,patch_nearest_normal,last2,14,0.05,False,,,0.0002142893645213917,0.000230512705456835,False,True,True,False
2026-08-16 21:05:09,adapter_ctta,tile,monitor,C:/cira_batch_test/tile/good_11.png,good_11.png,normal,False,0.040106456726789474,0.04006640240550041,0.06531576363636363,0.06531576363636363,0.05311408117413522,False,False,16000,True,0.00017267587827518582,True,0.0027109459042549133,cpu,patch_nearest_normal,last2,14,0.05,False,,,0.00015954569971654564,0.000230512705456835,True,True,True,False
2026-08-16 21:05:10,adapter_ctta,tile,monitor,C:/cira_batch_test/tile/bad_13.png,bad_13.png,anomaly,True,0.1572587490081787,0.1572587490081787,0.06531576363636363,0.06531576363636363,0.05311408117413522,False,False,16000,False,,False,0.0,cpu,patch_nearest_normal,last2,14,0.05,False,,,0.00018068075587507337,0.000230512705456835,False,True,True,False
2026-08-16 21:05:12,adapter_ctta,tile,monitor,C:/cira_batch_test/tile/good_7.png,good_7.png,normal,False,0.04351583123207092,0.043527692556381226,0.06531576363636363,0.06531576363636363,0.05311408117413522,False,False,16000,True,0.00021248591656330973,True,0.0026935155037790537,cpu,patch_nearest_normal,last2,14,0.05,False,,,0.00020945440337527543,0.000230512705456835,True,True,True,False
2026-08-16 21:05:14,adapter_ctta,tile,monitor,C:/cira_batch_test/tile/good_8.png,good_8.png,normal,False,0.040093205869197845,0.040152598172426224,0.06531576363636363,0.06531576363636363,0.05311408117413522,False,False,16000,True,0.00023318189778365195,True,0.0026924218982458115,cpu,patch_nearest_normal,last2,14,0.05,False,,,0.00021781848045066,0.000230512705456835,True,True,True,False
2026-08-16 21:05:15,adapter_ctta,tile,monitor,C:/cira_batch_test/tile/bad_20.png,bad_20.png,anomaly,True,0.11428435891866684,0.11428435891866684,0.06531576363636363,0.06531576363636363,0.05311408117413522,False,False,16000,False,,False,0.0,cpu,patch_nearest_normal,last2,14,0.05,False,,,0.00021749969164375216,0.000230512705456835,False,True,True,False
2026-08-16 21:05:17,adapter_ctta,tile,monitor,C:/cira_batch_test/tile/good_19.png,good_19.png,normal,False,0.049541693180799484,0.04960960894823074,0.06531576363636363,0.06531576363636363,0.05311408117413522,False,False,16000,True,0.0002134833630407229,True,0.002700949553400278,cpu,patch_nearest_normal,last2,14,0.05,False,,,0.00019302652799524367,0.000230512705456835,True,True,True,False
2026-08-16 21:05:19,adapter_ctta,tile,monitor,C:/cira_batch_test/tile/bad_3.png,bad_3.png,anomaly,True,0.3842772841453552,0.3842772841453552,0.06531576363636363,0.06531576363636363,0.05311408117413522,False,False,16000,False,,False,0.0,cpu,patch_nearest_normal,last2,14,0.05,False,,,0.0002126786857843399,0.000230512705456835,False,True,True,False
2026-08-16 21:05:20,adapter_ctta,tile,monitor,C:/cira_batch_test/tile/bad_7.png,bad_7.png,anomaly,True,0.21237818896770477,0.21237818896770477,0.06531576363636363,0.06531576363636363,0.05311408117413522,False,False,16000,False,,False,0.0,cpu,patch_nearest_normal,last2,14,0.05,False,,,0.00018297336646355689,0.000230512705456835,False,True,True,False
2026-08-16 21:05:22,adapter_ctta,tile,monitor,C:/cira_batch_test/tile/bad_15.png,bad_15.png,anomaly,True,0.17729666829109192,0.17729666829109192,0.06531576363636363,0.06531576363636363,0.05311408117413522,False,False,16000,False,,False,0.0,cpu,patch_nearest_normal,last2,14,0.05,False,,,0.00023214104294311255,0.000230512705456835,False,False,True,False
2026-08-16 21:05:24,adapter_ctta,tile,monitor,C:/cira_batch_test/tile/good_5.png,good_5.png,normal,False,0.04992615059018135,0.049943991005420685,0.06531576363636363,0.06531576363636363,0.05311408117413522,False,False,16000,True,0.00022866290237288922,True,0.0027143247425556183,cpu,patch_nearest_normal,last2,14,0.05,False,,,0.00020260531164240092,0.000230512705456835,True,True,True,False
2026-08-16 21:05:25,adapter_ctta,tile,monitor,C:/cira_batch_test/tile/good_14.png,good_14.png,normal,False,0.04226080700755119,0.0422896072268486,0.06531576363636363,0.06531576363636363,0.05311408117413522,False,False,16000,True,0.00017291518452111632,True,0.0026737507432699203,cpu,patch_nearest_normal,last2,14,0.05,False,,,0.00015431373321916908,0.000230512705456835,True,True,True,False
2026-08-16 21:05:27,adapter_ctta,tile,monitor,C:/cira_batch_test/tile/bad_4.png,bad_4.png,anomaly,True,0.11479636281728745,0.11479636281728745,0.06531576363636363,0.06531576363636363,0.05311408117413522,False,False,16000,False,,False,0.0,cpu,patch_nearest_normal,last2,14,0.05,False,,,0.0001310132211074233,0.000230512705456835,False,True,True,False
2026-08-16 21:05:29,adapter_ctta,tile,monitor,C:/cira_batch_test/tile/good_20.png,good_20.png,normal,False,0.04209746792912483,0.042162418365478516,0.06531576363636363,0.06531576363636363,0.05311408117413522,False,False,16000,True,0.00016857559967320412,True,0.002615296747535467,cpu,patch_nearest_normal,last2,14,0.05,False,,,0.0001766574860084802,0.000230512705456835,True,True,True,False
2026-08-16 21:05:31,adapter_ctta,tile,monitor,C:/cira_batch_test/tile/good_13.png,good_13.png,normal,False,0.04887732118368149,0.04891674965620041,0.06531576363636363,0.06531576363636363,0.05311408117413522,False,False,16000,True,0.00014492993068415672,True,0.002549512078985572,cpu,patch_nearest_normal,last2,14,0.05,False,,,0.00015572090342175215,0.000230512705456835,True,True,True,False
2026-08-16 21:05:33,adapter_ctta,tile,monitor,C:/cira_batch_test/tile/good_15.png,good_15.png,normal,False,0.04221057891845703,0.042280446738004684,0.06531576363636363,0.06531576363636363,0.05311408117413522,False,False,16000,True,0.00018651083519216627,True,0.0025608856230974197,cpu,patch_nearest_normal,last2,14,0.05,True,C:\cira_ttl_checkpoints\tile\patch_memory_bank_update_10.pt,C:\cira_ttl_checkpoints\tile\patch_adapter_update_10.pt,0.0001575944188516587,0.000230512705456835,True,True,True,False
2026-08-16 21:05:34,adapter_ctta,tile,monitor,C:/cira_batch_test/tile/good_6.png,good_6.png,normal,False,0.046607159078121185,0.046627216041088104,0.06531576363636363,0.06531576363636363,0.05311408117413522,False,False,16000,True,0.00018107770301867276,True,0.0025557635817676783,cpu,patch_nearest_normal,last2,14,0.05,False,,,0.00015534232079517096,0.000230512705456835,True,True,True,False
2026-08-16 21:05:36,adapter_ctta,tile,monitor,C:/cira_batch_test/tile/good_4.png,good_4.png,normal,False,0.038014162331819534,0.03805870562791824,0.06531576363636363,0.06531576363636363,0.05311408117413522,False,False,16000,True,0.000201426912099123,True,0.0025727692991495132,cpu,patch_nearest_normal,last2,14,0.05,False,,,0.00020950667385477573,0.000230512705456835,True,True,True,False
2026-08-16 21:05:38,adapter_ctta,tile,monitor,C:/cira_batch_test/tile/bad_16.png,bad_16.png,anomaly,True,0.08324126154184341,0.08324126154184341,0.06531576363636363,0.06531576363636363,0.05311408117413522,False,False,16000,False,,False,0.0,cpu,patch_nearest_normal,last2,14,0.05,False,,,0.00021502784511540085,0.000230512705456835,False,True,True,False
2026-08-16 21:05:40,adapter_ctta,tile,monitor,C:/cira_batch_test/tile/good_10.png,good_10.png,normal,False,0.051695190370082855,0.05173284932971001,0.06531576363636363,0.06531576363636363,0.05311408117413522,False,False,16000,True,0.0001870893029263243,True,0.002521682530641556,cpu,patch_nearest_normal,last2,14,0.05,False,,,0.0001673846272751689,0.000230512705456835,True,True,True,False
2026-08-16 21:05:41,adapter_ctta,tile,monitor,C:/cira_batch_test/tile/bad_18.png,bad_18.png,anomaly,True,0.07173442095518112,0.07173442095518112,0.06531576363636363,0.06531576363636363,0.05311408117413522,False,False,16000,False,,False,0.0,cpu,patch_nearest_normal,last2,14,0.05,False,,,0.00019735432579182088,0.000230512705456835,False,True,True,False
2026-08-16 21:05:43,adapter_ctta,tile,monitor,C:/cira_batch_test/tile/good_3.png,good_3.png,normal,False,0.04190623760223389,0.04198769852519035,0.06531576363636363,0.06531576363636363,0.05311408117413522,False,False,16000,True,0.00020668645447585732,True,0.0025428610388189554,cpu,patch_nearest_normal,last2,14,0.05,False,,,0.0001901904761325568,0.000230512705456835,True,True,True,False
2026-08-16 21:05:44,adapter_ctta,tile,monitor,C:/cira_batch_test/tile/bad_14.png,bad_14.png,anomaly,True,0.15914742648601532,0.15914742648601532,0.06531576363636363,0.06531576363636363,0.05311408117413522,False,False,16000,False,,False,0.0,cpu,patch_nearest_normal,last2,14,0.05,False,,,0.00019225268624722958,0.000230512705456835,False,True,True,False
2026-08-16 21:05:46,adapter_ctta,tile,monitor,C:/cira_batch_test/tile/bad_6.png,bad_6.png,anomaly,True,0.22886812686920166,0.22886812686920166,0.06531576363636363,0.06531576363636363,0.05311408117413522,False,False,16000,False,,False,0.0,cpu,patch_nearest_normal,last2,14,0.05,False,,,0.00021766939607914537,0.000230512705456835,False,True,True,False
2026-08-16 21:05:48,adapter_ctta,tile,monitor,C:/cira_batch_test/tile/bad_8.png,bad_8.png,anomaly,True,0.16882061958312988,0.16882061958312988,0.06531576363636363,0.06531576363636363,0.05311408117413522,False,False,16000,False,,False,0.0,cpu,patch_nearest_normal,last2,14,0.05,False,,,0.00019316526595503092,0.000230512705456835,False,True,True,False
2026-08-16 21:05:49,adapter_ctta,tile,monitor,C:/cira_batch_test/tile/bad_11.png,bad_11.png,anomaly,True,0.14953628182411194,0.14953628182411194,0.06531576363636363,0.06531576363636363,0.05311408117413522,False,False,16000,False,,False,0.0,cpu,patch_nearest_normal,last2,14,0.05,False,,,0.0001511047885287553,0.000230512705456835,False,True,True,False
2026-08-16 21:05:51,adapter_ctta,tile,monitor,C:/cira_batch_test/tile/bad_9.png,bad_9.png,anomaly,True,0.3189934194087982,0.3189934194087982,0.06531576363636363,0.06531576363636363,0.05311408117413522,False,False,16000,False,,False,0.0,cpu,patch_nearest_normal,last2,14,0.05,False,,,0.00023245078045874834,0.000230512705456835,False,False,True,False
2026-08-16 21:05:52,adapter_ctta,tile,monitor,C:/cira_batch_test/tile/bad_5.png,bad_5.png,anomaly,True,0.15752139687538147,0.15752139687538147,0.06531576363636363,0.06531576363636363,0.05311408117413522,False,False,16000,False,,False,0.0,cpu,patch_nearest_normal,last2,14,0.05,False,,,0.00012515402340795845,0.000230512705456835,False,True,True,False
2026-08-16 21:05:54,adapter_ctta,tile,monitor,C:/cira_batch_test/tile/good_9.png,good_9.png,normal,False,0.03802521154284477,0.038101691752672195,0.06531576363636363,0.06531576363636363,0.05311408117413522,False,False,16000,True,0.00018700920918490738,True,0.0025391466915607452,cpu,patch_nearest_normal,last2,14,0.05,False,,,0.00019851878460031003,0.000230512705456835,True,True,True,False
2026-08-16 21:05:56,adapter_ctta,tile,monitor,C:/cira_batch_test/tile/good_2.png,good_2.png,normal,False,0.04900366812944412,0.049072492867708206,0.06531576363636363,0.06531576363636363,0.05311408117413522,False,False,16000,True,0.00019658872042782605,True,0.0025471036788076162,cpu,patch_nearest_normal,last2,14,0.05,False,,,0.0002142212470062077,0.000230512705456835,True,True,True,False
2026-08-16 21:05:58,adapter_ctta,tile,monitor,C:/cira_batch_test/tile/bad_2.png,bad_2.png,anomaly,True,0.43581634759902954,0.43581634759902954,0.06531576363636363,0.06531576363636363,0.05311408117413522,False,False,16000,False,,False,0.0,cpu,patch_nearest_normal,last2,14,0.05,False,,,0.00011342308425810188,0.000230512705456835,False,True,True,False
2026-08-16 21:05:59,adapter_ctta,tile,monitor,C:/cira_batch_test/tile/bad_17.png,bad_17.png,anomaly,True,0.38580337166786194,0.38580337166786194,0.06531576363636363,0.06531576363636363,0.05311408117413522,False,False,16000,False,,False,0.0,cpu,patch_nearest_normal,last2,14,0.05,False,,,0.00024581351317465305,0.000230512705456835,False,False,True,False
2026-08-16 21:06:01,adapter_ctta,tile,monitor,C:/cira_batch_test/tile/bad_1.png,bad_1.png,anomaly,True,0.4198821187019348,0.4198821187019348,0.06531576363636363,0.06531576363636363,0.05311408117413522,False,False,16000,False,,False,0.0,cpu,patch_nearest_normal,last2,14,0.05,False,,,0.00017177301924675703,0.000230512705456835,False,True,True,False
2026-08-16 21:06:03,adapter_ctta,tile,monitor,C:/cira_batch_test/tile/good_12.png,good_12.png,normal,False,0.041725657880306244,0.041779570281505585,0.06531576363636363,0.06531576363636363,0.05311408117413522,False,False,16000,True,0.0001983068505069241,True,0.002555981744080782,cpu,patch_nearest_normal,last2,14,0.05,False,,,0.00020330723782535642,0.000230512705456835,True,True,True,False
2026-08-16 21:06:04,adapter_ctta,tile,monitor,C:/cira_batch_test/tile/good_18.png,good_18.png,anomaly,True,0.06714875251054764,0.06714875251054764,0.06531576363636363,0.06531576363636363,0.05311408117413522,False,False,16000,False,,False,0.0,cpu,patch_nearest_normal,last2,14,0.05,False,,,0.0002258418535348028,0.000230512705456835,False,True,True,False
2026-08-16 21:06:06,adapter_ctta,tile,monitor,C:/cira_batch_test/tile/good_17.png,good_17.png,normal,False,0.047432757914066315,0.04751235991716385,0.06531576363636363,0.06531576363636363,0.05311408117413522,False,False,16000,True,0.00019899824110325426,True,0.0025616828352212906,cpu,patch_nearest_normal,last2,14,0.05,False,,,0.00019974852330051363,0.000230512705456835,True,True,True,False
2026-08-16 21:06:08,adapter_ctta,tile,monitor,C:/cira_batch_test/tile/bad_19.png,bad_19.png,anomaly,True,0.09905986487865448,0.09905986487865448,0.06531576363636363,0.06531576363636363,0.05311408117413522,False,False,16000,False,,False,0.0,cpu,patch_nearest_normal,last2,14,0.05,False,,,0.00020755204604938626,0.000230512705456835,False,True,True,False
2026-08-16 21:06:09,adapter_ctta,tile,monitor,C:/cira_batch_test/tile/good_1.png,good_1.png,normal,False,0.04962451383471489,0.04970334842801094,0.06531576363636363,0.06531576363636363,0.05311408117413522,False,False,16000,True,0.00021604997164104134,True,0.0025696062948554754,cpu,patch_nearest_normal,last2,14,0.05,False,,,0.00020347100507933646,0.000230512705456835,True,True,True,False
2026-08-16 21:06:11,adapter_ctta,toothbrush,monitor,C:/cira_batch_test/toothbrush/bad_10.png,bad_10.png,anomaly,True,0.14204305410385132,0.14204305410385132,0.0701888715806552,0.0701888715806552,0.0501871842890978,False,False,9408,False,,False,0.0,cpu,patch_nearest_normal,last2,14,0.05,False,,,0.00011699058813974261,0.00012676088372241001,False,True,True,False
2026-08-16 21:06:13,adapter_ctta,toothbrush,monitor,C:/cira_batch_test/toothbrush/good_16.png,good_16.png,normal,False,0.04482537508010864,0.04479275271296501,0.0701888715806552,0.0701888715806552,0.0501871842890978,False,False,9408,True,0.00012435040844138712,True,0.0030175207648426294,cpu,patch_nearest_normal,last2,14,0.05,False,,,0.0001150458338088356,0.00012676088372241001,True,True,True,False
2026-08-16 21:06:14,adapter_ctta,toothbrush,monitor,C:/cira_batch_test/toothbrush/bad_12.png,bad_12.png,anomaly,True,0.37472912669181824,0.37472912669181824,0.0701888715806552,0.0701888715806552,0.0501871842890978,False,False,9408,False,,False,0.0,cpu,patch_nearest_normal,last2,14,0.05,False,,,0.00011368517880328,0.00012676088372241001,False,True,True,False
2026-08-16 21:06:16,adapter_ctta,toothbrush,monitor,C:/cira_batch_test/toothbrush/good_11.png,good_11.png,normal,False,0.053627777844667435,0.053627777844667435,0.0701888715806552,0.0701888715806552,0.0501871842890978,False,False,9408,False,,False,0.0,cpu,patch_nearest_normal,last2,14,0.05,False,,,0.00011462725524324924,0.00012676088372241001,False,True,True,False
2026-08-16 21:06:17,adapter_ctta,toothbrush,monitor,C:/cira_batch_test/toothbrush/bad_13.png,bad_13.png,normal,False,0.05643399432301521,0.05643399432301521,0.0701888715806552,0.0701888715806552,0.0501871842890978,False,False,9408,False,,False,0.0,cpu,patch_nearest_normal,last2,14,0.05,False,,,0.00011156450636917725,0.00012676088372241001,False,True,True,False
2026-08-16 21:06:19,adapter_ctta,toothbrush,monitor,C:/cira_batch_test/toothbrush/good_7.png,good_7.png,normal,False,0.060900576412677765,0.060900576412677765,0.0701888715806552,0.0701888715806552,0.0501871842890978,False,False,9408,False,,False,0.0,cpu,patch_nearest_normal,last2,14,0.05,False,,,0.00012743515253532678,0.00012676088372241001,False,False,True,False
2026-08-16 21:06:21,adapter_ctta,toothbrush,monitor,C:/cira_batch_test/toothbrush/good_8.png,good_8.png,anomaly,True,0.07681012153625488,0.07681012153625488,0.0701888715806552,0.0701888715806552,0.0501871842890978,False,False,9408,False,,False,0.0,cpu,patch_nearest_normal,last2,14,0.05,False,,,0.00012609022087417543,0.00012676088372241001,False,True,True,False
2026-08-16 21:06:22,adapter_ctta,toothbrush,monitor,C:/cira_batch_test/toothbrush/bad_20.png,bad_20.png,anomaly,True,0.32729342579841614,0.32729342579841614,0.0701888715806552,0.0701888715806552,0.0501871842890978,False,False,9408,False,,False,0.0,cpu,patch_nearest_normal,last2,14,0.05,False,,,0.0001338477450190112,0.00012676088372241001,False,False,True,False
2026-08-16 21:06:24,adapter_ctta,toothbrush,monitor,C:/cira_batch_test/toothbrush/good_19.png,good_19.png,normal,False,0.018771464005112648,0.018736522644758224,0.0701888715806552,0.0701888715806552,0.0501871842890978,False,False,9408,True,0.00013238858082331717,True,0.0027095854748040438,cpu,patch_nearest_normal,last2,14,0.05,False,,,0.0001233307848451659,0.00012676088372241001,True,True,True,False
2026-08-16 21:06:27,adapter_ctta,toothbrush,monitor,C:/cira_batch_test/toothbrush/bad_3.png,bad_3.png,anomaly,True,0.1360289752483368,0.1360289752483368,0.0701888715806552,0.0701888715806552,0.0501871842890978,False,False,9408,False,,False,0.0,cpu,patch_nearest_normal,last2,14,0.05,False,,,0.00012134369171690196,0.00012676088372241001,False,True,True,False
2026-08-16 21:06:28,adapter_ctta,toothbrush,monitor,C:/cira_batch_test/toothbrush/bad_7.png,bad_7.png,anomaly,True,0.1371595859527588,0.1371595859527588,0.0701888715806552,0.0701888715806552,0.0501871842890978,False,False,9408,False,,False,0.0,cpu,patch_nearest_normal,last2,14,0.05,False,,,0.00011714342690538615,0.00012676088372241001,False,True,True,False
2026-08-16 21:06:30,adapter_ctta,toothbrush,monitor,C:/cira_batch_test/toothbrush/bad_15.png,bad_15.png,normal,False,0.06441465020179749,0.06441465020179749,0.0701888715806552,0.0701888715806552,0.0501871842890978,False,False,9408,False,,False,0.0,cpu,patch_nearest_normal,last2,14,0.05,False,,,0.00011326087405905128,0.00012676088372241001,False,True,True,False
2026-08-16 21:06:32,adapter_ctta,toothbrush,monitor,C:/cira_batch_test/toothbrush/good_5.png,good_5.png,normal,False,0.018362749367952347,0.018343914300203323,0.0701888715806552,0.0701888715806552,0.0501871842890978,False,False,9408,True,0.0001254440430784598,True,0.0026303583290427923,cpu,patch_nearest_normal,last2,14,0.05,False,,,0.00011262471525697038,0.00012676088372241001,True,True,True,False
2026-08-16 21:06:33,adapter_ctta,toothbrush,monitor,C:/cira_batch_test/toothbrush/good_14.png,good_14.png,normal,False,0.06923650205135345,0.06923650205135345,0.0701888715806552,0.0701888715806552,0.0501871842890978,False,False,9408,False,,False,0.0,cpu,patch_nearest_normal,last2,14,0.05,False,,,0.00012067925126757473,0.00012676088372241001,False,True,True,False
2026-08-16 21:06:35,adapter_ctta,toothbrush,monitor,C:/cira_batch_test/toothbrush/bad_4.png,bad_4.png,anomaly,True,0.07359272241592407,0.07359272241592407,0.0701888715806552,0.0701888715806552,0.0501871842890978,False,False,9408,False,,False,0.0,cpu,patch_nearest_normal,last2,14,0.05,False,,,0.00010369058873038739,0.00012676088372241001,False,True,True,False
2026-08-16 21:06:37,adapter_ctta,toothbrush,monitor,C:/cira_batch_test/toothbrush/good_20.png,good_20.png,normal,False,0.018359016627073288,0.01834883727133274,0.0701888715806552,0.0701888715806552,0.0501871842890978,False,False,9408,True,0.0001264881866518408,True,0.002589712617918849,cpu,patch_nearest_normal,last2,14,0.05,False,,,0.00011639303556876257,0.00012676088372241001,True,True,True,False
2026-08-16 21:06:38,adapter_ctta,toothbrush,monitor,C:/cira_batch_test/toothbrush/good_13.png,good_13.png,normal,False,0.05630490183830261,0.05630490183830261,0.0701888715806552,0.0701888715806552,0.0501871842890978,False,False,9408,False,,False,0.0,cpu,patch_nearest_normal,last2,14,0.05,False,,,0.00011477182124508545,0.00012676088372241001,False,True,True,False
2026-08-16 21:06:40,adapter_ctta,toothbrush,monitor,C:/cira_batch_test/toothbrush/good_15.png,good_15.png,normal,False,0.05040482431650162,0.05040482431650162,0.0701888715806552,0.0701888715806552,0.0501871842890978,False,False,9408,False,,False,0.0,cpu,patch_nearest_normal,last2,14,0.05,False,,,0.0001101794550777413,0.00012676088372241001,False,True,True,False
2026-08-16 21:06:42,adapter_ctta,toothbrush,monitor,C:/cira_batch_test/toothbrush/good_6.png,good_6.png,normal,False,0.04860585927963257,0.0485694482922554,0.0701888715806552,0.0701888715806552,0.0501871842890978,False,False,9408,True,0.00012890233483631164,True,0.0025752128567546606,cpu,patch_nearest_normal,last2,14,0.05,False,,,0.0001163475462817587,0.00012676088372241001,True,True,True,False
2026-08-16 21:06:44,adapter_ctta,toothbrush,monitor,C:/cira_batch_test/toothbrush/good_4.png,good_4.png,normal,False,0.047907184809446335,0.04789918661117554,0.0701888715806552,0.0701888715806552,0.0501871842890978,False,False,9408,True,0.00011815302423201501,True,0.00253377016633749,cpu,patch_nearest_normal,last2,14,0.05,False,,,0.00010923450463451445,0.00012676088372241001,True,True,True,False
2026-08-16 21:06:45,adapter_ctta,toothbrush,monitor,C:/cira_batch_test/toothbrush/bad_16.png,bad_16.png,anomaly,True,0.34765276312828064,0.34765276312828064,0.0701888715806552,0.0701888715806552,0.0501871842890978,False,False,9408,False,,False,0.0,cpu,patch_nearest_normal,last2,14,0.05,False,,,0.00011964944133069366,0.00012676088372241001,False,True,True,False
2026-08-16 21:06:47,adapter_ctta,toothbrush,monitor,C:/cira_batch_test/toothbrush/good_10.png,good_10.png,anomaly,True,0.07853657752275467,0.07853657752275467,0.0701888715806552,0.0701888715806552,0.0501871842890978,False,False,9408,False,,False,0.0,cpu,patch_nearest_normal,last2,14,0.05,False,,,0.00012751325266435742,0.00012676088372241001,False,False,True,False
2026-08-16 21:06:48,adapter_ctta,toothbrush,monitor,C:/cira_batch_test/toothbrush/bad_18.png,bad_18.png,anomaly,True,0.269892156124115,0.269892156124115,0.0701888715806552,0.0701888715806552,0.0501871842890978,False,False,9408,False,,False,0.0,cpu,patch_nearest_normal,last2,14,0.05,False,,,0.00012142030755057931,0.00012676088372241001,False,True,True,False
2026-08-16 21:06:50,adapter_ctta,toothbrush,monitor,C:/cira_batch_test/toothbrush/good_3.png,good_3.png,normal,False,0.0401211753487587,0.04011306166648865,0.0701888715806552,0.0701888715806552,0.0501871842890978,False,False,9408,True,0.00011740352056222036,True,0.002509851474314928,cpu,patch_nearest_normal,last2,14,0.05,False,,,0.00010717091208789498,0.00012676088372241001,True,True,True,False
2026-08-16 21:06:52,adapter_ctta,toothbrush,monitor,C:/cira_batch_test/toothbrush/bad_14.png,bad_14.png,anomaly,True,0.2574900686740875,0.2574900686740875,0.0701888715806552,0.0701888715806552,0.0501871842890978,False,False,9408,False,,False,0.0,cpu,patch_nearest_normal,last2,14,0.05,False,,,0.00012653126032091677,0.00012676088372241001,False,True,True,False
2026-08-16 21:06:53,adapter_ctta,toothbrush,monitor,C:/cira_batch_test/toothbrush/bad_6.png,bad_6.png,normal,False,0.05616758018732071,0.05616758018732071,0.0701888715806552,0.0701888715806552,0.0501871842890978,False,False,9408,False,,False,0.0,cpu,patch_nearest_normal,last2,14,0.05,False,,,0.0001143358094850555,0.00012676088372241001,False,True,True,False
2026-08-16 21:06:55,adapter_ctta,toothbrush,monitor,C:/cira_batch_test/toothbrush/bad_8.png,bad_8.png,anomaly,True,0.3536655306816101,0.3536655306816101,0.0701888715806552,0.0701888715806552,0.0501871842890978,False,False,9408,False,,False,0.0,cpu,patch_nearest_normal,last2,14,0.05,False,,,0.00011704477947205305,0.00012676088372241001,False,True,True,False
2026-08-16 21:06:56,adapter_ctta,toothbrush,monitor,C:/cira_batch_test/toothbrush/bad_11.png,bad_11.png,anomaly,True,0.2787701189517975,0.2787701189517975,0.0701888715806552,0.0701888715806552,0.0501871842890978,False,False,9408,False,,False,0.0,cpu,patch_nearest_normal,last2,14,0.05,False,,,0.00011508862371556461,0.00012676088372241001,False,True,True,False
2026-08-16 21:06:58,adapter_ctta,toothbrush,monitor,C:/cira_batch_test/toothbrush/bad_9.png,bad_9.png,normal,False,0.04928573966026306,0.049286991357803345,0.0701888715806552,0.0701888715806552,0.0501871842890978,False,False,9408,True,0.00012290675658732653,True,0.002507980214431882,cpu,patch_nearest_normal,last2,14,0.05,False,,,0.00010691503121051937,0.00012676088372241001,True,True,True,False
2026-08-16 21:07:00,adapter_ctta,toothbrush,monitor,C:/cira_batch_test/toothbrush/bad_5.png,bad_5.png,normal,False,0.05603606626391411,0.05603606626391411,0.0701888715806552,0.0701888715806552,0.0501871842890978,False,False,9408,False,,False,0.0,cpu,patch_nearest_normal,last2,14,0.05,False,,,0.00011546807218110189,0.00012676088372241001,False,True,True,False
2026-08-16 21:07:02,adapter_ctta,toothbrush,monitor,C:/cira_batch_test/toothbrush/good_9.png,good_9.png,normal,False,0.04536479711532593,0.045362453907728195,0.0701888715806552,0.0701888715806552,0.0501871842890978,False,False,9408,True,0.00012415066885296255,True,0.0025102829094976187,cpu,patch_nearest_normal,last2,14,0.05,False,,,0.00011157569679198787,0.00012676088372241001,True,True,True,False
2026-08-16 21:07:03,adapter_ctta,toothbrush,monitor,C:/cira_batch_test/toothbrush/good_2.png,good_2.png,normal,False,0.061761002987623215,0.061761002987623215,0.0701888715806552,0.0701888715806552,0.0501871842890978,False,False,9408,False,,False,0.0,cpu,patch_nearest_normal,last2,14,0.05,False,,,0.00011071942572016269,0.00012676088372241001,False,True,True,False
2026-08-16 21:07:05,adapter_ctta,toothbrush,monitor,C:/cira_batch_test/toothbrush/bad_2.png,bad_2.png,normal,False,0.06729637831449509,0.06729637831449509,0.0701888715806552,0.0701888715806552,0.0501871842890978,False,False,9408,False,,False,0.0,cpu,patch_nearest_normal,last2,14,0.05,False,,,0.00010342059977119789,0.00012676088372241001,False,True,True,False
2026-08-16 21:07:06,adapter_ctta,toothbrush,monitor,C:/cira_batch_test/toothbrush/bad_17.png,bad_17.png,anomaly,True,0.2628845274448395,0.2628845274448395,0.0701888715806552,0.0701888715806552,0.0501871842890978,False,False,9408,False,,False,0.0,cpu,patch_nearest_normal,last2,14,0.05,False,,,0.00011978782276855782,0.00012676088372241001,False,True,True,False
2026-08-16 21:07:08,adapter_ctta,toothbrush,monitor,C:/cira_batch_test/toothbrush/bad_1.png,bad_1.png,anomaly,True,0.29529309272766113,0.29529309272766113,0.0701888715806552,0.0701888715806552,0.0501871842890978,False,False,9408,False,,False,0.0,cpu,patch_nearest_normal,last2,14,0.05,False,,,0.0001157290898845531,0.00012676088372241001,False,True,True,False
2026-08-16 21:07:09,adapter_ctta,toothbrush,monitor,C:/cira_batch_test/toothbrush/good_12.png,good_12.png,normal,False,0.05970383808016777,0.05970383808016777,0.0701888715806552,0.0701888715806552,0.0501871842890978,False,False,9408,False,,False,0.0,cpu,patch_nearest_normal,last2,14,0.05,False,,,0.00011875611380673945,0.00012676088372241001,False,True,True,False
2026-08-16 21:07:11,adapter_ctta,toothbrush,monitor,C:/cira_batch_test/toothbrush/good_18.png,good_18.png,normal,False,0.04656321927905083,0.04657411575317383,0.0701888715806552,0.0701888715806552,0.0501871842890978,False,False,9408,True,0.00013387238141149282,True,0.002505775075405836,cpu,patch_nearest_normal,last2,14,0.05,True,C:\cira_ttl_checkpoints\toothbrush\patch_memory_bank_update_10.pt,C:\cira_ttl_checkpoints\toothbrush\patch_adapter_update_10.pt,0.00011165447358507663,0.00012676088372241001,True,True,True,False
2026-08-16 21:07:13,adapter_ctta,toothbrush,monitor,C:/cira_batch_test/toothbrush/good_17.png,good_17.png,normal,False,0.019751613959670067,0.019773542881011963,0.0701888715806552,0.0701888715806552,0.0501871842890978,False,False,9408,True,0.00012060882727382705,True,0.002495249966159463,cpu,patch_nearest_normal,last2,14,0.05,False,,,0.00011121209536213428,0.00012676088372241001,True,True,True,False
2026-08-16 21:07:14,adapter_ctta,toothbrush,monitor,C:/cira_batch_test/toothbrush/bad_19.png,bad_19.png,anomaly,True,0.07808586210012436,0.07808586210012436,0.0701888715806552,0.0701888715806552,0.0501871842890978,False,False,9408,False,,False,0.0,cpu,patch_nearest_normal,last2,14,0.05,False,,,0.00011797684419434518,0.00012676088372241001,False,True,True,False
2026-08-16 21:07:16,adapter_ctta,toothbrush,monitor,C:/cira_batch_test/toothbrush/good_1.png,good_1.png,normal,False,0.05047956109046936,0.05047956109046936,0.0701888715806552,0.0701888715806552,0.0501871842890978,False,False,9408,False,,False,0.0,cpu,patch_nearest_normal,last2,14,0.05,False,,,0.00011354927119100466,0.00012676088372241001,False,True,True,False
2026-08-16 21:07:18,adapter_ctta,transistor,monitor,C:/cira_batch_test/transistor/bad_10.png,bad_10.png,anomaly,True,0.1326681673526764,0.1326681673526764,0.08374595860198465,0.08374595860198465,0.075458013266325,False,False,16000,False,,False,0.0,cpu,patch_nearest_normal,last2,14,0.05,False,,,0.00017716166621539742,0.000183458399987945,False,True,True,False
2026-08-16 21:07:19,adapter_ctta,transistor,monitor,C:/cira_batch_test/transistor/good_16.png,good_16.png,normal,False,0.0755409374833107,0.0755409374833107,0.08374595860198465,0.08374595860198465,0.075458013266325,False,False,16000,False,,False,0.0,cpu,patch_nearest_normal,last2,14,0.05,False,,,0.00020047450379934162,0.000183458399987945,False,False,True,False
2026-08-16 21:07:21,adapter_ctta,transistor,monitor,C:/cira_batch_test/transistor/bad_12.png,bad_12.png,anomaly,True,0.25258898735046387,0.25258898735046387,0.08374595860198465,0.08374595860198465,0.075458013266325,False,False,16000,False,,False,0.0,cpu,patch_nearest_normal,last2,14,0.05,False,,,0.00015735568013042212,0.000183458399987945,False,True,True,False
2026-08-16 21:07:23,adapter_ctta,transistor,monitor,C:/cira_batch_test/transistor/good_11.png,good_11.png,normal,False,0.06767061352729797,0.06767061352729797,0.08374595860198465,0.08374595860198465,0.075458013266325,False,False,16000,False,,False,0.0,cpu,patch_nearest_normal,last2,14,0.05,False,,,0.0001901382493088022,0.000183458399987945,True,False,True,False
2026-08-16 21:07:24,adapter_ctta,transistor,monitor,C:/cira_batch_test/transistor/bad_13.png,bad_13.png,anomaly,True,0.10995545238256454,0.10995545238256454,0.08374595860198465,0.08374595860198465,0.075458013266325,False,False,16000,False,,False,0.0,cpu,patch_nearest_normal,last2,14,0.05,False,,,0.00016625289572402835,0.000183458399987945,False,True,True,False
2026-08-16 21:07:26,adapter_ctta,transistor,monitor,C:/cira_batch_test/transistor/good_7.png,good_7.png,normal,False,0.0724715143442154,0.07242380082607269,0.08374595860198465,0.08374595860198465,0.075458013266325,False,False,16000,True,0.00021626666421070695,True,0.003041232470422983,cpu,patch_nearest_normal,last2,14,0.05,False,,,0.00017961578851100057,0.000183458399987945,True,True,True,False
2026-08-16 21:07:28,adapter_ctta,transistor,monitor,C:/cira_batch_test/transistor/good_8.png,good_8.png,normal,False,0.05993493273854256,0.05991117283701897,0.08374595860198465,0.08374595860198465,0.075458013266325,False,False,16000,True,0.000183598865987733,True,0.0027452625799924135,cpu,patch_nearest_normal,last2,14,0.05,False,,,0.00014937300875317305,0.000183458399987945,True,True,True,False
2026-08-16 21:07:30,adapter_ctta,transistor,monitor,C:/cira_batch_test/transistor/bad_20.png,bad_20.png,anomaly,True,0.2925341725349426,0.2925341725349426,0.08374595860198465,0.08374595860198465,0.075458013266325,False,False,16000,False,,False,0.0,cpu,patch_nearest_normal,last2,14,0.05,False,,,0.00019523240916896611,0.000183458399987945,False,False,True,False
2026-08-16 21:07:32,adapter_ctta,transistor,monitor,C:/cira_batch_test/transistor/good_19.png,good_19.png,normal,False,0.07852622866630554,0.07852622866630554,0.08374595860198465,0.08374595860198465,0.075458013266325,False,False,16000,False,,False,0.0,cpu,patch_nearest_normal,last2,14,0.05,False,,,0.00016212700575124472,0.000183458399987945,False,True,True,False
2026-08-16 21:07:33,adapter_ctta,transistor,monitor,C:/cira_batch_test/transistor/bad_3.png,bad_3.png,anomaly,True,0.10233405977487564,0.10233405977487564,0.08374595860198465,0.08374595860198465,0.075458013266325,False,False,16000,False,,False,0.0,cpu,patch_nearest_normal,last2,14,0.05,False,,,0.00015304525732062757,0.000183458399987945,False,True,True,False
2026-08-16 21:07:35,adapter_ctta,transistor,monitor,C:/cira_batch_test/transistor/bad_7.png,bad_7.png,anomaly,True,0.13355998694896698,0.13355998694896698,0.08374595860198465,0.08374595860198465,0.075458013266325,False,False,16000,False,,False,0.0,cpu,patch_nearest_normal,last2,14,0.05,False,,,0.0001647644239710644,0.000183458399987945,False,True,True,False
2026-08-16 21:07:36,adapter_ctta,transistor,monitor,C:/cira_batch_test/transistor/bad_15.png,bad_15.png,anomaly,True,0.09775754809379578,0.09775754809379578,0.08374595860198465,0.08374595860198465,0.075458013266325,False,False,16000,False,,False,0.0,cpu,patch_nearest_normal,last2,14,0.05,False,,,0.00017769797705113888,0.000183458399987945,False,True,True,False
2026-08-16 21:07:38,adapter_ctta,transistor,monitor,C:/cira_batch_test/transistor/good_5.png,good_5.png,normal,False,0.06899246573448181,0.06896883994340897,0.08374595860198465,0.08374595860198465,0.075458013266325,False,False,16000,True,0.00019556135521270335,True,0.0026454071048647165,cpu,patch_nearest_normal,last2,14,0.05,False,,,0.00017501303227618337,0.000183458399987945,True,True,True,False
2026-08-16 21:07:40,adapter_ctta,transistor,monitor,C:/cira_batch_test/transistor/good_14.png,good_14.png,normal,False,0.06556956470012665,0.06550590693950653,0.08374595860198465,0.08374595860198465,0.075458013266325,False,False,16000,True,0.00019228068413212895,True,0.002589744282886386,cpu,patch_nearest_normal,last2,14,0.05,False,,,0.00017418965580873191,0.000183458399987945,True,True,True,False
2026-08-16 21:07:42,adapter_ctta,transistor,monitor,C:/cira_batch_test/transistor/bad_4.png,bad_4.png,anomaly,True,0.09176032990217209,0.09176032990217209,0.08374595860198465,0.08374595860198465,0.075458013266325,False,False,16000,False,,False,0.0,cpu,patch_nearest_normal,last2,14,0.05,False,,,0.0001265754399355501,0.000183458399987945,False,True,True,False
2026-08-16 21:07:43,adapter_ctta,transistor,monitor,C:/cira_batch_test/transistor/good_20.png,good_20.png,normal,False,0.07443024218082428,0.07439635694026947,0.08374595860198465,0.08374595860198465,0.075458013266325,False,False,16000,True,0.00019508355762809515,True,0.002575957216322422,cpu,patch_nearest_normal,last2,14,0.05,False,,,0.00017096444207709283,0.000183458399987945,True,True,True,False
2026-08-16 21:07:45,adapter_ctta,transistor,monitor,C:/cira_batch_test/transistor/good_13.png,good_13.png,normal,False,0.05916179344058037,0.05916179344058037,0.08374595860198465,0.08374595860198465,0.075458013266325,False,False,16000,False,,False,0.0,cpu,patch_nearest_normal,last2,14,0.05,False,,,0.00018797947268467396,0.000183458399987945,True,False,True,False
2026-08-16 21:07:47,adapter_ctta,transistor,monitor,C:/cira_batch_test/transistor/good_15.png,good_15.png,normal,False,0.07378651201725006,0.07375681400299072,0.08374595860198465,0.08374595860198465,0.075458013266325,False,False,16000,True,0.00019955898460466415,True,0.0025557184126228094,cpu,patch_nearest_normal,last2,14,0.05,False,,,0.00017207954078912735,0.000183458399987945,True,True,True,False
2026-08-16 21:07:49,adapter_ctta,transistor,monitor,C:/cira_batch_test/transistor/good_6.png,good_6.png,normal,False,0.0678991749882698,0.06785847246646881,0.08374595860198465,0.08374595860198465,0.075458013266325,False,False,16000,True,0.0002081418497255072,True,0.0025457011070102453,cpu,patch_nearest_normal,last2,14,0.05,False,,,0.00016603770200163126,0.000183458399987945,True,True,True,False
2026-08-16 21:07:51,adapter_ctta,transistor,monitor,C:/cira_batch_test/transistor/good_4.png,good_4.png,normal,False,0.06400131434202194,0.06399007141590118,0.08374595860198465,0.08374595860198465,0.075458013266325,False,False,16000,True,0.0001899797935038805,True,0.0025381711311638355,cpu,patch_nearest_normal,last2,14,0.05,False,,,0.00017177057452499866,0.000183458399987945,True,True,True,False
2026-08-16 21:07:52,adapter_ctta,transistor,monitor,C:/cira_batch_test/transistor/bad_16.png,bad_16.png,anomaly,True,0.17875763773918152,0.17875763773918152,0.08374595860198465,0.08374595860198465,0.075458013266325,False,False,16000,False,,False,0.0,cpu,patch_nearest_normal,last2,14,0.05,False,,,0.00016968660929705948,0.000183458399987945,False,True,True,False
2026-08-16 21:07:54,adapter_ctta,transistor,monitor,C:/cira_batch_test/transistor/good_10.png,good_10.png,normal,False,0.07545287162065506,0.07542765140533447,0.08374595860198465,0.08374595860198465,0.075458013266325,False,False,16000,True,0.00018355369684286416,True,0.002527112141251564,cpu,patch_nearest_normal,last2,14,0.05,False,,,0.00016992601740639657,0.000183458399987945,True,True,True,False
2026-08-16 21:07:56,adapter_ctta,transistor,monitor,C:/cira_batch_test/transistor/bad_18.png,bad_18.png,anomaly,True,0.14769890904426575,0.14769890904426575,0.08374595860198465,0.08374595860198465,0.075458013266325,False,False,16000,False,,False,0.0,cpu,patch_nearest_normal,last2,14,0.05,False,,,0.00018425623420625925,0.000183458399987945,False,False,True,False
2026-08-16 21:07:57,adapter_ctta,transistor,monitor,C:/cira_batch_test/transistor/good_3.png,good_3.png,anomaly,True,0.08454903960227966,0.08454903960227966,0.08374595860198465,0.08374595860198465,0.075458013266325,False,False,16000,False,,False,0.0,cpu,patch_nearest_normal,last2,14,0.05,False,,,0.00016091296856757253,0.000183458399987945,False,True,True,False
2026-08-16 21:07:59,adapter_ctta,transistor,monitor,C:/cira_batch_test/transistor/bad_14.png,bad_14.png,anomaly,True,0.10438580811023712,0.10438580811023712,0.08374595860198465,0.08374595860198465,0.075458013266325,False,False,16000,False,,False,0.0,cpu,patch_nearest_normal,last2,14,0.05,False,,,0.0001815454597817734,0.000183458399987945,False,True,True,False
2026-08-16 21:08:01,adapter_ctta,transistor,monitor,C:/cira_batch_test/transistor/bad_6.png,bad_6.png,anomaly,True,0.09200616180896759,0.09200616180896759,0.08374595860198465,0.08374595860198465,0.075458013266325,False,False,16000,False,,False,0.0,cpu,patch_nearest_normal,last2,14,0.05,False,,,0.00016316788969561458,0.000183458399987945,False,True,True,False
2026-08-16 21:08:02,adapter_ctta,transistor,monitor,C:/cira_batch_test/transistor/bad_8.png,bad_8.png,anomaly,True,0.17259672284126282,0.17259672284126282,0.08374595860198465,0.08374595860198465,0.075458013266325,False,False,16000,False,,False,0.0,cpu,patch_nearest_normal,last2,14,0.05,False,,,0.0001610682811588049,0.000183458399987945,False,True,True,False
2026-08-16 21:08:04,adapter_ctta,transistor,monitor,C:/cira_batch_test/transistor/bad_11.png,bad_11.png,normal,False,0.07649563252925873,0.07649563252925873,0.08374595860198465,0.08374595860198465,0.075458013266325,False,False,16000,False,,False,0.0,cpu,patch_nearest_normal,last2,14,0.05,False,,,0.00017755816224962473,0.000183458399987945,False,True,True,False
2026-08-16 21:08:06,adapter_ctta,transistor,monitor,C:/cira_batch_test/transistor/bad_9.png,bad_9.png,anomaly,True,0.13189557194709778,0.13189557194709778,0.08374595860198465,0.08374595860198465,0.075458013266325,False,False,16000,False,,False,0.0,cpu,patch_nearest_normal,last2,14,0.05,False,,,0.00018557411385700107,0.000183458399987945,False,False,True,False
2026-08-16 21:08:07,adapter_ctta,transistor,monitor,C:/cira_batch_test/transistor/bad_5.png,bad_5.png,anomaly,True,0.11666689068078995,0.11666689068078995,0.08374595860198465,0.08374595860198465,0.075458013266325,False,False,16000,False,,False,0.0,cpu,patch_nearest_normal,last2,14,0.05,False,,,0.0001814761635614559,0.000183458399987945,False,True,True,False
2026-08-16 21:08:09,adapter_ctta,transistor,monitor,C:/cira_batch_test/transistor/good_9.png,good_9.png,normal,False,0.07620042562484741,0.07620042562484741,0.08374595860198465,0.08374595860198465,0.075458013266325,False,False,16000,False,,False,0.0,cpu,patch_nearest_normal,last2,14,0.05,False,,,0.00019013644487131387,0.000183458399987945,False,False,True,False
2026-08-16 21:08:11,adapter_ctta,transistor,monitor,C:/cira_batch_test/transistor/good_2.png,good_2.png,normal,False,0.08229269087314606,0.08229269087314606,0.08374595860198465,0.08374595860198465,0.075458013266325,False,False,16000,False,,False,0.0,cpu,patch_nearest_normal,last2,14,0.05,False,,,0.00016927345131989568,0.000183458399987945,False,True,True,False
2026-08-16 21:08:12,adapter_ctta,transistor,monitor,C:/cira_batch_test/transistor/bad_2.png,bad_2.png,anomaly,True,0.20534801483154297,0.20534801483154297,0.08374595860198465,0.08374595860198465,0.075458013266325,False,False,16000,False,,False,0.0,cpu,patch_nearest_normal,last2,14,0.05,False,,,0.00016443936328869313,0.000183458399987945,False,True,True,False
2026-08-16 21:08:14,adapter_ctta,transistor,monitor,C:/cira_batch_test/transistor/bad_17.png,bad_17.png,anomaly,True,0.2056550532579422,0.2056550532579422,0.08374595860198465,0.08374595860198465,0.075458013266325,False,False,16000,False,,False,0.0,cpu,patch_nearest_normal,last2,14,0.05,False,,,0.0001666011376073584,0.000183458399987945,False,True,True,False
2026-08-16 21:08:15,adapter_ctta,transistor,monitor,C:/cira_batch_test/transistor/bad_1.png,bad_1.png,anomaly,True,0.12144410610198975,0.12144410610198975,0.08374595860198465,0.08374595860198465,0.075458013266325,False,False,16000,False,,False,0.0,cpu,patch_nearest_normal,last2,14,0.05,False,,,0.0001563942205393687,0.000183458399987945,False,True,True,False
2026-08-16 21:08:17,adapter_ctta,transistor,monitor,C:/cira_batch_test/transistor/good_12.png,good_12.png,normal,False,0.061313360929489136,0.061288587749004364,0.08374595860198465,0.08374595860198465,0.075458013266325,False,False,16000,True,0.00020530523033812642,True,0.002532786689698696,cpu,patch_nearest_normal,last2,14,0.05,True,C:\cira_ttl_checkpoints\transistor\patch_memory_bank_update_10.pt,C:\cira_ttl_checkpoints\transistor\patch_adapter_update_10.pt,0.00016937397595029324,0.000183458399987945,True,True,True,False
2026-08-16 21:08:19,adapter_ctta,transistor,monitor,C:/cira_batch_test/transistor/good_18.png,good_18.png,normal,False,0.06847434490919113,0.06845737993717194,0.08374595860198465,0.08374595860198465,0.075458013266325,False,False,16000,True,0.0001987316063605249,True,0.0025363191962242126,cpu,patch_nearest_normal,last2,14,0.05,False,,,0.0001743920292938128,0.000183458399987945,True,True,True,False
2026-08-16 21:08:21,adapter_ctta,transistor,monitor,C:/cira_batch_test/transistor/good_17.png,good_17.png,normal,False,0.057931892573833466,0.057923924177885056,0.08374595860198465,0.08374595860198465,0.075458013266325,False,False,16000,True,0.00018606687081046402,True,0.0025331187061965466,cpu,patch_nearest_normal,last2,14,0.05,False,,,0.0001731688971631229,0.000183458399987945,True,True,True,False
2026-08-16 21:08:23,adapter_ctta,transistor,monitor,C:/cira_batch_test/transistor/bad_19.png,bad_19.png,anomaly,True,0.09917312115430832,0.09917312115430832,0.08374595860198465,0.08374595860198465,0.075458013266325,False,False,16000,False,,False,0.0,cpu,patch_nearest_normal,last2,14,0.05,False,,,0.00016666251758579165,0.000183458399987945,False,True,True,False
2026-08-16 21:08:25,adapter_ctta,transistor,monitor,C:/cira_batch_test/transistor/good_1.png,good_1.png,normal,False,0.05735502764582634,0.0573405846953392,0.08374595860198465,0.08374595860198465,0.075458013266325,False,False,16000,True,0.0001818961463868618,True,0.0025171362794935703,cpu,patch_nearest_normal,last2,14,0.05,False,,,0.00016449250688310713,0.000183458399987945,True,True,True,False
2026-08-16 21:08:26,adapter_ctta,wood,monitor,C:/cira_batch_test/wood/bad_10.png,bad_10.png,anomaly,True,0.2777043879032135,0.2777043879032135,0.04761727861349719,0.04761727861349719,0.037343646213412296,False,False,16000,False,,False,0.0,cpu,patch_nearest_normal,last2,14,0.05,False,,,8.001815876923501e-05,0.00010775983100752,False,True,True,False
2026-08-16 21:08:28,adapter_ctta,wood,monitor,C:/cira_batch_test/wood/good_16.png,good_16.png,normal,False,0.036928534507751465,0.036924391984939575,0.04761727861349719,0.04761727861349719,0.037343646213412296,False,False,16000,True,0.00010908159310929477,True,0.002968057757243514,cpu,patch_nearest_normal,last2,14,0.05,False,,,0.00010462571663083509,0.00010775983100752,True,True,True,False
2026-08-16 21:08:30,adapter_ctta,wood,monitor,C:/cira_batch_test/wood/bad_12.png,bad_12.png,anomaly,True,0.18328364193439484,0.18328364193439484,0.04761727861349719,0.04761727861349719,0.037343646213412296,False,False,16000,False,,False,0.0,cpu,patch_nearest_normal,last2,14,0.05,False,,,0.00012154268915764987,0.00010775983100752,False,False,True,False
2026-08-16 21:08:32,adapter_ctta,wood,monitor,C:/cira_batch_test/wood/good_11.png,good_11.png,normal,False,0.03595962002873421,0.035949986428022385,0.04761727861349719,0.04761727861349719,0.037343646213412296,False,False,16000,True,0.00012159626930952072,True,0.002523258561268449,cpu,patch_nearest_normal,last2,14,0.05,False,,,9.989506361307576e-05,0.00010775983100752,True,True,True,False
2026-08-16 21:08:34,adapter_ctta,wood,monitor,C:/cira_batch_test/wood/bad_13.png,bad_13.png,anomaly,True,0.31553295254707336,0.31553295254707336,0.04761727861349719,0.04761727861349719,0.037343646213412296,False,False,16000,False,,False,0.0,cpu,patch_nearest_normal,last2,14,0.05,False,,,9.553022391628474e-05,0.00010775983100752,False,True,True,False
2026-08-16 21:08:35,adapter_ctta,wood,monitor,C:/cira_batch_test/wood/good_7.png,good_7.png,normal,False,0.02161673828959465,0.02158031426370144,0.04761727861349719,0.04761727861349719,0.037343646213412296,False,False,16000,True,9.17444413062185e-05,True,0.0024438125547021627,cpu,patch_nearest_normal,last2,14,0.05,False,,,8.826813427731395e-05,0.00010775983100752,True,True,True,False
2026-08-16 21:08:37,adapter_ctta,wood,monitor,C:/cira_batch_test/wood/good_8.png,good_8.png,anomaly,True,0.048375267535448074,0.048375267535448074,0.04761727861349719,0.04761727861349719,0.037343646213412296,False,False,16000,False,,False,0.0,cpu,patch_nearest_normal,last2,14,0.05,False,,,0.00012566117220558226,0.00010775983100752,False,False,True,False
2026-08-16 21:08:39,adapter_ctta,wood,monitor,C:/cira_batch_test/wood/bad_20.png,bad_20.png,anomaly,True,0.17081017792224884,0.17081017792224884,0.04761727861349719,0.04761727861349719,0.037343646213412296,False,False,16000,False,,False,0.0,cpu,patch_nearest_normal,last2,14,0.05,False,,,9.061973105417565e-05,0.00010775983100752,False,True,True,False
2026-08-16 21:08:41,adapter_ctta,wood,monitor,C:/cira_batch_test/wood/good_19.png,good_19.png,anomaly,True,0.05187004804611206,0.05187004804611206,0.04761727861349719,0.04761727861349719,0.037343646213412296,False,False,16000,False,,False,0.0,cpu,patch_nearest_normal,last2,14,0.05,False,,,9.4532901130151e-05,0.00010775983100752,False,True,True,False
2026-08-16 21:08:42,adapter_ctta,wood,monitor,C:/cira_batch_test/wood/bad_3.png,bad_3.png,anomaly,True,0.25395768880844116,0.25395768880844116,0.04761727861349719,0.04761727861349719,0.037343646213412296,False,False,16000,False,,False,0.0,cpu,patch_nearest_normal,last2,14,0.05,False,,,0.00014401231601368636,0.00010775983100752,False,False,True,False
2026-08-16 21:08:44,adapter_ctta,wood,monitor,C:/cira_batch_test/wood/bad_7.png,bad_7.png,anomaly,True,0.09850267320871353,0.09850267320871353,0.04761727861349719,0.04761727861349719,0.037343646213412296,False,False,16000,False,,False,0.0,cpu,patch_nearest_normal,last2,14,0.05,False,,,9.629316627979279e-05,0.00010775983100752,False,True,True,False
2026-08-16 21:08:46,adapter_ctta,wood,monitor,C:/cira_batch_test/wood/bad_15.png,bad_15.png,anomaly,True,0.2148284614086151,0.2148284614086151,0.04761727861349719,0.04761727861349719,0.037343646213412296,False,False,16000,False,,False,0.0,cpu,patch_nearest_normal,last2,14,0.05,False,,,9.511249663773924e-05,0.00010775983100752,False,True,True,False
2026-08-16 21:08:47,adapter_ctta,wood,monitor,C:/cira_batch_test/wood/good_5.png,good_5.png,normal,False,0.022166991606354713,0.02214139699935913,0.04761727861349719,0.04761727861349719,0.037343646213412296,False,False,16000,True,8.192598033929244e-05,True,0.002430361695587635,cpu,patch_nearest_normal,last2,14,0.05,False,,,7.383428601315245e-05,0.00010775983100752,True,True,True,False
2026-08-16 21:08:49,adapter_ctta,wood,monitor,C:/cira_batch_test/wood/good_14.png,good_14.png,anomaly,True,0.048708073794841766,0.048708073794841766,0.04761727861349719,0.04761727861349719,0.037343646213412296,False,False,16000,False,,False,0.0,cpu,patch_nearest_normal,last2,14,0.05,False,,,0.00011261335748713464,0.00010775983100752,False,False,True,False
2026-08-16 21:08:51,adapter_ctta,wood,monitor,C:/cira_batch_test/wood/bad_4.png,bad_4.png,anomaly,True,0.34896573424339294,0.34896573424339294,0.04761727861349719,0.04761727861349719,0.037343646213412296,False,False,16000,False,,False,0.0,cpu,patch_nearest_normal,last2,14,0.05,False,,,8.984169835457578e-05,0.00010775983100752,False,True,True,False
2026-08-16 21:08:53,adapter_ctta,wood,monitor,C:/cira_batch_test/wood/good_20.png,good_20.png,normal,False,0.025587040930986404,0.025572234764695168,0.04761727861349719,0.04761727861349719,0.037343646213412296,False,False,16000,True,0.00010508517152629793,True,0.002442560624331236,cpu,patch_nearest_normal,last2,14,0.05,False,,,9.987351222662255e-05,0.00010775983100752,True,True,True,False
2026-08-16 21:08:54,adapter_ctta,wood,monitor,C:/cira_batch_test/wood/good_13.png,good_13.png,anomaly,True,0.048028044402599335,0.048028044402599335,0.04761727861349719,0.04761727861349719,0.037343646213412296,False,False,16000,False,,False,0.0,cpu,patch_nearest_normal,last2,14,0.05,False,,,0.00011433111649239436,0.00010775983100752,False,False,True,False
2026-08-16 21:08:56,adapter_ctta,wood,monitor,C:/cira_batch_test/wood/good_15.png,good_15.png,anomaly,True,0.05196426063776016,0.05196426063776016,0.04761727861349719,0.04761727861349719,0.037343646213412296,False,False,16000,False,,False,0.0,cpu,patch_nearest_normal,last2,14,0.05,False,,,9.217938350047916e-05,0.00010775983100752,False,True,True,False
2026-08-16 21:08:58,adapter_ctta,wood,monitor,C:/cira_batch_test/wood/good_6.png,good_6.png,normal,False,0.023142080754041672,0.02312646433711052,0.04761727861349719,0.04761727861349719,0.037343646213412296,False,False,16000,True,8.306499512400478e-05,True,0.0024284725077450275,cpu,patch_nearest_normal,last2,14,0.05,False,,,7.418739551212639e-05,0.00010775983100752,True,True,True,False
2026-08-16 21:09:00,adapter_ctta,wood,monitor,C:/cira_batch_test/wood/good_4.png,good_4.png,normal,False,0.0219320897012949,0.021897315979003906,0.04761727861349719,0.04761727861349719,0.037343646213412296,False,False,16000,True,7.546988490503281e-05,True,0.0024261034559458494,cpu,patch_nearest_normal,last2,14,0.05,False,,,7.928396371426061e-05,0.00010775983100752,True,True,True,False
2026-08-16 21:09:02,adapter_ctta,wood,monitor,C:/cira_batch_test/wood/bad_16.png,bad_16.png,anomaly,True,0.21766254305839539,0.21766254305839539,0.04761727861349719,0.04761727861349719,0.037343646213412296,False,False,16000,False,,False,0.0,cpu,patch_nearest_normal,last2,14,0.05,False,,,7.52347768866457e-05,0.00010775983100752,False,True,True,False
2026-08-16 21:09:03,adapter_ctta,wood,monitor,C:/cira_batch_test/wood/good_10.png,good_10.png,anomaly,True,0.08900563418865204,0.08900563418865204,0.04761727861349719,0.04761727861349719,0.037343646213412296,False,False,16000,False,,False,0.0,cpu,patch_nearest_normal,last2,14,0.05,False,,,0.0001195959048345685,0.00010775983100752,False,False,True,False
2026-08-16 21:09:05,adapter_ctta,wood,monitor,C:/cira_batch_test/wood/bad_18.png,bad_18.png,anomaly,True,0.3988901376724243,0.3988901376724243,0.04761727861349719,0.04761727861349719,0.037343646213412296,False,False,16000,False,,False,0.0,cpu,patch_nearest_normal,last2,14,0.05,False,,,9.099453745875508e-05,0.00010775983100752,False,True,True,False
2026-08-16 21:09:07,adapter_ctta,wood,monitor,C:/cira_batch_test/wood/good_3.png,good_3.png,normal,False,0.024309581145644188,0.024297107011079788,0.04761727861349719,0.04761727861349719,0.037343646213412296,False,False,16000,True,8.555247768526897e-05,True,0.0024426912423223257,cpu,patch_nearest_normal,last2,14,0.05,False,,,8.163047459674999e-05,0.00010775983100752,True,True,True,False
2026-08-16 21:09:09,adapter_ctta,wood,monitor,C:/cira_batch_test/wood/bad_14.png,bad_14.png,anomaly,True,0.23974862694740295,0.23974862694740295,0.04761727861349719,0.04761727861349719,0.037343646213412296,False,False,16000,False,,False,0.0,cpu,patch_nearest_normal,last2,14,0.05,False,,,8.328200783580542e-05,0.00010775983100752,False,True,True,False
2026-08-16 21:09:10,adapter_ctta,wood,monitor,C:/cira_batch_test/wood/bad_6.png,bad_6.png,anomaly,True,0.22238199412822723,0.22238199412822723,0.04761727861349719,0.04761727861349719,0.037343646213412296,False,False,16000,False,,False,0.0,cpu,patch_nearest_normal,last2,14,0.05,False,,,0.0001359619782306254,0.00010775983100752,False,False,True,False
2026-08-16 21:09:12,adapter_ctta,wood,monitor,C:/cira_batch_test/wood/bad_8.png,bad_8.png,anomaly,True,0.22079744935035706,0.22079744935035706,0.04761727861349719,0.04761727861349719,0.037343646213412296,False,False,16000,False,,False,0.0,cpu,patch_nearest_normal,last2,14,0.05,False,,,8.207350765587762e-05,0.00010775983100752,False,True,True,False
2026-08-16 21:09:14,adapter_ctta,wood,monitor,C:/cira_batch_test/wood/bad_11.png,bad_11.png,anomaly,True,0.08587908744812012,0.08587908744812012,0.04761727861349719,0.04761727861349719,0.037343646213412296,False,False,16000,False,,False,0.0,cpu,patch_nearest_normal,last2,14,0.05,False,,,7.53734857426025e-05,0.00010775983100752,False,True,True,False
2026-08-16 21:09:16,adapter_ctta,wood,monitor,C:/cira_batch_test/wood/bad_9.png,bad_9.png,anomaly,True,0.21380996704101562,0.21380996704101562,0.04761727861349719,0.04761727861349719,0.037343646213412296,False,False,16000,False,,False,0.0,cpu,patch_nearest_normal,last2,14,0.05,False,,,7.62793788453564e-05,0.00010775983100752,False,True,True,False
2026-08-16 21:09:17,adapter_ctta,wood,monitor,C:/cira_batch_test/wood/bad_5.png,bad_5.png,anomaly,True,0.239925816655159,0.239925816655159,0.04761727861349719,0.04761727861349719,0.037343646213412296,False,False,16000,False,,False,0.0,cpu,patch_nearest_normal,last2,14,0.05,False,,,0.00010373042459832504,0.00010775983100752,False,True,True,False
2026-08-16 21:09:19,adapter_ctta,wood,monitor,C:/cira_batch_test/wood/good_9.png,good_9.png,anomaly,True,0.054777998477220535,0.054777998477220535,0.04761727861349719,0.04761727861349719,0.037343646213412296,False,False,16000,False,,False,0.0,cpu,patch_nearest_normal,last2,14,0.05,False,,,0.00011222422472201288,0.00010775983100752,False,False,True,False
2026-08-16 21:09:21,adapter_ctta,wood,monitor,C:/cira_batch_test/wood/good_2.png,good_2.png,normal,False,0.027197271585464478,0.027192646637558937,0.04761727861349719,0.04761727861349719,0.037343646213412296,False,False,16000,True,8.403496030950919e-05,True,0.002452703658491373,cpu,patch_nearest_normal,last2,14,0.05,False,,,8.172936941264197e-05,0.00010775983100752,True,True,True,False
2026-08-16 21:09:23,adapter_ctta,wood,monitor,C:/cira_batch_test/wood/bad_2.png,bad_2.png,anomaly,True,0.2750876247882843,0.2750876247882843,0.04761727861349719,0.04761727861349719,0.037343646213412296,False,False,16000,False,,False,0.0,cpu,patch_nearest_normal,last2,14,0.05,False,,,9.984748612623662e-05,0.00010775983100752,False,True,True,False
2026-08-16 21:09:24,adapter_ctta,wood,monitor,C:/cira_batch_test/wood/bad_17.png,bad_17.png,anomaly,True,0.36524498462677,0.36524498462677,0.04761727861349719,0.04761727861349719,0.037343646213412296,False,False,16000,False,,False,0.0,cpu,patch_nearest_normal,last2,14,0.05,False,,,0.00010144326370209455,0.00010775983100752,False,True,True,False
2026-08-16 21:09:26,adapter_ctta,wood,monitor,C:/cira_batch_test/wood/bad_1.png,bad_1.png,anomaly,True,0.34854990243911743,0.34854990243911743,0.04761727861349719,0.04761727861349719,0.037343646213412296,False,False,16000,False,,False,0.0,cpu,patch_nearest_normal,last2,14,0.05,False,,,8.898017404135317e-05,0.00010775983100752,False,True,True,False
2026-08-16 21:09:28,adapter_ctta,wood,monitor,C:/cira_batch_test/wood/good_12.png,good_12.png,normal,False,0.038722407072782516,0.038722407072782516,0.04761727861349719,0.04761727861349719,0.037343646213412296,False,False,16000,False,,False,0.0,cpu,patch_nearest_normal,last2,14,0.05,False,,,0.00010655172081897035,0.00010775983100752,False,True,True,False
2026-08-16 21:09:29,adapter_ctta,wood,monitor,C:/cira_batch_test/wood/good_18.png,good_18.png,normal,False,0.04055304080247879,0.04055304080247879,0.04761727861349719,0.04761727861349719,0.037343646213412296,False,False,16000,False,,False,0.0,cpu,patch_nearest_normal,last2,14,0.05,False,,,9.626647806726396e-05,0.00010775983100752,False,True,True,False
2026-08-16 21:09:31,adapter_ctta,wood,monitor,C:/cira_batch_test/wood/good_17.png,good_17.png,normal,False,0.04235772415995598,0.04235772415995598,0.04761727861349719,0.04761727861349719,0.037343646213412296,False,False,16000,False,,False,0.0,cpu,patch_nearest_normal,last2,14,0.05,False,,,0.00010170904715778306,0.00010775983100752,False,True,True,False
2026-08-16 21:09:33,adapter_ctta,wood,monitor,C:/cira_batch_test/wood/bad_19.png,bad_19.png,anomaly,True,0.21826305985450745,0.21826305985450745,0.04761727861349719,0.04761727861349719,0.037343646213412296,False,False,16000,False,,False,0.0,cpu,patch_nearest_normal,last2,14,0.05,False,,,0.00010081692016683519,0.00010775983100752,False,True,True,False
2026-08-16 21:09:35,adapter_ctta,wood,monitor,C:/cira_batch_test/wood/good_1.png,good_1.png,normal,False,0.035788990557193756,0.035785794258117676,0.04761727861349719,0.04761727861349719,0.037343646213412296,False,False,16000,True,9.519217564957216e-05,True,0.0024676856119185686,cpu,patch_nearest_normal,last2,14,0.05,True,C:\cira_ttl_checkpoints\wood\patch_memory_bank_update_10.pt,C:\cira_ttl_checkpoints\wood\patch_adapter_update_10.pt,9.150331607088447e-05,0.00010775983100752,True,True,True,False
2026-08-16 21:09:37,adapter_ctta,zipper,monitor,C:/cira_batch_test/zipper/bad_10.png,bad_10.png,normal,False,0.024993807077407837,0.024949342012405396,0.026937197228883013,0.026937197228883013,0.026275477930903436,False,False,16000,True,0.00012571348634082824,True,0.0029837710317224264,cpu,patch_nearest_normal,last2,14,0.05,False,,,0.00010274830856360495,0.00012004206546407001,True,True,True,False
2026-08-16 21:09:38,adapter_ctta,zipper,monitor,C:/cira_batch_test/zipper/good_16.png,good_16.png,normal,False,0.02408674918115139,0.02408674918115139,0.026937197228883013,0.026937197228883013,0.026275477930903436,False,False,16000,False,,False,0.0,cpu,patch_nearest_normal,last2,14,0.05,False,,,0.00012119291204726323,0.00012004206546407001,True,False,True,False
2026-08-16 21:09:40,adapter_ctta,zipper,monitor,C:/cira_batch_test/zipper/bad_12.png,bad_12.png,normal,False,0.02410868927836418,0.024098241701722145,0.026937197228883013,0.026937197228883013,0.026275477930903436,False,False,16000,True,0.00010635499347699806,True,0.0027589171659201384,cpu,patch_nearest_normal,last2,14,0.05,False,,,9.983112977351993e-05,0.00012004206546407001,True,True,True,False
2026-08-16 21:09:42,adapter_ctta,zipper,monitor,C:/cira_batch_test/zipper/good_11.png,good_11.png,normal,False,0.019894355908036232,0.019893545657396317,0.026937197228883013,0.026937197228883013,0.026275477930903436,False,False,16000,True,0.00011319567420287058,True,0.0027071519289165735,cpu,patch_nearest_normal,last2,14,0.05,False,,,0.00010788142390083522,0.00012004206546407001,True,True,True,False
2026-08-16 21:09:44,adapter_ctta,zipper,monitor,C:/cira_batch_test/zipper/bad_13.png,bad_13.png,anomaly,True,0.03999515622854233,0.03999515622854233,0.026937197228883013,0.026937197228883013,0.026275477930903436,False,False,16000,False,,False,0.0,cpu,patch_nearest_normal,last2,14,0.05,False,,,0.0001062335359165445,0.00012004206546407001,False,True,True,False
2026-08-16 21:09:45,adapter_ctta,zipper,monitor,C:/cira_batch_test/zipper/good_7.png,good_7.png,normal,False,0.021014917641878128,0.021003341302275658,0.026937197228883013,0.026937197228883013,0.026275477930903436,False,False,16000,True,0.00011629095388343558,True,0.0026881133671849966,cpu,patch_nearest_normal,last2,14,0.05,False,,,0.00010998049401678145,0.00012004206546407001,True,True,True,False
2026-08-16 21:09:47,adapter_ctta,zipper,monitor,C:/cira_batch_test/zipper/good_8.png,good_8.png,normal,False,0.026728946715593338,0.026728946715593338,0.026937197228883013,0.026937197228883013,0.026275477930903436,False,False,16000,False,,False,0.0,cpu,patch_nearest_normal,last2,14,0.05,False,,,0.0001128693693317473,0.00012004206546407001,False,True,True,False
2026-08-16 21:09:49,adapter_ctta,zipper,monitor,C:/cira_batch_test/zipper/bad_20.png,bad_20.png,anomaly,True,0.04678673669695854,0.04678673669695854,0.026937197228883013,0.026937197228883013,0.026275477930903436,False,False,16000,False,,False,0.0,cpu,patch_nearest_normal,last2,14,0.05,False,,,0.00010366690548835322,0.00012004206546407001,False,True,True,False
2026-08-16 21:09:50,adapter_ctta,zipper,monitor,C:/cira_batch_test/zipper/good_19.png,good_19.png,normal,False,0.023359810933470726,0.023371893912553787,0.026937197228883013,0.026937197228883013,0.026275477930903436,False,False,16000,True,0.00012048743519699201,True,0.002673528390005231,cpu,patch_nearest_normal,last2,14,0.05,False,,,0.00011995402746833861,0.00012004206546407001,True,True,True,False
2026-08-16 21:09:52,adapter_ctta,zipper,monitor,C:/cira_batch_test/zipper/bad_3.png,bad_3.png,anomaly,True,0.029327500611543655,0.029327500611543655,0.026937197228883013,0.026937197228883013,0.026275477930903436,False,False,16000,False,,False,0.0,cpu,patch_nearest_normal,last2,14,0.05,False,,,0.0001210321715916507,0.00012004206546407001,False,False,True,False
2026-08-16 21:09:54,adapter_ctta,zipper,monitor,C:/cira_batch_test/zipper/bad_7.png,bad_7.png,anomaly,True,0.08847310394048691,0.08847310394048691,0.026937197228883013,0.026937197228883013,0.026275477930903436,False,False,16000,False,,False,0.0,cpu,patch_nearest_normal,last2,14,0.05,False,,,0.00010223977733403444,0.00012004206546407001,False,True,True,False
2026-08-16 21:09:55,adapter_ctta,zipper,monitor,C:/cira_batch_test/zipper/bad_15.png,bad_15.png,anomaly,True,0.07026303559541702,0.07026303559541702,0.026937197228883013,0.026937197228883013,0.026275477930903436,False,False,16000,False,,False,0.0,cpu,patch_nearest_normal,last2,14,0.05,False,,,0.00011918428936041892,0.00012004206546407001,False,True,True,False
2026-08-16 21:09:57,adapter_ctta,zipper,monitor,C:/cira_batch_test/zipper/good_5.png,good_5.png,anomaly,True,0.02739742398262024,0.02739742398262024,0.026937197228883013,0.026937197228883013,0.026275477930903436,False,False,16000,False,,False,0.0,cpu,patch_nearest_normal,last2,14,0.05,False,,,9.759637759998441e-05,0.00012004206546407001,False,True,True,False
2026-08-16 21:10:01,adapter_ctta,zipper,monitor,C:/cira_batch_test/zipper/good_14.png,good_14.png,normal,False,0.021091919392347336,0.021099532023072243,0.026937197228883013,0.026937197228883013,0.026275477930903436,False,False,16000,True,0.00011628461652435362,True,0.0026558758690953255,cpu,patch_nearest_normal,last2,14,0.05,False,,,0.00010646132432157174,0.00012004206546407001,True,True,True,False
2026-08-16 21:10:03,adapter_ctta,zipper,monitor,C:/cira_batch_test/zipper/bad_4.png,bad_4.png,anomaly,True,0.10028662532567978,0.10028662532567978,0.026937197228883013,0.026937197228883013,0.026275477930903436,False,False,16000,False,,False,0.0,cpu,patch_nearest_normal,last2,14,0.05,False,,,0.00010769331129267812,0.00012004206546407001,False,True,True,False
2026-08-16 21:10:04,adapter_ctta,zipper,monitor,C:/cira_batch_test/zipper/good_20.png,good_20.png,normal,False,0.02129307948052883,0.02130798064172268,0.026937197228883013,0.026937197228883013,0.026275477930903436,False,False,16000,True,0.00012399369734339416,True,0.002661170670762658,cpu,patch_nearest_normal,last2,14,0.05,False,,,0.00010901133646257222,0.00012004206546407001,True,True,True,False
2026-08-16 21:10:06,adapter_ctta,zipper,monitor,C:/cira_batch_test/zipper/good_13.png,good_13.png,normal,False,0.02439451776444912,0.02441501058638096,0.026937197228883013,0.026937197228883013,0.026275477930903436,False,False,16000,True,0.00011305159569019452,True,0.0026475766208022833,cpu,patch_nearest_normal,last2,14,0.05,False,,,0.00010548075806582347,0.00012004206546407001,True,True,True,False
2026-08-16 21:10:08,adapter_ctta,zipper,monitor,C:/cira_batch_test/zipper/good_15.png,good_15.png,normal,False,0.02024265006184578,0.020280158147215843,0.026937197228883013,0.026937197228883013,0.026275477930903436,False,False,16000,True,0.00011580160935409367,True,0.0026433405000716448,cpu,patch_nearest_normal,last2,14,0.05,False,,,0.00011188787902938202,0.00012004206546407001,True,True,True,False
2026-08-16 21:10:10,adapter_ctta,zipper,monitor,C:/cira_batch_test/zipper/good_6.png,good_6.png,normal,False,0.02229519560933113,0.022307371720671654,0.026937197228883013,0.026937197228883013,0.026275477930903436,False,False,16000,True,0.00012939810403622687,True,0.0026509189046919346,cpu,patch_nearest_normal,last2,14,0.05,True,C:\cira_ttl_checkpoints\zipper\patch_memory_bank_update_10.pt,C:\cira_ttl_checkpoints\zipper\patch_adapter_update_10.pt,0.000112015193735715,0.00012004206546407001,True,True,True,False
2026-08-16 21:10:11,adapter_ctta,zipper,monitor,C:/cira_batch_test/zipper/good_4.png,good_4.png,anomaly,True,0.026988213881850243,0.026988213881850243,0.026937197228883013,0.026937197228883013,0.026275477930903436,False,False,16000,False,,False,0.0,cpu,patch_nearest_normal,last2,14,0.05,False,,,0.00010513781307963654,0.00012004206546407001,False,True,True,False
2026-08-16 21:10:13,adapter_ctta,zipper,monitor,C:/cira_batch_test/zipper/bad_16.png,bad_16.png,anomaly,True,0.0480928048491478,0.0480928048491478,0.026937197228883013,0.026937197228883013,0.026275477930903436,False,False,16000,False,,False,0.0,cpu,patch_nearest_normal,last2,14,0.05,False,,,0.00012331125617492944,0.00012004206546407001,False,False,True,False
2026-08-16 21:10:15,adapter_ctta,zipper,monitor,C:/cira_batch_test/zipper/good_10.png,good_10.png,normal,False,0.0232942346483469,0.02332482300698757,0.026937197228883013,0.026937197228883013,0.026275477930903436,False,False,16000,True,0.00011913551134057343,True,0.0026498136576265097,cpu,patch_nearest_normal,last2,14,0.05,False,,,0.00010353876132285222,0.00012004206546407001,True,True,True,False
2026-08-16 21:10:16,adapter_ctta,zipper,monitor,C:/cira_batch_test/zipper/bad_18.png,bad_18.png,anomaly,True,0.07055473327636719,0.07055473327636719,0.026937197228883013,0.026937197228883013,0.026275477930903436,False,False,16000,False,,False,0.0,cpu,patch_nearest_normal,last2,14,0.05,False,,,0.00010266236495226622,0.00012004206546407001,False,True,True,False
2026-08-16 21:10:18,adapter_ctta,zipper,monitor,C:/cira_batch_test/zipper/good_3.png,good_3.png,normal,False,0.0234925989061594,0.023556601256132126,0.026937197228883013,0.026937197228883013,0.026275477930903436,False,False,16000,True,0.00011494430509628728,True,0.002640849445015192,cpu,patch_nearest_normal,last2,14,0.05,False,,,9.900069562718272e-05,0.00012004206546407001,True,True,True,False
2026-08-16 21:10:20,adapter_ctta,zipper,monitor,C:/cira_batch_test/zipper/bad_14.png,bad_14.png,anomaly,True,0.046830952167510986,0.046830952167510986,0.026937197228883013,0.026937197228883013,0.026275477930903436,False,False,16000,False,,False,0.0,cpu,patch_nearest_normal,last2,14,0.05,False,,,0.00011654519039439037,0.00012004206546407001,False,True,True,False
2026-08-16 21:10:21,adapter_ctta,zipper,monitor,C:/cira_batch_test/zipper/bad_6.png,bad_6.png,anomaly,True,0.08093605935573578,0.08093605935573578,0.026937197228883013,0.026937197228883013,0.026275477930903436,False,False,16000,False,,False,0.0,cpu,patch_nearest_normal,last2,14,0.05,False,,,0.00010533948079682887,0.00012004206546407001,False,True,True,False
2026-08-16 21:10:23,adapter_ctta,zipper,monitor,C:/cira_batch_test/zipper/bad_8.png,bad_8.png,anomaly,True,0.14851050078868866,0.14851050078868866,0.026937197228883013,0.026937197228883013,0.026275477930903436,False,False,16000,False,,False,0.0,cpu,patch_nearest_normal,last2,14,0.05,False,,,0.00012077984865754843,0.00012004206546407001,False,False,True,False
2026-08-16 21:10:25,adapter_ctta,zipper,monitor,C:/cira_batch_test/zipper/bad_11.png,bad_11.png,anomaly,True,0.036143504083156586,0.036143504083156586,0.026937197228883013,0.026937197228883013,0.026275477930903436,False,False,16000,False,,False,0.0,cpu,patch_nearest_normal,last2,14,0.05,False,,,0.00010698461846914142,0.00012004206546407001,False,True,True,False
2026-08-16 21:10:26,adapter_ctta,zipper,monitor,C:/cira_batch_test/zipper/bad_9.png,bad_9.png,anomaly,True,0.13830044865608215,0.13830044865608215,0.026937197228883013,0.026937197228883013,0.026275477930903436,False,False,16000,False,,False,0.0,cpu,patch_nearest_normal,last2,14,0.05,False,,,0.00011176564294146374,0.00012004206546407001,False,True,True,False
2026-08-16 21:10:28,adapter_ctta,zipper,monitor,C:/cira_batch_test/zipper/bad_5.png,bad_5.png,anomaly,True,0.04047510772943497,0.04047510772943497,0.026937197228883013,0.026937197228883013,0.026275477930903436,False,False,16000,False,,False,0.0,cpu,patch_nearest_normal,last2,14,0.05,False,,,0.00011542683932930231,0.00012004206546407001,False,True,True,False
2026-08-16 21:10:30,adapter_ctta,zipper,monitor,C:/cira_batch_test/zipper/good_9.png,good_9.png,normal,False,0.022282589226961136,0.022311866283416748,0.026937197228883013,0.026937197228883013,0.026275477930903436,False,False,16000,True,0.00012575025903061032,True,0.0026378417387604713,cpu,patch_nearest_normal,last2,14,0.05,False,,,0.00011337629985064268,0.00012004206546407001,True,True,True,False
2026-08-16 21:10:31,adapter_ctta,zipper,monitor,C:/cira_batch_test/zipper/good_2.png,good_2.png,anomaly,True,0.028285926207900047,0.028285926207900047,0.026937197228883013,0.026937197228883013,0.026275477930903436,False,False,16000,False,,False,0.0,cpu,patch_nearest_normal,last2,14,0.05,False,,,9.863162267720327e-05,0.00012004206546407001,False,True,True,False
2026-08-16 21:10:33,adapter_ctta,zipper,monitor,C:/cira_batch_test/zipper/bad_2.png,bad_2.png,anomaly,True,0.0467422790825367,0.0467422790825367,0.026937197228883013,0.026937197228883013,0.026275477930903436,False,False,16000,False,,False,0.0,cpu,patch_nearest_normal,last2,14,0.05,False,,,0.00011852562602143735,0.00012004206546407001,False,True,True,False
2026-08-16 21:10:34,adapter_ctta,zipper,monitor,C:/cira_batch_test/zipper/bad_17.png,bad_17.png,anomaly,True,0.0548449382185936,0.0548449382185936,0.026937197228883013,0.026937197228883013,0.026275477930903436,False,False,16000,False,,False,0.0,cpu,patch_nearest_normal,last2,14,0.05,False,,,0.000104650913272053,0.00012004206546407001,False,True,True,False
2026-08-16 21:10:36,adapter_ctta,zipper,monitor,C:/cira_batch_test/zipper/bad_1.png,bad_1.png,anomaly,True,0.03250723332166672,0.03250723332166672,0.026937197228883013,0.026937197228883013,0.026275477930903436,False,False,16000,False,,False,0.0,cpu,patch_nearest_normal,last2,14,0.05,False,,,0.00011697963782353327,0.00012004206546407001,False,True,True,False
2026-08-16 21:10:38,adapter_ctta,zipper,monitor,C:/cira_batch_test/zipper/good_12.png,good_12.png,normal,False,0.023123860359191895,0.023161698132753372,0.026937197228883013,0.026937197228883013,0.026275477930903436,False,False,16000,True,0.00011421718227211386,True,0.0026327415835112333,cpu,patch_nearest_normal,last2,14,0.05,False,,,0.00010709943308029324,0.00012004206546407001,True,True,True,False
2026-08-16 21:10:40,adapter_ctta,zipper,monitor,C:/cira_batch_test/zipper/good_18.png,good_18.png,normal,False,0.01915242150425911,0.019211595878005028,0.026937197228883013,0.026937197228883013,0.026275477930903436,False,False,16000,True,0.00011366619582986459,True,0.002626764588057995,cpu,patch_nearest_normal,last2,14,0.05,False,,,0.00010999108053511009,0.00012004206546407001,True,True,True,False
2026-08-16 21:10:42,adapter_ctta,zipper,monitor,C:/cira_batch_test/zipper/good_17.png,good_17.png,normal,False,0.022768009454011917,0.022805582731962204,0.026937197228883013,0.026937197228883013,0.026275477930903436,False,False,16000,True,0.0001232472714036703,True,0.002630467526614666,cpu,patch_nearest_normal,last2,14,0.05,False,,,0.0001110068114940077,0.00012004206546407001,True,True,True,False
2026-08-16 21:10:43,adapter_ctta,zipper,monitor,C:/cira_batch_test/zipper/bad_19.png,bad_19.png,anomaly,True,0.05423666909337044,0.05423666909337044,0.026937197228883013,0.026937197228883013,0.026275477930903436,False,False,16000,False,,False,0.0,cpu,patch_nearest_normal,last2,14,0.05,False,,,0.00012032638187520206,0.00012004206546407001,False,False,True,False
2026-08-16 21:10:45,adapter_ctta,zipper,monitor,C:/cira_batch_test/zipper/good_1.png,good_1.png,normal,False,0.021884869784116745,0.02191927470266819,0.026937197228883013,0.026937197228883013,0.026275477930903436,False,False,16000,True,0.00012552055704873055,True,0.0026129032485187054,cpu,patch_nearest_normal,last2,14,0.05,False,,,0.00011172861559316516,0.00012004206546407001,True,True,True,False
