timestamp,experiment,category,mode,image_path,file_name,label,is_anomaly,score_before,anomaly_score,threshold,anomaly_threshold,update_threshold,threshold_reloaded,updated_memory,memory_size,update_allowed,update_loss,adapter_updated,adapter_delta_norm,device,score_method,feature_choice,patch_grid,patch_top_fraction,checkpoint_saved,checkpoint_memory_path,checkpoint_adapter_path,consistency_error,consistency_threshold,score_gate_pass,consistency_gate_pass,adapter_update_enabled,memory_update_enabled
2026-08-16 01:53:26,adapter_ctta,bottle,monitor,C:/cira_batch_test/bottle/good_1.png,good_1.png,normal,False,0.025081897154450417,0.025047605857253075,0.02815022391963134,0.02815022391963134,0.02531116753816605,False,False,16000,True,0.00011897741933353245,True,0.002976041752845049,cpu,patch_nearest_normal,last2,14,0.05,False,,,0.0001012883149087429,0.00011476924591981,True,True,True,False
2026-08-16 01:53:28,adapter_ctta,bottle,monitor,C:/cira_batch_test/bottle/good_7.png,good_7.png,anomaly,True,0.032490748912096024,0.032490748912096024,0.02815022391963134,0.02815022391963134,0.02531116753816605,False,False,16000,False,,False,0.0,cpu,patch_nearest_normal,last2,14,0.05,False,,,0.0001185431465273723,0.00011476924591981,False,False,True,False
2026-08-16 01:53:29,adapter_ctta,bottle,monitor,C:/cira_batch_test/bottle/good_9.png,good_9.png,normal,False,0.02356010116636753,0.02352236583828926,0.02815022391963134,0.02815022391963134,0.02531116753816605,False,False,16000,True,0.00011922133126063272,True,0.0027819194365292788,cpu,patch_nearest_normal,last2,14,0.05,False,,,0.00010475641465745866,0.00011476924591981,True,True,True,False
2026-08-16 01:53:31,adapter_ctta,bottle,monitor,C:/cira_batch_test/bottle/bad_8.png,bad_8.png,anomaly,True,0.2794553339481354,0.2794553339481354,0.02815022391963134,0.02815022391963134,0.02531116753816605,False,False,16000,False,,False,0.0,cpu,patch_nearest_normal,last2,14,0.05,False,,,0.0001286971673835069,0.00011476924591981,False,False,True,False
2026-08-16 01:53:32,adapter_ctta,bottle,monitor,C:/cira_batch_test/bottle/bad_1.png,bad_1.png,anomaly,True,0.0582948699593544,0.0582948699593544,0.02815022391963134,0.02815022391963134,0.02531116753816605,False,False,16000,False,,False,0.0,cpu,patch_nearest_normal,last2,14,0.05,False,,,0.00011423528485465795,0.00011476924591981,False,True,True,False
2026-08-16 01:53:34,adapter_ctta,bottle,monitor,C:/cira_batch_test/bottle/bad_14.png,bad_14.png,anomaly,True,0.1749560534954071,0.1749560534954071,0.02815022391963134,0.02815022391963134,0.02531116753816605,False,False,16000,False,,False,0.0,cpu,patch_nearest_normal,last2,14,0.05,False,,,0.00010930917778750882,0.00011476924591981,False,True,True,False
2026-08-16 01:53:35,adapter_ctta,bottle,monitor,C:/cira_batch_test/bottle/bad_15.png,bad_15.png,anomaly,True,0.42696040868759155,0.42696040868759155,0.02815022391963134,0.02815022391963134,0.02531116753816605,False,False,16000,False,,False,0.0,cpu,patch_nearest_normal,last2,14,0.05,False,,,0.0001284486788790673,0.00011476924591981,False,False,True,False
2026-08-16 01:53:37,adapter_ctta,bottle,monitor,C:/cira_batch_test/bottle/good_19.png,good_19.png,normal,False,0.018398385494947433,0.01837887242436409,0.02815022391963134,0.02815022391963134,0.02531116753816605,False,False,16000,True,0.00011277742305537686,True,0.002736002206802368,cpu,patch_nearest_normal,last2,14,0.05,False,,,0.00010396969446446747,0.00011476924591981,True,True,True,False
2026-08-16 01:53:39,adapter_ctta,bottle,monitor,C:/cira_batch_test/bottle/bad_3.png,bad_3.png,anomaly,True,0.18981795012950897,0.18981795012950897,0.02815022391963134,0.02815022391963134,0.02531116753816605,False,False,16000,False,,False,0.0,cpu,patch_nearest_normal,last2,14,0.05,False,,,0.00011231682583456859,0.00011476924591981,False,True,True,False
2026-08-16 01:53:41,adapter_ctta,bottle,monitor,C:/cira_batch_test/bottle/good_5.png,good_5.png,normal,False,0.016537224873900414,0.016544628888368607,0.02815022391963134,0.02815022391963134,0.02531116753816605,False,False,16000,True,0.00011465448915259913,True,0.002716122893616557,cpu,patch_nearest_normal,last2,14,0.05,False,,,0.00010696158278733492,0.00011476924591981,True,True,True,False
2026-08-16 01:53:42,adapter_ctta,bottle,monitor,C:/cira_batch_test/bottle/good_16.png,good_16.png,normal,False,0.026034224778413773,0.026034224778413773,0.02815022391963134,0.02815022391963134,0.02531116753816605,False,False,16000,False,,False,0.0,cpu,patch_nearest_normal,last2,14,0.05,False,,,0.00010571619350230321,0.00011476924591981,False,True,True,False
2026-08-16 01:53:44,adapter_ctta,bottle,monitor,C:/cira_batch_test/bottle/good_14.png,good_14.png,normal,False,0.023038124665617943,0.02302439883351326,0.02815022391963134,0.02815022391963134,0.02531116753816605,False,False,16000,True,0.00011255132994847372,True,0.00270015187561512,cpu,patch_nearest_normal,last2,14,0.05,False,,,0.00010135313641512766,0.00011476924591981,True,True,True,False
2026-08-16 01:53:45,adapter_ctta,bottle,monitor,C:/cira_batch_test/bottle/good_2.png,good_2.png,normal,False,0.027556562796235085,0.027556562796235085,0.02815022391963134,0.02815022391963134,0.02531116753816605,False,False,16000,False,,False,0.0,cpu,patch_nearest_normal,last2,14,0.05,False,,,0.00010837621812243015,0.00011476924591981,False,True,True,False
2026-08-16 01:53:47,adapter_ctta,bottle,monitor,C:/cira_batch_test/bottle/bad_13.png,bad_13.png,anomaly,True,0.2691425681114197,0.2691425681114197,0.02815022391963134,0.02815022391963134,0.02531116753816605,False,False,16000,False,,False,0.0,cpu,patch_nearest_normal,last2,14,0.05,False,,,0.00012690630683209747,0.00011476924591981,False,False,True,False
2026-08-16 01:53:48,adapter_ctta,bottle,monitor,C:/cira_batch_test/bottle/good_10.png,good_10.png,normal,False,0.026430446654558182,0.026430446654558182,0.02815022391963134,0.02815022391963134,0.02531116753816605,False,False,16000,False,,False,0.0,cpu,patch_nearest_normal,last2,14,0.05,False,,,0.0001078572022379376,0.00011476924591981,False,True,True,False
2026-08-16 01:53:50,adapter_ctta,bottle,monitor,C:/cira_batch_test/bottle/bad_19.png,bad_19.png,anomaly,True,0.19996991753578186,0.19996991753578186,0.02815022391963134,0.02815022391963134,0.02531116753816605,False,False,16000,False,,False,0.0,cpu,patch_nearest_normal,last2,14,0.05,False,,,0.00011038242519134656,0.00011476924591981,False,True,True,False
2026-08-16 01:53:52,adapter_ctta,bottle,monitor,C:/cira_batch_test/bottle/good_4.png,good_4.png,normal,False,0.02009723149240017,0.020090628415346146,0.02815022391963134,0.02815022391963134,0.02531116753816605,False,False,16000,True,0.00011623158206930384,True,0.002696386771276593,cpu,patch_nearest_normal,last2,14,0.05,False,,,0.00010886708332691342,0.00011476924591981,True,True,True,False
2026-08-16 01:53:53,adapter_ctta,bottle,monitor,C:/cira_batch_test/bottle/bad_12.png,bad_12.png,anomaly,True,0.22776535153388977,0.22776535153388977,0.02815022391963134,0.02815022391963134,0.02531116753816605,False,False,16000,False,,False,0.0,cpu,patch_nearest_normal,last2,14,0.05,False,,,0.00011286151129752398,0.00011476924591981,False,True,True,False
2026-08-16 01:53:55,adapter_ctta,bottle,monitor,C:/cira_batch_test/bottle/good_18.png,good_18.png,normal,False,0.02008301019668579,0.02008327841758728,0.02815022391963134,0.02815022391963134,0.02531116753816605,False,False,16000,True,0.00011755228479159996,True,0.002703914185985923,cpu,patch_nearest_normal,last2,14,0.05,False,,,0.00010638932872097939,0.00011476924591981,True,True,True,False
2026-08-16 01:53:56,adapter_ctta,bottle,monitor,C:/cira_batch_test/bottle/bad_16.png,bad_16.png,anomaly,True,0.30468374490737915,0.30468374490737915,0.02815022391963134,0.02815022391963134,0.02531116753816605,False,False,16000,False,,False,0.0,cpu,patch_nearest_normal,last2,14,0.05,False,,,0.00011155469110235572,0.00011476924591981,False,True,True,False
2026-08-16 01:53:58,adapter_ctta,bottle,monitor,C:/cira_batch_test/bottle/good_6.png,good_6.png,normal,False,0.019302040338516235,0.019299959763884544,0.02815022391963134,0.02815022391963134,0.02531116753816605,False,False,16000,True,0.00011680381430778652,True,0.0026979204267263412,cpu,patch_nearest_normal,last2,14,0.05,False,,,0.00010092202865052968,0.00011476924591981,True,True,True,False
2026-08-16 01:54:00,adapter_ctta,bottle,monitor,C:/cira_batch_test/bottle/good_13.png,good_13.png,normal,False,0.02407081052660942,0.024081742390990257,0.02815022391963134,0.02815022391963134,0.02531116753816605,False,False,16000,True,0.00011508062743814662,True,0.0026911371387541294,cpu,patch_nearest_normal,last2,14,0.05,False,,,0.00010445338557474315,0.00011476924591981,True,True,True,False
2026-08-16 01:54:01,adapter_ctta,bottle,monitor,C:/cira_batch_test/bottle/good_15.png,good_15.png,normal,False,0.023259323090314865,0.023269038647413254,0.02815022391963134,0.02815022391963134,0.02531116753816605,False,False,16000,True,0.00011628941865637898,True,0.0026914707850664854,cpu,patch_nearest_normal,last2,14,0.05,True,C:\cira_ttl_checkpoints\bottle\patch_memory_bank_update_10.pt,C:\cira_ttl_checkpoints\bottle\patch_adapter_update_10.pt,9.996264998335391e-05,0.00011476924591981,True,True,True,False
2026-08-16 01:54:03,adapter_ctta,bottle,monitor,C:/cira_batch_test/bottle/good_20.png,good_20.png,normal,False,0.02776620350778103,0.02776620350778103,0.02815022391963134,0.02815022391963134,0.02531116753816605,False,False,16000,False,,False,0.0,cpu,patch_nearest_normal,last2,14,0.05,False,,,0.0001074038736987859,0.00011476924591981,False,True,True,False
2026-08-16 01:54:04,adapter_ctta,bottle,monitor,C:/cira_batch_test/bottle/bad_17.png,bad_17.png,anomaly,True,0.1906462013721466,0.1906462013721466,0.02815022391963134,0.02815022391963134,0.02531116753816605,False,False,16000,False,,False,0.0,cpu,patch_nearest_normal,last2,14,0.05,False,,,0.00011678315786411986,0.00011476924591981,False,False,True,False
2026-08-16 01:54:06,adapter_ctta,bottle,monitor,C:/cira_batch_test/bottle/good_11.png,good_11.png,normal,False,0.02269366942346096,0.022721702232956886,0.02815022391963134,0.02815022391963134,0.02531116753816605,False,False,16000,True,0.00011993958469247445,True,0.002679872326552868,cpu,patch_nearest_normal,last2,14,0.05,False,,,0.00010588119039312005,0.00011476924591981,True,True,True,False
2026-08-16 01:54:07,adapter_ctta,bottle,monitor,C:/cira_batch_test/bottle/bad_20.png,bad_20.png,anomaly,True,0.20924708247184753,0.20924708247184753,0.02815022391963134,0.02815022391963134,0.02531116753816605,False,False,16000,False,,False,0.0,cpu,patch_nearest_normal,last2,14,0.05,False,,,0.00011093921057181433,0.00011476924591981,False,True,True,False
2026-08-16 01:54:09,adapter_ctta,bottle,monitor,C:/cira_batch_test/bottle/good_8.png,good_8.png,normal,False,0.022006040439009666,0.022004639729857445,0.02815022391963134,0.02815022391963134,0.02531116753816605,False,False,16000,True,0.00010988692520186305,True,0.0026676261331886053,cpu,patch_nearest_normal,last2,14,0.05,False,,,9.900850272970274e-05,0.00011476924591981,True,True,True,False
2026-08-16 01:54:11,adapter_ctta,bottle,monitor,C:/cira_batch_test/bottle/bad_10.png,bad_10.png,anomaly,True,0.1675403118133545,0.1675403118133545,0.02815022391963134,0.02815022391963134,0.02531116753816605,False,False,16000,False,,False,0.0,cpu,patch_nearest_normal,last2,14,0.05,False,,,0.00012397915998008102,0.00011476924591981,False,False,True,False
2026-08-16 01:54:12,adapter_ctta,bottle,monitor,C:/cira_batch_test/bottle/good_3.png,good_3.png,normal,False,0.024776851758360863,0.0248098187148571,0.02815022391963134,0.02815022391963134,0.02531116753816605,False,False,16000,True,0.00011186736810486764,True,0.0026585115119814873,cpu,patch_nearest_normal,last2,14,0.05,False,,,0.00010320798173779622,0.00011476924591981,True,True,True,False
2026-08-16 01:54:14,adapter_ctta,bottle,monitor,C:/cira_batch_test/bottle/bad_11.png,bad_11.png,anomaly,True,0.057814132422208786,0.057814132422208786,0.02815022391963134,0.02815022391963134,0.02531116753816605,False,False,16000,False,,False,0.0,cpu,patch_nearest_normal,last2,14,0.05,False,,,0.00010034105798695236,0.00011476924591981,False,True,True,False
2026-08-16 01:54:15,adapter_ctta,bottle,monitor,C:/cira_batch_test/bottle/bad_18.png,bad_18.png,anomaly,True,0.1827397495508194,0.1827397495508194,0.02815022391963134,0.02815022391963134,0.02531116753816605,False,False,16000,False,,False,0.0,cpu,patch_nearest_normal,last2,14,0.05,False,,,0.00012469635112211108,0.00011476924591981,False,False,True,False
2026-08-16 01:54:17,adapter_ctta,bottle,monitor,C:/cira_batch_test/bottle/good_12.png,good_12.png,normal,False,0.021629655733704567,0.02164548635482788,0.02815022391963134,0.02815022391963134,0.02531116753816605,False,False,16000,True,0.00011215772246941924,True,0.002656166907399893,cpu,patch_nearest_normal,last2,14,0.05,False,,,0.00010293215018464252,0.00011476924591981,True,True,True,False
2026-08-16 01:54:18,adapter_ctta,bottle,monitor,C:/cira_batch_test/bottle/good_17.png,good_17.png,normal,False,0.022910643368959427,0.02293029986321926,0.02815022391963134,0.02815022391963134,0.02531116753816605,False,False,16000,True,0.00011658688890747726,True,0.0026477829087525606,cpu,patch_nearest_normal,last2,14,0.05,False,,,0.00010726507753133774,0.00011476924591981,True,True,True,False
2026-08-16 01:54:20,adapter_ctta,bottle,monitor,C:/cira_batch_test/bottle/bad_5.png,bad_5.png,anomaly,True,0.314596027135849,0.314596027135849,0.02815022391963134,0.02815022391963134,0.02531116753816605,False,False,16000,False,,False,0.0,cpu,patch_nearest_normal,last2,14,0.05,False,,,0.0001296825212193653,0.00011476924591981,False,False,True,False
2026-08-16 01:54:22,adapter_ctta,bottle,monitor,C:/cira_batch_test/bottle/bad_6.png,bad_6.png,anomaly,True,0.2287628948688507,0.2287628948688507,0.02815022391963134,0.02815022391963134,0.02531116753816605,False,False,16000,False,,False,0.0,cpu,patch_nearest_normal,last2,14,0.05,False,,,0.00011429705773480237,0.00011476924591981,False,True,True,False
2026-08-16 01:54:23,adapter_ctta,bottle,monitor,C:/cira_batch_test/bottle/bad_7.png,bad_7.png,anomaly,True,0.32158082723617554,0.32158082723617554,0.02815022391963134,0.02815022391963134,0.02531116753816605,False,False,16000,False,,False,0.0,cpu,patch_nearest_normal,last2,14,0.05,False,,,0.0001118938162107952,0.00011476924591981,False,True,True,False
2026-08-16 01:54:25,adapter_ctta,bottle,monitor,C:/cira_batch_test/bottle/bad_9.png,bad_9.png,anomaly,True,0.31849563121795654,0.31849563121795654,0.02815022391963134,0.02815022391963134,0.02531116753816605,False,False,16000,False,,False,0.0,cpu,patch_nearest_normal,last2,14,0.05,False,,,0.0001321735035162419,0.00011476924591981,False,False,True,False
2026-08-16 01:54:26,adapter_ctta,bottle,monitor,C:/cira_batch_test/bottle/bad_4.png,bad_4.png,anomaly,True,0.20482556521892548,0.20482556521892548,0.02815022391963134,0.02815022391963134,0.02531116753816605,False,False,16000,False,,False,0.0,cpu,patch_nearest_normal,last2,14,0.05,False,,,0.00012079175940016285,0.00011476924591981,False,False,True,False
2026-08-16 01:54:28,adapter_ctta,bottle,monitor,C:/cira_batch_test/bottle/bad_2.png,bad_2.png,anomaly,True,0.08657097816467285,0.08657097816467285,0.02815022391963134,0.02815022391963134,0.02531116753816605,False,False,16000,False,,False,0.0,cpu,patch_nearest_normal,last2,14,0.05,False,,,0.00011219922453165054,0.00011476924591981,False,True,True,False
2026-08-16 01:54:30,adapter_ctta,cable,monitor,C:/cira_batch_test/cable/good_1.png,good_1.png,normal,False,0.08960090577602386,0.08960090577602386,0.09852251798848576,0.09852251798848576,0.08661089912056923,False,False,16000,False,,False,0.0,cpu,patch_nearest_normal,last2,14,0.05,False,,,0.00016073229198809713,0.00019554235113892002,False,True,True,False
2026-08-16 01:54:31,adapter_ctta,cable,monitor,C:/cira_batch_test/cable/good_7.png,good_7.png,normal,False,0.08281774818897247,0.08274900168180466,0.09852251798848576,0.09852251798848576,0.08661089912056923,False,False,16000,True,0.0001850058470154181,True,0.0030096021946519613,cpu,patch_nearest_normal,last2,14,0.05,False,,,0.0001789098751032725,0.00019554235113892002,True,True,True,False
2026-08-16 01:54:33,adapter_ctta,cable,monitor,C:/cira_batch_test/cable/good_9.png,good_9.png,normal,False,0.08766672015190125,0.08766672015190125,0.09852251798848576,0.09852251798848576,0.08661089912056923,False,False,16000,False,,False,0.0,cpu,patch_nearest_normal,last2,14,0.05,False,,,0.00017959381511900574,0.00019554235113892002,False,True,True,False
2026-08-16 01:54:35,adapter_ctta,cable,monitor,C:/cira_batch_test/cable/bad_8.png,bad_8.png,anomaly,True,0.12704361975193024,0.12704361975193024,0.09852251798848576,0.09852251798848576,0.08661089912056923,False,False,16000,False,,False,0.0,cpu,patch_nearest_normal,last2,14,0.05,False,,,0.0001720561267575249,0.00019554235113892002,False,True,True,False
2026-08-16 01:54:36,adapter_ctta,cable,monitor,C:/cira_batch_test/cable/bad_1.png,bad_1.png,anomaly,True,0.25584784150123596,0.25584784150123596,0.09852251798848576,0.09852251798848576,0.08661089912056923,False,False,16000,False,,False,0.0,cpu,patch_nearest_normal,last2,14,0.05,False,,,0.00016215114737860858,0.00019554235113892002,False,True,True,False
2026-08-16 01:54:38,adapter_ctta,cable,monitor,C:/cira_batch_test/cable/bad_14.png,bad_14.png,anomaly,True,0.10262918472290039,0.10262918472290039,0.09852251798848576,0.09852251798848576,0.08661089912056923,False,False,16000,False,,False,0.0,cpu,patch_nearest_normal,last2,14,0.05,False,,,0.0001866771053755656,0.00019554235113892002,False,True,True,False
2026-08-16 01:54:40,adapter_ctta,cable,monitor,C:/cira_batch_test/cable/bad_15.png,bad_15.png,anomaly,True,0.21940116584300995,0.21940116584300995,0.09852251798848576,0.09852251798848576,0.08661089912056923,False,False,16000,False,,False,0.0,cpu,patch_nearest_normal,last2,14,0.05,False,,,0.00017164499149657786,0.00019554235113892002,False,True,True,False
2026-08-16 01:54:42,adapter_ctta,cable,monitor,C:/cira_batch_test/cable/good_19.png,good_19.png,normal,False,0.08351602405309677,0.08349712193012238,0.09852251798848576,0.09852251798848576,0.08661089912056923,False,False,16000,True,0.0001772805117070675,True,0.002763081109151244,cpu,patch_nearest_normal,last2,14,0.05,False,,,0.00015871784125920385,0.00019554235113892002,True,True,True,False
2026-08-16 01:54:43,adapter_ctta,cable,monitor,C:/cira_batch_test/cable/bad_3.png,bad_3.png,anomaly,True,0.15507452189922333,0.15507452189922333,0.09852251798848576,0.09852251798848576,0.08661089912056923,False,False,16000,False,,False,0.0,cpu,patch_nearest_normal,last2,14,0.05,False,,,0.00018125871429219842,0.00019554235113892002,False,True,True,False
2026-08-16 01:54:45,adapter_ctta,cable,monitor,C:/cira_batch_test/cable/good_5.png,good_5.png,anomaly,True,0.09996580332517624,0.09996580332517624,0.09852251798848576,0.09852251798848576,0.08661089912056923,False,False,16000,False,,False,0.0,cpu,patch_nearest_normal,last2,14,0.05,False,,,0.00016332608356606215,0.00019554235113892002,False,True,True,False
2026-08-16 01:54:47,adapter_ctta,cable,monitor,C:/cira_batch_test/cable/good_16.png,good_16.png,normal,False,0.07587885856628418,0.07588881254196167,0.09852251798848576,0.09852251798848576,0.08661089912056923,False,False,16000,True,0.00018202191859018058,True,0.002668225672096014,cpu,patch_nearest_normal,last2,14,0.05,False,,,0.00016635340580251068,0.00019554235113892002,True,True,True,False
2026-08-16 01:54:48,adapter_ctta,cable,monitor,C:/cira_batch_test/cable/good_14.png,good_14.png,normal,False,0.09538005292415619,0.09538005292415619,0.09852251798848576,0.09852251798848576,0.08661089912056923,False,False,16000,False,,False,0.0,cpu,patch_nearest_normal,last2,14,0.05,False,,,0.00017247546929866076,0.00019554235113892002,False,True,True,False
2026-08-16 01:54:50,adapter_ctta,cable,monitor,C:/cira_batch_test/cable/good_2.png,good_2.png,normal,False,0.08644919097423553,0.08642429858446121,0.09852251798848576,0.09852251798848576,0.08661089912056923,False,False,16000,True,0.00018821394769474864,True,0.0026203098241239786,cpu,patch_nearest_normal,last2,14,0.05,False,,,0.00015940735465846956,0.00019554235113892002,True,True,True,False
2026-08-16 01:54:51,adapter_ctta,cable,monitor,C:/cira_batch_test/cable/bad_13.png,bad_13.png,anomaly,True,0.11097035557031631,0.11097035557031631,0.09852251798848576,0.09852251798848576,0.08661089912056923,False,False,16000,False,,False,0.0,cpu,patch_nearest_normal,last2,14,0.05,False,,,0.0001619732502149418,0.00019554235113892002,False,True,True,False
2026-08-16 01:54:53,adapter_ctta,cable,monitor,C:/cira_batch_test/cable/good_10.png,good_10.png,normal,False,0.08566146343946457,0.08564834296703339,0.09852251798848576,0.09852251798848576,0.08661089912056923,False,False,16000,True,0.0001808151719160378,True,0.002567920135334134,cpu,patch_nearest_normal,last2,14,0.05,False,,,0.00016714453522581607,0.00019554235113892002,True,True,True,False
2026-08-16 01:54:55,adapter_ctta,cable,monitor,C:/cira_batch_test/cable/bad_19.png,bad_19.png,normal,False,0.09407064318656921,0.09407064318656921,0.09852251798848576,0.09852251798848576,0.08661089912056923,False,False,16000,False,,False,0.0,cpu,patch_nearest_normal,last2,14,0.05,False,,,0.00015628765686415136,0.00019554235113892002,False,True,True,False
2026-08-16 01:54:56,adapter_ctta,cable,monitor,C:/cira_batch_test/cable/good_4.png,good_4.png,normal,False,0.076463483273983,0.07645241171121597,0.09852251798848576,0.09852251798848576,0.08661089912056923,False,False,16000,True,0.00019756170513574034,True,0.0025317936670035124,cpu,patch_nearest_normal,last2,14,0.05,False,,,0.00017676164861768484,0.00019554235113892002,True,True,True,False
2026-08-16 01:54:58,adapter_ctta,cable,monitor,C:/cira_batch_test/cable/bad_12.png,bad_12.png,anomaly,True,0.10595522075891495,0.10595522075891495,0.09852251798848576,0.09852251798848576,0.08661089912056923,False,False,16000,False,,False,0.0,cpu,patch_nearest_normal,last2,14,0.05,False,,,0.00014814562746323645,0.00019554235113892002,False,True,True,False
2026-08-16 01:55:00,adapter_ctta,cable,monitor,C:/cira_batch_test/cable/good_18.png,good_18.png,normal,False,0.07402247190475464,0.0740237683057785,0.09852251798848576,0.09852251798848576,0.08661089912056923,False,False,16000,True,0.00018453752272762358,True,0.0025231032632291317,cpu,patch_nearest_normal,last2,14,0.05,False,,,0.00016149463772308081,0.00019554235113892002,True,True,True,False
2026-08-16 01:55:01,adapter_ctta,cable,monitor,C:/cira_batch_test/cable/bad_16.png,bad_16.png,anomaly,True,0.26878565549850464,0.26878565549850464,0.09852251798848576,0.09852251798848576,0.08661089912056923,False,False,16000,False,,False,0.0,cpu,patch_nearest_normal,last2,14,0.05,False,,,0.00017240333545487374,0.00019554235113892002,False,True,True,False
2026-08-16 01:55:03,adapter_ctta,cable,monitor,C:/cira_batch_test/cable/good_6.png,good_6.png,anomaly,True,0.1035652607679367,0.1035652607679367,0.09852251798848576,0.09852251798848576,0.08661089912056923,False,False,16000,False,,False,0.0,cpu,patch_nearest_normal,last2,14,0.05,False,,,0.00016238196985796094,0.00019554235113892002,False,True,True,False
2026-08-16 01:55:04,adapter_ctta,cable,monitor,C:/cira_batch_test/cable/good_13.png,good_13.png,normal,False,0.08869150280952454,0.08869150280952454,0.09852251798848576,0.09852251798848576,0.08661089912056923,False,False,16000,False,,False,0.0,cpu,patch_nearest_normal,last2,14,0.05,False,,,0.00017495389329269528,0.00019554235113892002,False,True,True,False
2026-08-16 01:55:06,adapter_ctta,cable,monitor,C:/cira_batch_test/cable/good_15.png,good_15.png,normal,False,0.08314698189496994,0.08312864601612091,0.09852251798848576,0.09852251798848576,0.08661089912056923,False,False,16000,True,0.00019582487584557384,True,0.002516577485948801,cpu,patch_nearest_normal,last2,14,0.05,False,,,0.0001766846253303811,0.00019554235113892002,True,True,True,False
2026-08-16 01:55:07,adapter_ctta,cable,monitor,C:/cira_batch_test/cable/good_20.png,good_20.png,normal,False,0.08844934403896332,0.08844934403896332,0.09852251798848576,0.09852251798848576,0.08661089912056923,False,False,16000,False,,False,0.0,cpu,patch_nearest_normal,last2,14,0.05,False,,,0.000180138842551969,0.00019554235113892002,False,True,True,False
2026-08-16 01:55:09,adapter_ctta,cable,monitor,C:/cira_batch_test/cable/bad_17.png,bad_17.png,anomaly,True,0.14893803000450134,0.14893803000450134,0.09852251798848576,0.09852251798848576,0.08661089912056923,False,False,16000,False,,False,0.0,cpu,patch_nearest_normal,last2,14,0.05,False,,,0.00017844836111180484,0.00019554235113892002,False,True,True,False
2026-08-16 01:55:11,adapter_ctta,cable,monitor,C:/cira_batch_test/cable/good_11.png,good_11.png,normal,False,0.07893302291631699,0.078966423869133,0.09852251798848576,0.09852251798848576,0.08661089912056923,False,False,16000,True,0.00019835089915432036,True,0.002505890093743801,cpu,patch_nearest_normal,last2,14,0.05,False,,,0.0001817124430090189,0.00019554235113892002,True,True,True,False
2026-08-16 01:55:12,adapter_ctta,cable,monitor,C:/cira_batch_test/cable/bad_20.png,bad_20.png,anomaly,True,0.19591739773750305,0.19591739773750305,0.09852251798848576,0.09852251798848576,0.08661089912056923,False,False,16000,False,,False,0.0,cpu,patch_nearest_normal,last2,14,0.05,False,,,0.00017611897783353925,0.00019554235113892002,False,True,True,False
2026-08-16 01:55:14,adapter_ctta,cable,monitor,C:/cira_batch_test/cable/good_8.png,good_8.png,anomaly,True,0.09896652400493622,0.09896652400493622,0.09852251798848576,0.09852251798848576,0.08661089912056923,False,False,16000,False,,False,0.0,cpu,patch_nearest_normal,last2,14,0.05,False,,,0.00016740168211981654,0.00019554235113892002,False,True,True,False
2026-08-16 01:55:15,adapter_ctta,cable,monitor,C:/cira_batch_test/cable/bad_10.png,bad_10.png,anomaly,True,0.11292999982833862,0.11292999982833862,0.09852251798848576,0.09852251798848576,0.08661089912056923,False,False,16000,False,,False,0.0,cpu,patch_nearest_normal,last2,14,0.05,False,,,0.0001758838479872793,0.00019554235113892002,False,True,True,False
2026-08-16 01:55:17,adapter_ctta,cable,monitor,C:/cira_batch_test/cable/good_3.png,good_3.png,anomaly,True,0.11449998617172241,0.11449998617172241,0.09852251798848576,0.09852251798848576,0.08661089912056923,False,False,16000,False,,False,0.0,cpu,patch_nearest_normal,last2,14,0.05,False,,,0.0001663903531152755,0.00019554235113892002,False,True,True,False
2026-08-16 01:55:18,adapter_ctta,cable,monitor,C:/cira_batch_test/cable/bad_11.png,bad_11.png,anomaly,True,0.19174711406230927,0.19174711406230927,0.09852251798848576,0.09852251798848576,0.08661089912056923,False,False,16000,False,,False,0.0,cpu,patch_nearest_normal,last2,14,0.05,False,,,0.00016786727064754814,0.00019554235113892002,False,True,True,False
2026-08-16 01:55:20,adapter_ctta,cable,monitor,C:/cira_batch_test/cable/bad_18.png,bad_18.png,anomaly,True,0.24471862614154816,0.24471862614154816,0.09852251798848576,0.09852251798848576,0.08661089912056923,False,False,16000,False,,False,0.0,cpu,patch_nearest_normal,last2,14,0.05,False,,,0.00015574127610307187,0.00019554235113892002,False,True,True,False
2026-08-16 01:55:22,adapter_ctta,cable,monitor,C:/cira_batch_test/cable/good_12.png,good_12.png,normal,False,0.08015089482069016,0.0801549032330513,0.09852251798848576,0.09852251798848576,0.08661089912056923,False,False,16000,True,0.00018137914594262838,True,0.0024995675776153803,cpu,patch_nearest_normal,last2,14,0.05,True,C:\cira_ttl_checkpoints\cable\patch_memory_bank_update_10.pt,C:\cira_ttl_checkpoints\cable\patch_adapter_update_10.pt,0.00016952211444731802,0.00019554235113892002,True,True,True,False
2026-08-16 01:55:24,adapter_ctta,cable,monitor,C:/cira_batch_test/cable/good_17.png,good_17.png,normal,False,0.08302830904722214,0.08301396667957306,0.09852251798848576,0.09852251798848576,0.08661089912056923,False,False,16000,True,0.00017657724674791098,True,0.0024900396820157766,cpu,patch_nearest_normal,last2,14,0.05,False,,,0.00015578749298583716,0.00019554235113892002,True,True,True,False
2026-08-16 01:55:25,adapter_ctta,cable,monitor,C:/cira_batch_test/cable/bad_5.png,bad_5.png,anomaly,True,0.13680006563663483,0.13680006563663483,0.09852251798848576,0.09852251798848576,0.08661089912056923,False,False,16000,False,,False,0.0,cpu,patch_nearest_normal,last2,14,0.05,False,,,0.00018100798479281366,0.00019554235113892002,False,True,True,False
2026-08-16 01:55:27,adapter_ctta,cable,monitor,C:/cira_batch_test/cable/bad_6.png,bad_6.png,anomaly,True,0.24147415161132812,0.24147415161132812,0.09852251798848576,0.09852251798848576,0.08661089912056923,False,False,16000,False,,False,0.0,cpu,patch_nearest_normal,last2,14,0.05,False,,,0.00017008268332574517,0.00019554235113892002,False,True,True,False
2026-08-16 01:55:28,adapter_ctta,cable,monitor,C:/cira_batch_test/cable/bad_7.png,bad_7.png,anomaly,True,0.1325909048318863,0.1325909048318863,0.09852251798848576,0.09852251798848576,0.08661089912056923,False,False,16000,False,,False,0.0,cpu,patch_nearest_normal,last2,14,0.05,False,,,0.00015644171799067408,0.00019554235113892002,False,True,True,False
2026-08-16 01:55:30,adapter_ctta,cable,monitor,C:/cira_batch_test/cable/bad_9.png,bad_9.png,anomaly,True,0.15739133954048157,0.15739133954048157,0.09852251798848576,0.09852251798848576,0.08661089912056923,False,False,16000,False,,False,0.0,cpu,patch_nearest_normal,last2,14,0.05,False,,,0.00017667177598923445,0.00019554235113892002,False,True,True,False
2026-08-16 01:55:31,adapter_ctta,cable,monitor,C:/cira_batch_test/cable/bad_4.png,bad_4.png,anomaly,True,0.3744126260280609,0.3744126260280609,0.09852251798848576,0.09852251798848576,0.08661089912056923,False,False,16000,False,,False,0.0,cpu,patch_nearest_normal,last2,14,0.05,False,,,0.00017122905410360545,0.00019554235113892002,False,True,True,False
2026-08-16 01:55:33,adapter_ctta,cable,monitor,C:/cira_batch_test/cable/bad_2.png,bad_2.png,anomaly,True,0.29115864634513855,0.29115864634513855,0.09852251798848576,0.09852251798848576,0.08661089912056923,False,False,16000,False,,False,0.0,cpu,patch_nearest_normal,last2,14,0.05,False,,,0.00017351310816593468,0.00019554235113892002,False,True,True,False
2026-08-16 01:55:34,adapter_ctta,capsule,monitor,C:/cira_batch_test/capsule/good_1.png,good_1.png,normal,False,0.024378538131713867,0.024378538131713867,0.04299485732503146,0.04299485732503146,0.031231427378952504,False,False,16000,False,,False,0.0,cpu,patch_nearest_normal,last2,14,0.05,False,,,0.00011330860434100032,0.0001107694308302,True,False,True,False
2026-08-16 01:55:36,adapter_ctta,capsule,monitor,C:/cira_batch_test/capsule/good_7.png,good_7.png,anomaly,True,0.06811105459928513,0.06811105459928513,0.04299485732503146,0.04299485732503146,0.031231427378952504,False,False,16000,False,,False,0.0,cpu,patch_nearest_normal,last2,14,0.05,False,,,8.655684359837323e-05,0.0001107694308302,False,True,True,False
2026-08-16 01:55:38,adapter_ctta,capsule,monitor,C:/cira_batch_test/capsule/good_9.png,good_9.png,normal,False,0.02190353348851204,0.02187865972518921,0.04299485732503146,0.04299485732503146,0.031231427378952504,False,False,16000,True,0.00010518033377593383,True,0.0030099961441010237,cpu,patch_nearest_normal,last2,14,0.05,False,,,0.00010678616672521457,0.0001107694308302,True,True,True,False
2026-08-16 01:55:39,adapter_ctta,capsule,monitor,C:/cira_batch_test/capsule/bad_8.png,bad_8.png,anomaly,True,0.12494595348834991,0.12494595348834991,0.04299485732503146,0.04299485732503146,0.031231427378952504,False,False,16000,False,,False,0.0,cpu,patch_nearest_normal,last2,14,0.05,False,,,9.483349276706576e-05,0.0001107694308302,False,True,True,False
2026-08-16 01:55:41,adapter_ctta,capsule,monitor,C:/cira_batch_test/capsule/bad_1.png,bad_1.png,anomaly,True,0.1742427796125412,0.1742427796125412,0.04299485732503146,0.04299485732503146,0.031231427378952504,False,False,16000,False,,False,0.0,cpu,patch_nearest_normal,last2,14,0.05,False,,,0.00010504961392143741,0.0001107694308302,False,True,True,False
2026-08-16 01:55:42,adapter_ctta,capsule,monitor,C:/cira_batch_test/capsule/bad_14.png,bad_14.png,normal,False,0.037945665419101715,0.037945665419101715,0.04299485732503146,0.04299485732503146,0.031231427378952504,False,False,16000,False,,False,0.0,cpu,patch_nearest_normal,last2,14,0.05,False,,,0.00010049470438389108,0.0001107694308302,False,True,True,False
2026-08-16 01:55:44,adapter_ctta,capsule,monitor,C:/cira_batch_test/capsule/bad_15.png,bad_15.png,anomaly,True,0.08053191006183624,0.08053191006183624,0.04299485732503146,0.04299485732503146,0.031231427378952504,False,False,16000,False,,False,0.0,cpu,patch_nearest_normal,last2,14,0.05,False,,,0.00011040834942832589,0.0001107694308302,False,True,True,False
2026-08-16 01:55:46,adapter_ctta,capsule,monitor,C:/cira_batch_test/capsule/good_19.png,good_19.png,normal,False,0.0198960117995739,0.019867515191435814,0.04299485732503146,0.04299485732503146,0.031231427378952504,False,False,16000,True,0.00011258811719017103,True,0.0028220047242939472,cpu,patch_nearest_normal,last2,14,0.05,False,,,9.734761988511309e-05,0.0001107694308302,True,True,True,False
2026-08-16 01:55:47,adapter_ctta,capsule,monitor,C:/cira_batch_test/capsule/bad_3.png,bad_3.png,anomaly,True,0.09459374845027924,0.09459374845027924,0.04299485732503146,0.04299485732503146,0.031231427378952504,False,False,16000,False,,False,0.0,cpu,patch_nearest_normal,last2,14,0.05,False,,,0.00010349701915401965,0.0001107694308302,False,True,True,False
2026-08-16 01:55:49,adapter_ctta,capsule,monitor,C:/cira_batch_test/capsule/good_5.png,good_5.png,normal,False,0.027709806337952614,0.027680104598402977,0.04299485732503146,0.04299485732503146,0.031231427378952504,False,False,16000,True,0.00010699701670091599,True,0.0027433736249804497,cpu,patch_nearest_normal,last2,14,0.05,False,,,9.218194463755935e-05,0.0001107694308302,True,True,True,False
2026-08-16 01:55:50,adapter_ctta,capsule,monitor,C:/cira_batch_test/capsule/good_16.png,good_16.png,normal,False,0.027345741167664528,0.027339626103639603,0.04299485732503146,0.04299485732503146,0.031231427378952504,False,False,16000,True,0.00010977985220961273,True,0.0027052394580096006,cpu,patch_nearest_normal,last2,14,0.05,False,,,0.00010645473230397329,0.0001107694308302,True,True,True,False
2026-08-16 01:55:52,adapter_ctta,capsule,monitor,C:/cira_batch_test/capsule/good_14.png,good_14.png,normal,False,0.02428644895553589,0.0242488794028759,0.04299485732503146,0.04299485732503146,0.031231427378952504,False,False,16000,True,0.0001075493564712815,True,0.002670306945219636,cpu,patch_nearest_normal,last2,14,0.05,False,,,0.00010539916547713801,0.0001107694308302,True,True,True,False
2026-08-16 01:55:54,adapter_ctta,capsule,monitor,C:/cira_batch_test/capsule/good_2.png,good_2.png,normal,False,0.019939905032515526,0.01993079110980034,0.04299485732503146,0.04299485732503146,0.031231427378952504,False,False,16000,True,0.0001136442951974459,True,0.0026769014075398445,cpu,patch_nearest_normal,last2,14,0.05,False,,,0.00010227421444142237,0.0001107694308302,True,True,True,False
2026-08-16 01:55:55,adapter_ctta,capsule,monitor,C:/cira_batch_test/capsule/bad_13.png,bad_13.png,anomaly,True,0.04357970878481865,0.04357970878481865,0.04299485732503146,0.04299485732503146,0.031231427378952504,False,False,16000,False,,False,0.0,cpu,patch_nearest_normal,last2,14,0.05,False,,,9.935326670529321e-05,0.0001107694308302,False,True,True,False
2026-08-16 01:55:57,adapter_ctta,capsule,monitor,C:/cira_batch_test/capsule/good_10.png,good_10.png,normal,False,0.026096945628523827,0.02607249654829502,0.04299485732503146,0.04299485732503146,0.031231427378952504,False,False,16000,True,9.521550236968324e-05,True,0.002658405341207981,cpu,patch_nearest_normal,last2,14,0.05,False,,,9.52049667830579e-05,0.0001107694308302,True,True,True,False
2026-08-16 01:55:59,adapter_ctta,capsule,monitor,C:/cira_batch_test/capsule/bad_19.png,bad_19.png,anomaly,True,0.11653900146484375,0.11653900146484375,0.04299485732503146,0.04299485732503146,0.031231427378952504,False,False,16000,False,,False,0.0,cpu,patch_nearest_normal,last2,14,0.05,False,,,0.00010789518273668364,0.0001107694308302,False,True,True,False
2026-08-16 01:56:00,adapter_ctta,capsule,monitor,C:/cira_batch_test/capsule/good_4.png,good_4.png,normal,False,0.020564967766404152,0.02056177891790867,0.04299485732503146,0.04299485732503146,0.031231427378952504,False,False,16000,True,0.00011464612907730043,True,0.002657895442098379,cpu,patch_nearest_normal,last2,14,0.05,False,,,0.0001022006108541973,0.0001107694308302,True,True,True,False
2026-08-16 01:56:02,adapter_ctta,capsule,monitor,C:/cira_batch_test/capsule/bad_12.png,bad_12.png,anomaly,True,0.04909761995077133,0.04909761995077133,0.04299485732503146,0.04299485732503146,0.031231427378952504,False,False,16000,False,,False,0.0,cpu,patch_nearest_normal,last2,14,0.05,False,,,0.00010141648817807436,0.0001107694308302,False,True,True,False
2026-08-16 01:56:03,adapter_ctta,capsule,monitor,C:/cira_batch_test/capsule/good_18.png,good_18.png,normal,False,0.01948319748044014,0.0194974597543478,0.04299485732503146,0.04299485732503146,0.031231427378952504,False,False,16000,True,0.00011296266166027635,True,0.002652982482686639,cpu,patch_nearest_normal,last2,14,0.05,False,,,0.0001075049804057926,0.0001107694308302,True,True,True,False
2026-08-16 01:56:05,adapter_ctta,capsule,monitor,C:/cira_batch_test/capsule/bad_16.png,bad_16.png,anomaly,True,0.07329975068569183,0.07329975068569183,0.04299485732503146,0.04299485732503146,0.031231427378952504,False,False,16000,False,,False,0.0,cpu,patch_nearest_normal,last2,14,0.05,False,,,9.537609730614349e-05,0.0001107694308302,False,True,True,False
2026-08-16 01:56:07,adapter_ctta,capsule,monitor,C:/cira_batch_test/capsule/good_6.png,good_6.png,normal,False,0.016241837292909622,0.01625129021704197,0.04299485732503146,0.04299485732503146,0.031231427378952504,False,False,16000,True,0.00010702506551751867,True,0.002631628653034568,cpu,patch_nearest_normal,last2,14,0.05,True,C:\cira_ttl_checkpoints\capsule\patch_memory_bank_update_10.pt,C:\cira_ttl_checkpoints\capsule\patch_adapter_update_10.pt,9.201871580444276e-05,0.0001107694308302,True,True,True,False
2026-08-16 01:56:08,adapter_ctta,capsule,monitor,C:/cira_batch_test/capsule/good_13.png,good_13.png,normal,False,0.025250082835555077,0.0252727922052145,0.04299485732503146,0.04299485732503146,0.031231427378952504,False,False,16000,True,0.00010645628935890272,True,0.0025915508158504963,cpu,patch_nearest_normal,last2,14,0.05,False,,,0.00010205391299678013,0.0001107694308302,True,True,True,False
2026-08-16 01:56:10,adapter_ctta,capsule,monitor,C:/cira_batch_test/capsule/good_15.png,good_15.png,normal,False,0.03393692523241043,0.03393692523241043,0.04299485732503146,0.04299485732503146,0.031231427378952504,False,False,16000,False,,False,0.0,cpu,patch_nearest_normal,last2,14,0.05,False,,,0.00011476333747850731,0.0001107694308302,False,False,True,False
2026-08-16 01:56:12,adapter_ctta,capsule,monitor,C:/cira_batch_test/capsule/good_20.png,good_20.png,normal,False,0.031016623601317406,0.031048793345689774,0.04299485732503146,0.04299485732503146,0.031231427378952504,False,False,16000,True,0.00010552991443546489,True,0.002567543648183346,cpu,patch_nearest_normal,last2,14,0.05,False,,,9.222087101079524e-05,0.0001107694308302,True,True,True,False
2026-08-16 01:56:13,adapter_ctta,capsule,monitor,C:/cira_batch_test/capsule/bad_17.png,bad_17.png,anomaly,True,0.05694898962974548,0.05694898962974548,0.04299485732503146,0.04299485732503146,0.031231427378952504,False,False,16000,False,,False,0.0,cpu,patch_nearest_normal,last2,14,0.05,False,,,9.278618381358683e-05,0.0001107694308302,False,True,True,False
2026-08-16 01:56:15,adapter_ctta,capsule,monitor,C:/cira_batch_test/capsule/good_11.png,good_11.png,normal,False,0.029036473482847214,0.029055451974272728,0.04299485732503146,0.04299485732503146,0.031231427378952504,False,False,16000,True,0.00010529981227591634,True,0.0025641154497861862,cpu,patch_nearest_normal,last2,14,0.05,False,,,9.946021600626409e-05,0.0001107694308302,True,True,True,False
2026-08-16 01:56:17,adapter_ctta,capsule,monitor,C:/cira_batch_test/capsule/bad_20.png,bad_20.png,anomaly,True,0.052156902849674225,0.052156902849674225,0.04299485732503146,0.04299485732503146,0.031231427378952504,False,False,16000,False,,False,0.0,cpu,patch_nearest_normal,last2,14,0.05,False,,,0.00010294935054844245,0.0001107694308302,False,True,True,False
2026-08-16 01:56:19,adapter_ctta,capsule,monitor,C:/cira_batch_test/capsule/good_8.png,good_8.png,normal,False,0.028633153066039085,0.028682684525847435,0.04299485732503146,0.04299485732503146,0.031231427378952504,False,False,16000,True,0.00010775543341878802,True,0.002550934674218297,cpu,patch_nearest_normal,last2,14,0.05,False,,,8.577766857342795e-05,0.0001107694308302,True,True,True,False
2026-08-16 01:56:20,adapter_ctta,capsule,monitor,C:/cira_batch_test/capsule/bad_10.png,bad_10.png,anomaly,True,0.06678204983472824,0.06678204983472824,0.04299485732503146,0.04299485732503146,0.031231427378952504,False,False,16000,False,,False,0.0,cpu,patch_nearest_normal,last2,14,0.05,False,,,8.989908383227885e-05,0.0001107694308302,False,True,True,False
2026-08-16 01:56:22,adapter_ctta,capsule,monitor,C:/cira_batch_test/capsule/good_3.png,good_3.png,normal,False,0.03888561576604843,0.03888561576604843,0.04299485732503146,0.04299485732503146,0.031231427378952504,False,False,16000,False,,False,0.0,cpu,patch_nearest_normal,last2,14,0.05,False,,,0.00010162238322664052,0.0001107694308302,False,True,True,False
2026-08-16 01:56:23,adapter_ctta,capsule,monitor,C:/cira_batch_test/capsule/bad_11.png,bad_11.png,anomaly,True,0.045095045119524,0.045095045119524,0.04299485732503146,0.04299485732503146,0.031231427378952504,False,False,16000,False,,False,0.0,cpu,patch_nearest_normal,last2,14,0.05,False,,,9.620193304726854e-05,0.0001107694308302,False,True,True,False
2026-08-16 01:56:25,adapter_ctta,capsule,monitor,C:/cira_batch_test/capsule/bad_18.png,bad_18.png,anomaly,True,0.060064204037189484,0.060064204037189484,0.04299485732503146,0.04299485732503146,0.031231427378952504,False,False,16000,False,,False,0.0,cpu,patch_nearest_normal,last2,14,0.05,False,,,9.390196646563709e-05,0.0001107694308302,False,True,True,False
2026-08-16 01:56:27,adapter_ctta,capsule,monitor,C:/cira_batch_test/capsule/good_12.png,good_12.png,normal,False,0.036676544696092606,0.036676544696092606,0.04299485732503146,0.04299485732503146,0.031231427378952504,False,False,16000,False,,False,0.0,cpu,patch_nearest_normal,last2,14,0.05,False,,,0.00010706706962082535,0.0001107694308302,False,True,True,False
2026-08-16 01:56:28,adapter_ctta,capsule,monitor,C:/cira_batch_test/capsule/good_17.png,good_17.png,normal,False,0.020396769046783447,0.020424479618668556,0.04299485732503146,0.04299485732503146,0.031231427378952504,False,False,16000,True,0.00011366319085936993,True,0.0025537582114338875,cpu,patch_nearest_normal,last2,14,0.05,False,,,0.0001026170066324994,0.0001107694308302,True,True,True,False
2026-08-16 01:56:30,adapter_ctta,capsule,monitor,C:/cira_batch_test/capsule/bad_5.png,bad_5.png,normal,False,0.04187924414873123,0.04187924414873123,0.04299485732503146,0.04299485732503146,0.031231427378952504,False,False,16000,False,,False,0.0,cpu,patch_nearest_normal,last2,14,0.05,False,,,8.797995542408898e-05,0.0001107694308302,False,True,True,False
2026-08-16 01:56:32,adapter_ctta,capsule,monitor,C:/cira_batch_test/capsule/bad_6.png,bad_6.png,anomaly,True,0.1201663464307785,0.1201663464307785,0.04299485732503146,0.04299485732503146,0.031231427378952504,False,False,16000,False,,False,0.0,cpu,patch_nearest_normal,last2,14,0.05,False,,,9.376568777952343e-05,0.0001107694308302,False,True,True,False
2026-08-16 01:56:34,adapter_ctta,capsule,monitor,C:/cira_batch_test/capsule/bad_7.png,bad_7.png,anomaly,True,0.07406902313232422,0.07406902313232422,0.04299485732503146,0.04299485732503146,0.031231427378952504,False,False,16000,False,,False,0.0,cpu,patch_nearest_normal,last2,14,0.05,False,,,0.00010171897883992642,0.0001107694308302,False,True,True,False
2026-08-16 01:56:35,adapter_ctta,capsule,monitor,C:/cira_batch_test/capsule/bad_9.png,bad_9.png,anomaly,True,0.17550194263458252,0.17550194263458252,0.04299485732503146,0.04299485732503146,0.031231427378952504,False,False,16000,False,,False,0.0,cpu,patch_nearest_normal,last2,14,0.05,False,,,9.998554014600813e-05,0.0001107694308302,False,True,True,False
2026-08-16 01:56:37,adapter_ctta,capsule,monitor,C:/cira_batch_test/capsule/bad_4.png,bad_4.png,normal,False,0.03708256408572197,0.03708256408572197,0.04299485732503146,0.04299485732503146,0.031231427378952504,False,False,16000,False,,False,0.0,cpu,patch_nearest_normal,last2,14,0.05,False,,,9.822410356719047e-05,0.0001107694308302,False,True,True,False
2026-08-16 01:56:39,adapter_ctta,capsule,monitor,C:/cira_batch_test/capsule/bad_2.png,bad_2.png,anomaly,True,0.2656753957271576,0.2656753957271576,0.04299485732503146,0.04299485732503146,0.031231427378952504,False,False,16000,False,,False,0.0,cpu,patch_nearest_normal,last2,14,0.05,False,,,0.00010073834710055962,0.0001107694308302,False,True,True,False
2026-08-16 01:56:42,adapter_ctta,carpet,monitor,C:/cira_batch_test/carpet/good_1.png,good_1.png,normal,False,0.02601250447332859,0.02602890133857727,0.0343417185988487,0.0343417185988487,0.03367696963250637,False,False,16000,True,4.305184484110214e-05,True,0.002890365431085229,cpu,patch_nearest_normal,last2,14,0.05,False,,,4.2651998228393495e-05,6.111156617407686e-05,True,True,True,False
2026-08-16 01:56:43,adapter_ctta,carpet,monitor,C:/cira_batch_test/carpet/good_7.png,good_7.png,anomaly,True,0.03651977330446243,0.03651977330446243,0.0343417185988487,0.0343417185988487,0.03367696963250637,False,False,16000,False,,False,0.0,cpu,patch_nearest_normal,last2,14,0.05,False,,,3.70097768609412e-05,6.111156617407686e-05,False,True,True,False
2026-08-16 01:56:45,adapter_ctta,carpet,monitor,C:/cira_batch_test/carpet/good_9.png,good_9.png,anomaly,True,0.05318067595362663,0.05318067595362663,0.0343417185988487,0.0343417185988487,0.03367696963250637,False,False,16000,False,,False,0.0,cpu,patch_nearest_normal,last2,14,0.05,False,,,3.25250621244777e-05,6.111156617407686e-05,False,True,True,False
2026-08-16 01:56:46,adapter_ctta,carpet,monitor,C:/cira_batch_test/carpet/bad_8.png,bad_8.png,anomaly,True,0.2965629994869232,0.2965629994869232,0.0343417185988487,0.0343417185988487,0.03367696963250637,False,False,16000,False,,False,0.0,cpu,patch_nearest_normal,last2,14,0.05,False,,,5.941405106568709e-05,6.111156617407686e-05,False,True,True,False
2026-08-16 01:56:48,adapter_ctta,carpet,monitor,C:/cira_batch_test/carpet/bad_1.png,bad_1.png,anomaly,True,0.061381805688142776,0.061381805688142776,0.0343417185988487,0.0343417185988487,0.03367696963250637,False,False,16000,False,,False,0.0,cpu,patch_nearest_normal,last2,14,0.05,False,,,5.533841613214463e-05,6.111156617407686e-05,False,True,True,False
2026-08-16 01:56:49,adapter_ctta,carpet,monitor,C:/cira_batch_test/carpet/bad_14.png,bad_14.png,anomaly,True,0.21675404906272888,0.21675404906272888,0.0343417185988487,0.0343417185988487,0.03367696963250637,False,False,16000,False,,False,0.0,cpu,patch_nearest_normal,last2,14,0.05,False,,,5.576717740041204e-05,6.111156617407686e-05,False,True,True,False
2026-08-16 01:56:51,adapter_ctta,carpet,monitor,C:/cira_batch_test/carpet/bad_15.png,bad_15.png,anomaly,True,0.04103579372167587,0.04103579372167587,0.0343417185988487,0.0343417185988487,0.03367696963250637,False,False,16000,False,,False,0.0,cpu,patch_nearest_normal,last2,14,0.05,False,,,3.9225757063832134e-05,6.111156617407686e-05,False,True,True,False
2026-08-16 01:56:53,adapter_ctta,carpet,monitor,C:/cira_batch_test/carpet/good_19.png,good_19.png,anomaly,True,0.03489675000309944,0.03489675000309944,0.0343417185988487,0.0343417185988487,0.03367696963250637,False,False,16000,False,,False,0.0,cpu,patch_nearest_normal,last2,14,0.05,False,,,5.0097372877644375e-05,6.111156617407686e-05,False,True,True,False
2026-08-16 01:56:54,adapter_ctta,carpet,monitor,C:/cira_batch_test/carpet/bad_3.png,bad_3.png,anomaly,True,0.35497036576271057,0.35497036576271057,0.0343417185988487,0.0343417185988487,0.03367696963250637,False,False,16000,False,,False,0.0,cpu,patch_nearest_normal,last2,14,0.05,False,,,4.191058178548701e-05,6.111156617407686e-05,False,True,True,False
2026-08-16 01:56:56,adapter_ctta,carpet,monitor,C:/cira_batch_test/carpet/good_5.png,good_5.png,anomaly,True,0.03464400768280029,0.03464400768280029,0.0343417185988487,0.0343417185988487,0.03367696963250637,False,False,16000,False,,False,0.0,cpu,patch_nearest_normal,last2,14,0.05,False,,,4.2813127947738394e-05,6.111156617407686e-05,False,True,True,False
2026-08-16 01:56:57,adapter_ctta,carpet,monitor,C:/cira_batch_test/carpet/good_16.png,good_16.png,anomaly,True,0.036788731813430786,0.036788731813430786,0.0343417185988487,0.0343417185988487,0.03367696963250637,False,False,16000,False,,False,0.0,cpu,patch_nearest_normal,last2,14,0.05,False,,,3.75974050257355e-05,6.111156617407686e-05,False,True,True,False
2026-08-16 01:56:59,adapter_ctta,carpet,monitor,C:/cira_batch_test/carpet/good_14.png,good_14.png,anomaly,True,0.04110540822148323,0.04110540822148323,0.0343417185988487,0.0343417185988487,0.03367696963250637,False,False,16000,False,,False,0.0,cpu,patch_nearest_normal,last2,14,0.05,False,,,4.066725159646012e-05,6.111156617407686e-05,False,True,True,False
2026-08-16 01:57:01,adapter_ctta,carpet,monitor,C:/cira_batch_test/carpet/good_2.png,good_2.png,normal,False,0.03312006592750549,0.03316919878125191,0.0343417185988487,0.0343417185988487,0.03367696963250637,False,False,16000,True,5.2054230764042586e-05,True,0.002747851889580488,cpu,patch_nearest_normal,last2,14,0.05,False,,,4.568256190395914e-05,6.111156617407686e-05,True,True,True,False
2026-08-16 01:57:02,adapter_ctta,carpet,monitor,C:/cira_batch_test/carpet/bad_13.png,bad_13.png,anomaly,True,0.03570438176393509,0.03570438176393509,0.0343417185988487,0.0343417185988487,0.03367696963250637,False,False,16000,False,,False,0.0,cpu,patch_nearest_normal,last2,14,0.05,False,,,5.155572580406442e-05,6.111156617407686e-05,False,True,True,False
2026-08-16 01:57:04,adapter_ctta,carpet,monitor,C:/cira_batch_test/carpet/good_10.png,good_10.png,anomaly,True,0.03943704441189766,0.03943704441189766,0.0343417185988487,0.0343417185988487,0.03367696963250637,False,False,16000,False,,False,0.0,cpu,patch_nearest_normal,last2,14,0.05,False,,,3.923433905583806e-05,6.111156617407686e-05,False,True,True,False
2026-08-16 01:57:05,adapter_ctta,carpet,monitor,C:/cira_batch_test/carpet/bad_19.png,bad_19.png,anomaly,True,0.1137637123465538,0.1137637123465538,0.0343417185988487,0.0343417185988487,0.03367696963250637,False,False,16000,False,,False,0.0,cpu,patch_nearest_normal,last2,14,0.05,False,,,4.523784446064383e-05,6.111156617407686e-05,False,True,True,False
2026-08-16 01:57:07,adapter_ctta,carpet,monitor,C:/cira_batch_test/carpet/good_4.png,good_4.png,normal,False,0.03338135406374931,0.03335781767964363,0.0343417185988487,0.0343417185988487,0.03367696963250637,False,False,16000,True,4.209337930660695e-05,True,0.002646048553287983,cpu,patch_nearest_normal,last2,14,0.05,False,,,3.5699180443771183e-05,6.111156617407686e-05,True,True,True,False
2026-08-16 01:57:09,adapter_ctta,carpet,monitor,C:/cira_batch_test/carpet/bad_12.png,bad_12.png,normal,False,0.03415204957127571,0.03415204957127571,0.0343417185988487,0.0343417185988487,0.03367696963250637,False,False,16000,False,,False,0.0,cpu,patch_nearest_normal,last2,14,0.05,False,,,4.078137135365978e-05,6.111156617407686e-05,False,True,True,False
2026-08-16 01:57:10,adapter_ctta,carpet,monitor,C:/cira_batch_test/carpet/good_18.png,good_18.png,normal,False,0.02810027077794075,0.028141552582383156,0.0343417185988487,0.0343417185988487,0.03367696963250637,False,False,16000,True,5.260291072772816e-05,True,0.002621621824800968,cpu,patch_nearest_normal,last2,14,0.05,False,,,5.487389717018232e-05,6.111156617407686e-05,True,True,True,False
2026-08-16 01:57:12,adapter_ctta,carpet,monitor,C:/cira_batch_test/carpet/bad_16.png,bad_16.png,anomaly,True,0.1315784454345703,0.1315784454345703,0.0343417185988487,0.0343417185988487,0.03367696963250637,False,False,16000,False,,False,0.0,cpu,patch_nearest_normal,last2,14,0.05,False,,,5.331005377229303e-05,6.111156617407686e-05,False,True,True,False
2026-08-16 01:57:13,adapter_ctta,carpet,monitor,C:/cira_batch_test/carpet/good_6.png,good_6.png,anomaly,True,0.03465043753385544,0.03465043753385544,0.0343417185988487,0.0343417185988487,0.03367696963250637,False,False,16000,False,,False,0.0,cpu,patch_nearest_normal,last2,14,0.05,False,,,3.898356226272881e-05,6.111156617407686e-05,False,True,True,False
2026-08-16 01:57:15,adapter_ctta,carpet,monitor,C:/cira_batch_test/carpet/good_13.png,good_13.png,anomaly,True,0.03627731651067734,0.03627731651067734,0.0343417185988487,0.0343417185988487,0.03367696963250637,False,False,16000,False,,False,0.0,cpu,patch_nearest_normal,last2,14,0.05,False,,,3.5082084650639445e-05,6.111156617407686e-05,False,True,True,False
2026-08-16 01:57:17,adapter_ctta,carpet,monitor,C:/cira_batch_test/carpet/good_15.png,good_15.png,anomaly,True,0.04127206280827522,0.04127206280827522,0.0343417185988487,0.0343417185988487,0.03367696963250637,False,False,16000,False,,False,0.0,cpu,patch_nearest_normal,last2,14,0.05,False,,,3.55323136318475e-05,6.111156617407686e-05,False,True,True,False
2026-08-16 01:57:18,adapter_ctta,carpet,monitor,C:/cira_batch_test/carpet/good_20.png,good_20.png,anomaly,True,0.038526516407728195,0.038526516407728195,0.0343417185988487,0.0343417185988487,0.03367696963250637,False,False,16000,False,,False,0.0,cpu,patch_nearest_normal,last2,14,0.05,False,,,5.04333947901614e-05,6.111156617407686e-05,False,True,True,False
2026-08-16 01:57:20,adapter_ctta,carpet,monitor,C:/cira_batch_test/carpet/bad_17.png,bad_17.png,anomaly,True,0.050689928233623505,0.050689928233623505,0.0343417185988487,0.0343417185988487,0.03367696963250637,False,False,16000,False,,False,0.0,cpu,patch_nearest_normal,last2,14,0.05,False,,,5.0014739827020094e-05,6.111156617407686e-05,False,True,True,False
2026-08-16 01:57:21,adapter_ctta,carpet,monitor,C:/cira_batch_test/carpet/good_11.png,good_11.png,anomaly,True,0.04236338287591934,0.04236338287591934,0.0343417185988487,0.0343417185988487,0.03367696963250637,False,False,16000,False,,False,0.0,cpu,patch_nearest_normal,last2,14,0.05,False,,,4.790223465533927e-05,6.111156617407686e-05,False,True,True,False
2026-08-16 01:57:23,adapter_ctta,carpet,monitor,C:/cira_batch_test/carpet/bad_20.png,bad_20.png,anomaly,True,0.13733696937561035,0.13733696937561035,0.0343417185988487,0.0343417185988487,0.03367696963250637,False,False,16000,False,,False,0.0,cpu,patch_nearest_normal,last2,14,0.05,False,,,4.26862679887563e-05,6.111156617407686e-05,False,True,True,False
2026-08-16 01:57:25,adapter_ctta,carpet,monitor,C:/cira_batch_test/carpet/good_8.png,good_8.png,normal,False,0.03130285069346428,0.03131115436553955,0.0343417185988487,0.0343417185988487,0.03367696963250637,False,False,16000,True,4.885692032985389e-05,True,0.002622806467115879,cpu,patch_nearest_normal,last2,14,0.05,False,,,4.304640242480673e-05,6.111156617407686e-05,True,True,True,False
2026-08-16 01:57:26,adapter_ctta,carpet,monitor,C:/cira_batch_test/carpet/bad_10.png,bad_10.png,anomaly,True,0.23402659595012665,0.23402659595012665,0.0343417185988487,0.0343417185988487,0.03367696963250637,False,False,16000,False,,False,0.0,cpu,patch_nearest_normal,last2,14,0.05,False,,,5.476083606481552e-05,6.111156617407686e-05,False,True,True,False
2026-08-16 01:57:28,adapter_ctta,carpet,monitor,C:/cira_batch_test/carpet/good_3.png,good_3.png,anomaly,True,0.03443455696105957,0.03443455696105957,0.0343417185988487,0.0343417185988487,0.03367696963250637,False,False,16000,False,,False,0.0,cpu,patch_nearest_normal,last2,14,0.05,False,,,3.571070919861086e-05,6.111156617407686e-05,False,True,True,False
2026-08-16 01:57:30,adapter_ctta,carpet,monitor,C:/cira_batch_test/carpet/bad_11.png,bad_11.png,anomaly,True,0.08795664459466934,0.08795664459466934,0.0343417185988487,0.0343417185988487,0.03367696963250637,False,False,16000,False,,False,0.0,cpu,patch_nearest_normal,last2,14,0.05,False,,,5.128825796418823e-05,6.111156617407686e-05,False,True,True,False
2026-08-16 01:57:31,adapter_ctta,carpet,monitor,C:/cira_batch_test/carpet/bad_18.png,bad_18.png,anomaly,True,0.3327255845069885,0.3327255845069885,0.0343417185988487,0.0343417185988487,0.03367696963250637,False,False,16000,False,,False,0.0,cpu,patch_nearest_normal,last2,14,0.05,False,,,4.8028381570475176e-05,6.111156617407686e-05,False,True,True,False
2026-08-16 01:57:33,adapter_ctta,carpet,monitor,C:/cira_batch_test/carpet/good_12.png,good_12.png,anomaly,True,0.0343497097492218,0.0343497097492218,0.0343417185988487,0.0343417185988487,0.03367696963250637,False,False,16000,False,,False,0.0,cpu,patch_nearest_normal,last2,14,0.05,False,,,5.176929334993474e-05,6.111156617407686e-05,False,True,True,False
2026-08-16 01:57:35,adapter_ctta,carpet,monitor,C:/cira_batch_test/carpet/good_17.png,good_17.png,normal,False,0.03211267665028572,0.03216344118118286,0.0343417185988487,0.0343417185988487,0.03367696963250637,False,False,16000,True,4.9658905481919646e-05,True,0.0026193433441221714,cpu,patch_nearest_normal,last2,14,0.05,False,,,4.270225690561347e-05,6.111156617407686e-05,True,True,True,False
2026-08-16 01:57:36,adapter_ctta,carpet,monitor,C:/cira_batch_test/carpet/bad_5.png,bad_5.png,anomaly,True,0.23477670550346375,0.23477670550346375,0.0343417185988487,0.0343417185988487,0.03367696963250637,False,False,16000,False,,False,0.0,cpu,patch_nearest_normal,last2,14,0.05,False,,,5.285401130095124e-05,6.111156617407686e-05,False,True,True,False
2026-08-16 01:57:38,adapter_ctta,carpet,monitor,C:/cira_batch_test/carpet/bad_6.png,bad_6.png,anomaly,True,0.1089726909995079,0.1089726909995079,0.0343417185988487,0.0343417185988487,0.03367696963250637,False,False,16000,False,,False,0.0,cpu,patch_nearest_normal,last2,14,0.05,False,,,4.165299469605088e-05,6.111156617407686e-05,False,True,True,False
2026-08-16 01:57:39,adapter_ctta,carpet,monitor,C:/cira_batch_test/carpet/bad_7.png,bad_7.png,anomaly,True,0.07376113533973694,0.07376113533973694,0.0343417185988487,0.0343417185988487,0.03367696963250637,False,False,16000,False,,False,0.0,cpu,patch_nearest_normal,last2,14,0.05,False,,,4.8019875976024196e-05,6.111156617407686e-05,False,True,True,False
2026-08-16 01:57:41,adapter_ctta,carpet,monitor,C:/cira_batch_test/carpet/bad_9.png,bad_9.png,anomaly,True,0.3498769998550415,0.3498769998550415,0.0343417185988487,0.0343417185988487,0.03367696963250637,False,False,16000,False,,False,0.0,cpu,patch_nearest_normal,last2,14,0.05,False,,,7.402665505651385e-05,6.111156617407686e-05,False,False,True,False
2026-08-16 01:57:42,adapter_ctta,carpet,monitor,C:/cira_batch_test/carpet/bad_4.png,bad_4.png,anomaly,True,0.2754434645175934,0.2754434645175934,0.0343417185988487,0.0343417185988487,0.03367696963250637,False,False,16000,False,,False,0.0,cpu,patch_nearest_normal,last2,14,0.05,False,,,6.103998748585582e-05,6.111156617407686e-05,False,True,True,False
2026-08-16 01:57:45,adapter_ctta,carpet,monitor,C:/cira_batch_test/carpet/bad_2.png,bad_2.png,anomaly,True,0.15549194812774658,0.15549194812774658,0.0343417185988487,0.0343417185988487,0.03367696963250637,False,False,16000,False,,False,0.0,cpu,patch_nearest_normal,last2,14,0.05,False,,,5.624175173579715e-05,6.111156617407686e-05,False,True,True,False
2026-08-16 01:57:46,adapter_ctta,grid,monitor,C:/cira_batch_test/grid/good_1.png,good_1.png,anomaly,True,0.05813353508710861,0.05813353508710861,0.053714152485093335,0.053714152485093335,0.04894002191722393,False,False,16000,False,,False,0.0,cpu,patch_nearest_normal,last2,14,0.05,False,,,0.00021511304657906294,0.00020260438468534505,False,False,True,False
2026-08-16 01:57:48,adapter_ctta,grid,monitor,C:/cira_batch_test/grid/good_7.png,good_7.png,anomaly,True,0.05755096673965454,0.05755096673965454,0.053714152485093335,0.053714152485093335,0.04894002191722393,False,False,16000,False,,False,0.0,cpu,patch_nearest_normal,last2,14,0.05,False,,,0.00011745032679755241,0.00020260438468534505,False,True,True,False
2026-08-16 01:57:50,adapter_ctta,grid,monitor,C:/cira_batch_test/grid/good_9.png,good_9.png,normal,False,0.045922499150037766,0.04586680978536606,0.053714152485093335,0.053714152485093335,0.04894002191722393,False,False,16000,True,0.00012910565419588238,True,0.002980722114443779,cpu,patch_nearest_normal,last2,14,0.05,False,,,0.00011415342305554077,0.00020260438468534505,True,True,True,False
2026-08-16 01:57:51,adapter_ctta,grid,monitor,C:/cira_batch_test/grid/bad_8.png,bad_8.png,normal,False,0.04673082381486893,0.046707671135663986,0.053714152485093335,0.053714152485093335,0.04894002191722393,False,False,16000,True,0.00015443176380358636,True,0.0025653874035924673,cpu,patch_nearest_normal,last2,14,0.05,False,,,0.00015475561667699367,0.00020260438468534505,True,True,True,False
2026-08-16 01:57:53,adapter_ctta,grid,monitor,C:/cira_batch_test/grid/bad_1.png,bad_1.png,anomaly,True,0.0884152501821518,0.0884152501821518,0.053714152485093335,0.053714152485093335,0.04894002191722393,False,False,16000,False,,False,0.0,cpu,patch_nearest_normal,last2,14,0.05,False,,,0.00020258782024029642,0.00020260438468534505,False,True,True,False
2026-08-16 01:57:54,adapter_ctta,grid,monitor,C:/cira_batch_test/grid/bad_14.png,bad_14.png,normal,False,0.053049296140670776,0.053049296140670776,0.053714152485093335,0.053714152485093335,0.04894002191722393,False,False,16000,False,,False,0.0,cpu,patch_nearest_normal,last2,14,0.05,False,,,0.0001059570859069936,0.00020260438468534505,False,True,True,False
2026-08-16 01:57:56,adapter_ctta,grid,monitor,C:/cira_batch_test/grid/bad_15.png,bad_15.png,anomaly,True,0.06474552303552628,0.06474552303552628,0.053714152485093335,0.053714152485093335,0.04894002191722393,False,False,16000,False,,False,0.0,cpu,patch_nearest_normal,last2,14,0.05,False,,,0.00014881632523611188,0.00020260438468534505,False,True,True,False
2026-08-16 01:57:57,adapter_ctta,grid,monitor,C:/cira_batch_test/grid/good_19.png,good_19.png,anomaly,True,0.06412605196237564,0.06412605196237564,0.053714152485093335,0.053714152485093335,0.04894002191722393,False,False,16000,False,,False,0.0,cpu,patch_nearest_normal,last2,14,0.05,False,,,0.00011810620344476774,0.00020260438468534505,False,True,True,False
2026-08-16 01:57:59,adapter_ctta,grid,monitor,C:/cira_batch_test/grid/bad_3.png,bad_3.png,anomaly,True,0.06524898111820221,0.06524898111820221,0.053714152485093335,0.053714152485093335,0.04894002191722393,False,False,16000,False,,False,0.0,cpu,patch_nearest_normal,last2,14,0.05,False,,,0.0001186627778224647,0.00020260438468534505,False,True,True,False
2026-08-16 01:58:00,adapter_ctta,grid,monitor,C:/cira_batch_test/grid/good_5.png,good_5.png,anomaly,True,0.06395399570465088,0.06395399570465088,0.053714152485093335,0.053714152485093335,0.04894002191722393,False,False,16000,False,,False,0.0,cpu,patch_nearest_normal,last2,14,0.05,False,,,0.00013331756053958088,0.00020260438468534505,False,True,True,False
2026-08-16 01:58:02,adapter_ctta,grid,monitor,C:/cira_batch_test/grid/good_16.png,good_16.png,anomaly,True,0.053792644292116165,0.053792644292116165,0.053714152485093335,0.053714152485093335,0.04894002191722393,False,False,16000,False,,False,0.0,cpu,patch_nearest_normal,last2,14,0.05,False,,,0.0001637176756048575,0.00020260438468534505,False,True,True,False
2026-08-16 01:58:03,adapter_ctta,grid,monitor,C:/cira_batch_test/grid/good_14.png,good_14.png,normal,False,0.049638889729976654,0.049638889729976654,0.053714152485093335,0.053714152485093335,0.04894002191722393,False,False,16000,False,,False,0.0,cpu,patch_nearest_normal,last2,14,0.05,False,,,0.00015336772776208818,0.00020260438468534505,False,True,True,False
2026-08-16 01:58:05,adapter_ctta,grid,monitor,C:/cira_batch_test/grid/good_2.png,good_2.png,normal,False,0.04952695965766907,0.04952695965766907,0.053714152485093335,0.053714152485093335,0.04894002191722393,False,False,16000,False,,False,0.0,cpu,patch_nearest_normal,last2,14,0.05,False,,,0.00017392809968441725,0.00020260438468534505,False,True,True,False
2026-08-16 01:58:06,adapter_ctta,grid,monitor,C:/cira_batch_test/grid/bad_13.png,bad_13.png,normal,False,0.04781761020421982,0.047823645174503326,0.053714152485093335,0.053714152485093335,0.04894002191722393,False,False,16000,True,0.00012140924081904814,True,0.002325911307707429,cpu,patch_nearest_normal,last2,14,0.05,False,,,0.00011662430188152939,0.00020260438468534505,True,True,True,False
2026-08-16 01:58:08,adapter_ctta,grid,monitor,C:/cira_batch_test/grid/good_10.png,good_10.png,normal,False,0.04514189809560776,0.045123614370822906,0.053714152485093335,0.053714152485093335,0.04894002191722393,False,False,16000,True,0.0001388265663990751,True,0.002232182305306196,cpu,patch_nearest_normal,last2,14,0.05,False,,,0.0001300274016102776,0.00020260438468534505,True,True,True,False
2026-08-16 01:58:10,adapter_ctta,grid,monitor,C:/cira_batch_test/grid/bad_19.png,bad_19.png,anomaly,True,0.10994472354650497,0.10994472354650497,0.053714152485093335,0.053714152485093335,0.04894002191722393,False,False,16000,False,,False,0.0,cpu,patch_nearest_normal,last2,14,0.05,False,,,0.00015073537360876799,0.00020260438468534505,False,True,True,False
2026-08-16 01:58:11,adapter_ctta,grid,monitor,C:/cira_batch_test/grid/good_4.png,good_4.png,anomaly,True,0.05581648275256157,0.05581648275256157,0.053714152485093335,0.053714152485093335,0.04894002191722393,False,False,16000,False,,False,0.0,cpu,patch_nearest_normal,last2,14,0.05,False,,,0.00022446998627856374,0.00020260438468534505,False,False,True,False
2026-08-16 01:58:13,adapter_ctta,grid,monitor,C:/cira_batch_test/grid/bad_12.png,bad_12.png,anomaly,True,0.10595150291919708,0.10595150291919708,0.053714152485093335,0.053714152485093335,0.04894002191722393,False,False,16000,False,,False,0.0,cpu,patch_nearest_normal,last2,14,0.05,False,,,0.00019721619901247323,0.00020260438468534505,False,True,True,False
2026-08-16 01:58:14,adapter_ctta,grid,monitor,C:/cira_batch_test/grid/good_18.png,good_18.png,anomaly,True,0.05504655838012695,0.05504655838012695,0.053714152485093335,0.053714152485093335,0.04894002191722393,False,False,16000,False,,False,0.0,cpu,patch_nearest_normal,last2,14,0.05,False,,,0.00011422124953242019,0.00020260438468534505,False,True,True,False
2026-08-16 01:58:16,adapter_ctta,grid,monitor,C:/cira_batch_test/grid/bad_16.png,bad_16.png,anomaly,True,0.058421362191438675,0.058421362191438675,0.053714152485093335,0.053714152485093335,0.04894002191722393,False,False,16000,False,,False,0.0,cpu,patch_nearest_normal,last2,14,0.05,False,,,0.00014124704466667026,0.00020260438468534505,False,True,True,False
2026-08-16 01:58:17,adapter_ctta,grid,monitor,C:/cira_batch_test/grid/good_6.png,good_6.png,anomaly,True,0.0638882964849472,0.0638882964849472,0.053714152485093335,0.053714152485093335,0.04894002191722393,False,False,16000,False,,False,0.0,cpu,patch_nearest_normal,last2,14,0.05,False,,,0.00011289623216725886,0.00020260438468534505,False,True,True,False
2026-08-16 01:58:19,adapter_ctta,grid,monitor,C:/cira_batch_test/grid/good_13.png,good_13.png,normal,False,0.044912874698638916,0.04490106552839279,0.053714152485093335,0.053714152485093335,0.04894002191722393,False,False,16000,True,0.00011925326543860137,True,0.0022046787198632956,cpu,patch_nearest_normal,last2,14,0.05,False,,,0.00010926808317890391,0.00020260438468534505,True,True,True,False
2026-08-16 01:58:21,adapter_ctta,grid,monitor,C:/cira_batch_test/grid/good_15.png,good_15.png,normal,False,0.037311602383852005,0.03727559372782707,0.053714152485093335,0.053714152485093335,0.04894002191722393,False,False,16000,True,0.00012770922330673784,True,0.002156459493562579,cpu,patch_nearest_normal,last2,14,0.05,False,,,0.0001195470176753588,0.00020260438468534505,True,True,True,False
2026-08-16 01:58:22,adapter_ctta,grid,monitor,C:/cira_batch_test/grid/good_20.png,good_20.png,normal,False,0.04733159393072128,0.04730939865112305,0.053714152485093335,0.053714152485093335,0.04894002191722393,False,False,16000,True,0.00015452702064067125,True,0.002153960056602955,cpu,patch_nearest_normal,last2,14,0.05,False,,,0.000137515933602117,0.00020260438468534505,True,True,True,False
2026-08-16 01:58:24,adapter_ctta,grid,monitor,C:/cira_batch_test/grid/bad_17.png,bad_17.png,normal,False,0.04971596598625183,0.04971596598625183,0.053714152485093335,0.053714152485093335,0.04894002191722393,False,False,16000,False,,False,0.0,cpu,patch_nearest_normal,last2,14,0.05,False,,,8.797012560535222e-05,0.00020260438468534505,False,True,True,False
2026-08-16 01:58:26,adapter_ctta,grid,monitor,C:/cira_batch_test/grid/good_11.png,good_11.png,normal,False,0.044102124869823456,0.04407278448343277,0.053714152485093335,0.053714152485093335,0.04894002191722393,False,False,16000,True,0.00012067865463905036,True,0.0021274012979120016,cpu,patch_nearest_normal,last2,14,0.05,False,,,0.00010868454410228878,0.00020260438468534505,True,True,True,False
2026-08-16 01:58:27,adapter_ctta,grid,monitor,C:/cira_batch_test/grid/bad_20.png,bad_20.png,normal,False,0.05334122106432915,0.05334122106432915,0.053714152485093335,0.053714152485093335,0.04894002191722393,False,False,16000,False,,False,0.0,cpu,patch_nearest_normal,last2,14,0.05,False,,,0.00011477712541818619,0.00020260438468534505,False,True,True,False
2026-08-16 01:58:29,adapter_ctta,grid,monitor,C:/cira_batch_test/grid/good_8.png,good_8.png,normal,False,0.04469791799783707,0.0446777269244194,0.053714152485093335,0.053714152485093335,0.04894002191722393,False,False,16000,True,0.00011753712897188962,True,0.00210770545527339,cpu,patch_nearest_normal,last2,14,0.05,False,,,0.00011856199125759304,0.00020260438468534505,True,True,True,False
2026-08-16 01:58:31,adapter_ctta,grid,monitor,C:/cira_batch_test/grid/bad_10.png,bad_10.png,anomaly,True,0.07223135977983475,0.07223135977983475,0.053714152485093335,0.053714152485093335,0.04894002191722393,False,False,16000,False,,False,0.0,cpu,patch_nearest_normal,last2,14,0.05,False,,,0.000135238457005471,0.00020260438468534505,False,True,True,False
2026-08-16 01:58:32,adapter_ctta,grid,monitor,C:/cira_batch_test/grid/good_3.png,good_3.png,normal,False,0.04668246954679489,0.04668246954679489,0.053714152485093335,0.053714152485093335,0.04894002191722393,False,False,16000,False,,False,0.0,cpu,patch_nearest_normal,last2,14,0.05,False,,,0.00021231042046565562,0.00020260438468534505,True,False,True,False
2026-08-16 01:58:34,adapter_ctta,grid,monitor,C:/cira_batch_test/grid/bad_11.png,bad_11.png,anomaly,True,0.056226104497909546,0.056226104497909546,0.053714152485093335,0.053714152485093335,0.04894002191722393,False,False,16000,False,,False,0.0,cpu,patch_nearest_normal,last2,14,0.05,False,,,0.00017557255341671407,0.00020260438468534505,False,True,True,False
2026-08-16 01:58:35,adapter_ctta,grid,monitor,C:/cira_batch_test/grid/bad_18.png,bad_18.png,anomaly,True,0.060906946659088135,0.060906946659088135,0.053714152485093335,0.053714152485093335,0.04894002191722393,False,False,16000,False,,False,0.0,cpu,patch_nearest_normal,last2,14,0.05,False,,,0.00015401582641061395,0.00020260438468534505,False,True,True,False
2026-08-16 01:58:37,adapter_ctta,grid,monitor,C:/cira_batch_test/grid/good_12.png,good_12.png,normal,False,0.03908165544271469,0.039070285856723785,0.053714152485093335,0.053714152485093335,0.04894002191722393,False,False,16000,True,0.00015719512884970754,True,0.0020743918139487505,cpu,patch_nearest_normal,last2,14,0.05,True,C:\cira_ttl_checkpoints\grid\patch_memory_bank_update_10.pt,C:\cira_ttl_checkpoints\grid\patch_adapter_update_10.pt,0.00015377475938294083,0.00020260438468534505,True,True,True,False
2026-08-16 01:58:39,adapter_ctta,grid,monitor,C:/cira_batch_test/grid/good_17.png,good_17.png,normal,False,0.04379408434033394,0.04379916936159134,0.053714152485093335,0.053714152485093335,0.04894002191722393,False,False,16000,True,0.00019297501421533525,True,0.0020904422271996737,cpu,patch_nearest_normal,last2,14,0.05,False,,,0.00018186046509072185,0.00020260438468534505,True,True,True,False
2026-08-16 01:58:41,adapter_ctta,grid,monitor,C:/cira_batch_test/grid/bad_5.png,bad_5.png,anomaly,True,0.0657229870557785,0.0657229870557785,0.053714152485093335,0.053714152485093335,0.04894002191722393,False,False,16000,False,,False,0.0,cpu,patch_nearest_normal,last2,14,0.05,False,,,0.00013112605665810406,0.00020260438468534505,False,True,True,False
2026-08-16 01:58:43,adapter_ctta,grid,monitor,C:/cira_batch_test/grid/bad_6.png,bad_6.png,normal,False,0.046130456030368805,0.04612939432263374,0.053714152485093335,0.053714152485093335,0.04894002191722393,False,False,16000,True,0.00012818333925679326,True,0.002047704067081213,cpu,patch_nearest_normal,last2,14,0.05,False,,,0.00010862450290005654,0.00020260438468534505,True,True,True,False
2026-08-16 01:58:45,adapter_ctta,grid,monitor,C:/cira_batch_test/grid/bad_7.png,bad_7.png,anomaly,True,0.11462230980396271,0.11462230980396271,0.053714152485093335,0.053714152485093335,0.04894002191722393,False,False,16000,False,,False,0.0,cpu,patch_nearest_normal,last2,14,0.05,False,,,0.00011715629079844803,0.00020260438468534505,False,True,True,False
2026-08-16 01:58:47,adapter_ctta,grid,monitor,C:/cira_batch_test/grid/bad_9.png,bad_9.png,anomaly,True,0.06413353979587555,0.06413353979587555,0.053714152485093335,0.053714152485093335,0.04894002191722393,False,False,16000,False,,False,0.0,cpu,patch_nearest_normal,last2,14,0.05,False,,,0.00012226570106577128,0.00020260438468534505,False,True,True,False
2026-08-16 01:58:49,adapter_ctta,grid,monitor,C:/cira_batch_test/grid/bad_4.png,bad_4.png,anomaly,True,0.09544678777456284,0.09544678777456284,0.053714152485093335,0.053714152485093335,0.04894002191722393,False,False,16000,False,,False,0.0,cpu,patch_nearest_normal,last2,14,0.05,False,,,0.00012092020187992603,0.00020260438468534505,False,True,True,False
2026-08-16 01:58:50,adapter_ctta,grid,monitor,C:/cira_batch_test/grid/bad_2.png,bad_2.png,anomaly,True,0.056340448558330536,0.056340448558330536,0.053714152485093335,0.053714152485093335,0.04894002191722393,False,False,16000,False,,False,0.0,cpu,patch_nearest_normal,last2,14,0.05,False,,,0.00018865759193431586,0.00020260438468534505,False,True,True,False
2026-08-16 01:58:53,adapter_ctta,hazelnut,monitor,C:/cira_batch_test/hazelnut/good_1.png,good_1.png,normal,False,0.10071440041065216,0.10063894093036652,0.11622385221571559,0.11622385221571559,0.11048602908849717,False,False,16000,True,0.0001888315164251253,True,0.0030202672351151705,cpu,patch_nearest_normal,last2,14,0.05,False,,,0.00015865483146626502,0.00018771860486589,True,True,True,False
2026-08-16 01:58:55,adapter_ctta,hazelnut,monitor,C:/cira_batch_test/hazelnut/good_7.png,good_7.png,normal,False,0.10411679744720459,0.10404155403375626,0.11622385221571559,0.11622385221571559,0.11048602908849717,False,False,16000,True,0.00015666255785617977,True,0.0026828120462596416,cpu,patch_nearest_normal,last2,14,0.05,False,,,0.00014066167932469398,0.00018771860486589,True,True,True,False
2026-08-16 01:58:57,adapter_ctta,hazelnut,monitor,C:/cira_batch_test/hazelnut/good_9.png,good_9.png,normal,False,0.10636512190103531,0.10632205009460449,0.11622385221571559,0.11622385221571559,0.11048602908849717,False,False,16000,True,0.00016564478573855013,True,0.0025882681366056204,cpu,patch_nearest_normal,last2,14,0.05,False,,,0.00013971231237519532,0.00018771860486589,True,True,True,False
2026-08-16 01:58:58,adapter_ctta,hazelnut,monitor,C:/cira_batch_test/hazelnut/bad_8.png,bad_8.png,anomaly,True,0.16706117987632751,0.16706117987632751,0.11622385221571559,0.11622385221571559,0.11048602908849717,False,False,16000,False,,False,0.0,cpu,patch_nearest_normal,last2,14,0.05,False,,,0.00016345693438779563,0.00018771860486589,False,True,True,False
2026-08-16 01:59:00,adapter_ctta,hazelnut,monitor,C:/cira_batch_test/hazelnut/bad_1.png,bad_1.png,anomaly,True,0.1604323536157608,0.1604323536157608,0.11622385221571559,0.11622385221571559,0.11048602908849717,False,False,16000,False,,False,0.0,cpu,patch_nearest_normal,last2,14,0.05,False,,,0.0001558992953505367,0.00018771860486589,False,True,True,False
2026-08-16 01:59:01,adapter_ctta,hazelnut,monitor,C:/cira_batch_test/hazelnut/bad_14.png,bad_14.png,anomaly,True,0.20682725310325623,0.20682725310325623,0.11622385221571559,0.11622385221571559,0.11048602908849717,False,False,16000,False,,False,0.0,cpu,patch_nearest_normal,last2,14,0.05,False,,,0.0001393056008964777,0.00018771860486589,False,True,True,False
2026-08-16 01:59:03,adapter_ctta,hazelnut,monitor,C:/cira_batch_test/hazelnut/bad_15.png,bad_15.png,anomaly,True,0.22532907128334045,0.22532907128334045,0.11622385221571559,0.11622385221571559,0.11048602908849717,False,False,16000,False,,False,0.0,cpu,patch_nearest_normal,last2,14,0.05,False,,,0.00012787875311914831,0.00018771860486589,False,True,True,False
2026-08-16 01:59:05,adapter_ctta,hazelnut,monitor,C:/cira_batch_test/hazelnut/good_19.png,good_19.png,normal,False,0.1026213988661766,0.10256974399089813,0.11622385221571559,0.11622385221571559,0.11048602908849717,False,False,16000,True,0.00015454148524440825,True,0.0025354810059070587,cpu,patch_nearest_normal,last2,14,0.05,False,,,0.00013088597916066647,0.00018771860486589,True,True,True,False
2026-08-16 01:59:06,adapter_ctta,hazelnut,monitor,C:/cira_batch_test/hazelnut/bad_3.png,bad_3.png,anomaly,True,0.21241164207458496,0.21241164207458496,0.11622385221571559,0.11622385221571559,0.11048602908849717,False,False,16000,False,,False,0.0,cpu,patch_nearest_normal,last2,14,0.05,False,,,0.0001669436605880037,0.00018771860486589,False,True,True,False
2026-08-16 01:59:08,adapter_ctta,hazelnut,monitor,C:/cira_batch_test/hazelnut/good_5.png,good_5.png,normal,False,0.08752810209989548,0.08748836815357208,0.11622385221571559,0.11622385221571559,0.11048602908849717,False,False,16000,True,0.0001633523788768798,True,0.002506254706531763,cpu,patch_nearest_normal,last2,14,0.05,False,,,0.00013478421897161752,0.00018771860486589,True,True,True,False
2026-08-16 01:59:10,adapter_ctta,hazelnut,monitor,C:/cira_batch_test/hazelnut/good_16.png,good_16.png,normal,False,0.09530342370271683,0.09522612392902374,0.11622385221571559,0.11622385221571559,0.11048602908849717,False,False,16000,True,0.00015786432777531445,True,0.002472790889441967,cpu,patch_nearest_normal,last2,14,0.05,False,,,0.00015285103290807456,0.00018771860486589,True,True,True,False
2026-08-16 01:59:12,adapter_ctta,hazelnut,monitor,C:/cira_batch_test/hazelnut/good_14.png,good_14.png,normal,False,0.09471254795789719,0.09464049339294434,0.11622385221571559,0.11622385221571559,0.11048602908849717,False,False,16000,True,0.00015558369341306388,True,0.002475350396707654,cpu,patch_nearest_normal,last2,14,0.05,False,,,0.00012751275789923966,0.00018771860486589,True,True,True,False
2026-08-16 01:59:14,adapter_ctta,hazelnut,monitor,C:/cira_batch_test/hazelnut/good_2.png,good_2.png,normal,False,0.10596861690282822,0.10592374950647354,0.11622385221571559,0.11622385221571559,0.11048602908849717,False,False,16000,True,0.00016639915702398866,True,0.0024573574773967266,cpu,patch_nearest_normal,last2,14,0.05,False,,,0.00014489545719698071,0.00018771860486589,True,True,True,False
2026-08-16 01:59:16,adapter_ctta,hazelnut,monitor,C:/cira_batch_test/hazelnut/bad_13.png,bad_13.png,anomaly,True,0.1256701946258545,0.1256701946258545,0.11622385221571559,0.11622385221571559,0.11048602908849717,False,False,16000,False,,False,0.0,cpu,patch_nearest_normal,last2,14,0.05,False,,,0.00012986292131245136,0.00018771860486589,False,True,True,False
2026-08-16 01:59:18,adapter_ctta,hazelnut,monitor,C:/cira_batch_test/hazelnut/good_10.png,good_10.png,normal,False,0.10732746124267578,0.10732416063547134,0.11622385221571559,0.11622385221571559,0.11048602908849717,False,False,16000,True,0.0001724151661619544,True,0.002446192316710949,cpu,patch_nearest_normal,last2,14,0.05,False,,,0.00016979787324089557,0.00018771860486589,True,True,True,False
2026-08-16 01:59:20,adapter_ctta,hazelnut,monitor,C:/cira_batch_test/hazelnut/bad_19.png,bad_19.png,anomaly,True,0.12557782232761383,0.12557782232761383,0.11622385221571559,0.11622385221571559,0.11048602908849717,False,False,16000,False,,False,0.0,cpu,patch_nearest_normal,last2,14,0.05,False,,,0.0001222626306116581,0.00018771860486589,False,True,True,False
2026-08-16 01:59:22,adapter_ctta,hazelnut,monitor,C:/cira_batch_test/hazelnut/good_4.png,good_4.png,normal,False,0.09132830798625946,0.09130320698022842,0.11622385221571559,0.11622385221571559,0.11048602908849717,False,False,16000,True,0.00017782476788852364,True,0.0024456919636577368,cpu,patch_nearest_normal,last2,14,0.05,True,C:\cira_ttl_checkpoints\hazelnut\patch_memory_bank_update_10.pt,C:\cira_ttl_checkpoints\hazelnut\patch_adapter_update_10.pt,0.000166052850545384,0.00018771860486589,True,True,True,False
2026-08-16 01:59:23,adapter_ctta,hazelnut,monitor,C:/cira_batch_test/hazelnut/bad_12.png,bad_12.png,anomaly,True,0.12792141735553741,0.12792141735553741,0.11622385221571559,0.11622385221571559,0.11048602908849717,False,False,16000,False,,False,0.0,cpu,patch_nearest_normal,last2,14,0.05,False,,,0.00015962898032739758,0.00018771860486589,False,True,True,False
2026-08-16 01:59:25,adapter_ctta,hazelnut,monitor,C:/cira_batch_test/hazelnut/good_18.png,good_18.png,normal,False,0.09721981734037399,0.09723158180713654,0.11622385221571559,0.11622385221571559,0.11048602908849717,False,False,16000,True,0.00017974678485188633,True,0.002428234787657857,cpu,patch_nearest_normal,last2,14,0.05,False,,,0.00015530016389675438,0.00018771860486589,True,True,True,False
2026-08-16 01:59:27,adapter_ctta,hazelnut,monitor,C:/cira_batch_test/hazelnut/bad_16.png,bad_16.png,anomaly,True,0.24211160838603973,0.24211160838603973,0.11622385221571559,0.11622385221571559,0.11048602908849717,False,False,16000,False,,False,0.0,cpu,patch_nearest_normal,last2,14,0.05,False,,,0.00012372908531688154,0.00018771860486589,False,True,True,False
2026-08-16 01:59:28,adapter_ctta,hazelnut,monitor,C:/cira_batch_test/hazelnut/good_6.png,good_6.png,anomaly,True,0.12118430435657501,0.12118430435657501,0.11622385221571559,0.11622385221571559,0.11048602908849717,False,False,16000,False,,False,0.0,cpu,patch_nearest_normal,last2,14,0.05,False,,,0.00012438290286809206,0.00018771860486589,False,True,True,False
2026-08-16 01:59:30,adapter_ctta,hazelnut,monitor,C:/cira_batch_test/hazelnut/good_13.png,good_13.png,normal,False,0.09434014558792114,0.09431270509958267,0.11622385221571559,0.11622385221571559,0.11048602908849717,False,False,16000,True,0.00016318567213602364,True,0.0024148200172930956,cpu,patch_nearest_normal,last2,14,0.05,False,,,0.00014543258293997496,0.00018771860486589,True,True,True,False
2026-08-16 01:59:32,adapter_ctta,hazelnut,monitor,C:/cira_batch_test/hazelnut/good_15.png,good_15.png,normal,False,0.10204567760229111,0.10204292833805084,0.11622385221571559,0.11622385221571559,0.11048602908849717,False,False,16000,True,0.00016101017536129802,True,0.0024023347068578005,cpu,patch_nearest_normal,last2,14,0.05,False,,,0.0001600985269760713,0.00018771860486589,True,True,True,False
2026-08-16 01:59:34,adapter_ctta,hazelnut,monitor,C:/cira_batch_test/hazelnut/good_20.png,good_20.png,normal,False,0.10262922942638397,0.10256574302911758,0.11622385221571559,0.11622385221571559,0.11048602908849717,False,False,16000,True,0.00016927490651141852,True,0.0023952426854521036,cpu,patch_nearest_normal,last2,14,0.05,False,,,0.0001407342788297683,0.00018771860486589,True,True,True,False
2026-08-16 01:59:35,adapter_ctta,hazelnut,monitor,C:/cira_batch_test/hazelnut/bad_17.png,bad_17.png,anomaly,True,0.21543559432029724,0.21543559432029724,0.11622385221571559,0.11622385221571559,0.11048602908849717,False,False,16000,False,,False,0.0,cpu,patch_nearest_normal,last2,14,0.05,False,,,0.0001260074641322717,0.00018771860486589,False,True,True,False
2026-08-16 01:59:37,adapter_ctta,hazelnut,monitor,C:/cira_batch_test/hazelnut/good_11.png,good_11.png,normal,False,0.1033935546875,0.10333726555109024,0.11622385221571559,0.11622385221571559,0.11048602908849717,False,False,16000,True,0.0001649698242545128,True,0.0023894852492958307,cpu,patch_nearest_normal,last2,14,0.05,False,,,0.00015324838750530034,0.00018771860486589,True,True,True,False
2026-08-16 01:59:39,adapter_ctta,hazelnut,monitor,C:/cira_batch_test/hazelnut/bad_20.png,bad_20.png,anomaly,True,0.22975103557109833,0.22975103557109833,0.11622385221571559,0.11622385221571559,0.11048602908849717,False,False,16000,False,,False,0.0,cpu,patch_nearest_normal,last2,14,0.05,False,,,0.00014100049156695604,0.00018771860486589,False,True,True,False
2026-08-16 01:59:41,adapter_ctta,hazelnut,monitor,C:/cira_batch_test/hazelnut/good_8.png,good_8.png,normal,False,0.10971532016992569,0.10972603410482407,0.11622385221571559,0.11622385221571559,0.11048602908849717,False,False,16000,True,0.00015670833818148822,True,0.002388493623584509,cpu,patch_nearest_normal,last2,14,0.05,False,,,0.00014303399075288326,0.00018771860486589,True,True,True,False
2026-08-16 01:59:42,adapter_ctta,hazelnut,monitor,C:/cira_batch_test/hazelnut/bad_10.png,bad_10.png,anomaly,True,0.23855963349342346,0.23855963349342346,0.11622385221571559,0.11622385221571559,0.11048602908849717,False,False,16000,False,,False,0.0,cpu,patch_nearest_normal,last2,14,0.05,False,,,0.00013823111657984555,0.00018771860486589,False,True,True,False
2026-08-16 01:59:44,adapter_ctta,hazelnut,monitor,C:/cira_batch_test/hazelnut/good_3.png,good_3.png,normal,False,0.10756516456604004,0.10753250122070312,0.11622385221571559,0.11622385221571559,0.11048602908849717,False,False,16000,True,0.00014421202649828047,True,0.0023796791210770607,cpu,patch_nearest_normal,last2,14,0.05,False,,,0.0001398836902808398,0.00018771860486589,True,True,True,False
2026-08-16 01:59:45,adapter_ctta,hazelnut,monitor,C:/cira_batch_test/hazelnut/bad_11.png,bad_11.png,anomaly,True,0.20414285361766815,0.20414285361766815,0.11622385221571559,0.11622385221571559,0.11048602908849717,False,False,16000,False,,False,0.0,cpu,patch_nearest_normal,last2,14,0.05,False,,,0.0001528951252112165,0.00018771860486589,False,True,True,False
2026-08-16 01:59:47,adapter_ctta,hazelnut,monitor,C:/cira_batch_test/hazelnut/bad_18.png,bad_18.png,anomaly,True,0.21972770988941193,0.21972770988941193,0.11622385221571559,0.11622385221571559,0.11048602908849717,False,False,16000,False,,False,0.0,cpu,patch_nearest_normal,last2,14,0.05,False,,,0.0001562283287057653,0.00018771860486589,False,True,True,False
2026-08-16 01:59:49,adapter_ctta,hazelnut,monitor,C:/cira_batch_test/hazelnut/good_12.png,good_12.png,normal,False,0.09694165736436844,0.09692276269197464,0.11622385221571559,0.11622385221571559,0.11048602908849717,False,False,16000,True,0.0001852602290455252,True,0.0023838095366954803,cpu,patch_nearest_normal,last2,14,0.05,False,,,0.00014966283924877644,0.00018771860486589,True,True,True,False
2026-08-16 01:59:50,adapter_ctta,hazelnut,monitor,C:/cira_batch_test/hazelnut/good_17.png,good_17.png,normal,False,0.11099131405353546,0.11099131405353546,0.11622385221571559,0.11622385221571559,0.11048602908849717,False,False,16000,False,,False,0.0,cpu,patch_nearest_normal,last2,14,0.05,False,,,0.00016656327352393419,0.00018771860486589,False,True,True,False
2026-08-16 01:59:52,adapter_ctta,hazelnut,monitor,C:/cira_batch_test/hazelnut/bad_5.png,bad_5.png,anomaly,True,0.16471180319786072,0.16471180319786072,0.11622385221571559,0.11622385221571559,0.11048602908849717,False,False,16000,False,,False,0.0,cpu,patch_nearest_normal,last2,14,0.05,False,,,0.00015016351244412363,0.00018771860486589,False,True,True,False
2026-08-16 01:59:53,adapter_ctta,hazelnut,monitor,C:/cira_batch_test/hazelnut/bad_6.png,bad_6.png,anomaly,True,0.20074597001075745,0.20074597001075745,0.11622385221571559,0.11622385221571559,0.11048602908849717,False,False,16000,False,,False,0.0,cpu,patch_nearest_normal,last2,14,0.05,False,,,0.00012884617899544537,0.00018771860486589,False,True,True,False
2026-08-16 01:59:55,adapter_ctta,hazelnut,monitor,C:/cira_batch_test/hazelnut/bad_7.png,bad_7.png,anomaly,True,0.20158815383911133,0.20158815383911133,0.11622385221571559,0.11622385221571559,0.11048602908849717,False,False,16000,False,,False,0.0,cpu,patch_nearest_normal,last2,14,0.05,False,,,0.0001178988823085092,0.00018771860486589,False,True,True,False
2026-08-16 01:59:59,adapter_ctta,hazelnut,monitor,C:/cira_batch_test/hazelnut/bad_9.png,bad_9.png,anomaly,True,0.15007926523685455,0.15007926523685455,0.11622385221571559,0.11622385221571559,0.11048602908849717,False,False,16000,False,,False,0.0,cpu,patch_nearest_normal,last2,14,0.05,False,,,0.00014355535677168518,0.00018771860486589,False,True,True,False
2026-08-16 02:00:00,adapter_ctta,hazelnut,monitor,C:/cira_batch_test/hazelnut/bad_4.png,bad_4.png,anomaly,True,0.20684592425823212,0.20684592425823212,0.11622385221571559,0.11622385221571559,0.11048602908849717,False,False,16000,False,,False,0.0,cpu,patch_nearest_normal,last2,14,0.05,False,,,0.00013280411076266319,0.00018771860486589,False,True,True,False
2026-08-16 02:00:02,adapter_ctta,hazelnut,monitor,C:/cira_batch_test/hazelnut/bad_2.png,bad_2.png,anomaly,True,0.19623306393623352,0.19623306393623352,0.11622385221571559,0.11622385221571559,0.11048602908849717,False,False,16000,False,,False,0.0,cpu,patch_nearest_normal,last2,14,0.05,False,,,0.00016271299682557583,0.00018771860486589,False,True,True,False
2026-08-16 02:00:04,adapter_ctta,leather,monitor,C:/cira_batch_test/leather/good_1.png,good_1.png,anomaly,True,0.035275984555482864,0.035275984555482864,0.03417175290126485,0.03417175290126485,0.030724090337753297,False,False,16000,False,,False,0.0,cpu,patch_nearest_normal,last2,14,0.05,False,,,0.00011395508772693574,0.000215753776865275,False,True,True,False
2026-08-16 02:00:06,adapter_ctta,leather,monitor,C:/cira_batch_test/leather/good_7.png,good_7.png,anomaly,True,0.036726582795381546,0.036726582795381546,0.03417175290126485,0.03417175290126485,0.030724090337753297,False,False,16000,False,,False,0.0,cpu,patch_nearest_normal,last2,14,0.05,False,,,0.00011899818491656333,0.000215753776865275,False,True,True,False
2026-08-16 02:00:07,adapter_ctta,leather,monitor,C:/cira_batch_test/leather/good_9.png,good_9.png,anomaly,True,0.035586826503276825,0.035586826503276825,0.03417175290126485,0.03417175290126485,0.030724090337753297,False,False,16000,False,,False,0.0,cpu,patch_nearest_normal,last2,14,0.05,False,,,0.000129179228679277,0.000215753776865275,False,True,True,False
2026-08-16 02:00:09,adapter_ctta,leather,monitor,C:/cira_batch_test/leather/bad_8.png,bad_8.png,anomaly,True,0.04029615595936775,0.04029615595936775,0.03417175290126485,0.03417175290126485,0.030724090337753297,False,False,16000,False,,False,0.0,cpu,patch_nearest_normal,last2,14,0.05,False,,,0.00017306212976109236,0.000215753776865275,False,True,True,False
2026-08-16 02:00:10,adapter_ctta,leather,monitor,C:/cira_batch_test/leather/bad_1.png,bad_1.png,anomaly,True,0.051475733518600464,0.051475733518600464,0.03417175290126485,0.03417175290126485,0.030724090337753297,False,False,16000,False,,False,0.0,cpu,patch_nearest_normal,last2,14,0.05,False,,,0.00013889168621972203,0.000215753776865275,False,True,True,False
2026-08-16 02:00:12,adapter_ctta,leather,monitor,C:/cira_batch_test/leather/bad_14.png,bad_14.png,anomaly,True,0.3577588200569153,0.3577588200569153,0.03417175290126485,0.03417175290126485,0.030724090337753297,False,False,16000,False,,False,0.0,cpu,patch_nearest_normal,last2,14,0.05,False,,,0.00010869779362110421,0.000215753776865275,False,True,True,False
2026-08-16 02:00:13,adapter_ctta,leather,monitor,C:/cira_batch_test/leather/bad_15.png,bad_15.png,anomaly,True,0.13468047976493835,0.13468047976493835,0.03417175290126485,0.03417175290126485,0.030724090337753297,False,False,16000,False,,False,0.0,cpu,patch_nearest_normal,last2,14,0.05,False,,,0.00012281489034648985,0.000215753776865275,False,True,True,False
2026-08-16 02:00:15,adapter_ctta,leather,monitor,C:/cira_batch_test/leather/good_19.png,good_19.png,normal,False,0.03140809014439583,0.03140809014439583,0.03417175290126485,0.03417175290126485,0.030724090337753297,False,False,16000,False,,False,0.0,cpu,patch_nearest_normal,last2,14,0.05,False,,,0.00013872867566533387,0.000215753776865275,False,True,True,False
2026-08-16 02:00:17,adapter_ctta,leather,monitor,C:/cira_batch_test/leather/bad_3.png,bad_3.png,anomaly,True,0.375313937664032,0.375313937664032,0.03417175290126485,0.03417175290126485,0.030724090337753297,False,False,16000,False,,False,0.0,cpu,patch_nearest_normal,last2,14,0.05,False,,,0.0001749620569171384,0.000215753776865275,False,True,True,False
2026-08-16 02:00:18,adapter_ctta,leather,monitor,C:/cira_batch_test/leather/good_5.png,good_5.png,anomaly,True,0.03432568162679672,0.03432568162679672,0.03417175290126485,0.03417175290126485,0.030724090337753297,False,False,16000,False,,False,0.0,cpu,patch_nearest_normal,last2,14,0.05,False,,,0.00011680843454087153,0.000215753776865275,False,True,True,False
2026-08-16 02:00:20,adapter_ctta,leather,monitor,C:/cira_batch_test/leather/good_16.png,good_16.png,anomaly,True,0.03431837633252144,0.03431837633252144,0.03417175290126485,0.03417175290126485,0.030724090337753297,False,False,16000,False,,False,0.0,cpu,patch_nearest_normal,last2,14,0.05,False,,,0.00014318116882350296,0.000215753776865275,False,True,True,False
2026-08-16 02:00:21,adapter_ctta,leather,monitor,C:/cira_batch_test/leather/good_14.png,good_14.png,anomaly,True,0.04789183288812637,0.04789183288812637,0.03417175290126485,0.03417175290126485,0.030724090337753297,False,False,16000,False,,False,0.0,cpu,patch_nearest_normal,last2,14,0.05,False,,,0.00011265424109296873,0.000215753776865275,False,True,True,False
2026-08-16 02:00:23,adapter_ctta,leather,monitor,C:/cira_batch_test/leather/good_2.png,good_2.png,anomaly,True,0.03596530482172966,0.03596530482172966,0.03417175290126485,0.03417175290126485,0.030724090337753297,False,False,16000,False,,False,0.0,cpu,patch_nearest_normal,last2,14,0.05,False,,,0.00010905956150963902,0.000215753776865275,False,True,True,False
2026-08-16 02:00:24,adapter_ctta,leather,monitor,C:/cira_batch_test/leather/bad_13.png,bad_13.png,anomaly,True,0.0342017225921154,0.0342017225921154,0.03417175290126485,0.03417175290126485,0.030724090337753297,False,False,16000,False,,False,0.0,cpu,patch_nearest_normal,last2,14,0.05,False,,,0.00012529583182185888,0.000215753776865275,False,True,True,False
2026-08-16 02:00:26,adapter_ctta,leather,monitor,C:/cira_batch_test/leather/good_10.png,good_10.png,anomaly,True,0.034913837909698486,0.034913837909698486,0.03417175290126485,0.03417175290126485,0.030724090337753297,False,False,16000,False,,False,0.0,cpu,patch_nearest_normal,last2,14,0.05,False,,,0.0001265061437152326,0.000215753776865275,False,True,True,False
2026-08-16 02:00:28,adapter_ctta,leather,monitor,C:/cira_batch_test/leather/bad_19.png,bad_19.png,normal,False,0.03212640434503555,0.03212640434503555,0.03417175290126485,0.03417175290126485,0.030724090337753297,False,False,16000,False,,False,0.0,cpu,patch_nearest_normal,last2,14,0.05,False,,,0.00017986969032790512,0.000215753776865275,False,True,True,False
2026-08-16 02:00:29,adapter_ctta,leather,monitor,C:/cira_batch_test/leather/good_4.png,good_4.png,anomaly,True,0.037792980670928955,0.037792980670928955,0.03417175290126485,0.03417175290126485,0.030724090337753297,False,False,16000,False,,False,0.0,cpu,patch_nearest_normal,last2,14,0.05,False,,,0.00011291942064417526,0.000215753776865275,False,True,True,False
2026-08-16 02:00:31,adapter_ctta,leather,monitor,C:/cira_batch_test/leather/bad_12.png,bad_12.png,anomaly,True,0.37309738993644714,0.37309738993644714,0.03417175290126485,0.03417175290126485,0.030724090337753297,False,False,16000,False,,False,0.0,cpu,patch_nearest_normal,last2,14,0.05,False,,,0.00011865270062116906,0.000215753776865275,False,True,True,False
2026-08-16 02:00:32,adapter_ctta,leather,monitor,C:/cira_batch_test/leather/good_18.png,good_18.png,normal,False,0.03228149563074112,0.03228149563074112,0.03417175290126485,0.03417175290126485,0.030724090337753297,False,False,16000,False,,False,0.0,cpu,patch_nearest_normal,last2,14,0.05,False,,,0.0001354588894173503,0.000215753776865275,False,True,True,False
2026-08-16 02:00:34,adapter_ctta,leather,monitor,C:/cira_batch_test/leather/bad_16.png,bad_16.png,anomaly,True,0.041029274463653564,0.041029274463653564,0.03417175290126485,0.03417175290126485,0.030724090337753297,False,False,16000,False,,False,0.0,cpu,patch_nearest_normal,last2,14,0.05,False,,,0.0001197487217723392,0.000215753776865275,False,True,True,False
2026-08-16 02:00:35,adapter_ctta,leather,monitor,C:/cira_batch_test/leather/good_6.png,good_6.png,anomaly,True,0.03634696081280708,0.03634696081280708,0.03417175290126485,0.03417175290126485,0.030724090337753297,False,False,16000,False,,False,0.0,cpu,patch_nearest_normal,last2,14,0.05,False,,,0.0001382817717967555,0.000215753776865275,False,True,True,False
2026-08-16 02:00:37,adapter_ctta,leather,monitor,C:/cira_batch_test/leather/good_13.png,good_13.png,anomaly,True,0.04109293967485428,0.04109293967485428,0.03417175290126485,0.03417175290126485,0.030724090337753297,False,False,16000,False,,False,0.0,cpu,patch_nearest_normal,last2,14,0.05,False,,,0.00012311188038438559,0.000215753776865275,False,True,True,False
2026-08-16 02:00:39,adapter_ctta,leather,monitor,C:/cira_batch_test/leather/good_15.png,good_15.png,normal,False,0.027622688561677933,0.027566885575652122,0.03417175290126485,0.03417175290126485,0.030724090337753297,False,False,16000,True,0.00017113461217377335,True,0.0030262679792940617,cpu,patch_nearest_normal,last2,14,0.05,False,,,0.00015789803001098335,0.000215753776865275,True,True,True,False
2026-08-16 02:00:40,adapter_ctta,leather,monitor,C:/cira_batch_test/leather/good_20.png,good_20.png,anomaly,True,0.03876872733235359,0.03876872733235359,0.03417175290126485,0.03417175290126485,0.030724090337753297,False,False,16000,False,,False,0.0,cpu,patch_nearest_normal,last2,14,0.05,False,,,0.0001292180095333606,0.000215753776865275,False,True,True,False
2026-08-16 02:00:42,adapter_ctta,leather,monitor,C:/cira_batch_test/leather/bad_17.png,bad_17.png,anomaly,True,0.2423124611377716,0.2423124611377716,0.03417175290126485,0.03417175290126485,0.030724090337753297,False,False,16000,False,,False,0.0,cpu,patch_nearest_normal,last2,14,0.05,False,,,0.00018892786465585232,0.000215753776865275,False,True,True,False
2026-08-16 02:00:43,adapter_ctta,leather,monitor,C:/cira_batch_test/leather/good_11.png,good_11.png,anomaly,True,0.04053246229887009,0.04053246229887009,0.03417175290126485,0.03417175290126485,0.030724090337753297,False,False,16000,False,,False,0.0,cpu,patch_nearest_normal,last2,14,0.05,False,,,0.00011085437290603295,0.000215753776865275,False,True,True,False
2026-08-16 02:00:45,adapter_ctta,leather,monitor,C:/cira_batch_test/leather/bad_20.png,bad_20.png,anomaly,True,0.10159897804260254,0.10159897804260254,0.03417175290126485,0.03417175290126485,0.030724090337753297,False,False,16000,False,,False,0.0,cpu,patch_nearest_normal,last2,14,0.05,False,,,0.00017288686649408191,0.000215753776865275,False,True,True,False
2026-08-16 02:00:47,adapter_ctta,leather,monitor,C:/cira_batch_test/leather/good_8.png,good_8.png,anomaly,True,0.03535880893468857,0.03535880893468857,0.03417175290126485,0.03417175290126485,0.030724090337753297,False,False,16000,False,,False,0.0,cpu,patch_nearest_normal,last2,14,0.05,False,,,0.0001242153230123222,0.000215753776865275,False,True,True,False
2026-08-16 02:00:48,adapter_ctta,leather,monitor,C:/cira_batch_test/leather/bad_10.png,bad_10.png,anomaly,True,0.0820840373635292,0.0820840373635292,0.03417175290126485,0.03417175290126485,0.030724090337753297,False,False,16000,False,,False,0.0,cpu,patch_nearest_normal,last2,14,0.05,False,,,0.00012957768922206014,0.000215753776865275,False,True,True,False
2026-08-16 02:00:50,adapter_ctta,leather,monitor,C:/cira_batch_test/leather/good_3.png,good_3.png,anomaly,True,0.03651198744773865,0.03651198744773865,0.03417175290126485,0.03417175290126485,0.030724090337753297,False,False,16000,False,,False,0.0,cpu,patch_nearest_normal,last2,14,0.05,False,,,0.00012467309716157615,0.000215753776865275,False,True,True,False
2026-08-16 02:00:51,adapter_ctta,leather,monitor,C:/cira_batch_test/leather/bad_11.png,bad_11.png,anomaly,True,0.38761645555496216,0.38761645555496216,0.03417175290126485,0.03417175290126485,0.030724090337753297,False,False,16000,False,,False,0.0,cpu,patch_nearest_normal,last2,14,0.05,False,,,0.00017296984151471406,0.000215753776865275,False,True,True,False
2026-08-16 02:00:53,adapter_ctta,leather,monitor,C:/cira_batch_test/leather/bad_18.png,bad_18.png,anomaly,True,0.036382339894771576,0.036382339894771576,0.03417175290126485,0.03417175290126485,0.030724090337753297,False,False,16000,False,,False,0.0,cpu,patch_nearest_normal,last2,14,0.05,False,,,0.00011677385919028893,0.000215753776865275,False,True,True,False
2026-08-16 02:00:54,adapter_ctta,leather,monitor,C:/cira_batch_test/leather/good_12.png,good_12.png,anomaly,True,0.04199283570051193,0.04199283570051193,0.03417175290126485,0.03417175290126485,0.030724090337753297,False,False,16000,False,,False,0.0,cpu,patch_nearest_normal,last2,14,0.05,False,,,0.00010320510773453861,0.000215753776865275,False,True,True,False
2026-08-16 02:00:56,adapter_ctta,leather,monitor,C:/cira_batch_test/leather/good_17.png,good_17.png,normal,False,0.030567724257707596,0.030554180964827538,0.03417175290126485,0.03417175290126485,0.030724090337753297,False,False,16000,True,0.0001409124379279092,True,0.0028376432601362467,cpu,patch_nearest_normal,last2,14,0.05,False,,,0.000135561334900558,0.000215753776865275,True,True,True,False
2026-08-16 02:00:58,adapter_ctta,leather,monitor,C:/cira_batch_test/leather/bad_5.png,bad_5.png,anomaly,True,0.044398676604032516,0.044398676604032516,0.03417175290126485,0.03417175290126485,0.030724090337753297,False,False,16000,False,,False,0.0,cpu,patch_nearest_normal,last2,14,0.05,False,,,0.00012404854351188987,0.000215753776865275,False,True,True,False
2026-08-16 02:00:59,adapter_ctta,leather,monitor,C:/cira_batch_test/leather/bad_6.png,bad_6.png,anomaly,True,0.03696177527308464,0.03696177527308464,0.03417175290126485,0.03417175290126485,0.030724090337753297,False,False,16000,False,,False,0.0,cpu,patch_nearest_normal,last2,14,0.05,False,,,0.00012789799075108021,0.000215753776865275,False,True,True,False
2026-08-16 02:01:01,adapter_ctta,leather,monitor,C:/cira_batch_test/leather/bad_7.png,bad_7.png,anomaly,True,0.1898578554391861,0.1898578554391861,0.03417175290126485,0.03417175290126485,0.030724090337753297,False,False,16000,False,,False,0.0,cpu,patch_nearest_normal,last2,14,0.05,False,,,0.00014564109733328223,0.000215753776865275,False,True,True,False
2026-08-16 02:01:02,adapter_ctta,leather,monitor,C:/cira_batch_test/leather/bad_9.png,bad_9.png,anomaly,True,0.03598681092262268,0.03598681092262268,0.03417175290126485,0.03417175290126485,0.030724090337753297,False,False,16000,False,,False,0.0,cpu,patch_nearest_normal,last2,14,0.05,False,,,0.00013304187450557947,0.000215753776865275,False,True,True,False
2026-08-16 02:01:04,adapter_ctta,leather,monitor,C:/cira_batch_test/leather/bad_4.png,bad_4.png,anomaly,True,0.0733855664730072,0.0733855664730072,0.03417175290126485,0.03417175290126485,0.030724090337753297,False,False,16000,False,,False,0.0,cpu,patch_nearest_normal,last2,14,0.05,False,,,0.00015324281412176788,0.000215753776865275,False,True,True,False
2026-08-16 02:01:06,adapter_ctta,leather,monitor,C:/cira_batch_test/leather/bad_2.png,bad_2.png,anomaly,True,0.26911312341690063,0.26911312341690063,0.03417175290126485,0.03417175290126485,0.030724090337753297,False,False,16000,False,,False,0.0,cpu,patch_nearest_normal,last2,14,0.05,False,,,9.671911539044231e-05,0.000215753776865275,False,True,True,False
2026-08-16 02:01:08,adapter_ctta,metal_nut,monitor,C:/cira_batch_test/metal_nut/good_1.png,good_1.png,normal,False,0.05869795009493828,0.058707017451524734,0.07371339670893942,0.07371339670893942,0.06968219578266144,False,False,16000,True,0.00010002437193179503,True,0.002979146782308817,cpu,patch_nearest_normal,last2,14,0.05,False,,,8.1871789006982e-05,0.00010222778946618,True,True,True,False
2026-08-16 02:01:09,adapter_ctta,metal_nut,monitor,C:/cira_batch_test/metal_nut/good_7.png,good_7.png,normal,False,0.06683587282896042,0.06683587282896042,0.07371339670893942,0.07371339670893942,0.06968219578266144,False,False,16000,False,,False,0.0,cpu,patch_nearest_normal,last2,14,0.05,False,,,0.00010296684195054695,0.00010222778946618,True,False,True,False
2026-08-16 02:01:11,adapter_ctta,metal_nut,monitor,C:/cira_batch_test/metal_nut/good_9.png,good_9.png,anomaly,True,0.08021338284015656,0.08021338284015656,0.07371339670893942,0.07371339670893942,0.06968219578266144,False,False,16000,False,,False,0.0,cpu,patch_nearest_normal,last2,14,0.05,False,,,0.00010609742457745597,0.00010222778946618,False,False,True,False
2026-08-16 02:01:12,adapter_ctta,metal_nut,monitor,C:/cira_batch_test/metal_nut/bad_8.png,bad_8.png,anomaly,True,0.16765795648097992,0.16765795648097992,0.07371339670893942,0.07371339670893942,0.06968219578266144,False,False,16000,False,,False,0.0,cpu,patch_nearest_normal,last2,14,0.05,False,,,0.00013060301716905087,0.00010222778946618,False,False,True,False
2026-08-16 02:01:14,adapter_ctta,metal_nut,monitor,C:/cira_batch_test/metal_nut/bad_1.png,bad_1.png,anomaly,True,0.12024421989917755,0.12024421989917755,0.07371339670893942,0.07371339670893942,0.06968219578266144,False,False,16000,False,,False,0.0,cpu,patch_nearest_normal,last2,14,0.05,False,,,0.00010773308895295486,0.00010222778946618,False,False,True,False
2026-08-16 02:01:15,adapter_ctta,metal_nut,monitor,C:/cira_batch_test/metal_nut/bad_14.png,bad_14.png,anomaly,True,0.16343021392822266,0.16343021392822266,0.07371339670893942,0.07371339670893942,0.06968219578266144,False,False,16000,False,,False,0.0,cpu,patch_nearest_normal,last2,14,0.05,False,,,0.00010202001431025565,0.00010222778946618,False,True,True,False
2026-08-16 02:01:17,adapter_ctta,metal_nut,monitor,C:/cira_batch_test/metal_nut/bad_15.png,bad_15.png,anomaly,True,0.16557541489601135,0.16557541489601135,0.07371339670893942,0.07371339670893942,0.06968219578266144,False,False,16000,False,,False,0.0,cpu,patch_nearest_normal,last2,14,0.05,False,,,0.00012869981583207846,0.00010222778946618,False,False,True,False
2026-08-16 02:01:18,adapter_ctta,metal_nut,monitor,C:/cira_batch_test/metal_nut/good_19.png,good_19.png,normal,False,0.052164994180202484,0.052139125764369965,0.07371339670893942,0.07371339670893942,0.06968219578266144,False,False,16000,True,0.00012439228885341436,True,0.0026523303240537643,cpu,patch_nearest_normal,last2,14,0.05,False,,,0.00010086563997901976,0.00010222778946618,True,True,True,False
2026-08-16 02:01:20,adapter_ctta,metal_nut,monitor,C:/cira_batch_test/metal_nut/bad_3.png,bad_3.png,anomaly,True,0.1497369110584259,0.1497369110584259,0.07371339670893942,0.07371339670893942,0.06968219578266144,False,False,16000,False,,False,0.0,cpu,patch_nearest_normal,last2,14,0.05,False,,,0.00010531447333050892,0.00010222778946618,False,False,True,False
2026-08-16 02:01:22,adapter_ctta,metal_nut,monitor,C:/cira_batch_test/metal_nut/good_5.png,good_5.png,normal,False,0.060821741819381714,0.06084921956062317,0.07371339670893942,0.07371339670893942,0.06968219578266144,False,False,16000,True,0.00010936304897768423,True,0.002569206291809678,cpu,patch_nearest_normal,last2,14,0.05,False,,,8.923473069444299e-05,0.00010222778946618,True,True,True,False
2026-08-16 02:01:23,adapter_ctta,metal_nut,monitor,C:/cira_batch_test/metal_nut/good_16.png,good_16.png,normal,False,0.06987608969211578,0.06987608969211578,0.07371339670893942,0.07371339670893942,0.06968219578266144,False,False,16000,False,,False,0.0,cpu,patch_nearest_normal,last2,14,0.05,False,,,9.220739593729377e-05,0.00010222778946618,False,True,True,False
2026-08-16 02:01:24,adapter_ctta,metal_nut,monitor,C:/cira_batch_test/metal_nut/good_14.png,good_14.png,normal,False,0.07092486321926117,0.07092486321926117,0.07371339670893942,0.07371339670893942,0.06968219578266144,False,False,16000,False,,False,0.0,cpu,patch_nearest_normal,last2,14,0.05,False,,,9.117290755966678e-05,0.00010222778946618,False,True,True,False
2026-08-16 02:01:26,adapter_ctta,metal_nut,monitor,C:/cira_batch_test/metal_nut/good_2.png,good_2.png,normal,False,0.06124744564294815,0.06122969463467598,0.07371339670893942,0.07371339670893942,0.06968219578266144,False,False,16000,True,0.0001095909537980333,True,0.0025490019470453262,cpu,patch_nearest_normal,last2,14,0.05,False,,,0.00010014585132012144,0.00010222778946618,True,True,True,False
2026-08-16 02:01:28,adapter_ctta,metal_nut,monitor,C:/cira_batch_test/metal_nut/bad_13.png,bad_13.png,anomaly,True,0.18722759187221527,0.18722759187221527,0.07371339670893942,0.07371339670893942,0.06968219578266144,False,False,16000,False,,False,0.0,cpu,patch_nearest_normal,last2,14,0.05,False,,,0.0001045645258272998,0.00010222778946618,False,False,True,False
2026-08-16 02:01:29,adapter_ctta,metal_nut,monitor,C:/cira_batch_test/metal_nut/good_10.png,good_10.png,anomaly,True,0.0741807073354721,0.0741807073354721,0.07371339670893942,0.07371339670893942,0.06968219578266144,False,False,16000,False,,False,0.0,cpu,patch_nearest_normal,last2,14,0.05,False,,,8.458469528704882e-05,0.00010222778946618,False,True,True,False
2026-08-16 02:01:31,adapter_ctta,metal_nut,monitor,C:/cira_batch_test/metal_nut/bad_19.png,bad_19.png,anomaly,True,0.1579088419675827,0.1579088419675827,0.07371339670893942,0.07371339670893942,0.06968219578266144,False,False,16000,False,,False,0.0,cpu,patch_nearest_normal,last2,14,0.05,False,,,0.0001298268762184307,0.00010222778946618,False,False,True,False
2026-08-16 02:01:32,adapter_ctta,metal_nut,monitor,C:/cira_batch_test/metal_nut/good_4.png,good_4.png,normal,False,0.061132632195949554,0.061125241219997406,0.07371339670893942,0.07371339670893942,0.06968219578266144,False,False,16000,True,0.00010917073086602613,True,0.002506539924070239,cpu,patch_nearest_normal,last2,14,0.05,False,,,9.209871495841071e-05,0.00010222778946618,True,True,True,False
2026-08-16 02:01:34,adapter_ctta,metal_nut,monitor,C:/cira_batch_test/metal_nut/bad_12.png,bad_12.png,anomaly,True,0.11933674663305283,0.11933674663305283,0.07371339670893942,0.07371339670893942,0.06968219578266144,False,False,16000,False,,False,0.0,cpu,patch_nearest_normal,last2,14,0.05,False,,,9.833633521338925e-05,0.00010222778946618,False,True,True,False
2026-08-16 02:01:35,adapter_ctta,metal_nut,monitor,C:/cira_batch_test/metal_nut/good_18.png,good_18.png,normal,False,0.06112341210246086,0.06112341210246086,0.07371339670893942,0.07371339670893942,0.06968219578266144,False,False,16000,False,,False,0.0,cpu,patch_nearest_normal,last2,14,0.05,False,,,0.00010270153143210337,0.00010222778946618,True,False,True,False
2026-08-16 02:01:37,adapter_ctta,metal_nut,monitor,C:/cira_batch_test/metal_nut/bad_16.png,bad_16.png,anomaly,True,0.18633563816547394,0.18633563816547394,0.07371339670893942,0.07371339670893942,0.06968219578266144,False,False,16000,False,,False,0.0,cpu,patch_nearest_normal,last2,14,0.05,False,,,0.00010735758405644447,0.00010222778946618,False,False,True,False
2026-08-16 02:01:38,adapter_ctta,metal_nut,monitor,C:/cira_batch_test/metal_nut/good_6.png,good_6.png,normal,False,0.06672055274248123,0.06673777848482132,0.07371339670893942,0.07371339670893942,0.06968219578266144,False,False,16000,True,0.00011579652345972136,True,0.002504162723198533,cpu,patch_nearest_normal,last2,14,0.05,False,,,9.939130541170016e-05,0.00010222778946618,True,True,True,False
2026-08-16 02:01:40,adapter_ctta,metal_nut,monitor,C:/cira_batch_test/metal_nut/good_13.png,good_13.png,normal,False,0.06872978061437607,0.06873784959316254,0.07371339670893942,0.07371339670893942,0.06968219578266144,False,False,16000,True,9.939158917404711e-05,True,0.0024658970069140196,cpu,patch_nearest_normal,last2,14,0.05,False,,,8.632159733679146e-05,0.00010222778946618,True,True,True,False
2026-08-16 02:01:41,adapter_ctta,metal_nut,monitor,C:/cira_batch_test/metal_nut/good_15.png,good_15.png,normal,False,0.0599193349480629,0.05997120216488838,0.07371339670893942,0.07371339670893942,0.06968219578266144,False,False,16000,True,0.00011712673585861921,True,0.0024569351226091385,cpu,patch_nearest_normal,last2,14,0.05,False,,,9.279353253077716e-05,0.00010222778946618,True,True,True,False
2026-08-16 02:01:43,adapter_ctta,metal_nut,monitor,C:/cira_batch_test/metal_nut/good_20.png,good_20.png,normal,False,0.0591803714632988,0.059208810329437256,0.07371339670893942,0.07371339670893942,0.06968219578266144,False,False,16000,True,0.00011248967348365113,True,0.0024594860151410103,cpu,patch_nearest_normal,last2,14,0.05,False,,,0.00010166913125431165,0.00010222778946618,True,True,True,False
2026-08-16 02:01:45,adapter_ctta,metal_nut,monitor,C:/cira_batch_test/metal_nut/bad_17.png,bad_17.png,anomaly,True,0.15483972430229187,0.15483972430229187,0.07371339670893942,0.07371339670893942,0.06968219578266144,False,False,16000,False,,False,0.0,cpu,patch_nearest_normal,last2,14,0.05,False,,,0.00010876559099415317,0.00010222778946618,False,False,True,False
2026-08-16 02:01:46,adapter_ctta,metal_nut,monitor,C:/cira_batch_test/metal_nut/good_11.png,good_11.png,anomaly,True,0.07598128914833069,0.07598128914833069,0.07371339670893942,0.07371339670893942,0.06968219578266144,False,False,16000,False,,False,0.0,cpu,patch_nearest_normal,last2,14,0.05,False,,,9.093555127037689e-05,0.00010222778946618,False,True,True,False
2026-08-16 02:01:48,adapter_ctta,metal_nut,monitor,C:/cira_batch_test/metal_nut/bad_20.png,bad_20.png,anomaly,True,0.16192030906677246,0.16192030906677246,0.07371339670893942,0.07371339670893942,0.06968219578266144,False,False,16000,False,,False,0.0,cpu,patch_nearest_normal,last2,14,0.05,False,,,0.00011173132224939764,0.00010222778946618,False,False,True,False
2026-08-16 02:01:49,adapter_ctta,metal_nut,monitor,C:/cira_batch_test/metal_nut/good_8.png,good_8.png,anomaly,True,0.07669301331043243,0.07669301331043243,0.07371339670893942,0.07371339670893942,0.06968219578266144,False,False,16000,False,,False,0.0,cpu,patch_nearest_normal,last2,14,0.05,False,,,8.989841444417834e-05,0.00010222778946618,False,True,True,False
2026-08-16 02:01:50,adapter_ctta,metal_nut,monitor,C:/cira_batch_test/metal_nut/bad_10.png,bad_10.png,anomaly,True,0.11261127144098282,0.11261127144098282,0.07371339670893942,0.07371339670893942,0.06968219578266144,False,False,16000,False,,False,0.0,cpu,patch_nearest_normal,last2,14,0.05,False,,,0.00010800327436299995,0.00010222778946618,False,False,True,False
2026-08-16 02:01:52,adapter_ctta,metal_nut,monitor,C:/cira_batch_test/metal_nut/good_3.png,good_3.png,normal,False,0.06606098264455795,0.06608571857213974,0.07371339670893942,0.07371339670893942,0.06968219578266144,False,False,16000,True,0.00011160366557305679,True,0.002462683944031596,cpu,patch_nearest_normal,last2,14,0.05,True,C:\cira_ttl_checkpoints\metal_nut\patch_memory_bank_update_10.pt,C:\cira_ttl_checkpoints\metal_nut\patch_adapter_update_10.pt,9.080773452296853e-05,0.00010222778946618,True,True,True,False
2026-08-16 02:01:54,adapter_ctta,metal_nut,monitor,C:/cira_batch_test/metal_nut/bad_11.png,bad_11.png,anomaly,True,0.1605226695537567,0.1605226695537567,0.07371339670893942,0.07371339670893942,0.06968219578266144,False,False,16000,False,,False,0.0,cpu,patch_nearest_normal,last2,14,0.05,False,,,0.00013787075295113027,0.00010222778946618,False,False,True,False
2026-08-16 02:01:55,adapter_ctta,metal_nut,monitor,C:/cira_batch_test/metal_nut/bad_18.png,bad_18.png,anomaly,True,0.1243969202041626,0.1243969202041626,0.07371339670893942,0.07371339670893942,0.06968219578266144,False,False,16000,False,,False,0.0,cpu,patch_nearest_normal,last2,14,0.05,False,,,9.952585969585925e-05,0.00010222778946618,False,True,True,False
2026-08-16 02:01:57,adapter_ctta,metal_nut,monitor,C:/cira_batch_test/metal_nut/good_12.png,good_12.png,normal,False,0.07032836973667145,0.07032836973667145,0.07371339670893942,0.07371339670893942,0.06968219578266144,False,False,16000,False,,False,0.0,cpu,patch_nearest_normal,last2,14,0.05,False,,,9.79224278125912e-05,0.00010222778946618,False,True,True,False
2026-08-16 02:01:58,adapter_ctta,metal_nut,monitor,C:/cira_batch_test/metal_nut/good_17.png,good_17.png,anomaly,True,0.08878537267446518,0.08878537267446518,0.07371339670893942,0.07371339670893942,0.06968219578266144,False,False,16000,False,,False,0.0,cpu,patch_nearest_normal,last2,14,0.05,False,,,0.00010316135012544692,0.00010222778946618,False,False,True,False
2026-08-16 02:01:59,adapter_ctta,metal_nut,monitor,C:/cira_batch_test/metal_nut/bad_5.png,bad_5.png,anomaly,True,0.15147383511066437,0.15147383511066437,0.07371339670893942,0.07371339670893942,0.06968219578266144,False,False,16000,False,,False,0.0,cpu,patch_nearest_normal,last2,14,0.05,False,,,0.00011991007340839133,0.00010222778946618,False,False,True,False
2026-08-16 02:02:01,adapter_ctta,metal_nut,monitor,C:/cira_batch_test/metal_nut/bad_6.png,bad_6.png,anomaly,True,0.15565915405750275,0.15565915405750275,0.07371339670893942,0.07371339670893942,0.06968219578266144,False,False,16000,False,,False,0.0,cpu,patch_nearest_normal,last2,14,0.05,False,,,0.00014600265421904624,0.00010222778946618,False,False,True,False
2026-08-16 02:02:02,adapter_ctta,metal_nut,monitor,C:/cira_batch_test/metal_nut/bad_7.png,bad_7.png,anomaly,True,0.14672407507896423,0.14672407507896423,0.07371339670893942,0.07371339670893942,0.06968219578266144,False,False,16000,False,,False,0.0,cpu,patch_nearest_normal,last2,14,0.05,False,,,0.00011215802078368142,0.00010222778946618,False,False,True,False
2026-08-16 02:02:04,adapter_ctta,metal_nut,monitor,C:/cira_batch_test/metal_nut/bad_9.png,bad_9.png,anomaly,True,0.15927043557167053,0.15927043557167053,0.07371339670893942,0.07371339670893942,0.06968219578266144,False,False,16000,False,,False,0.0,cpu,patch_nearest_normal,last2,14,0.05,False,,,0.00010231515625491738,0.00010222778946618,False,False,True,False
2026-08-16 02:02:05,adapter_ctta,metal_nut,monitor,C:/cira_batch_test/metal_nut/bad_4.png,bad_4.png,anomaly,True,0.19931809604167938,0.19931809604167938,0.07371339670893942,0.07371339670893942,0.06968219578266144,False,False,16000,False,,False,0.0,cpu,patch_nearest_normal,last2,14,0.05,False,,,0.00011535652447491884,0.00010222778946618,False,False,True,False
2026-08-16 02:02:07,adapter_ctta,metal_nut,monitor,C:/cira_batch_test/metal_nut/bad_2.png,bad_2.png,anomaly,True,0.07875480502843857,0.07875480502843857,0.07371339670893942,0.07371339670893942,0.06968219578266144,False,False,16000,False,,False,0.0,cpu,patch_nearest_normal,last2,14,0.05,False,,,0.00010150056186830625,0.00010222778946618,False,True,True,False
2026-08-16 02:02:09,adapter_ctta,pill,monitor,C:/cira_batch_test/pill/good_1.png,good_1.png,normal,False,0.04695393890142441,0.0469500795006752,0.05881828558520522,0.05881828558520522,0.05084799118340016,False,False,16000,True,0.0001723887398838997,True,0.0030002817511558533,cpu,patch_nearest_normal,last2,14,0.05,False,,,0.00015150359831750393,0.00015804108188598499,True,True,True,False
2026-08-16 02:02:10,adapter_ctta,pill,monitor,C:/cira_batch_test/pill/good_7.png,good_7.png,normal,False,0.04539955407381058,0.04538702219724655,0.05881828558520522,0.05881828558520522,0.05084799118340016,False,False,16000,True,0.00016766945191193372,True,0.0027871024794876575,cpu,patch_nearest_normal,last2,14,0.05,False,,,0.00014348336844705045,0.00015804108188598499,True,True,True,False
2026-08-16 02:02:12,adapter_ctta,pill,monitor,C:/cira_batch_test/pill/good_9.png,good_9.png,normal,False,0.04810289666056633,0.04806836321949959,0.05881828558520522,0.05881828558520522,0.05084799118340016,False,False,16000,True,0.00014694128185510635,True,0.0027046874165534973,cpu,patch_nearest_normal,last2,14,0.05,False,,,0.00014970891061238945,0.00015804108188598499,True,True,True,False
2026-08-16 02:02:13,adapter_ctta,pill,monitor,C:/cira_batch_test/pill/bad_8.png,bad_8.png,anomaly,True,0.11647836863994598,0.11647836863994598,0.05881828558520522,0.05881828558520522,0.05084799118340016,False,False,16000,False,,False,0.0,cpu,patch_nearest_normal,last2,14,0.05,False,,,0.00015064372564665973,0.00015804108188598499,False,True,True,False
2026-08-16 02:02:15,adapter_ctta,pill,monitor,C:/cira_batch_test/pill/bad_1.png,bad_1.png,anomaly,True,0.08193516731262207,0.08193516731262207,0.05881828558520522,0.05881828558520522,0.05084799118340016,False,False,16000,False,,False,0.0,cpu,patch_nearest_normal,last2,14,0.05,False,,,0.00014788152475375682,0.00015804108188598499,False,True,True,False
2026-08-16 02:02:16,adapter_ctta,pill,monitor,C:/cira_batch_test/pill/bad_14.png,bad_14.png,anomaly,True,0.07046365737915039,0.07046365737915039,0.05881828558520522,0.05881828558520522,0.05084799118340016,False,False,16000,False,,False,0.0,cpu,patch_nearest_normal,last2,14,0.05,False,,,0.00015498921857215464,0.00015804108188598499,False,True,True,False
2026-08-16 02:02:18,adapter_ctta,pill,monitor,C:/cira_batch_test/pill/bad_15.png,bad_15.png,anomaly,True,0.07365591824054718,0.07365591824054718,0.05881828558520522,0.05881828558520522,0.05084799118340016,False,False,16000,False,,False,0.0,cpu,patch_nearest_normal,last2,14,0.05,False,,,0.00013372491230256855,0.00015804108188598499,False,True,True,False
2026-08-16 02:02:19,adapter_ctta,pill,monitor,C:/cira_batch_test/pill/good_19.png,good_19.png,normal,False,0.057935308665037155,0.057935308665037155,0.05881828558520522,0.05881828558520522,0.05084799118340016,False,False,16000,False,,False,0.0,cpu,patch_nearest_normal,last2,14,0.05,False,,,0.00015879340935498476,0.00015804108188598499,False,False,True,False
2026-08-16 02:02:21,adapter_ctta,pill,monitor,C:/cira_batch_test/pill/bad_3.png,bad_3.png,anomaly,True,0.0683072954416275,0.0683072954416275,0.05881828558520522,0.05881828558520522,0.05084799118340016,False,False,16000,False,,False,0.0,cpu,patch_nearest_normal,last2,14,0.05,False,,,0.00015842198627069592,0.00015804108188598499,False,False,True,False
2026-08-16 02:02:22,adapter_ctta,pill,monitor,C:/cira_batch_test/pill/good_5.png,good_5.png,normal,False,0.038830071687698364,0.038813065737485886,0.05881828558520522,0.05881828558520522,0.05084799118340016,False,False,16000,True,0.00014617246051784605,True,0.0026834297459572554,cpu,patch_nearest_normal,last2,14,0.05,False,,,0.00014720212493557483,0.00015804108188598499,True,True,True,False
2026-08-16 02:02:24,adapter_ctta,pill,monitor,C:/cira_batch_test/pill/good_16.png,good_16.png,normal,False,0.05519499629735947,0.05519499629735947,0.05881828558520522,0.05881828558520522,0.05084799118340016,False,False,16000,False,,False,0.0,cpu,patch_nearest_normal,last2,14,0.05,False,,,0.0001434598962077871,0.00015804108188598499,False,True,True,False
2026-08-16 02:02:26,adapter_ctta,pill,monitor,C:/cira_batch_test/pill/good_14.png,good_14.png,normal,False,0.04807763546705246,0.04804748296737671,0.05881828558520522,0.05881828558520522,0.05084799118340016,False,False,16000,True,0.00012794598296750337,True,0.0026379006449133158,cpu,patch_nearest_normal,last2,14,0.05,False,,,0.00012372863420750946,0.00015804108188598499,True,True,True,False
2026-08-16 02:02:27,adapter_ctta,pill,monitor,C:/cira_batch_test/pill/good_2.png,good_2.png,normal,False,0.04439076781272888,0.04436611384153366,0.05881828558520522,0.05881828558520522,0.05084799118340016,False,False,16000,True,0.00015455605171155185,True,0.0026356028392910957,cpu,patch_nearest_normal,last2,14,0.05,False,,,0.00014640441804658622,0.00015804108188598499,True,True,True,False
2026-08-16 02:02:29,adapter_ctta,pill,monitor,C:/cira_batch_test/pill/bad_13.png,bad_13.png,normal,False,0.058221351355314255,0.058221351355314255,0.05881828558520522,0.05881828558520522,0.05084799118340016,False,False,16000,False,,False,0.0,cpu,patch_nearest_normal,last2,14,0.05,False,,,0.0001507859124103561,0.00015804108188598499,False,True,True,False
2026-08-16 02:02:30,adapter_ctta,pill,monitor,C:/cira_batch_test/pill/good_10.png,good_10.png,normal,False,0.04485628753900528,0.04485277086496353,0.05881828558520522,0.05881828558520522,0.05084799118340016,False,False,16000,True,0.0001409190590493381,True,0.0026143586728721857,cpu,patch_nearest_normal,last2,14,0.05,False,,,0.00013484680675901473,0.00015804108188598499,True,True,True,False
2026-08-16 02:02:32,adapter_ctta,pill,monitor,C:/cira_batch_test/pill/bad_19.png,bad_19.png,anomaly,True,0.06596262753009796,0.06596262753009796,0.05881828558520522,0.05881828558520522,0.05084799118340016,False,False,16000,False,,False,0.0,cpu,patch_nearest_normal,last2,14,0.05,False,,,0.00015238385822158307,0.00015804108188598499,False,True,True,False
2026-08-16 02:02:34,adapter_ctta,pill,monitor,C:/cira_batch_test/pill/good_4.png,good_4.png,normal,False,0.04756566882133484,0.04759088158607483,0.05881828558520522,0.05881828558520522,0.05084799118340016,False,False,16000,True,0.00016033818246796727,True,0.0025984696112573147,cpu,patch_nearest_normal,last2,14,0.05,False,,,0.00014724911306984723,0.00015804108188598499,True,True,True,False
2026-08-16 02:02:35,adapter_ctta,pill,monitor,C:/cira_batch_test/pill/bad_12.png,bad_12.png,anomaly,True,0.12360000610351562,0.12360000610351562,0.05881828558520522,0.05881828558520522,0.05084799118340016,False,False,16000,False,,False,0.0,cpu,patch_nearest_normal,last2,14,0.05,False,,,0.00015815185906831175,0.00015804108188598499,False,False,True,False
2026-08-16 02:02:36,adapter_ctta,pill,monitor,C:/cira_batch_test/pill/good_18.png,good_18.png,normal,False,0.04825810715556145,0.04825810715556145,0.05881828558520522,0.05881828558520522,0.05084799118340016,False,False,16000,False,,False,0.0,cpu,patch_nearest_normal,last2,14,0.05,False,,,0.0001640034024603665,0.00015804108188598499,True,False,True,False
2026-08-16 02:02:38,adapter_ctta,pill,monitor,C:/cira_batch_test/pill/bad_16.png,bad_16.png,anomaly,True,0.07472078502178192,0.07472078502178192,0.05881828558520522,0.05881828558520522,0.05084799118340016,False,False,16000,False,,False,0.0,cpu,patch_nearest_normal,last2,14,0.05,False,,,0.00015778599481564015,0.00015804108188598499,False,True,True,False
2026-08-16 02:02:40,adapter_ctta,pill,monitor,C:/cira_batch_test/pill/good_6.png,good_6.png,normal,False,0.045140188187360764,0.04513143375515938,0.05881828558520522,0.05881828558520522,0.05084799118340016,False,False,16000,True,0.00015264167450368404,True,0.0025876499712467194,cpu,patch_nearest_normal,last2,14,0.05,False,,,0.00015532509132754058,0.00015804108188598499,True,True,True,False
2026-08-16 02:02:41,adapter_ctta,pill,monitor,C:/cira_batch_test/pill/good_13.png,good_13.png,anomaly,True,0.06478817015886307,0.06478817015886307,0.05881828558520522,0.05881828558520522,0.05084799118340016,False,False,16000,False,,False,0.0,cpu,patch_nearest_normal,last2,14,0.05,False,,,0.0001407615200150758,0.00015804108188598499,False,True,True,False
2026-08-16 02:02:43,adapter_ctta,pill,monitor,C:/cira_batch_test/pill/good_15.png,good_15.png,normal,False,0.04987906292080879,0.04987681657075882,0.05881828558520522,0.05881828558520522,0.05084799118340016,False,False,16000,True,0.00015202740905806422,True,0.002585889771580696,cpu,patch_nearest_normal,last2,14,0.05,True,C:\cira_ttl_checkpoints\pill\patch_memory_bank_update_10.pt,C:\cira_ttl_checkpoints\pill\patch_adapter_update_10.pt,0.00014184616156853735,0.00015804108188598499,True,True,True,False
2026-08-16 02:02:44,adapter_ctta,pill,monitor,C:/cira_batch_test/pill/good_20.png,good_20.png,normal,False,0.05349044129252434,0.05349044129252434,0.05881828558520522,0.05881828558520522,0.05084799118340016,False,False,16000,False,,False,0.0,cpu,patch_nearest_normal,last2,14,0.05,False,,,0.00013516363105736673,0.00015804108188598499,False,True,True,False
2026-08-16 02:02:46,adapter_ctta,pill,monitor,C:/cira_batch_test/pill/bad_17.png,bad_17.png,anomaly,True,0.07853333652019501,0.07853333652019501,0.05881828558520522,0.05881828558520522,0.05084799118340016,False,False,16000,False,,False,0.0,cpu,patch_nearest_normal,last2,14,0.05,False,,,0.00015770082245580852,0.00015804108188598499,False,True,True,False
2026-08-16 02:02:47,adapter_ctta,pill,monitor,C:/cira_batch_test/pill/good_11.png,good_11.png,normal,False,0.05016685649752617,0.05014089494943619,0.05881828558520522,0.05881828558520522,0.05084799118340016,False,False,16000,True,0.0001305185869568959,True,0.00254218396730721,cpu,patch_nearest_normal,last2,14,0.05,False,,,0.00012403396249283105,0.00015804108188598499,True,True,True,False
2026-08-16 02:02:49,adapter_ctta,pill,monitor,C:/cira_batch_test/pill/bad_20.png,bad_20.png,anomaly,True,0.06318884342908859,0.06318884342908859,0.05881828558520522,0.05881828558520522,0.05084799118340016,False,False,16000,False,,False,0.0,cpu,patch_nearest_normal,last2,14,0.05,False,,,0.00014282060146797448,0.00015804108188598499,False,True,True,False
2026-08-16 02:02:50,adapter_ctta,pill,monitor,C:/cira_batch_test/pill/good_8.png,good_8.png,normal,False,0.057561974972486496,0.057561974972486496,0.05881828558520522,0.05881828558520522,0.05084799118340016,False,False,16000,False,,False,0.0,cpu,patch_nearest_normal,last2,14,0.05,False,,,0.000137690658448264,0.00015804108188598499,False,True,True,False
2026-08-16 02:02:52,adapter_ctta,pill,monitor,C:/cira_batch_test/pill/bad_10.png,bad_10.png,normal,False,0.04579036682844162,0.04578965902328491,0.05881828558520522,0.05881828558520522,0.05084799118340016,False,False,16000,True,0.00015748926671221852,True,0.0025377217680215836,cpu,patch_nearest_normal,last2,14,0.05,False,,,0.00014265993377193809,0.00015804108188598499,True,True,True,False
2026-08-16 02:02:54,adapter_ctta,pill,monitor,C:/cira_batch_test/pill/good_3.png,good_3.png,normal,False,0.04256659001111984,0.04257288575172424,0.05881828558520522,0.05881828558520522,0.05084799118340016,False,False,16000,True,0.0001412622950738296,True,0.0025313387159258127,cpu,patch_nearest_normal,last2,14,0.05,False,,,0.00013655726797878742,0.00015804108188598499,True,True,True,False
2026-08-16 02:02:55,adapter_ctta,pill,monitor,C:/cira_batch_test/pill/bad_11.png,bad_11.png,anomaly,True,0.09581072628498077,0.09581072628498077,0.05881828558520522,0.05881828558520522,0.05084799118340016,False,False,16000,False,,False,0.0,cpu,patch_nearest_normal,last2,14,0.05,False,,,0.00016263041470665485,0.00015804108188598499,False,False,True,False
2026-08-16 02:02:57,adapter_ctta,pill,monitor,C:/cira_batch_test/pill/bad_18.png,bad_18.png,normal,False,0.05513423681259155,0.05513423681259155,0.05881828558520522,0.05881828558520522,0.05084799118340016,False,False,16000,False,,False,0.0,cpu,patch_nearest_normal,last2,14,0.05,False,,,0.00013895101437810808,0.00015804108188598499,False,True,True,False
2026-08-16 02:02:58,adapter_ctta,pill,monitor,C:/cira_batch_test/pill/good_12.png,good_12.png,normal,False,0.055628664791584015,0.055628664791584015,0.05881828558520522,0.05881828558520522,0.05084799118340016,False,False,16000,False,,False,0.0,cpu,patch_nearest_normal,last2,14,0.05,False,,,0.00013402207696344703,0.00015804108188598499,False,True,True,False
2026-08-16 02:03:00,adapter_ctta,pill,monitor,C:/cira_batch_test/pill/good_17.png,good_17.png,normal,False,0.054949790239334106,0.054949790239334106,0.05881828558520522,0.05881828558520522,0.05084799118340016,False,False,16000,False,,False,0.0,cpu,patch_nearest_normal,last2,14,0.05,False,,,0.00015137516311369836,0.00015804108188598499,False,True,True,False
2026-08-16 02:03:01,adapter_ctta,pill,monitor,C:/cira_batch_test/pill/bad_5.png,bad_5.png,anomaly,True,0.18508115410804749,0.18508115410804749,0.05881828558520522,0.05881828558520522,0.05084799118340016,False,False,16000,False,,False,0.0,cpu,patch_nearest_normal,last2,14,0.05,False,,,0.0001364761556033045,0.00015804108188598499,False,True,True,False
2026-08-16 02:03:03,adapter_ctta,pill,monitor,C:/cira_batch_test/pill/bad_6.png,bad_6.png,anomaly,True,0.07786846160888672,0.07786846160888672,0.05881828558520522,0.05881828558520522,0.05084799118340016,False,False,16000,False,,False,0.0,cpu,patch_nearest_normal,last2,14,0.05,False,,,0.0001586549769854173,0.00015804108188598499,False,False,True,False
2026-08-16 02:03:04,adapter_ctta,pill,monitor,C:/cira_batch_test/pill/bad_7.png,bad_7.png,anomaly,True,0.07855769991874695,0.07855769991874695,0.05881828558520522,0.05881828558520522,0.05084799118340016,False,False,16000,False,,False,0.0,cpu,patch_nearest_normal,last2,14,0.05,False,,,0.000138729767058976,0.00015804108188598499,False,True,True,False
2026-08-16 02:03:06,adapter_ctta,pill,monitor,C:/cira_batch_test/pill/bad_9.png,bad_9.png,anomaly,True,0.06144564226269722,0.06144564226269722,0.05881828558520522,0.05881828558520522,0.05084799118340016,False,False,16000,False,,False,0.0,cpu,patch_nearest_normal,last2,14,0.05,False,,,0.0001372416882077232,0.00015804108188598499,False,True,True,False
2026-08-16 02:03:07,adapter_ctta,pill,monitor,C:/cira_batch_test/pill/bad_4.png,bad_4.png,anomaly,True,0.06897060573101044,0.06897060573101044,0.05881828558520522,0.05881828558520522,0.05084799118340016,False,False,16000,False,,False,0.0,cpu,patch_nearest_normal,last2,14,0.05,False,,,0.00015727771096862853,0.00015804108188598499,False,True,True,False
2026-08-16 02:03:09,adapter_ctta,pill,monitor,C:/cira_batch_test/pill/bad_2.png,bad_2.png,anomaly,True,0.07489751279354095,0.07489751279354095,0.05881828558520522,0.05881828558520522,0.05084799118340016,False,False,16000,False,,False,0.0,cpu,patch_nearest_normal,last2,14,0.05,False,,,0.00014960997214075178,0.00015804108188598499,False,True,True,False
2026-08-16 02:03:10,adapter_ctta,screw,monitor,C:/cira_batch_test/screw/good_1.png,good_1.png,normal,False,0.05231552571058273,0.0523190014064312,0.06300563204730296,0.06300563204730296,0.05946885421872139,False,False,16000,True,0.00013780473091173917,True,0.003037660615518689,cpu,patch_nearest_normal,last2,14,0.05,False,,,0.00011127696780022234,0.00012727336943498,True,True,True,False
2026-08-16 02:03:12,adapter_ctta,screw,monitor,C:/cira_batch_test/screw/good_7.png,good_7.png,normal,False,0.043872006237506866,0.04384295269846916,0.06300563204730296,0.06300563204730296,0.05946885421872139,False,False,16000,True,0.00010933951125480235,True,0.0026737917214632034,cpu,patch_nearest_normal,last2,14,0.05,False,,,0.00010714138625189662,0.00012727336943498,True,True,True,False
2026-08-16 02:03:14,adapter_ctta,screw,monitor,C:/cira_batch_test/screw/good_9.png,good_9.png,normal,False,0.04788012057542801,0.04784746095538139,0.06300563204730296,0.06300563204730296,0.05946885421872139,False,False,16000,True,0.00011299521429464221,True,0.002535361098125577,cpu,patch_nearest_normal,last2,14,0.05,False,,,0.00010044027294497937,0.00012727336943498,True,True,True,False
2026-08-16 02:03:15,adapter_ctta,screw,monitor,C:/cira_batch_test/screw/bad_8.png,bad_8.png,anomaly,True,0.07114934921264648,0.07114934921264648,0.06300563204730296,0.06300563204730296,0.05946885421872139,False,False,16000,False,,False,0.0,cpu,patch_nearest_normal,last2,14,0.05,False,,,0.0001379821333102882,0.00012727336943498,False,False,True,False
2026-08-16 02:03:17,adapter_ctta,screw,monitor,C:/cira_batch_test/screw/bad_1.png,bad_1.png,anomaly,True,0.07478737086057663,0.07478737086057663,0.06300563204730296,0.06300563204730296,0.05946885421872139,False,False,16000,False,,False,0.0,cpu,patch_nearest_normal,last2,14,0.05,False,,,0.0001220111662405543,0.00012727336943498,False,True,True,False
2026-08-16 02:03:18,adapter_ctta,screw,monitor,C:/cira_batch_test/screw/bad_14.png,bad_14.png,anomaly,True,0.07635612785816193,0.07635612785816193,0.06300563204730296,0.06300563204730296,0.05946885421872139,False,False,16000,False,,False,0.0,cpu,patch_nearest_normal,last2,14,0.05,False,,,0.00011514891230035573,0.00012727336943498,False,True,True,False
2026-08-16 02:03:20,adapter_ctta,screw,monitor,C:/cira_batch_test/screw/bad_15.png,bad_15.png,anomaly,True,0.08332514017820358,0.08332514017820358,0.06300563204730296,0.06300563204730296,0.05946885421872139,False,False,16000,False,,False,0.0,cpu,patch_nearest_normal,last2,14,0.05,False,,,8.59602150740102e-05,0.00012727336943498,False,True,True,False
2026-08-16 02:03:22,adapter_ctta,screw,monitor,C:/cira_batch_test/screw/good_19.png,good_19.png,normal,False,0.04999125748872757,0.04997330904006958,0.06300563204730296,0.06300563204730296,0.05946885421872139,False,False,16000,True,0.00010156534699490294,True,0.0024885404855012894,cpu,patch_nearest_normal,last2,14,0.05,False,,,9.739045344758779e-05,0.00012727336943498,True,True,True,False
2026-08-16 02:03:23,adapter_ctta,screw,monitor,C:/cira_batch_test/screw/bad_3.png,bad_3.png,anomaly,True,0.07017166912555695,0.07017166912555695,0.06300563204730296,0.06300563204730296,0.05946885421872139,False,False,16000,False,,False,0.0,cpu,patch_nearest_normal,last2,14,0.05,False,,,0.00010291959188180044,0.00012727336943498,False,True,True,False
2026-08-16 02:03:25,adapter_ctta,screw,monitor,C:/cira_batch_test/screw/good_5.png,good_5.png,normal,False,0.046265214681625366,0.0462876632809639,0.06300563204730296,0.06300563204730296,0.05946885421872139,False,False,16000,True,0.00012085111666237935,True,0.0024849451147019863,cpu,patch_nearest_normal,last2,14,0.05,False,,,0.0001124259433709085,0.00012727336943498,True,True,True,False
2026-08-16 02:03:26,adapter_ctta,screw,monitor,C:/cira_batch_test/screw/good_16.png,good_16.png,normal,False,0.061490487307310104,0.061490487307310104,0.06300563204730296,0.06300563204730296,0.05946885421872139,False,False,16000,False,,False,0.0,cpu,patch_nearest_normal,last2,14,0.05,False,,,0.0001021042262436822,0.00012727336943498,False,True,True,False
2026-08-16 02:03:28,adapter_ctta,screw,monitor,C:/cira_batch_test/screw/good_14.png,good_14.png,normal,False,0.06042266637086868,0.06042266637086868,0.06300563204730296,0.06300563204730296,0.05946885421872139,False,False,16000,False,,False,0.0,cpu,patch_nearest_normal,last2,14,0.05,False,,,0.000105531100416556,0.00012727336943498,False,True,True,False
2026-08-16 02:03:30,adapter_ctta,screw,monitor,C:/cira_batch_test/screw/good_2.png,good_2.png,anomaly,True,0.06480713188648224,0.06480713188648224,0.06300563204730296,0.06300563204730296,0.05946885421872139,False,False,16000,False,,False,0.0,cpu,patch_nearest_normal,last2,14,0.05,False,,,0.00011875182099174708,0.00012727336943498,False,True,True,False
2026-08-16 02:03:31,adapter_ctta,screw,monitor,C:/cira_batch_test/screw/bad_13.png,bad_13.png,anomaly,True,0.082441546022892,0.082441546022892,0.06300563204730296,0.06300563204730296,0.05946885421872139,False,False,16000,False,,False,0.0,cpu,patch_nearest_normal,last2,14,0.05,False,,,9.211447468260303e-05,0.00012727336943498,False,True,True,False
2026-08-16 02:03:33,adapter_ctta,screw,monitor,C:/cira_batch_test/screw/good_10.png,good_10.png,normal,False,0.04538147896528244,0.045360464602708817,0.06300563204730296,0.06300563204730296,0.05946885421872139,False,False,16000,True,0.00011407319834688678,True,0.0024554284755140543,cpu,patch_nearest_normal,last2,14,0.05,False,,,0.00011121873103547841,0.00012727336943498,True,True,True,False
2026-08-16 02:03:34,adapter_ctta,screw,monitor,C:/cira_batch_test/screw/bad_19.png,bad_19.png,anomaly,True,0.06757161021232605,0.06757161021232605,0.06300563204730296,0.06300563204730296,0.05946885421872139,False,False,16000,False,,False,0.0,cpu,patch_nearest_normal,last2,14,0.05,False,,,9.295192285208032e-05,0.00012727336943498,False,True,True,False
2026-08-16 02:03:36,adapter_ctta,screw,monitor,C:/cira_batch_test/screw/good_4.png,good_4.png,normal,False,0.06250549852848053,0.06250549852848053,0.06300563204730296,0.06300563204730296,0.05946885421872139,False,False,16000,False,,False,0.0,cpu,patch_nearest_normal,last2,14,0.05,False,,,0.00011077907402068377,0.00012727336943498,False,True,True,False
2026-08-16 02:03:38,adapter_ctta,screw,monitor,C:/cira_batch_test/screw/bad_12.png,bad_12.png,anomaly,True,0.0717412680387497,0.0717412680387497,0.06300563204730296,0.06300563204730296,0.05946885421872139,False,False,16000,False,,False,0.0,cpu,patch_nearest_normal,last2,14,0.05,False,,,0.00012605010124389082,0.00012727336943498,False,True,True,False
2026-08-16 02:03:39,adapter_ctta,screw,monitor,C:/cira_batch_test/screw/good_18.png,good_18.png,normal,False,0.06210913509130478,0.06210913509130478,0.06300563204730296,0.06300563204730296,0.05946885421872139,False,False,16000,False,,False,0.0,cpu,patch_nearest_normal,last2,14,0.05,False,,,0.00011358763731550425,0.00012727336943498,False,True,True,False
2026-08-16 02:03:41,adapter_ctta,screw,monitor,C:/cira_batch_test/screw/bad_16.png,bad_16.png,anomaly,True,0.06361780315637589,0.06361780315637589,0.06300563204730296,0.06300563204730296,0.05946885421872139,False,False,16000,False,,False,0.0,cpu,patch_nearest_normal,last2,14,0.05,False,,,0.00010000455949921161,0.00012727336943498,False,True,True,False
2026-08-16 02:03:42,adapter_ctta,screw,monitor,C:/cira_batch_test/screw/good_6.png,good_6.png,anomaly,True,0.08197124302387238,0.08197124302387238,0.06300563204730296,0.06300563204730296,0.05946885421872139,False,False,16000,False,,False,0.0,cpu,patch_nearest_normal,last2,14,0.05,False,,,0.0001295403781114146,0.00012727336943498,False,False,True,False
2026-08-16 02:03:44,adapter_ctta,screw,monitor,C:/cira_batch_test/screw/good_13.png,good_13.png,normal,False,0.05800359696149826,0.05799541622400284,0.06300563204730296,0.06300563204730296,0.05946885421872139,False,False,16000,True,0.00013478034816216677,True,0.0024523783940821886,cpu,patch_nearest_normal,last2,14,0.05,False,,,0.00010363484034314752,0.00012727336943498,True,True,True,False
2026-08-16 02:03:48,adapter_ctta,screw,monitor,C:/cira_batch_test/screw/good_15.png,good_15.png,normal,False,0.045790188014507294,0.04577108472585678,0.06300563204730296,0.06300563204730296,0.05946885421872139,False,False,16000,True,0.00011883581464644521,True,0.0024451047647744417,cpu,patch_nearest_normal,last2,14,0.05,False,,,9.919923468260095e-05,0.00012727336943498,True,True,True,False
2026-08-16 02:03:51,adapter_ctta,screw,monitor,C:/cira_batch_test/screw/good_20.png,good_20.png,anomaly,True,0.06831860542297363,0.06831860542297363,0.06300563204730296,0.06300563204730296,0.05946885421872139,False,False,16000,False,,False,0.0,cpu,patch_nearest_normal,last2,14,0.05,False,,,0.00010264280717819929,0.00012727336943498,False,True,True,False
2026-08-16 02:03:52,adapter_ctta,screw,monitor,C:/cira_batch_test/screw/bad_17.png,bad_17.png,anomaly,True,0.0653250515460968,0.0653250515460968,0.06300563204730296,0.06300563204730296,0.05946885421872139,False,False,16000,False,,False,0.0,cpu,patch_nearest_normal,last2,14,0.05,False,,,9.748229058459401e-05,0.00012727336943498,False,True,True,False
2026-08-16 02:03:54,adapter_ctta,screw,monitor,C:/cira_batch_test/screw/good_11.png,good_11.png,normal,False,0.050163477659225464,0.050159383565187454,0.06300563204730296,0.06300563204730296,0.05946885421872139,False,False,16000,True,0.00011947425082325935,True,0.0024481334257870913,cpu,patch_nearest_normal,last2,14,0.05,False,,,0.0001029435297823511,0.00012727336943498,True,True,True,False
2026-08-16 02:03:56,adapter_ctta,screw,monitor,C:/cira_batch_test/screw/bad_20.png,bad_20.png,anomaly,True,0.06538145244121552,0.06538145244121552,0.06300563204730296,0.06300563204730296,0.05946885421872139,False,False,16000,False,,False,0.0,cpu,patch_nearest_normal,last2,14,0.05,False,,,0.00014367769472301006,0.00012727336943498,False,False,True,False
2026-08-16 02:03:58,adapter_ctta,screw,monitor,C:/cira_batch_test/screw/good_8.png,good_8.png,normal,False,0.055098436772823334,0.05510573834180832,0.06300563204730296,0.06300563204730296,0.05946885421872139,False,False,16000,True,0.00011507674207678065,True,0.00240555452182889,cpu,patch_nearest_normal,last2,14,0.05,True,C:\cira_ttl_checkpoints\screw\patch_memory_bank_update_10.pt,C:\cira_ttl_checkpoints\screw\patch_adapter_update_10.pt,0.00010337316780351102,0.00012727336943498,True,True,True,False
2026-08-16 02:04:00,adapter_ctta,screw,monitor,C:/cira_batch_test/screw/bad_10.png,bad_10.png,anomaly,True,0.06735723465681076,0.06735723465681076,0.06300563204730296,0.06300563204730296,0.05946885421872139,False,False,16000,False,,False,0.0,cpu,patch_nearest_normal,last2,14,0.05,False,,,0.00010494199523236603,0.00012727336943498,False,True,True,False
2026-08-16 02:04:02,adapter_ctta,screw,monitor,C:/cira_batch_test/screw/good_3.png,good_3.png,anomaly,True,0.07086610794067383,0.07086610794067383,0.06300563204730296,0.06300563204730296,0.05946885421872139,False,False,16000,False,,False,0.0,cpu,patch_nearest_normal,last2,14,0.05,False,,,0.00010174984345212579,0.00012727336943498,False,True,True,False
2026-08-16 02:04:03,adapter_ctta,screw,monitor,C:/cira_batch_test/screw/bad_11.png,bad_11.png,anomaly,True,0.06824808567762375,0.06824808567762375,0.06300563204730296,0.06300563204730296,0.05946885421872139,False,False,16000,False,,False,0.0,cpu,patch_nearest_normal,last2,14,0.05,False,,,0.00010478129115654156,0.00012727336943498,False,True,True,False
2026-08-16 02:04:05,adapter_ctta,screw,monitor,C:/cira_batch_test/screw/bad_18.png,bad_18.png,normal,False,0.061484672129154205,0.061484672129154205,0.06300563204730296,0.06300563204730296,0.05946885421872139,False,False,16000,False,,False,0.0,cpu,patch_nearest_normal,last2,14,0.05,False,,,0.00011227308277739212,0.00012727336943498,False,True,True,False
2026-08-16 02:04:07,adapter_ctta,screw,monitor,C:/cira_batch_test/screw/good_12.png,good_12.png,normal,False,0.05750959366559982,0.05751390382647514,0.06300563204730296,0.06300563204730296,0.05946885421872139,False,False,16000,True,0.00011862543760798872,True,0.0023956256918609142,cpu,patch_nearest_normal,last2,14,0.05,False,,,0.00010737531556515023,0.00012727336943498,True,True,True,False
2026-08-16 02:04:08,adapter_ctta,screw,monitor,C:/cira_batch_test/screw/good_17.png,good_17.png,normal,False,0.056393664330244064,0.05639221519231796,0.06300563204730296,0.06300563204730296,0.05946885421872139,False,False,16000,True,0.0001244297600351274,True,0.0023962061386555433,cpu,patch_nearest_normal,last2,14,0.05,False,,,0.00011519599502207711,0.00012727336943498,True,True,True,False
2026-08-16 02:04:10,adapter_ctta,screw,monitor,C:/cira_batch_test/screw/bad_5.png,bad_5.png,anomaly,True,0.10203661769628525,0.10203661769628525,0.06300563204730296,0.06300563204730296,0.05946885421872139,False,False,16000,False,,False,0.0,cpu,patch_nearest_normal,last2,14,0.05,False,,,0.00011942234414163977,0.00012727336943498,False,True,True,False
2026-08-16 02:04:11,adapter_ctta,screw,monitor,C:/cira_batch_test/screw/bad_6.png,bad_6.png,anomaly,True,0.06737371534109116,0.06737371534109116,0.06300563204730296,0.06300563204730296,0.05946885421872139,False,False,16000,False,,False,0.0,cpu,patch_nearest_normal,last2,14,0.05,False,,,0.0001088576391339302,0.00012727336943498,False,True,True,False
2026-08-16 02:04:13,adapter_ctta,screw,monitor,C:/cira_batch_test/screw/bad_7.png,bad_7.png,anomaly,True,0.08294408023357391,0.08294408023357391,0.06300563204730296,0.06300563204730296,0.05946885421872139,False,False,16000,False,,False,0.0,cpu,patch_nearest_normal,last2,14,0.05,False,,,0.00013096544716972858,0.00012727336943498,False,False,True,False
2026-08-16 02:04:15,adapter_ctta,screw,monitor,C:/cira_batch_test/screw/bad_9.png,bad_9.png,anomaly,True,0.0636163130402565,0.0636163130402565,0.06300563204730296,0.06300563204730296,0.05946885421872139,False,False,16000,False,,False,0.0,cpu,patch_nearest_normal,last2,14,0.05,False,,,0.00012610823614522815,0.00012727336943498,False,True,True,False
2026-08-16 02:04:17,adapter_ctta,screw,monitor,C:/cira_batch_test/screw/bad_4.png,bad_4.png,normal,False,0.05696483328938484,0.05696149542927742,0.06300563204730296,0.06300563204730296,0.05946885421872139,False,False,16000,True,9.710337326396257e-05,True,0.0023638985585421324,cpu,patch_nearest_normal,last2,14,0.05,False,,,9.348323510494083e-05,0.00012727336943498,True,True,True,False
2026-08-16 02:04:19,adapter_ctta,screw,monitor,C:/cira_batch_test/screw/bad_2.png,bad_2.png,anomaly,True,0.06393660604953766,0.06393660604953766,0.06300563204730296,0.06300563204730296,0.05946885421872139,False,False,16000,False,,False,0.0,cpu,patch_nearest_normal,last2,14,0.05,False,,,9.960599709302187e-05,0.00012727336943498,False,True,True,False
2026-08-16 02:04:22,adapter_ctta,tile,monitor,C:/cira_batch_test/tile/good_1.png,good_1.png,normal,False,0.04876633360981941,0.04878851771354675,0.06531576363636363,0.06531576363636363,0.05311408117413522,False,False,16000,True,0.00019649173191282898,True,0.002999071264639497,cpu,patch_nearest_normal,last2,14,0.05,False,,,0.00020059153030160815,0.000230512705456835,True,True,True,False
2026-08-16 02:04:24,adapter_ctta,tile,monitor,C:/cira_batch_test/tile/good_7.png,good_7.png,normal,False,0.04349391534924507,0.04349610209465027,0.06531576363636363,0.06531576363636363,0.05311408117413522,False,False,16000,True,0.0002023738343268633,True,0.0028207104187458754,cpu,patch_nearest_normal,last2,14,0.05,False,,,0.00020654569379985332,0.000230512705456835,True,True,True,False
2026-08-16 02:04:26,adapter_ctta,tile,monitor,C:/cira_batch_test/tile/good_9.png,good_9.png,normal,False,0.03726973384618759,0.03731970861554146,0.06531576363636363,0.06531576363636363,0.05311408117413522,False,False,16000,True,0.00021507826750166714,True,0.0027507718186825514,cpu,patch_nearest_normal,last2,14,0.05,False,,,0.00020695112471003085,0.000230512705456835,True,True,True,False
2026-08-16 02:04:27,adapter_ctta,tile,monitor,C:/cira_batch_test/tile/bad_8.png,bad_8.png,anomaly,True,0.16930945217609406,0.16930945217609406,0.06531576363636363,0.06531576363636363,0.05311408117413522,False,False,16000,False,,False,0.0,cpu,patch_nearest_normal,last2,14,0.05,False,,,0.00019477868045214564,0.000230512705456835,False,True,True,False
2026-08-16 02:04:29,adapter_ctta,tile,monitor,C:/cira_batch_test/tile/bad_1.png,bad_1.png,anomaly,True,0.42258477210998535,0.42258477210998535,0.06531576363636363,0.06531576363636363,0.05311408117413522,False,False,16000,False,,False,0.0,cpu,patch_nearest_normal,last2,14,0.05,False,,,0.00017561348795425147,0.000230512705456835,False,True,True,False
2026-08-16 02:04:30,adapter_ctta,tile,monitor,C:/cira_batch_test/tile/bad_14.png,bad_14.png,anomaly,True,0.15998832881450653,0.15998832881450653,0.06531576363636363,0.06531576363636363,0.05311408117413522,False,False,16000,False,,False,0.0,cpu,patch_nearest_normal,last2,14,0.05,False,,,0.00018569518579170108,0.000230512705456835,False,True,True,False
2026-08-16 02:04:32,adapter_ctta,tile,monitor,C:/cira_batch_test/tile/bad_15.png,bad_15.png,anomaly,True,0.17718200385570526,0.17718200385570526,0.06531576363636363,0.06531576363636363,0.05311408117413522,False,False,16000,False,,False,0.0,cpu,patch_nearest_normal,last2,14,0.05,False,,,0.00020976296218577772,0.000230512705456835,False,True,True,False
2026-08-16 02:04:34,adapter_ctta,tile,monitor,C:/cira_batch_test/tile/good_19.png,good_19.png,normal,False,0.04949449375271797,0.049562968313694,0.06531576363636363,0.06531576363636363,0.05311408117413522,False,False,16000,True,0.00020759593462571502,True,0.0027489985805004835,cpu,patch_nearest_normal,last2,14,0.05,False,,,0.0001822505728341639,0.000230512705456835,True,True,True,False
2026-08-16 02:04:36,adapter_ctta,tile,monitor,C:/cira_batch_test/tile/bad_3.png,bad_3.png,anomaly,True,0.3845706582069397,0.3845706582069397,0.06531576363636363,0.06531576363636363,0.05311408117413522,False,False,16000,False,,False,0.0,cpu,patch_nearest_normal,last2,14,0.05,False,,,0.0002086853637592867,0.000230512705456835,False,True,True,False
2026-08-16 02:04:37,adapter_ctta,tile,monitor,C:/cira_batch_test/tile/good_5.png,good_5.png,normal,False,0.04990087077021599,0.04990087077021599,0.06531576363636363,0.06531576363636363,0.05311408117413522,False,False,16000,False,,False,0.0,cpu,patch_nearest_normal,last2,14,0.05,False,,,0.0002321942592971027,0.000230512705456835,True,False,True,False
2026-08-16 02:04:39,adapter_ctta,tile,monitor,C:/cira_batch_test/tile/good_16.png,good_16.png,normal,False,0.03815551474690437,0.038138069212436676,0.06531576363636363,0.06531576363636363,0.05311408117413522,False,False,16000,True,0.00022228871239349246,True,0.0027377961669117212,cpu,patch_nearest_normal,last2,14,0.05,False,,,0.0002228100347565487,0.000230512705456835,True,True,True,False
2026-08-16 02:04:41,adapter_ctta,tile,monitor,C:/cira_batch_test/tile/good_14.png,good_14.png,normal,False,0.0422537699341774,0.04228184372186661,0.06531576363636363,0.06531576363636363,0.05311408117413522,False,False,16000,True,0.00018741577514447272,True,0.002718005096539855,cpu,patch_nearest_normal,last2,14,0.05,False,,,0.0001775827695382759,0.000230512705456835,True,True,True,False
2026-08-16 02:04:43,adapter_ctta,tile,monitor,C:/cira_batch_test/tile/good_2.png,good_2.png,normal,False,0.04854891821742058,0.048589933663606644,0.06531576363636363,0.06531576363636363,0.05311408117413522,False,False,16000,True,0.00023239399888552725,True,0.0027254733722656965,cpu,patch_nearest_normal,last2,14,0.05,False,,,0.00021561307949014008,0.000230512705456835,True,True,True,False
2026-08-16 02:04:44,adapter_ctta,tile,monitor,C:/cira_batch_test/tile/bad_13.png,bad_13.png,anomaly,True,0.15719948709011078,0.15719948709011078,0.06531576363636363,0.06531576363636363,0.05311408117413522,False,False,16000,False,,False,0.0,cpu,patch_nearest_normal,last2,14,0.05,False,,,0.00017330590344499797,0.000230512705456835,False,True,True,False
2026-08-16 02:04:46,adapter_ctta,tile,monitor,C:/cira_batch_test/tile/good_10.png,good_10.png,normal,False,0.05158776044845581,0.05159183591604233,0.06531576363636363,0.06531576363636363,0.05311408117413522,False,False,16000,True,0.0001912904845084995,True,0.0026367679238319397,cpu,patch_nearest_normal,last2,14,0.05,False,,,0.00015624950174242258,0.000230512705456835,True,True,True,False
2026-08-16 02:04:48,adapter_ctta,tile,monitor,C:/cira_batch_test/tile/bad_19.png,bad_19.png,anomaly,True,0.09871269762516022,0.09871269762516022,0.06531576363636363,0.06531576363636363,0.05311408117413522,False,False,16000,False,,False,0.0,cpu,patch_nearest_normal,last2,14,0.05,False,,,0.0001921045914059505,0.000230512705456835,False,True,True,False
2026-08-16 02:04:49,adapter_ctta,tile,monitor,C:/cira_batch_test/tile/good_4.png,good_4.png,normal,False,0.037896204739809036,0.03792956471443176,0.06531576363636363,0.06531576363636363,0.05311408117413522,False,False,16000,True,0.00020491387112997472,True,0.002651018090546131,cpu,patch_nearest_normal,last2,14,0.05,False,,,0.0002041502739302814,0.000230512705456835,True,True,True,False
2026-08-16 02:04:51,adapter_ctta,tile,monitor,C:/cira_batch_test/tile/bad_12.png,bad_12.png,normal,False,0.05461977794766426,0.05461977794766426,0.06531576363636363,0.06531576363636363,0.05311408117413522,False,False,16000,False,,False,0.0,cpu,patch_nearest_normal,last2,14,0.05,False,,,0.00020055356435477734,0.000230512705456835,False,True,True,False
2026-08-16 02:04:52,adapter_ctta,tile,monitor,C:/cira_batch_test/tile/good_18.png,good_18.png,anomaly,True,0.06636929512023926,0.06636929512023926,0.06531576363636363,0.06531576363636363,0.05311408117413522,False,False,16000,False,,False,0.0,cpu,patch_nearest_normal,last2,14,0.05,False,,,0.00022454516147263348,0.000230512705456835,False,True,True,False
2026-08-16 02:04:54,adapter_ctta,tile,monitor,C:/cira_batch_test/tile/bad_16.png,bad_16.png,anomaly,True,0.0830347090959549,0.0830347090959549,0.06531576363636363,0.06531576363636363,0.05311408117413522,False,False,16000,False,,False,0.0,cpu,patch_nearest_normal,last2,14,0.05,False,,,0.0002199372393079102,0.000230512705456835,False,True,True,False
2026-08-16 02:04:56,adapter_ctta,tile,monitor,C:/cira_batch_test/tile/good_6.png,good_6.png,normal,False,0.0465860478579998,0.04660078138113022,0.06531576363636363,0.06531576363636363,0.05311408117413522,False,False,16000,True,0.0001686682808212936,True,0.002623913576826453,cpu,patch_nearest_normal,last2,14,0.05,True,C:\cira_ttl_checkpoints\tile\patch_memory_bank_update_10.pt,C:\cira_ttl_checkpoints\tile\patch_adapter_update_10.pt,0.00017168198246508837,0.000230512705456835,True,True,True,False
2026-08-16 02:04:57,adapter_ctta,tile,monitor,C:/cira_batch_test/tile/good_13.png,good_13.png,normal,False,0.04896699637174606,0.04900822043418884,0.06531576363636363,0.06531576363636363,0.05311408117413522,False,False,16000,True,0.00015512735990341753,True,0.002545221010223031,cpu,patch_nearest_normal,last2,14,0.05,False,,,0.0001550987217342481,0.000230512705456835,True,True,True,False
2026-08-16 02:04:59,adapter_ctta,tile,monitor,C:/cira_batch_test/tile/good_15.png,good_15.png,normal,False,0.04235038161277771,0.042422644793987274,0.06531576363636363,0.06531576363636363,0.05311408117413522,False,False,16000,True,0.00017427200509700924,True,0.0025488955434411764,cpu,patch_nearest_normal,last2,14,0.05,False,,,0.00017677148571237922,0.000230512705456835,True,True,True,False
2026-08-16 02:05:01,adapter_ctta,tile,monitor,C:/cira_batch_test/tile/good_20.png,good_20.png,normal,False,0.042428452521562576,0.042501300573349,0.06531576363636363,0.06531576363636363,0.05311408117413522,False,False,16000,True,0.00019236553634982556,True,0.002548357006162405,cpu,patch_nearest_normal,last2,14,0.05,False,,,0.00017764605581760406,0.000230512705456835,True,True,True,False
2026-08-16 02:05:02,adapter_ctta,tile,monitor,C:/cira_batch_test/tile/bad_17.png,bad_17.png,anomaly,True,0.38612091541290283,0.38612091541290283,0.06531576363636363,0.06531576363636363,0.05311408117413522,False,False,16000,False,,False,0.0,cpu,patch_nearest_normal,last2,14,0.05,False,,,0.0002120956633007154,0.000230512705456835,False,True,True,False
2026-08-16 02:05:04,adapter_ctta,tile,monitor,C:/cira_batch_test/tile/good_11.png,good_11.png,normal,False,0.040003400295972824,0.04002447798848152,0.06531576363636363,0.06531576363636363,0.05311408117413522,False,False,16000,True,0.0001726645277813077,True,0.0025209905579686165,cpu,patch_nearest_normal,last2,14,0.05,False,,,0.00015871871437411755,0.000230512705456835,True,True,True,False
2026-08-16 02:05:05,adapter_ctta,tile,monitor,C:/cira_batch_test/tile/bad_20.png,bad_20.png,anomaly,True,0.11466856300830841,0.11466856300830841,0.06531576363636363,0.06531576363636363,0.05311408117413522,False,False,16000,False,,False,0.0,cpu,patch_nearest_normal,last2,14,0.05,False,,,0.00020541733829304576,0.000230512705456835,False,True,True,False
2026-08-16 02:05:07,adapter_ctta,tile,monitor,C:/cira_batch_test/tile/good_8.png,good_8.png,normal,False,0.04089510440826416,0.04097137600183487,0.06531576363636363,0.06531576363636363,0.05311408117413522,False,False,16000,True,0.00022442842600867152,True,0.00255030719563365,cpu,patch_nearest_normal,last2,14,0.05,False,,,0.00022339110728353262,0.000230512705456835,True,True,True,False
2026-08-16 02:05:08,adapter_ctta,tile,monitor,C:/cira_batch_test/tile/bad_10.png,bad_10.png,anomaly,True,0.10012073814868927,0.10012073814868927,0.06531576363636363,0.06531576363636363,0.05311408117413522,False,False,16000,False,,False,0.0,cpu,patch_nearest_normal,last2,14,0.05,False,,,0.00019441178301349282,0.000230512705456835,False,True,True,False
2026-08-16 02:05:10,adapter_ctta,tile,monitor,C:/cira_batch_test/tile/good_3.png,good_3.png,normal,False,0.04206666350364685,0.04215748980641365,0.06531576363636363,0.06531576363636363,0.05311408117413522,False,False,16000,True,0.00019375074771232903,True,0.002567731775343418,cpu,patch_nearest_normal,last2,14,0.05,False,,,0.00020018580835312605,0.000230512705456835,True,True,True,False
2026-08-16 02:05:12,adapter_ctta,tile,monitor,C:/cira_batch_test/tile/bad_11.png,bad_11.png,anomaly,True,0.14944975078105927,0.14944975078105927,0.06531576363636363,0.06531576363636363,0.05311408117413522,False,False,16000,False,,False,0.0,cpu,patch_nearest_normal,last2,14,0.05,False,,,0.00014685359201394022,0.000230512705456835,False,True,True,False
2026-08-16 02:05:13,adapter_ctta,tile,monitor,C:/cira_batch_test/tile/bad_18.png,bad_18.png,anomaly,True,0.07180284708738327,0.07180284708738327,0.06531576363636363,0.06531576363636363,0.05311408117413522,False,False,16000,False,,False,0.0,cpu,patch_nearest_normal,last2,14,0.05,False,,,0.00021143603953532875,0.000230512705456835,False,True,True,False
2026-08-16 02:05:15,adapter_ctta,tile,monitor,C:/cira_batch_test/tile/good_12.png,good_12.png,normal,False,0.04172512888908386,0.04177679494023323,0.06531576363636363,0.06531576363636363,0.05311408117413522,False,False,16000,True,0.0002136170951416716,True,0.0025787034537643194,cpu,patch_nearest_normal,last2,14,0.05,False,,,0.0002048429159913212,0.000230512705456835,True,True,True,False
2026-08-16 02:05:17,adapter_ctta,tile,monitor,C:/cira_batch_test/tile/good_17.png,good_17.png,normal,False,0.04743935540318489,0.047518014907836914,0.06531576363636363,0.06531576363636363,0.05311408117413522,False,False,16000,True,0.00022175488993525505,True,0.002593421144410968,cpu,patch_nearest_normal,last2,14,0.05,False,,,0.00020272242545615882,0.000230512705456835,True,True,True,False
2026-08-16 02:05:18,adapter_ctta,tile,monitor,C:/cira_batch_test/tile/bad_5.png,bad_5.png,anomaly,True,0.15737538039684296,0.15737538039684296,0.06531576363636363,0.06531576363636363,0.05311408117413522,False,False,16000,False,,False,0.0,cpu,patch_nearest_normal,last2,14,0.05,False,,,0.0001120843953685835,0.000230512705456835,False,True,True,False
2026-08-16 02:05:20,adapter_ctta,tile,monitor,C:/cira_batch_test/tile/bad_6.png,bad_6.png,anomaly,True,0.22839775681495667,0.22839775681495667,0.06531576363636363,0.06531576363636363,0.05311408117413522,False,False,16000,False,,False,0.0,cpu,patch_nearest_normal,last2,14,0.05,False,,,0.000234817445743829,0.000230512705456835,False,False,True,False
2026-08-16 02:05:21,adapter_ctta,tile,monitor,C:/cira_batch_test/tile/bad_7.png,bad_7.png,anomaly,True,0.2117277830839157,0.2117277830839157,0.06531576363636363,0.06531576363636363,0.05311408117413522,False,False,16000,False,,False,0.0,cpu,patch_nearest_normal,last2,14,0.05,False,,,0.00020650112128350884,0.000230512705456835,False,True,True,False
2026-08-16 02:05:23,adapter_ctta,tile,monitor,C:/cira_batch_test/tile/bad_9.png,bad_9.png,anomaly,True,0.318618506193161,0.318618506193161,0.06531576363636363,0.06531576363636363,0.05311408117413522,False,False,16000,False,,False,0.0,cpu,patch_nearest_normal,last2,14,0.05,False,,,0.00021088177163619548,0.000230512705456835,False,True,True,False
2026-08-16 02:05:24,adapter_ctta,tile,monitor,C:/cira_batch_test/tile/bad_4.png,bad_4.png,anomaly,True,0.11493337154388428,0.11493337154388428,0.06531576363636363,0.06531576363636363,0.05311408117413522,False,False,16000,False,,False,0.0,cpu,patch_nearest_normal,last2,14,0.05,False,,,0.00014317582827061415,0.000230512705456835,False,True,True,False
2026-08-16 02:05:26,adapter_ctta,tile,monitor,C:/cira_batch_test/tile/bad_2.png,bad_2.png,anomaly,True,0.4353209137916565,0.4353209137916565,0.06531576363636363,0.06531576363636363,0.05311408117413522,False,False,16000,False,,False,0.0,cpu,patch_nearest_normal,last2,14,0.05,False,,,0.00011805079702753574,0.000230512705456835,False,True,True,False
2026-08-16 02:05:27,adapter_ctta,toothbrush,monitor,C:/cira_batch_test/toothbrush/good_1.png,good_1.png,normal,False,0.051045335829257965,0.051045335829257965,0.0701888715806552,0.0701888715806552,0.0501871842890978,False,False,9408,False,,False,0.0,cpu,patch_nearest_normal,last2,14,0.05,False,,,0.0001170917457784526,0.00012676088372241001,False,True,True,False
2026-08-16 02:05:29,adapter_ctta,toothbrush,monitor,C:/cira_batch_test/toothbrush/good_7.png,good_7.png,normal,False,0.06097178906202316,0.06097178906202316,0.0701888715806552,0.0701888715806552,0.0501871842890978,False,False,9408,False,,False,0.0,cpu,patch_nearest_normal,last2,14,0.05,False,,,0.00012353845522738993,0.00012676088372241001,False,True,True,False
2026-08-16 02:05:31,adapter_ctta,toothbrush,monitor,C:/cira_batch_test/toothbrush/good_9.png,good_9.png,normal,False,0.04554165154695511,0.04551086947321892,0.0701888715806552,0.0701888715806552,0.0501871842890978,False,False,9408,True,0.00012212165165692568,True,0.0030161712784320116,cpu,patch_nearest_normal,last2,14,0.05,False,,,0.00011756033200072125,0.00012676088372241001,True,True,True,False
2026-08-16 02:05:32,adapter_ctta,toothbrush,monitor,C:/cira_batch_test/toothbrush/bad_8.png,bad_8.png,anomaly,True,0.35592401027679443,0.35592401027679443,0.0701888715806552,0.0701888715806552,0.0501871842890978,False,False,9408,False,,False,0.0,cpu,patch_nearest_normal,last2,14,0.05,False,,,0.00011649147927528247,0.00012676088372241001,False,True,True,False
2026-08-16 02:05:34,adapter_ctta,toothbrush,monitor,C:/cira_batch_test/toothbrush/bad_1.png,bad_1.png,anomaly,True,0.2979026436805725,0.2979026436805725,0.0701888715806552,0.0701888715806552,0.0501871842890978,False,False,9408,False,,False,0.0,cpu,patch_nearest_normal,last2,14,0.05,False,,,0.00011260354949627072,0.00012676088372241001,False,True,True,False
2026-08-16 02:05:35,adapter_ctta,toothbrush,monitor,C:/cira_batch_test/toothbrush/bad_14.png,bad_14.png,anomaly,True,0.2594023644924164,0.2594023644924164,0.0701888715806552,0.0701888715806552,0.0501871842890978,False,False,9408,False,,False,0.0,cpu,patch_nearest_normal,last2,14,0.05,False,,,0.00011871164315380156,0.00012676088372241001,False,True,True,False
2026-08-16 02:05:37,adapter_ctta,toothbrush,monitor,C:/cira_batch_test/toothbrush/bad_15.png,bad_15.png,normal,False,0.06449826061725616,0.06449826061725616,0.0701888715806552,0.0701888715806552,0.0501871842890978,False,False,9408,False,,False,0.0,cpu,patch_nearest_normal,last2,14,0.05,False,,,0.00012311800674069673,0.00012676088372241001,False,True,True,False
2026-08-16 02:05:38,adapter_ctta,toothbrush,monitor,C:/cira_batch_test/toothbrush/good_19.png,good_19.png,normal,False,0.018780196085572243,0.018744712695479393,0.0701888715806552,0.0701888715806552,0.0501871842890978,False,False,9408,True,0.0001271428045583889,True,0.0027281977236270905,cpu,patch_nearest_normal,last2,14,0.05,False,,,0.00011366202670615166,0.00012676088372241001,True,True,True,False
2026-08-16 02:05:40,adapter_ctta,toothbrush,monitor,C:/cira_batch_test/toothbrush/bad_3.png,bad_3.png,anomaly,True,0.13607041537761688,0.13607041537761688,0.0701888715806552,0.0701888715806552,0.0501871842890978,False,False,9408,False,,False,0.0,cpu,patch_nearest_normal,last2,14,0.05,False,,,0.00011258439189987257,0.00012676088372241001,False,True,True,False
2026-08-16 02:05:42,adapter_ctta,toothbrush,monitor,C:/cira_batch_test/toothbrush/good_5.png,good_5.png,normal,False,0.018368523567914963,0.018352407962083817,0.0701888715806552,0.0701888715806552,0.0501871842890978,False,False,9408,True,0.0001308685605181381,True,0.0026542607229202986,cpu,patch_nearest_normal,last2,14,0.05,False,,,0.00011216075654374436,0.00012676088372241001,True,True,True,False
2026-08-16 02:05:43,adapter_ctta,toothbrush,monitor,C:/cira_batch_test/toothbrush/good_16.png,good_16.png,normal,False,0.04470362514257431,0.044672153890132904,0.0701888715806552,0.0701888715806552,0.0501871842890978,False,False,9408,True,0.00012273440370336175,True,0.002645893022418022,cpu,patch_nearest_normal,last2,14,0.05,False,,,0.00011347635154379532,0.00012676088372241001,True,True,True,False
2026-08-16 02:05:45,adapter_ctta,toothbrush,monitor,C:/cira_batch_test/toothbrush/good_14.png,good_14.png,normal,False,0.06923025101423264,0.06923025101423264,0.0701888715806552,0.0701888715806552,0.0501871842890978,False,False,9408,False,,False,0.0,cpu,patch_nearest_normal,last2,14,0.05,False,,,0.0001158142404165119,0.00012676088372241001,False,True,True,False
2026-08-16 02:05:46,adapter_ctta,toothbrush,monitor,C:/cira_batch_test/toothbrush/good_2.png,good_2.png,normal,False,0.061895839869976044,0.061895839869976044,0.0701888715806552,0.0701888715806552,0.0501871842890978,False,False,9408,False,,False,0.0,cpu,patch_nearest_normal,last2,14,0.05,False,,,0.00010923100489890203,0.00012676088372241001,False,True,True,False
2026-08-16 02:05:48,adapter_ctta,toothbrush,monitor,C:/cira_batch_test/toothbrush/bad_13.png,bad_13.png,normal,False,0.05627650022506714,0.05627650022506714,0.0701888715806552,0.0701888715806552,0.0501871842890978,False,False,9408,False,,False,0.0,cpu,patch_nearest_normal,last2,14,0.05,False,,,0.00011254452692810446,0.00012676088372241001,False,True,True,False
2026-08-16 02:05:49,adapter_ctta,toothbrush,monitor,C:/cira_batch_test/toothbrush/good_10.png,good_10.png,anomaly,True,0.07868047803640366,0.07868047803640366,0.0701888715806552,0.0701888715806552,0.0501871842890978,False,False,9408,False,,False,0.0,cpu,patch_nearest_normal,last2,14,0.05,False,,,0.00012368831085041165,0.00012676088372241001,False,True,True,False
2026-08-16 02:05:51,adapter_ctta,toothbrush,monitor,C:/cira_batch_test/toothbrush/bad_19.png,bad_19.png,anomaly,True,0.07851941883563995,0.07851941883563995,0.0701888715806552,0.0701888715806552,0.0501871842890978,False,False,9408,False,,False,0.0,cpu,patch_nearest_normal,last2,14,0.05,False,,,0.00011041515972465277,0.00012676088372241001,False,True,True,False
2026-08-16 02:05:53,adapter_ctta,toothbrush,monitor,C:/cira_batch_test/toothbrush/good_4.png,good_4.png,normal,False,0.04792337864637375,0.04791272431612015,0.0701888715806552,0.0701888715806552,0.0501871842890978,False,False,9408,True,0.0001232253562193364,True,0.0026112773921340704,cpu,patch_nearest_normal,last2,14,0.05,False,,,0.000120473065180704,0.00012676088372241001,True,True,True,False
2026-08-16 02:05:54,adapter_ctta,toothbrush,monitor,C:/cira_batch_test/toothbrush/bad_12.png,bad_12.png,anomaly,True,0.373121440410614,0.373121440410614,0.0701888715806552,0.0701888715806552,0.0501871842890978,False,False,9408,False,,False,0.0,cpu,patch_nearest_normal,last2,14,0.05,False,,,0.00012229091953486204,0.00012676088372241001,False,True,True,False
2026-08-16 02:05:56,adapter_ctta,toothbrush,monitor,C:/cira_batch_test/toothbrush/good_18.png,good_18.png,normal,False,0.04655978083610535,0.046553634107112885,0.0701888715806552,0.0701888715806552,0.0501871842890978,False,False,9408,True,0.00011978542170254514,True,0.0026024666149169207,cpu,patch_nearest_normal,last2,14,0.05,False,,,0.00011749471741495654,0.00012676088372241001,True,True,True,False
2026-08-16 02:05:57,adapter_ctta,toothbrush,monitor,C:/cira_batch_test/toothbrush/bad_16.png,bad_16.png,anomaly,True,0.34754857420921326,0.34754857420921326,0.0701888715806552,0.0701888715806552,0.0501871842890978,False,False,9408,False,,False,0.0,cpu,patch_nearest_normal,last2,14,0.05,False,,,0.0001205081061925739,0.00012676088372241001,False,True,True,False
2026-08-16 02:05:59,adapter_ctta,toothbrush,monitor,C:/cira_batch_test/toothbrush/good_6.png,good_6.png,normal,False,0.04851587861776352,0.04847786948084831,0.0701888715806552,0.0701888715806552,0.0501871842890978,False,False,9408,True,0.00012923656322527677,True,0.002568569267168641,cpu,patch_nearest_normal,last2,14,0.05,False,,,0.00011611254012677819,0.00012676088372241001,True,True,True,False
2026-08-16 02:06:01,adapter_ctta,toothbrush,monitor,C:/cira_batch_test/toothbrush/good_13.png,good_13.png,normal,False,0.05620565265417099,0.05620565265417099,0.0701888715806552,0.0701888715806552,0.0501871842890978,False,False,9408,False,,False,0.0,cpu,patch_nearest_normal,last2,14,0.05,False,,,0.00012149912072345614,0.00012676088372241001,False,True,True,False
2026-08-16 02:06:02,adapter_ctta,toothbrush,monitor,C:/cira_batch_test/toothbrush/good_15.png,good_15.png,normal,False,0.050355829298496246,0.050355829298496246,0.0701888715806552,0.0701888715806552,0.0501871842890978,False,False,9408,False,,False,0.0,cpu,patch_nearest_normal,last2,14,0.05,False,,,0.00011154035018989816,0.00012676088372241001,False,True,True,False
2026-08-16 02:06:04,adapter_ctta,toothbrush,monitor,C:/cira_batch_test/toothbrush/good_20.png,good_20.png,normal,False,0.018351953476667404,0.018359089270234108,0.0701888715806552,0.0701888715806552,0.0501871842890978,False,False,9408,True,0.00012866924225818366,True,0.002548552118241787,cpu,patch_nearest_normal,last2,14,0.05,False,,,0.00012077339488314465,0.00012676088372241001,True,True,True,False
2026-08-16 02:06:05,adapter_ctta,toothbrush,monitor,C:/cira_batch_test/toothbrush/bad_17.png,bad_17.png,anomaly,True,0.26303404569625854,0.26303404569625854,0.0701888715806552,0.0701888715806552,0.0501871842890978,False,False,9408,False,,False,0.0,cpu,patch_nearest_normal,last2,14,0.05,False,,,0.00012426049215719104,0.00012676088372241001,False,True,True,False
2026-08-16 02:06:07,adapter_ctta,toothbrush,monitor,C:/cira_batch_test/toothbrush/good_11.png,good_11.png,normal,False,0.05330472066998482,0.05330472066998482,0.0701888715806552,0.0701888715806552,0.0501871842890978,False,False,9408,False,,False,0.0,cpu,patch_nearest_normal,last2,14,0.05,False,,,0.00011944848665734753,0.00012676088372241001,False,True,True,False
2026-08-16 02:06:08,adapter_ctta,toothbrush,monitor,C:/cira_batch_test/toothbrush/bad_20.png,bad_20.png,anomaly,True,0.32479992508888245,0.32479992508888245,0.0701888715806552,0.0701888715806552,0.0501871842890978,False,False,9408,False,,False,0.0,cpu,patch_nearest_normal,last2,14,0.05,False,,,0.00012199283810332417,0.00012676088372241001,False,True,True,False
2026-08-16 02:06:10,adapter_ctta,toothbrush,monitor,C:/cira_batch_test/toothbrush/good_8.png,good_8.png,anomaly,True,0.07637017965316772,0.07637017965316772,0.0701888715806552,0.0701888715806552,0.0501871842890978,False,False,9408,False,,False,0.0,cpu,patch_nearest_normal,last2,14,0.05,False,,,0.00012717695790342987,0.00012676088372241001,False,False,True,False
2026-08-16 02:06:11,adapter_ctta,toothbrush,monitor,C:/cira_batch_test/toothbrush/bad_10.png,bad_10.png,anomaly,True,0.14079923927783966,0.14079923927783966,0.0701888715806552,0.0701888715806552,0.0501871842890978,False,False,9408,False,,False,0.0,cpu,patch_nearest_normal,last2,14,0.05,False,,,0.0001177187732537277,0.00012676088372241001,False,True,True,False
2026-08-16 02:06:13,adapter_ctta,toothbrush,monitor,C:/cira_batch_test/toothbrush/good_3.png,good_3.png,normal,False,0.04007474705576897,0.040070705115795135,0.0701888715806552,0.0701888715806552,0.0501871842890978,False,False,9408,True,0.000122821016702801,True,0.002540764631703496,cpu,patch_nearest_normal,last2,14,0.05,False,,,0.0001142940454883501,0.00012676088372241001,True,True,True,False
2026-08-16 02:06:14,adapter_ctta,toothbrush,monitor,C:/cira_batch_test/toothbrush/bad_11.png,bad_11.png,anomaly,True,0.2781166136264801,0.2781166136264801,0.0701888715806552,0.0701888715806552,0.0501871842890978,False,False,9408,False,,False,0.0,cpu,patch_nearest_normal,last2,14,0.05,False,,,0.00010691711213439703,0.00012676088372241001,False,True,True,False
2026-08-16 02:06:16,adapter_ctta,toothbrush,monitor,C:/cira_batch_test/toothbrush/bad_18.png,bad_18.png,anomaly,True,0.2690415680408478,0.2690415680408478,0.0701888715806552,0.0701888715806552,0.0501871842890978,False,False,9408,False,,False,0.0,cpu,patch_nearest_normal,last2,14,0.05,False,,,0.00012046912161167711,0.00012676088372241001,False,True,True,False
2026-08-16 02:06:17,adapter_ctta,toothbrush,monitor,C:/cira_batch_test/toothbrush/good_12.png,good_12.png,normal,False,0.05971778556704521,0.05971778556704521,0.0701888715806552,0.0701888715806552,0.0501871842890978,False,False,9408,False,,False,0.0,cpu,patch_nearest_normal,last2,14,0.05,False,,,0.00012084889021934941,0.00012676088372241001,False,True,True,False
2026-08-16 02:06:19,adapter_ctta,toothbrush,monitor,C:/cira_batch_test/toothbrush/good_17.png,good_17.png,normal,False,0.01971377804875374,0.019731635227799416,0.0701888715806552,0.0701888715806552,0.0501871842890978,False,False,9408,True,0.00011914102651644498,True,0.002534849103540182,cpu,patch_nearest_normal,last2,14,0.05,True,C:\cira_ttl_checkpoints\toothbrush\patch_memory_bank_update_10.pt,C:\cira_ttl_checkpoints\toothbrush\patch_adapter_update_10.pt,0.00010819995077326894,0.00012676088372241001,True,True,True,False
2026-08-16 02:06:21,adapter_ctta,toothbrush,monitor,C:/cira_batch_test/toothbrush/bad_5.png,bad_5.png,normal,False,0.056012142449617386,0.056012142449617386,0.0701888715806552,0.0701888715806552,0.0501871842890978,False,False,9408,False,,False,0.0,cpu,patch_nearest_normal,last2,14,0.05,False,,,0.0001176391015178524,0.00012676088372241001,False,True,True,False
2026-08-16 02:06:22,adapter_ctta,toothbrush,monitor,C:/cira_batch_test/toothbrush/bad_6.png,bad_6.png,normal,False,0.056090086698532104,0.056090086698532104,0.0701888715806552,0.0701888715806552,0.0501871842890978,False,False,9408,False,,False,0.0,cpu,patch_nearest_normal,last2,14,0.05,False,,,0.00011794713645940647,0.00012676088372241001,False,True,True,False
2026-08-16 02:06:24,adapter_ctta,toothbrush,monitor,C:/cira_batch_test/toothbrush/bad_7.png,bad_7.png,anomaly,True,0.13604438304901123,0.13604438304901123,0.0701888715806552,0.0701888715806552,0.0501871842890978,False,False,9408,False,,False,0.0,cpu,patch_nearest_normal,last2,14,0.05,False,,,0.00011981726856902242,0.00012676088372241001,False,True,True,False
2026-08-16 02:06:25,adapter_ctta,toothbrush,monitor,C:/cira_batch_test/toothbrush/bad_9.png,bad_9.png,normal,False,0.04929420351982117,0.049303967505693436,0.0701888715806552,0.0701888715806552,0.0501871842890978,False,False,9408,True,0.0001234109658980742,True,0.0025289347395300865,cpu,patch_nearest_normal,last2,14,0.05,False,,,0.00011889099550899118,0.00012676088372241001,True,True,True,False
2026-08-16 02:06:27,adapter_ctta,toothbrush,monitor,C:/cira_batch_test/toothbrush/bad_4.png,bad_4.png,anomaly,True,0.07313133031129837,0.07313133031129837,0.0701888715806552,0.0701888715806552,0.0501871842890978,False,False,9408,False,,False,0.0,cpu,patch_nearest_normal,last2,14,0.05,False,,,0.00011533458018675447,0.00012676088372241001,False,True,True,False
2026-08-16 02:06:28,adapter_ctta,toothbrush,monitor,C:/cira_batch_test/toothbrush/bad_2.png,bad_2.png,normal,False,0.0671747624874115,0.0671747624874115,0.0701888715806552,0.0701888715806552,0.0501871842890978,False,False,9408,False,,False,0.0,cpu,patch_nearest_normal,last2,14,0.05,False,,,0.00010475835006218404,0.00012676088372241001,False,True,True,False
2026-08-16 02:06:30,adapter_ctta,transistor,monitor,C:/cira_batch_test/transistor/good_1.png,good_1.png,normal,False,0.05782352015376091,0.05777197331190109,0.08374595860198465,0.08374595860198465,0.075458013266325,False,False,16000,True,0.00018796816584654152,True,0.0030276039615273476,cpu,patch_nearest_normal,last2,14,0.05,False,,,0.00016019705799408257,0.000183458399987945,True,True,True,False
2026-08-16 02:06:32,adapter_ctta,transistor,monitor,C:/cira_batch_test/transistor/good_7.png,good_7.png,normal,False,0.07240336388349533,0.0723598524928093,0.08374595860198465,0.08374595860198465,0.075458013266325,False,False,16000,True,0.00019395873823668808,True,0.002773506101220846,cpu,patch_nearest_normal,last2,14,0.05,False,,,0.00016770132060628384,0.000183458399987945,True,True,True,False
2026-08-16 02:06:34,adapter_ctta,transistor,monitor,C:/cira_batch_test/transistor/good_9.png,good_9.png,normal,False,0.07650576531887054,0.07650576531887054,0.08374595860198465,0.08374595860198465,0.075458013266325,False,False,16000,False,,False,0.0,cpu,patch_nearest_normal,last2,14,0.05,False,,,0.00018763856496661901,0.000183458399987945,False,False,True,False
2026-08-16 02:06:35,adapter_ctta,transistor,monitor,C:/cira_batch_test/transistor/bad_8.png,bad_8.png,anomaly,True,0.17348578572273254,0.17348578572273254,0.08374595860198465,0.08374595860198465,0.075458013266325,False,False,16000,False,,False,0.0,cpu,patch_nearest_normal,last2,14,0.05,False,,,0.00017106627637986094,0.000183458399987945,False,True,True,False
2026-08-16 02:06:37,adapter_ctta,transistor,monitor,C:/cira_batch_test/transistor/bad_1.png,bad_1.png,anomaly,True,0.12208173424005508,0.12208173424005508,0.08374595860198465,0.08374595860198465,0.075458013266325,False,False,16000,False,,False,0.0,cpu,patch_nearest_normal,last2,14,0.05,False,,,0.00018312143220100552,0.000183458399987945,False,True,True,False
2026-08-16 02:06:38,adapter_ctta,transistor,monitor,C:/cira_batch_test/transistor/bad_14.png,bad_14.png,anomaly,True,0.10481997579336166,0.10481997579336166,0.08374595860198465,0.08374595860198465,0.075458013266325,False,False,16000,False,,False,0.0,cpu,patch_nearest_normal,last2,14,0.05,False,,,0.00016096944455057383,0.000183458399987945,False,True,True,False
2026-08-16 02:06:40,adapter_ctta,transistor,monitor,C:/cira_batch_test/transistor/bad_15.png,bad_15.png,anomaly,True,0.09777096658945084,0.09777096658945084,0.08374595860198465,0.08374595860198465,0.075458013266325,False,False,16000,False,,False,0.0,cpu,patch_nearest_normal,last2,14,0.05,False,,,0.0001777804718585685,0.000183458399987945,False,True,True,False
2026-08-16 02:06:41,adapter_ctta,transistor,monitor,C:/cira_batch_test/transistor/good_19.png,good_19.png,normal,False,0.07853606343269348,0.07853606343269348,0.08374595860198465,0.08374595860198465,0.075458013266325,False,False,16000,False,,False,0.0,cpu,patch_nearest_normal,last2,14,0.05,False,,,0.00016126155969686806,0.000183458399987945,False,True,True,False
2026-08-16 02:06:43,adapter_ctta,transistor,monitor,C:/cira_batch_test/transistor/bad_3.png,bad_3.png,anomaly,True,0.10234762728214264,0.10234762728214264,0.08374595860198465,0.08374595860198465,0.075458013266325,False,False,16000,False,,False,0.0,cpu,patch_nearest_normal,last2,14,0.05,False,,,0.00015809368051122874,0.000183458399987945,False,True,True,False
2026-08-16 02:06:45,adapter_ctta,transistor,monitor,C:/cira_batch_test/transistor/good_5.png,good_5.png,normal,False,0.06897135078907013,0.06894693523645401,0.08374595860198465,0.08374595860198465,0.075458013266325,False,False,16000,True,0.00020217207202222198,True,0.002691377652809024,cpu,patch_nearest_normal,last2,14,0.05,False,,,0.00018333658226765692,0.000183458399987945,True,True,True,False
2026-08-16 02:06:46,adapter_ctta,transistor,monitor,C:/cira_batch_test/transistor/good_16.png,good_16.png,normal,False,0.07530702650547028,0.07530702650547028,0.08374595860198465,0.08374595860198465,0.075458013266325,False,False,16000,False,,False,0.0,cpu,patch_nearest_normal,last2,14,0.05,False,,,0.00018710902077145875,0.000183458399987945,True,False,True,False
2026-08-16 02:06:48,adapter_ctta,transistor,monitor,C:/cira_batch_test/transistor/good_14.png,good_14.png,normal,False,0.06556940078735352,0.0655096024274826,0.08374595860198465,0.08374595860198465,0.075458013266325,False,False,16000,True,0.00018565668142400682,True,0.0026141435373574495,cpu,patch_nearest_normal,last2,14,0.05,False,,,0.0001771272363839671,0.000183458399987945,True,True,True,False
2026-08-16 02:06:50,adapter_ctta,transistor,monitor,C:/cira_batch_test/transistor/good_2.png,good_2.png,normal,False,0.08235619962215424,0.08235619962215424,0.08374595860198465,0.08374595860198465,0.075458013266325,False,False,16000,False,,False,0.0,cpu,patch_nearest_normal,last2,14,0.05,False,,,0.0001883158547570929,0.000183458399987945,False,False,True,False
2026-08-16 02:06:51,adapter_ctta,transistor,monitor,C:/cira_batch_test/transistor/bad_13.png,bad_13.png,anomaly,True,0.10952611267566681,0.10952611267566681,0.08374595860198465,0.08374595860198465,0.075458013266325,False,False,16000,False,,False,0.0,cpu,patch_nearest_normal,last2,14,0.05,False,,,0.00017781574570108205,0.000183458399987945,False,True,True,False
2026-08-16 02:06:53,adapter_ctta,transistor,monitor,C:/cira_batch_test/transistor/good_10.png,good_10.png,normal,False,0.07560794800519943,0.07560794800519943,0.08374595860198465,0.08374595860198465,0.075458013266325,False,False,16000,False,,False,0.0,cpu,patch_nearest_normal,last2,14,0.05,False,,,0.00017379653581883758,0.000183458399987945,False,True,True,False
2026-08-16 02:06:54,adapter_ctta,transistor,monitor,C:/cira_batch_test/transistor/bad_19.png,bad_19.png,anomaly,True,0.09964834153652191,0.09964834153652191,0.08374595860198465,0.08374595860198465,0.075458013266325,False,False,16000,False,,False,0.0,cpu,patch_nearest_normal,last2,14,0.05,False,,,0.00016940316709224135,0.000183458399987945,False,True,True,False
2026-08-16 02:06:56,adapter_ctta,transistor,monitor,C:/cira_batch_test/transistor/good_4.png,good_4.png,normal,False,0.06407546252012253,0.0640561580657959,0.08374595860198465,0.08374595860198465,0.075458013266325,False,False,16000,True,0.00018739225924946368,True,0.002583226887509227,cpu,patch_nearest_normal,last2,14,0.05,False,,,0.00017086720617953688,0.000183458399987945,True,True,True,False
2026-08-16 02:06:58,adapter_ctta,transistor,monitor,C:/cira_batch_test/transistor/bad_12.png,bad_12.png,anomaly,True,0.25157660245895386,0.25157660245895386,0.08374595860198465,0.08374595860198465,0.075458013266325,False,False,16000,False,,False,0.0,cpu,patch_nearest_normal,last2,14,0.05,False,,,0.00014944671420380473,0.000183458399987945,False,True,True,False
2026-08-16 02:06:59,adapter_ctta,transistor,monitor,C:/cira_batch_test/transistor/good_18.png,good_18.png,normal,False,0.06862308084964752,0.06858991086483002,0.08374595860198465,0.08374595860198465,0.075458013266325,False,False,16000,True,0.00020000124641228467,True,0.0025663687847554684,cpu,patch_nearest_normal,last2,14,0.05,False,,,0.00016604307165835053,0.000183458399987945,True,True,True,False
2026-08-16 02:07:01,adapter_ctta,transistor,monitor,C:/cira_batch_test/transistor/bad_16.png,bad_16.png,anomaly,True,0.17918401956558228,0.17918401956558228,0.08374595860198465,0.08374595860198465,0.075458013266325,False,False,16000,False,,False,0.0,cpu,patch_nearest_normal,last2,14,0.05,False,,,0.00018458075646776706,0.000183458399987945,False,False,True,False
2026-08-16 02:07:03,adapter_ctta,transistor,monitor,C:/cira_batch_test/transistor/good_6.png,good_6.png,normal,False,0.06791098415851593,0.0678732693195343,0.08374595860198465,0.08374595860198465,0.075458013266325,False,False,16000,True,0.00019062038336414844,True,0.0025577980559319258,cpu,patch_nearest_normal,last2,14,0.05,False,,,0.00016916195454541594,0.000183458399987945,True,True,True,False
2026-08-16 02:07:04,adapter_ctta,transistor,monitor,C:/cira_batch_test/transistor/good_13.png,good_13.png,normal,False,0.05918734520673752,0.05916435271501541,0.08374595860198465,0.08374595860198465,0.075458013266325,False,False,16000,True,0.00018971094687003642,True,0.002559589222073555,cpu,patch_nearest_normal,last2,14,0.05,False,,,0.00018297640781383961,0.000183458399987945,True,True,True,False
2026-08-16 02:07:06,adapter_ctta,transistor,monitor,C:/cira_batch_test/transistor/good_15.png,good_15.png,normal,False,0.07370999455451965,0.07368941605091095,0.08374595860198465,0.08374595860198465,0.075458013266325,False,False,16000,True,0.00018196651944890618,True,0.0025453686248511076,cpu,patch_nearest_normal,last2,14,0.05,False,,,0.00016352628881577402,0.000183458399987945,True,True,True,False
2026-08-16 02:07:08,adapter_ctta,transistor,monitor,C:/cira_batch_test/transistor/good_20.png,good_20.png,normal,False,0.07433433085680008,0.07431957125663757,0.08374595860198465,0.08374595860198465,0.075458013266325,False,False,16000,True,0.00019963810336776078,True,0.002545763971284032,cpu,patch_nearest_normal,last2,14,0.05,True,C:\cira_ttl_checkpoints\transistor\patch_memory_bank_update_10.pt,C:\cira_ttl_checkpoints\transistor\patch_adapter_update_10.pt,0.00017406696861144155,0.000183458399987945,True,True,True,False
2026-08-16 02:07:09,adapter_ctta,transistor,monitor,C:/cira_batch_test/transistor/bad_17.png,bad_17.png,anomaly,True,0.20560121536254883,0.20560121536254883,0.08374595860198465,0.08374595860198465,0.075458013266325,False,False,16000,False,,False,0.0,cpu,patch_nearest_normal,last2,14,0.05,False,,,0.0001829014072427526,0.000183458399987945,False,True,True,False
2026-08-16 02:07:11,adapter_ctta,transistor,monitor,C:/cira_batch_test/transistor/good_11.png,good_11.png,normal,False,0.06738521158695221,0.06738521158695221,0.08374595860198465,0.08374595860198465,0.075458013266325,False,False,16000,False,,False,0.0,cpu,patch_nearest_normal,last2,14,0.05,False,,,0.00018491657101549208,0.000183458399987945,True,False,True,False
2026-08-16 02:07:13,adapter_ctta,transistor,monitor,C:/cira_batch_test/transistor/bad_20.png,bad_20.png,anomaly,True,0.29078593850135803,0.29078593850135803,0.08374595860198465,0.08374595860198465,0.075458013266325,False,False,16000,False,,False,0.0,cpu,patch_nearest_normal,last2,14,0.05,False,,,0.00017671496607363224,0.000183458399987945,False,True,True,False
2026-08-16 02:07:14,adapter_ctta,transistor,monitor,C:/cira_batch_test/transistor/good_8.png,good_8.png,normal,False,0.05978815630078316,0.05978967994451523,0.08374595860198465,0.08374595860198465,0.075458013266325,False,False,16000,True,0.00019178776710759848,True,0.0025459355674684048,cpu,patch_nearest_normal,last2,14,0.05,False,,,0.00015353264461737126,0.000183458399987945,True,True,True,False
2026-08-16 02:07:16,adapter_ctta,transistor,monitor,C:/cira_batch_test/transistor/bad_10.png,bad_10.png,anomaly,True,0.13178206980228424,0.13178206980228424,0.08374595860198465,0.08374595860198465,0.075458013266325,False,False,16000,False,,False,0.0,cpu,patch_nearest_normal,last2,14,0.05,False,,,0.00015787759912200272,0.000183458399987945,False,True,True,False
2026-08-16 02:07:17,adapter_ctta,transistor,monitor,C:/cira_batch_test/transistor/good_3.png,good_3.png,anomaly,True,0.08451365679502487,0.08451365679502487,0.08374595860198465,0.08374595860198465,0.075458013266325,False,False,16000,False,,False,0.0,cpu,patch_nearest_normal,last2,14,0.05,False,,,0.0001559293596073985,0.000183458399987945,False,True,True,False
2026-08-16 02:07:19,adapter_ctta,transistor,monitor,C:/cira_batch_test/transistor/bad_11.png,bad_11.png,normal,False,0.07647597044706345,0.07647597044706345,0.08374595860198465,0.08374595860198465,0.075458013266325,False,False,16000,False,,False,0.0,cpu,patch_nearest_normal,last2,14,0.05,False,,,0.00017212945385836065,0.000183458399987945,False,True,True,False
2026-08-16 02:07:21,adapter_ctta,transistor,monitor,C:/cira_batch_test/transistor/bad_18.png,bad_18.png,anomaly,True,0.14757996797561646,0.14757996797561646,0.08374595860198465,0.08374595860198465,0.075458013266325,False,False,16000,False,,False,0.0,cpu,patch_nearest_normal,last2,14,0.05,False,,,0.00017824236419983208,0.000183458399987945,False,True,True,False
2026-08-16 02:07:22,adapter_ctta,transistor,monitor,C:/cira_batch_test/transistor/good_12.png,good_12.png,normal,False,0.06129767745733261,0.06129767745733261,0.08374595860198465,0.08374595860198465,0.075458013266325,False,False,16000,False,,False,0.0,cpu,patch_nearest_normal,last2,14,0.05,False,,,0.0001848567189881578,0.000183458399987945,True,False,True,False
2026-08-16 02:07:24,adapter_ctta,transistor,monitor,C:/cira_batch_test/transistor/good_17.png,good_17.png,normal,False,0.05799900367856026,0.057997070252895355,0.08374595860198465,0.08374595860198465,0.075458013266325,False,False,16000,True,0.00018586570513434708,True,0.002537763211876154,cpu,patch_nearest_normal,last2,14,0.05,False,,,0.0001690729259280488,0.000183458399987945,True,True,True,False
2026-08-16 02:07:25,adapter_ctta,transistor,monitor,C:/cira_batch_test/transistor/bad_5.png,bad_5.png,anomaly,True,0.11655139923095703,0.11655139923095703,0.08374595860198465,0.08374595860198465,0.075458013266325,False,False,16000,False,,False,0.0,cpu,patch_nearest_normal,last2,14,0.05,False,,,0.0001773963449522853,0.000183458399987945,False,True,True,False
2026-08-16 02:07:27,adapter_ctta,transistor,monitor,C:/cira_batch_test/transistor/bad_6.png,bad_6.png,anomaly,True,0.0919775515794754,0.0919775515794754,0.08374595860198465,0.08374595860198465,0.075458013266325,False,False,16000,False,,False,0.0,cpu,patch_nearest_normal,last2,14,0.05,False,,,0.00015965841885190457,0.000183458399987945,False,True,True,False
2026-08-16 02:07:29,adapter_ctta,transistor,monitor,C:/cira_batch_test/transistor/bad_7.png,bad_7.png,anomaly,True,0.13243427872657776,0.13243427872657776,0.08374595860198465,0.08374595860198465,0.075458013266325,False,False,16000,False,,False,0.0,cpu,patch_nearest_normal,last2,14,0.05,False,,,0.00017925167048815638,0.000183458399987945,False,True,True,False
2026-08-16 02:07:30,adapter_ctta,transistor,monitor,C:/cira_batch_test/transistor/bad_9.png,bad_9.png,anomaly,True,0.13187308609485626,0.13187308609485626,0.08374595860198465,0.08374595860198465,0.075458013266325,False,False,16000,False,,False,0.0,cpu,patch_nearest_normal,last2,14,0.05,False,,,0.0001770944509189576,0.000183458399987945,False,True,True,False
2026-08-16 02:07:32,adapter_ctta,transistor,monitor,C:/cira_batch_test/transistor/bad_4.png,bad_4.png,anomaly,True,0.09120859205722809,0.09120859205722809,0.08374595860198465,0.08374595860198465,0.075458013266325,False,False,16000,False,,False,0.0,cpu,patch_nearest_normal,last2,14,0.05,False,,,0.00012192686699563637,0.000183458399987945,False,True,True,False
2026-08-16 02:07:33,adapter_ctta,transistor,monitor,C:/cira_batch_test/transistor/bad_2.png,bad_2.png,anomaly,True,0.2049703150987625,0.2049703150987625,0.08374595860198465,0.08374595860198465,0.075458013266325,False,False,16000,False,,False,0.0,cpu,patch_nearest_normal,last2,14,0.05,False,,,0.00016419532767031342,0.000183458399987945,False,True,True,False
2026-08-16 02:07:35,adapter_ctta,wood,monitor,C:/cira_batch_test/wood/good_1.png,good_1.png,normal,False,0.035984765738248825,0.0359506718814373,0.04761727861349719,0.04761727861349719,0.037343646213412296,False,False,16000,True,9.314427006756887e-05,True,0.002949380548670888,cpu,patch_nearest_normal,last2,14,0.05,False,,,8.71998054208234e-05,0.00010775983100752,True,True,True,False
2026-08-16 02:07:37,adapter_ctta,wood,monitor,C:/cira_batch_test/wood/good_7.png,good_7.png,normal,False,0.02167528308928013,0.02164233848452568,0.04761727861349719,0.04761727861349719,0.037343646213412296,False,False,16000,True,9.135353320743889e-05,True,0.002728369552642107,cpu,patch_nearest_normal,last2,14,0.05,False,,,8.795408211881295e-05,0.00010775983100752,True,True,True,False
2026-08-16 02:07:38,adapter_ctta,wood,monitor,C:/cira_batch_test/wood/good_9.png,good_9.png,anomaly,True,0.05511671304702759,0.05511671304702759,0.04761727861349719,0.04761727861349719,0.037343646213412296,False,False,16000,False,,False,0.0,cpu,patch_nearest_normal,last2,14,0.05,False,,,0.00011502247798489407,0.00010775983100752,False,False,True,False
2026-08-16 02:07:40,adapter_ctta,wood,monitor,C:/cira_batch_test/wood/bad_8.png,bad_8.png,anomaly,True,0.22160618007183075,0.22160618007183075,0.04761727861349719,0.04761727861349719,0.037343646213412296,False,False,16000,False,,False,0.0,cpu,patch_nearest_normal,last2,14,0.05,False,,,7.720081339357421e-05,0.00010775983100752,False,True,True,False
2026-08-16 02:07:42,adapter_ctta,wood,monitor,C:/cira_batch_test/wood/bad_1.png,bad_1.png,anomaly,True,0.34849220514297485,0.34849220514297485,0.04761727861349719,0.04761727861349719,0.037343646213412296,False,False,16000,False,,False,0.0,cpu,patch_nearest_normal,last2,14,0.05,False,,,9.036041592480615e-05,0.00010775983100752,False,True,True,False
2026-08-16 02:07:43,adapter_ctta,wood,monitor,C:/cira_batch_test/wood/bad_14.png,bad_14.png,anomaly,True,0.23988819122314453,0.23988819122314453,0.04761727861349719,0.04761727861349719,0.037343646213412296,False,False,16000,False,,False,0.0,cpu,patch_nearest_normal,last2,14,0.05,False,,,8.020532550290227e-05,0.00010775983100752,False,True,True,False
2026-08-16 02:07:45,adapter_ctta,wood,monitor,C:/cira_batch_test/wood/bad_15.png,bad_15.png,anomaly,True,0.2148524820804596,0.2148524820804596,0.04761727861349719,0.04761727861349719,0.037343646213412296,False,False,16000,False,,False,0.0,cpu,patch_nearest_normal,last2,14,0.05,False,,,8.938701648730785e-05,0.00010775983100752,False,True,True,False
2026-08-16 02:07:46,adapter_ctta,wood,monitor,C:/cira_batch_test/wood/good_19.png,good_19.png,anomaly,True,0.05198631435632706,0.05198631435632706,0.04761727861349719,0.04761727861349719,0.037343646213412296,False,False,16000,False,,False,0.0,cpu,patch_nearest_normal,last2,14,0.05,False,,,9.333602793049067e-05,0.00010775983100752,False,True,True,False
2026-08-16 02:07:48,adapter_ctta,wood,monitor,C:/cira_batch_test/wood/bad_3.png,bad_3.png,anomaly,True,0.25400418043136597,0.25400418043136597,0.04761727861349719,0.04761727861349719,0.037343646213412296,False,False,16000,False,,False,0.0,cpu,patch_nearest_normal,last2,14,0.05,False,,,0.00015095502021722496,0.00010775983100752,False,False,True,False
2026-08-16 02:07:50,adapter_ctta,wood,monitor,C:/cira_batch_test/wood/good_5.png,good_5.png,normal,False,0.02221502736210823,0.02218419872224331,0.04761727861349719,0.04761727861349719,0.037343646213412296,False,False,16000,True,8.404730033362284e-05,True,0.0026959634851664305,cpu,patch_nearest_normal,last2,14,0.05,False,,,7.514363096561283e-05,0.00010775983100752,True,True,True,False
2026-08-16 02:07:52,adapter_ctta,wood,monitor,C:/cira_batch_test/wood/good_16.png,good_16.png,normal,False,0.03699272871017456,0.03699272871017456,0.04761727861349719,0.04761727861349719,0.037343646213412296,False,False,16000,False,,False,0.0,cpu,patch_nearest_normal,last2,14,0.05,False,,,0.00011066716979257762,0.00010775983100752,True,False,True,False
2026-08-16 02:07:53,adapter_ctta,wood,monitor,C:/cira_batch_test/wood/good_14.png,good_14.png,anomaly,True,0.04866771772503853,0.04866771772503853,0.04761727861349719,0.04761727861349719,0.037343646213412296,False,False,16000,False,,False,0.0,cpu,patch_nearest_normal,last2,14,0.05,False,,,0.00011356746836099774,0.00010775983100752,False,False,True,False
2026-08-16 02:07:55,adapter_ctta,wood,monitor,C:/cira_batch_test/wood/good_2.png,good_2.png,normal,False,0.02726508304476738,0.027241360396146774,0.04761727861349719,0.04761727861349719,0.037343646213412296,False,False,16000,True,9.322478581452742e-05,True,0.002693014685064554,cpu,patch_nearest_normal,last2,14,0.05,False,,,8.596076077083126e-05,0.00010775983100752,True,True,True,False
2026-08-16 02:07:57,adapter_ctta,wood,monitor,C:/cira_batch_test/wood/bad_13.png,bad_13.png,anomaly,True,0.3155295252799988,0.3155295252799988,0.04761727861349719,0.04761727861349719,0.037343646213412296,False,False,16000,False,,False,0.0,cpu,patch_nearest_normal,last2,14,0.05,False,,,9.245701221516356e-05,0.00010775983100752,False,True,True,False
2026-08-16 02:07:59,adapter_ctta,wood,monitor,C:/cira_batch_test/wood/good_10.png,good_10.png,anomaly,True,0.08914968371391296,0.08914968371391296,0.04761727861349719,0.04761727861349719,0.037343646213412296,False,False,16000,False,,False,0.0,cpu,patch_nearest_normal,last2,14,0.05,False,,,0.00010995182674378157,0.00010775983100752,False,False,True,False
2026-08-16 02:08:01,adapter_ctta,wood,monitor,C:/cira_batch_test/wood/bad_19.png,bad_19.png,anomaly,True,0.21828389167785645,0.21828389167785645,0.04761727861349719,0.04761727861349719,0.037343646213412296,False,False,16000,False,,False,0.0,cpu,patch_nearest_normal,last2,14,0.05,False,,,8.891239849617705e-05,0.00010775983100752,False,True,True,False
2026-08-16 02:08:03,adapter_ctta,wood,monitor,C:/cira_batch_test/wood/good_4.png,good_4.png,normal,False,0.022048134356737137,0.022011596709489822,0.04761727861349719,0.04761727861349719,0.037343646213412296,False,False,16000,True,8.162815356627107e-05,True,0.002681233687326312,cpu,patch_nearest_normal,last2,14,0.05,False,,,8.237871224991977e-05,0.00010775983100752,True,True,True,False
2026-08-16 02:08:04,adapter_ctta,wood,monitor,C:/cira_batch_test/wood/bad_12.png,bad_12.png,anomaly,True,0.18296858668327332,0.18296858668327332,0.04761727861349719,0.04761727861349719,0.037343646213412296,False,False,16000,False,,False,0.0,cpu,patch_nearest_normal,last2,14,0.05,False,,,0.00013239867985248566,0.00010775983100752,False,False,True,False
2026-08-16 02:08:06,adapter_ctta,wood,monitor,C:/cira_batch_test/wood/good_18.png,good_18.png,normal,False,0.0405334010720253,0.0405334010720253,0.04761727861349719,0.04761727861349719,0.037343646213412296,False,False,16000,False,,False,0.0,cpu,patch_nearest_normal,last2,14,0.05,False,,,9.435698302695528e-05,0.00010775983100752,False,True,True,False
2026-08-16 02:08:07,adapter_ctta,wood,monitor,C:/cira_batch_test/wood/bad_16.png,bad_16.png,anomaly,True,0.21768757700920105,0.21768757700920105,0.04761727861349719,0.04761727861349719,0.037343646213412296,False,False,16000,False,,False,0.0,cpu,patch_nearest_normal,last2,14,0.05,False,,,7.796199497533962e-05,0.00010775983100752,False,True,True,False
2026-08-16 02:08:09,adapter_ctta,wood,monitor,C:/cira_batch_test/wood/good_6.png,good_6.png,normal,False,0.023159479722380638,0.02314702235162258,0.04761727861349719,0.04761727861349719,0.037343646213412296,False,False,16000,True,8.165073813870549e-05,True,0.002660684520378709,cpu,patch_nearest_normal,last2,14,0.05,False,,,7.837421435397118e-05,0.00010775983100752,True,True,True,False
2026-08-16 02:08:11,adapter_ctta,wood,monitor,C:/cira_batch_test/wood/good_13.png,good_13.png,anomaly,True,0.04787883162498474,0.04787883162498474,0.04761727861349719,0.04761727861349719,0.037343646213412296,False,False,16000,False,,False,0.0,cpu,patch_nearest_normal,last2,14,0.05,False,,,0.00010715197277022526,0.00010775983100752,False,True,True,False
2026-08-16 02:08:13,adapter_ctta,wood,monitor,C:/cira_batch_test/wood/good_15.png,good_15.png,anomaly,True,0.05204000324010849,0.05204000324010849,0.04761727861349719,0.04761727861349719,0.037343646213412296,False,False,16000,False,,False,0.0,cpu,patch_nearest_normal,last2,14,0.05,False,,,0.00010047026444226503,0.00010775983100752,False,True,True,False
2026-08-16 02:08:14,adapter_ctta,wood,monitor,C:/cira_batch_test/wood/good_20.png,good_20.png,normal,False,0.025597166270017624,0.025590788573026657,0.04761727861349719,0.04761727861349719,0.037343646213412296,False,False,16000,True,9.952334221452475e-05,True,0.002615655306726694,cpu,patch_nearest_normal,last2,14,0.05,False,,,9.959516319213435e-05,0.00010775983100752,True,True,True,False
2026-08-16 02:08:16,adapter_ctta,wood,monitor,C:/cira_batch_test/wood/bad_17.png,bad_17.png,anomaly,True,0.3651503622531891,0.3651503622531891,0.04761727861349719,0.04761727861349719,0.037343646213412296,False,False,16000,False,,False,0.0,cpu,patch_nearest_normal,last2,14,0.05,False,,,8.502566197421402e-05,0.00010775983100752,False,True,True,False
2026-08-16 02:08:18,adapter_ctta,wood,monitor,C:/cira_batch_test/wood/good_11.png,good_11.png,normal,False,0.03568439930677414,0.03567127510905266,0.04761727861349719,0.04761727861349719,0.037343646213412296,False,False,16000,True,0.00011714290303643793,True,0.002523768460378051,cpu,patch_nearest_normal,last2,14,0.05,False,,,0.00010713144001783803,0.00010775983100752,True,True,True,False
2026-08-16 02:08:19,adapter_ctta,wood,monitor,C:/cira_batch_test/wood/bad_20.png,bad_20.png,anomaly,True,0.17078998684883118,0.17078998684883118,0.04761727861349719,0.04761727861349719,0.037343646213412296,False,False,16000,False,,False,0.0,cpu,patch_nearest_normal,last2,14,0.05,False,,,9.795958612812683e-05,0.00010775983100752,False,True,True,False
2026-08-16 02:08:21,adapter_ctta,wood,monitor,C:/cira_batch_test/wood/good_8.png,good_8.png,anomaly,True,0.04824553802609444,0.04824553802609444,0.04761727861349719,0.04761727861349719,0.037343646213412296,False,False,16000,False,,False,0.0,cpu,patch_nearest_normal,last2,14,0.05,False,,,0.00011958290269831195,0.00010775983100752,False,False,True,False
2026-08-16 02:08:24,adapter_ctta,wood,monitor,C:/cira_batch_test/wood/bad_10.png,bad_10.png,anomaly,True,0.2776372730731964,0.2776372730731964,0.04761727861349719,0.04761727861349719,0.037343646213412296,False,False,16000,False,,False,0.0,cpu,patch_nearest_normal,last2,14,0.05,False,,,7.966737030074e-05,0.00010775983100752,False,True,True,False
2026-08-16 02:08:26,adapter_ctta,wood,monitor,C:/cira_batch_test/wood/good_3.png,good_3.png,normal,False,0.02430274523794651,0.024304455146193504,0.04761727861349719,0.04761727861349719,0.037343646213412296,False,False,16000,True,8.637408609502017e-05,True,0.00252577755600214,cpu,patch_nearest_normal,last2,14,0.05,False,,,7.390329119516537e-05,0.00010775983100752,True,True,True,False
2026-08-16 02:08:27,adapter_ctta,wood,monitor,C:/cira_batch_test/wood/bad_11.png,bad_11.png,anomaly,True,0.08592157810926437,0.08592157810926437,0.04761727861349719,0.04761727861349719,0.037343646213412296,False,False,16000,False,,False,0.0,cpu,patch_nearest_normal,last2,14,0.05,False,,,6.945312634343281e-05,0.00010775983100752,False,True,True,False
2026-08-16 02:08:29,adapter_ctta,wood,monitor,C:/cira_batch_test/wood/bad_18.png,bad_18.png,anomaly,True,0.3989967703819275,0.3989967703819275,0.04761727861349719,0.04761727861349719,0.037343646213412296,False,False,16000,False,,False,0.0,cpu,patch_nearest_normal,last2,14,0.05,False,,,9.291886090068147e-05,0.00010775983100752,False,True,True,False
2026-08-16 02:08:31,adapter_ctta,wood,monitor,C:/cira_batch_test/wood/good_12.png,good_12.png,normal,False,0.038669876754283905,0.038669876754283905,0.04761727861349719,0.04761727861349719,0.037343646213412296,False,False,16000,False,,False,0.0,cpu,patch_nearest_normal,last2,14,0.05,False,,,0.00010775738337542862,0.00010775983100752,False,True,True,False
2026-08-16 02:08:33,adapter_ctta,wood,monitor,C:/cira_batch_test/wood/good_17.png,good_17.png,normal,False,0.04244481399655342,0.04244481399655342,0.04761727861349719,0.04761727861349719,0.037343646213412296,False,False,16000,False,,False,0.0,cpu,patch_nearest_normal,last2,14,0.05,False,,,0.0001020298877847381,0.00010775983100752,False,True,True,False
2026-08-16 02:08:34,adapter_ctta,wood,monitor,C:/cira_batch_test/wood/bad_5.png,bad_5.png,anomaly,True,0.2399151772260666,0.2399151772260666,0.04761727861349719,0.04761727861349719,0.037343646213412296,False,False,16000,False,,False,0.0,cpu,patch_nearest_normal,last2,14,0.05,False,,,0.00010134527110494673,0.00010775983100752,False,True,True,False
2026-08-16 02:08:36,adapter_ctta,wood,monitor,C:/cira_batch_test/wood/bad_6.png,bad_6.png,anomaly,True,0.22240766882896423,0.22240766882896423,0.04761727861349719,0.04761727861349719,0.037343646213412296,False,False,16000,False,,False,0.0,cpu,patch_nearest_normal,last2,14,0.05,False,,,0.00012858207628596574,0.00010775983100752,False,False,True,False
2026-08-16 02:08:39,adapter_ctta,wood,monitor,C:/cira_batch_test/wood/bad_7.png,bad_7.png,anomaly,True,0.09810791909694672,0.09810791909694672,0.04761727861349719,0.04761727861349719,0.037343646213412296,False,False,16000,False,,False,0.0,cpu,patch_nearest_normal,last2,14,0.05,False,,,9.54804927459918e-05,0.00010775983100752,False,True,True,False
2026-08-16 02:08:41,adapter_ctta,wood,monitor,C:/cira_batch_test/wood/bad_9.png,bad_9.png,anomaly,True,0.2138465940952301,0.2138465940952301,0.04761727861349719,0.04761727861349719,0.037343646213412296,False,False,16000,False,,False,0.0,cpu,patch_nearest_normal,last2,14,0.05,False,,,7.397952140308917e-05,0.00010775983100752,False,True,True,False
2026-08-16 02:08:43,adapter_ctta,wood,monitor,C:/cira_batch_test/wood/bad_4.png,bad_4.png,anomaly,True,0.3487541675567627,0.3487541675567627,0.04761727861349719,0.04761727861349719,0.037343646213412296,False,False,16000,False,,False,0.0,cpu,patch_nearest_normal,last2,14,0.05,False,,,7.99827030277811e-05,0.00010775983100752,False,True,True,False
2026-08-16 02:08:44,adapter_ctta,wood,monitor,C:/cira_batch_test/wood/bad_2.png,bad_2.png,anomaly,True,0.2749514579772949,0.2749514579772949,0.04761727861349719,0.04761727861349719,0.037343646213412296,False,False,16000,False,,False,0.0,cpu,patch_nearest_normal,last2,14,0.05,False,,,9.909417713060975e-05,0.00010775983100752,False,True,True,False
2026-08-16 02:08:46,adapter_ctta,zipper,monitor,C:/cira_batch_test/zipper/good_1.png,good_1.png,normal,False,0.02195020392537117,0.02192206308245659,0.026937197228883013,0.026937197228883013,0.026275477930903436,False,False,16000,True,0.00012670116848312318,True,0.0029821700882166624,cpu,patch_nearest_normal,last2,14,0.05,False,,,0.000104133716376964,0.00012004206546407001,True,True,True,False
2026-08-16 02:08:48,adapter_ctta,zipper,monitor,C:/cira_batch_test/zipper/good_7.png,good_7.png,normal,False,0.02106460928916931,0.02104978635907173,0.026937197228883013,0.026937197228883013,0.026275477930903436,False,False,16000,True,0.00012220100325066596,True,0.0027904610615223646,cpu,patch_nearest_normal,last2,14,0.05,False,,,0.00011292668204987422,0.00012004206546407001,True,True,True,False
2026-08-16 02:08:50,adapter_ctta,zipper,monitor,C:/cira_batch_test/zipper/good_9.png,good_9.png,normal,False,0.022249769419431686,0.022237498313188553,0.026937197228883013,0.026937197228883013,0.026275477930903436,False,False,16000,True,0.00012530465028248727,True,0.002710812259465456,cpu,patch_nearest_normal,last2,14,0.05,False,,,0.00011533036740729585,0.00012004206546407001,True,True,True,False
2026-08-16 02:08:52,adapter_ctta,zipper,monitor,C:/cira_batch_test/zipper/bad_8.png,bad_8.png,anomaly,True,0.14944007992744446,0.14944007992744446,0.026937197228883013,0.026937197228883013,0.026275477930903436,False,False,16000,False,,False,0.0,cpu,patch_nearest_normal,last2,14,0.05,False,,,0.00011709885438904166,0.00012004206546407001,False,True,True,False
2026-08-16 02:08:53,adapter_ctta,zipper,monitor,C:/cira_batch_test/zipper/bad_1.png,bad_1.png,anomaly,True,0.032600075006484985,0.032600075006484985,0.026937197228883013,0.026937197228883013,0.026275477930903436,False,False,16000,False,,False,0.0,cpu,patch_nearest_normal,last2,14,0.05,False,,,0.00011507738963700831,0.00012004206546407001,False,True,True,False
2026-08-16 02:08:55,adapter_ctta,zipper,monitor,C:/cira_batch_test/zipper/bad_14.png,bad_14.png,anomaly,True,0.047199003398418427,0.047199003398418427,0.026937197228883013,0.026937197228883013,0.026275477930903436,False,False,16000,False,,False,0.0,cpu,patch_nearest_normal,last2,14,0.05,False,,,0.00011389805149519816,0.00012004206546407001,False,True,True,False
2026-08-16 02:08:57,adapter_ctta,zipper,monitor,C:/cira_batch_test/zipper/bad_15.png,bad_15.png,anomaly,True,0.07032541930675507,0.07032541930675507,0.026937197228883013,0.026937197228883013,0.026275477930903436,False,False,16000,False,,False,0.0,cpu,patch_nearest_normal,last2,14,0.05,False,,,0.00011913127673324198,0.00012004206546407001,False,True,True,False
2026-08-16 02:08:58,adapter_ctta,zipper,monitor,C:/cira_batch_test/zipper/good_19.png,good_19.png,normal,False,0.023357760161161423,0.023357760161161423,0.026937197228883013,0.026937197228883013,0.026275477930903436,False,False,16000,False,,False,0.0,cpu,patch_nearest_normal,last2,14,0.05,False,,,0.00012246733240317553,0.00012004206546407001,True,False,True,False
2026-08-16 02:09:00,adapter_ctta,zipper,monitor,C:/cira_batch_test/zipper/bad_3.png,bad_3.png,anomaly,True,0.029372911900281906,0.029372911900281906,0.026937197228883013,0.026937197228883013,0.026275477930903436,False,False,16000,False,,False,0.0,cpu,patch_nearest_normal,last2,14,0.05,False,,,0.00011909048043889925,0.00012004206546407001,False,True,True,False
2026-08-16 02:09:02,adapter_ctta,zipper,monitor,C:/cira_batch_test/zipper/good_5.png,good_5.png,anomaly,True,0.02742750011384487,0.02742750011384487,0.026937197228883013,0.026937197228883013,0.026275477930903436,False,False,16000,False,,False,0.0,cpu,patch_nearest_normal,last2,14,0.05,False,,,0.00010004816431319341,0.00012004206546407001,False,True,True,False
2026-08-16 02:09:06,adapter_ctta,zipper,monitor,C:/cira_batch_test/zipper/good_16.png,good_16.png,normal,False,0.024101704359054565,0.024115419015288353,0.026937197228883013,0.026937197228883013,0.026275477930903436,False,False,16000,True,0.0001288961066165939,True,0.0027155319694429636,cpu,patch_nearest_normal,last2,14,0.05,False,,,0.00011317148891976103,0.00012004206546407001,True,True,True,False
2026-08-16 02:09:09,adapter_ctta,zipper,monitor,C:/cira_batch_test/zipper/good_14.png,good_14.png,normal,False,0.021100854501128197,0.021109115332365036,0.026937197228883013,0.026937197228883013,0.026275477930903436,False,False,16000,True,0.00011706016084644943,True,0.0026930058375000954,cpu,patch_nearest_normal,last2,14,0.05,False,,,0.00011150526552228257,0.00012004206546407001,True,True,True,False
2026-08-16 02:09:10,adapter_ctta,zipper,monitor,C:/cira_batch_test/zipper/good_2.png,good_2.png,anomaly,True,0.028010208159685135,0.028010208159685135,0.026937197228883013,0.026937197228883013,0.026275477930903436,False,False,16000,False,,False,0.0,cpu,patch_nearest_normal,last2,14,0.05,False,,,0.000100130753708072,0.00012004206546407001,False,True,True,False
2026-08-16 02:09:12,adapter_ctta,zipper,monitor,C:/cira_batch_test/zipper/bad_13.png,bad_13.png,anomaly,True,0.039930492639541626,0.039930492639541626,0.026937197228883013,0.026937197228883013,0.026275477930903436,False,False,16000,False,,False,0.0,cpu,patch_nearest_normal,last2,14,0.05,False,,,0.00011400091898394749,0.00012004206546407001,False,True,True,False
2026-08-16 02:09:14,adapter_ctta,zipper,monitor,C:/cira_batch_test/zipper/good_10.png,good_10.png,normal,False,0.023211192339658737,0.023223329335451126,0.026937197228883013,0.026937197228883013,0.026275477930903436,False,False,16000,True,0.00012356594379525632,True,0.002682192251086235,cpu,patch_nearest_normal,last2,14,0.05,False,,,0.00010638553067110479,0.00012004206546407001,True,True,True,False
2026-08-16 02:09:16,adapter_ctta,zipper,monitor,C:/cira_batch_test/zipper/bad_19.png,bad_19.png,anomaly,True,0.05420548841357231,0.05420548841357231,0.026937197228883013,0.026937197228883013,0.026275477930903436,False,False,16000,False,,False,0.0,cpu,patch_nearest_normal,last2,14,0.05,False,,,0.00011696555156959221,0.00012004206546407001,False,True,True,False
2026-08-16 02:09:17,adapter_ctta,zipper,monitor,C:/cira_batch_test/zipper/good_4.png,good_4.png,anomaly,True,0.0269396360963583,0.0269396360963583,0.026937197228883013,0.026937197228883013,0.026275477930903436,False,False,16000,False,,False,0.0,cpu,patch_nearest_normal,last2,14,0.05,False,,,0.00010485009988769889,0.00012004206546407001,False,True,True,False
2026-08-16 02:09:19,adapter_ctta,zipper,monitor,C:/cira_batch_test/zipper/bad_12.png,bad_12.png,normal,False,0.0240507610142231,0.024053197354078293,0.026937197228883013,0.026937197228883013,0.026275477930903436,False,False,16000,True,0.00010843304335139692,True,0.0026429160498082638,cpu,patch_nearest_normal,last2,14,0.05,False,,,9.495733684161678e-05,0.00012004206546407001,True,True,True,False
2026-08-16 02:09:21,adapter_ctta,zipper,monitor,C:/cira_batch_test/zipper/good_18.png,good_18.png,normal,False,0.018821608275175095,0.018860161304473877,0.026937197228883013,0.026937197228883013,0.026275477930903436,False,False,16000,True,0.0001215865122503601,True,0.002645130967721343,cpu,patch_nearest_normal,last2,14,0.05,False,,,0.00011260461906204,0.00012004206546407001,True,True,True,False
2026-08-16 02:09:22,adapter_ctta,zipper,monitor,C:/cira_batch_test/zipper/bad_16.png,bad_16.png,anomaly,True,0.048134416341781616,0.048134416341781616,0.026937197228883013,0.026937197228883013,0.026275477930903436,False,False,16000,False,,False,0.0,cpu,patch_nearest_normal,last2,14,0.05,False,,,0.00012241258809808642,0.00012004206546407001,False,False,True,False
2026-08-16 02:09:24,adapter_ctta,zipper,monitor,C:/cira_batch_test/zipper/good_6.png,good_6.png,normal,False,0.02228746935725212,0.022295057773590088,0.026937197228883013,0.026937197228883013,0.026275477930903436,False,False,16000,True,0.00011615794210229069,True,0.0026407663244754076,cpu,patch_nearest_normal,last2,14,0.05,False,,,0.00011222003377042711,0.00012004206546407001,True,True,True,False
2026-08-16 02:09:26,adapter_ctta,zipper,monitor,C:/cira_batch_test/zipper/good_13.png,good_13.png,normal,False,0.024442613124847412,0.024473244324326515,0.026937197228883013,0.026937197228883013,0.026275477930903436,False,False,16000,True,0.00011864758562296629,True,0.0026314740534871817,cpu,patch_nearest_normal,last2,14,0.05,True,C:\cira_ttl_checkpoints\zipper\patch_memory_bank_update_10.pt,C:\cira_ttl_checkpoints\zipper\patch_adapter_update_10.pt,0.00010109300637850538,0.00012004206546407001,True,True,True,False
2026-08-16 02:09:28,adapter_ctta,zipper,monitor,C:/cira_batch_test/zipper/good_15.png,good_15.png,normal,False,0.020328158512711525,0.020374232903122902,0.026937197228883013,0.026937197228883013,0.026275477930903436,False,False,16000,True,0.00012053860700689256,True,0.0026348764076828957,cpu,patch_nearest_normal,last2,14,0.05,False,,,0.00010998274956364185,0.00012004206546407001,True,True,True,False
2026-08-16 02:09:30,adapter_ctta,zipper,monitor,C:/cira_batch_test/zipper/good_20.png,good_20.png,normal,False,0.021414631977677345,0.021449338644742966,0.026937197228883013,0.026937197228883013,0.026275477930903436,False,False,16000,True,0.00012588287063408643,True,0.0026408471167087555,cpu,patch_nearest_normal,last2,14,0.05,False,,,0.00010896236199187115,0.00012004206546407001,True,True,True,False
2026-08-16 02:09:31,adapter_ctta,zipper,monitor,C:/cira_batch_test/zipper/bad_17.png,bad_17.png,anomaly,True,0.05488929897546768,0.05488929897546768,0.026937197228883013,0.026937197228883013,0.026275477930903436,False,False,16000,False,,False,0.0,cpu,patch_nearest_normal,last2,14,0.05,False,,,0.00010023809591075405,0.00012004206546407001,False,True,True,False
2026-08-16 02:09:33,adapter_ctta,zipper,monitor,C:/cira_batch_test/zipper/good_11.png,good_11.png,normal,False,0.020067889243364334,0.020107179880142212,0.026937197228883013,0.026937197228883013,0.026275477930903436,False,False,16000,True,0.00011940413241973147,True,0.0026349378749728203,cpu,patch_nearest_normal,last2,14,0.05,False,,,0.00010814228153321892,0.00012004206546407001,True,True,True,False
2026-08-16 02:09:35,adapter_ctta,zipper,monitor,C:/cira_batch_test/zipper/bad_20.png,bad_20.png,anomaly,True,0.04658119007945061,0.04658119007945061,0.026937197228883013,0.026937197228883013,0.026275477930903436,False,False,16000,False,,False,0.0,cpu,patch_nearest_normal,last2,14,0.05,False,,,0.00010359448788221925,0.00012004206546407001,False,True,True,False
2026-08-16 02:09:36,adapter_ctta,zipper,monitor,C:/cira_batch_test/zipper/good_8.png,good_8.png,normal,False,0.02673165127635002,0.02673165127635002,0.026937197228883013,0.026937197228883013,0.026275477930903436,False,False,16000,False,,False,0.0,cpu,patch_nearest_normal,last2,14,0.05,False,,,0.0001151735195890069,0.00012004206546407001,False,True,True,False
2026-08-16 02:09:38,adapter_ctta,zipper,monitor,C:/cira_batch_test/zipper/bad_10.png,bad_10.png,normal,False,0.024835575371980667,0.024858444929122925,0.026937197228883013,0.026937197228883013,0.026275477930903436,False,False,16000,True,0.00012757704826071858,True,0.0026250320952385664,cpu,patch_nearest_normal,last2,14,0.05,False,,,0.00010616750660119578,0.00012004206546407001,True,True,True,False
2026-08-16 02:09:41,adapter_ctta,zipper,monitor,C:/cira_batch_test/zipper/good_3.png,good_3.png,normal,False,0.023710299283266068,0.023781681433320045,0.026937197228883013,0.026937197228883013,0.026275477930903436,False,False,16000,True,0.00010452672722749412,True,0.0025981960352510214,cpu,patch_nearest_normal,last2,14,0.05,False,,,0.00011107232421636581,0.00012004206546407001,True,True,True,False
2026-08-16 02:09:43,adapter_ctta,zipper,monitor,C:/cira_batch_test/zipper/bad_11.png,bad_11.png,anomaly,True,0.036120422184467316,0.036120422184467316,0.026937197228883013,0.026937197228883013,0.026275477930903436,False,False,16000,False,,False,0.0,cpu,patch_nearest_normal,last2,14,0.05,False,,,0.0001036991088767536,0.00012004206546407001,False,True,True,False
2026-08-16 02:09:45,adapter_ctta,zipper,monitor,C:/cira_batch_test/zipper/bad_18.png,bad_18.png,anomaly,True,0.0707017257809639,0.0707017257809639,0.026937197228883013,0.026937197228883013,0.026275477930903436,False,False,16000,False,,False,0.0,cpu,patch_nearest_normal,last2,14,0.05,False,,,0.0001053955202223733,0.00012004206546407001,False,True,True,False
2026-08-16 02:09:47,adapter_ctta,zipper,monitor,C:/cira_batch_test/zipper/good_12.png,good_12.png,normal,False,0.023209869861602783,0.023253178223967552,0.026937197228883013,0.026937197228883013,0.026275477930903436,False,False,16000,True,0.00011806526163127273,True,0.002596666570752859,cpu,patch_nearest_normal,last2,14,0.05,False,,,9.968692756956443e-05,0.00012004206546407001,True,True,True,False
2026-08-16 02:09:49,adapter_ctta,zipper,monitor,C:/cira_batch_test/zipper/good_17.png,good_17.png,normal,False,0.02283644676208496,0.022871846333146095,0.026937197228883013,0.026937197228883013,0.026275477930903436,False,False,16000,True,0.00011856630590045825,True,0.002593111479654908,cpu,patch_nearest_normal,last2,14,0.05,False,,,0.00011768069816753268,0.00012004206546407001,True,True,True,False
2026-08-16 02:09:51,adapter_ctta,zipper,monitor,C:/cira_batch_test/zipper/bad_5.png,bad_5.png,anomaly,True,0.04058026522397995,0.04058026522397995,0.026937197228883013,0.026937197228883013,0.026275477930903436,False,False,16000,False,,False,0.0,cpu,patch_nearest_normal,last2,14,0.05,False,,,0.00011760980123654008,0.00012004206546407001,False,True,True,False
2026-08-16 02:09:52,adapter_ctta,zipper,monitor,C:/cira_batch_test/zipper/bad_6.png,bad_6.png,anomaly,True,0.08086037635803223,0.08086037635803223,0.026937197228883013,0.026937197228883013,0.026275477930903436,False,False,16000,False,,False,0.0,cpu,patch_nearest_normal,last2,14,0.05,False,,,0.00010865541116800159,0.00012004206546407001,False,True,True,False
2026-08-16 02:09:54,adapter_ctta,zipper,monitor,C:/cira_batch_test/zipper/bad_7.png,bad_7.png,anomaly,True,0.0877993255853653,0.0877993255853653,0.026937197228883013,0.026937197228883013,0.026275477930903436,False,False,16000,False,,False,0.0,cpu,patch_nearest_normal,last2,14,0.05,False,,,0.00010821343312272802,0.00012004206546407001,False,True,True,False
2026-08-16 02:09:56,adapter_ctta,zipper,monitor,C:/cira_batch_test/zipper/bad_9.png,bad_9.png,anomaly,True,0.137802392244339,0.137802392244339,0.026937197228883013,0.026937197228883013,0.026275477930903436,False,False,16000,False,,False,0.0,cpu,patch_nearest_normal,last2,14,0.05,False,,,0.00010292132355971262,0.00012004206546407001,False,True,True,False
2026-08-16 02:10:00,adapter_ctta,zipper,monitor,C:/cira_batch_test/zipper/bad_4.png,bad_4.png,anomaly,True,0.09997718781232834,0.09997718781232834,0.026937197228883013,0.026937197228883013,0.026275477930903436,False,False,16000,False,,False,0.0,cpu,patch_nearest_normal,last2,14,0.05,False,,,0.00011274057033006102,0.00012004206546407001,False,True,True,False
2026-08-16 02:10:01,adapter_ctta,zipper,monitor,C:/cira_batch_test/zipper/bad_2.png,bad_2.png,anomaly,True,0.047043465077877045,0.047043465077877045,0.026937197228883013,0.026937197228883013,0.026275477930903436,False,False,16000,False,,False,0.0,cpu,patch_nearest_normal,last2,14,0.05,False,,,0.0001204693762701936,0.00012004206546407001,False,False,True,False
