timestamp,experiment,category,mode,image_path,file_name,label,is_anomaly,score_before,anomaly_score,threshold,anomaly_threshold,update_threshold,threshold_reloaded,updated_memory,memory_size,update_allowed,update_loss,adapter_updated,adapter_delta_norm,device,score_method,feature_choice,patch_grid,patch_top_fraction,checkpoint_saved,checkpoint_memory_path,checkpoint_adapter_path,consistency_error,consistency_threshold,score_gate_pass,consistency_gate_pass,adapter_update_enabled,memory_update_enabled
2026-08-16 20:11:41,adapter_ctta,bottle,monitor,C:/cira_batch_test/bottle/good_1.png,good_1.png,normal,False,0.025081897154450417,0.02505318447947502,0.02815022391963134,0.02815022391963134,0.02531116753816605,False,False,16000,True,0.0001191569899674505,True,0.002971736481413245,cpu,patch_nearest_normal,last2,14,0.05,False,,,0.00010747741907835007,0.00011476924591981,True,True,True,False
2026-08-16 20:11:43,adapter_ctta,bottle,monitor,C:/cira_batch_test/bottle/bad_16.png,bad_16.png,anomaly,True,0.306283563375473,0.306283563375473,0.02815022391963134,0.02815022391963134,0.02531116753816605,False,False,16000,False,,False,0.0,cpu,patch_nearest_normal,last2,14,0.05,False,,,0.00011693769920384511,0.00011476924591981,False,False,True,False
2026-08-16 20:11:45,adapter_ctta,bottle,monitor,C:/cira_batch_test/bottle/bad_20.png,bad_20.png,anomaly,True,0.2111656218767166,0.2111656218767166,0.02815022391963134,0.02815022391963134,0.02531116753816605,False,False,16000,False,,False,0.0,cpu,patch_nearest_normal,last2,14,0.05,False,,,0.00011214697588002309,0.00011476924591981,False,True,True,False
2026-08-16 20:11:46,adapter_ctta,bottle,monitor,C:/cira_batch_test/bottle/bad_12.png,bad_12.png,anomaly,True,0.22895555198192596,0.22895555198192596,0.02815022391963134,0.02815022391963134,0.02531116753816605,False,False,16000,False,,False,0.0,cpu,patch_nearest_normal,last2,14,0.05,False,,,0.00011507832095958292,0.00011476924591981,False,False,True,False
2026-08-16 20:11:48,adapter_ctta,bottle,monitor,C:/cira_batch_test/bottle/good_17.png,good_17.png,normal,False,0.023032432422041893,0.023002374917268753,0.02815022391963134,0.02815022391963134,0.02531116753816605,False,False,16000,True,0.00012143827916588634,True,0.0028285025618970394,cpu,patch_nearest_normal,last2,14,0.05,False,,,0.0001104680122807622,0.00011476924591981,True,True,True,False
2026-08-16 20:11:49,adapter_ctta,bottle,monitor,C:/cira_batch_test/bottle/bad_9.png,bad_9.png,anomaly,True,0.3217923045158386,0.3217923045158386,0.02815022391963134,0.02815022391963134,0.02531116753816605,False,False,16000,False,,False,0.0,cpu,patch_nearest_normal,last2,14,0.05,False,,,0.00014024930715095252,0.00011476924591981,False,False,True,False
2026-08-16 20:11:51,adapter_ctta,bottle,monitor,C:/cira_batch_test/bottle/bad_18.png,bad_18.png,anomaly,True,0.1842062920331955,0.1842062920331955,0.02815022391963134,0.02815022391963134,0.02531116753816605,False,False,16000,False,,False,0.0,cpu,patch_nearest_normal,last2,14,0.05,False,,,0.00012380635598674417,0.00011476924591981,False,False,True,False
2026-08-16 20:11:52,adapter_ctta,bottle,monitor,C:/cira_batch_test/bottle/bad_13.png,bad_13.png,anomaly,True,0.2700054347515106,0.2700054347515106,0.02815022391963134,0.02815022391963134,0.02531116753816605,False,False,16000,False,,False,0.0,cpu,patch_nearest_normal,last2,14,0.05,False,,,0.0001257355761481449,0.00011476924591981,False,False,True,False
2026-08-16 20:11:54,adapter_ctta,bottle,monitor,C:/cira_batch_test/bottle/bad_2.png,bad_2.png,anomaly,True,0.0871313065290451,0.0871313065290451,0.02815022391963134,0.02815022391963134,0.02531116753816605,False,False,16000,False,,False,0.0,cpu,patch_nearest_normal,last2,14,0.05,False,,,0.00010714505333453417,0.00011476924591981,False,True,True,False
2026-08-16 20:11:56,adapter_ctta,bottle,monitor,C:/cira_batch_test/bottle/good_6.png,good_6.png,normal,False,0.019379353150725365,0.019356191158294678,0.02815022391963134,0.02815022391963134,0.02531116753816605,False,False,16000,True,0.00011286149674560875,True,0.0027915637474507093,cpu,patch_nearest_normal,last2,14,0.05,False,,,0.00010675815428839996,0.00011476924591981,True,True,True,False
2026-08-16 20:11:57,adapter_ctta,bottle,monitor,C:/cira_batch_test/bottle/good_10.png,good_10.png,normal,False,0.026502221822738647,0.026502221822738647,0.02815022391963134,0.02815022391963134,0.02531116753816605,False,False,16000,False,,False,0.0,cpu,patch_nearest_normal,last2,14,0.05,False,,,0.00010715968528529629,0.00011476924591981,False,True,True,False
2026-08-16 20:11:59,adapter_ctta,bottle,monitor,C:/cira_batch_test/bottle/good_7.png,good_7.png,anomaly,True,0.0323871485888958,0.0323871485888958,0.02815022391963134,0.02815022391963134,0.02531116753816605,False,False,16000,False,,False,0.0,cpu,patch_nearest_normal,last2,14,0.05,False,,,0.00011589147470658645,0.00011476924591981,False,False,True,False
2026-08-16 20:12:00,adapter_ctta,bottle,monitor,C:/cira_batch_test/bottle/bad_8.png,bad_8.png,anomaly,True,0.27924302220344543,0.27924302220344543,0.02815022391963134,0.02815022391963134,0.02531116753816605,False,False,16000,False,,False,0.0,cpu,patch_nearest_normal,last2,14,0.05,False,,,0.00013024054351262748,0.00011476924591981,False,False,True,False
2026-08-16 20:12:03,adapter_ctta,bottle,monitor,C:/cira_batch_test/bottle/bad_10.png,bad_10.png,anomaly,True,0.16762708127498627,0.16762708127498627,0.02815022391963134,0.02815022391963134,0.02531116753816605,False,False,16000,False,,False,0.0,cpu,patch_nearest_normal,last2,14,0.05,False,,,0.00013133422180544585,0.00011476924591981,False,False,True,False
2026-08-16 20:12:07,adapter_ctta,bottle,monitor,C:/cira_batch_test/bottle/good_4.png,good_4.png,normal,False,0.02013411559164524,0.020122278481721878,0.02815022391963134,0.02815022391963134,0.02531116753816605,False,False,16000,True,0.00012021006114082411,True,0.002777277724817395,cpu,patch_nearest_normal,last2,14,0.05,False,,,0.0001084472460206598,0.00011476924591981,True,True,True,False
2026-08-16 20:12:08,adapter_ctta,bottle,monitor,C:/cira_batch_test/bottle/bad_5.png,bad_5.png,anomaly,True,0.3180070221424103,0.3180070221424103,0.02815022391963134,0.02815022391963134,0.02531116753816605,False,False,16000,False,,False,0.0,cpu,patch_nearest_normal,last2,14,0.05,False,,,0.00013154828047845513,0.00011476924591981,False,False,True,False
2026-08-16 20:12:10,adapter_ctta,bottle,monitor,C:/cira_batch_test/bottle/good_20.png,good_20.png,normal,False,0.027873218059539795,0.027873218059539795,0.02815022391963134,0.02815022391963134,0.02531116753816605,False,False,16000,False,,False,0.0,cpu,patch_nearest_normal,last2,14,0.05,False,,,0.00010697775724111125,0.00011476924591981,False,True,True,False
2026-08-16 20:12:14,adapter_ctta,bottle,monitor,C:/cira_batch_test/bottle/good_18.png,good_18.png,normal,False,0.02009207010269165,0.020084088668227196,0.02815022391963134,0.02815022391963134,0.02531116753816605,False,False,16000,True,0.00011481028195703402,True,0.0027654606383293867,cpu,patch_nearest_normal,last2,14,0.05,False,,,0.00010641947301337495,0.00011476924591981,True,True,True,False
2026-08-16 20:12:16,adapter_ctta,bottle,monitor,C:/cira_batch_test/bottle/good_11.png,good_11.png,normal,False,0.022630829364061356,0.022642452269792557,0.02815022391963134,0.02815022391963134,0.02531116753816605,False,False,16000,True,0.00011671232641674578,True,0.0027389952447265387,cpu,patch_nearest_normal,last2,14,0.05,False,,,0.00011146433826070279,0.00011476924591981,True,True,True,False
2026-08-16 20:12:17,adapter_ctta,bottle,monitor,C:/cira_batch_test/bottle/good_9.png,good_9.png,normal,False,0.02341100573539734,0.02339152619242668,0.02815022391963134,0.02815022391963134,0.02531116753816605,False,False,16000,True,0.0001179003156721592,True,0.0027063225861638784,cpu,patch_nearest_normal,last2,14,0.05,False,,,0.00010247829050058499,0.00011476924591981,True,True,True,False
2026-08-16 20:12:19,adapter_ctta,bottle,monitor,C:/cira_batch_test/bottle/good_16.png,good_16.png,normal,False,0.025989115238189697,0.025989115238189697,0.02815022391963134,0.02815022391963134,0.02531116753816605,False,False,16000,False,,False,0.0,cpu,patch_nearest_normal,last2,14,0.05,False,,,0.00010505141835892573,0.00011476924591981,False,True,True,False
2026-08-16 20:12:21,adapter_ctta,bottle,monitor,C:/cira_batch_test/bottle/bad_7.png,bad_7.png,anomaly,True,0.3218195140361786,0.3218195140361786,0.02815022391963134,0.02815022391963134,0.02531116753816605,False,False,16000,False,,False,0.0,cpu,patch_nearest_normal,last2,14,0.05,False,,,0.00011653443652903661,0.00011476924591981,False,False,True,False
2026-08-16 20:12:22,adapter_ctta,bottle,monitor,C:/cira_batch_test/bottle/good_13.png,good_13.png,normal,False,0.024065369740128517,0.02407240867614746,0.02815022391963134,0.02815022391963134,0.02531116753816605,False,False,16000,True,0.00012132169649703428,True,0.0027057405095547438,cpu,patch_nearest_normal,last2,14,0.05,False,,,0.00010508673585718498,0.00011476924591981,True,True,True,False
2026-08-16 20:12:24,adapter_ctta,bottle,monitor,C:/cira_batch_test/bottle/good_5.png,good_5.png,normal,False,0.016596490517258644,0.016614997759461403,0.02815022391963134,0.02815022391963134,0.02531116753816605,False,False,16000,True,0.00011646924394881353,True,0.0026987753808498383,cpu,patch_nearest_normal,last2,14,0.05,False,,,0.00010405167267890647,0.00011476924591981,True,True,True,False
2026-08-16 20:12:26,adapter_ctta,bottle,monitor,C:/cira_batch_test/bottle/good_2.png,good_2.png,normal,False,0.027572263032197952,0.027572263032197952,0.02815022391963134,0.02815022391963134,0.02531116753816605,False,False,16000,False,,False,0.0,cpu,patch_nearest_normal,last2,14,0.05,False,,,0.00011269754031673074,0.00011476924591981,False,True,True,False
2026-08-16 20:12:27,adapter_ctta,bottle,monitor,C:/cira_batch_test/bottle/bad_6.png,bad_6.png,anomaly,True,0.22995686531066895,0.22995686531066895,0.02815022391963134,0.02815022391963134,0.02531116753816605,False,False,16000,False,,False,0.0,cpu,patch_nearest_normal,last2,14,0.05,False,,,0.00011802119115600362,0.00011476924591981,False,False,True,False
2026-08-16 20:12:29,adapter_ctta,bottle,monitor,C:/cira_batch_test/bottle/bad_14.png,bad_14.png,anomaly,True,0.17401260137557983,0.17401260137557983,0.02815022391963134,0.02815022391963134,0.02531116753816605,False,False,16000,False,,False,0.0,cpu,patch_nearest_normal,last2,14,0.05,False,,,0.00011796801118180156,0.00011476924591981,False,False,True,False
2026-08-16 20:12:31,adapter_ctta,bottle,monitor,C:/cira_batch_test/bottle/good_3.png,good_3.png,normal,False,0.024713803082704544,0.024732917547225952,0.02815022391963134,0.02815022391963134,0.02531116753816605,False,False,16000,True,0.00011250138049945235,True,0.0026945010758936405,cpu,patch_nearest_normal,last2,14,0.05,True,C:\cira_ttl_checkpoints\bottle\patch_memory_bank_update_10.pt,C:\cira_ttl_checkpoints\bottle\patch_adapter_update_10.pt,0.00010066384129459038,0.00011476924591981,True,True,True,False
2026-08-16 20:12:32,adapter_ctta,bottle,monitor,C:/cira_batch_test/bottle/bad_4.png,bad_4.png,anomaly,True,0.2054651528596878,0.2054651528596878,0.02815022391963134,0.02815022391963134,0.02531116753816605,False,False,16000,False,,False,0.0,cpu,patch_nearest_normal,last2,14,0.05,False,,,0.00011771042773034424,0.00011476924591981,False,False,True,False
2026-08-16 20:12:34,adapter_ctta,bottle,monitor,C:/cira_batch_test/bottle/bad_15.png,bad_15.png,anomaly,True,0.424407958984375,0.424407958984375,0.02815022391963134,0.02815022391963134,0.02531116753816605,False,False,16000,False,,False,0.0,cpu,patch_nearest_normal,last2,14,0.05,False,,,0.00013357751595322043,0.00011476924591981,False,False,True,False
2026-08-16 20:12:35,adapter_ctta,bottle,monitor,C:/cira_batch_test/bottle/good_8.png,good_8.png,normal,False,0.02202487550675869,0.02202097699046135,0.02815022391963134,0.02815022391963134,0.02531116753816605,False,False,16000,True,0.0001139193627750501,True,0.0026825752574950457,cpu,patch_nearest_normal,last2,14,0.05,False,,,0.00010275051317876205,0.00011476924591981,True,True,True,False
2026-08-16 20:12:37,adapter_ctta,bottle,monitor,C:/cira_batch_test/bottle/bad_3.png,bad_3.png,anomaly,True,0.18884114921092987,0.18884114921092987,0.02815022391963134,0.02815022391963134,0.02531116753816605,False,False,16000,False,,False,0.0,cpu,patch_nearest_normal,last2,14,0.05,False,,,0.00011022329999832436,0.00011476924591981,False,True,True,False
2026-08-16 20:12:39,adapter_ctta,bottle,monitor,C:/cira_batch_test/bottle/bad_11.png,bad_11.png,anomaly,True,0.057831019163131714,0.057831019163131714,0.02815022391963134,0.02815022391963134,0.02531116753816605,False,False,16000,False,,False,0.0,cpu,patch_nearest_normal,last2,14,0.05,False,,,9.58273303695023e-05,0.00011476924591981,False,True,True,False
2026-08-16 20:12:40,adapter_ctta,bottle,monitor,C:/cira_batch_test/bottle/good_19.png,good_19.png,normal,False,0.018346518278121948,0.01836002990603447,0.02815022391963134,0.02815022391963134,0.02531116753816605,False,False,16000,True,0.00011433002509875223,True,0.002672503935173154,cpu,patch_nearest_normal,last2,14,0.05,False,,,0.00010772425594041124,0.00011476924591981,True,True,True,False
2026-08-16 20:12:42,adapter_ctta,bottle,monitor,C:/cira_batch_test/bottle/good_12.png,good_12.png,normal,False,0.021605152636766434,0.021617436781525612,0.02815022391963134,0.02815022391963134,0.02531116753816605,False,False,16000,True,0.00010920484055532143,True,0.0026612591464072466,cpu,patch_nearest_normal,last2,14,0.05,False,,,0.00010412774281576276,0.00011476924591981,True,True,True,False
2026-08-16 20:12:44,adapter_ctta,bottle,monitor,C:/cira_batch_test/bottle/good_15.png,good_15.png,normal,False,0.023343045264482498,0.023369764909148216,0.02815022391963134,0.02815022391963134,0.02531116753816605,False,False,16000,True,0.00011857411300297827,True,0.002662557177245617,cpu,patch_nearest_normal,last2,14,0.05,False,,,0.00010113709140568972,0.00011476924591981,True,True,True,False
2026-08-16 20:12:45,adapter_ctta,bottle,monitor,C:/cira_batch_test/bottle/bad_17.png,bad_17.png,anomaly,True,0.18988165259361267,0.18988165259361267,0.02815022391963134,0.02815022391963134,0.02531116753816605,False,False,16000,False,,False,0.0,cpu,patch_nearest_normal,last2,14,0.05,False,,,0.00011538983380887657,0.00011476924591981,False,False,True,False
2026-08-16 20:12:47,adapter_ctta,bottle,monitor,C:/cira_batch_test/bottle/bad_19.png,bad_19.png,anomaly,True,0.19840450584888458,0.19840450584888458,0.02815022391963134,0.02815022391963134,0.02531116753816605,False,False,16000,False,,False,0.0,cpu,patch_nearest_normal,last2,14,0.05,False,,,0.00011088544124504551,0.00011476924591981,False,True,True,False
2026-08-16 20:12:49,adapter_ctta,bottle,monitor,C:/cira_batch_test/bottle/bad_1.png,bad_1.png,anomaly,True,0.05799237638711929,0.05799237638711929,0.02815022391963134,0.02815022391963134,0.02531116753816605,False,False,16000,False,,False,0.0,cpu,patch_nearest_normal,last2,14,0.05,False,,,0.00011358963092789054,0.00011476924591981,False,True,True,False
2026-08-16 20:12:50,adapter_ctta,bottle,monitor,C:/cira_batch_test/bottle/good_14.png,good_14.png,normal,False,0.02309289574623108,0.023119617253541946,0.02815022391963134,0.02815022391963134,0.02531116753816605,False,False,16000,True,0.00011200962035218254,True,0.0026605043094605207,cpu,patch_nearest_normal,last2,14,0.05,False,,,9.97042006929405e-05,0.00011476924591981,True,True,True,False
2026-08-16 20:12:52,adapter_ctta,cable,monitor,C:/cira_batch_test/cable/good_1.png,good_1.png,normal,False,0.08960090577602386,0.08960090577602386,0.09852251798848576,0.09852251798848576,0.08661089912056923,False,False,16000,False,,False,0.0,cpu,patch_nearest_normal,last2,14,0.05,False,,,0.00016212121408898383,0.00019554235113892002,False,True,True,False
2026-08-16 20:12:54,adapter_ctta,cable,monitor,C:/cira_batch_test/cable/bad_16.png,bad_16.png,anomaly,True,0.2695935070514679,0.2695935070514679,0.09852251798848576,0.09852251798848576,0.08661089912056923,False,False,16000,False,,False,0.0,cpu,patch_nearest_normal,last2,14,0.05,False,,,0.00016124657122418284,0.00019554235113892002,False,True,True,False
2026-08-16 20:12:55,adapter_ctta,cable,monitor,C:/cira_batch_test/cable/bad_20.png,bad_20.png,anomaly,True,0.19632980227470398,0.19632980227470398,0.09852251798848576,0.09852251798848576,0.08661089912056923,False,False,16000,False,,False,0.0,cpu,patch_nearest_normal,last2,14,0.05,False,,,0.00017629400826990604,0.00019554235113892002,False,True,True,False
2026-08-16 20:12:57,adapter_ctta,cable,monitor,C:/cira_batch_test/cable/bad_12.png,bad_12.png,anomaly,True,0.10627879947423935,0.10627879947423935,0.09852251798848576,0.09852251798848576,0.08661089912056923,False,False,16000,False,,False,0.0,cpu,patch_nearest_normal,last2,14,0.05,False,,,0.00015119262388907373,0.00019554235113892002,False,True,True,False
2026-08-16 20:12:59,adapter_ctta,cable,monitor,C:/cira_batch_test/cable/good_17.png,good_17.png,normal,False,0.0832907110452652,0.08324569463729858,0.09852251798848576,0.09852251798848576,0.08661089912056923,False,False,16000,True,0.00018106709467247128,True,0.002999823074787855,cpu,patch_nearest_normal,last2,14,0.05,False,,,0.0001575980568304658,0.00019554235113892002,True,True,True,False
2026-08-16 20:13:00,adapter_ctta,cable,monitor,C:/cira_batch_test/cable/bad_9.png,bad_9.png,anomaly,True,0.15821684896945953,0.15821684896945953,0.09852251798848576,0.09852251798848576,0.08661089912056923,False,False,16000,False,,False,0.0,cpu,patch_nearest_normal,last2,14,0.05,False,,,0.00018189172260463238,0.00019554235113892002,False,True,True,False
2026-08-16 20:13:02,adapter_ctta,cable,monitor,C:/cira_batch_test/cable/bad_18.png,bad_18.png,anomaly,True,0.24601466953754425,0.24601466953754425,0.09852251798848576,0.09852251798848576,0.08661089912056923,False,False,16000,False,,False,0.0,cpu,patch_nearest_normal,last2,14,0.05,False,,,0.0001563045516377315,0.00019554235113892002,False,True,True,False
2026-08-16 20:13:04,adapter_ctta,cable,monitor,C:/cira_batch_test/cable/bad_13.png,bad_13.png,anomaly,True,0.1110633835196495,0.1110633835196495,0.09852251798848576,0.09852251798848576,0.08661089912056923,False,False,16000,False,,False,0.0,cpu,patch_nearest_normal,last2,14,0.05,False,,,0.00017066368309315294,0.00019554235113892002,False,True,True,False
2026-08-16 20:13:05,adapter_ctta,cable,monitor,C:/cira_batch_test/cable/bad_2.png,bad_2.png,anomaly,True,0.29270416498184204,0.29270416498184204,0.09852251798848576,0.09852251798848576,0.08661089912056923,False,False,16000,False,,False,0.0,cpu,patch_nearest_normal,last2,14,0.05,False,,,0.00016546652477700263,0.00019554235113892002,False,True,True,False
2026-08-16 20:13:07,adapter_ctta,cable,monitor,C:/cira_batch_test/cable/good_6.png,good_6.png,anomaly,True,0.1040298119187355,0.1040298119187355,0.09852251798848576,0.09852251798848576,0.08661089912056923,False,False,16000,False,,False,0.0,cpu,patch_nearest_normal,last2,14,0.05,False,,,0.00015847595932427794,0.00019554235113892002,False,True,True,False
2026-08-16 20:13:09,adapter_ctta,cable,monitor,C:/cira_batch_test/cable/good_10.png,good_10.png,normal,False,0.08572137355804443,0.08570055663585663,0.09852251798848576,0.09852251798848576,0.08661089912056923,False,False,16000,True,0.00018737792561296374,True,0.0026574006769806147,cpu,patch_nearest_normal,last2,14,0.05,False,,,0.00017664048937149346,0.00019554235113892002,True,True,True,False
2026-08-16 20:13:10,adapter_ctta,cable,monitor,C:/cira_batch_test/cable/good_7.png,good_7.png,normal,False,0.08266200125217438,0.08259217441082001,0.09852251798848576,0.09852251798848576,0.08661089912056923,False,False,16000,True,0.00019471639825496823,True,0.002597997896373272,cpu,patch_nearest_normal,last2,14,0.05,False,,,0.0001702706649666652,0.00019554235113892002,True,True,True,False
2026-08-16 20:13:12,adapter_ctta,cable,monitor,C:/cira_batch_test/cable/bad_8.png,bad_8.png,anomaly,True,0.12691979110240936,0.12691979110240936,0.09852251798848576,0.09852251798848576,0.08661089912056923,False,False,16000,False,,False,0.0,cpu,patch_nearest_normal,last2,14,0.05,False,,,0.00016793771646916866,0.00019554235113892002,False,True,True,False
2026-08-16 20:13:14,adapter_ctta,cable,monitor,C:/cira_batch_test/cable/bad_10.png,bad_10.png,anomaly,True,0.11320541054010391,0.11320541054010391,0.09852251798848576,0.09852251798848576,0.08661089912056923,False,False,16000,False,,False,0.0,cpu,patch_nearest_normal,last2,14,0.05,False,,,0.00018097818247042596,0.00019554235113892002,False,True,True,False
2026-08-16 20:13:15,adapter_ctta,cable,monitor,C:/cira_batch_test/cable/good_4.png,good_4.png,normal,False,0.0765070840716362,0.07649286091327667,0.09852251798848576,0.09852251798848576,0.08661089912056923,False,False,16000,True,0.00019919266924262047,True,0.0025463986676186323,cpu,patch_nearest_normal,last2,14,0.05,False,,,0.00017683910846244544,0.00019554235113892002,True,True,True,False
2026-08-16 20:13:17,adapter_ctta,cable,monitor,C:/cira_batch_test/cable/bad_5.png,bad_5.png,anomaly,True,0.13711129128932953,0.13711129128932953,0.09852251798848576,0.09852251798848576,0.08661089912056923,False,False,16000,False,,False,0.0,cpu,patch_nearest_normal,last2,14,0.05,False,,,0.0001845850929385051,0.00019554235113892002,False,True,True,False
2026-08-16 20:13:19,adapter_ctta,cable,monitor,C:/cira_batch_test/cable/good_20.png,good_20.png,normal,False,0.0885356217622757,0.0885356217622757,0.09852251798848576,0.09852251798848576,0.08661089912056923,False,False,16000,False,,False,0.0,cpu,patch_nearest_normal,last2,14,0.05,False,,,0.00016014528227970004,0.00019554235113892002,False,True,True,False
2026-08-16 20:13:21,adapter_ctta,cable,monitor,C:/cira_batch_test/cable/good_18.png,good_18.png,normal,False,0.07403607666492462,0.0740303173661232,0.09852251798848576,0.09852251798848576,0.08661089912056923,False,False,16000,True,0.00018058301066048443,True,0.0025424621999263763,cpu,patch_nearest_normal,last2,14,0.05,False,,,0.00016136148769874126,0.00019554235113892002,True,True,True,False
2026-08-16 20:13:22,adapter_ctta,cable,monitor,C:/cira_batch_test/cable/good_11.png,good_11.png,normal,False,0.0788116380572319,0.07883639633655548,0.09852251798848576,0.09852251798848576,0.08661089912056923,False,False,16000,True,0.000196805689483881,True,0.00250478507950902,cpu,patch_nearest_normal,last2,14,0.05,False,,,0.00018127622024621814,0.00019554235113892002,True,True,True,False
2026-08-16 20:13:24,adapter_ctta,cable,monitor,C:/cira_batch_test/cable/good_9.png,good_9.png,normal,False,0.08740547299385071,0.08740547299385071,0.09852251798848576,0.09852251798848576,0.08661089912056923,False,False,16000,False,,False,0.0,cpu,patch_nearest_normal,last2,14,0.05,False,,,0.0001743733446346596,0.00019554235113892002,False,True,True,False
2026-08-16 20:13:26,adapter_ctta,cable,monitor,C:/cira_batch_test/cable/good_16.png,good_16.png,normal,False,0.07590986788272858,0.07592763751745224,0.09852251798848576,0.09852251798848576,0.08661089912056923,False,False,16000,True,0.0001801200269255787,True,0.0024862592108547688,cpu,patch_nearest_normal,last2,14,0.05,False,,,0.00015701877418905497,0.00019554235113892002,True,True,True,False
2026-08-16 20:13:27,adapter_ctta,cable,monitor,C:/cira_batch_test/cable/bad_7.png,bad_7.png,anomaly,True,0.1328096091747284,0.1328096091747284,0.09852251798848576,0.09852251798848576,0.08661089912056923,False,False,16000,False,,False,0.0,cpu,patch_nearest_normal,last2,14,0.05,False,,,0.00015829852782189846,0.00019554235113892002,False,True,True,False
2026-08-16 20:13:29,adapter_ctta,cable,monitor,C:/cira_batch_test/cable/good_13.png,good_13.png,normal,False,0.08867526799440384,0.08867526799440384,0.09852251798848576,0.09852251798848576,0.08661089912056923,False,False,16000,False,,False,0.0,cpu,patch_nearest_normal,last2,14,0.05,False,,,0.00017117777315434068,0.00019554235113892002,False,True,True,False
2026-08-16 20:13:31,adapter_ctta,cable,monitor,C:/cira_batch_test/cable/good_5.png,good_5.png,anomaly,True,0.09978543221950531,0.09978543221950531,0.09852251798848576,0.09852251798848576,0.08661089912056923,False,False,16000,False,,False,0.0,cpu,patch_nearest_normal,last2,14,0.05,False,,,0.00016644768766127527,0.00019554235113892002,False,True,True,False
2026-08-16 20:13:32,adapter_ctta,cable,monitor,C:/cira_batch_test/cable/good_2.png,good_2.png,normal,False,0.08640564978122711,0.08639016002416611,0.09852251798848576,0.09852251798848576,0.08661089912056923,False,False,16000,True,0.0001963080430869013,True,0.002481998410075903,cpu,patch_nearest_normal,last2,14,0.05,False,,,0.0001628244062885642,0.00019554235113892002,True,True,True,False
2026-08-16 20:13:34,adapter_ctta,cable,monitor,C:/cira_batch_test/cable/bad_6.png,bad_6.png,anomaly,True,0.24199548363685608,0.24199548363685608,0.09852251798848576,0.09852251798848576,0.08661089912056923,False,False,16000,False,,False,0.0,cpu,patch_nearest_normal,last2,14,0.05,False,,,0.0001719205902190879,0.00019554235113892002,False,True,True,False
2026-08-16 20:13:36,adapter_ctta,cable,monitor,C:/cira_batch_test/cable/bad_14.png,bad_14.png,anomaly,True,0.10259564220905304,0.10259564220905304,0.09852251798848576,0.09852251798848576,0.08661089912056923,False,False,16000,False,,False,0.0,cpu,patch_nearest_normal,last2,14,0.05,False,,,0.00018749665468931198,0.00019554235113892002,False,True,True,False
2026-08-16 20:13:37,adapter_ctta,cable,monitor,C:/cira_batch_test/cable/good_3.png,good_3.png,anomaly,True,0.11454377323389053,0.11454377323389053,0.09852251798848576,0.09852251798848576,0.08661089912056923,False,False,16000,False,,False,0.0,cpu,patch_nearest_normal,last2,14,0.05,False,,,0.00015419484407175332,0.00019554235113892002,False,True,True,False
2026-08-16 20:13:39,adapter_ctta,cable,monitor,C:/cira_batch_test/cable/bad_4.png,bad_4.png,anomaly,True,0.3748025894165039,0.3748025894165039,0.09852251798848576,0.09852251798848576,0.08661089912056923,False,False,16000,False,,False,0.0,cpu,patch_nearest_normal,last2,14,0.05,False,,,0.00017315559671260417,0.00019554235113892002,False,True,True,False
2026-08-16 20:13:41,adapter_ctta,cable,monitor,C:/cira_batch_test/cable/bad_15.png,bad_15.png,anomaly,True,0.2185266762971878,0.2185266762971878,0.09852251798848576,0.09852251798848576,0.08661089912056923,False,False,16000,False,,False,0.0,cpu,patch_nearest_normal,last2,14,0.05,False,,,0.00017070240573957562,0.00019554235113892002,False,True,True,False
2026-08-16 20:13:42,adapter_ctta,cable,monitor,C:/cira_batch_test/cable/good_8.png,good_8.png,anomaly,True,0.09891901910305023,0.09891901910305023,0.09852251798848576,0.09852251798848576,0.08661089912056923,False,False,16000,False,,False,0.0,cpu,patch_nearest_normal,last2,14,0.05,False,,,0.00016370738740079105,0.00019554235113892002,False,True,True,False
2026-08-16 20:13:44,adapter_ctta,cable,monitor,C:/cira_batch_test/cable/bad_3.png,bad_3.png,anomaly,True,0.15446707606315613,0.15446707606315613,0.09852251798848576,0.09852251798848576,0.08661089912056923,False,False,16000,False,,False,0.0,cpu,patch_nearest_normal,last2,14,0.05,False,,,0.00018906313925981522,0.00019554235113892002,False,True,True,False
2026-08-16 20:13:46,adapter_ctta,cable,monitor,C:/cira_batch_test/cable/bad_11.png,bad_11.png,anomaly,True,0.19180803000926971,0.19180803000926971,0.09852251798848576,0.09852251798848576,0.08661089912056923,False,False,16000,False,,False,0.0,cpu,patch_nearest_normal,last2,14,0.05,False,,,0.00016313407104462385,0.00019554235113892002,False,True,True,False
2026-08-16 20:13:47,adapter_ctta,cable,monitor,C:/cira_batch_test/cable/good_19.png,good_19.png,normal,False,0.0833839625120163,0.08337913453578949,0.09852251798848576,0.09852251798848576,0.08661089912056923,False,False,16000,True,0.00017233911785297096,True,0.0024710004217922688,cpu,patch_nearest_normal,last2,14,0.05,False,,,0.00014683528570458293,0.00019554235113892002,True,True,True,False
2026-08-16 20:13:49,adapter_ctta,cable,monitor,C:/cira_batch_test/cable/good_12.png,good_12.png,normal,False,0.080116868019104,0.08012204617261887,0.09852251798848576,0.09852251798848576,0.08661089912056923,False,False,16000,True,0.0001868641411419958,True,0.0024860608391463757,cpu,patch_nearest_normal,last2,14,0.05,True,C:\cira_ttl_checkpoints\cable\patch_memory_bank_update_10.pt,C:\cira_ttl_checkpoints\cable\patch_adapter_update_10.pt,0.00016683376452419907,0.00019554235113892002,True,True,True,False
2026-08-16 20:13:51,adapter_ctta,cable,monitor,C:/cira_batch_test/cable/good_15.png,good_15.png,normal,False,0.08309276401996613,0.0830858126282692,0.09852251798848576,0.09852251798848576,0.08661089912056923,False,False,16000,True,0.00018264603568241,True,0.0024823383428156376,cpu,patch_nearest_normal,last2,14,0.05,False,,,0.00017707012011669576,0.00019554235113892002,True,True,True,False
2026-08-16 20:13:53,adapter_ctta,cable,monitor,C:/cira_batch_test/cable/bad_17.png,bad_17.png,anomaly,True,0.1486910879611969,0.1486910879611969,0.09852251798848576,0.09852251798848576,0.08661089912056923,False,False,16000,False,,False,0.0,cpu,patch_nearest_normal,last2,14,0.05,False,,,0.0001819384197006002,0.00019554235113892002,False,True,True,False
2026-08-16 20:13:54,adapter_ctta,cable,monitor,C:/cira_batch_test/cable/bad_19.png,bad_19.png,normal,False,0.09408950060606003,0.09408950060606003,0.09852251798848576,0.09852251798848576,0.08661089912056923,False,False,16000,False,,False,0.0,cpu,patch_nearest_normal,last2,14,0.05,False,,,0.00014964294678065926,0.00019554235113892002,False,True,True,False
2026-08-16 20:13:56,adapter_ctta,cable,monitor,C:/cira_batch_test/cable/bad_1.png,bad_1.png,anomaly,True,0.25404515862464905,0.25404515862464905,0.09852251798848576,0.09852251798848576,0.08661089912056923,False,False,16000,False,,False,0.0,cpu,patch_nearest_normal,last2,14,0.05,False,,,0.00015968344814609736,0.00019554235113892002,False,True,True,False
2026-08-16 20:13:58,adapter_ctta,cable,monitor,C:/cira_batch_test/cable/good_14.png,good_14.png,normal,False,0.09532704949378967,0.09532704949378967,0.09852251798848576,0.09852251798848576,0.08661089912056923,False,False,16000,False,,False,0.0,cpu,patch_nearest_normal,last2,14,0.05,False,,,0.00016924613737501204,0.00019554235113892002,False,True,True,False
2026-08-16 20:13:59,adapter_ctta,capsule,monitor,C:/cira_batch_test/capsule/good_1.png,good_1.png,normal,False,0.024378538131713867,0.024378538131713867,0.04299485732503146,0.04299485732503146,0.031231427378952504,False,False,16000,False,,False,0.0,cpu,patch_nearest_normal,last2,14,0.05,False,,,0.00011487853771541268,0.0001107694308302,True,False,True,False
2026-08-16 20:14:01,adapter_ctta,capsule,monitor,C:/cira_batch_test/capsule/bad_16.png,bad_16.png,anomaly,True,0.07358697801828384,0.07358697801828384,0.04299485732503146,0.04299485732503146,0.031231427378952504,False,False,16000,False,,False,0.0,cpu,patch_nearest_normal,last2,14,0.05,False,,,9.957990550901741e-05,0.0001107694308302,False,True,True,False
2026-08-16 20:14:02,adapter_ctta,capsule,monitor,C:/cira_batch_test/capsule/bad_20.png,bad_20.png,anomaly,True,0.05234730988740921,0.05234730988740921,0.04299485732503146,0.04299485732503146,0.031231427378952504,False,False,16000,False,,False,0.0,cpu,patch_nearest_normal,last2,14,0.05,False,,,9.861945727607235e-05,0.0001107694308302,False,True,True,False
2026-08-16 20:14:04,adapter_ctta,capsule,monitor,C:/cira_batch_test/capsule/bad_12.png,bad_12.png,anomaly,True,0.049266327172517776,0.049266327172517776,0.04299485732503146,0.04299485732503146,0.031231427378952504,False,False,16000,False,,False,0.0,cpu,patch_nearest_normal,last2,14,0.05,False,,,9.787012095330283e-05,0.0001107694308302,False,True,True,False
2026-08-16 20:14:06,adapter_ctta,capsule,monitor,C:/cira_batch_test/capsule/good_17.png,good_17.png,normal,False,0.020368237048387527,0.02035040780901909,0.04299485732503146,0.04299485732503146,0.031231427378952504,False,False,16000,True,0.00011987167090410367,True,0.0030086699407547712,cpu,patch_nearest_normal,last2,14,0.05,False,,,0.00010706174361985177,0.0001107694308302,True,True,True,False
2026-08-16 20:14:07,adapter_ctta,capsule,monitor,C:/cira_batch_test/capsule/bad_9.png,bad_9.png,anomaly,True,0.1758042275905609,0.1758042275905609,0.04299485732503146,0.04299485732503146,0.031231427378952504,False,False,16000,False,,False,0.0,cpu,patch_nearest_normal,last2,14,0.05,False,,,9.716832573758438e-05,0.0001107694308302,False,True,True,False
2026-08-16 20:14:09,adapter_ctta,capsule,monitor,C:/cira_batch_test/capsule/bad_18.png,bad_18.png,anomaly,True,0.06033584475517273,0.06033584475517273,0.04299485732503146,0.04299485732503146,0.031231427378952504,False,False,16000,False,,False,0.0,cpu,patch_nearest_normal,last2,14,0.05,False,,,9.732739272294566e-05,0.0001107694308302,False,True,True,False
2026-08-16 20:14:11,adapter_ctta,capsule,monitor,C:/cira_batch_test/capsule/bad_13.png,bad_13.png,anomaly,True,0.043617576360702515,0.043617576360702515,0.04299485732503146,0.04299485732503146,0.031231427378952504,False,False,16000,False,,False,0.0,cpu,patch_nearest_normal,last2,14,0.05,False,,,0.00010020096669904888,0.0001107694308302,False,True,True,False
2026-08-16 20:14:12,adapter_ctta,capsule,monitor,C:/cira_batch_test/capsule/bad_2.png,bad_2.png,anomaly,True,0.26611027121543884,0.26611027121543884,0.04299485732503146,0.04299485732503146,0.031231427378952504,False,False,16000,False,,False,0.0,cpu,patch_nearest_normal,last2,14,0.05,False,,,0.000109634202090092,0.0001107694308302,False,True,True,False
2026-08-16 20:14:14,adapter_ctta,capsule,monitor,C:/cira_batch_test/capsule/good_6.png,good_6.png,normal,False,0.0163889043033123,0.016355717554688454,0.04299485732503146,0.04299485732503146,0.031231427378952504,False,False,16000,True,0.00010341067536501214,True,0.0027737985365092754,cpu,patch_nearest_normal,last2,14,0.05,False,,,9.279831283492967e-05,0.0001107694308302,True,True,True,False
2026-08-16 20:14:16,adapter_ctta,capsule,monitor,C:/cira_batch_test/capsule/good_10.png,good_10.png,normal,False,0.026232069358229637,0.026199692860245705,0.04299485732503146,0.04299485732503146,0.031231427378952504,False,False,16000,True,0.00010025789379142225,True,0.0027156441938132048,cpu,patch_nearest_normal,last2,14,0.05,False,,,9.182917710859329e-05,0.0001107694308302,True,True,True,False
2026-08-16 20:14:18,adapter_ctta,capsule,monitor,C:/cira_batch_test/capsule/good_7.png,good_7.png,anomaly,True,0.06800652295351028,0.06800652295351028,0.04299485732503146,0.04299485732503146,0.031231427378952504,False,False,16000,False,,False,0.0,cpu,patch_nearest_normal,last2,14,0.05,False,,,9.096892608795315e-05,0.0001107694308302,False,True,True,False
2026-08-16 20:14:19,adapter_ctta,capsule,monitor,C:/cira_batch_test/capsule/bad_8.png,bad_8.png,anomaly,True,0.12480957806110382,0.12480957806110382,0.04299485732503146,0.04299485732503146,0.031231427378952504,False,False,16000,False,,False,0.0,cpu,patch_nearest_normal,last2,14,0.05,False,,,8.886661089491099e-05,0.0001107694308302,False,True,True,False
2026-08-16 20:14:21,adapter_ctta,capsule,monitor,C:/cira_batch_test/capsule/bad_10.png,bad_10.png,anomaly,True,0.06696771830320358,0.06696771830320358,0.04299485732503146,0.04299485732503146,0.031231427378952504,False,False,16000,False,,False,0.0,cpu,patch_nearest_normal,last2,14,0.05,False,,,0.00010129751171916723,0.0001107694308302,False,True,True,False
2026-08-16 20:14:23,adapter_ctta,capsule,monitor,C:/cira_batch_test/capsule/good_4.png,good_4.png,normal,False,0.02061505988240242,0.020603006705641747,0.04299485732503146,0.04299485732503146,0.031231427378952504,False,False,16000,True,0.00011623398313531652,True,0.0026827978435903788,cpu,patch_nearest_normal,last2,14,0.05,False,,,9.520292951492593e-05,0.0001107694308302,True,True,True,False
2026-08-16 20:14:24,adapter_ctta,capsule,monitor,C:/cira_batch_test/capsule/bad_5.png,bad_5.png,normal,False,0.041823696345090866,0.041823696345090866,0.04299485732503146,0.04299485732503146,0.031231427378952504,False,False,16000,False,,False,0.0,cpu,patch_nearest_normal,last2,14,0.05,False,,,9.665504330769181e-05,0.0001107694308302,False,True,True,False
2026-08-16 20:14:26,adapter_ctta,capsule,monitor,C:/cira_batch_test/capsule/good_20.png,good_20.png,normal,False,0.03094692900776863,0.030953723937273026,0.04299485732503146,0.04299485732503146,0.031231427378952504,False,False,16000,True,0.0001156117650680244,True,0.0026061255484819412,cpu,patch_nearest_normal,last2,14,0.05,False,,,9.988888632506132e-05,0.0001107694308302,True,True,True,False
2026-08-16 20:14:28,adapter_ctta,capsule,monitor,C:/cira_batch_test/capsule/good_18.png,good_18.png,normal,False,0.019485514611005783,0.019484609365463257,0.04299485732503146,0.04299485732503146,0.031231427378952504,False,False,16000,True,0.00010943870438495651,True,0.0025956660974770784,cpu,patch_nearest_normal,last2,14,0.05,False,,,0.00011010541493305936,0.0001107694308302,True,True,True,False
2026-08-16 20:14:30,adapter_ctta,capsule,monitor,C:/cira_batch_test/capsule/good_11.png,good_11.png,normal,False,0.029011517763137817,0.029015034437179565,0.04299485732503146,0.04299485732503146,0.031231427378952504,False,False,16000,True,0.00010562244278844446,True,0.002594144083559513,cpu,patch_nearest_normal,last2,14,0.05,False,,,9.845788008533418e-05,0.0001107694308302,True,True,True,False
2026-08-16 20:14:31,adapter_ctta,capsule,monitor,C:/cira_batch_test/capsule/good_9.png,good_9.png,normal,False,0.02176896296441555,0.0217610951513052,0.04299485732503146,0.04299485732503146,0.031231427378952504,False,False,16000,True,9.980676986742765e-05,True,0.00260162353515625,cpu,patch_nearest_normal,last2,14,0.05,False,,,0.00010086179827339947,0.0001107694308302,True,True,True,False
2026-08-16 20:14:33,adapter_ctta,capsule,monitor,C:/cira_batch_test/capsule/good_16.png,good_16.png,normal,False,0.02734774351119995,0.027358949184417725,0.04299485732503146,0.04299485732503146,0.031231427378952504,False,False,16000,True,0.00011676709982566535,True,0.002598717575892806,cpu,patch_nearest_normal,last2,14,0.05,False,,,0.000101285899290815,0.0001107694308302,True,True,True,False
2026-08-16 20:14:35,adapter_ctta,capsule,monitor,C:/cira_batch_test/capsule/bad_7.png,bad_7.png,anomaly,True,0.07419569790363312,0.07419569790363312,0.04299485732503146,0.04299485732503146,0.031231427378952504,False,False,16000,False,,False,0.0,cpu,patch_nearest_normal,last2,14,0.05,False,,,9.126526128966361e-05,0.0001107694308302,False,True,True,False
2026-08-16 20:14:37,adapter_ctta,capsule,monitor,C:/cira_batch_test/capsule/good_13.png,good_13.png,normal,False,0.025243496522307396,0.025259386748075485,0.04299485732503146,0.04299485732503146,0.031231427378952504,False,False,16000,True,0.00011267333320574835,True,0.0025836590211838484,cpu,patch_nearest_normal,last2,14,0.05,True,C:\cira_ttl_checkpoints\capsule\patch_memory_bank_update_10.pt,C:\cira_ttl_checkpoints\capsule\patch_adapter_update_10.pt,9.705391130410135e-05,0.0001107694308302,True,True,True,False
2026-08-16 20:14:39,adapter_ctta,capsule,monitor,C:/cira_batch_test/capsule/good_5.png,good_5.png,normal,False,0.027583718299865723,0.027581095695495605,0.04299485732503146,0.04299485732503146,0.031231427378952504,False,False,16000,True,0.0001107761709135957,True,0.0025775975082069635,cpu,patch_nearest_normal,last2,14,0.05,False,,,9.568464156473055e-05,0.0001107694308302,True,True,True,False
2026-08-16 20:14:40,adapter_ctta,capsule,monitor,C:/cira_batch_test/capsule/good_2.png,good_2.png,normal,False,0.019945507869124413,0.019958723336458206,0.04299485732503146,0.04299485732503146,0.031231427378952504,False,False,16000,True,9.858845442067832e-05,True,0.0025586457923054695,cpu,patch_nearest_normal,last2,14,0.05,False,,,0.00010250233026454225,0.0001107694308302,True,True,True,False
2026-08-16 20:14:42,adapter_ctta,capsule,monitor,C:/cira_batch_test/capsule/bad_6.png,bad_6.png,anomaly,True,0.12009137868881226,0.12009137868881226,0.04299485732503146,0.04299485732503146,0.031231427378952504,False,False,16000,False,,False,0.0,cpu,patch_nearest_normal,last2,14,0.05,False,,,9.730918100103736e-05,0.0001107694308302,False,True,True,False
2026-08-16 20:14:44,adapter_ctta,capsule,monitor,C:/cira_batch_test/capsule/bad_14.png,bad_14.png,normal,False,0.03807087615132332,0.03807087615132332,0.04299485732503146,0.04299485732503146,0.031231427378952504,False,False,16000,False,,False,0.0,cpu,patch_nearest_normal,last2,14,0.05,False,,,9.097692236537114e-05,0.0001107694308302,False,True,True,False
2026-08-16 20:14:45,adapter_ctta,capsule,monitor,C:/cira_batch_test/capsule/good_3.png,good_3.png,normal,False,0.0388922318816185,0.0388922318816185,0.04299485732503146,0.04299485732503146,0.031231427378952504,False,False,16000,False,,False,0.0,cpu,patch_nearest_normal,last2,14,0.05,False,,,9.190703713102266e-05,0.0001107694308302,False,True,True,False
2026-08-16 20:14:47,adapter_ctta,capsule,monitor,C:/cira_batch_test/capsule/bad_4.png,bad_4.png,normal,False,0.037003450095653534,0.037003450095653534,0.04299485732503146,0.04299485732503146,0.031231427378952504,False,False,16000,False,,False,0.0,cpu,patch_nearest_normal,last2,14,0.05,False,,,9.580336336512119e-05,0.0001107694308302,False,True,True,False
2026-08-16 20:14:49,adapter_ctta,capsule,monitor,C:/cira_batch_test/capsule/bad_15.png,bad_15.png,anomaly,True,0.08061908185482025,0.08061908185482025,0.04299485732503146,0.04299485732503146,0.031231427378952504,False,False,16000,False,,False,0.0,cpu,patch_nearest_normal,last2,14,0.05,False,,,0.00011701251787599176,0.0001107694308302,False,False,True,False
2026-08-16 20:14:50,adapter_ctta,capsule,monitor,C:/cira_batch_test/capsule/good_8.png,good_8.png,normal,False,0.02860664203763008,0.02864966355264187,0.04299485732503146,0.04299485732503146,0.031231427378952504,False,False,16000,True,9.824695735005662e-05,True,0.002545918570831418,cpu,patch_nearest_normal,last2,14,0.05,False,,,9.169157419819385e-05,0.0001107694308302,True,True,True,False
2026-08-16 20:14:52,adapter_ctta,capsule,monitor,C:/cira_batch_test/capsule/bad_3.png,bad_3.png,anomaly,True,0.09445121884346008,0.09445121884346008,0.04299485732503146,0.04299485732503146,0.031231427378952504,False,False,16000,False,,False,0.0,cpu,patch_nearest_normal,last2,14,0.05,False,,,9.533330739941448e-05,0.0001107694308302,False,True,True,False
2026-08-16 20:14:54,adapter_ctta,capsule,monitor,C:/cira_batch_test/capsule/bad_11.png,bad_11.png,anomaly,True,0.045140594244003296,0.045140594244003296,0.04299485732503146,0.04299485732503146,0.031231427378952504,False,False,16000,False,,False,0.0,cpu,patch_nearest_normal,last2,14,0.05,False,,,9.895786206470802e-05,0.0001107694308302,False,True,True,False
2026-08-16 20:14:55,adapter_ctta,capsule,monitor,C:/cira_batch_test/capsule/good_19.png,good_19.png,normal,False,0.01984431780874729,0.019863814115524292,0.04299485732503146,0.04299485732503146,0.031231427378952504,False,False,16000,True,0.00011343436199240386,True,0.002555985702201724,cpu,patch_nearest_normal,last2,14,0.05,False,,,0.00010015889711212367,0.0001107694308302,True,True,True,False
2026-08-16 20:14:57,adapter_ctta,capsule,monitor,C:/cira_batch_test/capsule/good_12.png,good_12.png,normal,False,0.03666877746582031,0.03666877746582031,0.04299485732503146,0.04299485732503146,0.031231427378952504,False,False,16000,False,,False,0.0,cpu,patch_nearest_normal,last2,14,0.05,False,,,9.882315498543903e-05,0.0001107694308302,False,True,True,False
2026-08-16 20:14:59,adapter_ctta,capsule,monitor,C:/cira_batch_test/capsule/good_15.png,good_15.png,normal,False,0.03395203873515129,0.03395203873515129,0.04299485732503146,0.04299485732503146,0.031231427378952504,False,False,16000,False,,False,0.0,cpu,patch_nearest_normal,last2,14,0.05,False,,,0.00011021655518561602,0.0001107694308302,False,True,True,False
2026-08-16 20:15:00,adapter_ctta,capsule,monitor,C:/cira_batch_test/capsule/bad_17.png,bad_17.png,anomaly,True,0.057020485401153564,0.057020485401153564,0.04299485732503146,0.04299485732503146,0.031231427378952504,False,False,16000,False,,False,0.0,cpu,patch_nearest_normal,last2,14,0.05,False,,,9.687123383628204e-05,0.0001107694308302,False,True,True,False
2026-08-16 20:15:02,adapter_ctta,capsule,monitor,C:/cira_batch_test/capsule/bad_19.png,bad_19.png,anomaly,True,0.11667118966579437,0.11667118966579437,0.04299485732503146,0.04299485732503146,0.031231427378952504,False,False,16000,False,,False,0.0,cpu,patch_nearest_normal,last2,14,0.05,False,,,0.00010009056131821126,0.0001107694308302,False,True,True,False
2026-08-16 20:15:03,adapter_ctta,capsule,monitor,C:/cira_batch_test/capsule/bad_1.png,bad_1.png,anomaly,True,0.17374446988105774,0.17374446988105774,0.04299485732503146,0.04299485732503146,0.031231427378952504,False,False,16000,False,,False,0.0,cpu,patch_nearest_normal,last2,14,0.05,False,,,9.946497448254377e-05,0.0001107694308302,False,True,True,False
2026-08-16 20:15:05,adapter_ctta,capsule,monitor,C:/cira_batch_test/capsule/good_14.png,good_14.png,normal,False,0.024050718173384666,0.024046456441283226,0.04299485732503146,0.04299485732503146,0.031231427378952504,False,False,16000,True,0.00011210606317035854,True,0.002545987954363227,cpu,patch_nearest_normal,last2,14,0.05,False,,,0.00010245886369375512,0.0001107694308302,True,True,True,False
2026-08-16 20:15:07,adapter_ctta,carpet,monitor,C:/cira_batch_test/carpet/good_1.png,good_1.png,normal,False,0.02601250447332859,0.026040267199277878,0.0343417185988487,0.0343417185988487,0.03367696963250637,False,False,16000,True,5.1007777074119076e-05,True,0.0028928490355610847,cpu,patch_nearest_normal,last2,14,0.05,False,,,3.7524881918216124e-05,6.111156617407686e-05,True,True,True,False
2026-08-16 20:15:09,adapter_ctta,carpet,monitor,C:/cira_batch_test/carpet/bad_16.png,bad_16.png,anomaly,True,0.13154765963554382,0.13154765963554382,0.0343417185988487,0.0343417185988487,0.03367696963250637,False,False,16000,False,,False,0.0,cpu,patch_nearest_normal,last2,14,0.05,False,,,5.389281432144344e-05,6.111156617407686e-05,False,True,True,False
2026-08-16 20:15:10,adapter_ctta,carpet,monitor,C:/cira_batch_test/carpet/bad_20.png,bad_20.png,anomaly,True,0.13696947693824768,0.13696947693824768,0.0343417185988487,0.0343417185988487,0.03367696963250637,False,False,16000,False,,False,0.0,cpu,patch_nearest_normal,last2,14,0.05,False,,,4.8252117267111316e-05,6.111156617407686e-05,False,True,True,False
2026-08-16 20:15:12,adapter_ctta,carpet,monitor,C:/cira_batch_test/carpet/bad_12.png,bad_12.png,normal,False,0.034088604152202606,0.034088604152202606,0.0343417185988487,0.0343417185988487,0.03367696963250637,False,False,16000,False,,False,0.0,cpu,patch_nearest_normal,last2,14,0.05,False,,,4.204768265481107e-05,6.111156617407686e-05,False,True,True,False
2026-08-16 20:15:14,adapter_ctta,carpet,monitor,C:/cira_batch_test/carpet/good_17.png,good_17.png,normal,False,0.031952906399965286,0.03198964521288872,0.0343417185988487,0.0343417185988487,0.03367696963250637,False,False,16000,True,5.327011240296997e-05,True,0.002721216296777129,cpu,patch_nearest_normal,last2,14,0.05,False,,,4.482096846913919e-05,6.111156617407686e-05,True,True,True,False
2026-08-16 20:15:16,adapter_ctta,carpet,monitor,C:/cira_batch_test/carpet/bad_9.png,bad_9.png,anomaly,True,0.3491838872432709,0.3491838872432709,0.0343417185988487,0.0343417185988487,0.03367696963250637,False,False,16000,False,,False,0.0,cpu,patch_nearest_normal,last2,14,0.05,False,,,7.210439798654988e-05,6.111156617407686e-05,False,False,True,False
2026-08-16 20:15:17,adapter_ctta,carpet,monitor,C:/cira_batch_test/carpet/bad_18.png,bad_18.png,anomaly,True,0.3320673406124115,0.3320673406124115,0.0343417185988487,0.0343417185988487,0.03367696963250637,False,False,16000,False,,False,0.0,cpu,patch_nearest_normal,last2,14,0.05,False,,,5.372794112190604e-05,6.111156617407686e-05,False,True,True,False
2026-08-16 20:15:19,adapter_ctta,carpet,monitor,C:/cira_batch_test/carpet/bad_13.png,bad_13.png,anomaly,True,0.035693299025297165,0.035693299025297165,0.0343417185988487,0.0343417185988487,0.03367696963250637,False,False,16000,False,,False,0.0,cpu,patch_nearest_normal,last2,14,0.05,False,,,4.838265522266738e-05,6.111156617407686e-05,False,True,True,False
2026-08-16 20:15:21,adapter_ctta,carpet,monitor,C:/cira_batch_test/carpet/bad_2.png,bad_2.png,anomaly,True,0.15512652695178986,0.15512652695178986,0.0343417185988487,0.0343417185988487,0.03367696963250637,False,False,16000,False,,False,0.0,cpu,patch_nearest_normal,last2,14,0.05,False,,,5.793695891043171e-05,6.111156617407686e-05,False,True,True,False
2026-08-16 20:15:22,adapter_ctta,carpet,monitor,C:/cira_batch_test/carpet/good_6.png,good_6.png,anomaly,True,0.03458310291171074,0.03458310291171074,0.0343417185988487,0.0343417185988487,0.03367696963250637,False,False,16000,False,,False,0.0,cpu,patch_nearest_normal,last2,14,0.05,False,,,4.1259096178691834e-05,6.111156617407686e-05,False,True,True,False
2026-08-16 20:15:24,adapter_ctta,carpet,monitor,C:/cira_batch_test/carpet/good_10.png,good_10.png,anomaly,True,0.03943989425897598,0.03943989425897598,0.0343417185988487,0.0343417185988487,0.03367696963250637,False,False,16000,False,,False,0.0,cpu,patch_nearest_normal,last2,14,0.05,False,,,3.446499977144413e-05,6.111156617407686e-05,False,True,True,False
2026-08-16 20:15:25,adapter_ctta,carpet,monitor,C:/cira_batch_test/carpet/good_7.png,good_7.png,anomaly,True,0.03654230758547783,0.03654230758547783,0.0343417185988487,0.0343417185988487,0.03367696963250637,False,False,16000,False,,False,0.0,cpu,patch_nearest_normal,last2,14,0.05,False,,,3.886673948727548e-05,6.111156617407686e-05,False,True,True,False
2026-08-16 20:15:27,adapter_ctta,carpet,monitor,C:/cira_batch_test/carpet/bad_8.png,bad_8.png,anomaly,True,0.2966045141220093,0.2966045141220093,0.0343417185988487,0.0343417185988487,0.03367696963250637,False,False,16000,False,,False,0.0,cpu,patch_nearest_normal,last2,14,0.05,False,,,6.167763785924762e-05,6.111156617407686e-05,False,False,True,False
2026-08-16 20:15:29,adapter_ctta,carpet,monitor,C:/cira_batch_test/carpet/bad_10.png,bad_10.png,anomaly,True,0.23364929854869843,0.23364929854869843,0.0343417185988487,0.0343417185988487,0.03367696963250637,False,False,16000,False,,False,0.0,cpu,patch_nearest_normal,last2,14,0.05,False,,,5.3670370107283816e-05,6.111156617407686e-05,False,True,True,False
2026-08-16 20:15:31,adapter_ctta,carpet,monitor,C:/cira_batch_test/carpet/good_4.png,good_4.png,normal,False,0.033390212804079056,0.03337123990058899,0.0343417185988487,0.0343417185988487,0.03367696963250637,False,False,16000,True,4.258301851223223e-05,True,0.002592117292806506,cpu,patch_nearest_normal,last2,14,0.05,False,,,3.773294884013012e-05,6.111156617407686e-05,True,True,True,False
2026-08-16 20:15:32,adapter_ctta,carpet,monitor,C:/cira_batch_test/carpet/bad_5.png,bad_5.png,anomaly,True,0.23433594405651093,0.23433594405651093,0.0343417185988487,0.0343417185988487,0.03367696963250637,False,False,16000,False,,False,0.0,cpu,patch_nearest_normal,last2,14,0.05,False,,,5.851275636814535e-05,6.111156617407686e-05,False,True,True,False
2026-08-16 20:15:34,adapter_ctta,carpet,monitor,C:/cira_batch_test/carpet/good_20.png,good_20.png,anomaly,True,0.03846883773803711,0.03846883773803711,0.0343417185988487,0.0343417185988487,0.03367696963250637,False,False,16000,False,,False,0.0,cpu,patch_nearest_normal,last2,14,0.05,False,,,5.4618267313344404e-05,6.111156617407686e-05,False,True,True,False
2026-08-16 20:15:36,adapter_ctta,carpet,monitor,C:/cira_batch_test/carpet/good_18.png,good_18.png,normal,False,0.02811906300485134,0.028164302930235863,0.0343417185988487,0.0343417185988487,0.03367696963250637,False,False,16000,True,5.6008553656283766e-05,True,0.0025902034249156713,cpu,patch_nearest_normal,last2,14,0.05,False,,,5.0502116209827363e-05,6.111156617407686e-05,True,True,True,False
2026-08-16 20:15:37,adapter_ctta,carpet,monitor,C:/cira_batch_test/carpet/good_11.png,good_11.png,anomaly,True,0.04237447306513786,0.04237447306513786,0.0343417185988487,0.0343417185988487,0.03367696963250637,False,False,16000,False,,False,0.0,cpu,patch_nearest_normal,last2,14,0.05,False,,,4.425885344971903e-05,6.111156617407686e-05,False,True,True,False
2026-08-16 20:15:39,adapter_ctta,carpet,monitor,C:/cira_batch_test/carpet/good_9.png,good_9.png,anomaly,True,0.053258247673511505,0.053258247673511505,0.0343417185988487,0.0343417185988487,0.03367696963250637,False,False,16000,False,,False,0.0,cpu,patch_nearest_normal,last2,14,0.05,False,,,3.313962952233851e-05,6.111156617407686e-05,False,True,True,False
2026-08-16 20:15:41,adapter_ctta,carpet,monitor,C:/cira_batch_test/carpet/good_16.png,good_16.png,anomaly,True,0.03682345896959305,0.03682345896959305,0.0343417185988487,0.0343417185988487,0.03367696963250637,False,False,16000,False,,False,0.0,cpu,patch_nearest_normal,last2,14,0.05,False,,,3.652232408057898e-05,6.111156617407686e-05,False,True,True,False
2026-08-16 20:15:42,adapter_ctta,carpet,monitor,C:/cira_batch_test/carpet/bad_7.png,bad_7.png,anomaly,True,0.07356202602386475,0.07356202602386475,0.0343417185988487,0.0343417185988487,0.03367696963250637,False,False,16000,False,,False,0.0,cpu,patch_nearest_normal,last2,14,0.05,False,,,5.7286801165901124e-05,6.111156617407686e-05,False,True,True,False
2026-08-16 20:15:44,adapter_ctta,carpet,monitor,C:/cira_batch_test/carpet/good_13.png,good_13.png,anomaly,True,0.03627728670835495,0.03627728670835495,0.0343417185988487,0.0343417185988487,0.03367696963250637,False,False,16000,False,,False,0.0,cpu,patch_nearest_normal,last2,14,0.05,False,,,3.366027522133663e-05,6.111156617407686e-05,False,True,True,False
2026-08-16 20:15:46,adapter_ctta,carpet,monitor,C:/cira_batch_test/carpet/good_5.png,good_5.png,anomaly,True,0.03479291871190071,0.03479291871190071,0.0343417185988487,0.0343417185988487,0.03367696963250637,False,False,16000,False,,False,0.0,cpu,patch_nearest_normal,last2,14,0.05,False,,,3.9280534110730514e-05,6.111156617407686e-05,False,True,True,False
2026-08-16 20:15:48,adapter_ctta,carpet,monitor,C:/cira_batch_test/carpet/good_2.png,good_2.png,normal,False,0.03327762335538864,0.03334035351872444,0.0343417185988487,0.0343417185988487,0.03367696963250637,False,False,16000,True,5.267158485366963e-05,True,0.0026038563810288906,cpu,patch_nearest_normal,last2,14,0.05,False,,,4.715250906883739e-05,6.111156617407686e-05,True,True,True,False
2026-08-16 20:15:49,adapter_ctta,carpet,monitor,C:/cira_batch_test/carpet/bad_6.png,bad_6.png,anomaly,True,0.10883636772632599,0.10883636772632599,0.0343417185988487,0.0343417185988487,0.03367696963250637,False,False,16000,False,,False,0.0,cpu,patch_nearest_normal,last2,14,0.05,False,,,3.9606078644283116e-05,6.111156617407686e-05,False,True,True,False
2026-08-16 20:15:51,adapter_ctta,carpet,monitor,C:/cira_batch_test/carpet/bad_14.png,bad_14.png,anomaly,True,0.2171512395143509,0.2171512395143509,0.0343417185988487,0.0343417185988487,0.03367696963250637,False,False,16000,False,,False,0.0,cpu,patch_nearest_normal,last2,14,0.05,False,,,5.441924076876603e-05,6.111156617407686e-05,False,True,True,False
2026-08-16 20:15:53,adapter_ctta,carpet,monitor,C:/cira_batch_test/carpet/good_3.png,good_3.png,anomaly,True,0.0344562828540802,0.0344562828540802,0.0343417185988487,0.0343417185988487,0.03367696963250637,False,False,16000,False,,False,0.0,cpu,patch_nearest_normal,last2,14,0.05,False,,,3.781645864364691e-05,6.111156617407686e-05,False,True,True,False
2026-08-16 20:15:54,adapter_ctta,carpet,monitor,C:/cira_batch_test/carpet/bad_4.png,bad_4.png,anomaly,True,0.2752131521701813,0.2752131521701813,0.0343417185988487,0.0343417185988487,0.03367696963250637,False,False,16000,False,,False,0.0,cpu,patch_nearest_normal,last2,14,0.05,False,,,6.082868640078232e-05,6.111156617407686e-05,False,True,True,False
2026-08-16 20:15:56,adapter_ctta,carpet,monitor,C:/cira_batch_test/carpet/bad_15.png,bad_15.png,anomaly,True,0.04096195101737976,0.04096195101737976,0.0343417185988487,0.0343417185988487,0.03367696963250637,False,False,16000,False,,False,0.0,cpu,patch_nearest_normal,last2,14,0.05,False,,,3.650128928711638e-05,6.111156617407686e-05,False,True,True,False
2026-08-16 20:15:58,adapter_ctta,carpet,monitor,C:/cira_batch_test/carpet/good_8.png,good_8.png,normal,False,0.031316082924604416,0.03132738918066025,0.0343417185988487,0.0343417185988487,0.03367696963250637,False,False,16000,True,4.438014002516866e-05,True,0.00259817810729146,cpu,patch_nearest_normal,last2,14,0.05,False,,,4.114793046028353e-05,6.111156617407686e-05,True,True,True,False
2026-08-16 20:15:59,adapter_ctta,carpet,monitor,C:/cira_batch_test/carpet/bad_3.png,bad_3.png,anomaly,True,0.35560548305511475,0.35560548305511475,0.0343417185988487,0.0343417185988487,0.03367696963250637,False,False,16000,False,,False,0.0,cpu,patch_nearest_normal,last2,14,0.05,False,,,4.470235217013396e-05,6.111156617407686e-05,False,True,True,False
2026-08-16 20:16:01,adapter_ctta,carpet,monitor,C:/cira_batch_test/carpet/bad_11.png,bad_11.png,anomaly,True,0.08796634525060654,0.08796634525060654,0.0343417185988487,0.0343417185988487,0.03367696963250637,False,False,16000,False,,False,0.0,cpu,patch_nearest_normal,last2,14,0.05,False,,,5.7283712521893904e-05,6.111156617407686e-05,False,True,True,False
2026-08-16 20:16:03,adapter_ctta,carpet,monitor,C:/cira_batch_test/carpet/good_19.png,good_19.png,anomaly,True,0.035214416682720184,0.035214416682720184,0.0343417185988487,0.0343417185988487,0.03367696963250637,False,False,16000,False,,False,0.0,cpu,patch_nearest_normal,last2,14,0.05,False,,,5.4816144256619737e-05,6.111156617407686e-05,False,True,True,False
2026-08-16 20:16:04,adapter_ctta,carpet,monitor,C:/cira_batch_test/carpet/good_12.png,good_12.png,anomaly,True,0.034443486481904984,0.034443486481904984,0.0343417185988487,0.0343417185988487,0.03367696963250637,False,False,16000,False,,False,0.0,cpu,patch_nearest_normal,last2,14,0.05,False,,,5.2628507546614856e-05,6.111156617407686e-05,False,True,True,False
2026-08-16 20:16:06,adapter_ctta,carpet,monitor,C:/cira_batch_test/carpet/good_15.png,good_15.png,anomaly,True,0.04130107909440994,0.04130107909440994,0.0343417185988487,0.0343417185988487,0.03367696963250637,False,False,16000,False,,False,0.0,cpu,patch_nearest_normal,last2,14,0.05,False,,,3.50648260791786e-05,6.111156617407686e-05,False,True,True,False
2026-08-16 20:16:08,adapter_ctta,carpet,monitor,C:/cira_batch_test/carpet/bad_17.png,bad_17.png,anomaly,True,0.05078170448541641,0.05078170448541641,0.0343417185988487,0.0343417185988487,0.03367696963250637,False,False,16000,False,,False,0.0,cpu,patch_nearest_normal,last2,14,0.05,False,,,5.236282231635414e-05,6.111156617407686e-05,False,True,True,False
2026-08-16 20:16:09,adapter_ctta,carpet,monitor,C:/cira_batch_test/carpet/bad_19.png,bad_19.png,anomaly,True,0.1138094887137413,0.1138094887137413,0.0343417185988487,0.0343417185988487,0.03367696963250637,False,False,16000,False,,False,0.0,cpu,patch_nearest_normal,last2,14,0.05,False,,,5.783434244222008e-05,6.111156617407686e-05,False,True,True,False
2026-08-16 20:16:11,adapter_ctta,carpet,monitor,C:/cira_batch_test/carpet/bad_1.png,bad_1.png,anomaly,True,0.06161562353372574,0.06161562353372574,0.0343417185988487,0.0343417185988487,0.03367696963250637,False,False,16000,False,,False,0.0,cpu,patch_nearest_normal,last2,14,0.05,False,,,5.470089308801107e-05,6.111156617407686e-05,False,True,True,False
2026-08-16 20:16:13,adapter_ctta,carpet,monitor,C:/cira_batch_test/carpet/good_14.png,good_14.png,anomaly,True,0.04114687442779541,0.04114687442779541,0.0343417185988487,0.0343417185988487,0.03367696963250637,False,False,16000,False,,False,0.0,cpu,patch_nearest_normal,last2,14,0.05,False,,,4.024439840577543e-05,6.111156617407686e-05,False,True,True,False
2026-08-16 20:16:14,adapter_ctta,grid,monitor,C:/cira_batch_test/grid/good_1.png,good_1.png,anomaly,True,0.05813353508710861,0.05813353508710861,0.053714152485093335,0.053714152485093335,0.04894002191722393,False,False,16000,False,,False,0.0,cpu,patch_nearest_normal,last2,14,0.05,False,,,0.00020331893756520003,0.00020260438468534505,False,False,True,False
2026-08-16 20:16:16,adapter_ctta,grid,monitor,C:/cira_batch_test/grid/bad_16.png,bad_16.png,anomaly,True,0.05864829942584038,0.05864829942584038,0.053714152485093335,0.053714152485093335,0.04894002191722393,False,False,16000,False,,False,0.0,cpu,patch_nearest_normal,last2,14,0.05,False,,,0.0001345543860225007,0.00020260438468534505,False,True,True,False
2026-08-16 20:16:18,adapter_ctta,grid,monitor,C:/cira_batch_test/grid/bad_20.png,bad_20.png,normal,False,0.05339302495121956,0.05339302495121956,0.053714152485093335,0.053714152485093335,0.04894002191722393,False,False,16000,False,,False,0.0,cpu,patch_nearest_normal,last2,14,0.05,False,,,0.00011369865387678146,0.00020260438468534505,False,True,True,False
2026-08-16 20:16:19,adapter_ctta,grid,monitor,C:/cira_batch_test/grid/bad_12.png,bad_12.png,anomaly,True,0.10632707923650742,0.10632707923650742,0.053714152485093335,0.053714152485093335,0.04894002191722393,False,False,16000,False,,False,0.0,cpu,patch_nearest_normal,last2,14,0.05,False,,,0.00020505012071225792,0.00020260438468534505,False,False,True,False
2026-08-16 20:16:21,adapter_ctta,grid,monitor,C:/cira_batch_test/grid/good_17.png,good_17.png,normal,False,0.043960608541965485,0.04396501183509827,0.053714152485093335,0.053714152485093335,0.04894002191722393,False,False,16000,True,0.0001967949647223577,True,0.0030039504636079073,cpu,patch_nearest_normal,last2,14,0.05,False,,,0.00018365654977969825,0.00020260438468534505,True,True,True,False
2026-08-16 20:16:23,adapter_ctta,grid,monitor,C:/cira_batch_test/grid/bad_9.png,bad_9.png,anomaly,True,0.06475300341844559,0.06475300341844559,0.053714152485093335,0.053714152485093335,0.04894002191722393,False,False,16000,False,,False,0.0,cpu,patch_nearest_normal,last2,14,0.05,False,,,0.00011500939581310377,0.00020260438468534505,False,True,True,False
2026-08-16 20:16:24,adapter_ctta,grid,monitor,C:/cira_batch_test/grid/bad_18.png,bad_18.png,anomaly,True,0.06122548133134842,0.06122548133134842,0.053714152485093335,0.053714152485093335,0.04894002191722393,False,False,16000,False,,False,0.0,cpu,patch_nearest_normal,last2,14,0.05,False,,,0.00015179591719061136,0.00020260438468534505,False,True,True,False
2026-08-16 20:16:26,adapter_ctta,grid,monitor,C:/cira_batch_test/grid/bad_13.png,bad_13.png,normal,False,0.047836750745773315,0.04785654693841934,0.053714152485093335,0.053714152485093335,0.04894002191722393,False,False,16000,True,0.00012608381803147495,True,0.0026064340490847826,cpu,patch_nearest_normal,last2,14,0.05,False,,,0.00010849638056242839,0.00020260438468534505,True,True,True,False
2026-08-16 20:16:28,adapter_ctta,grid,monitor,C:/cira_batch_test/grid/bad_2.png,bad_2.png,anomaly,True,0.0566461980342865,0.0566461980342865,0.053714152485093335,0.053714152485093335,0.04894002191722393,False,False,16000,False,,False,0.0,cpu,patch_nearest_normal,last2,14,0.05,False,,,0.00018936260312329978,0.00020260438468534505,False,True,True,False
2026-08-16 20:16:29,adapter_ctta,grid,monitor,C:/cira_batch_test/grid/good_6.png,good_6.png,anomaly,True,0.06403710693120956,0.06403710693120956,0.053714152485093335,0.053714152485093335,0.04894002191722393,False,False,16000,False,,False,0.0,cpu,patch_nearest_normal,last2,14,0.05,False,,,0.00011830131552414969,0.00020260438468534505,False,True,True,False
2026-08-16 20:16:31,adapter_ctta,grid,monitor,C:/cira_batch_test/grid/good_10.png,good_10.png,normal,False,0.04515891522169113,0.04513838142156601,0.053714152485093335,0.053714152485093335,0.04894002191722393,False,False,16000,True,0.00013406560174189508,True,0.002325322711840272,cpu,patch_nearest_normal,last2,14,0.05,False,,,0.000124481986858882,0.00020260438468534505,True,True,True,False
2026-08-16 20:16:32,adapter_ctta,grid,monitor,C:/cira_batch_test/grid/good_7.png,good_7.png,anomaly,True,0.05748831108212471,0.05748831108212471,0.053714152485093335,0.053714152485093335,0.04894002191722393,False,False,16000,False,,False,0.0,cpu,patch_nearest_normal,last2,14,0.05,False,,,0.00011895553325302899,0.00020260438468534505,False,True,True,False
2026-08-16 20:16:34,adapter_ctta,grid,monitor,C:/cira_batch_test/grid/bad_8.png,bad_8.png,normal,False,0.046707697212696075,0.04669247195124626,0.053714152485093335,0.053714152485093335,0.04894002191722393,False,False,16000,True,0.00015720842930022627,True,0.002284931717440486,cpu,patch_nearest_normal,last2,14,0.05,False,,,0.00015023763990029693,0.00020260438468534505,True,True,True,False
2026-08-16 20:16:36,adapter_ctta,grid,monitor,C:/cira_batch_test/grid/bad_10.png,bad_10.png,anomaly,True,0.07258450239896774,0.07258450239896774,0.053714152485093335,0.053714152485093335,0.04894002191722393,False,False,16000,False,,False,0.0,cpu,patch_nearest_normal,last2,14,0.05,False,,,0.00013418558228295296,0.00020260438468534505,False,True,True,False
2026-08-16 20:16:37,adapter_ctta,grid,monitor,C:/cira_batch_test/grid/good_4.png,good_4.png,anomaly,True,0.05588924139738083,0.05588924139738083,0.053714152485093335,0.053714152485093335,0.04894002191722393,False,False,16000,False,,False,0.0,cpu,patch_nearest_normal,last2,14,0.05,False,,,0.00022024550708010793,0.00020260438468534505,False,False,True,False
2026-08-16 20:16:39,adapter_ctta,grid,monitor,C:/cira_batch_test/grid/bad_5.png,bad_5.png,anomaly,True,0.06600628048181534,0.06600628048181534,0.053714152485093335,0.053714152485093335,0.04894002191722393,False,False,16000,False,,False,0.0,cpu,patch_nearest_normal,last2,14,0.05,False,,,0.00012671825243160129,0.00020260438468534505,False,True,True,False
2026-08-16 20:16:41,adapter_ctta,grid,monitor,C:/cira_batch_test/grid/good_20.png,good_20.png,normal,False,0.04755392670631409,0.04754486680030823,0.053714152485093335,0.053714152485093335,0.04894002191722393,False,False,16000,True,0.00014982520951889455,True,0.002247117692604661,cpu,patch_nearest_normal,last2,14,0.05,False,,,0.0001383768394589424,0.00020260438468534505,True,True,True,False
2026-08-16 20:16:42,adapter_ctta,grid,monitor,C:/cira_batch_test/grid/good_18.png,good_18.png,anomaly,True,0.05513988062739372,0.05513988062739372,0.053714152485093335,0.053714152485093335,0.04894002191722393,False,False,16000,False,,False,0.0,cpu,patch_nearest_normal,last2,14,0.05,False,,,0.00011829491995740682,0.00020260438468534505,False,True,True,False
2026-08-16 20:16:44,adapter_ctta,grid,monitor,C:/cira_batch_test/grid/good_11.png,good_11.png,normal,False,0.044237684458494186,0.044210899621248245,0.053714152485093335,0.053714152485093335,0.04894002191722393,False,False,16000,True,0.00011294332944089547,True,0.002171996980905533,cpu,patch_nearest_normal,last2,14,0.05,False,,,0.00010737816774053499,0.00020260438468534505,True,True,True,False
2026-08-16 20:16:46,adapter_ctta,grid,monitor,C:/cira_batch_test/grid/good_9.png,good_9.png,normal,False,0.045676667243242264,0.04563972353935242,0.053714152485093335,0.053714152485093335,0.04894002191722393,False,False,16000,True,0.000127216218970716,True,0.002137542236596346,cpu,patch_nearest_normal,last2,14,0.05,False,,,0.00012009398778900504,0.00020260438468534505,True,True,True,False
2026-08-16 20:16:48,adapter_ctta,grid,monitor,C:/cira_batch_test/grid/good_16.png,good_16.png,anomaly,True,0.053736381232738495,0.053736381232738495,0.053714152485093335,0.053714152485093335,0.04894002191722393,False,False,16000,False,,False,0.0,cpu,patch_nearest_normal,last2,14,0.05,False,,,0.00016167543071787804,0.00020260438468534505,False,True,True,False
2026-08-16 20:16:49,adapter_ctta,grid,monitor,C:/cira_batch_test/grid/bad_7.png,bad_7.png,anomaly,True,0.11538124084472656,0.11538124084472656,0.053714152485093335,0.053714152485093335,0.04894002191722393,False,False,16000,False,,False,0.0,cpu,patch_nearest_normal,last2,14,0.05,False,,,0.0001184736902359873,0.00020260438468534505,False,True,True,False
2026-08-16 20:16:51,adapter_ctta,grid,monitor,C:/cira_batch_test/grid/good_13.png,good_13.png,normal,False,0.04494749754667282,0.04494592547416687,0.053714152485093335,0.053714152485093335,0.04894002191722393,False,False,16000,True,0.00011518941755639389,True,0.002115454990416765,cpu,patch_nearest_normal,last2,14,0.05,False,,,0.00010976906196447089,0.00020260438468534505,True,True,True,False
2026-08-16 20:16:53,adapter_ctta,grid,monitor,C:/cira_batch_test/grid/good_5.png,good_5.png,anomaly,True,0.06390794366598129,0.06390794366598129,0.053714152485093335,0.053714152485093335,0.04894002191722393,False,False,16000,False,,False,0.0,cpu,patch_nearest_normal,last2,14,0.05,False,,,0.00012554078421089798,0.00020260438468534505,False,True,True,False
2026-08-16 20:16:54,adapter_ctta,grid,monitor,C:/cira_batch_test/grid/good_2.png,good_2.png,normal,False,0.04947571083903313,0.04947571083903313,0.053714152485093335,0.053714152485093335,0.04894002191722393,False,False,16000,False,,False,0.0,cpu,patch_nearest_normal,last2,14,0.05,False,,,0.00016575692279729992,0.00020260438468534505,False,True,True,False
2026-08-16 20:16:56,adapter_ctta,grid,monitor,C:/cira_batch_test/grid/bad_6.png,bad_6.png,normal,False,0.04624324291944504,0.0462348572909832,0.053714152485093335,0.053714152485093335,0.04894002191722393,False,False,16000,True,0.00011942608398385346,True,0.0020532351918518543,cpu,patch_nearest_normal,last2,14,0.05,False,,,0.00010923395166173577,0.00020260438468534505,True,True,True,False
2026-08-16 20:16:58,adapter_ctta,grid,monitor,C:/cira_batch_test/grid/bad_14.png,bad_14.png,normal,False,0.05283886939287186,0.05283886939287186,0.053714152485093335,0.053714152485093335,0.04894002191722393,False,False,16000,False,,False,0.0,cpu,patch_nearest_normal,last2,14,0.05,False,,,0.0001100102745112963,0.00020260438468534505,False,True,True,False
2026-08-16 20:16:59,adapter_ctta,grid,monitor,C:/cira_batch_test/grid/good_3.png,good_3.png,normal,False,0.04679598659276962,0.04679598659276962,0.053714152485093335,0.053714152485093335,0.04894002191722393,False,False,16000,False,,False,0.0,cpu,patch_nearest_normal,last2,14,0.05,False,,,0.00020990236953366548,0.00020260438468534505,True,False,True,False
2026-08-16 20:17:01,adapter_ctta,grid,monitor,C:/cira_batch_test/grid/bad_4.png,bad_4.png,anomaly,True,0.09568354487419128,0.09568354487419128,0.053714152485093335,0.053714152485093335,0.04894002191722393,False,False,16000,False,,False,0.0,cpu,patch_nearest_normal,last2,14,0.05,False,,,0.00011751143028959632,0.00020260438468534505,False,True,True,False
2026-08-16 20:17:03,adapter_ctta,grid,monitor,C:/cira_batch_test/grid/bad_15.png,bad_15.png,anomaly,True,0.06459181010723114,0.06459181010723114,0.053714152485093335,0.053714152485093335,0.04894002191722393,False,False,16000,False,,False,0.0,cpu,patch_nearest_normal,last2,14,0.05,False,,,0.0001531514571979642,0.00020260438468534505,False,True,True,False
2026-08-16 20:17:04,adapter_ctta,grid,monitor,C:/cira_batch_test/grid/good_8.png,good_8.png,normal,False,0.0448409728705883,0.04483399912714958,0.053714152485093335,0.053714152485093335,0.04894002191722393,False,False,16000,True,0.00012430117931216955,True,0.002004084177315235,cpu,patch_nearest_normal,last2,14,0.05,True,C:\cira_ttl_checkpoints\grid\patch_memory_bank_update_10.pt,C:\cira_ttl_checkpoints\grid\patch_adapter_update_10.pt,0.00011635248665697873,0.00020260438468534505,True,True,True,False
2026-08-16 20:17:06,adapter_ctta,grid,monitor,C:/cira_batch_test/grid/bad_3.png,bad_3.png,anomaly,True,0.0649067834019661,0.0649067834019661,0.053714152485093335,0.053714152485093335,0.04894002191722393,False,False,16000,False,,False,0.0,cpu,patch_nearest_normal,last2,14,0.05,False,,,0.00011362420627847314,0.00020260438468534505,False,True,True,False
2026-08-16 20:17:08,adapter_ctta,grid,monitor,C:/cira_batch_test/grid/bad_11.png,bad_11.png,anomaly,True,0.05610506609082222,0.05610506609082222,0.053714152485093335,0.053714152485093335,0.04894002191722393,False,False,16000,False,,False,0.0,cpu,patch_nearest_normal,last2,14,0.05,False,,,0.00017121910059358925,0.00020260438468534505,False,True,True,False
2026-08-16 20:17:09,adapter_ctta,grid,monitor,C:/cira_batch_test/grid/good_19.png,good_19.png,anomaly,True,0.06390872597694397,0.06390872597694397,0.053714152485093335,0.053714152485093335,0.04894002191722393,False,False,16000,False,,False,0.0,cpu,patch_nearest_normal,last2,14,0.05,False,,,0.00012166564556537196,0.00020260438468534505,False,True,True,False
2026-08-16 20:17:11,adapter_ctta,grid,monitor,C:/cira_batch_test/grid/good_12.png,good_12.png,normal,False,0.03920247405767441,0.03919500857591629,0.053714152485093335,0.053714152485093335,0.04894002191722393,False,False,16000,True,0.00016220984980463982,True,0.0020254075061529875,cpu,patch_nearest_normal,last2,14,0.05,False,,,0.00014920583635102957,0.00020260438468534505,True,True,True,False
2026-08-16 20:17:13,adapter_ctta,grid,monitor,C:/cira_batch_test/grid/good_15.png,good_15.png,normal,False,0.03710735961794853,0.03708391636610031,0.053714152485093335,0.053714152485093335,0.04894002191722393,False,False,16000,True,0.00013267408940009773,True,0.0019957649055868387,cpu,patch_nearest_normal,last2,14,0.05,False,,,0.00012491595407482237,0.00020260438468534505,True,True,True,False
2026-08-16 20:17:14,adapter_ctta,grid,monitor,C:/cira_batch_test/grid/bad_17.png,bad_17.png,normal,False,0.04967173933982849,0.04967173933982849,0.053714152485093335,0.053714152485093335,0.04894002191722393,False,False,16000,False,,False,0.0,cpu,patch_nearest_normal,last2,14,0.05,False,,,8.853775943862274e-05,0.00020260438468534505,False,True,True,False
2026-08-16 20:17:16,adapter_ctta,grid,monitor,C:/cira_batch_test/grid/bad_19.png,bad_19.png,anomaly,True,0.10944448411464691,0.10944448411464691,0.053714152485093335,0.053714152485093335,0.04894002191722393,False,False,16000,False,,False,0.0,cpu,patch_nearest_normal,last2,14,0.05,False,,,0.0001502684026490897,0.00020260438468534505,False,True,True,False
2026-08-16 20:17:17,adapter_ctta,grid,monitor,C:/cira_batch_test/grid/bad_1.png,bad_1.png,anomaly,True,0.08846043050289154,0.08846043050289154,0.053714152485093335,0.053714152485093335,0.04894002191722393,False,False,16000,False,,False,0.0,cpu,patch_nearest_normal,last2,14,0.05,False,,,0.00019744232122320682,0.00020260438468534505,False,True,True,False
2026-08-16 20:17:19,adapter_ctta,grid,monitor,C:/cira_batch_test/grid/good_14.png,good_14.png,normal,False,0.04918057844042778,0.04918057844042778,0.053714152485093335,0.053714152485093335,0.04894002191722393,False,False,16000,False,,False,0.0,cpu,patch_nearest_normal,last2,14,0.05,False,,,0.000150753534398973,0.00020260438468534505,False,True,True,False
2026-08-16 20:17:21,adapter_ctta,hazelnut,monitor,C:/cira_batch_test/hazelnut/good_1.png,good_1.png,normal,False,0.10071440041065216,0.10065066814422607,0.11622385221571559,0.11622385221571559,0.11048602908849717,False,False,16000,True,0.00017421769734937698,True,0.003004778176546097,cpu,patch_nearest_normal,last2,14,0.05,False,,,0.00015388958854600787,0.00018771860486589,True,True,True,False
2026-08-16 20:17:23,adapter_ctta,hazelnut,monitor,C:/cira_batch_test/hazelnut/bad_16.png,bad_16.png,anomaly,True,0.2439117729663849,0.2439117729663849,0.11622385221571559,0.11622385221571559,0.11048602908849717,False,False,16000,False,,False,0.0,cpu,patch_nearest_normal,last2,14,0.05,False,,,0.00013171014143154025,0.00018771860486589,False,True,True,False
2026-08-16 20:17:24,adapter_ctta,hazelnut,monitor,C:/cira_batch_test/hazelnut/bad_20.png,bad_20.png,anomaly,True,0.23138132691383362,0.23138132691383362,0.11622385221571559,0.11622385221571559,0.11048602908849717,False,False,16000,False,,False,0.0,cpu,patch_nearest_normal,last2,14,0.05,False,,,0.0001407866075169295,0.00018771860486589,False,True,True,False
2026-08-16 20:17:26,adapter_ctta,hazelnut,monitor,C:/cira_batch_test/hazelnut/bad_12.png,bad_12.png,anomaly,True,0.12887462973594666,0.12887462973594666,0.11622385221571559,0.11622385221571559,0.11048602908849717,False,False,16000,False,,False,0.0,cpu,patch_nearest_normal,last2,14,0.05,False,,,0.00015960181190166622,0.00018771860486589,False,True,True,False
2026-08-16 20:17:27,adapter_ctta,hazelnut,monitor,C:/cira_batch_test/hazelnut/good_17.png,good_17.png,normal,False,0.11165306717157364,0.11165306717157364,0.11622385221571559,0.11622385221571559,0.11048602908849717,False,False,16000,False,,False,0.0,cpu,patch_nearest_normal,last2,14,0.05,False,,,0.00016368911019526422,0.00018771860486589,False,True,True,False
2026-08-16 20:17:29,adapter_ctta,hazelnut,monitor,C:/cira_batch_test/hazelnut/bad_9.png,bad_9.png,anomaly,True,0.15176334977149963,0.15176334977149963,0.11622385221571559,0.11622385221571559,0.11048602908849717,False,False,16000,False,,False,0.0,cpu,patch_nearest_normal,last2,14,0.05,False,,,0.0001600409741513431,0.00018771860486589,False,True,True,False
2026-08-16 20:17:31,adapter_ctta,hazelnut,monitor,C:/cira_batch_test/hazelnut/bad_18.png,bad_18.png,anomaly,True,0.22211775183677673,0.22211775183677673,0.11622385221571559,0.11622385221571559,0.11048602908849717,False,False,16000,False,,False,0.0,cpu,patch_nearest_normal,last2,14,0.05,False,,,0.0001524563122075051,0.00018771860486589,False,True,True,False
2026-08-16 20:17:32,adapter_ctta,hazelnut,monitor,C:/cira_batch_test/hazelnut/bad_13.png,bad_13.png,anomaly,True,0.12642709910869598,0.12642709910869598,0.11622385221571559,0.11622385221571559,0.11048602908849717,False,False,16000,False,,False,0.0,cpu,patch_nearest_normal,last2,14,0.05,False,,,0.0001370880927424878,0.00018771860486589,False,True,True,False
2026-08-16 20:17:34,adapter_ctta,hazelnut,monitor,C:/cira_batch_test/hazelnut/bad_2.png,bad_2.png,anomaly,True,0.19874441623687744,0.19874441623687744,0.11622385221571559,0.11622385221571559,0.11048602908849717,False,False,16000,False,,False,0.0,cpu,patch_nearest_normal,last2,14,0.05,False,,,0.00016611635510344058,0.00018771860486589,False,True,True,False
2026-08-16 20:17:35,adapter_ctta,hazelnut,monitor,C:/cira_batch_test/hazelnut/good_6.png,good_6.png,anomaly,True,0.12166682630777359,0.12166682630777359,0.11622385221571559,0.11622385221571559,0.11048602908849717,False,False,16000,False,,False,0.0,cpu,patch_nearest_normal,last2,14,0.05,False,,,0.0001336973364232108,0.00018771860486589,False,True,True,False
2026-08-16 20:17:37,adapter_ctta,hazelnut,monitor,C:/cira_batch_test/hazelnut/good_10.png,good_10.png,normal,False,0.10747132450342178,0.10744345188140869,0.11622385221571559,0.11622385221571559,0.11048602908849717,False,False,16000,True,0.00016191427130252123,True,0.002650083741173148,cpu,patch_nearest_normal,last2,14,0.05,False,,,0.00015586134395562112,0.00018771860486589,True,True,True,False
2026-08-16 20:17:39,adapter_ctta,hazelnut,monitor,C:/cira_batch_test/hazelnut/good_7.png,good_7.png,normal,False,0.10404418408870697,0.10396285355091095,0.11622385221571559,0.11622385221571559,0.11048602908849717,False,False,16000,True,0.00015827873721718788,True,0.002591158263385296,cpu,patch_nearest_normal,last2,14,0.05,False,,,0.000133478592033498,0.00018771860486589,True,True,True,False
2026-08-16 20:17:41,adapter_ctta,hazelnut,monitor,C:/cira_batch_test/hazelnut/bad_8.png,bad_8.png,anomaly,True,0.16708585619926453,0.16708585619926453,0.11622385221571559,0.11622385221571559,0.11048602908849717,False,False,16000,False,,False,0.0,cpu,patch_nearest_normal,last2,14,0.05,False,,,0.0001503967505414039,0.00018771860486589,False,True,True,False
2026-08-16 20:17:42,adapter_ctta,hazelnut,monitor,C:/cira_batch_test/hazelnut/bad_10.png,bad_10.png,anomaly,True,0.24017414450645447,0.24017414450645447,0.11622385221571559,0.11622385221571559,0.11048602908849717,False,False,16000,False,,False,0.0,cpu,patch_nearest_normal,last2,14,0.05,False,,,0.0001412072597304359,0.00018771860486589,False,True,True,False
2026-08-16 20:17:44,adapter_ctta,hazelnut,monitor,C:/cira_batch_test/hazelnut/good_4.png,good_4.png,normal,False,0.09155680984258652,0.09150557219982147,0.11622385221571559,0.11622385221571559,0.11048602908849717,False,False,16000,True,0.00017293894779868424,True,0.002535429550334811,cpu,patch_nearest_normal,last2,14,0.05,False,,,0.0001466925605200231,0.00018771860486589,True,True,True,False
2026-08-16 20:17:46,adapter_ctta,hazelnut,monitor,C:/cira_batch_test/hazelnut/bad_5.png,bad_5.png,anomaly,True,0.16631512343883514,0.16631512343883514,0.11622385221571559,0.11622385221571559,0.11048602908849717,False,False,16000,False,,False,0.0,cpu,patch_nearest_normal,last2,14,0.05,False,,,0.00015907120541669428,0.00018771860486589,False,True,True,False
2026-08-16 20:17:47,adapter_ctta,hazelnut,monitor,C:/cira_batch_test/hazelnut/good_20.png,good_20.png,normal,False,0.10334204137325287,0.10325461626052856,0.11622385221571559,0.11622385221571559,0.11048602908849717,False,False,16000,True,0.00017461304378230125,True,0.0025103201624006033,cpu,patch_nearest_normal,last2,14,0.05,False,,,0.00015595555305480957,0.00018771860486589,True,True,True,False
2026-08-16 20:17:49,adapter_ctta,hazelnut,monitor,C:/cira_batch_test/hazelnut/good_18.png,good_18.png,normal,False,0.09718919545412064,0.09719152748584747,0.11622385221571559,0.11622385221571559,0.11048602908849717,False,False,16000,True,0.00018024897144641727,True,0.00247510545887053,cpu,patch_nearest_normal,last2,14,0.05,False,,,0.0001460403436794877,0.00018771860486589,True,True,True,False
2026-08-16 20:17:51,adapter_ctta,hazelnut,monitor,C:/cira_batch_test/hazelnut/good_11.png,good_11.png,normal,False,0.10398252308368683,0.10390393435955048,0.11622385221571559,0.11622385221571559,0.11048602908849717,False,False,16000,True,0.00016859592869877815,True,0.002434242283925414,cpu,patch_nearest_normal,last2,14,0.05,False,,,0.00014641671441495419,0.00018771860486589,True,True,True,False
2026-08-16 20:17:53,adapter_ctta,hazelnut,monitor,C:/cira_batch_test/hazelnut/good_9.png,good_9.png,normal,False,0.10612766444683075,0.10609207302331924,0.11622385221571559,0.11622385221571559,0.11048602908849717,False,False,16000,True,0.0001681221619946882,True,0.002429584739729762,cpu,patch_nearest_normal,last2,14,0.05,False,,,0.0001450862328056246,0.00018771860486589,True,True,True,False
2026-08-16 20:17:55,adapter_ctta,hazelnut,monitor,C:/cira_batch_test/hazelnut/good_16.png,good_16.png,normal,False,0.09508718550205231,0.095024973154068,0.11622385221571559,0.11622385221571559,0.11048602908849717,False,False,16000,True,0.00017188844503834844,True,0.002423824043944478,cpu,patch_nearest_normal,last2,14,0.05,False,,,0.00013769826909992844,0.00018771860486589,True,True,True,False
2026-08-16 20:17:56,adapter_ctta,hazelnut,monitor,C:/cira_batch_test/hazelnut/bad_7.png,bad_7.png,anomaly,True,0.202714204788208,0.202714204788208,0.11622385221571559,0.11622385221571559,0.11048602908849717,False,False,16000,False,,False,0.0,cpu,patch_nearest_normal,last2,14,0.05,False,,,0.00013297857367433608,0.00018771860486589,False,True,True,False
2026-08-16 20:17:58,adapter_ctta,hazelnut,monitor,C:/cira_batch_test/hazelnut/good_13.png,good_13.png,normal,False,0.09443976730108261,0.09440775215625763,0.11622385221571559,0.11622385221571559,0.11048602908849717,False,False,16000,True,0.00016769240028224885,True,0.002421555807814002,cpu,patch_nearest_normal,last2,14,0.05,True,C:\cira_ttl_checkpoints\hazelnut\patch_memory_bank_update_10.pt,C:\cira_ttl_checkpoints\hazelnut\patch_adapter_update_10.pt,0.00014694784476887435,0.00018771860486589,True,True,True,False
2026-08-16 20:18:00,adapter_ctta,hazelnut,monitor,C:/cira_batch_test/hazelnut/good_5.png,good_5.png,normal,False,0.08728640526533127,0.08724866807460785,0.11622385221571559,0.11622385221571559,0.11048602908849717,False,False,16000,True,0.00015726691344752908,True,0.002412643516436219,cpu,patch_nearest_normal,last2,14,0.05,False,,,0.00014436872152145952,0.00018771860486589,True,True,True,False
2026-08-16 20:18:02,adapter_ctta,hazelnut,monitor,C:/cira_batch_test/hazelnut/good_2.png,good_2.png,normal,False,0.10584714263677597,0.10582101345062256,0.11622385221571559,0.11622385221571559,0.11048602908849717,False,False,16000,True,0.00016852743283379823,True,0.0024124844931066036,cpu,patch_nearest_normal,last2,14,0.05,False,,,0.00015035569958854467,0.00018771860486589,True,True,True,False
2026-08-16 20:18:04,adapter_ctta,hazelnut,monitor,C:/cira_batch_test/hazelnut/bad_6.png,bad_6.png,anomaly,True,0.20168761909008026,0.20168761909008026,0.11622385221571559,0.11622385221571559,0.11048602908849717,False,False,16000,False,,False,0.0,cpu,patch_nearest_normal,last2,14,0.05,False,,,0.00014324624498840421,0.00018771860486589,False,True,True,False
2026-08-16 20:18:05,adapter_ctta,hazelnut,monitor,C:/cira_batch_test/hazelnut/bad_14.png,bad_14.png,anomaly,True,0.20608985424041748,0.20608985424041748,0.11622385221571559,0.11622385221571559,0.11048602908849717,False,False,16000,False,,False,0.0,cpu,patch_nearest_normal,last2,14,0.05,False,,,0.00014050910249352455,0.00018771860486589,False,True,True,False
2026-08-16 20:18:07,adapter_ctta,hazelnut,monitor,C:/cira_batch_test/hazelnut/good_3.png,good_3.png,normal,False,0.10773144662380219,0.10769202560186386,0.11622385221571559,0.11622385221571559,0.11048602908849717,False,False,16000,True,0.00014831239241175354,True,0.0023997724056243896,cpu,patch_nearest_normal,last2,14,0.05,False,,,0.00013813533587381244,0.00018771860486589,True,True,True,False
2026-08-16 20:18:09,adapter_ctta,hazelnut,monitor,C:/cira_batch_test/hazelnut/bad_4.png,bad_4.png,anomaly,True,0.20773808658123016,0.20773808658123016,0.11622385221571559,0.11622385221571559,0.11048602908849717,False,False,16000,False,,False,0.0,cpu,patch_nearest_normal,last2,14,0.05,False,,,0.00013529924035537988,0.00018771860486589,False,True,True,False
2026-08-16 20:18:10,adapter_ctta,hazelnut,monitor,C:/cira_batch_test/hazelnut/bad_15.png,bad_15.png,anomaly,True,0.22340282797813416,0.22340282797813416,0.11622385221571559,0.11622385221571559,0.11048602908849717,False,False,16000,False,,False,0.0,cpu,patch_nearest_normal,last2,14,0.05,False,,,0.00013829430099576712,0.00018771860486589,False,True,True,False
2026-08-16 20:18:12,adapter_ctta,hazelnut,monitor,C:/cira_batch_test/hazelnut/good_8.png,good_8.png,normal,False,0.10964465141296387,0.10965217649936676,0.11622385221571559,0.11622385221571559,0.11048602908849717,False,False,16000,True,0.00016691342170815915,True,0.0023982939310371876,cpu,patch_nearest_normal,last2,14,0.05,False,,,0.00015032684314064682,0.00018771860486589,True,True,True,False
2026-08-16 20:18:14,adapter_ctta,hazelnut,monitor,C:/cira_batch_test/hazelnut/bad_3.png,bad_3.png,anomaly,True,0.21131546795368195,0.21131546795368195,0.11622385221571559,0.11622385221571559,0.11048602908849717,False,False,16000,False,,False,0.0,cpu,patch_nearest_normal,last2,14,0.05,False,,,0.0001532798050902784,0.00018771860486589,False,True,True,False
2026-08-16 20:18:15,adapter_ctta,hazelnut,monitor,C:/cira_batch_test/hazelnut/bad_11.png,bad_11.png,anomaly,True,0.20472177863121033,0.20472177863121033,0.11622385221571559,0.11622385221571559,0.11048602908849717,False,False,16000,False,,False,0.0,cpu,patch_nearest_normal,last2,14,0.05,False,,,0.0001657400280237198,0.00018771860486589,False,True,True,False
2026-08-16 20:18:17,adapter_ctta,hazelnut,monitor,C:/cira_batch_test/hazelnut/good_19.png,good_19.png,normal,False,0.10216180980205536,0.10214588791131973,0.11622385221571559,0.11622385221571559,0.11048602908849717,False,False,16000,True,0.00015192806313280016,True,0.002390108769759536,cpu,patch_nearest_normal,last2,14,0.05,False,,,0.00014200506848283112,0.00018771860486589,True,True,True,False
2026-08-16 20:18:19,adapter_ctta,hazelnut,monitor,C:/cira_batch_test/hazelnut/good_12.png,good_12.png,normal,False,0.09696187824010849,0.09693703055381775,0.11622385221571559,0.11622385221571559,0.11048602908849717,False,False,16000,True,0.00016947108088061213,True,0.002392926486209035,cpu,patch_nearest_normal,last2,14,0.05,False,,,0.00014918684610165656,0.00018771860486589,True,True,True,False
2026-08-16 20:18:21,adapter_ctta,hazelnut,monitor,C:/cira_batch_test/hazelnut/good_15.png,good_15.png,normal,False,0.10201332718133926,0.10201990604400635,0.11622385221571559,0.11622385221571559,0.11048602908849717,False,False,16000,True,0.00017725778161548078,True,0.0023864738177508116,cpu,patch_nearest_normal,last2,14,0.05,False,,,0.00015115404676180333,0.00018771860486589,True,True,True,False
2026-08-16 20:18:22,adapter_ctta,hazelnut,monitor,C:/cira_batch_test/hazelnut/bad_17.png,bad_17.png,anomaly,True,0.2153042107820511,0.2153042107820511,0.11622385221571559,0.11622385221571559,0.11048602908849717,False,False,16000,False,,False,0.0,cpu,patch_nearest_normal,last2,14,0.05,False,,,0.000139981770189479,0.00018771860486589,False,True,True,False
2026-08-16 20:18:24,adapter_ctta,hazelnut,monitor,C:/cira_batch_test/hazelnut/bad_19.png,bad_19.png,anomaly,True,0.12506811320781708,0.12506811320781708,0.11622385221571559,0.11622385221571559,0.11048602908849717,False,False,16000,False,,False,0.0,cpu,patch_nearest_normal,last2,14,0.05,False,,,0.00012609444092959166,0.00018771860486589,False,True,True,False
2026-08-16 20:18:26,adapter_ctta,hazelnut,monitor,C:/cira_batch_test/hazelnut/bad_1.png,bad_1.png,anomaly,True,0.15921232104301453,0.15921232104301453,0.11622385221571559,0.11622385221571559,0.11048602908849717,False,False,16000,False,,False,0.0,cpu,patch_nearest_normal,last2,14,0.05,False,,,0.00015376610099337995,0.00018771860486589,False,True,True,False
2026-08-16 20:18:27,adapter_ctta,hazelnut,monitor,C:/cira_batch_test/hazelnut/good_14.png,good_14.png,normal,False,0.0941212996840477,0.09408280998468399,0.11622385221571559,0.11622385221571559,0.11048602908849717,False,False,16000,True,0.00015961279859766364,True,0.0023851837031543255,cpu,patch_nearest_normal,last2,14,0.05,False,,,0.0001407741365255788,0.00018771860486589,True,True,True,False
2026-08-16 20:18:29,adapter_ctta,leather,monitor,C:/cira_batch_test/leather/good_1.png,good_1.png,anomaly,True,0.035275984555482864,0.035275984555482864,0.03417175290126485,0.03417175290126485,0.030724090337753297,False,False,16000,False,,False,0.0,cpu,patch_nearest_normal,last2,14,0.05,False,,,0.0001303002645727247,0.000215753776865275,False,True,True,False
2026-08-16 20:18:31,adapter_ctta,leather,monitor,C:/cira_batch_test/leather/bad_16.png,bad_16.png,anomaly,True,0.041029274463653564,0.041029274463653564,0.03417175290126485,0.03417175290126485,0.030724090337753297,False,False,16000,False,,False,0.0,cpu,patch_nearest_normal,last2,14,0.05,False,,,0.0001270565699087456,0.000215753776865275,False,True,True,False
2026-08-16 20:18:32,adapter_ctta,leather,monitor,C:/cira_batch_test/leather/bad_20.png,bad_20.png,anomaly,True,0.10156619548797607,0.10156619548797607,0.03417175290126485,0.03417175290126485,0.030724090337753297,False,False,16000,False,,False,0.0,cpu,patch_nearest_normal,last2,14,0.05,False,,,0.00016772480739746243,0.000215753776865275,False,True,True,False
2026-08-16 20:18:34,adapter_ctta,leather,monitor,C:/cira_batch_test/leather/bad_12.png,bad_12.png,anomaly,True,0.37309738993644714,0.37309738993644714,0.03417175290126485,0.03417175290126485,0.030724090337753297,False,False,16000,False,,False,0.0,cpu,patch_nearest_normal,last2,14,0.05,False,,,0.00011381479998817667,0.000215753776865275,False,True,True,False
2026-08-16 20:18:36,adapter_ctta,leather,monitor,C:/cira_batch_test/leather/good_17.png,good_17.png,normal,False,0.03057551383972168,0.030555497854948044,0.03417175290126485,0.03417175290126485,0.030724090337753297,False,False,16000,True,0.00014591756917070597,True,0.003013658570125699,cpu,patch_nearest_normal,last2,14,0.05,False,,,0.0001320581795880571,0.000215753776865275,True,True,True,False
2026-08-16 20:18:38,adapter_ctta,leather,monitor,C:/cira_batch_test/leather/bad_9.png,bad_9.png,anomaly,True,0.035974543541669846,0.035974543541669846,0.03417175290126485,0.03417175290126485,0.030724090337753297,False,False,16000,False,,False,0.0,cpu,patch_nearest_normal,last2,14,0.05,False,,,0.00012787416926585138,0.000215753776865275,False,True,True,False
2026-08-16 20:18:39,adapter_ctta,leather,monitor,C:/cira_batch_test/leather/bad_18.png,bad_18.png,anomaly,True,0.03636397793889046,0.03636397793889046,0.03417175290126485,0.03417175290126485,0.030724090337753297,False,False,16000,False,,False,0.0,cpu,patch_nearest_normal,last2,14,0.05,False,,,0.00011081174307037145,0.000215753776865275,False,True,True,False
2026-08-16 20:18:41,adapter_ctta,leather,monitor,C:/cira_batch_test/leather/bad_13.png,bad_13.png,anomaly,True,0.034190453588962555,0.034190453588962555,0.03417175290126485,0.03417175290126485,0.030724090337753297,False,False,16000,False,,False,0.0,cpu,patch_nearest_normal,last2,14,0.05,False,,,0.00013235954975243658,0.000215753776865275,False,True,True,False
2026-08-16 20:18:42,adapter_ctta,leather,monitor,C:/cira_batch_test/leather/bad_2.png,bad_2.png,anomaly,True,0.2691399157047272,0.2691399157047272,0.03417175290126485,0.03417175290126485,0.030724090337753297,False,False,16000,False,,False,0.0,cpu,patch_nearest_normal,last2,14,0.05,False,,,0.0001038067348417826,0.000215753776865275,False,True,True,False
2026-08-16 20:18:44,adapter_ctta,leather,monitor,C:/cira_batch_test/leather/good_6.png,good_6.png,anomaly,True,0.03631927818059921,0.03631927818059921,0.03417175290126485,0.03417175290126485,0.030724090337753297,False,False,16000,False,,False,0.0,cpu,patch_nearest_normal,last2,14,0.05,False,,,0.00013077699986752123,0.000215753776865275,False,True,True,False
2026-08-16 20:18:46,adapter_ctta,leather,monitor,C:/cira_batch_test/leather/good_10.png,good_10.png,anomaly,True,0.034875351935625076,0.034875351935625076,0.03417175290126485,0.03417175290126485,0.030724090337753297,False,False,16000,False,,False,0.0,cpu,patch_nearest_normal,last2,14,0.05,False,,,0.0001277540432056412,0.000215753776865275,False,True,True,False
2026-08-16 20:18:47,adapter_ctta,leather,monitor,C:/cira_batch_test/leather/good_7.png,good_7.png,anomaly,True,0.036724753677845,0.036724753677845,0.03417175290126485,0.03417175290126485,0.030724090337753297,False,False,16000,False,,False,0.0,cpu,patch_nearest_normal,last2,14,0.05,False,,,0.00011764193186536431,0.000215753776865275,False,True,True,False
2026-08-16 20:18:49,adapter_ctta,leather,monitor,C:/cira_batch_test/leather/bad_8.png,bad_8.png,anomaly,True,0.0402446985244751,0.0402446985244751,0.03417175290126485,0.03417175290126485,0.030724090337753297,False,False,16000,False,,False,0.0,cpu,patch_nearest_normal,last2,14,0.05,False,,,0.0001664440642343834,0.000215753776865275,False,True,True,False
2026-08-16 20:18:51,adapter_ctta,leather,monitor,C:/cira_batch_test/leather/bad_10.png,bad_10.png,anomaly,True,0.08203781396150589,0.08203781396150589,0.03417175290126485,0.03417175290126485,0.030724090337753297,False,False,16000,False,,False,0.0,cpu,patch_nearest_normal,last2,14,0.05,False,,,0.00012474019604269415,0.000215753776865275,False,True,True,False
2026-08-16 20:18:52,adapter_ctta,leather,monitor,C:/cira_batch_test/leather/good_4.png,good_4.png,anomaly,True,0.037763290107250214,0.037763290107250214,0.03417175290126485,0.03417175290126485,0.030724090337753297,False,False,16000,False,,False,0.0,cpu,patch_nearest_normal,last2,14,0.05,False,,,0.00012451830843929201,0.000215753776865275,False,True,True,False
2026-08-16 20:18:54,adapter_ctta,leather,monitor,C:/cira_batch_test/leather/bad_5.png,bad_5.png,anomaly,True,0.04443080350756645,0.04443080350756645,0.03417175290126485,0.03417175290126485,0.030724090337753297,False,False,16000,False,,False,0.0,cpu,patch_nearest_normal,last2,14,0.05,False,,,0.0001251565699931234,0.000215753776865275,False,True,True,False
2026-08-16 20:18:55,adapter_ctta,leather,monitor,C:/cira_batch_test/leather/good_20.png,good_20.png,anomaly,True,0.03874406963586807,0.03874406963586807,0.03417175290126485,0.03417175290126485,0.030724090337753297,False,False,16000,False,,False,0.0,cpu,patch_nearest_normal,last2,14,0.05,False,,,0.00013306611799634993,0.000215753776865275,False,True,True,False
2026-08-16 20:18:57,adapter_ctta,leather,monitor,C:/cira_batch_test/leather/good_18.png,good_18.png,normal,False,0.032236456871032715,0.032236456871032715,0.03417175290126485,0.03417175290126485,0.030724090337753297,False,False,16000,False,,False,0.0,cpu,patch_nearest_normal,last2,14,0.05,False,,,0.00013274356024339795,0.000215753776865275,False,True,True,False
2026-08-16 20:18:59,adapter_ctta,leather,monitor,C:/cira_batch_test/leather/good_11.png,good_11.png,anomaly,True,0.04051581025123596,0.04051581025123596,0.03417175290126485,0.03417175290126485,0.030724090337753297,False,False,16000,False,,False,0.0,cpu,patch_nearest_normal,last2,14,0.05,False,,,0.00011063888086937368,0.000215753776865275,False,True,True,False
2026-08-16 20:19:00,adapter_ctta,leather,monitor,C:/cira_batch_test/leather/good_9.png,good_9.png,anomaly,True,0.03557052090764046,0.03557052090764046,0.03417175290126485,0.03417175290126485,0.030724090337753297,False,False,16000,False,,False,0.0,cpu,patch_nearest_normal,last2,14,0.05,False,,,0.00012976893049199134,0.000215753776865275,False,True,True,False
2026-08-16 20:19:02,adapter_ctta,leather,monitor,C:/cira_batch_test/leather/good_16.png,good_16.png,anomaly,True,0.034278739243745804,0.034278739243745804,0.03417175290126485,0.03417175290126485,0.030724090337753297,False,False,16000,False,,False,0.0,cpu,patch_nearest_normal,last2,14,0.05,False,,,0.00014804281818214804,0.000215753776865275,False,True,True,False
2026-08-16 20:19:04,adapter_ctta,leather,monitor,C:/cira_batch_test/leather/bad_7.png,bad_7.png,anomaly,True,0.1898375004529953,0.1898375004529953,0.03417175290126485,0.03417175290126485,0.030724090337753297,False,False,16000,False,,False,0.0,cpu,patch_nearest_normal,last2,14,0.05,False,,,0.0001379544410156086,0.000215753776865275,False,True,True,False
2026-08-16 20:19:06,adapter_ctta,leather,monitor,C:/cira_batch_test/leather/good_13.png,good_13.png,anomaly,True,0.04104917496442795,0.04104917496442795,0.03417175290126485,0.03417175290126485,0.030724090337753297,False,False,16000,False,,False,0.0,cpu,patch_nearest_normal,last2,14,0.05,False,,,0.00011862101382575929,0.000215753776865275,False,True,True,False
2026-08-16 20:19:08,adapter_ctta,leather,monitor,C:/cira_batch_test/leather/good_5.png,good_5.png,anomaly,True,0.03429092839360237,0.03429092839360237,0.03417175290126485,0.03417175290126485,0.030724090337753297,False,False,16000,False,,False,0.0,cpu,patch_nearest_normal,last2,14,0.05,False,,,0.00012211903231218457,0.000215753776865275,False,True,True,False
2026-08-16 20:19:09,adapter_ctta,leather,monitor,C:/cira_batch_test/leather/good_2.png,good_2.png,anomaly,True,0.03591976314783096,0.03591976314783096,0.03417175290126485,0.03417175290126485,0.030724090337753297,False,False,16000,False,,False,0.0,cpu,patch_nearest_normal,last2,14,0.05,False,,,0.00011648865620372817,0.000215753776865275,False,True,True,False
2026-08-16 20:19:11,adapter_ctta,leather,monitor,C:/cira_batch_test/leather/bad_6.png,bad_6.png,anomaly,True,0.03698916360735893,0.03698916360735893,0.03417175290126485,0.03417175290126485,0.030724090337753297,False,False,16000,False,,False,0.0,cpu,patch_nearest_normal,last2,14,0.05,False,,,0.00012792061897926033,0.000215753776865275,False,True,True,False
2026-08-16 20:19:13,adapter_ctta,leather,monitor,C:/cira_batch_test/leather/bad_14.png,bad_14.png,anomaly,True,0.35769590735435486,0.35769590735435486,0.03417175290126485,0.03417175290126485,0.030724090337753297,False,False,16000,False,,False,0.0,cpu,patch_nearest_normal,last2,14,0.05,False,,,0.00010761817975435406,0.000215753776865275,False,True,True,False
2026-08-16 20:19:15,adapter_ctta,leather,monitor,C:/cira_batch_test/leather/good_3.png,good_3.png,anomaly,True,0.03649447113275528,0.03649447113275528,0.03417175290126485,0.03417175290126485,0.030724090337753297,False,False,16000,False,,False,0.0,cpu,patch_nearest_normal,last2,14,0.05,False,,,0.00013587932335212827,0.000215753776865275,False,True,True,False
2026-08-16 20:19:16,adapter_ctta,leather,monitor,C:/cira_batch_test/leather/bad_4.png,bad_4.png,anomaly,True,0.0734420195221901,0.0734420195221901,0.03417175290126485,0.03417175290126485,0.030724090337753297,False,False,16000,False,,False,0.0,cpu,patch_nearest_normal,last2,14,0.05,False,,,0.0001537704811198637,0.000215753776865275,False,True,True,False
2026-08-16 20:19:18,adapter_ctta,leather,monitor,C:/cira_batch_test/leather/bad_15.png,bad_15.png,anomaly,True,0.13467058539390564,0.13467058539390564,0.03417175290126485,0.03417175290126485,0.030724090337753297,False,False,16000,False,,False,0.0,cpu,patch_nearest_normal,last2,14,0.05,False,,,0.0001288678904529661,0.000215753776865275,False,True,True,False
2026-08-16 20:19:19,adapter_ctta,leather,monitor,C:/cira_batch_test/leather/good_8.png,good_8.png,anomaly,True,0.035346269607543945,0.035346269607543945,0.03417175290126485,0.03417175290126485,0.030724090337753297,False,False,16000,False,,False,0.0,cpu,patch_nearest_normal,last2,14,0.05,False,,,0.00012267922284081578,0.000215753776865275,False,True,True,False
2026-08-16 20:19:21,adapter_ctta,leather,monitor,C:/cira_batch_test/leather/bad_3.png,bad_3.png,anomaly,True,0.37530815601348877,0.37530815601348877,0.03417175290126485,0.03417175290126485,0.030724090337753297,False,False,16000,False,,False,0.0,cpu,patch_nearest_normal,last2,14,0.05,False,,,0.00016427598893642426,0.000215753776865275,False,True,True,False
2026-08-16 20:19:23,adapter_ctta,leather,monitor,C:/cira_batch_test/leather/bad_11.png,bad_11.png,anomaly,True,0.38751286268234253,0.38751286268234253,0.03417175290126485,0.03417175290126485,0.030724090337753297,False,False,16000,False,,False,0.0,cpu,patch_nearest_normal,last2,14,0.05,False,,,0.00018408054893370718,0.000215753776865275,False,True,True,False
2026-08-16 20:19:24,adapter_ctta,leather,monitor,C:/cira_batch_test/leather/good_19.png,good_19.png,normal,False,0.03138398379087448,0.03138398379087448,0.03417175290126485,0.03417175290126485,0.030724090337753297,False,False,16000,False,,False,0.0,cpu,patch_nearest_normal,last2,14,0.05,False,,,0.00015174350119195879,0.000215753776865275,False,True,True,False
2026-08-16 20:19:26,adapter_ctta,leather,monitor,C:/cira_batch_test/leather/good_12.png,good_12.png,anomaly,True,0.04197414591908455,0.04197414591908455,0.03417175290126485,0.03417175290126485,0.030724090337753297,False,False,16000,False,,False,0.0,cpu,patch_nearest_normal,last2,14,0.05,False,,,0.00010443627252243459,0.000215753776865275,False,True,True,False
2026-08-16 20:19:28,adapter_ctta,leather,monitor,C:/cira_batch_test/leather/good_15.png,good_15.png,normal,False,0.02755364216864109,0.027500290423631668,0.03417175290126485,0.03417175290126485,0.030724090337753297,False,False,16000,True,0.00017360270430799574,True,0.002892064396291971,cpu,patch_nearest_normal,last2,14,0.05,False,,,0.00015956746938172728,0.000215753776865275,True,True,True,False
2026-08-16 20:19:32,adapter_ctta,leather,monitor,C:/cira_batch_test/leather/bad_17.png,bad_17.png,anomaly,True,0.24220597743988037,0.24220597743988037,0.03417175290126485,0.03417175290126485,0.030724090337753297,False,False,16000,False,,False,0.0,cpu,patch_nearest_normal,last2,14,0.05,False,,,0.00018049468053504825,0.000215753776865275,False,True,True,False
2026-08-16 20:19:34,adapter_ctta,leather,monitor,C:/cira_batch_test/leather/bad_19.png,bad_19.png,normal,False,0.032046496868133545,0.032046496868133545,0.03417175290126485,0.03417175290126485,0.030724090337753297,False,False,16000,False,,False,0.0,cpu,patch_nearest_normal,last2,14,0.05,False,,,0.00018918115529231727,0.000215753776865275,False,True,True,False
2026-08-16 20:19:35,adapter_ctta,leather,monitor,C:/cira_batch_test/leather/bad_1.png,bad_1.png,anomaly,True,0.05139390751719475,0.05139390751719475,0.03417175290126485,0.03417175290126485,0.030724090337753297,False,False,16000,False,,False,0.0,cpu,patch_nearest_normal,last2,14,0.05,False,,,0.00014055121573619545,0.000215753776865275,False,True,True,False
2026-08-16 20:19:37,adapter_ctta,leather,monitor,C:/cira_batch_test/leather/good_14.png,good_14.png,anomaly,True,0.04786049574613571,0.04786049574613571,0.03417175290126485,0.03417175290126485,0.030724090337753297,False,False,16000,False,,False,0.0,cpu,patch_nearest_normal,last2,14,0.05,False,,,0.00011803180677816272,0.000215753776865275,False,True,True,False
2026-08-16 20:19:39,adapter_ctta,metal_nut,monitor,C:/cira_batch_test/metal_nut/good_1.png,good_1.png,normal,False,0.05869795009493828,0.05869313329458237,0.07371339670893942,0.07371339670893942,0.06968219578266144,False,False,16000,True,9.831997158471495e-05,True,0.0029891820158809423,cpu,patch_nearest_normal,last2,14,0.05,False,,,9.156697342405096e-05,0.00010222778946618,True,True,True,False
2026-08-16 20:19:40,adapter_ctta,metal_nut,monitor,C:/cira_batch_test/metal_nut/bad_16.png,bad_16.png,anomaly,True,0.18674392998218536,0.18674392998218536,0.07371339670893942,0.07371339670893942,0.06968219578266144,False,False,16000,False,,False,0.0,cpu,patch_nearest_normal,last2,14,0.05,False,,,0.00011167690536240116,0.00010222778946618,False,False,True,False
2026-08-16 20:19:42,adapter_ctta,metal_nut,monitor,C:/cira_batch_test/metal_nut/bad_20.png,bad_20.png,anomaly,True,0.16252462565898895,0.16252462565898895,0.07371339670893942,0.07371339670893942,0.06968219578266144,False,False,16000,False,,False,0.0,cpu,patch_nearest_normal,last2,14,0.05,False,,,0.00010769312211778015,0.00010222778946618,False,False,True,False
2026-08-16 20:19:43,adapter_ctta,metal_nut,monitor,C:/cira_batch_test/metal_nut/bad_12.png,bad_12.png,anomaly,True,0.11966918408870697,0.11966918408870697,0.07371339670893942,0.07371339670893942,0.06968219578266144,False,False,16000,False,,False,0.0,cpu,patch_nearest_normal,last2,14,0.05,False,,,9.158010652754456e-05,0.00010222778946618,False,True,True,False
2026-08-16 20:19:45,adapter_ctta,metal_nut,monitor,C:/cira_batch_test/metal_nut/good_17.png,good_17.png,anomaly,True,0.08901471644639969,0.08901471644639969,0.07371339670893942,0.07371339670893942,0.06968219578266144,False,False,16000,False,,False,0.0,cpu,patch_nearest_normal,last2,14,0.05,False,,,0.00010909968113992363,0.00010222778946618,False,False,True,False
2026-08-16 20:19:46,adapter_ctta,metal_nut,monitor,C:/cira_batch_test/metal_nut/bad_9.png,bad_9.png,anomaly,True,0.15978796780109406,0.15978796780109406,0.07371339670893942,0.07371339670893942,0.06968219578266144,False,False,16000,False,,False,0.0,cpu,patch_nearest_normal,last2,14,0.05,False,,,0.00010674399527488276,0.00010222778946618,False,False,True,False
2026-08-16 20:19:48,adapter_ctta,metal_nut,monitor,C:/cira_batch_test/metal_nut/bad_18.png,bad_18.png,anomaly,True,0.12500552833080292,0.12500552833080292,0.07371339670893942,0.07371339670893942,0.06968219578266144,False,False,16000,False,,False,0.0,cpu,patch_nearest_normal,last2,14,0.05,False,,,0.0001039047128870152,0.00010222778946618,False,False,True,False
2026-08-16 20:19:49,adapter_ctta,metal_nut,monitor,C:/cira_batch_test/metal_nut/bad_13.png,bad_13.png,anomaly,True,0.18736138939857483,0.18736138939857483,0.07371339670893942,0.07371339670893942,0.06968219578266144,False,False,16000,False,,False,0.0,cpu,patch_nearest_normal,last2,14,0.05,False,,,9.897927520796657e-05,0.00010222778946618,False,True,True,False
2026-08-16 20:19:51,adapter_ctta,metal_nut,monitor,C:/cira_batch_test/metal_nut/bad_2.png,bad_2.png,anomaly,True,0.07889008522033691,0.07889008522033691,0.07371339670893942,0.07371339670893942,0.06968219578266144,False,False,16000,False,,False,0.0,cpu,patch_nearest_normal,last2,14,0.05,False,,,0.000109795895696152,0.00010222778946618,False,False,True,False
2026-08-16 20:19:52,adapter_ctta,metal_nut,monitor,C:/cira_batch_test/metal_nut/good_6.png,good_6.png,normal,False,0.0666932463645935,0.0666932463645935,0.07371339670893942,0.07371339670893942,0.06968219578266144,False,False,16000,False,,False,0.0,cpu,patch_nearest_normal,last2,14,0.05,False,,,0.00010329785436624661,0.00010222778946618,True,False,True,False
2026-08-16 20:19:54,adapter_ctta,metal_nut,monitor,C:/cira_batch_test/metal_nut/good_10.png,good_10.png,anomaly,True,0.07408545166254044,0.07408545166254044,0.07371339670893942,0.07371339670893942,0.06968219578266144,False,False,16000,False,,False,0.0,cpu,patch_nearest_normal,last2,14,0.05,False,,,8.964398148236796e-05,0.00010222778946618,False,True,True,False
2026-08-16 20:19:56,adapter_ctta,metal_nut,monitor,C:/cira_batch_test/metal_nut/good_7.png,good_7.png,normal,False,0.06684065610170364,0.0668507069349289,0.07371339670893942,0.07371339670893942,0.06968219578266144,False,False,16000,True,0.00011023159459000453,True,0.0026744017377495766,cpu,patch_nearest_normal,last2,14,0.05,False,,,9.054439578903839e-05,0.00010222778946618,True,True,True,False
2026-08-16 20:20:00,adapter_ctta,metal_nut,monitor,C:/cira_batch_test/metal_nut/bad_8.png,bad_8.png,anomaly,True,0.16748636960983276,0.16748636960983276,0.07371339670893942,0.07371339670893942,0.06968219578266144,False,False,16000,False,,False,0.0,cpu,patch_nearest_normal,last2,14,0.05,False,,,0.00012448076449800283,0.00010222778946618,False,False,True,False
2026-08-16 20:20:01,adapter_ctta,metal_nut,monitor,C:/cira_batch_test/metal_nut/bad_10.png,bad_10.png,anomaly,True,0.11277052015066147,0.11277052015066147,0.07371339670893942,0.07371339670893942,0.06968219578266144,False,False,16000,False,,False,0.0,cpu,patch_nearest_normal,last2,14,0.05,False,,,0.00011421889939811081,0.00010222778946618,False,False,True,False
2026-08-16 20:20:03,adapter_ctta,metal_nut,monitor,C:/cira_batch_test/metal_nut/good_4.png,good_4.png,normal,False,0.06116647273302078,0.06115447357296944,0.07371339670893942,0.07371339670893942,0.06968219578266144,False,False,16000,True,0.00010528141137911007,True,0.002608414040878415,cpu,patch_nearest_normal,last2,14,0.05,False,,,9.211888391291723e-05,0.00010222778946618,True,True,True,False
2026-08-16 20:20:05,adapter_ctta,metal_nut,monitor,C:/cira_batch_test/metal_nut/bad_5.png,bad_5.png,anomaly,True,0.15199175477027893,0.15199175477027893,0.07371339670893942,0.07371339670893942,0.06968219578266144,False,False,16000,False,,False,0.0,cpu,patch_nearest_normal,last2,14,0.05,False,,,0.00011942385754082352,0.00010222778946618,False,False,True,False
2026-08-16 20:20:07,adapter_ctta,metal_nut,monitor,C:/cira_batch_test/metal_nut/good_20.png,good_20.png,normal,False,0.05909053236246109,0.05910823494195938,0.07371339670893942,0.07371339670893942,0.06968219578266144,False,False,16000,True,0.00011326824460411444,True,0.0025491968262940645,cpu,patch_nearest_normal,last2,14,0.05,False,,,9.38247685553506e-05,0.00010222778946618,True,True,True,False
2026-08-16 20:20:08,adapter_ctta,metal_nut,monitor,C:/cira_batch_test/metal_nut/good_18.png,good_18.png,normal,False,0.0611339807510376,0.0611339807510376,0.07371339670893942,0.07371339670893942,0.06968219578266144,False,False,16000,False,,False,0.0,cpu,patch_nearest_normal,last2,14,0.05,False,,,0.00010237655806122348,0.00010222778946618,True,False,True,False
2026-08-16 20:20:10,adapter_ctta,metal_nut,monitor,C:/cira_batch_test/metal_nut/good_11.png,good_11.png,anomaly,True,0.07579940557479858,0.07579940557479858,0.07371339670893942,0.07371339670893942,0.06968219578266144,False,False,16000,False,,False,0.0,cpu,patch_nearest_normal,last2,14,0.05,False,,,9.168221731670201e-05,0.00010222778946618,False,True,True,False
2026-08-16 20:20:11,adapter_ctta,metal_nut,monitor,C:/cira_batch_test/metal_nut/good_9.png,good_9.png,anomaly,True,0.08023238927125931,0.08023238927125931,0.07371339670893942,0.07371339670893942,0.06968219578266144,False,False,16000,False,,False,0.0,cpu,patch_nearest_normal,last2,14,0.05,False,,,9.539111488265917e-05,0.00010222778946618,False,True,True,False
2026-08-16 20:20:13,adapter_ctta,metal_nut,monitor,C:/cira_batch_test/metal_nut/good_16.png,good_16.png,normal,False,0.06988270580768585,0.06988270580768585,0.07371339670893942,0.07371339670893942,0.06968219578266144,False,False,16000,False,,False,0.0,cpu,patch_nearest_normal,last2,14,0.05,False,,,9.364235302200541e-05,0.00010222778946618,False,True,True,False
2026-08-16 20:20:14,adapter_ctta,metal_nut,monitor,C:/cira_batch_test/metal_nut/bad_7.png,bad_7.png,anomaly,True,0.14709754288196564,0.14709754288196564,0.07371339670893942,0.07371339670893942,0.06968219578266144,False,False,16000,False,,False,0.0,cpu,patch_nearest_normal,last2,14,0.05,False,,,0.00011173675738973543,0.00010222778946618,False,False,True,False
2026-08-16 20:20:16,adapter_ctta,metal_nut,monitor,C:/cira_batch_test/metal_nut/good_13.png,good_13.png,normal,False,0.06874482333660126,0.06875034421682358,0.07371339670893942,0.07371339670893942,0.06968219578266144,False,False,16000,True,0.00010202239354839548,True,0.0024959498550742865,cpu,patch_nearest_normal,last2,14,0.05,False,,,8.37061888887547e-05,0.00010222778946618,True,True,True,False
2026-08-16 20:20:18,adapter_ctta,metal_nut,monitor,C:/cira_batch_test/metal_nut/good_5.png,good_5.png,normal,False,0.06092041730880737,0.060962509363889694,0.07371339670893942,0.07371339670893942,0.06968219578266144,False,False,16000,True,0.00010674232908058912,True,0.002495615975931287,cpu,patch_nearest_normal,last2,14,0.05,False,,,9.538254380458966e-05,0.00010222778946618,True,True,True,False
2026-08-16 20:20:19,adapter_ctta,metal_nut,monitor,C:/cira_batch_test/metal_nut/good_2.png,good_2.png,normal,False,0.06123289465904236,0.06122796982526779,0.07371339670893942,0.07371339670893942,0.06968219578266144,False,False,16000,True,0.00011057352094212547,True,0.0024918136186897755,cpu,patch_nearest_normal,last2,14,0.05,False,,,9.633997979108244e-05,0.00010222778946618,True,True,True,False
2026-08-16 20:20:21,adapter_ctta,metal_nut,monitor,C:/cira_batch_test/metal_nut/bad_6.png,bad_6.png,anomaly,True,0.15609708428382874,0.15609708428382874,0.07371339670893942,0.07371339670893942,0.06968219578266144,False,False,16000,False,,False,0.0,cpu,patch_nearest_normal,last2,14,0.05,False,,,0.00014513201313093305,0.00010222778946618,False,False,True,False
2026-08-16 20:20:23,adapter_ctta,metal_nut,monitor,C:/cira_batch_test/metal_nut/bad_14.png,bad_14.png,anomaly,True,0.1629270613193512,0.1629270613193512,0.07371339670893942,0.07371339670893942,0.06968219578266144,False,False,16000,False,,False,0.0,cpu,patch_nearest_normal,last2,14,0.05,False,,,0.00010390851821284741,0.00010222778946618,False,False,True,False
2026-08-16 20:20:24,adapter_ctta,metal_nut,monitor,C:/cira_batch_test/metal_nut/good_3.png,good_3.png,normal,False,0.06600084155797958,0.06601464003324509,0.07371339670893942,0.07371339670893942,0.06968219578266144,False,False,16000,True,0.00010924913658527657,True,0.0024794149212539196,cpu,patch_nearest_normal,last2,14,0.05,False,,,0.00010032870341092348,0.00010222778946618,True,True,True,False
2026-08-16 20:20:26,adapter_ctta,metal_nut,monitor,C:/cira_batch_test/metal_nut/bad_4.png,bad_4.png,anomaly,True,0.19941511750221252,0.19941511750221252,0.07371339670893942,0.07371339670893942,0.06968219578266144,False,False,16000,False,,False,0.0,cpu,patch_nearest_normal,last2,14,0.05,False,,,0.00011559604172362015,0.00010222778946618,False,False,True,False
2026-08-16 20:20:27,adapter_ctta,metal_nut,monitor,C:/cira_batch_test/metal_nut/bad_15.png,bad_15.png,anomaly,True,0.16429045796394348,0.16429045796394348,0.07371339670893942,0.07371339670893942,0.06968219578266144,False,False,16000,False,,False,0.0,cpu,patch_nearest_normal,last2,14,0.05,False,,,0.00012133994459873065,0.00010222778946618,False,False,True,False
2026-08-16 20:20:29,adapter_ctta,metal_nut,monitor,C:/cira_batch_test/metal_nut/good_8.png,good_8.png,anomaly,True,0.07671411335468292,0.07671411335468292,0.07371339670893942,0.07371339670893942,0.06968219578266144,False,False,16000,False,,False,0.0,cpu,patch_nearest_normal,last2,14,0.05,False,,,9.08287547645159e-05,0.00010222778946618,False,True,True,False
2026-08-16 20:20:30,adapter_ctta,metal_nut,monitor,C:/cira_batch_test/metal_nut/bad_3.png,bad_3.png,anomaly,True,0.14916010200977325,0.14916010200977325,0.07371339670893942,0.07371339670893942,0.06968219578266144,False,False,16000,False,,False,0.0,cpu,patch_nearest_normal,last2,14,0.05,False,,,0.00010224941797787324,0.00010222778946618,False,False,True,False
2026-08-16 20:20:32,adapter_ctta,metal_nut,monitor,C:/cira_batch_test/metal_nut/bad_11.png,bad_11.png,anomaly,True,0.16071781516075134,0.16071781516075134,0.07371339670893942,0.07371339670893942,0.06968219578266144,False,False,16000,False,,False,0.0,cpu,patch_nearest_normal,last2,14,0.05,False,,,0.0001385869982186705,0.00010222778946618,False,False,True,False
2026-08-16 20:20:34,adapter_ctta,metal_nut,monitor,C:/cira_batch_test/metal_nut/good_19.png,good_19.png,normal,False,0.05205758288502693,0.05204954743385315,0.07371339670893942,0.07371339670893942,0.06968219578266144,False,False,16000,True,0.0001237456308444962,True,0.0024821176193654537,cpu,patch_nearest_normal,last2,14,0.05,False,,,0.00010085499525303021,0.00010222778946618,True,True,True,False
2026-08-16 20:20:35,adapter_ctta,metal_nut,monitor,C:/cira_batch_test/metal_nut/good_12.png,good_12.png,normal,False,0.07028808444738388,0.07028808444738388,0.07371339670893942,0.07371339670893942,0.06968219578266144,False,False,16000,False,,False,0.0,cpu,patch_nearest_normal,last2,14,0.05,False,,,9.108959784498438e-05,0.00010222778946618,False,True,True,False
2026-08-16 20:20:37,adapter_ctta,metal_nut,monitor,C:/cira_batch_test/metal_nut/good_15.png,good_15.png,normal,False,0.06003083661198616,0.06008843332529068,0.07371339670893942,0.07371339670893942,0.06968219578266144,False,False,16000,True,0.00010823230695677921,True,0.002474586945027113,cpu,patch_nearest_normal,last2,14,0.05,True,C:\cira_ttl_checkpoints\metal_nut\patch_memory_bank_update_10.pt,C:\cira_ttl_checkpoints\metal_nut\patch_adapter_update_10.pt,9.678973583504558e-05,0.00010222778946618,True,True,True,False
2026-08-16 20:20:38,adapter_ctta,metal_nut,monitor,C:/cira_batch_test/metal_nut/bad_17.png,bad_17.png,anomaly,True,0.1547195315361023,0.1547195315361023,0.07371339670893942,0.07371339670893942,0.06968219578266144,False,False,16000,False,,False,0.0,cpu,patch_nearest_normal,last2,14,0.05,False,,,0.00011560116399778053,0.00010222778946618,False,False,True,False
2026-08-16 20:20:40,adapter_ctta,metal_nut,monitor,C:/cira_batch_test/metal_nut/bad_19.png,bad_19.png,anomaly,True,0.1567685902118683,0.1567685902118683,0.07371339670893942,0.07371339670893942,0.06968219578266144,False,False,16000,False,,False,0.0,cpu,patch_nearest_normal,last2,14,0.05,False,,,0.00012917294225189835,0.00010222778946618,False,False,True,False
2026-08-16 20:20:42,adapter_ctta,metal_nut,monitor,C:/cira_batch_test/metal_nut/bad_1.png,bad_1.png,anomaly,True,0.11959850788116455,0.11959850788116455,0.07371339670893942,0.07371339670893942,0.06968219578266144,False,False,16000,False,,False,0.0,cpu,patch_nearest_normal,last2,14,0.05,False,,,0.00010218184615951031,0.00010222778946618,False,True,True,False
2026-08-16 20:20:43,adapter_ctta,metal_nut,monitor,C:/cira_batch_test/metal_nut/good_14.png,good_14.png,normal,False,0.07096371054649353,0.07096371054649353,0.07371339670893942,0.07371339670893942,0.06968219578266144,False,False,16000,False,,False,0.0,cpu,patch_nearest_normal,last2,14,0.05,False,,,8.951050403993577e-05,0.00010222778946618,False,True,True,False
2026-08-16 20:20:45,adapter_ctta,pill,monitor,C:/cira_batch_test/pill/good_1.png,good_1.png,normal,False,0.04695393890142441,0.04695599153637886,0.05881828558520522,0.05881828558520522,0.05084799118340016,False,False,16000,True,0.0001706163166090846,True,0.0029971885960549116,cpu,patch_nearest_normal,last2,14,0.05,False,,,0.00014466622087638825,0.00015804108188598499,True,True,True,False
2026-08-16 20:20:46,adapter_ctta,pill,monitor,C:/cira_batch_test/pill/bad_16.png,bad_16.png,anomaly,True,0.07493739575147629,0.07493739575147629,0.05881828558520522,0.05881828558520522,0.05084799118340016,False,False,16000,False,,False,0.0,cpu,patch_nearest_normal,last2,14,0.05,False,,,0.00015896392869763076,0.00015804108188598499,False,False,True,False
2026-08-16 20:20:48,adapter_ctta,pill,monitor,C:/cira_batch_test/pill/bad_20.png,bad_20.png,anomaly,True,0.06347698718309402,0.06347698718309402,0.05881828558520522,0.05881828558520522,0.05084799118340016,False,False,16000,False,,False,0.0,cpu,patch_nearest_normal,last2,14,0.05,False,,,0.00012583356874529272,0.00015804108188598499,False,True,True,False
2026-08-16 20:20:49,adapter_ctta,pill,monitor,C:/cira_batch_test/pill/bad_12.png,bad_12.png,anomaly,True,0.12404078245162964,0.12404078245162964,0.05881828558520522,0.05881828558520522,0.05084799118340016,False,False,16000,False,,False,0.0,cpu,patch_nearest_normal,last2,14,0.05,False,,,0.00016721257998142391,0.00015804108188598499,False,False,True,False
2026-08-16 20:20:51,adapter_ctta,pill,monitor,C:/cira_batch_test/pill/good_17.png,good_17.png,normal,False,0.05524250864982605,0.05524250864982605,0.05881828558520522,0.05881828558520522,0.05084799118340016,False,False,16000,False,,False,0.0,cpu,patch_nearest_normal,last2,14,0.05,False,,,0.00015788135351613164,0.00015804108188598499,False,True,True,False
2026-08-16 20:20:52,adapter_ctta,pill,monitor,C:/cira_batch_test/pill/bad_9.png,bad_9.png,anomaly,True,0.06175398826599121,0.06175398826599121,0.05881828558520522,0.05881828558520522,0.05084799118340016,False,False,16000,False,,False,0.0,cpu,patch_nearest_normal,last2,14,0.05,False,,,0.0001352895487798378,0.00015804108188598499,False,True,True,False
2026-08-16 20:20:54,adapter_ctta,pill,monitor,C:/cira_batch_test/pill/bad_18.png,bad_18.png,normal,False,0.05527752637863159,0.05527752637863159,0.05881828558520522,0.05881828558520522,0.05084799118340016,False,False,16000,False,,False,0.0,cpu,patch_nearest_normal,last2,14,0.05,False,,,0.0001278612035093829,0.00015804108188598499,False,True,True,False
2026-08-16 20:20:56,adapter_ctta,pill,monitor,C:/cira_batch_test/pill/bad_13.png,bad_13.png,normal,False,0.05826094001531601,0.05826094001531601,0.05881828558520522,0.05881828558520522,0.05084799118340016,False,False,16000,False,,False,0.0,cpu,patch_nearest_normal,last2,14,0.05,False,,,0.00015012710355222225,0.00015804108188598499,False,True,True,False
2026-08-16 20:20:57,adapter_ctta,pill,monitor,C:/cira_batch_test/pill/bad_2.png,bad_2.png,anomaly,True,0.07585985213518143,0.07585985213518143,0.05881828558520522,0.05881828558520522,0.05084799118340016,False,False,16000,False,,False,0.0,cpu,patch_nearest_normal,last2,14,0.05,False,,,0.00014079509128350765,0.00015804108188598499,False,True,True,False
2026-08-16 20:20:59,adapter_ctta,pill,monitor,C:/cira_batch_test/pill/good_6.png,good_6.png,normal,False,0.045325834304094315,0.045306116342544556,0.05881828558520522,0.05881828558520522,0.05084799118340016,False,False,16000,True,0.0001480561913922429,True,0.0027546195778995752,cpu,patch_nearest_normal,last2,14,0.05,False,,,0.00014185687177814543,0.00015804108188598499,True,True,True,False
2026-08-16 20:21:01,adapter_ctta,pill,monitor,C:/cira_batch_test/pill/good_10.png,good_10.png,normal,False,0.044943034648895264,0.04492466524243355,0.05881828558520522,0.05881828558520522,0.05084799118340016,False,False,16000,True,0.00015038636047393084,True,0.002656699391081929,cpu,patch_nearest_normal,last2,14,0.05,False,,,0.0001257232070202008,0.00015804108188598499,True,True,True,False
2026-08-16 20:21:02,adapter_ctta,pill,monitor,C:/cira_batch_test/pill/good_7.png,good_7.png,normal,False,0.045378707349300385,0.04536646604537964,0.05881828558520522,0.05881828558520522,0.05084799118340016,False,False,16000,True,0.00016156455967575312,True,0.002640139777213335,cpu,patch_nearest_normal,last2,14,0.05,False,,,0.0001475462777307257,0.00015804108188598499,True,True,True,False
2026-08-16 20:21:04,adapter_ctta,pill,monitor,C:/cira_batch_test/pill/bad_8.png,bad_8.png,anomaly,True,0.11643724143505096,0.11643724143505096,0.05881828558520522,0.05881828558520522,0.05084799118340016,False,False,16000,False,,False,0.0,cpu,patch_nearest_normal,last2,14,0.05,False,,,0.0001571533503010869,0.00015804108188598499,False,True,True,False
2026-08-16 20:21:06,adapter_ctta,pill,monitor,C:/cira_batch_test/pill/bad_10.png,bad_10.png,normal,False,0.045907456427812576,0.04588425159454346,0.05881828558520522,0.05881828558520522,0.05084799118340016,False,False,16000,True,0.00017270036914851516,True,0.0026348293758928776,cpu,patch_nearest_normal,last2,14,0.05,False,,,0.00015205623640213162,0.00015804108188598499,True,True,True,False
2026-08-16 20:21:07,adapter_ctta,pill,monitor,C:/cira_batch_test/pill/good_4.png,good_4.png,normal,False,0.047552697360515594,0.04757532477378845,0.05881828558520522,0.05881828558520522,0.05084799118340016,False,False,16000,True,0.00015959929442033172,True,0.002622585278004408,cpu,patch_nearest_normal,last2,14,0.05,False,,,0.00015583063941448927,0.00015804108188598499,True,True,True,False
2026-08-16 20:21:09,adapter_ctta,pill,monitor,C:/cira_batch_test/pill/bad_5.png,bad_5.png,anomaly,True,0.1866409033536911,0.1866409033536911,0.05881828558520522,0.05881828558520522,0.05084799118340016,False,False,16000,False,,False,0.0,cpu,patch_nearest_normal,last2,14,0.05,False,,,0.00014113580982666463,0.00015804108188598499,False,True,True,False
2026-08-16 20:21:10,adapter_ctta,pill,monitor,C:/cira_batch_test/pill/good_20.png,good_20.png,normal,False,0.05352018028497696,0.05352018028497696,0.05881828558520522,0.05881828558520522,0.05084799118340016,False,False,16000,False,,False,0.0,cpu,patch_nearest_normal,last2,14,0.05,False,,,0.00012325702118687332,0.00015804108188598499,False,True,True,False
2026-08-16 20:21:12,adapter_ctta,pill,monitor,C:/cira_batch_test/pill/good_18.png,good_18.png,normal,False,0.048274725675582886,0.048274725675582886,0.05881828558520522,0.05881828558520522,0.05084799118340016,False,False,16000,False,,False,0.0,cpu,patch_nearest_normal,last2,14,0.05,False,,,0.00016389062511734664,0.00015804108188598499,True,False,True,False
2026-08-16 20:21:14,adapter_ctta,pill,monitor,C:/cira_batch_test/pill/good_11.png,good_11.png,normal,False,0.05036909505724907,0.05032910779118538,0.05881828558520522,0.05881828558520522,0.05084799118340016,False,False,16000,True,0.00013184919953346252,True,0.0025687208399176598,cpu,patch_nearest_normal,last2,14,0.05,False,,,0.00011946739687118679,0.00015804108188598499,True,True,True,False
2026-08-16 20:21:16,adapter_ctta,pill,monitor,C:/cira_batch_test/pill/good_9.png,good_9.png,normal,False,0.04799730330705643,0.0479857437312603,0.05881828558520522,0.05881828558520522,0.05084799118340016,False,False,16000,True,0.00015330384485423565,True,0.002569467993453145,cpu,patch_nearest_normal,last2,14,0.05,False,,,0.00013270816998556256,0.00015804108188598499,True,True,True,False
2026-08-16 20:21:17,adapter_ctta,pill,monitor,C:/cira_batch_test/pill/good_16.png,good_16.png,normal,False,0.05502251908183098,0.05502251908183098,0.05881828558520522,0.05881828558520522,0.05084799118340016,False,False,16000,False,,False,0.0,cpu,patch_nearest_normal,last2,14,0.05,False,,,0.00013759637658949941,0.00015804108188598499,False,True,True,False
2026-08-16 20:21:19,adapter_ctta,pill,monitor,C:/cira_batch_test/pill/bad_7.png,bad_7.png,anomaly,True,0.07878940552473068,0.07878940552473068,0.05881828558520522,0.05881828558520522,0.05084799118340016,False,False,16000,False,,False,0.0,cpu,patch_nearest_normal,last2,14,0.05,False,,,0.00014428788563236594,0.00015804108188598499,False,True,True,False
2026-08-16 20:21:20,adapter_ctta,pill,monitor,C:/cira_batch_test/pill/good_13.png,good_13.png,anomaly,True,0.06477956473827362,0.06477956473827362,0.05881828558520522,0.05881828558520522,0.05084799118340016,False,False,16000,False,,False,0.0,cpu,patch_nearest_normal,last2,14,0.05,False,,,0.00013533397577703,0.00015804108188598499,False,True,True,False
2026-08-16 20:21:22,adapter_ctta,pill,monitor,C:/cira_batch_test/pill/good_5.png,good_5.png,normal,False,0.03875558823347092,0.03875262290239334,0.05881828558520522,0.05881828558520522,0.05084799118340016,False,False,16000,True,0.00014945185102988034,True,0.0025706070009618998,cpu,patch_nearest_normal,last2,14,0.05,False,,,0.00013183124247007072,0.00015804108188598499,True,True,True,False
2026-08-16 20:21:24,adapter_ctta,pill,monitor,C:/cira_batch_test/pill/good_2.png,good_2.png,normal,False,0.04433644562959671,0.044328100979328156,0.05881828558520522,0.05881828558520522,0.05084799118340016,False,False,16000,True,0.00015997712034732103,True,0.0025756903924047947,cpu,patch_nearest_normal,last2,14,0.05,True,C:\cira_ttl_checkpoints\pill\patch_memory_bank_update_10.pt,C:\cira_ttl_checkpoints\pill\patch_adapter_update_10.pt,0.00014290850958786905,0.00015804108188598499,True,True,True,False
2026-08-16 20:21:25,adapter_ctta,pill,monitor,C:/cira_batch_test/pill/bad_6.png,bad_6.png,anomaly,True,0.07804810255765915,0.07804810255765915,0.05881828558520522,0.05881828558520522,0.05084799118340016,False,False,16000,False,,False,0.0,cpu,patch_nearest_normal,last2,14,0.05,False,,,0.00015692648594267666,0.00015804108188598499,False,True,True,False
2026-08-16 20:21:27,adapter_ctta,pill,monitor,C:/cira_batch_test/pill/bad_14.png,bad_14.png,anomaly,True,0.07030543684959412,0.07030543684959412,0.05881828558520522,0.05881828558520522,0.05084799118340016,False,False,16000,False,,False,0.0,cpu,patch_nearest_normal,last2,14,0.05,False,,,0.0001625281001906842,0.00015804108188598499,False,False,True,False
2026-08-16 20:21:28,adapter_ctta,pill,monitor,C:/cira_batch_test/pill/good_3.png,good_3.png,normal,False,0.04259241372346878,0.04259386658668518,0.05881828558520522,0.05881828558520522,0.05084799118340016,False,False,16000,True,0.00015520241868216544,True,0.0025753506924957037,cpu,patch_nearest_normal,last2,14,0.05,False,,,0.00013310476788319647,0.00015804108188598499,True,True,True,False
2026-08-16 20:21:30,adapter_ctta,pill,monitor,C:/cira_batch_test/pill/bad_4.png,bad_4.png,anomaly,True,0.06906332075595856,0.06906332075595856,0.05881828558520522,0.05881828558520522,0.05084799118340016,False,False,16000,False,,False,0.0,cpu,patch_nearest_normal,last2,14,0.05,False,,,0.00015860647545196116,0.00015804108188598499,False,False,True,False
2026-08-16 20:21:32,adapter_ctta,pill,monitor,C:/cira_batch_test/pill/bad_15.png,bad_15.png,anomaly,True,0.07334593683481216,0.07334593683481216,0.05881828558520522,0.05881828558520522,0.05084799118340016,False,False,16000,False,,False,0.0,cpu,patch_nearest_normal,last2,14,0.05,False,,,0.00013775813567917794,0.00015804108188598499,False,True,True,False
2026-08-16 20:21:33,adapter_ctta,pill,monitor,C:/cira_batch_test/pill/good_8.png,good_8.png,normal,False,0.05763118714094162,0.05763118714094162,0.05881828558520522,0.05881828558520522,0.05084799118340016,False,False,16000,False,,False,0.0,cpu,patch_nearest_normal,last2,14,0.05,False,,,0.00013334622781258076,0.00015804108188598499,False,True,True,False
2026-08-16 20:21:35,adapter_ctta,pill,monitor,C:/cira_batch_test/pill/bad_3.png,bad_3.png,anomaly,True,0.06828716397285461,0.06828716397285461,0.05881828558520522,0.05881828558520522,0.05084799118340016,False,False,16000,False,,False,0.0,cpu,patch_nearest_normal,last2,14,0.05,False,,,0.0001461254432797432,0.00015804108188598499,False,True,True,False
2026-08-16 20:21:37,adapter_ctta,pill,monitor,C:/cira_batch_test/pill/bad_11.png,bad_11.png,anomaly,True,0.09589802473783493,0.09589802473783493,0.05881828558520522,0.05881828558520522,0.05084799118340016,False,False,16000,False,,False,0.0,cpu,patch_nearest_normal,last2,14,0.05,False,,,0.0001536975905764848,0.00015804108188598499,False,True,True,False
2026-08-16 20:21:38,adapter_ctta,pill,monitor,C:/cira_batch_test/pill/good_19.png,good_19.png,normal,False,0.05771460384130478,0.05771460384130478,0.05881828558520522,0.05881828558520522,0.05084799118340016,False,False,16000,False,,False,0.0,cpu,patch_nearest_normal,last2,14,0.05,False,,,0.00015024200547486544,0.00015804108188598499,False,True,True,False
2026-08-16 20:21:40,adapter_ctta,pill,monitor,C:/cira_batch_test/pill/good_12.png,good_12.png,normal,False,0.055628616362810135,0.055628616362810135,0.05881828558520522,0.05881828558520522,0.05084799118340016,False,False,16000,False,,False,0.0,cpu,patch_nearest_normal,last2,14,0.05,False,,,0.0001405172806698829,0.00015804108188598499,False,True,True,False
2026-08-16 20:21:41,adapter_ctta,pill,monitor,C:/cira_batch_test/pill/good_15.png,good_15.png,normal,False,0.049937594681978226,0.04994465783238411,0.05881828558520522,0.05881828558520522,0.05084799118340016,False,False,16000,True,0.00014939156244508922,True,0.00256889290176332,cpu,patch_nearest_normal,last2,14,0.05,False,,,0.0001401891786372289,0.00015804108188598499,True,True,True,False
2026-08-16 20:21:43,adapter_ctta,pill,monitor,C:/cira_batch_test/pill/bad_17.png,bad_17.png,anomaly,True,0.0785619467496872,0.0785619467496872,0.05881828558520522,0.05881828558520522,0.05084799118340016,False,False,16000,False,,False,0.0,cpu,patch_nearest_normal,last2,14,0.05,False,,,0.00016355245315935463,0.00015804108188598499,False,False,True,False
2026-08-16 20:21:45,adapter_ctta,pill,monitor,C:/cira_batch_test/pill/bad_19.png,bad_19.png,anomaly,True,0.06591670215129852,0.06591670215129852,0.05881828558520522,0.05881828558520522,0.05084799118340016,False,False,16000,False,,False,0.0,cpu,patch_nearest_normal,last2,14,0.05,False,,,0.00014993349032010883,0.00015804108188598499,False,True,True,False
2026-08-16 20:21:46,adapter_ctta,pill,monitor,C:/cira_batch_test/pill/bad_1.png,bad_1.png,anomaly,True,0.08138479292392731,0.08138479292392731,0.05881828558520522,0.05881828558520522,0.05084799118340016,False,False,16000,False,,False,0.0,cpu,patch_nearest_normal,last2,14,0.05,False,,,0.00014730259135831147,0.00015804108188598499,False,True,True,False
2026-08-16 20:21:48,adapter_ctta,pill,monitor,C:/cira_batch_test/pill/good_14.png,good_14.png,normal,False,0.04797568917274475,0.047977905720472336,0.05881828558520522,0.05881828558520522,0.05084799118340016,False,False,16000,True,0.0001354547857772559,True,0.0025534958112984896,cpu,patch_nearest_normal,last2,14,0.05,False,,,0.00012337995576672256,0.00015804108188598499,True,True,True,False
2026-08-16 20:21:50,adapter_ctta,screw,monitor,C:/cira_batch_test/screw/good_1.png,good_1.png,normal,False,0.05231552571058273,0.05230638384819031,0.06300563204730296,0.06300563204730296,0.05946885421872139,False,False,16000,True,0.00013054641021881253,True,0.0030386035796254873,cpu,patch_nearest_normal,last2,14,0.05,False,,,0.00010946731345029548,0.00012727336943498,True,True,True,False
2026-08-16 20:21:51,adapter_ctta,screw,monitor,C:/cira_batch_test/screw/bad_16.png,bad_16.png,anomaly,True,0.06383001059293747,0.06383001059293747,0.06300563204730296,0.06300563204730296,0.05946885421872139,False,False,16000,False,,False,0.0,cpu,patch_nearest_normal,last2,14,0.05,False,,,0.00011105388693977147,0.00012727336943498,False,True,True,False
2026-08-16 20:21:53,adapter_ctta,screw,monitor,C:/cira_batch_test/screw/bad_20.png,bad_20.png,anomaly,True,0.06553877890110016,0.06553877890110016,0.06300563204730296,0.06300563204730296,0.05946885421872139,False,False,16000,False,,False,0.0,cpu,patch_nearest_normal,last2,14,0.05,False,,,0.0001363888441119343,0.00012727336943498,False,False,True,False
2026-08-16 20:21:54,adapter_ctta,screw,monitor,C:/cira_batch_test/screw/bad_12.png,bad_12.png,anomaly,True,0.07180650532245636,0.07180650532245636,0.06300563204730296,0.06300563204730296,0.05946885421872139,False,False,16000,False,,False,0.0,cpu,patch_nearest_normal,last2,14,0.05,False,,,0.00012390319898258895,0.00012727336943498,False,True,True,False
2026-08-16 20:21:56,adapter_ctta,screw,monitor,C:/cira_batch_test/screw/good_17.png,good_17.png,normal,False,0.056554943323135376,0.056523315608501434,0.06300563204730296,0.06300563204730296,0.05946885421872139,False,False,16000,True,0.00012967147631570697,True,0.00273033045232296,cpu,patch_nearest_normal,last2,14,0.05,False,,,0.0001050105202011764,0.00012727336943498,True,True,True,False
2026-08-16 20:21:58,adapter_ctta,screw,monitor,C:/cira_batch_test/screw/bad_9.png,bad_9.png,anomaly,True,0.0639304667711258,0.0639304667711258,0.06300563204730296,0.06300563204730296,0.05946885421872139,False,False,16000,False,,False,0.0,cpu,patch_nearest_normal,last2,14,0.05,False,,,0.0001291552762268111,0.00012727336943498,False,False,True,False
2026-08-16 20:21:59,adapter_ctta,screw,monitor,C:/cira_batch_test/screw/bad_18.png,bad_18.png,normal,False,0.06161567568778992,0.06161567568778992,0.06300563204730296,0.06300563204730296,0.05946885421872139,False,False,16000,False,,False,0.0,cpu,patch_nearest_normal,last2,14,0.05,False,,,0.00011783044465119019,0.00012727336943498,False,True,True,False
2026-08-16 20:22:01,adapter_ctta,screw,monitor,C:/cira_batch_test/screw/bad_13.png,bad_13.png,anomaly,True,0.08253034949302673,0.08253034949302673,0.06300563204730296,0.06300563204730296,0.05946885421872139,False,False,16000,False,,False,0.0,cpu,patch_nearest_normal,last2,14,0.05,False,,,9.236727782990783e-05,0.00012727336943498,False,True,True,False
2026-08-16 20:22:02,adapter_ctta,screw,monitor,C:/cira_batch_test/screw/bad_2.png,bad_2.png,anomaly,True,0.06374894827604294,0.06374894827604294,0.06300563204730296,0.06300563204730296,0.05946885421872139,False,False,16000,False,,False,0.0,cpu,patch_nearest_normal,last2,14,0.05,False,,,0.00010728259076131508,0.00012727336943498,False,True,True,False
2026-08-16 20:22:04,adapter_ctta,screw,monitor,C:/cira_batch_test/screw/good_6.png,good_6.png,anomaly,True,0.08193724602460861,0.08193724602460861,0.06300563204730296,0.06300563204730296,0.05946885421872139,False,False,16000,False,,False,0.0,cpu,patch_nearest_normal,last2,14,0.05,False,,,0.00013090233551338315,0.00012727336943498,False,False,True,False
2026-08-16 20:22:06,adapter_ctta,screw,monitor,C:/cira_batch_test/screw/good_10.png,good_10.png,normal,False,0.04546838253736496,0.04543871432542801,0.06300563204730296,0.06300563204730296,0.05946885421872139,False,False,16000,True,0.0001132797624450177,True,0.002646117005497217,cpu,patch_nearest_normal,last2,14,0.05,False,,,0.00010731477959780023,0.00012727336943498,True,True,True,False
2026-08-16 20:22:07,adapter_ctta,screw,monitor,C:/cira_batch_test/screw/good_7.png,good_7.png,normal,False,0.04382575675845146,0.04381024092435837,0.06300563204730296,0.06300563204730296,0.05946885421872139,False,False,16000,True,0.00011252998228883371,True,0.002547103213146329,cpu,patch_nearest_normal,last2,14,0.05,False,,,0.00010291819489793852,0.00012727336943498,True,True,True,False
2026-08-16 20:22:09,adapter_ctta,screw,monitor,C:/cira_batch_test/screw/bad_8.png,bad_8.png,anomaly,True,0.07111365348100662,0.07111365348100662,0.06300563204730296,0.06300563204730296,0.05946885421872139,False,False,16000,False,,False,0.0,cpu,patch_nearest_normal,last2,14,0.05,False,,,0.0001262924779439345,0.00012727336943498,False,True,True,False
2026-08-16 20:22:11,adapter_ctta,screw,monitor,C:/cira_batch_test/screw/bad_10.png,bad_10.png,anomaly,True,0.06723786145448685,0.06723786145448685,0.06300563204730296,0.06300563204730296,0.05946885421872139,False,False,16000,False,,False,0.0,cpu,patch_nearest_normal,last2,14,0.05,False,,,0.00010000971087720245,0.00012727336943498,False,True,True,False
2026-08-16 20:22:12,adapter_ctta,screw,monitor,C:/cira_batch_test/screw/good_4.png,good_4.png,normal,False,0.06257236003875732,0.06257236003875732,0.06300563204730296,0.06300563204730296,0.05946885421872139,False,False,16000,False,,False,0.0,cpu,patch_nearest_normal,last2,14,0.05,False,,,0.0001172210686490871,0.00012727336943498,False,True,True,False
2026-08-16 20:22:14,adapter_ctta,screw,monitor,C:/cira_batch_test/screw/bad_5.png,bad_5.png,anomaly,True,0.10231012105941772,0.10231012105941772,0.06300563204730296,0.06300563204730296,0.05946885421872139,False,False,16000,False,,False,0.0,cpu,patch_nearest_normal,last2,14,0.05,False,,,0.00010695830860640854,0.00012727336943498,False,True,True,False
2026-08-16 20:22:15,adapter_ctta,screw,monitor,C:/cira_batch_test/screw/good_20.png,good_20.png,anomaly,True,0.0684310793876648,0.0684310793876648,0.06300563204730296,0.06300563204730296,0.05946885421872139,False,False,16000,False,,False,0.0,cpu,patch_nearest_normal,last2,14,0.05,False,,,9.428596968064085e-05,0.00012727336943498,False,True,True,False
2026-08-16 20:22:17,adapter_ctta,screw,monitor,C:/cira_batch_test/screw/good_18.png,good_18.png,normal,False,0.06217222660779953,0.06217222660779953,0.06300563204730296,0.06300563204730296,0.05946885421872139,False,False,16000,False,,False,0.0,cpu,patch_nearest_normal,last2,14,0.05,False,,,0.00011191178782610223,0.00012727336943498,False,True,True,False
2026-08-16 20:22:19,adapter_ctta,screw,monitor,C:/cira_batch_test/screw/good_11.png,good_11.png,normal,False,0.050265759229660034,0.050248533487319946,0.06300563204730296,0.06300563204730296,0.05946885421872139,False,False,16000,True,0.00012065736518707126,True,0.0024692497681826353,cpu,patch_nearest_normal,last2,14,0.05,False,,,0.00010479195771040395,0.00012727336943498,True,True,True,False
2026-08-16 20:22:21,adapter_ctta,screw,monitor,C:/cira_batch_test/screw/good_9.png,good_9.png,normal,False,0.04781508445739746,0.047792546451091766,0.06300563204730296,0.06300563204730296,0.05946885421872139,False,False,16000,True,0.00011086877202615142,True,0.0024475501850247383,cpu,patch_nearest_normal,last2,14,0.05,False,,,0.00010715930693550035,0.00012727336943498,True,True,True,False
2026-08-16 20:22:22,adapter_ctta,screw,monitor,C:/cira_batch_test/screw/good_16.png,good_16.png,normal,False,0.06147731468081474,0.06147731468081474,0.06300563204730296,0.06300563204730296,0.05946885421872139,False,False,16000,False,,False,0.0,cpu,patch_nearest_normal,last2,14,0.05,False,,,0.00010957522317767143,0.00012727336943498,False,True,True,False
2026-08-16 20:22:24,adapter_ctta,screw,monitor,C:/cira_batch_test/screw/bad_7.png,bad_7.png,anomaly,True,0.0828375518321991,0.0828375518321991,0.06300563204730296,0.06300563204730296,0.05946885421872139,False,False,16000,False,,False,0.0,cpu,patch_nearest_normal,last2,14,0.05,False,,,0.00012153597344877198,0.00012727336943498,False,True,True,False
2026-08-16 20:22:26,adapter_ctta,screw,monitor,C:/cira_batch_test/screw/good_13.png,good_13.png,normal,False,0.058026112616062164,0.05802393704652786,0.06300563204730296,0.06300563204730296,0.05946885421872139,False,False,16000,True,0.00012434180825948715,True,0.002442489843815565,cpu,patch_nearest_normal,last2,14,0.05,False,,,0.00010991917224600911,0.00012727336943498,True,True,True,False
2026-08-16 20:22:27,adapter_ctta,screw,monitor,C:/cira_batch_test/screw/good_5.png,good_5.png,normal,False,0.046416986733675,0.04645457863807678,0.06300563204730296,0.06300563204730296,0.05946885421872139,False,False,16000,True,0.00011961876589339226,True,0.0024423031136393547,cpu,patch_nearest_normal,last2,14,0.05,False,,,0.0001010189444059506,0.00012727336943498,True,True,True,False
2026-08-16 20:22:29,adapter_ctta,screw,monitor,C:/cira_batch_test/screw/good_2.png,good_2.png,anomaly,True,0.06479741632938385,0.06479741632938385,0.06300563204730296,0.06300563204730296,0.05946885421872139,False,False,16000,False,,False,0.0,cpu,patch_nearest_normal,last2,14,0.05,False,,,0.00012120306928409263,0.00012727336943498,False,True,True,False
2026-08-16 20:22:31,adapter_ctta,screw,monitor,C:/cira_batch_test/screw/bad_6.png,bad_6.png,anomaly,True,0.06732477247714996,0.06732477247714996,0.06300563204730296,0.06300563204730296,0.05946885421872139,False,False,16000,False,,False,0.0,cpu,patch_nearest_normal,last2,14,0.05,False,,,0.00011175304825883359,0.00012727336943498,False,True,True,False
2026-08-16 20:22:32,adapter_ctta,screw,monitor,C:/cira_batch_test/screw/bad_14.png,bad_14.png,anomaly,True,0.07622653990983963,0.07622653990983963,0.06300563204730296,0.06300563204730296,0.05946885421872139,False,False,16000,False,,False,0.0,cpu,patch_nearest_normal,last2,14,0.05,False,,,0.00010092785669257864,0.00012727336943498,False,True,True,False
2026-08-16 20:22:34,adapter_ctta,screw,monitor,C:/cira_batch_test/screw/good_3.png,good_3.png,anomaly,True,0.07084064930677414,0.07084064930677414,0.06300563204730296,0.06300563204730296,0.05946885421872139,False,False,16000,False,,False,0.0,cpu,patch_nearest_normal,last2,14,0.05,False,,,0.00010791255772346631,0.00012727336943498,False,True,True,False
2026-08-16 20:22:35,adapter_ctta,screw,monitor,C:/cira_batch_test/screw/bad_4.png,bad_4.png,normal,False,0.05696294829249382,0.05694937705993652,0.06300563204730296,0.06300563204730296,0.05946885421872139,False,False,16000,True,0.00010279447451466694,True,0.0024181390181183815,cpu,patch_nearest_normal,last2,14,0.05,False,,,8.991681534098461e-05,0.00012727336943498,True,True,True,False
2026-08-16 20:22:37,adapter_ctta,screw,monitor,C:/cira_batch_test/screw/bad_15.png,bad_15.png,anomaly,True,0.08327174931764603,0.08327174931764603,0.06300563204730296,0.06300563204730296,0.05946885421872139,False,False,16000,False,,False,0.0,cpu,patch_nearest_normal,last2,14,0.05,False,,,0.00010338353604311123,0.00012727336943498,False,True,True,False
2026-08-16 20:22:39,adapter_ctta,screw,monitor,C:/cira_batch_test/screw/good_8.png,good_8.png,normal,False,0.0550905279815197,0.055096130818128586,0.06300563204730296,0.06300563204730296,0.05946885421872139,False,False,16000,True,0.00012367768795229495,True,0.002392658730968833,cpu,patch_nearest_normal,last2,14,0.05,True,C:\cira_ttl_checkpoints\screw\patch_memory_bank_update_10.pt,C:\cira_ttl_checkpoints\screw\patch_adapter_update_10.pt,9.770418546395376e-05,0.00012727336943498,True,True,True,False
2026-08-16 20:22:41,adapter_ctta,screw,monitor,C:/cira_batch_test/screw/bad_3.png,bad_3.png,anomaly,True,0.0699213445186615,0.0699213445186615,0.06300563204730296,0.06300563204730296,0.05946885421872139,False,False,16000,False,,False,0.0,cpu,patch_nearest_normal,last2,14,0.05,False,,,0.00011792306759161875,0.00012727336943498,False,True,True,False
2026-08-16 20:22:42,adapter_ctta,screw,monitor,C:/cira_batch_test/screw/bad_11.png,bad_11.png,anomaly,True,0.06823957711458206,0.06823957711458206,0.06300563204730296,0.06300563204730296,0.05946885421872139,False,False,16000,False,,False,0.0,cpu,patch_nearest_normal,last2,14,0.05,False,,,9.79887117864564e-05,0.00012727336943498,False,True,True,False
2026-08-16 20:22:44,adapter_ctta,screw,monitor,C:/cira_batch_test/screw/good_19.png,good_19.png,normal,False,0.049974359571933746,0.049981117248535156,0.06300563204730296,0.06300563204730296,0.05946885421872139,False,False,16000,True,0.00011630306835286319,True,0.002387315034866333,cpu,patch_nearest_normal,last2,14,0.05,False,,,0.00010499214840820059,0.00012727336943498,True,True,True,False
2026-08-16 20:22:46,adapter_ctta,screw,monitor,C:/cira_batch_test/screw/good_12.png,good_12.png,normal,False,0.0575702004134655,0.05757897347211838,0.06300563204730296,0.06300563204730296,0.05946885421872139,False,False,16000,True,0.0001233788498211652,True,0.0023676948621869087,cpu,patch_nearest_normal,last2,14,0.05,False,,,0.00011745344090741128,0.00012727336943498,True,True,True,False
2026-08-16 20:22:47,adapter_ctta,screw,monitor,C:/cira_batch_test/screw/good_15.png,good_15.png,normal,False,0.04570271447300911,0.04569612070918083,0.06300563204730296,0.06300563204730296,0.05946885421872139,False,False,16000,True,0.00011204208567505702,True,0.0023703903425484896,cpu,patch_nearest_normal,last2,14,0.05,False,,,0.00010042601206805557,0.00012727336943498,True,True,True,False
2026-08-16 20:22:49,adapter_ctta,screw,monitor,C:/cira_batch_test/screw/bad_17.png,bad_17.png,anomaly,True,0.06526549160480499,0.06526549160480499,0.06300563204730296,0.06300563204730296,0.05946885421872139,False,False,16000,False,,False,0.0,cpu,patch_nearest_normal,last2,14,0.05,False,,,0.00010279804700985551,0.00012727336943498,False,True,True,False
2026-08-16 20:22:51,adapter_ctta,screw,monitor,C:/cira_batch_test/screw/bad_19.png,bad_19.png,anomaly,True,0.06751523166894913,0.06751523166894913,0.06300563204730296,0.06300563204730296,0.05946885421872139,False,False,16000,False,,False,0.0,cpu,patch_nearest_normal,last2,14,0.05,False,,,9.206450340570882e-05,0.00012727336943498,False,True,True,False
2026-08-16 20:22:52,adapter_ctta,screw,monitor,C:/cira_batch_test/screw/bad_1.png,bad_1.png,anomaly,True,0.07481946796178818,0.07481946796178818,0.06300563204730296,0.06300563204730296,0.05946885421872139,False,False,16000,False,,False,0.0,cpu,patch_nearest_normal,last2,14,0.05,False,,,0.00012751182657666504,0.00012727336943498,False,False,True,False
2026-08-16 20:22:54,adapter_ctta,screw,monitor,C:/cira_batch_test/screw/good_14.png,good_14.png,normal,False,0.06050223857164383,0.06050223857164383,0.06300563204730296,0.06300563204730296,0.05946885421872139,False,False,16000,False,,False,0.0,cpu,patch_nearest_normal,last2,14,0.05,False,,,0.00011094335786765441,0.00012727336943498,False,True,True,False
2026-08-16 20:22:56,adapter_ctta,tile,monitor,C:/cira_batch_test/tile/good_1.png,good_1.png,normal,False,0.04876633360981941,0.04878921061754227,0.06531576363636363,0.06531576363636363,0.05311408117413522,False,False,16000,True,0.0002028362505370751,True,0.002996973693370819,cpu,patch_nearest_normal,last2,14,0.05,False,,,0.0002013458142755553,0.000230512705456835,True,True,True,False
2026-08-16 20:22:57,adapter_ctta,tile,monitor,C:/cira_batch_test/tile/bad_16.png,bad_16.png,anomaly,True,0.08269631862640381,0.08269631862640381,0.06531576363636363,0.06531576363636363,0.05311408117413522,False,False,16000,False,,False,0.0,cpu,patch_nearest_normal,last2,14,0.05,False,,,0.00020793522708117962,0.000230512705456835,False,True,True,False
2026-08-16 20:22:59,adapter_ctta,tile,monitor,C:/cira_batch_test/tile/bad_20.png,bad_20.png,anomaly,True,0.11424610763788223,0.11424610763788223,0.06531576363636363,0.06531576363636363,0.05311408117413522,False,False,16000,False,,False,0.0,cpu,patch_nearest_normal,last2,14,0.05,False,,,0.0002016266662394628,0.000230512705456835,False,True,True,False
2026-08-16 20:23:00,adapter_ctta,tile,monitor,C:/cira_batch_test/tile/bad_12.png,bad_12.png,normal,False,0.05429133027791977,0.05429133027791977,0.06531576363636363,0.06531576363636363,0.05311408117413522,False,False,16000,False,,False,0.0,cpu,patch_nearest_normal,last2,14,0.05,False,,,0.00019640038954094052,0.000230512705456835,False,True,True,False
2026-08-16 20:23:02,adapter_ctta,tile,monitor,C:/cira_batch_test/tile/good_17.png,good_17.png,normal,False,0.04668781906366348,0.046706147491931915,0.06531576363636363,0.06531576363636363,0.05311408117413522,False,False,16000,True,0.0001894395099952817,True,0.00275993044488132,cpu,patch_nearest_normal,last2,14,0.05,False,,,0.00018098832515534014,0.000230512705456835,True,True,True,False
2026-08-16 20:23:04,adapter_ctta,tile,monitor,C:/cira_batch_test/tile/bad_9.png,bad_9.png,anomaly,True,0.31997743248939514,0.31997743248939514,0.06531576363636363,0.06531576363636363,0.05311408117413522,False,False,16000,False,,False,0.0,cpu,patch_nearest_normal,last2,14,0.05,False,,,0.0002111043722834438,0.000230512705456835,False,True,True,False
2026-08-16 20:23:05,adapter_ctta,tile,monitor,C:/cira_batch_test/tile/bad_18.png,bad_18.png,anomaly,True,0.07148946821689606,0.07148946821689606,0.06531576363636363,0.06531576363636363,0.05311408117413522,False,False,16000,False,,False,0.0,cpu,patch_nearest_normal,last2,14,0.05,False,,,0.00019032336422242224,0.000230512705456835,False,True,True,False
2026-08-16 20:23:07,adapter_ctta,tile,monitor,C:/cira_batch_test/tile/bad_13.png,bad_13.png,anomaly,True,0.15728886425495148,0.15728886425495148,0.06531576363636363,0.06531576363636363,0.05311408117413522,False,False,16000,False,,False,0.0,cpu,patch_nearest_normal,last2,14,0.05,False,,,0.00018369486497249454,0.000230512705456835,False,True,True,False
2026-08-16 20:23:08,adapter_ctta,tile,monitor,C:/cira_batch_test/tile/bad_2.png,bad_2.png,anomaly,True,0.4381846785545349,0.4381846785545349,0.06531576363636363,0.06531576363636363,0.05311408117413522,False,False,16000,False,,False,0.0,cpu,patch_nearest_normal,last2,14,0.05,False,,,0.00010674459917936474,0.000230512705456835,False,True,True,False
2026-08-16 20:23:10,adapter_ctta,tile,monitor,C:/cira_batch_test/tile/good_6.png,good_6.png,normal,False,0.04661739990115166,0.04661250859498978,0.06531576363636363,0.06531576363636363,0.05311408117413522,False,False,16000,True,0.0001749693474266678,True,0.002694803522899747,cpu,patch_nearest_normal,last2,14,0.05,False,,,0.00016454316210001707,0.000230512705456835,True,True,True,False
2026-08-16 20:23:12,adapter_ctta,tile,monitor,C:/cira_batch_test/tile/good_10.png,good_10.png,normal,False,0.051618922501802444,0.051608454436063766,0.06531576363636363,0.06531576363636363,0.05311408117413522,False,False,16000,True,0.00018864536832552403,True,0.002592205535620451,cpu,patch_nearest_normal,last2,14,0.05,False,,,0.00016973752644844353,0.000230512705456835,True,True,True,False
2026-08-16 20:23:14,adapter_ctta,tile,monitor,C:/cira_batch_test/tile/good_7.png,good_7.png,normal,False,0.04353786259889603,0.04355520009994507,0.06531576363636363,0.06531576363636363,0.05311408117413522,False,False,16000,True,0.00021041996660642326,True,0.00260256789624691,cpu,patch_nearest_normal,last2,14,0.05,False,,,0.0001928378624143079,0.000230512705456835,True,True,True,False
2026-08-16 20:23:15,adapter_ctta,tile,monitor,C:/cira_batch_test/tile/bad_8.png,bad_8.png,anomaly,True,0.16919367015361786,0.16919367015361786,0.06531576363636363,0.06531576363636363,0.05311408117413522,False,False,16000,False,,False,0.0,cpu,patch_nearest_normal,last2,14,0.05,False,,,0.00019087307737208903,0.000230512705456835,False,True,True,False
2026-08-16 20:23:17,adapter_ctta,tile,monitor,C:/cira_batch_test/tile/bad_10.png,bad_10.png,anomaly,True,0.09987717121839523,0.09987717121839523,0.06531576363636363,0.06531576363636363,0.05311408117413522,False,False,16000,False,,False,0.0,cpu,patch_nearest_normal,last2,14,0.05,False,,,0.00018485962937120348,0.000230512705456835,False,True,True,False
2026-08-16 20:23:19,adapter_ctta,tile,monitor,C:/cira_batch_test/tile/good_4.png,good_4.png,normal,False,0.037790488451719284,0.03782469779253006,0.06531576363636363,0.06531576363636363,0.05311408117413522,False,False,16000,True,0.00024531723465770483,True,0.002631551120430231,cpu,patch_nearest_normal,last2,14,0.05,False,,,0.00022699790133628994,0.000230512705456835,True,True,True,False
2026-08-16 20:23:20,adapter_ctta,tile,monitor,C:/cira_batch_test/tile/bad_5.png,bad_5.png,anomaly,True,0.15776416659355164,0.15776416659355164,0.06531576363636363,0.06531576363636363,0.05311408117413522,False,False,16000,False,,False,0.0,cpu,patch_nearest_normal,last2,14,0.05,False,,,0.00012054428952978924,0.000230512705456835,False,True,True,False
2026-08-16 20:23:22,adapter_ctta,tile,monitor,C:/cira_batch_test/tile/good_20.png,good_20.png,normal,False,0.0420515313744545,0.042111337184906006,0.06531576363636363,0.06531576363636363,0.05311408117413522,False,False,16000,True,0.00017952913185581565,True,0.00257377652451396,cpu,patch_nearest_normal,last2,14,0.05,False,,,0.0001673112710705027,0.000230512705456835,True,True,True,False
2026-08-16 20:23:24,adapter_ctta,tile,monitor,C:/cira_batch_test/tile/good_18.png,good_18.png,anomaly,True,0.06618691980838776,0.06618691980838776,0.06531576363636363,0.06531576363636363,0.05311408117413522,False,False,16000,False,,False,0.0,cpu,patch_nearest_normal,last2,14,0.05,False,,,0.00024603575002402067,0.000230512705456835,False,False,True,False
2026-08-16 20:23:25,adapter_ctta,tile,monitor,C:/cira_batch_test/tile/good_11.png,good_11.png,normal,False,0.03994808346033096,0.039942968636751175,0.06531576363636363,0.06531576363636363,0.05311408117413522,False,False,16000,True,0.00016896541637834162,True,0.0025511845014989376,cpu,patch_nearest_normal,last2,14,0.05,False,,,0.00015505011833738536,0.000230512705456835,True,True,True,False
2026-08-16 20:23:27,adapter_ctta,tile,monitor,C:/cira_batch_test/tile/good_9.png,good_9.png,normal,False,0.037609148770570755,0.03767768293619156,0.06531576363636363,0.06531576363636363,0.05311408117413522,False,False,16000,True,0.00020100909750908613,True,0.0025544357486069202,cpu,patch_nearest_normal,last2,14,0.05,False,,,0.00020813397713936865,0.000230512705456835,True,True,True,False
2026-08-16 20:23:29,adapter_ctta,tile,monitor,C:/cira_batch_test/tile/good_16.png,good_16.png,normal,False,0.03807089850306511,0.0380680188536644,0.06531576363636363,0.06531576363636363,0.05311408117413522,False,False,16000,True,0.0002224911586381495,True,0.0025758182164281607,cpu,patch_nearest_normal,last2,14,0.05,True,C:\cira_ttl_checkpoints\tile\patch_memory_bank_update_10.pt,C:\cira_ttl_checkpoints\tile\patch_adapter_update_10.pt,0.00022198342776391655,0.000230512705456835,True,True,True,False
2026-08-16 20:23:31,adapter_ctta,tile,monitor,C:/cira_batch_test/tile/bad_7.png,bad_7.png,anomaly,True,0.2120809108018875,0.2120809108018875,0.06531576363636363,0.06531576363636363,0.05311408117413522,False,False,16000,False,,False,0.0,cpu,patch_nearest_normal,last2,14,0.05,False,,,0.00018927118799183518,0.000230512705456835,False,True,True,False
2026-08-16 20:23:32,adapter_ctta,tile,monitor,C:/cira_batch_test/tile/good_13.png,good_13.png,normal,False,0.0489257276058197,0.04896460101008415,0.06531576363636363,0.06531576363636363,0.05311408117413522,False,False,16000,True,0.0001558443473186344,True,0.0025188589934259653,cpu,patch_nearest_normal,last2,14,0.05,False,,,0.00015168657409958541,0.000230512705456835,True,True,True,False
2026-08-16 20:23:34,adapter_ctta,tile,monitor,C:/cira_batch_test/tile/good_5.png,good_5.png,normal,False,0.05007023736834526,0.050107717514038086,0.06531576363636363,0.06531576363636363,0.05311408117413522,False,False,16000,True,0.00022818887373432517,True,0.002548814984038472,cpu,patch_nearest_normal,last2,14,0.05,False,,,0.0002212047402281314,0.000230512705456835,True,True,True,False
2026-08-16 20:23:36,adapter_ctta,tile,monitor,C:/cira_batch_test/tile/good_2.png,good_2.png,normal,False,0.04877614974975586,0.048832960426807404,0.06531576363636363,0.06531576363636363,0.05311408117413522,False,False,16000,True,0.0002263864444103092,True,0.0025692894123494625,cpu,patch_nearest_normal,last2,14,0.05,False,,,0.00021262858354020864,0.000230512705456835,True,True,True,False
2026-08-16 20:23:38,adapter_ctta,tile,monitor,C:/cira_batch_test/tile/bad_6.png,bad_6.png,anomaly,True,0.22872436046600342,0.22872436046600342,0.06531576363636363,0.06531576363636363,0.05311408117413522,False,False,16000,False,,False,0.0,cpu,patch_nearest_normal,last2,14,0.05,False,,,0.00022017820447217673,0.000230512705456835,False,True,True,False
2026-08-16 20:23:39,adapter_ctta,tile,monitor,C:/cira_batch_test/tile/bad_14.png,bad_14.png,anomaly,True,0.15903744101524353,0.15903744101524353,0.06531576363636363,0.06531576363636363,0.05311408117413522,False,False,16000,False,,False,0.0,cpu,patch_nearest_normal,last2,14,0.05,False,,,0.0001901551295304671,0.000230512705456835,False,True,True,False
2026-08-16 20:23:41,adapter_ctta,tile,monitor,C:/cira_batch_test/tile/good_3.png,good_3.png,normal,False,0.041860245168209076,0.04193608835339546,0.06531576363636363,0.06531576363636363,0.05311408117413522,False,False,16000,True,0.00020978486281819642,True,0.002580332802608609,cpu,patch_nearest_normal,last2,14,0.05,False,,,0.00019371013331692666,0.000230512705456835,True,True,True,False
2026-08-16 20:23:43,adapter_ctta,tile,monitor,C:/cira_batch_test/tile/bad_4.png,bad_4.png,anomaly,True,0.11480007320642471,0.11480007320642471,0.06531576363636363,0.06531576363636363,0.05311408117413522,False,False,16000,False,,False,0.0,cpu,patch_nearest_normal,last2,14,0.05,False,,,0.00012090926611563191,0.000230512705456835,False,True,True,False
2026-08-16 20:23:44,adapter_ctta,tile,monitor,C:/cira_batch_test/tile/bad_15.png,bad_15.png,anomaly,True,0.17806243896484375,0.17806243896484375,0.06531576363636363,0.06531576363636363,0.05311408117413522,False,False,16000,False,,False,0.0,cpu,patch_nearest_normal,last2,14,0.05,False,,,0.00024076495901681483,0.000230512705456835,False,False,True,False
2026-08-16 20:23:46,adapter_ctta,tile,monitor,C:/cira_batch_test/tile/good_8.png,good_8.png,normal,False,0.04085562750697136,0.04093321040272713,0.06531576363636363,0.06531576363636363,0.05311408117413522,False,False,16000,True,0.00023786345263943076,True,0.0026058685034513474,cpu,patch_nearest_normal,last2,14,0.05,False,,,0.00021958263823762536,0.000230512705456835,True,True,True,False
2026-08-16 20:23:47,adapter_ctta,tile,monitor,C:/cira_batch_test/tile/bad_3.png,bad_3.png,anomaly,True,0.38226646184921265,0.38226646184921265,0.06531576363636363,0.06531576363636363,0.05311408117413522,False,False,16000,False,,False,0.0,cpu,patch_nearest_normal,last2,14,0.05,False,,,0.00021038143313489854,0.000230512705456835,False,True,True,False
2026-08-16 20:23:49,adapter_ctta,tile,monitor,C:/cira_batch_test/tile/bad_11.png,bad_11.png,anomaly,True,0.14938054978847504,0.14938054978847504,0.06531576363636363,0.06531576363636363,0.05311408117413522,False,False,16000,False,,False,0.0,cpu,patch_nearest_normal,last2,14,0.05,False,,,0.00014989469491411,0.000230512705456835,False,True,True,False
2026-08-16 20:23:51,adapter_ctta,tile,monitor,C:/cira_batch_test/tile/good_19.png,good_19.png,normal,False,0.05040938779711723,0.050506629049777985,0.06531576363636363,0.06531576363636363,0.05311408117413522,False,False,16000,True,0.00020712234254460782,True,0.002612429205328226,cpu,patch_nearest_normal,last2,14,0.05,False,,,0.0002122750593116507,0.000230512705456835,True,True,True,False
2026-08-16 20:23:53,adapter_ctta,tile,monitor,C:/cira_batch_test/tile/good_12.png,good_12.png,normal,False,0.04171367362141609,0.0417669303715229,0.06531576363636363,0.06531576363636363,0.05311408117413522,False,False,16000,True,0.00019157105998601764,True,0.0026049416046589613,cpu,patch_nearest_normal,last2,14,0.05,False,,,0.0002001067769015208,0.000230512705456835,True,True,True,False
2026-08-16 20:23:54,adapter_ctta,tile,monitor,C:/cira_batch_test/tile/good_15.png,good_15.png,normal,False,0.042785726487636566,0.042875759303569794,0.06531576363636363,0.06531576363636363,0.05311408117413522,False,False,16000,True,0.00017471499450039119,True,0.002596830716356635,cpu,patch_nearest_normal,last2,14,0.05,False,,,0.00017107742314692587,0.000230512705456835,True,True,True,False
2026-08-16 20:23:56,adapter_ctta,tile,monitor,C:/cira_batch_test/tile/bad_17.png,bad_17.png,anomaly,True,0.38516417145729065,0.38516417145729065,0.06531576363636363,0.06531576363636363,0.05311408117413522,False,False,16000,False,,False,0.0,cpu,patch_nearest_normal,last2,14,0.05,False,,,0.0002046675217570737,0.000230512705456835,False,True,True,False
2026-08-16 20:23:58,adapter_ctta,tile,monitor,C:/cira_batch_test/tile/bad_19.png,bad_19.png,anomaly,True,0.09894832223653793,0.09894832223653793,0.06531576363636363,0.06531576363636363,0.05311408117413522,False,False,16000,False,,False,0.0,cpu,patch_nearest_normal,last2,14,0.05,False,,,0.00020193014643155038,0.000230512705456835,False,True,True,False
2026-08-16 20:23:59,adapter_ctta,tile,monitor,C:/cira_batch_test/tile/bad_1.png,bad_1.png,anomaly,True,0.41924604773521423,0.41924604773521423,0.06531576363636363,0.06531576363636363,0.05311408117413522,False,False,16000,False,,False,0.0,cpu,patch_nearest_normal,last2,14,0.05,False,,,0.00017178402049466968,0.000230512705456835,False,True,True,False
2026-08-16 20:24:01,adapter_ctta,tile,monitor,C:/cira_batch_test/tile/good_14.png,good_14.png,normal,False,0.04280640929937363,0.04287957400083542,0.06531576363636363,0.06531576363636363,0.05311408117413522,False,False,16000,True,0.00018102573812939227,True,0.002595280297100544,cpu,patch_nearest_normal,last2,14,0.05,False,,,0.0001741193700581789,0.000230512705456835,True,True,True,False
2026-08-16 20:24:03,adapter_ctta,toothbrush,monitor,C:/cira_batch_test/toothbrush/good_1.png,good_1.png,normal,False,0.051045335829257965,0.051045335829257965,0.0701888715806552,0.0701888715806552,0.0501871842890978,False,False,9408,False,,False,0.0,cpu,patch_nearest_normal,last2,14,0.05,False,,,0.0001185893124784343,0.00012676088372241001,False,True,True,False
2026-08-16 20:24:04,adapter_ctta,toothbrush,monitor,C:/cira_batch_test/toothbrush/bad_16.png,bad_16.png,anomaly,True,0.3498750329017639,0.3498750329017639,0.0701888715806552,0.0701888715806552,0.0501871842890978,False,False,9408,False,,False,0.0,cpu,patch_nearest_normal,last2,14,0.05,False,,,0.00011506288137752563,0.00012676088372241001,False,True,True,False
2026-08-16 20:24:06,adapter_ctta,toothbrush,monitor,C:/cira_batch_test/toothbrush/bad_20.png,bad_20.png,anomaly,True,0.3277304172515869,0.3277304172515869,0.0701888715806552,0.0701888715806552,0.0501871842890978,False,False,9408,False,,False,0.0,cpu,patch_nearest_normal,last2,14,0.05,False,,,0.00013742920418735594,0.00012676088372241001,False,False,True,False
2026-08-16 20:24:07,adapter_ctta,toothbrush,monitor,C:/cira_batch_test/toothbrush/bad_12.png,bad_12.png,anomaly,True,0.3752124011516571,0.3752124011516571,0.0701888715806552,0.0701888715806552,0.0501871842890978,False,False,9408,False,,False,0.0,cpu,patch_nearest_normal,last2,14,0.05,False,,,0.00012217274343129247,0.00012676088372241001,False,True,True,False
2026-08-16 20:24:09,adapter_ctta,toothbrush,monitor,C:/cira_batch_test/toothbrush/good_17.png,good_17.png,normal,False,0.019736070185899734,0.01972103677690029,0.0701888715806552,0.0701888715806552,0.0501871842890978,False,False,9408,True,0.00012425371096469462,True,0.0030225024092942476,cpu,patch_nearest_normal,last2,14,0.05,False,,,0.00010905676754191518,0.00012676088372241001,True,True,True,False
2026-08-16 20:24:11,adapter_ctta,toothbrush,monitor,C:/cira_batch_test/toothbrush/bad_9.png,bad_9.png,normal,False,0.04941236227750778,0.04939856007695198,0.0701888715806552,0.0701888715806552,0.0501871842890978,False,False,9408,True,0.00012332906771916896,True,0.0027141280006617308,cpu,patch_nearest_normal,last2,14,0.05,False,,,0.00010624912101775408,0.00012676088372241001,True,True,True,False
2026-08-16 20:24:13,adapter_ctta,toothbrush,monitor,C:/cira_batch_test/toothbrush/bad_18.png,bad_18.png,anomaly,True,0.27119287848472595,0.27119287848472595,0.0701888715806552,0.0701888715806552,0.0501871842890978,False,False,9408,False,,False,0.0,cpu,patch_nearest_normal,last2,14,0.05,False,,,0.00012249531573615968,0.00012676088372241001,False,True,True,False
2026-08-16 20:24:14,adapter_ctta,toothbrush,monitor,C:/cira_batch_test/toothbrush/bad_13.png,bad_13.png,normal,False,0.05638407543301582,0.05638407543301582,0.0701888715806552,0.0701888715806552,0.0501871842890978,False,False,9408,False,,False,0.0,cpu,patch_nearest_normal,last2,14,0.05,False,,,0.0001115271879825741,0.00012676088372241001,False,True,True,False
2026-08-16 20:24:16,adapter_ctta,toothbrush,monitor,C:/cira_batch_test/toothbrush/bad_2.png,bad_2.png,normal,False,0.06768696010112762,0.06768696010112762,0.0701888715806552,0.0701888715806552,0.0501871842890978,False,False,9408,False,,False,0.0,cpu,patch_nearest_normal,last2,14,0.05,False,,,0.00010963022941723466,0.00012676088372241001,False,True,True,False
2026-08-16 20:24:17,adapter_ctta,toothbrush,monitor,C:/cira_batch_test/toothbrush/good_6.png,good_6.png,normal,False,0.0487595796585083,0.048722635954618454,0.0701888715806552,0.0701888715806552,0.0501871842890978,False,False,9408,True,0.00012709024304058403,True,0.0026668079663068056,cpu,patch_nearest_normal,last2,14,0.05,False,,,0.00012112386320950463,0.00012676088372241001,True,True,True,False
2026-08-16 20:24:19,adapter_ctta,toothbrush,monitor,C:/cira_batch_test/toothbrush/good_10.png,good_10.png,anomaly,True,0.07878038287162781,0.07878038287162781,0.0701888715806552,0.0701888715806552,0.0501871842890978,False,False,9408,False,,False,0.0,cpu,patch_nearest_normal,last2,14,0.05,False,,,0.00012724810221698135,0.00012676088372241001,False,False,True,False
2026-08-16 20:24:20,adapter_ctta,toothbrush,monitor,C:/cira_batch_test/toothbrush/good_7.png,good_7.png,normal,False,0.06084943562746048,0.06084943562746048,0.0701888715806552,0.0701888715806552,0.0501871842890978,False,False,9408,False,,False,0.0,cpu,patch_nearest_normal,last2,14,0.05,False,,,0.00013581462553702295,0.00012676088372241001,False,False,True,False
2026-08-16 20:24:22,adapter_ctta,toothbrush,monitor,C:/cira_batch_test/toothbrush/bad_8.png,bad_8.png,anomaly,True,0.35515522956848145,0.35515522956848145,0.0701888715806552,0.0701888715806552,0.0501871842890978,False,False,9408,False,,False,0.0,cpu,patch_nearest_normal,last2,14,0.05,False,,,0.00011980655108345672,0.00012676088372241001,False,True,True,False
2026-08-16 20:24:24,adapter_ctta,toothbrush,monitor,C:/cira_batch_test/toothbrush/bad_10.png,bad_10.png,anomaly,True,0.14164838194847107,0.14164838194847107,0.0701888715806552,0.0701888715806552,0.0501871842890978,False,False,9408,False,,False,0.0,cpu,patch_nearest_normal,last2,14,0.05,False,,,0.00012183127546450123,0.00012676088372241001,False,True,True,False
2026-08-16 20:24:25,adapter_ctta,toothbrush,monitor,C:/cira_batch_test/toothbrush/good_4.png,good_4.png,normal,False,0.04795924946665764,0.04794616252183914,0.0701888715806552,0.0701888715806552,0.0501871842890978,False,False,9408,True,0.00013237568782642484,True,0.0026043641846626997,cpu,patch_nearest_normal,last2,14,0.05,False,,,0.00011783959052991122,0.00012676088372241001,True,True,True,False
2026-08-16 20:24:27,adapter_ctta,toothbrush,monitor,C:/cira_batch_test/toothbrush/bad_5.png,bad_5.png,normal,False,0.05611737444996834,0.05611737444996834,0.0701888715806552,0.0701888715806552,0.0501871842890978,False,False,9408,False,,False,0.0,cpu,patch_nearest_normal,last2,14,0.05,False,,,0.00012003198935417458,0.00012676088372241001,False,True,True,False
2026-08-16 20:24:29,adapter_ctta,toothbrush,monitor,C:/cira_batch_test/toothbrush/good_20.png,good_20.png,normal,False,0.018425846472382545,0.0184297077357769,0.0701888715806552,0.0701888715806552,0.0501871842890978,False,False,9408,True,0.00012310667079873383,True,0.0025872932747006416,cpu,patch_nearest_normal,last2,14,0.05,False,,,0.00011224649642826989,0.00012676088372241001,True,True,True,False
2026-08-16 20:24:30,adapter_ctta,toothbrush,monitor,C:/cira_batch_test/toothbrush/good_18.png,good_18.png,normal,False,0.04653871804475784,0.04653424024581909,0.0701888715806552,0.0701888715806552,0.0501871842890978,False,False,9408,True,0.00012176185555290431,True,0.002566753188148141,cpu,patch_nearest_normal,last2,14,0.05,False,,,0.0001184259308502078,0.00012676088372241001,True,True,True,False
2026-08-16 20:24:32,adapter_ctta,toothbrush,monitor,C:/cira_batch_test/toothbrush/good_11.png,good_11.png,normal,False,0.05348069593310356,0.05348069593310356,0.0701888715806552,0.0701888715806552,0.0501871842890978,False,False,9408,False,,False,0.0,cpu,patch_nearest_normal,last2,14,0.05,False,,,0.00011705800716299564,0.00012676088372241001,False,True,True,False
2026-08-16 20:24:34,adapter_ctta,toothbrush,monitor,C:/cira_batch_test/toothbrush/good_9.png,good_9.png,normal,False,0.04536589980125427,0.04535513371229172,0.0701888715806552,0.0701888715806552,0.0501871842890978,False,False,9408,True,0.0001256120449397713,True,0.002545739756897092,cpu,patch_nearest_normal,last2,14,0.05,False,,,0.00012025404430460185,0.00012676088372241001,True,True,True,False
2026-08-16 20:24:36,adapter_ctta,toothbrush,monitor,C:/cira_batch_test/toothbrush/good_16.png,good_16.png,normal,False,0.044527482241392136,0.04450827091932297,0.0701888715806552,0.0701888715806552,0.0501871842890978,False,False,9408,True,0.00012994359713047743,True,0.0025513246655464172,cpu,patch_nearest_normal,last2,14,0.05,False,,,0.00011284925130894408,0.00012676088372241001,True,True,True,False
2026-08-16 20:24:37,adapter_ctta,toothbrush,monitor,C:/cira_batch_test/toothbrush/bad_7.png,bad_7.png,anomaly,True,0.13643860816955566,0.13643860816955566,0.0701888715806552,0.0701888715806552,0.0501871842890978,False,False,9408,False,,False,0.0,cpu,patch_nearest_normal,last2,14,0.05,False,,,0.00011450052261352539,0.00012676088372241001,False,True,True,False
2026-08-16 20:24:39,adapter_ctta,toothbrush,monitor,C:/cira_batch_test/toothbrush/good_13.png,good_13.png,normal,False,0.056158311665058136,0.056158311665058136,0.0701888715806552,0.0701888715806552,0.0501871842890978,False,False,9408,False,,False,0.0,cpu,patch_nearest_normal,last2,14,0.05,False,,,0.00011814627214334905,0.00012676088372241001,False,True,True,False
2026-08-16 20:24:41,adapter_ctta,toothbrush,monitor,C:/cira_batch_test/toothbrush/good_5.png,good_5.png,normal,False,0.018377631902694702,0.018386339768767357,0.0701888715806552,0.0701888715806552,0.0501871842890978,False,False,9408,True,0.00012104657798772678,True,0.0025404258631169796,cpu,patch_nearest_normal,last2,14,0.05,False,,,0.00011032308248104528,0.00012676088372241001,True,True,True,False
2026-08-16 20:24:42,adapter_ctta,toothbrush,monitor,C:/cira_batch_test/toothbrush/good_2.png,good_2.png,normal,False,0.061812471598386765,0.061812471598386765,0.0701888715806552,0.0701888715806552,0.0501871842890978,False,False,9408,False,,False,0.0,cpu,patch_nearest_normal,last2,14,0.05,False,,,0.00011082431592512876,0.00012676088372241001,False,True,True,False
2026-08-16 20:24:44,adapter_ctta,toothbrush,monitor,C:/cira_batch_test/toothbrush/bad_6.png,bad_6.png,normal,False,0.056131601333618164,0.056131601333618164,0.0701888715806552,0.0701888715806552,0.0501871842890978,False,False,9408,False,,False,0.0,cpu,patch_nearest_normal,last2,14,0.05,False,,,0.00011489538155728951,0.00012676088372241001,False,True,True,False
2026-08-16 20:24:45,adapter_ctta,toothbrush,monitor,C:/cira_batch_test/toothbrush/bad_14.png,bad_14.png,anomaly,True,0.2571849524974823,0.2571849524974823,0.0701888715806552,0.0701888715806552,0.0501871842890978,False,False,9408,False,,False,0.0,cpu,patch_nearest_normal,last2,14,0.05,False,,,0.00011546016321517527,0.00012676088372241001,False,True,True,False
2026-08-16 20:24:47,adapter_ctta,toothbrush,monitor,C:/cira_batch_test/toothbrush/good_3.png,good_3.png,normal,False,0.040133047848939896,0.04013335704803467,0.0701888715806552,0.0701888715806552,0.0501871842890978,False,False,9408,True,0.000126773098600097,True,0.0025425837375223637,cpu,patch_nearest_normal,last2,14,0.05,True,C:\cira_ttl_checkpoints\toothbrush\patch_memory_bank_update_10.pt,C:\cira_ttl_checkpoints\toothbrush\patch_adapter_update_10.pt,0.00011666151112876832,0.00012676088372241001,True,True,True,False
2026-08-16 20:24:49,adapter_ctta,toothbrush,monitor,C:/cira_batch_test/toothbrush/bad_4.png,bad_4.png,anomaly,True,0.07326456904411316,0.07326456904411316,0.0701888715806552,0.0701888715806552,0.0501871842890978,False,False,9408,False,,False,0.0,cpu,patch_nearest_normal,last2,14,0.05,False,,,0.00010369234223617241,0.00012676088372241001,False,True,True,False
2026-08-16 20:24:50,adapter_ctta,toothbrush,monitor,C:/cira_batch_test/toothbrush/bad_15.png,bad_15.png,normal,False,0.06411240994930267,0.06411240994930267,0.0701888715806552,0.0701888715806552,0.0501871842890978,False,False,9408,False,,False,0.0,cpu,patch_nearest_normal,last2,14,0.05,False,,,0.00012290256563574076,0.00012676088372241001,False,True,True,False
2026-08-16 20:24:52,adapter_ctta,toothbrush,monitor,C:/cira_batch_test/toothbrush/good_8.png,good_8.png,anomaly,True,0.07640130817890167,0.07640130817890167,0.0701888715806552,0.0701888715806552,0.0501871842890978,False,False,9408,False,,False,0.0,cpu,patch_nearest_normal,last2,14,0.05,False,,,0.0001262607256649062,0.00012676088372241001,False,True,True,False
2026-08-16 20:24:53,adapter_ctta,toothbrush,monitor,C:/cira_batch_test/toothbrush/bad_3.png,bad_3.png,anomaly,True,0.134946808218956,0.134946808218956,0.0701888715806552,0.0701888715806552,0.0501871842890978,False,False,9408,False,,False,0.0,cpu,patch_nearest_normal,last2,14,0.05,False,,,0.00011325507512083277,0.00012676088372241001,False,True,True,False
2026-08-16 20:24:55,adapter_ctta,toothbrush,monitor,C:/cira_batch_test/toothbrush/bad_11.png,bad_11.png,anomaly,True,0.278148353099823,0.278148353099823,0.0701888715806552,0.0701888715806552,0.0501871842890978,False,False,9408,False,,False,0.0,cpu,patch_nearest_normal,last2,14,0.05,False,,,0.00011474636994535103,0.00012676088372241001,False,True,True,False
2026-08-16 20:24:57,adapter_ctta,toothbrush,monitor,C:/cira_batch_test/toothbrush/good_19.png,good_19.png,normal,False,0.018626153469085693,0.018620366230607033,0.0701888715806552,0.0701888715806552,0.0501871842890978,False,False,9408,True,0.00012259144568815827,True,0.0025303331203758717,cpu,patch_nearest_normal,last2,14,0.05,False,,,0.00011507685849210247,0.00012676088372241001,True,True,True,False
2026-08-16 20:24:58,adapter_ctta,toothbrush,monitor,C:/cira_batch_test/toothbrush/good_12.png,good_12.png,normal,False,0.059735022485256195,0.059735022485256195,0.0701888715806552,0.0701888715806552,0.0501871842890978,False,False,9408,False,,False,0.0,cpu,patch_nearest_normal,last2,14,0.05,False,,,0.00012160233018221334,0.00012676088372241001,False,True,True,False
2026-08-16 20:25:00,adapter_ctta,toothbrush,monitor,C:/cira_batch_test/toothbrush/good_15.png,good_15.png,normal,False,0.05032501369714737,0.05032501369714737,0.0701888715806552,0.0701888715806552,0.0501871842890978,False,False,9408,False,,False,0.0,cpu,patch_nearest_normal,last2,14,0.05,False,,,0.00011557243851711974,0.00012676088372241001,False,True,True,False
2026-08-16 20:25:02,adapter_ctta,toothbrush,monitor,C:/cira_batch_test/toothbrush/bad_17.png,bad_17.png,anomaly,True,0.2625458538532257,0.2625458538532257,0.0701888715806552,0.0701888715806552,0.0501871842890978,False,False,9408,False,,False,0.0,cpu,patch_nearest_normal,last2,14,0.05,False,,,0.00011533234646776691,0.00012676088372241001,False,True,True,False
2026-08-16 20:25:03,adapter_ctta,toothbrush,monitor,C:/cira_batch_test/toothbrush/bad_19.png,bad_19.png,anomaly,True,0.07822616398334503,0.07822616398334503,0.0701888715806552,0.0701888715806552,0.0501871842890978,False,False,9408,False,,False,0.0,cpu,patch_nearest_normal,last2,14,0.05,False,,,0.00012089966185158119,0.00012676088372241001,False,True,True,False
2026-08-16 20:25:05,adapter_ctta,toothbrush,monitor,C:/cira_batch_test/toothbrush/bad_1.png,bad_1.png,anomaly,True,0.295006662607193,0.295006662607193,0.0701888715806552,0.0701888715806552,0.0501871842890978,False,False,9408,False,,False,0.0,cpu,patch_nearest_normal,last2,14,0.05,False,,,9.990044782171026e-05,0.00012676088372241001,False,True,True,False
2026-08-16 20:25:06,adapter_ctta,toothbrush,monitor,C:/cira_batch_test/toothbrush/good_14.png,good_14.png,normal,False,0.0692078024148941,0.0692078024148941,0.0701888715806552,0.0701888715806552,0.0501871842890978,False,False,9408,False,,False,0.0,cpu,patch_nearest_normal,last2,14,0.05,False,,,0.00011575014650588855,0.00012676088372241001,False,True,True,False
2026-08-16 20:25:08,adapter_ctta,transistor,monitor,C:/cira_batch_test/transistor/good_1.png,good_1.png,normal,False,0.05782352015376091,0.05777500942349434,0.08374595860198465,0.08374595860198465,0.075458013266325,False,False,16000,True,0.00018007089965976775,True,0.0030224367510527372,cpu,patch_nearest_normal,last2,14,0.05,False,,,0.00016557861818000674,0.000183458399987945,True,True,True,False
2026-08-16 20:25:10,adapter_ctta,transistor,monitor,C:/cira_batch_test/transistor/bad_16.png,bad_16.png,anomaly,True,0.18008223176002502,0.18008223176002502,0.08374595860198465,0.08374595860198465,0.075458013266325,False,False,16000,False,,False,0.0,cpu,patch_nearest_normal,last2,14,0.05,False,,,0.00017116621893364936,0.000183458399987945,False,True,True,False
2026-08-16 20:25:11,adapter_ctta,transistor,monitor,C:/cira_batch_test/transistor/bad_20.png,bad_20.png,anomaly,True,0.2927699685096741,0.2927699685096741,0.08374595860198465,0.08374595860198465,0.075458013266325,False,False,16000,False,,False,0.0,cpu,patch_nearest_normal,last2,14,0.05,False,,,0.00019486286328174174,0.000183458399987945,False,False,True,False
2026-08-16 20:25:13,adapter_ctta,transistor,monitor,C:/cira_batch_test/transistor/bad_12.png,bad_12.png,anomaly,True,0.2523791193962097,0.2523791193962097,0.08374595860198465,0.08374595860198465,0.075458013266325,False,False,16000,False,,False,0.0,cpu,patch_nearest_normal,last2,14,0.05,False,,,0.0001435698359273374,0.000183458399987945,False,True,True,False
2026-08-16 20:25:15,adapter_ctta,transistor,monitor,C:/cira_batch_test/transistor/good_17.png,good_17.png,normal,False,0.05828671529889107,0.05824830383062363,0.08374595860198465,0.08374595860198465,0.075458013266325,False,False,16000,True,0.00018707405251916498,True,0.0027312536258250475,cpu,patch_nearest_normal,last2,14,0.05,False,,,0.00016706794849596918,0.000183458399987945,True,True,True,False
2026-08-16 20:25:16,adapter_ctta,transistor,monitor,C:/cira_batch_test/transistor/bad_9.png,bad_9.png,anomaly,True,0.1320420503616333,0.1320420503616333,0.08374595860198465,0.08374595860198465,0.075458013266325,False,False,16000,False,,False,0.0,cpu,patch_nearest_normal,last2,14,0.05,False,,,0.0001726137998048216,0.000183458399987945,False,True,True,False
2026-08-16 20:25:18,adapter_ctta,transistor,monitor,C:/cira_batch_test/transistor/bad_18.png,bad_18.png,anomaly,True,0.14857053756713867,0.14857053756713867,0.08374595860198465,0.08374595860198465,0.075458013266325,False,False,16000,False,,False,0.0,cpu,patch_nearest_normal,last2,14,0.05,False,,,0.00017195913824252784,0.000183458399987945,False,True,True,False
2026-08-16 20:25:20,adapter_ctta,transistor,monitor,C:/cira_batch_test/transistor/bad_13.png,bad_13.png,anomaly,True,0.10973374545574188,0.10973374545574188,0.08374595860198465,0.08374595860198465,0.075458013266325,False,False,16000,False,,False,0.0,cpu,patch_nearest_normal,last2,14,0.05,False,,,0.00017591104551684111,0.000183458399987945,False,True,True,False
2026-08-16 20:25:21,adapter_ctta,transistor,monitor,C:/cira_batch_test/transistor/bad_2.png,bad_2.png,anomaly,True,0.2066085785627365,0.2066085785627365,0.08374595860198465,0.08374595860198465,0.075458013266325,False,False,16000,False,,False,0.0,cpu,patch_nearest_normal,last2,14,0.05,False,,,0.00017141633725259453,0.000183458399987945,False,True,True,False
2026-08-16 20:25:23,adapter_ctta,transistor,monitor,C:/cira_batch_test/transistor/good_6.png,good_6.png,normal,False,0.06809855997562408,0.06809855997562408,0.08374595860198465,0.08374595860198465,0.075458013266325,False,False,16000,False,,False,0.0,cpu,patch_nearest_normal,last2,14,0.05,False,,,0.0001876457972684875,0.000183458399987945,True,False,True,False
2026-08-16 20:25:25,adapter_ctta,transistor,monitor,C:/cira_batch_test/transistor/good_10.png,good_10.png,normal,False,0.07574462890625,0.07574462890625,0.08374595860198465,0.08374595860198465,0.075458013266325,False,False,16000,False,,False,0.0,cpu,patch_nearest_normal,last2,14,0.05,False,,,0.000164410361321643,0.000183458399987945,False,True,True,False
2026-08-16 20:25:26,adapter_ctta,transistor,monitor,C:/cira_batch_test/transistor/good_7.png,good_7.png,normal,False,0.07231847941875458,0.07226414233446121,0.08374595860198465,0.08374595860198465,0.075458013266325,False,False,16000,True,0.00019055887241847813,True,0.002607471775263548,cpu,patch_nearest_normal,last2,14,0.05,False,,,0.00017901540559250861,0.000183458399987945,True,True,True,False
2026-08-16 20:25:28,adapter_ctta,transistor,monitor,C:/cira_batch_test/transistor/bad_8.png,bad_8.png,anomaly,True,0.17334680259227753,0.17334680259227753,0.08374595860198465,0.08374595860198465,0.075458013266325,False,False,16000,False,,False,0.0,cpu,patch_nearest_normal,last2,14,0.05,False,,,0.00017043233674485236,0.000183458399987945,False,True,True,False
2026-08-16 20:25:30,adapter_ctta,transistor,monitor,C:/cira_batch_test/transistor/bad_10.png,bad_10.png,anomaly,True,0.13241459429264069,0.13241459429264069,0.08374595860198465,0.08374595860198465,0.075458013266325,False,False,16000,False,,False,0.0,cpu,patch_nearest_normal,last2,14,0.05,False,,,0.00015954294940456748,0.000183458399987945,False,True,True,False
2026-08-16 20:25:32,adapter_ctta,transistor,monitor,C:/cira_batch_test/transistor/good_4.png,good_4.png,normal,False,0.06410489976406097,0.06408466398715973,0.08374595860198465,0.08374595860198465,0.075458013266325,False,False,16000,True,0.00018764274136628956,True,0.002596056554466486,cpu,patch_nearest_normal,last2,14,0.05,False,,,0.0001721357402857393,0.000183458399987945,True,True,True,False
2026-08-16 20:25:33,adapter_ctta,transistor,monitor,C:/cira_batch_test/transistor/bad_5.png,bad_5.png,anomaly,True,0.11690311133861542,0.11690311133861542,0.08374595860198465,0.08374595860198465,0.075458013266325,False,False,16000,False,,False,0.0,cpu,patch_nearest_normal,last2,14,0.05,False,,,0.00018623429059516639,0.000183458399987945,False,False,True,False
2026-08-16 20:25:35,adapter_ctta,transistor,monitor,C:/cira_batch_test/transistor/good_20.png,good_20.png,normal,False,0.07438308000564575,0.07434575259685516,0.08374595860198465,0.08374595860198465,0.075458013266325,False,False,16000,True,0.00018902054580394179,True,0.002589554525911808,cpu,patch_nearest_normal,last2,14,0.05,False,,,0.00017327659588772804,0.000183458399987945,True,True,True,False
2026-08-16 20:25:37,adapter_ctta,transistor,monitor,C:/cira_batch_test/transistor/good_18.png,good_18.png,normal,False,0.06867780536413193,0.06864786893129349,0.08374595860198465,0.08374595860198465,0.075458013266325,False,False,16000,True,0.00019849985255859792,True,0.002580399392172694,cpu,patch_nearest_normal,last2,14,0.05,False,,,0.00017189102072734386,0.000183458399987945,True,True,True,False
2026-08-16 20:25:39,adapter_ctta,transistor,monitor,C:/cira_batch_test/transistor/good_11.png,good_11.png,normal,False,0.06746622920036316,0.06744341552257538,0.08374595860198465,0.08374595860198465,0.075458013266325,False,False,16000,True,0.00019772470113821328,True,0.002571403281763196,cpu,patch_nearest_normal,last2,14,0.05,False,,,0.00018121415632776916,0.000183458399987945,True,True,True,False
2026-08-16 20:25:40,adapter_ctta,transistor,monitor,C:/cira_batch_test/transistor/good_9.png,good_9.png,normal,False,0.07629651576280594,0.07629651576280594,0.08374595860198465,0.08374595860198465,0.075458013266325,False,False,16000,False,,False,0.0,cpu,patch_nearest_normal,last2,14,0.05,False,,,0.00018907619232777506,0.000183458399987945,False,False,True,False
2026-08-16 20:25:42,adapter_ctta,transistor,monitor,C:/cira_batch_test/transistor/good_16.png,good_16.png,normal,False,0.0750432088971138,0.0750432088971138,0.08374595860198465,0.08374595860198465,0.075458013266325,False,False,16000,False,,False,0.0,cpu,patch_nearest_normal,last2,14,0.05,False,,,0.00019640034588519484,0.000183458399987945,True,False,True,False
2026-08-16 20:25:44,adapter_ctta,transistor,monitor,C:/cira_batch_test/transistor/bad_7.png,bad_7.png,anomaly,True,0.1330140084028244,0.1330140084028244,0.08374595860198465,0.08374595860198465,0.075458013266325,False,False,16000,False,,False,0.0,cpu,patch_nearest_normal,last2,14,0.05,False,,,0.00017384458624292165,0.000183458399987945,False,True,True,False
2026-08-16 20:25:46,adapter_ctta,transistor,monitor,C:/cira_batch_test/transistor/good_13.png,good_13.png,normal,False,0.059199851006269455,0.05917750671505928,0.08374595860198465,0.08374595860198465,0.075458013266325,False,False,16000,True,0.00020056359062436968,True,0.002563048852607608,cpu,patch_nearest_normal,last2,14,0.05,False,,,0.0001736447447910905,0.000183458399987945,True,True,True,False
2026-08-16 20:25:47,adapter_ctta,transistor,monitor,C:/cira_batch_test/transistor/good_5.png,good_5.png,normal,False,0.06884285807609558,0.06883767247200012,0.08374595860198465,0.08374595860198465,0.075458013266325,False,False,16000,True,0.0001940770453074947,True,0.0025524047669023275,cpu,patch_nearest_normal,last2,14,0.05,False,,,0.0001807218650355935,0.000183458399987945,True,True,True,False
2026-08-16 20:25:49,adapter_ctta,transistor,monitor,C:/cira_batch_test/transistor/good_2.png,good_2.png,normal,False,0.08230198919773102,0.08230198919773102,0.08374595860198465,0.08374595860198465,0.075458013266325,False,False,16000,False,,False,0.0,cpu,patch_nearest_normal,last2,14,0.05,False,,,0.00015621079364791512,0.000183458399987945,False,True,True,False
2026-08-16 20:25:51,adapter_ctta,transistor,monitor,C:/cira_batch_test/transistor/bad_6.png,bad_6.png,anomaly,True,0.09212567657232285,0.09212567657232285,0.08374595860198465,0.08374595860198465,0.075458013266325,False,False,16000,False,,False,0.0,cpu,patch_nearest_normal,last2,14,0.05,False,,,0.00016817051800899208,0.000183458399987945,False,True,True,False
2026-08-16 20:25:52,adapter_ctta,transistor,monitor,C:/cira_batch_test/transistor/bad_14.png,bad_14.png,anomaly,True,0.10440727323293686,0.10440727323293686,0.08374595860198465,0.08374595860198465,0.075458013266325,False,False,16000,False,,False,0.0,cpu,patch_nearest_normal,last2,14,0.05,False,,,0.00016800624143797904,0.000183458399987945,False,True,True,False
2026-08-16 20:25:54,adapter_ctta,transistor,monitor,C:/cira_batch_test/transistor/good_3.png,good_3.png,anomaly,True,0.0845361053943634,0.0845361053943634,0.08374595860198465,0.08374595860198465,0.075458013266325,False,False,16000,False,,False,0.0,cpu,patch_nearest_normal,last2,14,0.05,False,,,0.00014711539552081376,0.000183458399987945,False,True,True,False
2026-08-16 20:25:56,adapter_ctta,transistor,monitor,C:/cira_batch_test/transistor/bad_4.png,bad_4.png,anomaly,True,0.09136614948511124,0.09136614948511124,0.08374595860198465,0.08374595860198465,0.075458013266325,False,False,16000,False,,False,0.0,cpu,patch_nearest_normal,last2,14,0.05,False,,,0.0001276712428079918,0.000183458399987945,False,True,True,False
2026-08-16 20:25:57,adapter_ctta,transistor,monitor,C:/cira_batch_test/transistor/bad_15.png,bad_15.png,anomaly,True,0.09736059606075287,0.09736059606075287,0.08374595860198465,0.08374595860198465,0.075458013266325,False,False,16000,False,,False,0.0,cpu,patch_nearest_normal,last2,14,0.05,False,,,0.00016232742927968502,0.000183458399987945,False,True,True,False
2026-08-16 20:25:59,adapter_ctta,transistor,monitor,C:/cira_batch_test/transistor/good_8.png,good_8.png,normal,False,0.05975589156150818,0.05975186079740524,0.08374595860198465,0.08374595860198465,0.075458013266325,False,False,16000,True,0.00018210547568742186,True,0.0025477330200374126,cpu,patch_nearest_normal,last2,14,0.05,True,C:\cira_ttl_checkpoints\transistor\patch_memory_bank_update_10.pt,C:\cira_ttl_checkpoints\transistor\patch_adapter_update_10.pt,0.00017125184240285307,0.000183458399987945,True,True,True,False
2026-08-16 20:26:01,adapter_ctta,transistor,monitor,C:/cira_batch_test/transistor/bad_3.png,bad_3.png,anomaly,True,0.10186388343572617,0.10186388343572617,0.08374595860198465,0.08374595860198465,0.075458013266325,False,False,16000,False,,False,0.0,cpu,patch_nearest_normal,last2,14,0.05,False,,,0.00016332950326614082,0.000183458399987945,False,True,True,False
2026-08-16 20:26:02,adapter_ctta,transistor,monitor,C:/cira_batch_test/transistor/bad_11.png,bad_11.png,normal,False,0.076356902718544,0.076356902718544,0.08374595860198465,0.08374595860198465,0.075458013266325,False,False,16000,False,,False,0.0,cpu,patch_nearest_normal,last2,14,0.05,False,,,0.00017509727331344038,0.000183458399987945,False,True,True,False
2026-08-16 20:26:04,adapter_ctta,transistor,monitor,C:/cira_batch_test/transistor/good_19.png,good_19.png,normal,False,0.07805345952510834,0.07805345952510834,0.08374595860198465,0.08374595860198465,0.075458013266325,False,False,16000,False,,False,0.0,cpu,patch_nearest_normal,last2,14,0.05,False,,,0.00015472272934857756,0.000183458399987945,False,True,True,False
2026-08-16 20:26:06,adapter_ctta,transistor,monitor,C:/cira_batch_test/transistor/good_12.png,good_12.png,normal,False,0.06126675754785538,0.06126675754785538,0.08374595860198465,0.08374595860198465,0.075458013266325,False,False,16000,False,,False,0.0,cpu,patch_nearest_normal,last2,14,0.05,False,,,0.00019000223255716264,0.000183458399987945,True,False,True,False
2026-08-16 20:26:07,adapter_ctta,transistor,monitor,C:/cira_batch_test/transistor/good_15.png,good_15.png,normal,False,0.07371792942285538,0.0737030953168869,0.08374595860198465,0.08374595860198465,0.075458013266325,False,False,16000,True,0.00018675945466384292,True,0.0025430452078580856,cpu,patch_nearest_normal,last2,14,0.05,False,,,0.00017645843036007136,0.000183458399987945,True,True,True,False
2026-08-16 20:26:09,adapter_ctta,transistor,monitor,C:/cira_batch_test/transistor/bad_17.png,bad_17.png,anomaly,True,0.20541636645793915,0.20541636645793915,0.08374595860198465,0.08374595860198465,0.075458013266325,False,False,16000,False,,False,0.0,cpu,patch_nearest_normal,last2,14,0.05,False,,,0.0001730971271172166,0.000183458399987945,False,True,True,False
2026-08-16 20:26:11,adapter_ctta,transistor,monitor,C:/cira_batch_test/transistor/bad_19.png,bad_19.png,anomaly,True,0.09931046515703201,0.09931046515703201,0.08374595860198465,0.08374595860198465,0.075458013266325,False,False,16000,False,,False,0.0,cpu,patch_nearest_normal,last2,14,0.05,False,,,0.00016116617189254612,0.000183458399987945,False,True,True,False
2026-08-16 20:26:12,adapter_ctta,transistor,monitor,C:/cira_batch_test/transistor/bad_1.png,bad_1.png,anomaly,True,0.12119220197200775,0.12119220197200775,0.08374595860198465,0.08374595860198465,0.075458013266325,False,False,16000,False,,False,0.0,cpu,patch_nearest_normal,last2,14,0.05,False,,,0.00016117760969791561,0.000183458399987945,False,True,True,False
2026-08-16 20:26:14,adapter_ctta,transistor,monitor,C:/cira_batch_test/transistor/good_14.png,good_14.png,normal,False,0.06520930677652359,0.06520930677652359,0.08374595860198465,0.08374595860198465,0.075458013266325,False,False,16000,False,,False,0.0,cpu,patch_nearest_normal,last2,14,0.05,False,,,0.0001876399473985657,0.000183458399987945,True,False,True,False
2026-08-16 20:26:16,adapter_ctta,wood,monitor,C:/cira_batch_test/wood/good_1.png,good_1.png,normal,False,0.035984765738248825,0.035952746868133545,0.04761727861349719,0.04761727861349719,0.037343646213412296,False,False,16000,True,9.32428301894106e-05,True,0.0029556311201304197,cpu,patch_nearest_normal,last2,14,0.05,False,,,8.237808651756495e-05,0.00010775983100752,True,True,True,False
2026-08-16 20:26:18,adapter_ctta,wood,monitor,C:/cira_batch_test/wood/bad_16.png,bad_16.png,anomaly,True,0.21783609688282013,0.21783609688282013,0.04761727861349719,0.04761727861349719,0.037343646213412296,False,False,16000,False,,False,0.0,cpu,patch_nearest_normal,last2,14,0.05,False,,,7.806468056514859e-05,0.00010775983100752,False,True,True,False
2026-08-16 20:26:19,adapter_ctta,wood,monitor,C:/cira_batch_test/wood/bad_20.png,bad_20.png,anomaly,True,0.1708604395389557,0.1708604395389557,0.04761727861349719,0.04761727861349719,0.037343646213412296,False,False,16000,False,,False,0.0,cpu,patch_nearest_normal,last2,14,0.05,False,,,0.00010038659820565954,0.00010775983100752,False,True,True,False
2026-08-16 20:26:21,adapter_ctta,wood,monitor,C:/cira_batch_test/wood/bad_12.png,bad_12.png,anomaly,True,0.18327423930168152,0.18327423930168152,0.04761727861349719,0.04761727861349719,0.037343646213412296,False,False,16000,False,,False,0.0,cpu,patch_nearest_normal,last2,14,0.05,False,,,0.0001387030933983624,0.00010775983100752,False,False,True,False
2026-08-16 20:26:22,adapter_ctta,wood,monitor,C:/cira_batch_test/wood/good_17.png,good_17.png,normal,False,0.04231109097599983,0.04231109097599983,0.04761727861349719,0.04761727861349719,0.037343646213412296,False,False,16000,False,,False,0.0,cpu,patch_nearest_normal,last2,14,0.05,False,,,9.970123937819153e-05,0.00010775983100752,False,True,True,False
2026-08-16 20:26:24,adapter_ctta,wood,monitor,C:/cira_batch_test/wood/bad_9.png,bad_9.png,anomaly,True,0.21408911049365997,0.21408911049365997,0.04761727861349719,0.04761727861349719,0.037343646213412296,False,False,16000,False,,False,0.0,cpu,patch_nearest_normal,last2,14,0.05,False,,,7.772502431180328e-05,0.00010775983100752,False,True,True,False
2026-08-16 20:26:26,adapter_ctta,wood,monitor,C:/cira_batch_test/wood/bad_18.png,bad_18.png,anomaly,True,0.39865216612815857,0.39865216612815857,0.04761727861349719,0.04761727861349719,0.037343646213412296,False,False,16000,False,,False,0.0,cpu,patch_nearest_normal,last2,14,0.05,False,,,7.99615154392086e-05,0.00010775983100752,False,True,True,False
2026-08-16 20:26:27,adapter_ctta,wood,monitor,C:/cira_batch_test/wood/bad_13.png,bad_13.png,anomaly,True,0.3154504895210266,0.3154504895210266,0.04761727861349719,0.04761727861349719,0.037343646213412296,False,False,16000,False,,False,0.0,cpu,patch_nearest_normal,last2,14,0.05,False,,,8.67350900080055e-05,0.00010775983100752,False,True,True,False
2026-08-16 20:26:29,adapter_ctta,wood,monitor,C:/cira_batch_test/wood/bad_2.png,bad_2.png,anomaly,True,0.27588674426078796,0.27588674426078796,0.04761727861349719,0.04761727861349719,0.037343646213412296,False,False,16000,False,,False,0.0,cpu,patch_nearest_normal,last2,14,0.05,False,,,0.00010454416769789532,0.00010775983100752,False,True,True,False
2026-08-16 20:26:31,adapter_ctta,wood,monitor,C:/cira_batch_test/wood/good_6.png,good_6.png,normal,False,0.023240257054567337,0.023203860968351364,0.04761727861349719,0.04761727861349719,0.037343646213412296,False,False,16000,True,7.718519918853417e-05,True,0.0027400122489780188,cpu,patch_nearest_normal,last2,14,0.05,False,,,7.23806006135419e-05,0.00010775983100752,True,True,True,False
2026-08-16 20:26:33,adapter_ctta,wood,monitor,C:/cira_batch_test/wood/good_10.png,good_10.png,anomaly,True,0.08930021524429321,0.08930021524429321,0.04761727861349719,0.04761727861349719,0.037343646213412296,False,False,16000,False,,False,0.0,cpu,patch_nearest_normal,last2,14,0.05,False,,,0.00010976228804793209,0.00010775983100752,False,False,True,False
2026-08-16 20:26:34,adapter_ctta,wood,monitor,C:/cira_batch_test/wood/good_7.png,good_7.png,normal,False,0.02164078876376152,0.021611779928207397,0.04761727861349719,0.04761727861349719,0.037343646213412296,False,False,16000,True,9.464876347919926e-05,True,0.0027201783377677202,cpu,patch_nearest_normal,last2,14,0.05,False,,,8.49319840199314e-05,0.00010775983100752,True,True,True,False
2026-08-16 20:26:36,adapter_ctta,wood,monitor,C:/cira_batch_test/wood/bad_8.png,bad_8.png,anomaly,True,0.22135677933692932,0.22135677933692932,0.04761727861349719,0.04761727861349719,0.037343646213412296,False,False,16000,False,,False,0.0,cpu,patch_nearest_normal,last2,14,0.05,False,,,7.68888057791628e-05,0.00010775983100752,False,True,True,False
2026-08-16 20:26:38,adapter_ctta,wood,monitor,C:/cira_batch_test/wood/bad_10.png,bad_10.png,anomaly,True,0.27767476439476013,0.27767476439476013,0.04761727861349719,0.04761727861349719,0.037343646213412296,False,False,16000,False,,False,0.0,cpu,patch_nearest_normal,last2,14,0.05,False,,,8.273770072264597e-05,0.00010775983100752,False,True,True,False
2026-08-16 20:26:40,adapter_ctta,wood,monitor,C:/cira_batch_test/wood/good_4.png,good_4.png,normal,False,0.022078389301896095,0.02203701063990593,0.04761727861349719,0.04761727861349719,0.037343646213412296,False,False,16000,True,8.377399353776127e-05,True,0.0027120462618768215,cpu,patch_nearest_normal,last2,14,0.05,False,,,7.3735456680879e-05,0.00010775983100752,True,True,True,False
2026-08-16 20:26:41,adapter_ctta,wood,monitor,C:/cira_batch_test/wood/bad_5.png,bad_5.png,anomaly,True,0.24000319838523865,0.24000319838523865,0.04761727861349719,0.04761727861349719,0.037343646213412296,False,False,16000,False,,False,0.0,cpu,patch_nearest_normal,last2,14,0.05,False,,,9.417279943590984e-05,0.00010775983100752,False,True,True,False
2026-08-16 20:26:43,adapter_ctta,wood,monitor,C:/cira_batch_test/wood/good_20.png,good_20.png,normal,False,0.025576531887054443,0.025557393208146095,0.04761727861349719,0.04761727861349719,0.037343646213412296,False,False,16000,True,0.00010199815733358264,True,0.002634081756696105,cpu,patch_nearest_normal,last2,14,0.05,False,,,0.00010165444837184623,0.00010775983100752,True,True,True,False
2026-08-16 20:26:45,adapter_ctta,wood,monitor,C:/cira_batch_test/wood/good_18.png,good_18.png,normal,False,0.04048506170511246,0.04048506170511246,0.04761727861349719,0.04761727861349719,0.037343646213412296,False,False,16000,False,,False,0.0,cpu,patch_nearest_normal,last2,14,0.05,False,,,9.584498184267431e-05,0.00010775983100752,False,True,True,False
2026-08-16 20:26:46,adapter_ctta,wood,monitor,C:/cira_batch_test/wood/good_11.png,good_11.png,normal,False,0.035723727196455,0.035723727196455,0.04761727861349719,0.04761727861349719,0.037343646213412296,False,False,16000,False,,False,0.0,cpu,patch_nearest_normal,last2,14,0.05,False,,,0.00010789269435917959,0.00010775983100752,True,False,True,False
2026-08-16 20:26:48,adapter_ctta,wood,monitor,C:/cira_batch_test/wood/good_9.png,good_9.png,anomaly,True,0.05478919297456741,0.05478919297456741,0.04761727861349719,0.04761727861349719,0.037343646213412296,False,False,16000,False,,False,0.0,cpu,patch_nearest_normal,last2,14,0.05,False,,,0.00011657576396828517,0.00010775983100752,False,False,True,False
2026-08-16 20:26:50,adapter_ctta,wood,monitor,C:/cira_batch_test/wood/good_16.png,good_16.png,normal,False,0.036995917558670044,0.03701729327440262,0.04761727861349719,0.04761727861349719,0.037343646213412296,False,False,16000,True,0.0001122729736380279,True,0.0025954919401556253,cpu,patch_nearest_normal,last2,14,0.05,False,,,0.00010406257933937013,0.00010775983100752,True,True,True,False
2026-08-16 20:26:52,adapter_ctta,wood,monitor,C:/cira_batch_test/wood/bad_7.png,bad_7.png,anomaly,True,0.09818582981824875,0.09818582981824875,0.04761727861349719,0.04761727861349719,0.037343646213412296,False,False,16000,False,,False,0.0,cpu,patch_nearest_normal,last2,14,0.05,False,,,0.00010036977619165555,0.00010775983100752,False,True,True,False
2026-08-16 20:26:53,adapter_ctta,wood,monitor,C:/cira_batch_test/wood/good_13.png,good_13.png,anomaly,True,0.04780051112174988,0.04780051112174988,0.04761727861349719,0.04761727861349719,0.037343646213412296,False,False,16000,False,,False,0.0,cpu,patch_nearest_normal,last2,14,0.05,False,,,0.00011241895845159888,0.00010775983100752,False,False,True,False
2026-08-16 20:26:55,adapter_ctta,wood,monitor,C:/cira_batch_test/wood/good_5.png,good_5.png,normal,False,0.0220680832862854,0.02204802632331848,0.04761727861349719,0.04761727861349719,0.037343646213412296,False,False,16000,True,8.354456076631323e-05,True,0.0025771507062017918,cpu,patch_nearest_normal,last2,14,0.05,False,,,7.433426799252629e-05,0.00010775983100752,True,True,True,False
2026-08-16 20:26:57,adapter_ctta,wood,monitor,C:/cira_batch_test/wood/good_2.png,good_2.png,normal,False,0.02714947983622551,0.027140874415636063,0.04761727861349719,0.04761727861349719,0.037343646213412296,False,False,16000,True,8.938921382650733e-05,True,0.002569924108684063,cpu,patch_nearest_normal,last2,14,0.05,False,,,8.417876961175352e-05,0.00010775983100752,True,True,True,False
2026-08-16 20:26:59,adapter_ctta,wood,monitor,C:/cira_batch_test/wood/bad_6.png,bad_6.png,anomaly,True,0.2223508059978485,0.2223508059978485,0.04761727861349719,0.04761727861349719,0.037343646213412296,False,False,16000,False,,False,0.0,cpu,patch_nearest_normal,last2,14,0.05,False,,,0.00013585490523837507,0.00010775983100752,False,False,True,False
2026-08-16 20:27:00,adapter_ctta,wood,monitor,C:/cira_batch_test/wood/bad_14.png,bad_14.png,anomaly,True,0.23955576121807098,0.23955576121807098,0.04761727861349719,0.04761727861349719,0.037343646213412296,False,False,16000,False,,False,0.0,cpu,patch_nearest_normal,last2,14,0.05,False,,,8.34964303066954e-05,0.00010775983100752,False,True,True,False
2026-08-16 20:27:02,adapter_ctta,wood,monitor,C:/cira_batch_test/wood/good_3.png,good_3.png,normal,False,0.02424183487892151,0.024234414100646973,0.04761727861349719,0.04761727861349719,0.037343646213412296,False,False,16000,True,8.663944754516706e-05,True,0.0025671771727502346,cpu,patch_nearest_normal,last2,14,0.05,False,,,7.750790246063843e-05,0.00010775983100752,True,True,True,False
2026-08-16 20:27:04,adapter_ctta,wood,monitor,C:/cira_batch_test/wood/bad_4.png,bad_4.png,anomaly,True,0.3488590121269226,0.3488590121269226,0.04761727861349719,0.04761727861349719,0.037343646213412296,False,False,16000,False,,False,0.0,cpu,patch_nearest_normal,last2,14,0.05,False,,,8.083330612862483e-05,0.00010775983100752,False,True,True,False
2026-08-16 20:27:05,adapter_ctta,wood,monitor,C:/cira_batch_test/wood/bad_15.png,bad_15.png,anomaly,True,0.2146560251712799,0.2146560251712799,0.04761727861349719,0.04761727861349719,0.037343646213412296,False,False,16000,False,,False,0.0,cpu,patch_nearest_normal,last2,14,0.05,False,,,0.00010586252756183967,0.00010775983100752,False,True,True,False
2026-08-16 20:27:07,adapter_ctta,wood,monitor,C:/cira_batch_test/wood/good_8.png,good_8.png,anomaly,True,0.04812226444482803,0.04812226444482803,0.04761727861349719,0.04761727861349719,0.037343646213412296,False,False,16000,False,,False,0.0,cpu,patch_nearest_normal,last2,14,0.05,False,,,0.0001323595060966909,0.00010775983100752,False,False,True,False
2026-08-16 20:27:09,adapter_ctta,wood,monitor,C:/cira_batch_test/wood/bad_3.png,bad_3.png,anomaly,True,0.2534244656562805,0.2534244656562805,0.04761727861349719,0.04761727861349719,0.037343646213412296,False,False,16000,False,,False,0.0,cpu,patch_nearest_normal,last2,14,0.05,False,,,0.0001374628918711096,0.00010775983100752,False,False,True,False
2026-08-16 20:27:10,adapter_ctta,wood,monitor,C:/cira_batch_test/wood/bad_11.png,bad_11.png,anomaly,True,0.08580993115901947,0.08580993115901947,0.04761727861349719,0.04761727861349719,0.037343646213412296,False,False,16000,False,,False,0.0,cpu,patch_nearest_normal,last2,14,0.05,False,,,7.04485282767564e-05,0.00010775983100752,False,True,True,False
2026-08-16 20:27:12,adapter_ctta,wood,monitor,C:/cira_batch_test/wood/good_19.png,good_19.png,anomaly,True,0.051737554371356964,0.051737554371356964,0.04761727861349719,0.04761727861349719,0.037343646213412296,False,False,16000,False,,False,0.0,cpu,patch_nearest_normal,last2,14,0.05,False,,,9.67522501014173e-05,0.00010775983100752,False,True,True,False
2026-08-16 20:27:14,adapter_ctta,wood,monitor,C:/cira_batch_test/wood/good_12.png,good_12.png,normal,False,0.038572460412979126,0.038572460412979126,0.04761727861349719,0.04761727861349719,0.037343646213412296,False,False,16000,False,,False,0.0,cpu,patch_nearest_normal,last2,14,0.05,False,,,0.0001021866628434509,0.00010775983100752,False,True,True,False
2026-08-16 20:27:15,adapter_ctta,wood,monitor,C:/cira_batch_test/wood/good_15.png,good_15.png,anomaly,True,0.05201033875346184,0.05201033875346184,0.04761727861349719,0.04761727861349719,0.037343646213412296,False,False,16000,False,,False,0.0,cpu,patch_nearest_normal,last2,14,0.05,False,,,9.612960275262594e-05,0.00010775983100752,False,True,True,False
2026-08-16 20:27:17,adapter_ctta,wood,monitor,C:/cira_batch_test/wood/bad_17.png,bad_17.png,anomaly,True,0.36520472168922424,0.36520472168922424,0.04761727861349719,0.04761727861349719,0.037343646213412296,False,False,16000,False,,False,0.0,cpu,patch_nearest_normal,last2,14,0.05,False,,,0.00010831249528564513,0.00010775983100752,False,False,True,False
2026-08-16 20:27:19,adapter_ctta,wood,monitor,C:/cira_batch_test/wood/bad_19.png,bad_19.png,anomaly,True,0.21841272711753845,0.21841272711753845,0.04761727861349719,0.04761727861349719,0.037343646213412296,False,False,16000,False,,False,0.0,cpu,patch_nearest_normal,last2,14,0.05,False,,,9.34516720008105e-05,0.00010775983100752,False,True,True,False
2026-08-16 20:27:20,adapter_ctta,wood,monitor,C:/cira_batch_test/wood/bad_1.png,bad_1.png,anomaly,True,0.348403662443161,0.348403662443161,0.04761727861349719,0.04761727861349719,0.037343646213412296,False,False,16000,False,,False,0.0,cpu,patch_nearest_normal,last2,14,0.05,False,,,8.850109588820487e-05,0.00010775983100752,False,True,True,False
2026-08-16 20:27:22,adapter_ctta,wood,monitor,C:/cira_batch_test/wood/good_14.png,good_14.png,anomaly,True,0.048357389867305756,0.048357389867305756,0.04761727861349719,0.04761727861349719,0.037343646213412296,False,False,16000,False,,False,0.0,cpu,patch_nearest_normal,last2,14,0.05,False,,,0.0001077161796274595,0.00010775983100752,False,True,True,False
2026-08-16 20:27:24,adapter_ctta,zipper,monitor,C:/cira_batch_test/zipper/good_1.png,good_1.png,normal,False,0.02195020392537117,0.021908557042479515,0.026937197228883013,0.026937197228883013,0.026275477930903436,False,False,16000,True,0.00012013888044748455,True,0.0029716226272284985,cpu,patch_nearest_normal,last2,14,0.05,False,,,0.00010534015018492937,0.00012004206546407001,True,True,True,False
2026-08-16 20:27:25,adapter_ctta,zipper,monitor,C:/cira_batch_test/zipper/bad_16.png,bad_16.png,anomaly,True,0.04841744154691696,0.04841744154691696,0.026937197228883013,0.026937197228883013,0.026275477930903436,False,False,16000,False,,False,0.0,cpu,patch_nearest_normal,last2,14,0.05,False,,,0.00011734924919437617,0.00012004206546407001,False,True,True,False
2026-08-16 20:27:27,adapter_ctta,zipper,monitor,C:/cira_batch_test/zipper/bad_20.png,bad_20.png,anomaly,True,0.04692215472459793,0.04692215472459793,0.026937197228883013,0.026937197228883013,0.026275477930903436,False,False,16000,False,,False,0.0,cpu,patch_nearest_normal,last2,14,0.05,False,,,0.00010460316843818873,0.00012004206546407001,False,True,True,False
2026-08-16 20:27:29,adapter_ctta,zipper,monitor,C:/cira_batch_test/zipper/bad_12.png,bad_12.png,normal,False,0.024093663319945335,0.02407888136804104,0.026937197228883013,0.026937197228883013,0.026275477930903436,False,False,16000,True,0.00010808950173668563,True,0.002747718244791031,cpu,patch_nearest_normal,last2,14,0.05,False,,,9.969364327844232e-05,0.00012004206546407001,True,True,True,False
2026-08-16 20:27:31,adapter_ctta,zipper,monitor,C:/cira_batch_test/zipper/good_17.png,good_17.png,normal,False,0.02263069711625576,0.02262372337281704,0.026937197228883013,0.026937197228883013,0.026275477930903436,False,False,16000,True,0.00011452961916802451,True,0.002691088942810893,cpu,patch_nearest_normal,last2,14,0.05,False,,,0.0001136743085226044,0.00012004206546407001,True,True,True,False
2026-08-16 20:27:32,adapter_ctta,zipper,monitor,C:/cira_batch_test/zipper/bad_9.png,bad_9.png,anomaly,True,0.13966059684753418,0.13966059684753418,0.026937197228883013,0.026937197228883013,0.026275477930903436,False,False,16000,False,,False,0.0,cpu,patch_nearest_normal,last2,14,0.05,False,,,0.00010811456013470888,0.00012004206546407001,False,True,True,False
2026-08-16 20:27:34,adapter_ctta,zipper,monitor,C:/cira_batch_test/zipper/bad_18.png,bad_18.png,anomaly,True,0.07061948627233505,0.07061948627233505,0.026937197228883013,0.026937197228883013,0.026275477930903436,False,False,16000,False,,False,0.0,cpu,patch_nearest_normal,last2,14,0.05,False,,,0.00010851770639419556,0.00012004206546407001,False,True,True,False
2026-08-16 20:27:35,adapter_ctta,zipper,monitor,C:/cira_batch_test/zipper/bad_13.png,bad_13.png,anomaly,True,0.04000158980488777,0.04000158980488777,0.026937197228883013,0.026937197228883013,0.026275477930903436,False,False,16000,False,,False,0.0,cpu,patch_nearest_normal,last2,14,0.05,False,,,0.00011243260814808309,0.00012004206546407001,False,True,True,False
2026-08-16 20:27:37,adapter_ctta,zipper,monitor,C:/cira_batch_test/zipper/bad_2.png,bad_2.png,anomaly,True,0.04655046388506889,0.04655046388506889,0.026937197228883013,0.026937197228883013,0.026275477930903436,False,False,16000,False,,False,0.0,cpu,patch_nearest_normal,last2,14,0.05,False,,,0.00012652894656639546,0.00012004206546407001,False,False,True,False
2026-08-16 20:27:39,adapter_ctta,zipper,monitor,C:/cira_batch_test/zipper/good_6.png,good_6.png,normal,False,0.02230268158018589,0.02228783443570137,0.026937197228883013,0.026937197228883013,0.026275477930903436,False,False,16000,True,0.00011979809642070904,True,0.0026709542144089937,cpu,patch_nearest_normal,last2,14,0.05,False,,,0.00010722041042754427,0.00012004206546407001,True,True,True,False
2026-08-16 20:27:41,adapter_ctta,zipper,monitor,C:/cira_batch_test/zipper/good_10.png,good_10.png,normal,False,0.023196374997496605,0.02320355735719204,0.026937197228883013,0.026937197228883013,0.026275477930903436,False,False,16000,True,0.00011616008850978687,True,0.0026588167529553175,cpu,patch_nearest_normal,last2,14,0.05,False,,,0.00010580854723230004,0.00012004206546407001,True,True,True,False
2026-08-16 20:27:42,adapter_ctta,zipper,monitor,C:/cira_batch_test/zipper/good_7.png,good_7.png,normal,False,0.02100198343396187,0.020996904000639915,0.026937197228883013,0.026937197228883013,0.026275477930903436,False,False,16000,True,0.0001145272544817999,True,0.002658260054886341,cpu,patch_nearest_normal,last2,14,0.05,False,,,0.00011056044604629278,0.00012004206546407001,True,True,True,False
2026-08-16 20:27:44,adapter_ctta,zipper,monitor,C:/cira_batch_test/zipper/bad_8.png,bad_8.png,anomaly,True,0.14906875789165497,0.14906875789165497,0.026937197228883013,0.026937197228883013,0.026275477930903436,False,False,16000,False,,False,0.0,cpu,patch_nearest_normal,last2,14,0.05,False,,,0.00012367537419777364,0.00012004206546407001,False,False,True,False
2026-08-16 20:27:46,adapter_ctta,zipper,monitor,C:/cira_batch_test/zipper/bad_10.png,bad_10.png,normal,False,0.02479582466185093,0.024780016392469406,0.026937197228883013,0.026937197228883013,0.026275477930903436,False,False,16000,True,0.00012044426694046706,True,0.002643596613779664,cpu,patch_nearest_normal,last2,14,0.05,False,,,0.00010982864478137344,0.00012004206546407001,True,True,True,False
2026-08-16 20:27:47,adapter_ctta,zipper,monitor,C:/cira_batch_test/zipper/good_4.png,good_4.png,normal,False,0.02692633867263794,0.02692633867263794,0.026937197228883013,0.026937197228883013,0.026275477930903436,False,False,16000,False,,False,0.0,cpu,patch_nearest_normal,last2,14,0.05,False,,,0.00010420254693599418,0.00012004206546407001,False,True,True,False
2026-08-16 20:27:49,adapter_ctta,zipper,monitor,C:/cira_batch_test/zipper/bad_5.png,bad_5.png,anomaly,True,0.04050256684422493,0.04050256684422493,0.026937197228883013,0.026937197228883013,0.026275477930903436,False,False,16000,False,,False,0.0,cpu,patch_nearest_normal,last2,14,0.05,False,,,0.00011575721873668954,0.00012004206546407001,False,True,True,False
2026-08-16 20:27:51,adapter_ctta,zipper,monitor,C:/cira_batch_test/zipper/good_20.png,good_20.png,normal,False,0.02129296585917473,0.02131020464003086,0.026937197228883013,0.026937197228883013,0.026275477930903436,False,False,16000,True,0.00011605734471231699,True,0.002641973551362753,cpu,patch_nearest_normal,last2,14,0.05,False,,,0.00010670945630408823,0.00012004206546407001,True,True,True,False
2026-08-16 20:27:52,adapter_ctta,zipper,monitor,C:/cira_batch_test/zipper/good_18.png,good_18.png,normal,False,0.018835533410310745,0.018873412162065506,0.026937197228883013,0.026937197228883013,0.026275477930903436,False,False,16000,True,0.00011754917068174109,True,0.0026399109046906233,cpu,patch_nearest_normal,last2,14,0.05,False,,,0.0001181191109935753,0.00012004206546407001,True,True,True,False
2026-08-16 20:27:54,adapter_ctta,zipper,monitor,C:/cira_batch_test/zipper/good_11.png,good_11.png,normal,False,0.019941026344895363,0.019965797662734985,0.026937197228883013,0.026937197228883013,0.026275477930903436,False,False,16000,True,0.00011400647053960711,True,0.002637092024087906,cpu,patch_nearest_normal,last2,14,0.05,True,C:\cira_ttl_checkpoints\zipper\patch_memory_bank_update_10.pt,C:\cira_ttl_checkpoints\zipper\patch_adapter_update_10.pt,0.00010371093958383426,0.00012004206546407001,True,True,True,False
2026-08-16 20:27:56,adapter_ctta,zipper,monitor,C:/cira_batch_test/zipper/good_9.png,good_9.png,normal,False,0.022259021177887917,0.022279273718595505,0.026937197228883013,0.026937197228883013,0.026275477930903436,False,False,16000,True,0.000117122930532787,True,0.002634831704199314,cpu,patch_nearest_normal,last2,14,0.05,False,,,0.00010713007213780656,0.00012004206546407001,True,True,True,False
2026-08-16 20:27:58,adapter_ctta,zipper,monitor,C:/cira_batch_test/zipper/good_16.png,good_16.png,normal,False,0.024309366941452026,0.024309366941452026,0.026937197228883013,0.026937197228883013,0.026275477930903436,False,False,16000,False,,False,0.0,cpu,patch_nearest_normal,last2,14,0.05,False,,,0.00012085410708095878,0.00012004206546407001,True,False,True,False
2026-08-16 20:27:59,adapter_ctta,zipper,monitor,C:/cira_batch_test/zipper/bad_7.png,bad_7.png,anomaly,True,0.08813067525625229,0.08813067525625229,0.026937197228883013,0.026937197228883013,0.026275477930903436,False,False,16000,False,,False,0.0,cpu,patch_nearest_normal,last2,14,0.05,False,,,0.00010325664334231988,0.00012004206546407001,False,True,True,False
2026-08-16 20:28:01,adapter_ctta,zipper,monitor,C:/cira_batch_test/zipper/good_13.png,good_13.png,normal,False,0.02446378394961357,0.024495292454957962,0.026937197228883013,0.026937197228883013,0.026275477930903436,False,False,16000,True,0.00011370534775778651,True,0.0026274302508682013,cpu,patch_nearest_normal,last2,14,0.05,False,,,0.00010198533709626645,0.00012004206546407001,True,True,True,False
2026-08-16 20:28:03,adapter_ctta,zipper,monitor,C:/cira_batch_test/zipper/good_5.png,good_5.png,anomaly,True,0.027447205036878586,0.027447205036878586,0.026937197228883013,0.026937197228883013,0.026275477930903436,False,False,16000,False,,False,0.0,cpu,patch_nearest_normal,last2,14,0.05,False,,,0.00010142221435671672,0.00012004206546407001,False,True,True,False
2026-08-16 20:28:04,adapter_ctta,zipper,monitor,C:/cira_batch_test/zipper/good_2.png,good_2.png,anomaly,True,0.028246307745575905,0.028246307745575905,0.026937197228883013,0.026937197228883013,0.026275477930903436,False,False,16000,False,,False,0.0,cpu,patch_nearest_normal,last2,14,0.05,False,,,0.00010159290832234547,0.00012004206546407001,False,True,True,False
2026-08-16 20:28:06,adapter_ctta,zipper,monitor,C:/cira_batch_test/zipper/bad_6.png,bad_6.png,anomaly,True,0.08087383210659027,0.08087383210659027,0.026937197228883013,0.026937197228883013,0.026275477930903436,False,False,16000,False,,False,0.0,cpu,patch_nearest_normal,last2,14,0.05,False,,,0.00010856367589440197,0.00012004206546407001,False,True,True,False
2026-08-16 20:28:07,adapter_ctta,zipper,monitor,C:/cira_batch_test/zipper/bad_14.png,bad_14.png,anomaly,True,0.04680239036679268,0.04680239036679268,0.026937197228883013,0.026937197228883013,0.026275477930903436,False,False,16000,False,,False,0.0,cpu,patch_nearest_normal,last2,14,0.05,False,,,0.00011074086796725169,0.00012004206546407001,False,True,True,False
2026-08-16 20:28:09,adapter_ctta,zipper,monitor,C:/cira_batch_test/zipper/good_3.png,good_3.png,normal,False,0.02352912351489067,0.02359345555305481,0.026937197228883013,0.026937197228883013,0.026275477930903436,False,False,16000,True,0.00011321007332298905,True,0.0026196821127086878,cpu,patch_nearest_normal,last2,14,0.05,False,,,9.927653445629403e-05,0.00012004206546407001,True,True,True,False
2026-08-16 20:28:11,adapter_ctta,zipper,monitor,C:/cira_batch_test/zipper/bad_4.png,bad_4.png,anomaly,True,0.1000358909368515,0.1000358909368515,0.026937197228883013,0.026937197228883013,0.026275477930903436,False,False,16000,False,,False,0.0,cpu,patch_nearest_normal,last2,14,0.05,False,,,0.00011661645112326369,0.00012004206546407001,False,True,True,False
2026-08-16 20:28:12,adapter_ctta,zipper,monitor,C:/cira_batch_test/zipper/bad_15.png,bad_15.png,anomaly,True,0.07000678777694702,0.07000678777694702,0.026937197228883013,0.026937197228883013,0.026275477930903436,False,False,16000,False,,False,0.0,cpu,patch_nearest_normal,last2,14,0.05,False,,,0.0001175708239316009,0.00012004206546407001,False,True,True,False
2026-08-16 20:28:14,adapter_ctta,zipper,monitor,C:/cira_batch_test/zipper/good_8.png,good_8.png,normal,False,0.02670954540371895,0.02670954540371895,0.026937197228883013,0.026937197228883013,0.026275477930903436,False,False,16000,False,,False,0.0,cpu,patch_nearest_normal,last2,14,0.05,False,,,0.00011493387864902616,0.00012004206546407001,False,True,True,False
2026-08-16 20:28:16,adapter_ctta,zipper,monitor,C:/cira_batch_test/zipper/bad_3.png,bad_3.png,anomaly,True,0.029271960258483887,0.029271960258483887,0.026937197228883013,0.026937197228883013,0.026275477930903436,False,False,16000,False,,False,0.0,cpu,patch_nearest_normal,last2,14,0.05,False,,,0.00012001319555565715,0.00012004206546407001,False,True,True,False
2026-08-16 20:28:17,adapter_ctta,zipper,monitor,C:/cira_batch_test/zipper/bad_11.png,bad_11.png,anomaly,True,0.036126963794231415,0.036126963794231415,0.026937197228883013,0.026937197228883013,0.026275477930903436,False,False,16000,False,,False,0.0,cpu,patch_nearest_normal,last2,14,0.05,False,,,0.00010484748054295778,0.00012004206546407001,False,True,True,False
2026-08-16 20:28:19,adapter_ctta,zipper,monitor,C:/cira_batch_test/zipper/good_19.png,good_19.png,normal,False,0.023591017350554466,0.023635387420654297,0.026937197228883013,0.026937197228883013,0.026275477930903436,False,False,16000,True,0.00011812375305453315,True,0.0026126124430447817,cpu,patch_nearest_normal,last2,14,0.05,False,,,0.00010929832933470607,0.00012004206546407001,True,True,True,False
2026-08-16 20:28:21,adapter_ctta,zipper,monitor,C:/cira_batch_test/zipper/good_12.png,good_12.png,normal,False,0.02312755025923252,0.02316541038453579,0.026937197228883013,0.026937197228883013,0.026275477930903436,False,False,16000,True,0.00011135225940961391,True,0.002606932772323489,cpu,patch_nearest_normal,last2,14,0.05,False,,,0.00010165600542677566,0.00012004206546407001,True,True,True,False
2026-08-16 20:28:23,adapter_ctta,zipper,monitor,C:/cira_batch_test/zipper/good_15.png,good_15.png,normal,False,0.02054615691304207,0.020608950406312943,0.026937197228883013,0.026937197228883013,0.026275477930903436,False,False,16000,True,0.00012145093933213502,True,0.0026157686952501535,cpu,patch_nearest_normal,last2,14,0.05,False,,,0.00010935983300441876,0.00012004206546407001,True,True,True,False
2026-08-16 20:28:24,adapter_ctta,zipper,monitor,C:/cira_batch_test/zipper/bad_17.png,bad_17.png,anomaly,True,0.05479259416460991,0.05479259416460991,0.026937197228883013,0.026937197228883013,0.026275477930903436,False,False,16000,False,,False,0.0,cpu,patch_nearest_normal,last2,14,0.05,False,,,0.00011755299783544615,0.00012004206546407001,False,True,True,False
2026-08-16 20:28:26,adapter_ctta,zipper,monitor,C:/cira_batch_test/zipper/bad_19.png,bad_19.png,anomaly,True,0.054222654551267624,0.054222654551267624,0.026937197228883013,0.026937197228883013,0.026275477930903436,False,False,16000,False,,False,0.0,cpu,patch_nearest_normal,last2,14,0.05,False,,,0.00012324785348027945,0.00012004206546407001,False,False,True,False
2026-08-16 20:28:27,adapter_ctta,zipper,monitor,C:/cira_batch_test/zipper/bad_1.png,bad_1.png,anomaly,True,0.032506875693798065,0.032506875693798065,0.026937197228883013,0.026937197228883013,0.026275477930903436,False,False,16000,False,,False,0.0,cpu,patch_nearest_normal,last2,14,0.05,False,,,0.00012021309521514922,0.00012004206546407001,False,False,True,False
2026-08-16 20:28:29,adapter_ctta,zipper,monitor,C:/cira_batch_test/zipper/good_14.png,good_14.png,normal,False,0.021391022950410843,0.021441061049699783,0.026937197228883013,0.026937197228883013,0.026275477930903436,False,False,16000,True,0.00011157439439557493,True,0.0026161223649978638,cpu,patch_nearest_normal,last2,14,0.05,False,,,0.00010330899385735393,0.00012004206546407001,True,True,True,False
